DateTime,bum_af,bum_fb,bum_qd,bum_qu
1990-01-01,14931.00,3409.29,309.00,117.43
1990-01-02,14534.13,3408.86,305.00,104.91
1990-01-03,14165.00,3408.45,301.00,114.90
1990-01-04,13814.00,3408.06,301.00,124.04
1990-01-05,13526.00,3407.74,297.00,151.80
1990-01-06,13382.00,3407.58,297.00,224.40
1990-01-07,13841.00,3408.09,309.00,540.41
1990-01-08,14291.00,3408.59,309.00,535.88
1990-01-09,17620.00,3412.07,345.00,2023.37
1990-01-10,19931.03,3414.31,363.00,1528.14
1990-01-11,20770.00,3415.10,363.00,785.98
1990-01-12,21200.00,3415.50,363.00,579.79
1990-01-13,21310.00,3415.60,363.00,418.46
1990-01-14,21450.00,3415.73,363.00,433.58
1990-01-15,21408.97,3415.69,359.00,338.32
1990-01-16,21266.00,3415.56,359.00,286.92
1990-01-17,21057.19,3415.37,359.00,253.72
1990-01-18,20802.81,3415.13,354.00,225.75
1990-01-19,20537.95,3414.88,350.00,216.46
1990-01-20,20240.00,3414.60,350.00,199.79
1990-01-21,19920.00,3414.30,345.00,183.67
1990-01-22,19799.97,3414.19,262.00,201.49
1990-01-23,19500.00,3413.90,354.00,202.76
1990-01-24,19278.97,3413.69,265.00,153.57
1990-01-25,18990.00,3413.41,354.00,208.31
1990-01-26,18650.00,3413.08,350.00,178.58
1990-01-27,18360.00,3412.80,345.00,198.79
1990-01-28,18170.03,3412.61,345.00,249.22
1990-01-29,17850.00,3412.30,341.00,179.65
1990-01-30,17532.00,3411.98,341.00,180.67
1990-01-31,17229.93,3411.67,337.00,184.70
1990-02-01,16920.15,3411.36,333.00,176.82
1990-02-02,16560.00,3411.00,333.00,151.43
1990-02-03,16209.85,3410.64,329.00,152.47
1990-02-04,15860.00,3410.27,325.00,148.62
1990-02-05,15546.00,3409.94,321.00,162.69
1990-02-06,15210.00,3409.58,317.00,147.60
1990-02-07,14904.00,3409.26,317.00,162.72
1990-02-08,14534.13,3408.86,313.00,126.52
1990-02-09,14273.00,3408.57,309.00,177.35
1990-02-10,14156.00,3408.44,313.00,254.01
1990-02-11,14057.07,3408.33,309.00,259.12
1990-02-12,13912.93,3408.17,305.00,232.33
1990-02-13,13706.00,3407.94,305.00,200.67
1990-02-14,13480.98,3407.69,301.00,187.55
1990-02-15,13283.00,3407.47,301.00,201.19
1990-02-16,13040.98,3407.19,297.00,174.98
1990-02-17,12763.96,3406.88,293.00,153.34
1990-02-18,12464.00,3406.53,289.00,137.77
1990-02-19,12163.96,3406.18,289.00,137.73
1990-02-20,11930.00,3405.90,285.00,167.04
1990-02-21,11653.00,3405.57,281.00,141.35
1990-02-22,11356.00,3405.22,281.00,131.26
1990-02-23,11073.96,3404.88,277.00,134.81
1990-02-24,10802.00,3404.54,273.00,135.89
1990-02-25,10528.00,3404.21,269.00,130.86
1990-02-26,10263.96,3403.88,265.00,131.88
1990-02-27,10128.00,3403.71,183.00,114.45
1990-02-28,10111.98,3403.69,138.00,129.92
1990-03-01,10087.92,3403.66,138.00,125.87
1990-03-02,10063.86,3403.63,138.00,125.87
1990-03-03,10040.00,3403.60,138.00,125.97
1990-03-04,10040.00,3403.60,138.00,138.00
1990-03-05,10024.00,3403.58,138.00,129.93
1990-03-06,10016.00,3403.57,138.00,133.97
1990-03-07,10024.00,3403.58,113.00,117.03
1990-03-08,10103.96,3403.68,100.00,140.31
1990-03-09,10192.00,3403.79,100.00,144.39
1990-03-10,10248.12,3403.86,102.00,130.29
1990-03-11,10280.00,3403.90,102.00,118.07
1990-03-12,10304.00,3403.93,102.00,114.10
1990-03-13,10344.00,3403.98,102.00,122.17
1990-03-14,10360.00,3404.00,102.00,110.07
1990-03-15,10400.00,3404.05,102.00,122.17
1990-03-16,10416.00,3404.07,102.00,110.07
1990-03-17,10440.00,3404.10,102.00,114.10
1990-03-18,10479.90,3404.15,102.00,122.12
1990-03-19,10544.00,3404.23,102.00,134.32
1990-03-20,10645.11,3404.35,104.00,154.98
1990-03-21,10770.00,3404.50,104.00,166.97
1990-03-22,10913.96,3404.68,104.00,176.58
1990-03-23,11073.96,3404.88,106.00,186.67
1990-03-24,11244.00,3405.08,106.00,191.73
1990-03-25,11372.00,3405.24,106.00,170.53
1990-03-26,11491.96,3405.38,106.00,166.48
1990-03-27,11626.00,3405.54,106.00,173.58
1990-03-28,11751.98,3405.69,106.00,169.52
1990-03-29,11894.13,3405.86,108.00,179.67
1990-03-30,12073.00,3406.07,108.00,198.18
1990-03-31,12310.10,3406.35,111.00,230.54
1990-04-01,12637.00,3406.73,115.00,279.81
1990-04-02,13122.00,3407.28,117.00,361.52
1990-04-03,13715.00,3407.95,120.00,418.97
1990-04-04,14326.85,3408.63,125.00,433.47
1990-04-05,15000.15,3409.36,128.00,467.46
1990-04-06,15753.91,3410.16,133.00,513.02
1990-04-07,16610.00,3411.05,138.00,569.61
1990-04-08,17505.00,3411.95,143.00,594.23
1990-04-09,18280.00,3412.72,143.00,533.73
1990-04-10,18959.95,3413.38,145.00,487.81
1990-04-11,19633.00,3414.03,145.00,484.33
1990-04-12,20384.00,3414.74,150.00,528.63
1990-04-13,21156.00,3415.46,150.00,539.22
1990-04-14,22268.00,3416.48,155.00,715.63
1990-04-15,23716.00,3417.78,160.00,890.03
1990-04-16,25062.00,3418.96,333.00,1011.61
1990-04-17,25547.95,3419.38,869.00,1114.00
1990-04-18,25232.03,3419.11,1098.00,938.73
1990-04-19,24796.00,3418.73,1098.00,878.17
1990-04-20,24519.00,3418.49,938.00,798.35
1990-04-21,24420.00,3418.40,834.00,784.09
1990-04-22,24376.16,3418.36,834.00,811.90
1990-04-23,24343.08,3418.33,834.00,817.32
1990-04-24,24080.00,3418.10,827.00,694.36
1990-04-25,23838.97,3417.89,827.00,705.48
1990-04-26,23334.00,3417.44,820.00,565.41
1990-04-27,22807.00,3416.97,806.00,540.30
1990-04-28,22147.19,3416.37,799.00,466.34
1990-04-29,21440.00,3415.72,792.00,435.46
1990-04-30,20693.00,3415.03,778.00,401.39
1990-05-01,19931.03,3414.31,764.00,379.84
1990-05-02,19267.95,3413.68,750.00,415.70
1990-05-03,18759.97,3413.19,743.00,486.90
1990-05-04,18493.00,3412.93,736.00,601.40
1990-05-05,18660.00,3413.09,736.00,820.20
1990-05-06,19080.00,3413.50,750.00,961.75
1990-05-07,19320.00,3413.73,624.00,745.00
1990-05-08,19688.00,3414.08,415.00,600.53
1990-05-09,20030.00,3414.40,372.00,544.43
1990-05-10,20362.00,3414.72,372.00,539.38
1990-05-11,20704.00,3415.04,372.00,544.43
1990-05-12,20980.00,3415.30,372.00,511.15
1990-05-13,21255.00,3415.55,372.00,510.65
1990-05-14,21597.19,3415.87,273.00,445.52
1990-05-15,22048.00,3416.28,206.00,433.28
1990-05-16,22510.00,3416.70,206.00,438.93
1990-05-17,22993.84,3417.14,206.00,449.94
1990-05-18,23466.00,3417.56,206.00,444.05
1990-05-19,23927.00,3417.97,206.00,438.42
1990-05-20,24530.00,3418.50,209.00,513.01
1990-05-21,25038.00,3418.94,209.00,465.12
1990-05-22,25654.00,3419.47,209.00,519.57
1990-05-23,26270.00,3420.00,213.00,523.57
1990-05-24,26800.00,3420.45,213.00,480.21
1990-05-25,27220.00,3420.80,213.00,424.75
1990-05-26,27627.82,3421.14,213.00,418.61
1990-05-27,28072.00,3421.51,216.00,439.94
1990-05-28,28718.00,3422.04,216.00,541.69
1990-05-29,29400.00,3422.60,220.00,563.84
1990-05-30,29984.00,3423.07,209.00,503.43
1990-05-31,31334.84,3424.15,160.00,841.05
1990-06-01,32147.00,3424.79,165.00,574.46
1990-06-02,32800.00,3425.30,165.00,494.22
1990-06-03,33385.00,3425.75,171.00,465.94
1990-06-04,34295.00,3426.45,345.00,803.79
1990-06-05,34295.00,3426.45,526.00,526.00
1990-06-06,34282.00,3426.44,526.00,519.45
1990-06-07,34191.22,3426.37,673.00,627.23
1990-06-08,34100.00,3426.30,764.00,718.01
1990-06-09,33970.00,3426.20,750.00,684.46
1990-06-10,33996.00,3426.22,750.00,763.11
1990-06-11,33878.78,3426.13,743.00,683.90
1990-06-12,33710.00,3426.00,617.00,531.91
1990-06-13,33710.00,3426.00,544.00,544.00
1990-06-14,33710.00,3426.00,496.00,496.00
1990-06-15,33943.94,3426.18,496.00,613.94
1990-06-16,33970.00,3426.20,652.00,665.14
1990-06-17,33762.00,3426.04,722.00,617.13
1990-06-18,33943.94,3426.18,638.00,729.73
1990-06-19,34152.13,3426.34,592.00,696.96
1990-06-20,34216.97,3426.39,757.00,789.69
1990-06-21,34113.03,3426.31,855.00,802.60
1990-06-22,34113.03,3426.31,855.00,855.00
1990-06-23,34100.00,3426.30,855.00,848.43
1990-06-24,34048.00,3426.26,848.00,821.78
1990-06-25,33891.81,3426.14,778.00,699.25
1990-06-26,33970.00,3426.20,586.00,625.42
1990-06-27,34022.00,3426.24,526.00,552.22
1990-06-28,34009.00,3426.23,520.00,513.45
1990-06-29,33943.94,3426.18,520.00,487.20
1990-06-30,33943.94,3426.18,485.00,485.00
1990-07-01,33917.87,3426.16,465.00,451.86
1990-07-02,33878.78,3426.13,470.00,450.29
1990-07-03,33697.00,3425.99,465.00,373.35
1990-07-04,33502.13,3425.84,460.00,361.75
1990-07-05,33450.00,3425.80,400.00,373.72
1990-07-06,33489.09,3425.83,354.00,373.71
1990-07-07,33476.06,3425.82,354.00,347.43
1990-07-08,33450.00,3425.80,354.00,340.86
1990-07-09,33398.00,3425.76,354.00,327.78
1990-07-10,33346.00,3425.72,354.00,327.78
1990-07-11,33280.91,3425.67,354.00,321.18
1990-07-12,33241.81,3425.64,354.00,334.29
1990-07-13,33151.00,3425.57,354.00,308.22
1990-07-14,33008.00,3425.46,354.00,281.90
1990-07-15,32748.00,3425.26,350.00,218.92
1990-07-16,32516.00,3425.08,350.00,233.03
1990-07-17,32251.22,3424.87,345.00,211.51
1990-07-18,31938.78,3424.63,345.00,187.48
1990-07-19,31676.00,3424.42,341.00,208.52
1990-07-20,31296.06,3424.12,341.00,149.45
1990-07-21,30955.16,3423.85,337.00,165.13
1990-07-22,30604.00,3423.57,337.00,159.96
1990-07-23,30205.00,3423.25,333.00,131.84
1990-07-24,29861.00,3422.97,333.00,159.57
1990-07-25,29572.00,3422.74,281.00,135.30
1990-07-26,29352.00,3422.56,248.00,137.08
1990-07-27,29160.00,3422.40,248.00,151.20
1990-07-28,28897.97,3422.19,248.00,115.89
1990-07-29,28682.00,3422.01,248.00,139.11
1990-07-30,28527.97,3421.89,248.00,170.34
1990-07-31,28312.00,3421.71,248.00,139.11
1990-08-01,28060.00,3421.50,248.00,120.95
1990-08-02,27772.00,3421.26,248.00,102.80
1990-08-03,27520.00,3421.05,248.00,120.95
1990-08-04,27280.15,3420.85,248.00,127.07
1990-08-05,27015.79,3420.63,248.00,114.72
1990-08-06,26696.16,3420.36,248.00,86.85
1990-08-07,26390.00,3420.10,248.00,93.64
1990-08-08,26160.00,3419.90,248.00,132.04
1990-08-09,25824.06,3419.62,248.00,78.63
1990-08-10,25606.00,3419.43,248.00,138.06
1990-08-11,25340.00,3419.20,244.00,109.89
1990-08-12,25074.00,3418.97,237.00,102.89
1990-08-13,24772.00,3418.71,230.00,77.74
1990-08-14,24497.00,3418.47,230.00,91.35
1990-08-15,24178.97,3418.19,227.00,66.66
1990-08-16,23894.00,3417.94,227.00,83.33
1990-08-17,23597.95,3417.68,223.00,73.74
1990-08-18,23323.00,3417.43,223.00,84.38
1990-08-19,23096.00,3417.23,220.00,105.55
1990-08-20,22884.00,3417.04,220.00,113.12
1990-08-21,22796.00,3416.96,223.00,178.63
1990-08-22,22587.00,3416.77,227.00,121.63
1990-08-23,22323.00,3416.53,223.00,89.90
1990-08-24,22070.00,3416.30,223.00,95.45
1990-08-25,21795.00,3416.05,223.00,84.35
1990-08-26,21542.05,3415.82,220.00,92.47
1990-08-27,21299.00,3415.59,220.00,97.46
1990-08-28,21035.13,3415.35,220.00,86.97
1990-08-29,20781.03,3415.11,220.00,91.89
1990-08-30,20516.16,3414.86,223.00,89.46
1990-08-31,20269.83,3414.63,227.00,102.81
1990-09-01,20007.95,3414.38,230.00,97.97
1990-09-02,19739.83,3414.13,230.00,94.82
1990-09-03,19477.95,3413.88,227.00,94.97
1990-09-04,19191.03,3413.61,227.00,82.35
1990-09-05,18940.15,3413.36,223.00,96.51
1990-09-06,18680.03,3413.11,223.00,91.86
1990-09-07,18420.15,3412.86,223.00,91.98
1990-09-08,18160.00,3412.60,220.00,88.84
1990-09-09,17894.11,3412.34,220.00,85.95
1990-09-10,17620.00,3412.07,220.00,81.80
1990-09-11,17380.05,3411.82,216.00,95.02
1990-09-12,17090.00,3411.53,216.00,69.77
1990-09-13,16810.00,3411.25,213.00,71.83
1990-09-14,16560.00,3411.00,213.00,86.96
1990-09-15,16290.00,3410.72,209.00,72.87
1990-09-16,16020.00,3410.44,209.00,72.87
1990-09-17,15771.96,3410.18,206.00,80.94
1990-09-18,15528.00,3409.92,206.00,83.01
1990-09-19,15265.87,3409.64,202.00,69.84
1990-09-20,15010.17,3409.37,202.00,73.09
1990-09-21,14751.00,3409.09,199.00,68.33
1990-09-22,14498.04,3408.82,199.00,71.47
1990-09-23,14264.00,3408.56,199.00,81.00
1990-09-24,14012.00,3408.28,195.00,67.95
1990-09-25,13787.00,3408.03,195.00,81.56
1990-09-26,13517.00,3407.73,195.00,58.87
1990-09-27,13256.00,3407.44,192.00,60.41
1990-09-28,13022.93,3407.17,192.00,74.50
1990-09-29,12771.98,3406.89,192.00,65.48
1990-09-30,12529.02,3406.61,192.00,69.51
1990-10-01,12294.06,3406.33,195.00,77.00
1990-10-02,12055.00,3406.05,192.00,71.47
1990-10-03,11911.96,3405.88,192.00,119.88
1990-10-04,11808.00,3405.76,189.00,136.59
1990-10-05,11680.00,3405.60,189.00,124.47
1990-10-06,11483.15,3405.37,186.00,86.76
1990-10-07,11291.88,3405.14,186.00,89.57
1990-10-08,11099.00,3404.91,183.00,85.75
1990-10-09,10913.96,3404.68,180.00,86.71
1990-10-10,10706.00,3404.42,180.00,75.15
1990-10-11,10520.00,3404.20,180.00,86.22
1990-10-12,10360.00,3404.00,180.00,99.33
1990-10-13,10240.10,3403.85,180.00,119.55
1990-10-14,10144.00,3403.73,180.00,131.55
1990-10-15,10208.02,3403.81,183.00,215.28
1990-10-16,10192.00,3403.79,183.00,174.92
1990-10-17,10136.00,3403.72,180.00,151.77
1990-10-18,10160.00,3403.75,180.00,192.10
1990-10-19,10103.96,3403.68,180.00,151.75
1990-10-20,10048.02,3403.61,180.00,151.80
1990-10-21,10698.00,3404.41,183.00,510.70
1990-10-22,11034.06,3404.83,183.00,352.43
1990-10-23,11162.00,3404.98,183.00,247.50
1990-10-24,11204.00,3405.03,182.00,203.18
1990-10-25,11260.00,3405.10,181.00,209.23
1990-10-26,11456.09,3405.34,180.00,278.86
1990-10-27,11518.00,3405.41,179.00,210.21
1990-10-28,11671.00,3405.59,178.00,255.14
1990-10-29,11768.00,3405.71,177.00,225.90
1990-10-30,11962.00,3405.94,178.00,275.81
1990-10-31,12091.00,3406.09,180.00,245.04
1990-11-01,12131.88,3406.14,179.00,199.61
1990-11-02,12139.90,3406.15,178.00,182.04
1990-11-03,12243.00,3406.27,177.00,228.98
1990-11-04,12789.00,3406.91,176.00,451.28
1990-11-05,13059.00,3407.21,178.00,314.13
1990-11-06,13211.98,3407.39,177.00,254.13
1990-11-07,13337.00,3407.53,176.00,239.03
1990-11-08,13471.96,3407.68,178.00,246.04
1990-11-09,14940.00,3409.30,180.00,920.14
1990-11-10,15899.02,3410.31,181.00,664.51
1990-11-11,18160.00,3412.60,189.00,1328.91
1990-11-12,18680.03,3413.11,191.00,453.18
1990-11-13,19500.00,3413.90,196.00,609.40
1990-11-14,20030.00,3414.40,195.00,462.21
1990-11-15,20030.00,3414.40,374.00,374.00
1990-11-16,19580.00,3413.98,530.00,303.12
1990-11-17,19090.00,3413.51,526.00,278.96
1990-11-18,18610.00,3413.04,522.00,280.00
1990-11-19,18030.00,3412.47,518.00,225.58
1990-11-20,17469.00,3411.91,508.00,225.16
1990-11-21,16970.00,3411.41,498.00,246.42
1990-11-22,16850.00,3411.29,506.00,445.50
1990-11-23,17160.00,3411.60,502.00,658.29
1990-11-24,23861.00,3417.91,582.00,3960.42
1990-11-25,29424.06,3422.62,685.00,3489.71
1990-11-26,30691.81,3423.64,687.00,1326.16
1990-11-27,30568.00,3423.54,909.00,846.58
1990-11-28,29598.00,3422.76,1175.00,685.96
1990-11-29,28515.94,3421.88,1154.00,608.46
1990-11-30,27315.94,3420.88,1133.00,528.00
1990-12-01,26160.00,3419.90,1111.00,528.21
1990-12-02,24832.00,3418.76,1090.00,420.47
1990-12-03,23521.03,3417.61,1069.00,408.05
1990-12-04,22345.00,3416.55,1047.00,454.09
1990-12-05,20980.00,3415.30,1018.00,329.81
1990-12-06,19688.00,3414.08,989.00,337.62
1990-12-07,18400.10,3412.84,951.00,301.68
1990-12-08,17150.00,3411.59,914.00,283.74
1990-12-09,16050.00,3410.47,885.00,330.42
1990-12-10,15365.00,3409.75,867.00,521.65
1990-12-11,14362.93,3408.67,834.00,328.79
1990-12-12,13172.08,3407.34,794.00,193.61
1990-12-13,12600.98,3406.69,518.00,230.07
1990-12-14,12591.96,3406.68,251.00,246.45
1990-12-15,12582.93,3406.67,250.00,245.45
1990-12-16,12555.87,3406.64,248.00,234.35
1990-12-17,12529.02,3406.61,243.00,229.47
1990-12-18,12496.00,3406.57,242.00,225.35
1990-12-19,12359.00,3406.41,241.00,171.93
1990-12-20,12180.00,3406.20,239.00,148.75
1990-12-21,12019.00,3406.01,234.00,152.83
1990-12-22,11903.15,3405.87,233.00,174.59
1990-12-23,11751.98,3405.69,228.00,151.78
1990-12-24,11617.00,3405.53,227.00,158.95
1990-12-25,11491.96,3405.38,222.00,158.96
1990-12-26,11348.00,3405.21,220.00,147.42
1990-12-27,11244.00,3405.08,219.00,166.57
1990-12-28,11153.00,3404.97,169.00,123.12
1990-12-29,11126.00,3404.94,143.00,129.39
1990-12-30,11099.00,3404.91,143.00,129.39
1990-12-31,11099.00,3404.91,143.00,143.00
1991-01-01,11066.14,3404.87,143.00,126.43
1991-01-02,11042.08,3404.84,140.00,127.87
1991-01-03,11002.00,3404.79,140.00,119.79
1991-01-04,10938.00,3404.71,140.00,107.73
1991-01-05,10881.88,3404.64,140.00,111.71
1991-01-06,10842.00,3404.59,140.00,119.89
1991-01-07,10842.00,3404.59,140.00,140.00
1991-01-08,10810.00,3404.55,140.00,123.87
1991-01-09,10778.00,3404.51,138.00,121.87
1991-01-10,10746.00,3404.47,138.00,121.87
1991-01-11,10762.00,3404.49,138.00,146.07
1991-01-12,11135.00,3404.95,143.00,331.05
1991-01-13,11930.00,3405.90,148.00,548.81
1991-01-14,12780.00,3406.90,150.00,578.54
1991-01-15,13660.98,3407.89,155.00,599.16
1991-01-16,14210.00,3408.50,158.00,434.80
1991-01-17,14620.00,3408.95,163.00,369.71
1991-01-18,14960.05,3409.32,165.00,336.44
1991-01-19,15239.02,3409.61,165.00,305.65
1991-01-20,15365.00,3409.75,168.00,231.51
1991-01-21,15640.00,3410.04,168.00,306.65
1991-01-22,15790.00,3410.20,168.00,243.63
1991-01-23,15944.13,3410.36,168.00,245.71
1991-01-24,16010.00,3410.43,168.00,201.21
1991-01-25,16070.00,3410.49,168.00,198.25
1991-01-26,16089.00,3410.51,168.00,177.58
1991-01-27,16107.00,3410.53,168.00,177.08
1991-01-28,16116.00,3410.54,168.00,172.54
1991-01-29,16125.00,3410.55,168.00,172.54
1991-01-30,16116.00,3410.54,168.00,163.46
1991-01-31,16116.00,3410.54,168.00,168.00
1991-02-01,16116.00,3410.54,168.00,168.00
1991-02-02,16239.93,3410.67,171.00,233.48
1991-02-03,16533.00,3410.97,177.00,324.76
1991-02-04,17260.00,3411.70,183.00,549.53
1991-02-05,18610.00,3413.04,195.00,875.63
1991-02-06,19520.00,3413.92,195.00,653.79
1991-02-07,20174.00,3414.54,195.00,524.73
1991-02-08,20650.00,3414.99,195.00,434.98
1991-02-09,21024.11,3415.34,195.00,383.61
1991-02-10,21342.81,3415.63,195.00,355.68
1991-02-11,21663.00,3415.93,195.00,356.43
1991-02-12,21948.97,3416.19,195.00,339.18
1991-02-13,22224.00,3416.44,195.00,333.66
1991-02-14,22510.00,3416.70,195.00,339.19
1991-02-15,22884.00,3417.04,199.00,387.56
1991-02-16,23312.00,3417.42,202.00,417.78
1991-02-17,23656.00,3417.73,202.00,375.43
1991-02-18,23960.00,3418.00,202.00,355.27
1991-02-19,25630.00,3419.45,220.00,1061.96
1991-02-20,28408.00,3421.79,248.00,1648.58
1991-02-21,29848.00,3422.96,244.00,970.00
1991-02-22,30854.00,3423.77,244.00,751.19
1991-02-23,31092.00,3423.96,520.00,639.99
1991-02-24,30455.00,3423.45,841.00,519.85
1991-02-25,29734.21,3422.87,827.00,463.60
1991-02-26,28922.00,3422.21,813.00,403.51
1991-02-27,28072.00,3421.51,799.00,370.46
1991-02-28,27196.00,3420.78,785.00,343.35
1991-03-01,26378.00,3420.09,771.00,358.59
1991-03-02,25654.00,3419.47,764.00,398.98
1991-03-03,24946.16,3418.86,757.00,400.13
1991-03-04,24167.95,3418.18,750.00,357.65
1991-03-05,23301.00,3417.41,729.00,291.91
1991-03-06,22422.05,3416.62,715.00,271.86
1991-03-07,21531.03,3415.81,701.00,251.77
1991-03-08,21046.16,3415.36,455.00,210.55
1991-03-09,20960.00,3415.28,274.00,230.56
1991-03-10,20846.92,3415.17,270.00,212.99
1991-03-11,20759.00,3415.09,271.00,226.67
1991-03-12,20650.00,3414.99,272.00,217.05
1991-03-13,20494.11,3414.84,269.00,190.40
1991-03-14,20319.95,3414.68,269.00,181.20
1991-03-15,20130.00,3414.50,266.00,170.23
1991-03-16,19931.03,3414.31,267.00,166.68
1991-03-17,19730.05,3414.12,264.00,162.67
1991-03-18,19530.00,3413.93,264.00,163.14
1991-03-19,19423.08,3413.83,206.00,152.09
1991-03-20,19401.03,3413.81,158.00,146.88
1991-03-21,19390.00,3413.80,158.00,152.44
1991-03-22,19370.00,3413.78,155.00,144.92
1991-03-23,19340.00,3413.75,155.00,139.87
1991-03-24,19340.00,3413.75,155.00,155.00
1991-03-25,19300.00,3413.71,155.00,134.83
1991-03-26,19256.92,3413.67,155.00,133.28
1991-03-27,19212.81,3413.63,155.00,132.76
1991-03-28,19140.00,3413.56,155.00,118.29
1991-03-29,19070.00,3413.49,155.00,119.71
1991-03-30,19010.00,3413.43,153.00,122.75
1991-03-31,18959.95,3413.38,153.00,127.77
1991-04-01,18940.15,3413.36,153.00,143.02
1991-04-02,18950.17,3413.37,153.00,158.05
1991-04-03,19010.00,3413.43,153.00,183.16
1991-04-04,19477.95,3413.88,160.00,395.92
1991-04-05,20693.00,3415.03,177.00,789.59
1991-04-06,21375.89,3415.66,174.00,518.29
1991-04-07,21839.00,3416.09,174.00,407.48
1991-04-08,22235.00,3416.45,174.00,373.65
1991-04-09,22587.00,3416.77,180.00,357.47
1991-04-10,22796.00,3416.96,180.00,285.37
1991-04-11,22950.00,3417.10,177.00,254.64
1991-04-12,23096.00,3417.23,177.00,250.61
1991-04-13,23235.13,3417.35,177.00,247.15
1991-04-14,23367.00,3417.47,177.00,243.48
1991-04-15,23521.03,3417.61,177.00,254.66
1991-04-16,23644.00,3417.72,177.00,239.00
1991-04-17,23751.03,3417.81,195.00,248.96
1991-04-18,23784.11,3417.84,213.00,229.68
1991-04-19,23861.00,3417.91,213.00,251.77
1991-04-20,23960.00,3418.00,213.00,262.91
1991-04-21,24167.95,3418.18,213.00,317.84
1991-04-22,24420.00,3418.40,258.00,385.08
1991-04-23,24760.00,3418.70,293.00,464.42
1991-04-24,25074.00,3418.97,293.00,451.31
1991-04-25,25291.88,3419.16,297.00,406.85
1991-04-26,25424.00,3419.27,297.00,363.61
1991-04-27,25515.13,3419.35,297.00,342.95
1991-04-28,25547.95,3419.38,297.00,313.54
1991-04-29,25547.95,3419.38,297.00,297.00
1991-04-30,25547.95,3419.38,297.00,297.00
1991-05-01,25582.00,3419.41,297.00,314.17
1991-05-02,25618.00,3419.44,297.00,315.15
1991-05-03,25690.00,3419.50,297.00,333.30
1991-05-04,25835.79,3419.63,293.00,366.50
1991-05-05,26052.03,3419.81,293.00,402.02
1991-05-06,26354.00,3420.07,293.00,445.24
1991-05-07,26800.00,3420.45,293.00,517.86
1991-05-08,27100.00,3420.70,390.00,541.25
1991-05-09,27063.91,3420.67,496.00,477.81
1991-05-10,26836.00,3420.48,562.00,447.09
1991-05-11,26522.00,3420.21,610.00,451.69
1991-05-12,26282.00,3420.01,604.00,483.00
1991-05-13,26282.00,3420.01,460.00,460.00
1991-05-14,26510.00,3420.20,372.00,486.95
1991-05-15,26618.00,3420.29,372.00,426.45
1991-05-16,26980.00,3420.60,372.00,554.51
1991-05-17,27280.15,3420.85,372.00,523.32
1991-05-18,27615.79,3421.13,372.00,541.22
1991-05-19,28012.00,3421.46,372.00,571.75
1991-05-20,28605.00,3421.95,377.00,675.97
1991-05-21,29328.00,3422.54,386.00,750.51
1991-05-22,30032.03,3423.11,390.00,744.95
1991-05-23,30628.00,3423.59,400.00,700.47
1991-05-24,31104.00,3423.97,455.00,694.98
1991-05-25,31373.94,3424.18,502.00,638.09
1991-05-26,31460.00,3424.25,502.00,545.39
1991-05-27,31520.00,3424.30,496.00,526.25
1991-05-28,31623.94,3424.38,496.00,548.40
1991-05-29,31792.00,3424.51,496.00,580.73
1991-05-30,31888.00,3424.59,496.00,544.40
1991-05-31,31689.00,3424.43,617.00,516.67
1991-06-01,31373.94,3424.18,757.00,598.15
1991-06-02,31257.00,3424.09,757.00,698.04
1991-06-03,31270.00,3424.10,631.00,637.55
1991-06-04,31360.90,3424.17,526.00,571.83
1991-06-05,31347.87,3424.16,526.00,519.43
1991-06-06,31585.16,3424.35,405.00,524.63
1991-06-07,32160.00,3424.80,325.00,614.82
1991-06-08,32683.00,3425.21,325.00,588.68
1991-06-09,33293.94,3425.68,325.00,633.01
1991-06-10,33904.84,3426.15,450.00,758.00
1991-06-11,33970.00,3426.20,806.00,838.85
1991-06-12,33749.00,3426.03,806.00,694.58
1991-06-13,33775.00,3426.05,532.00,545.11
1991-06-14,33840.00,3426.10,435.00,467.77
1991-06-15,33866.06,3426.12,435.00,448.14
1991-06-16,33943.94,3426.18,430.00,469.26
1991-06-17,33904.84,3426.15,430.00,410.29
1991-06-18,33917.87,3426.16,425.00,431.57
1991-06-19,34074.00,3426.28,425.00,503.72
1991-06-20,34606.97,3426.69,514.00,782.71
1991-06-21,34074.00,3426.28,962.00,693.29
1991-06-22,33502.13,3425.84,883.00,594.68
1991-06-23,33541.22,3425.87,526.00,545.71
1991-06-24,33762.00,3426.04,440.00,551.31
1991-06-25,34022.00,3426.24,415.00,546.08
1991-06-26,34126.06,3426.32,460.00,512.46
1991-06-27,34139.09,3426.33,514.00,520.57
1991-06-28,34139.09,3426.33,574.00,574.00
1991-06-29,34113.03,3426.31,624.00,610.86
1991-06-30,33904.84,3426.15,652.00,547.04
1991-07-01,33801.00,3426.07,631.00,578.65
1991-07-02,34113.03,3426.31,502.00,659.32
1991-07-03,34360.00,3426.50,598.00,722.51
1991-07-04,34113.03,3426.31,848.00,723.49
1991-07-05,33710.00,3426.00,820.00,616.80
1991-07-06,33424.00,3425.78,666.00,521.81
1991-07-07,33293.94,3425.68,502.00,436.43
1991-07-08,33450.00,3425.80,359.00,437.68
1991-07-09,33671.00,3425.97,341.00,452.42
1991-07-10,33762.00,3426.04,341.00,386.88
1991-07-11,33840.00,3426.10,341.00,380.33
1991-07-12,33917.87,3426.16,341.00,380.26
1991-07-13,33930.91,3426.17,341.00,347.57
1991-07-14,33917.87,3426.16,341.00,334.43
1991-07-15,33827.00,3426.09,337.00,291.19
1991-07-16,33710.00,3426.00,337.00,278.01
1991-07-17,33553.94,3425.88,337.00,258.32
1991-07-18,33385.00,3425.75,337.00,251.83
1991-07-19,33177.00,3425.59,333.00,228.13
1991-07-20,32943.00,3425.41,333.00,215.02
1991-07-21,32735.00,3425.25,333.00,228.13
1991-07-22,32095.00,3424.75,520.00,197.33
1991-07-23,31270.00,3424.10,598.00,182.06
1991-07-24,31056.00,3423.93,333.00,225.11
1991-07-25,30794.00,3423.72,333.00,200.91
1991-07-26,30520.00,3423.50,329.00,190.86
1991-07-27,30205.00,3423.25,329.00,170.19
1991-07-28,29900.00,3423.00,325.00,171.23
1991-07-29,29572.00,3422.74,325.00,159.63
1991-07-30,29268.00,3422.49,325.00,171.73
1991-07-31,29018.00,3422.29,321.00,194.96
1991-08-01,28592.00,3421.94,285.00,70.22
1991-08-02,28324.00,3421.72,258.00,122.88
1991-08-03,28072.00,3421.51,258.00,130.95
1991-08-04,27988.00,3421.44,258.00,215.65
1991-08-05,27580.00,3421.10,255.00,49.30
1991-08-06,27340.00,3420.90,255.00,134.00
1991-08-07,27100.00,3420.70,255.00,134.00
1991-08-08,26980.00,3420.60,255.00,194.50
1991-08-09,26606.00,3420.28,251.00,62.44
1991-08-10,26306.00,3420.03,251.00,99.75
1991-08-11,26040.00,3419.80,251.00,116.89
1991-08-12,25756.00,3419.56,248.00,104.82
1991-08-13,25460.00,3419.30,269.00,119.77
1991-08-14,25154.00,3419.04,289.00,134.72
1991-08-15,24832.00,3418.76,285.00,122.66
1991-08-16,24460.00,3418.35,285.00,97.45
1991-08-17,24056.00,3418.08,281.00,77.32
1991-08-18,23728.00,3417.79,281.00,115.63
1991-08-19,23389.00,3417.49,277.00,106.09
1991-08-20,23060.00,3417.20,277.00,111.13
1991-08-21,22718.97,3416.89,273.00,101.07
1991-08-22,22378.00,3416.58,273.00,101.09
1991-08-23,21937.95,3416.18,269.00,47.14
1991-08-24,21531.03,3415.81,269.00,63.85
1991-08-25,21167.00,3415.47,265.00,81.47
1991-08-26,20824.87,3415.15,265.00,92.51
1991-08-27,20461.03,3414.81,262.00,78.56
1991-08-28,20174.00,3414.54,262.00,117.29
1991-08-29,19898.00,3414.28,262.00,122.85
1991-08-30,19580.00,3413.98,258.00,97.67
1991-08-31,19278.97,3413.69,258.00,106.23
1991-09-01,18959.95,3413.38,255.00,94.16
1991-09-02,18515.00,3412.95,297.00,72.67
1991-09-03,17800.00,3412.25,363.00,2.52
1991-09-04,17290.00,3411.73,359.00,101.87
1991-09-05,16770.00,3411.21,350.00,87.83
1991-09-06,16249.95,3410.68,344.00,81.81
1991-09-07,15735.87,3410.14,339.00,79.82
1991-09-08,15230.00,3409.60,334.00,78.96
1991-09-09,14742.00,3409.08,329.00,82.97
1991-09-10,14255.00,3408.55,324.00,78.47
1991-09-11,13760.00,3408.00,319.00,69.44
1991-09-12,13270.00,3407.45,314.00,66.96
1991-09-13,12771.98,3406.89,305.00,53.92
1991-09-14,12310.10,3406.35,300.00,67.13
1991-09-15,11867.07,3405.83,295.00,71.64
1991-09-16,11291.88,3405.14,290.00,0.01
1991-09-17,10850.00,3404.60,281.00,58.22
1991-09-18,10416.00,3404.07,277.00,58.19
1991-09-19,10000.00,3403.55,272.00,62.27
1991-09-20,9570.00,3403.00,263.00,46.21
1991-09-21,9152.00,3402.46,259.00,48.26
1991-09-22,8760.00,3401.95,251.00,53.37
1991-09-23,8378.00,3401.44,243.00,50.41
1991-09-24,8000.00,3400.94,239.00,48.42
1991-09-25,7640.00,3400.45,231.00,49.50
1991-09-26,7290.00,3399.97,223.00,46.54
1991-09-27,6950.00,3399.50,219.00,47.58
1991-09-28,6610.00,3399.02,211.00,39.58
1991-09-29,6280.00,3398.55,203.00,36.62
1991-09-30,5960.00,3398.10,199.00,37.67
1991-10-01,5650.00,3397.65,192.00,36.00
1991-10-02,5350.00,3397.22,183.00,31.75
1991-10-03,5050.00,3396.78,176.00,24.75
1991-10-04,4790.00,3396.40,167.00,35.92
1991-10-05,4550.00,3396.05,156.00,35.00
1991-10-06,4320.00,3395.70,143.00,27.04
1991-10-07,4090.00,3395.35,135.00,19.04
1991-10-08,3900.00,3395.08,132.00,36.21
1991-10-09,3740.00,3394.83,125.00,44.33
1991-10-10,3560.00,3394.55,113.00,22.25
1991-10-11,3380.00,3394.29,106.00,15.25
1991-10-12,3240.00,3394.07,95.00,24.42
1991-10-13,3090.00,3393.85,86.00,10.37
1991-10-14,2960.00,3393.65,77.00,11.46
1991-10-15,2930.00,3393.59,68.00,52.87
1991-10-16,2840.00,3393.46,67.00,21.62
1991-10-17,2760.00,3393.34,62.00,21.67
1991-10-18,2700.00,3393.25,56.00,25.75
1991-10-19,2680.00,3393.22,52.00,41.92
1991-10-20,2670.00,3393.19,47.00,41.96
1991-10-21,2680.00,3393.22,47.00,52.04
1991-10-22,2630.00,3393.14,43.00,17.79
1991-10-23,2680.00,3393.21,41.00,66.21
1991-10-24,2720.00,3393.27,41.00,61.17
1991-10-25,2780.00,3393.36,41.00,71.25
1991-10-26,2790.00,3393.38,43.00,48.04
1991-10-27,2780.00,3393.36,46.00,40.96
1991-10-28,2720.00,3393.28,49.00,18.75
1991-10-29,2700.00,3393.25,46.00,35.92
1991-10-30,2730.00,3393.29,40.00,55.13
1991-10-31,2820.00,3393.42,39.00,84.38
1991-11-01,2840.00,3393.46,40.00,50.08
1991-11-02,2850.00,3393.47,40.00,45.04
1991-11-03,2850.00,3393.48,41.00,41.00
1991-11-04,2960.00,3393.64,43.00,98.46
1991-11-05,3200.00,3394.02,47.00,168.00
1991-11-06,3330.00,3394.21,42.00,107.54
1991-11-07,3380.00,3394.29,50.00,75.21
1991-11-08,3450.00,3394.39,47.00,82.29
1991-11-09,3540.00,3394.52,51.00,96.38
1991-11-10,3590.00,3394.60,47.00,72.21
1991-11-11,3790.00,3394.90,41.00,141.83
1991-11-12,4220.00,3395.55,46.00,262.79
1991-11-13,4530.00,3396.01,55.00,211.29
1991-11-14,4680.00,3396.23,72.00,147.63
1991-11-15,4780.00,3396.30,68.00,118.42
1991-11-16,4900.00,3396.46,55.00,115.50
1991-11-17,5130.00,3396.90,57.00,172.96
1991-11-18,5293.00,3397.13,58.00,140.18
1991-11-19,5575.00,3397.55,63.00,205.18
1991-11-20,5831.00,3397.91,94.00,223.07
1991-11-21,5933.00,3398.06,123.00,174.43
1991-11-22,5964.00,3398.11,123.00,138.63
1991-11-23,6083.00,3398.27,123.00,183.00
1991-11-24,6254.00,3398.51,123.00,209.21
1991-11-25,6860.00,3399.37,143.00,448.53
1991-11-26,7400.00,3400.12,158.00,430.25
1991-11-27,7550.00,3400.33,165.00,240.63
1991-11-28,7580.00,3400.37,171.00,186.13
1991-11-29,7600.00,3400.40,183.00,193.08
1991-11-30,7630.00,3400.43,192.00,207.13
1991-12-01,7650.00,3400.46,192.00,202.08
1991-12-02,7630.00,3400.44,163.00,152.92
1991-12-03,7580.00,3400.36,177.00,151.79
1991-12-04,7550.00,3400.32,174.00,158.87
1991-12-05,7780.00,3400.64,186.00,301.96
1991-12-06,8280.00,3401.31,202.00,454.08
1991-12-07,8500.00,3401.60,205.00,315.92
1991-12-08,8580.00,3401.71,205.00,245.33
1991-12-09,8780.00,3401.97,209.00,309.83
1991-12-10,8890.00,3402.12,209.00,264.46
1991-12-11,8940.00,3402.18,209.00,234.21
1991-12-12,8970.00,3402.22,212.00,227.13
1991-12-13,8910.00,3402.15,208.00,177.75
1991-12-14,8840.00,3402.05,205.00,169.71
1991-12-15,8720.00,3401.90,205.00,144.50
1991-12-16,8580.00,3401.71,198.00,127.42
1991-12-17,8450.00,3401.54,194.00,128.46
1991-12-18,8330.00,3401.38,194.00,133.50
1991-12-19,8170.00,3401.16,194.00,113.33
1991-12-20,8020.00,3400.96,188.00,112.37
1991-12-21,7880.00,3400.77,176.00,105.42
1991-12-22,7750.00,3400.60,173.00,107.46
1991-12-23,7660.00,3400.47,170.00,124.62
1991-12-24,7510.00,3400.27,167.00,91.37
1991-12-25,7360.00,3400.07,164.00,88.37
1991-12-26,7190.00,3399.83,162.00,76.29
1991-12-27,7060.00,3399.65,157.00,91.46
1991-12-28,6940.00,3399.48,154.00,93.50
1991-12-29,6810.00,3399.30,151.00,85.46
1991-12-30,6680.00,3399.12,146.00,80.46
1991-12-31,6570.00,3398.96,144.00,88.54
1992-01-01,6460.00,3398.82,144.00,88.54
1992-01-02,6360.00,3398.67,141.00,90.58
1992-01-03,6250.00,3398.51,136.00,80.54
1992-01-04,6190.00,3398.43,105.00,74.75
1992-01-05,6180.00,3398.42,87.00,81.96
1992-01-06,6160.00,3398.38,87.00,76.92
1992-01-07,6100.00,3398.30,85.00,54.75
1992-01-08,6100.00,3398.30,61.00,61.00
1992-01-09,6120.00,3398.33,60.00,70.08
1992-01-10,6140.00,3398.35,60.00,70.08
1992-01-11,6140.00,3398.36,60.00,60.00
1992-01-12,6150.00,3398.37,60.00,65.04
1992-01-13,6150.00,3398.37,60.00,60.00
1992-01-14,6140.00,3398.36,59.00,53.96
1992-01-15,6140.00,3398.36,59.00,59.00
1992-01-16,6220.00,3398.47,59.00,99.33
1992-01-17,6240.00,3398.50,59.00,69.08
1992-01-18,6260.00,3398.52,59.00,69.08
1992-01-19,6270.00,3398.54,59.00,64.04
1992-01-20,6280.00,3398.56,59.00,64.04
1992-01-21,6310.00,3398.60,61.00,76.13
1992-01-22,6350.00,3398.66,61.00,81.17
1992-01-23,6610.00,3399.02,64.00,195.08
1992-01-24,6970.00,3399.52,111.00,292.50
1992-01-25,7180.00,3399.81,155.00,260.88
1992-01-26,7340.00,3400.04,160.00,240.67
1992-01-27,7740.00,3400.58,165.00,366.67
1992-01-28,8740.00,3401.93,199.00,703.17
1992-01-29,9340.00,3402.70,223.00,525.50
1992-01-30,10360.00,3404.00,237.00,751.25
1992-01-31,11040.00,3404.83,241.00,583.83
1992-02-01,11450.00,3405.33,258.00,464.71
1992-02-02,11870.00,3405.83,259.00,470.75
1992-02-03,12110.00,3406.12,259.00,380.00
1992-02-04,12210.00,3406.23,260.00,310.42
1992-02-05,12220.00,3406.25,261.00,266.04
1992-02-06,12190.00,3406.21,261.00,245.87
1992-02-07,12110.00,3406.12,262.00,221.67
1992-02-08,12000.00,3405.98,262.00,206.54
1992-02-09,11880.00,3405.84,263.00,202.50
1992-02-10,11730.00,3405.66,260.00,184.37
1992-02-11,11580.00,3405.48,261.00,185.37
1992-02-12,11400.00,3405.27,258.00,167.25
1992-02-13,11220.00,3405.05,255.00,164.25
1992-02-14,11010.00,3404.80,252.00,146.12
1992-02-15,10820.00,3404.56,249.00,153.21
1992-02-16,10620.00,3404.32,247.00,146.17
1992-02-17,10440.00,3404.10,244.00,153.25
1992-02-18,10290.00,3403.91,241.00,165.37
1992-02-19,10230.00,3403.83,138.00,107.75
1992-02-20,10080.00,3403.65,212.00,136.37
1992-02-21,9370.00,3402.74,548.00,190.04
1992-02-22,8700.00,3401.87,579.00,241.21
1992-02-23,8040.00,3400.99,538.00,205.25
1992-02-24,7440.00,3400.18,514.00,211.50
1992-02-25,6870.00,3399.39,480.00,192.62
1992-02-26,6690.00,3399.13,313.00,222.25
1992-02-27,6830.00,3399.33,165.00,235.58
1992-02-28,7100.00,3399.70,125.00,261.13
1992-02-29,7390.00,3400.11,105.00,251.21
1992-03-01,7700.00,3400.53,107.00,263.29
1992-03-02,8000.00,3400.94,102.00,253.25
1992-03-03,8320.00,3401.37,96.00,257.33
1992-03-04,8420.00,3401.50,100.00,150.42
1992-03-05,8910.00,3402.15,103.00,350.04
1992-03-06,9180.00,3402.49,103.00,239.13
1992-03-07,9410.00,3402.80,105.00,220.96
1992-03-08,9650.00,3403.10,107.00,228.00
1992-03-09,9930.00,3403.46,112.00,253.17
1992-03-10,10190.00,3403.78,99.00,230.08
1992-03-11,10440.00,3404.10,92.00,218.04
1992-03-12,10740.00,3404.47,92.00,243.25
1992-03-13,11090.00,3404.90,92.00,268.46
1992-03-14,11520.00,3405.42,97.00,313.79
1992-03-15,12180.00,3406.20,106.00,438.75
1992-03-16,12960.00,3407.10,108.00,501.25
1992-03-17,13600.00,3407.83,108.00,430.67
1992-03-18,14170.00,3408.46,110.00,397.38
1992-03-19,14660.00,3408.99,111.00,358.04
1992-03-20,15040.00,3409.40,111.00,302.58
1992-03-21,15420.00,3409.81,111.00,302.58
1992-03-22,15810.00,3410.22,111.00,307.63
1992-03-23,16170.00,3410.60,111.00,292.50
1992-03-24,16530.00,3410.96,111.00,292.50
1992-03-25,16880.00,3411.32,111.00,287.46
1992-03-26,17240.00,3411.68,113.00,294.50
1992-03-27,17570.00,3412.02,113.00,279.38
1992-03-28,17890.00,3412.34,114.00,275.33
1992-03-29,18230.00,3412.67,114.00,285.42
1992-03-30,18480.00,3412.92,114.00,240.04
1992-03-31,18760.00,3413.19,114.00,255.17
1992-04-01,19200.00,3413.61,114.00,335.83
1992-04-02,19710.00,3414.10,116.00,373.13
1992-04-03,20300.00,3414.66,119.00,416.46
1992-04-04,20900.00,3415.26,121.00,423.50
1992-04-05,21520.00,3415.80,124.00,436.58
1992-04-06,22000.00,3416.23,124.00,366.00
1992-04-07,22400.00,3416.60,127.00,328.67
1992-04-08,22620.00,3416.80,129.00,239.92
1992-04-09,23030.00,3417.17,129.00,335.71
1992-04-10,23300.00,3417.42,132.00,268.13
1992-04-11,23580.00,3417.66,132.00,273.17
1992-04-12,23850.00,3417.90,132.00,268.13
1992-04-13,24160.00,3418.17,132.00,288.29
1992-04-14,24490.00,3418.46,132.00,298.38
1992-04-15,25030.00,3418.93,133.00,405.25
1992-04-16,25830.00,3419.62,133.00,536.33
1992-04-17,26740.00,3420.40,145.00,603.79
1992-04-18,27760.00,3421.25,148.00,662.25
1992-04-19,28790.00,3422.10,148.00,667.29
1992-04-20,29600.00,3422.76,148.00,556.38
1992-04-21,30270.00,3423.30,148.00,485.79
1992-04-22,30680.00,3423.63,148.00,354.71
1992-04-23,30960.00,3423.85,148.00,289.17
1992-04-24,31310.00,3424.13,148.00,324.46
1992-04-25,31710.00,3424.45,149.00,350.67
1992-04-26,32120.00,3424.77,149.00,355.71
1992-04-27,32920.00,3425.39,149.00,552.33
1992-04-28,33990.00,3426.22,151.00,690.46
1992-04-29,34780.00,3426.82,363.00,761.29
1992-04-30,34480.00,3426.59,1095.00,943.75
1992-05-01,33560.00,3425.89,1191.00,727.17
1992-05-02,32930.00,3425.40,912.00,594.37
1992-05-03,32570.00,3425.12,748.00,566.50
1992-05-04,32490.00,3425.06,678.00,637.67
1992-05-05,32820.00,3425.31,561.00,727.38
1992-05-06,33270.00,3425.66,531.00,757.88
1992-05-07,33800.00,3426.07,537.00,804.21
1992-05-08,33800.00,3426.07,686.00,686.00
1992-05-09,33450.00,3425.80,771.00,594.54
1992-05-10,32800.00,3425.30,771.00,443.29
1992-05-11,32130.00,3424.78,768.00,430.21
1992-05-12,31450.00,3424.24,765.00,422.17
1992-05-13,30940.00,3423.84,604.00,346.87
1992-05-14,31070.00,3423.94,270.00,335.54
1992-05-15,31500.00,3424.28,162.00,378.79
1992-05-16,32060.00,3424.72,118.00,400.33
1992-05-17,32600.00,3425.14,120.00,392.25
1992-05-18,33160.00,3425.58,118.00,400.33
1992-05-19,33730.00,3426.02,120.00,407.38
1992-05-20,34240.00,3426.41,121.00,378.13
1992-05-21,34730.00,3426.78,128.00,375.04
1992-05-22,35000.00,3426.98,180.00,316.13
1992-05-23,35170.00,3427.11,268.00,353.71
1992-05-24,35260.00,3427.18,348.00,393.38
1992-05-25,35170.00,3427.11,433.00,387.62
1992-05-26,35080.00,3427.04,452.00,406.62
1992-05-27,35100.00,3427.06,411.00,421.08
1992-05-28,35080.00,3427.04,386.00,375.92
1992-05-29,34920.00,3426.92,445.00,364.33
1992-05-30,34660.00,3426.73,465.00,333.92
1992-05-31,34470.00,3426.58,404.00,308.21
1992-06-01,34360.00,3426.50,371.00,315.54
1992-06-02,34320.00,3426.47,347.00,326.83
1992-06-03,34200.00,3426.38,323.00,262.50
1992-06-04,34070.00,3426.28,298.00,232.46
1992-06-05,33990.00,3426.22,278.00,237.67
1992-06-06,33890.00,3426.14,265.00,214.58
1992-06-07,33800.00,3426.07,237.00,191.62
1992-06-08,33730.00,3426.02,222.00,186.71
1992-06-09,33700.00,3425.99,222.00,206.87
1992-06-10,33630.00,3425.94,215.00,179.71
1992-06-11,33590.00,3425.91,200.00,179.83
1992-06-12,33600.00,3425.92,207.00,212.04
1992-06-13,33660.00,3425.96,206.00,236.25
1992-06-14,33630.00,3425.93,206.00,190.87
1992-06-15,33540.00,3425.87,192.00,146.62
1992-06-16,33490.00,3425.83,183.00,157.79
1992-06-17,33460.00,3425.81,179.00,163.87
1992-06-18,33400.00,3425.76,179.00,148.75
1992-06-19,33290.00,3425.68,178.00,122.54
1992-06-20,33200.00,3425.61,178.00,132.62
1992-06-21,33110.00,3425.54,175.00,129.62
1992-06-22,33020.00,3425.47,174.00,128.62
1992-06-23,32930.00,3425.40,174.00,128.62
1992-06-24,32800.00,3425.30,174.00,108.46
1992-06-25,32670.00,3425.20,173.00,107.46
1992-06-26,32540.00,3425.10,170.00,104.46
1992-06-27,32400.00,3424.99,170.00,99.42
1992-06-28,32280.00,3424.89,169.00,108.50
1992-06-29,32190.00,3424.82,172.00,126.62
1992-06-30,32056.00,3424.72,168.00,100.44
1992-07-01,31913.03,3424.61,168.00,95.92
1992-07-02,31767.00,3424.49,168.00,94.38
1992-07-03,31598.19,3424.36,167.00,81.89
1992-07-04,31520.00,3424.30,167.00,127.58
1992-07-05,31373.94,3424.18,167.00,93.36
1992-07-06,31231.00,3424.07,164.00,91.94
1992-07-07,31080.00,3423.95,163.00,86.87
1992-07-08,30903.03,3423.81,163.00,73.78
1992-07-09,30743.94,3423.68,160.00,79.79
1992-07-10,30592.00,3423.56,160.00,83.40
1992-07-11,30429.00,3423.43,160.00,77.82
1992-07-12,30257.00,3423.29,159.00,72.28
1992-07-13,30079.85,3423.15,156.00,66.69
1992-07-14,29900.00,3423.00,156.00,65.32
1992-07-15,29722.18,3422.86,158.00,68.35
1992-07-16,29546.00,3422.72,163.00,74.18
1992-07-17,29376.00,3422.58,163.00,77.29
1992-07-18,29196.00,3422.43,162.00,71.25
1992-07-19,29018.00,3422.29,162.00,72.26
1992-07-20,28849.85,3422.15,162.00,77.23
1992-07-21,28644.00,3421.98,159.00,55.22
1992-07-22,28468.12,3421.84,159.00,70.33
1992-07-23,28312.00,3421.71,158.00,79.29
1992-07-24,28144.00,3421.57,143.00,58.30
1992-07-25,28012.00,3421.46,130.00,63.45
1992-07-26,27976.00,3421.43,128.00,109.85
1992-07-27,27760.00,3421.25,127.00,18.10
1992-07-28,27592.03,3421.11,127.00,42.31
1992-07-29,27460.00,3421.00,127.00,60.44
1992-07-30,27315.94,3420.88,126.00,53.37
1992-07-31,27150.00,3420.74,124.00,40.34
1992-08-01,27027.82,3420.64,123.00,61.40
1992-08-02,26848.00,3420.49,120.00,29.34
1992-08-03,26696.16,3420.36,120.00,43.45
1992-08-04,26534.00,3420.22,120.00,38.24
1992-08-05,26378.00,3420.09,120.00,41.35
1992-08-06,26226.00,3419.96,119.00,42.37
1992-08-07,26004.00,3419.77,164.00,52.07
1992-08-08,25701.00,3419.51,204.00,51.24
1992-08-09,25388.00,3419.24,203.00,45.20
1992-08-10,25098.00,3418.99,199.00,52.79
1992-08-11,24784.00,3418.72,199.00,40.69
1992-08-12,24497.00,3418.47,198.00,53.30
1992-08-13,24214.00,3418.22,194.00,51.32
1992-08-14,23894.00,3417.94,188.00,26.67
1992-08-15,23620.00,3417.70,194.00,55.86
1992-08-16,23312.00,3417.42,197.00,41.72
1992-08-17,23004.87,3417.15,187.00,32.15
1992-08-18,22741.00,3416.91,175.00,41.97
1992-08-19,22411.03,3416.61,177.00,10.64
1992-08-20,22103.08,3416.33,180.00,24.74
1992-08-21,21817.00,3416.07,177.00,32.77
1992-08-22,21520.00,3415.80,177.00,27.26
1992-08-23,21244.00,3415.54,177.00,37.85
1992-08-24,20950.00,3415.27,177.00,28.77
1992-08-25,20660.00,3415.00,174.00,27.79
1992-08-26,20373.00,3414.73,174.00,29.30
1992-08-27,20100.00,3414.47,171.00,33.36
1992-08-28,19789.95,3414.18,171.00,14.68
1992-08-29,19510.00,3413.91,171.00,29.86
1992-08-30,19234.87,3413.65,168.00,29.29
1992-08-31,18959.95,3413.38,168.00,29.40
1992-09-01,18670.00,3413.10,168.00,21.82
1992-09-02,18410.12,3412.85,165.00,33.98
1992-09-03,18130.00,3412.57,165.00,23.77
1992-09-04,17850.00,3412.30,163.00,21.83
1992-09-05,17570.00,3412.02,163.00,21.83
1992-09-06,17310.00,3411.75,163.00,31.92
1992-09-07,17080.00,3411.52,160.00,44.04
1992-09-08,16790.00,3411.23,160.00,13.79
1992-09-09,16533.00,3410.97,160.00,30.43
1992-09-10,16280.00,3410.71,157.00,29.45
1992-09-11,16040.00,3410.46,157.00,36.00
1992-09-12,15780.98,3410.19,157.00,26.41
1992-09-13,15510.00,3409.90,155.00,18.38
1992-09-14,15256.85,3409.63,155.00,27.37
1992-09-15,15010.17,3409.37,155.00,30.63
1992-09-16,14778.04,3409.12,152.00,34.97
1992-09-17,14525.11,3408.85,152.00,24.48
1992-09-18,14300.00,3408.60,150.00,36.51
1992-09-19,14066.09,3408.34,150.00,32.07
1992-09-20,13832.00,3408.08,150.00,31.98
1992-09-21,13589.02,3407.81,147.00,24.50
1992-09-22,13373.00,3407.57,147.00,38.09
1992-09-23,13031.96,3407.18,244.00,72.06
1992-09-24,12724.06,3406.83,363.00,207.77
1992-09-25,12180.00,3406.20,354.00,79.70
1992-09-26,11617.00,3405.53,345.00,61.15
1992-09-27,11050.10,3404.85,337.00,51.19
1992-09-28,10456.04,3404.12,345.00,45.50
1992-09-29,9834.06,3403.33,354.00,40.42
1992-09-30,9159.00,3402.47,377.00,36.66
1992-10-01,8452.00,3401.54,390.00,34.00
1992-10-02,7764.03,3400.62,372.00,25.15
1992-10-03,7100.00,3399.71,354.00,19.22
1992-10-04,6505.97,3398.88,337.00,37.51
1992-10-05,5918.00,3398.04,317.00,20.57
1992-10-06,5582.00,3397.56,212.00,42.60
1992-10-07,5332.98,3397.19,155.00,29.45
1992-10-08,5088.07,3396.84,155.00,31.52
1992-10-09,4846.00,3396.48,152.00,29.96
1992-10-10,4617.90,3396.14,150.00,35.00
1992-10-11,4383.00,3395.79,145.00,26.57
1992-10-12,4176.00,3395.48,140.00,35.64
1992-10-13,3970.00,3395.18,135.00,31.14
1992-10-14,3832.00,3394.97,100.00,30.42
1992-10-15,3741.05,3394.83,77.00,31.15
1992-10-16,3685.00,3394.75,65.00,36.74
1992-10-17,3625.94,3394.66,59.00,29.22
1992-10-18,3590.00,3394.60,58.00,39.88
1992-10-19,3607.90,3394.63,58.00,67.02
1992-10-20,3602.03,3394.62,58.00,55.04
1992-10-21,3596.01,3394.61,58.00,54.97
1992-10-22,3555.00,3394.55,58.00,37.32
1992-10-23,3520.00,3394.50,58.00,40.35
1992-10-24,3484.00,3394.44,56.00,37.85
1992-10-25,3445.97,3394.38,56.00,36.82
1992-10-26,3397.02,3394.31,55.00,30.32
1992-10-27,3348.00,3394.24,55.00,30.29
1992-10-28,3289.93,3394.15,55.00,25.72
1992-10-29,3260.00,3394.10,56.00,40.91
1992-10-30,3277.90,3394.13,55.00,64.02
1992-10-31,3348.00,3394.24,53.00,88.34
1992-11-01,3484.00,3394.44,57.00,125.57
1992-11-02,3527.00,3394.51,57.00,78.68
1992-11-03,3555.00,3394.55,57.00,71.12
1992-11-04,3596.01,3394.61,57.00,77.68
1992-11-05,3625.94,3394.66,57.00,72.09
1992-11-06,3740.00,3394.83,57.00,114.50
1992-11-07,3906.00,3395.08,60.00,143.69
1992-11-08,4057.02,3395.31,63.00,139.14
1992-11-09,4141.00,3395.43,65.00,107.34
1992-11-10,4190.00,3395.50,65.00,89.70
1992-11-11,4226.00,3395.56,65.00,83.15
1992-11-12,4270.88,3395.63,64.00,86.63
1992-11-13,4320.00,3395.70,66.00,90.76
1992-11-14,4355.00,3395.75,66.00,83.65
1992-11-15,4376.00,3395.78,66.00,76.59
1992-11-16,4396.01,3395.81,66.00,76.09
1992-11-17,4414.06,3395.84,66.00,75.10
1992-11-18,4443.99,3395.89,67.00,82.09
1992-11-19,4499.00,3395.97,69.00,96.74
1992-11-20,4506.00,3395.98,69.00,72.53
1992-11-21,4645.97,3396.18,70.00,140.57
1992-11-22,4660.00,3396.20,70.00,77.08
1992-11-23,4660.00,3396.20,70.00,70.00
1992-11-24,4645.97,3396.18,70.00,62.92
1992-11-25,4624.91,3396.15,70.00,59.39
1992-11-26,4583.00,3396.09,70.00,48.87
1992-11-27,4597.02,3396.11,70.00,77.07
1992-11-28,4583.00,3396.09,70.00,62.93
1992-11-29,4576.00,3396.08,70.00,66.47
1992-11-30,4555.00,3396.05,70.00,59.41
1992-12-01,4541.00,3396.03,65.00,57.94
1992-12-02,4520.00,3396.00,61.00,50.41
1992-12-03,4492.00,3395.96,61.00,46.88
1992-12-04,4457.00,3395.91,61.00,43.35
1992-12-05,4420.07,3395.85,61.00,42.38
1992-12-06,4402.03,3395.82,60.00,50.90
1992-12-07,4390.00,3395.80,59.00,52.94
1992-12-08,4426.09,3395.86,59.00,77.19
1992-12-09,4437.97,3395.88,59.00,64.99
1992-12-10,4437.97,3395.88,58.00,58.00
1992-12-11,4426.09,3395.86,58.00,52.01
1992-12-12,4408.04,3395.83,58.00,48.90
1992-12-13,4390.00,3395.80,58.00,48.90
1992-12-14,4355.00,3395.75,58.00,40.35
1992-12-15,4355.00,3395.75,58.00,58.00
1992-12-16,4355.00,3395.75,57.00,57.00
1992-12-17,4341.00,3395.73,57.00,49.94
1992-12-18,4334.00,3395.72,57.00,53.47
1992-12-19,4334.00,3395.72,57.00,57.00
1992-12-20,4348.00,3395.74,57.00,64.06
1992-12-21,4341.00,3395.73,57.00,53.47
1992-12-22,4327.00,3395.71,57.00,49.94
1992-12-23,4327.00,3395.71,57.00,57.00
1992-12-24,4291.93,3395.66,57.00,39.32
1992-12-25,4284.91,3395.65,57.00,53.46
1992-12-26,4264.03,3395.62,57.00,46.47
1992-12-27,4238.00,3395.58,57.00,43.87
1992-12-28,4232.00,3395.57,55.00,51.97
1992-12-29,4214.00,3395.54,55.00,45.92
1992-12-30,4183.00,3395.49,55.00,39.37
1992-12-31,4162.00,3395.46,55.00,44.41
1993-01-01,4130.00,3395.42,55.00,38.87
1993-01-02,4110.00,3395.38,54.00,43.92
1993-01-03,4070.00,3395.33,54.00,33.83
1993-01-04,4040.00,3395.28,53.00,37.87
1993-01-05,4010.00,3395.24,53.00,37.87
1993-01-06,3980.00,3395.20,53.00,37.87
1993-01-07,3940.00,3395.14,52.00,31.83
1993-01-08,3910.00,3395.09,52.00,36.87
1993-01-09,3890.00,3395.06,51.00,40.92
1993-01-10,3850.00,3395.00,51.00,30.83
1993-01-11,3830.00,3394.97,51.00,40.92
1993-01-12,3802.00,3394.92,51.00,36.88
1993-01-13,3796.00,3394.91,49.00,45.97
1993-01-14,3780.00,3394.89,49.00,40.93
1993-01-15,3750.00,3394.85,48.00,32.87
1993-01-16,3730.00,3394.81,46.00,35.92
1993-01-17,3700.00,3394.77,46.00,30.87
1993-01-18,3680.00,3394.74,45.00,34.92
1993-01-19,3660.00,3394.71,45.00,34.92
1993-01-20,3643.99,3394.69,46.00,37.93
1993-01-21,3625.94,3394.66,47.00,37.90
1993-01-22,3602.03,3394.62,47.00,34.94
1993-01-23,3590.00,3394.60,47.00,40.94
1993-01-24,3625.94,3394.66,48.00,66.12
1993-01-25,3727.02,3394.81,52.00,102.96
1993-01-26,4148.00,3395.44,54.00,266.25
1993-01-27,4540.00,3396.03,60.00,257.63
1993-01-28,4860.00,3396.50,64.00,225.33
1993-01-29,5110.00,3396.87,68.00,194.04
1993-01-30,5300.00,3397.15,71.00,166.79
1993-01-31,5420.00,3397.32,73.00,133.50
1993-02-01,5510.00,3397.45,77.00,122.38
1993-02-02,5590.00,3397.56,77.00,117.33
1993-02-03,5650.00,3397.65,80.00,110.25
1993-02-04,5680.00,3397.70,82.00,97.13
1993-02-05,5720.00,3397.75,82.00,102.17
1993-02-06,5743.00,3397.79,82.00,93.60
1993-02-07,5757.02,3397.81,82.00,89.07
1993-02-08,5750.00,3397.80,80.00,76.46
1993-02-09,5764.03,3397.82,80.00,87.08
1993-02-10,5757.02,3397.81,80.00,76.46
1993-02-11,5743.00,3397.79,80.00,72.93
1993-02-12,5722.00,3397.76,80.00,69.41
1993-02-13,5701.00,3397.73,80.00,69.41
1993-02-14,5687.00,3397.71,80.00,72.94
1993-02-15,5644.91,3397.65,80.00,58.78
1993-02-16,5575.00,3397.55,80.00,44.75
1993-02-17,5530.00,3397.48,79.00,56.31
1993-02-18,5490.00,3397.42,79.00,58.83
1993-02-19,5460.00,3397.37,79.00,63.87
1993-02-20,5410.00,3397.31,79.00,53.79
1993-02-21,5370.00,3397.25,79.00,58.83
1993-02-22,5330.00,3397.19,79.00,58.83
1993-02-23,5290.00,3397.13,79.00,58.83
1993-02-24,5250.00,3397.07,77.00,56.83
1993-02-25,5207.00,3397.01,77.00,55.32
1993-02-26,5158.00,3396.94,77.00,52.30
1993-02-27,5109.12,3396.87,77.00,52.36
1993-02-28,5054.00,3396.79,75.00,47.21
1993-03-01,5012.00,3396.72,75.00,53.82
1993-03-02,4957.90,3396.64,75.00,47.72
1993-03-03,4930.00,3396.60,75.00,60.94
1993-03-04,4944.03,3396.62,77.00,84.08
1993-03-05,4957.90,3396.64,75.00,81.99
1993-03-06,4978.95,3396.67,75.00,85.61
1993-03-07,5000.00,3396.70,77.00,87.61
1993-03-08,5030.00,3396.75,77.00,92.13
1993-03-09,5067.02,3396.81,77.00,95.66
1993-03-10,5122.98,3396.89,77.00,105.22
1993-03-11,5165.00,3396.95,77.00,98.18
1993-03-12,5207.00,3397.01,79.00,100.18
1993-03-13,5249.00,3397.07,79.00,100.18
1993-03-14,5361.00,3397.23,80.00,136.47
1993-03-15,5630.88,3397.63,84.00,220.06
1993-03-16,5862.00,3397.96,84.00,200.52
1993-03-17,6044.00,3398.22,86.00,177.76
1993-03-18,6250.00,3398.51,88.00,191.86
1993-03-19,6440.00,3398.79,88.00,183.79
1993-03-20,6640.00,3399.06,89.00,189.83
1993-03-21,6820.00,3399.32,91.00,181.75
1993-03-22,7107.00,3399.71,93.00,237.70
1993-03-23,8175.94,3401.17,102.00,640.92
1993-03-24,8958.00,3402.21,106.00,500.29
1993-03-25,9442.08,3402.84,108.00,352.06
1993-03-26,9946.00,3403.48,111.00,365.06
1993-03-27,10280.00,3403.90,111.00,279.39
1993-03-28,10552.00,3404.24,113.00,250.13
1993-03-29,10842.00,3404.59,82.00,228.21
1993-03-30,11144.00,3404.96,61.00,213.26
1993-03-31,11396.00,3405.27,61.00,188.05
1993-04-01,11760.00,3405.70,64.00,247.52
1993-04-02,12116.04,3406.12,64.00,243.50
1993-04-03,12546.85,3406.63,67.00,284.20
1993-04-04,12951.00,3407.09,67.00,270.76
1993-04-05,13337.00,3407.53,67.00,261.61
1993-04-06,13688.00,3407.92,67.00,243.96
1993-04-07,14012.00,3408.28,67.00,230.35
1993-04-08,14408.00,3408.72,70.00,269.65
1993-04-09,14886.00,3409.24,72.00,312.99
1993-04-10,15347.00,3409.73,72.00,304.42
1993-04-11,15710.00,3410.11,72.00,255.01
1993-04-12,16020.00,3410.44,72.00,228.29
1993-04-13,16310.00,3410.74,72.00,218.21
1993-04-14,16570.00,3411.01,72.00,203.08
1993-04-15,16860.00,3411.30,72.00,218.21
1993-04-16,17120.00,3411.56,72.00,203.08
1993-04-17,17420.15,3411.86,73.00,224.32
1993-04-18,17689.85,3412.14,73.00,208.98
1993-04-19,17970.00,3412.41,73.00,214.24
1993-04-20,18209.88,3412.65,73.00,193.94
1993-04-21,18526.00,3412.96,75.00,234.38
1993-04-22,18814.00,3413.24,75.00,220.20
1993-04-23,19180.00,3413.60,77.00,261.53
1993-04-24,19550.00,3413.95,77.00,263.54
1993-04-25,20050.00,3414.42,80.00,332.08
1993-04-26,20600.00,3414.94,80.00,357.29
1993-04-27,21057.19,3415.37,82.00,312.50
1993-04-28,21520.00,3415.80,82.00,315.33
1993-04-29,22048.00,3416.28,82.00,348.20
1993-04-30,22730.00,3416.90,84.00,427.84
1993-05-01,23444.00,3417.54,86.00,445.98
1993-05-02,24156.92,3418.17,86.00,445.43
1993-05-03,24856.00,3418.78,88.00,440.45
1993-05-04,25526.16,3419.36,88.00,425.87
1993-05-05,26124.21,3419.87,88.00,389.51
1993-05-06,26872.00,3420.51,195.00,572.01
1993-05-07,27268.12,3420.84,309.00,508.71
1993-05-08,27544.00,3421.07,317.00,456.09
1993-05-09,27748.00,3421.24,325.00,427.85
1993-05-10,28036.00,3421.48,333.00,478.20
1993-05-11,28861.88,3422.16,341.00,757.38
1993-05-12,30166.00,3423.22,813.00,1470.49
1993-05-13,30743.94,3423.68,1274.00,1565.38
1993-05-14,30903.03,3423.81,1272.00,1352.21
1993-05-15,30830.00,3423.75,1271.00,1234.18
1993-05-16,30616.00,3423.58,1261.00,1153.11
1993-05-17,30318.12,3423.34,1251.00,1100.82
1993-05-18,30140.00,3423.20,1250.00,1160.20
1993-05-19,30067.82,3423.14,1256.00,1219.61
1993-05-20,29912.00,3423.01,1254.00,1175.44
1993-05-21,29874.00,3422.98,1189.00,1169.84
1993-05-22,29585.00,3422.75,1155.00,1009.30
1993-05-23,28970.00,3422.25,1137.00,826.94
1993-05-24,28706.00,3422.03,853.00,719.90
1993-05-25,28982.00,3422.26,571.00,710.15
1993-05-26,29268.00,3422.49,481.00,625.19
1993-05-27,29770.00,3422.90,460.00,713.09
1993-05-28,30115.94,3423.18,507.00,681.41
1993-05-29,30481.00,3423.47,554.00,738.05
1993-05-30,30592.00,3423.56,553.00,608.96
1993-05-31,30818.00,3423.74,557.00,670.94
1993-06-01,30981.22,3423.87,556.00,638.29
1993-06-02,30955.16,3423.85,549.00,535.86
1993-06-03,30842.00,3423.76,547.00,489.95
1993-06-04,30704.84,3423.65,546.00,476.85
1993-06-05,30592.00,3423.56,545.00,488.11
1993-06-06,30481.00,3423.47,544.00,488.04
1993-06-07,30354.21,3423.37,542.00,478.07
1993-06-08,30153.00,3423.21,535.00,433.56
1993-06-09,30020.00,3423.10,534.00,466.95
1993-06-10,29861.00,3422.97,533.00,452.84
1993-06-11,29710.15,3422.85,479.00,402.94
1993-06-12,29598.00,3422.76,423.00,366.46
1993-06-13,29424.06,3422.62,417.00,329.30
1993-06-14,29376.00,3422.58,378.00,353.77
1993-06-15,29459.85,3422.65,313.00,355.28
1993-06-16,29507.97,3422.69,308.00,332.26
1993-06-17,29533.00,3422.71,308.00,320.62
1993-06-18,29546.00,3422.72,307.00,313.55
1993-06-19,29520.00,3422.70,306.00,292.89
1993-06-20,29495.94,3422.68,305.00,292.87
1993-06-21,29412.03,3422.61,281.00,238.69
1993-06-22,29388.00,3422.59,247.00,234.89
1993-06-23,29328.00,3422.54,247.00,216.75
1993-06-24,29268.00,3422.49,226.00,195.75
1993-06-25,29256.00,3422.48,201.00,194.95
1993-06-26,29268.00,3422.49,201.00,207.05
1993-06-27,29208.00,3422.44,201.00,170.75
1993-06-28,29170.00,3422.41,200.00,180.84
1993-06-29,29133.94,3422.38,200.00,181.82
1993-06-30,29082.13,3422.34,196.00,169.88
1993-07-01,29006.00,3422.28,196.00,157.62
1993-07-02,28910.00,3422.20,196.00,147.60
1993-07-03,28825.79,3422.13,196.00,153.55
1993-07-04,28718.00,3422.04,196.00,141.65
1993-07-05,28579.00,3421.93,192.00,121.92
1993-07-06,28432.03,3421.81,192.00,117.90
1993-07-07,28312.00,3421.71,192.00,131.49
1993-07-08,28156.00,3421.58,192.00,113.35
1993-07-09,27988.00,3421.44,192.00,107.30
1993-07-10,27820.00,3421.30,191.00,106.30
1993-07-11,27639.85,3421.15,191.00,100.18
1993-07-12,27484.00,3421.02,191.00,112.42
1993-07-13,27327.97,3420.89,191.00,112.34
1993-07-14,27148.00,3420.74,191.00,100.26
1993-07-15,26980.00,3420.60,185.00,100.30
1993-07-16,26848.00,3420.49,187.00,120.45
1993-07-17,26707.19,3420.37,184.00,113.01
1993-07-18,26546.00,3420.23,184.00,102.73
1993-07-19,26425.79,3420.13,184.00,123.40
1993-07-20,26294.00,3420.02,184.00,117.55
1993-07-21,26135.94,3419.88,184.00,104.31
1993-07-22,25968.00,3419.74,180.00,95.33
1993-07-23,25800.00,3419.60,180.00,95.30
1993-07-24,25630.00,3419.45,180.00,94.29
1993-07-25,25460.00,3419.30,180.00,94.29
1993-07-26,25303.91,3419.17,180.00,101.31
1993-07-27,24950.00,3418.86,280.00,101.57
1993-07-28,24780.00,3418.72,179.00,93.29
1993-07-29,24638.00,3418.59,179.00,107.41
1993-07-30,24508.00,3418.48,179.00,113.46
1993-07-31,24376.16,3418.36,179.00,112.53
1993-08-01,24238.00,3418.24,176.00,106.34
1993-08-02,24032.00,3418.06,175.00,71.14
1993-08-03,23850.00,3417.90,175.00,83.24
1993-08-04,23644.00,3417.72,172.00,68.14
1993-08-05,23455.00,3417.55,172.00,76.71
1993-08-06,23220.00,3417.34,172.00,53.52
1993-08-07,22980.00,3417.12,172.00,51.00
1993-08-08,22730.00,3416.90,168.00,41.96
1993-08-09,22487.95,3416.68,168.00,45.96
1993-08-10,22268.00,3416.48,168.00,57.11
1993-08-11,21480.00,3415.76,440.00,42.72
1993-08-12,21233.00,3415.53,183.00,58.47
1993-08-13,20980.00,3415.30,179.00,51.45
1993-08-14,20715.00,3415.05,179.00,45.40
1993-08-15,20483.08,3414.83,179.00,62.07
1993-08-16,20250.03,3414.61,176.00,58.50
1993-08-17,19997.19,3414.37,176.00,48.53
1993-08-18,19759.88,3414.15,176.00,56.36
1993-08-19,19520.00,3413.92,172.00,51.06
1993-08-20,19260.00,3413.67,172.00,40.92
1993-08-21,19030.00,3413.45,172.00,56.04
1993-08-22,18790.00,3413.22,172.00,51.00
1993-08-23,18537.00,3412.97,169.00,41.45
1993-08-24,18280.00,3412.72,169.00,39.43
1993-08-25,18050.00,3412.49,168.00,52.04
1993-08-26,17790.00,3412.24,165.00,33.92
1993-08-27,17550.00,3412.00,165.00,44.00
1993-08-28,17310.00,3411.75,165.00,44.00
1993-08-29,17070.00,3411.51,165.00,44.00
1993-08-30,16830.00,3411.27,162.00,41.00
1993-08-31,16600.00,3411.04,162.00,46.04
1993-09-01,16430.15,3410.86,162.00,76.37
1993-09-02,16180.02,3410.61,162.00,35.90
1993-09-03,15961.96,3410.38,159.00,49.06
1993-09-04,15718.04,3410.12,159.00,36.03
1993-09-05,15460.12,3409.85,159.00,28.96
1993-09-06,15210.00,3409.58,156.00,29.90
1993-09-07,14960.00,3409.32,156.00,29.96
1993-09-08,14720.00,3409.06,156.00,35.00
1993-09-09,14480.00,3408.80,153.00,32.00
1993-09-10,14246.00,3408.54,153.00,35.02
1993-09-11,13985.00,3408.25,160.00,28.41
1993-09-12,13760.00,3408.00,160.00,46.56
1993-09-13,13535.00,3407.75,158.00,44.56
1993-09-14,13310.00,3407.50,157.00,43.56
1993-09-15,13086.00,3407.24,157.00,44.07
1993-09-16,12852.00,3406.98,155.00,37.02
1993-09-17,12628.00,3406.72,154.00,41.07
1993-09-18,12404.00,3406.46,152.00,39.07
1993-09-19,12189.00,3406.21,152.00,43.60
1993-09-20,11962.00,3405.94,149.00,34.55
1993-09-21,11743.96,3405.68,149.00,39.07
1993-09-22,11526.00,3405.42,149.00,39.11
1993-09-23,11315.94,3405.17,146.00,40.10
1993-09-24,11108.00,3404.92,146.00,41.16
1993-09-25,10897.92,3404.66,143.00,37.09
1993-09-26,10698.00,3404.41,143.00,42.21
1993-09-27,10487.92,3404.16,140.00,34.09
1993-09-28,10280.00,3403.90,140.00,35.17
1993-09-29,10087.92,3403.66,143.00,46.16
1993-09-30,9842.08,3403.34,158.00,34.05
1993-10-01,9578.00,3403.01,163.00,30.00
1993-10-02,9331.98,3402.69,160.00,35.97
1993-10-03,9086.14,3402.37,159.00,35.05
1993-10-04,8832.00,3402.04,157.00,28.87
1993-10-05,8468.00,3401.56,201.00,17.48
1993-10-06,7994.00,3400.93,267.00,28.02
1993-10-07,7544.03,3400.32,259.00,32.14
1993-10-08,7059.90,3399.65,252.00,7.92
1993-10-09,6676.04,3399.12,241.00,47.47
1993-10-10,6261.00,3398.53,234.00,24.75
1993-10-11,5862.00,3397.96,227.00,25.84
1993-10-12,5492.00,3397.42,220.00,33.46
1993-10-13,5130.00,3396.90,209.00,26.49
1993-10-14,4769.12,3396.37,202.00,20.06
1993-10-15,4437.97,3395.88,189.00,22.05
1993-10-16,4220.00,3395.55,158.00,48.11
1993-10-17,4162.00,3395.46,88.00,58.76
1993-10-18,4112.98,3395.39,61.00,36.29
1993-10-19,4036.00,3395.28,59.00,20.19
1993-10-20,3973.99,3395.19,59.00,27.73
1993-10-21,3926.01,3395.11,58.00,33.81
1993-10-22,3871.00,3395.03,56.00,28.26
1993-10-23,3838.00,3394.98,56.00,39.36
1993-10-24,3775.97,3394.88,55.00,23.72
1993-10-25,3720.00,3394.80,55.00,26.78
1993-10-26,3657.00,3394.71,53.00,21.24
1993-10-27,3631.96,3394.67,52.00,39.37
1993-10-28,3569.00,3394.57,52.00,20.26
1993-10-29,3520.00,3394.50,51.00,26.30
1993-10-30,3472.00,3394.42,49.00,24.80
1993-10-31,3432.10,3394.36,49.00,28.89
1993-11-01,3383.00,3394.29,49.00,24.24
1993-11-02,3362.00,3394.26,48.00,37.41
1993-11-03,3301.96,3394.17,49.00,18.73
1993-11-04,3230.00,3394.06,48.00,11.72
1993-11-05,3148.00,3393.93,52.00,10.66
1993-11-06,3048.00,3393.78,58.00,7.58
1993-11-07,2960.00,3393.64,55.00,10.63
1993-11-08,2870.00,3393.51,53.00,7.62
1993-11-09,2790.00,3393.38,51.00,10.67
1993-11-10,2720.00,3393.28,48.00,12.71
1993-11-11,2660.00,3393.18,45.00,14.75
1993-11-12,2600.00,3393.09,44.00,13.75
1993-11-13,2540.00,3393.00,41.00,10.75
1993-11-14,2480.00,3392.90,38.00,7.75
1993-11-15,2480.00,3392.90,37.00,37.00
1993-11-16,2480.00,3392.90,35.00,35.00
1993-11-17,2480.00,3392.90,34.00,34.00
1993-11-18,2480.00,3392.90,37.00,37.00
1993-11-19,2480.00,3392.90,35.00,35.00
1993-11-20,2480.00,3392.90,33.00,33.00
1993-11-21,2480.00,3392.90,34.00,34.00
1993-11-22,2480.00,3392.90,33.00,33.00
1993-11-23,2480.00,3392.90,31.00,31.00
1993-11-24,2480.00,3392.90,29.00,29.00
1993-11-25,2480.00,3392.90,28.00,28.00
1993-11-26,2480.00,3392.90,27.00,27.00
1993-11-27,2480.00,3392.90,25.00,25.00
1993-11-28,2480.00,3392.90,25.00,25.00
1993-11-29,2480.00,3392.90,29.00,29.00
1993-11-30,2480.00,3392.90,31.00,31.00
1993-12-01,2480.00,3392.90,41.00,41.00
1993-12-02,2540.00,3392.99,45.00,75.25
1993-12-03,2600.00,3393.09,48.00,78.25
1993-12-04,2650.00,3393.16,51.00,76.21
1993-12-05,2690.00,3393.23,52.00,72.17
1993-12-06,2733.00,3393.29,51.00,72.68
1993-12-07,2764.06,3393.34,52.00,67.66
1993-12-08,2882.00,3393.52,52.00,111.46
1993-12-09,2912.00,3393.57,55.00,70.13
1993-12-10,3000.00,3393.70,58.00,102.37
1993-12-11,3102.10,3393.86,59.00,110.48
1993-12-12,3148.00,3393.93,59.00,82.14
1993-12-13,3200.00,3394.02,59.00,85.22
1993-12-14,3240.00,3394.07,56.00,76.17
1993-12-15,3260.00,3394.10,51.00,61.08
1993-12-16,3280.00,3394.13,51.00,61.08
1993-12-17,3280.00,3394.13,51.00,51.00
1993-12-18,3260.00,3394.11,51.00,40.92
1993-12-19,3250.00,3394.09,51.00,45.96
1993-12-20,3190.00,3394.00,49.00,18.75
1993-12-21,3178.00,3393.98,49.00,42.95
1993-12-22,3154.00,3393.94,49.00,36.90
1993-12-23,3136.00,3393.91,48.00,38.92
1993-12-24,3115.97,3393.88,48.00,37.90
1993-12-25,3088.07,3393.84,48.00,33.94
1993-12-26,3054.00,3393.79,48.00,30.82
1993-12-27,3024.00,3393.74,46.00,30.87
1993-12-28,2992.98,3393.69,46.00,30.36
1993-12-29,2964.91,3393.65,45.00,30.85
1993-12-30,2957.90,3393.64,45.00,41.46
1993-12-31,3006.00,3393.71,45.00,69.25
1994-01-01,3074.03,3393.82,51.00,85.30
1994-01-02,3136.00,3393.91,51.00,82.24
1994-01-03,3246.00,3394.08,53.00,108.46
1994-01-04,3569.00,3394.57,58.00,220.85
1994-01-05,3838.00,3394.98,62.00,197.62
1994-01-06,4015.00,3395.25,59.00,148.24
1994-01-07,4155.00,3395.45,56.00,126.58
1994-01-08,4270.88,3395.63,58.00,116.42
1994-01-09,4376.00,3395.78,59.00,112.00
1994-01-10,4478.00,3395.94,59.00,110.43
1994-01-11,4562.00,3396.06,59.00,101.35
1994-01-12,4660.00,3396.20,61.00,110.41
1994-01-13,4720.00,3396.30,62.00,92.25
1994-01-14,4825.00,3396.45,62.00,114.94
1994-01-15,4916.00,3396.58,64.00,109.88
1994-01-16,4992.98,3396.69,64.00,102.81
1994-01-17,5042.00,3396.77,64.00,88.71
1994-01-18,5088.07,3396.84,64.00,87.23
1994-01-19,5115.97,3396.88,64.00,78.06
1994-01-20,5158.00,3396.94,67.00,88.19
1994-01-21,5186.00,3396.98,67.00,81.12
1994-01-22,5242.00,3397.06,67.00,95.23
1994-01-23,5325.97,3397.18,67.00,109.33
1994-01-24,5424.03,3397.32,64.00,113.44
1994-01-25,5516.00,3397.46,58.00,104.37
1994-01-26,5603.00,3397.59,58.00,101.86
1994-01-27,5694.00,3397.72,58.00,103.88
1994-01-28,5764.03,3397.82,58.00,93.31
1994-01-29,5820.00,3397.90,59.00,87.22
1994-01-30,5862.00,3397.96,59.00,80.18
1994-01-31,5897.00,3398.01,59.00,76.65
1994-02-01,5918.00,3398.04,59.00,69.59
1994-02-02,5939.00,3398.07,59.00,69.59
1994-02-03,5974.03,3398.12,59.00,76.66
1994-02-04,6001.93,3398.16,59.00,73.06
1994-02-05,6015.97,3398.18,59.00,66.08
1994-02-06,6030.00,3398.20,59.00,66.08
1994-02-07,6030.00,3398.20,59.00,59.00
1994-02-08,6037.00,3398.21,59.00,62.53
1994-02-09,6065.00,3398.25,59.00,73.12
1994-02-10,6065.00,3398.25,59.00,59.00
1994-02-11,6072.00,3398.26,61.00,64.53
1994-02-12,6072.00,3398.26,61.00,61.00
1994-02-13,6128.07,3398.34,61.00,89.27
1994-02-14,6135.09,3398.35,61.00,64.54
1994-02-15,6155.97,3398.38,61.00,71.53
1994-02-16,6184.00,3398.42,62.00,76.13
1994-02-17,6212.00,3398.46,62.00,76.12
1994-02-18,6219.00,3398.47,62.00,65.53
1994-02-19,6219.00,3398.47,62.00,62.00
1994-02-20,6212.00,3398.46,61.00,57.47
1994-02-21,6226.00,3398.48,61.00,68.06
1994-02-22,6261.00,3398.53,61.00,78.65
1994-02-23,6344.91,3398.65,65.00,107.31
1994-02-24,6344.91,3398.65,64.00,64.00
1994-02-25,6372.98,3398.69,62.00,76.15
1994-02-26,6380.00,3398.70,62.00,65.54
1994-02-27,6387.00,3398.71,62.00,65.53
1994-02-28,6436.00,3398.78,64.00,88.70
1994-03-01,6597.00,3399.01,65.00,146.17
1994-03-02,6831.05,3399.33,67.00,185.00
1994-03-03,7261.00,3399.93,70.00,286.77
1994-03-04,7820.00,3400.70,73.00,354.83
1994-03-05,8286.04,3401.32,75.00,309.96
1994-03-06,8657.02,3401.81,75.00,262.04
1994-03-07,8950.00,3402.20,77.00,224.71
1994-03-08,9188.00,3402.51,77.00,196.99
1994-03-09,9403.00,3402.79,79.00,187.40
1994-03-10,9610.00,3403.05,79.00,183.36
1994-03-11,9770.00,3403.25,80.00,160.67
1994-03-12,9925.00,3403.45,80.00,158.15
1994-03-13,10079.90,3403.65,80.00,158.10
1994-03-14,10240.10,3403.85,82.00,162.77
1994-03-15,10456.04,3404.12,84.00,192.87
1994-03-16,10738.00,3404.46,79.00,221.16
1994-03-17,10986.00,3404.77,71.00,196.03
1994-03-18,11323.96,3405.18,73.00,243.39
1994-03-19,11566.00,3405.47,74.00,196.03
1994-03-20,11840.00,3405.80,74.00,212.14
1994-03-21,12046.00,3406.04,75.00,178.86
1994-03-22,12225.00,3406.25,75.00,165.25
1994-03-23,12386.00,3406.44,75.00,156.17
1994-03-24,12504.00,3406.58,75.00,134.49
1994-03-25,12619.00,3406.71,75.00,132.98
1994-03-26,12740.10,3406.85,75.00,136.05
1994-03-27,12861.00,3406.99,75.00,135.95
1994-03-28,13004.89,3407.15,77.00,149.54
1994-03-29,13180.10,3407.35,77.00,165.33
1994-03-30,13418.04,3407.62,80.00,199.96
1994-03-31,13715.00,3407.95,80.00,229.72
1994-04-01,14075.11,3408.35,82.00,263.56
1994-04-02,14507.07,3408.83,86.00,303.78
1994-04-03,14940.00,3409.30,88.00,306.27
1994-04-04,15320.00,3409.70,88.00,279.58
1994-04-05,15726.85,3410.13,88.00,293.12
1994-04-06,16089.00,3410.51,89.00,271.59
1994-04-07,16410.10,3410.84,89.00,250.89
1994-04-08,16810.00,3411.25,91.00,292.62
1994-04-09,17140.00,3411.58,91.00,257.38
1994-04-10,17439.95,3411.88,91.00,242.23
1994-04-11,17541.00,3411.99,171.00,221.95
1994-04-12,17320.00,3411.76,372.00,260.58
1994-04-13,17199.85,3411.64,317.00,256.43
1994-04-14,17050.00,3411.49,329.00,253.45
1994-04-15,16470.00,3410.90,508.00,215.58
1994-04-16,15630.00,3410.03,694.00,270.50
1994-04-17,15200.00,3409.57,574.00,357.21
1994-04-18,15460.12,3409.85,341.00,472.14
1994-04-19,17020.00,3411.46,163.00,949.44
1994-04-20,18504.00,3412.94,104.00,852.18
1994-04-21,20050.00,3414.42,113.00,892.44
1994-04-22,21420.00,3415.70,115.00,805.71
1994-04-23,22587.00,3416.77,115.00,703.36
1994-04-24,23586.92,3417.67,115.00,619.13
1994-04-25,24442.00,3418.42,113.00,544.10
1994-04-26,25267.82,3419.14,111.00,527.35
1994-04-27,25582.00,3419.41,255.00,413.40
1994-04-28,25547.95,3419.38,470.00,452.83
1994-04-29,25482.05,3419.32,470.00,436.78
1994-04-30,25471.03,3419.31,465.00,459.44
1994-05-01,25400.00,3419.25,465.00,429.19
1994-05-02,25110.00,3419.00,532.00,385.79
1994-05-03,24672.05,3418.62,598.00,377.20
1994-05-04,24420.00,3418.40,592.00,464.92
1994-05-05,24123.84,3418.14,652.00,502.68
1994-05-06,24156.92,3418.17,550.00,566.68
1994-05-07,25154.00,3419.04,262.00,764.69
1994-05-08,26641.03,3420.31,174.00,923.71
1994-05-09,28120.00,3421.55,237.00,982.65
1994-05-10,28910.00,3422.20,526.00,924.29
1994-05-11,29196.00,3422.43,834.00,978.19
1994-05-12,29292.00,3422.51,906.00,954.40
1994-05-13,29292.00,3422.51,792.00,792.00
1994-05-14,29108.19,3422.36,729.00,636.33
1994-05-15,28790.00,3422.10,715.00,554.58
1994-05-16,28527.97,3421.89,586.00,453.89
1994-05-17,28324.00,3421.72,520.00,417.16
1994-05-18,27988.00,3421.44,586.00,416.60
1994-05-19,27844.06,3421.32,592.00,519.43
1994-05-20,27712.00,3421.21,586.00,519.42
1994-05-21,27484.00,3421.02,586.00,471.05
1994-05-22,27315.94,3420.88,580.00,495.27
1994-05-23,27196.00,3420.78,580.00,519.53
1994-05-24,27400.00,3420.95,425.00,527.85
1994-05-25,28515.94,3421.88,73.00,635.62
1994-05-26,29364.00,3422.57,145.00,572.56
1994-05-27,29376.00,3422.58,502.00,508.05
1994-05-28,29184.00,3422.42,538.00,441.20
1994-05-29,29256.00,3422.48,440.00,476.30
1994-05-30,29208.00,3422.44,440.00,415.80
1994-05-31,29146.97,3422.39,410.00,379.23
1994-06-01,29133.94,3422.38,345.00,338.43
1994-06-02,29196.00,3422.43,321.00,352.29
1994-06-03,29244.00,3422.47,317.00,341.20
1994-06-04,29376.00,3422.58,317.00,383.55
1994-06-05,29459.85,3422.65,317.00,359.28
1994-06-06,29507.97,3422.69,317.00,341.26
1994-06-07,29533.00,3422.71,317.00,329.62
1994-06-08,29507.97,3422.69,317.00,304.38
1994-06-09,29483.91,3422.67,313.00,300.87
1994-06-10,29507.97,3422.69,313.00,325.13
1994-06-11,29624.00,3422.78,313.00,371.50
1994-06-12,29734.21,3422.87,317.00,372.56
1994-06-13,29960.00,3423.05,317.00,430.84
1994-06-14,29960.00,3423.05,354.00,354.00
1994-06-15,29674.06,3422.82,420.00,275.84
1994-06-16,29388.00,3422.59,415.00,270.78
1994-06-17,29146.97,3422.39,415.00,293.48
1994-06-18,29184.00,3422.42,363.00,381.67
1994-06-19,29184.00,3422.42,313.00,313.00
1994-06-20,29133.94,3422.38,313.00,287.76
1994-06-21,29146.97,3422.39,309.00,315.57
1994-06-22,29146.97,3422.39,309.00,309.00
1994-06-23,29133.94,3422.38,309.00,302.43
1994-06-24,29030.00,3422.30,309.00,256.60
1994-06-25,28885.94,3422.18,309.00,236.37
1994-06-26,28694.00,3422.02,309.00,212.23
1994-06-27,28515.94,3421.88,281.00,191.23
1994-06-28,28396.00,3421.78,255.00,194.53
1994-06-29,28263.91,3421.67,255.00,188.41
1994-06-30,28096.00,3421.53,255.00,170.34
1994-07-01,27976.00,3421.43,255.00,194.50
1994-07-02,27820.00,3421.30,251.00,172.35
1994-07-03,27604.06,3421.12,251.00,142.13
1994-07-04,27400.00,3420.95,251.00,148.12
1994-07-05,27196.00,3420.78,251.00,148.15
1994-07-06,26956.00,3420.58,248.00,127.00
1994-07-07,26728.97,3420.39,248.00,133.54
1994-07-08,26510.00,3420.20,244.00,133.60
1994-07-09,26237.00,3419.97,244.00,106.36
1994-07-10,25980.00,3419.75,244.00,114.43
1994-07-11,25690.00,3419.50,241.00,94.79
1994-07-12,25436.00,3419.28,230.00,101.94
1994-07-13,25176.00,3419.06,220.00,88.92
1994-07-14,24935.13,3418.85,220.00,98.56
1994-07-15,24682.81,3418.63,213.00,85.79
1994-07-16,24420.00,3418.40,209.00,76.50
1994-07-17,24180.00,3418.19,205.00,84.00
1994-07-18,23905.00,3417.95,204.00,65.35
1994-07-19,23656.00,3417.73,204.00,78.46
1994-07-20,23389.00,3417.49,200.00,65.39
1994-07-21,23120.00,3417.25,199.00,63.38
1994-07-22,22851.00,3417.01,199.00,63.38
1994-07-23,22565.00,3416.75,199.00,54.81
1994-07-24,22378.00,3416.58,198.00,103.72
1994-07-25,22114.11,3416.34,194.00,60.95
1994-07-26,21828.00,3416.08,194.00,49.75
1994-07-27,21553.08,3415.83,191.00,52.39
1994-07-28,21277.00,3415.57,190.00,50.81
1994-07-29,20991.03,3415.31,190.00,45.82
1994-07-30,20704.00,3415.04,192.00,47.29
1994-07-31,20440.00,3414.79,189.00,55.90
1994-08-01,20152.00,3414.52,189.00,43.80
1994-08-02,19909.00,3414.29,183.00,60.49
1994-08-03,19633.00,3414.03,177.00,37.85
1994-08-04,19370.00,3413.78,177.00,44.40
1994-08-05,19110.00,3413.53,174.00,42.92
1994-08-06,18836.00,3413.26,174.00,35.86
1994-08-07,18590.00,3413.02,174.00,49.97
1994-08-08,18320.00,3412.76,171.00,34.87
1994-08-09,18080.00,3412.52,168.00,47.00
1994-08-10,17830.00,3412.28,163.00,36.96
1994-08-11,17580.00,3412.03,160.00,33.96
1994-08-12,17360.00,3411.80,160.00,49.08
1994-08-13,17140.00,3411.58,158.00,47.08
1994-08-14,16890.07,3411.33,158.00,32.00
1994-08-15,16640.00,3411.08,155.00,28.92
1994-08-16,16410.10,3410.84,153.00,37.09
1994-08-17,16161.00,3410.59,153.00,27.41
1994-08-18,15953.15,3410.37,150.00,45.21
1994-08-19,15726.85,3410.13,155.00,40.90
1994-08-20,15510.00,3409.90,153.00,43.67
1994-08-21,15283.91,3409.66,153.00,39.01
1994-08-22,15076.00,3409.44,153.00,48.18
1994-08-23,14840.98,3409.19,153.00,34.51
1994-08-24,14620.00,3408.95,150.00,38.59
1994-08-25,14417.00,3408.73,148.00,45.65
1994-08-26,14219.00,3408.51,148.00,48.17
1994-08-27,14012.00,3408.28,148.00,43.64
1994-08-28,13823.00,3408.07,148.00,52.71
1994-08-29,13598.04,3407.82,145.00,31.58
1994-08-30,13409.02,3407.61,140.00,44.70
1994-08-31,13238.00,3407.42,138.00,51.78
1994-09-01,13068.00,3407.22,138.00,52.29
1994-09-02,12861.00,3406.99,135.00,30.64
1994-09-03,12740.10,3406.85,135.00,74.05
1994-09-04,12564.89,3406.65,133.00,44.67
1994-09-05,12404.00,3406.46,133.00,51.88
1994-09-06,12216.00,3406.24,130.00,35.22
1994-09-07,12037.00,3406.03,130.00,39.75
1994-09-08,11858.04,3405.82,128.00,37.78
1994-09-09,11688.02,3405.61,128.00,42.28
1994-09-10,11491.96,3405.38,125.00,26.15
1994-09-11,11323.96,3405.18,125.00,40.30
1994-09-12,11171.00,3404.99,125.00,47.88
1994-09-13,10994.00,3404.78,123.00,33.76
1994-09-14,10842.00,3404.59,123.00,46.37
1994-09-15,10680.98,3404.39,120.00,38.82
1994-09-16,10503.96,3404.18,120.00,30.75
1994-09-17,10336.00,3403.97,120.00,35.32
1994-09-18,10184.00,3403.78,120.00,43.37
1994-09-19,10024.00,3403.58,118.00,37.33
1994-09-20,9842.08,3403.34,128.00,36.28
1994-09-21,9602.00,3403.04,150.00,28.96
1994-09-22,9361.00,3402.73,165.00,43.50
1994-09-23,9070.10,3402.35,183.00,36.34
1994-09-24,8752.00,3401.94,189.00,28.63
1994-09-25,8452.00,3401.54,186.00,34.75
1994-09-26,8167.92,3401.16,183.00,39.78
1994-09-27,7876.00,3400.77,180.00,32.82
1994-09-28,7592.98,3400.39,177.00,34.31
1994-09-29,7331.00,3400.03,174.00,41.92
1994-09-30,7028.02,3399.61,171.00,18.25
1994-10-01,6768.00,3399.24,171.00,39.00
1994-10-02,6499.12,3398.87,168.00,31.56
1994-10-03,6219.00,3398.47,163.00,22.41
1994-10-04,5994.91,3398.15,148.00,35.27
1994-10-05,5876.00,3397.98,93.00,35.20
1994-10-06,5805.97,3397.88,62.00,27.20
1994-10-07,5790.00,3397.86,58.00,49.55
1994-10-08,5720.00,3397.76,58.00,22.31
1994-10-09,5650.00,3397.65,58.00,21.78
1994-10-10,5570.00,3397.54,56.00,15.87
1994-10-11,5504.00,3397.44,55.00,21.75
1994-10-12,5445.09,3397.35,53.00,23.70
1994-10-13,5417.02,3397.31,52.00,38.43
1994-10-14,5382.00,3397.26,53.00,36.15
1994-10-15,5332.98,3397.19,52.00,27.40
1994-10-16,5290.88,3397.13,52.00,30.77
1994-10-17,5242.00,3397.06,52.00,27.36
1994-10-18,5186.00,3396.98,49.00,21.65
1994-10-19,5151.00,3396.93,48.00,30.15
1994-10-20,5179.00,3396.97,49.00,62.91
1994-10-21,5280.00,3397.12,51.00,101.56
1994-10-22,5290.00,3397.13,49.00,54.24
1994-10-23,5300.00,3397.14,49.00,54.24
1994-10-24,5297.90,3397.14,49.00,48.14
1994-10-25,5284.03,3397.12,49.00,42.03
1994-10-26,5805.97,3397.88,58.00,321.41
1994-10-27,6562.00,3398.96,174.00,574.80
1994-10-28,6296.00,3398.58,415.00,250.87
1994-10-29,5890.00,3398.00,415.00,179.17
1994-10-30,5424.03,3397.32,381.00,118.01
1994-10-31,5561.00,3397.53,350.00,393.98
1994-11-01,5582.00,3397.56,359.00,345.25
1994-11-02,5368.00,3397.24,372.00,236.22
1994-11-03,5200.00,3397.00,300.00,199.12
1994-11-04,5018.00,3396.73,179.00,84.30
1994-11-05,5067.02,3396.81,116.00,135.31
1994-11-06,5122.98,3396.89,113.00,139.28
1994-11-07,5165.00,3396.95,97.00,119.89
1994-11-08,5193.00,3396.99,84.00,98.19
1994-11-09,5193.00,3396.99,84.00,84.00
1994-11-10,5193.00,3396.99,84.00,84.00
1994-11-11,5193.00,3396.99,84.00,84.00
1994-11-12,5340.00,3397.20,84.00,158.11
1994-11-13,5347.00,3397.21,84.00,87.53
1994-11-14,5472.98,3397.39,84.00,147.52
1994-11-15,5534.00,3397.49,70.00,102.25
1994-11-16,5568.00,3397.54,59.00,76.14
1994-11-17,5589.00,3397.57,58.00,68.36
1994-11-18,5610.00,3397.60,58.00,68.54
1994-11-19,5665.97,3397.68,59.00,87.05
1994-11-20,5680.00,3397.70,59.00,66.08
1994-11-21,5687.00,3397.71,59.00,62.41
1994-11-22,5715.00,3397.75,59.00,73.00
1994-11-23,5729.00,3397.77,59.00,66.13
1994-11-24,5736.00,3397.78,59.00,62.53
1994-11-25,5764.03,3397.82,59.00,73.13
1994-11-26,5778.07,3397.84,59.00,66.08
1994-11-27,5799.12,3397.87,59.00,69.75
1994-11-28,5840.00,3397.92,59.00,79.61
1994-11-29,5897.00,3398.01,61.00,89.35
1994-11-30,6569.00,3398.97,75.00,414.82
1994-12-01,7142.00,3399.76,73.00,362.90
1994-12-02,7450.00,3400.19,72.00,227.41
1994-12-03,7715.00,3400.55,72.00,205.40
1994-12-04,7844.00,3400.73,72.00,136.84
1994-12-05,7844.00,3400.73,72.00,71.80
1994-12-06,7914.03,3400.82,69.00,104.16
1994-12-07,7955.97,3400.88,65.00,86.54
1994-12-08,8071.00,3401.03,65.00,123.46
1994-12-09,8151.88,3401.14,56.00,97.75
1994-12-10,8175.94,3401.17,51.00,63.20
1994-12-11,8294.06,3401.33,52.00,111.38
1994-12-12,8484.00,3401.58,52.00,147.76
1994-12-13,8562.98,3401.69,52.00,91.82
1994-12-14,8586.00,3401.72,52.00,63.49
1994-12-15,9038.02,3402.31,52.00,280.19
1994-12-16,9038.02,3402.31,53.00,53.03
1994-12-17,9101.98,3402.39,55.00,87.70
1994-12-18,9145.00,3402.45,58.00,79.82
1994-12-19,10408.00,3404.06,62.00,698.25
1994-12-20,11784.00,3405.73,72.00,765.08
1994-12-21,12942.00,3407.08,72.00,656.08
1994-12-22,13715.00,3407.95,70.00,460.18
1994-12-23,14300.00,3408.60,70.00,365.14
1994-12-24,14733.00,3409.07,70.00,288.50
1994-12-25,15180.00,3409.55,70.00,295.63
1994-12-26,15860.00,3410.27,77.00,420.29
1994-12-27,17100.00,3411.54,97.00,722.38
1994-12-28,18270.00,3412.71,184.00,785.91
1994-12-29,18590.00,3413.02,374.00,527.08
1994-12-30,18460.00,3412.90,507.00,422.72
1994-12-31,17980.00,3412.42,617.00,347.55
1995-01-01,17360.00,3411.80,638.00,294.23
1995-01-02,16680.05,3411.12,617.00,244.63
1995-01-03,16070.00,3410.49,580.00,246.95
1995-01-04,15489.95,3409.88,480.00,173.67
1995-01-05,15076.00,3409.44,386.00,171.19
1995-01-06,14904.00,3409.26,262.00,171.86
1995-01-07,14913.00,3409.27,195.00,192.53
1995-01-08,14877.00,3409.23,192.00,168.08
1995-01-09,14877.00,3409.23,192.00,186.13
1995-01-10,14868.00,3409.22,192.00,181.46
1995-01-11,14831.96,3409.18,189.00,166.32
1995-01-12,14804.89,3409.15,186.00,167.59
1995-01-13,14778.04,3409.12,186.00,166.97
1995-01-14,14724.00,3409.06,186.00,152.75
1995-01-15,14670.00,3409.00,186.00,152.77
1995-01-16,14570.00,3408.90,186.00,129.58
1995-01-17,14480.00,3408.80,186.00,134.62
1995-01-18,14426.00,3408.74,186.00,152.77
1995-01-19,14326.85,3408.63,186.00,130.01
1995-01-20,14201.00,3408.49,186.00,116.55
1995-01-21,14057.07,3408.33,183.00,105.55
1995-01-22,13930.98,3408.19,183.00,113.43
1995-01-23,13787.00,3408.03,174.00,95.52
1995-01-24,13679.00,3407.91,163.00,103.05
1995-01-25,13598.04,3407.82,153.00,107.25
1995-01-26,13526.00,3407.74,138.00,96.18
1995-01-27,13444.89,3407.65,138.00,91.61
1995-01-28,13418.04,3407.62,138.00,118.97
1995-01-29,13453.91,3407.66,138.00,151.63
1995-01-30,13742.00,3407.98,143.00,283.39
1995-01-31,15356.00,3409.74,160.00,969.12
1995-02-01,18803.00,3413.23,182.00,1911.67
1995-02-02,20590.00,3414.93,197.00,1086.84
1995-02-03,21542.05,3415.82,318.00,799.38
1995-02-04,21364.87,3415.65,756.00,645.42
1995-02-05,20610.00,3414.95,967.00,542.04
1995-02-06,19769.90,3414.16,948.00,476.02
1995-02-07,18790.00,3413.22,930.00,381.00
1995-02-08,17890.00,3412.34,898.00,397.44
1995-02-09,16890.00,3411.33,876.00,325.09
1995-02-10,15900.00,3410.31,848.00,327.04
1995-02-11,14970.07,3409.33,827.00,288.16
1995-02-12,14048.04,3408.32,799.00,334.14
1995-02-13,13301.00,3407.49,649.00,285.10
1995-02-14,13068.00,3407.22,359.00,252.57
1995-02-15,13040.98,3407.19,288.00,279.38
1995-02-16,13050.00,3407.20,259.00,271.55
1995-02-17,13220.00,3407.40,244.00,335.70
1995-02-18,13553.00,3407.77,249.00,422.87
1995-02-19,15953.15,3410.37,288.00,1501.98
1995-02-20,19060.00,3413.48,322.00,1889.62
1995-02-21,20748.00,3415.08,524.00,1420.85
1995-02-22,20880.00,3415.20,1002.00,1068.55
1995-02-23,20600.00,3414.94,994.00,852.45
1995-02-24,20100.00,3414.47,978.00,729.89
1995-02-25,19488.97,3413.89,962.00,656.86
1995-02-26,18781.00,3413.21,946.00,589.68
1995-02-27,17990.00,3412.43,930.00,529.81
1995-02-28,17219.90,3411.66,906.00,519.70
1995-03-01,16249.95,3410.68,890.00,404.09
1995-03-02,15310.98,3409.69,862.00,385.20
1995-03-03,14435.00,3408.75,827.00,387.03
1995-03-04,13490.00,3407.70,799.00,325.41
1995-03-05,12664.00,3406.76,743.00,323.36
1995-03-06,11930.00,3405.90,638.00,276.58
1995-03-07,11653.00,3405.57,390.00,258.46
1995-03-08,11617.00,3405.53,297.00,280.00
1995-03-09,11388.00,3405.26,430.00,333.62
1995-03-10,10834.00,3404.58,659.00,379.02
1995-03-11,10312.00,3403.94,638.00,373.02
1995-03-12,9810.00,3403.30,610.00,360.30
1995-03-13,9340.00,3402.70,592.00,354.71
1995-03-14,8921.93,3402.16,574.00,360.42
1995-03-15,8570.00,3401.70,550.00,375.26
1995-03-16,8175.94,3401.17,532.00,334.26
1995-03-17,7892.00,3400.79,455.00,316.30
1995-03-18,7844.00,3400.73,400.00,375.41
1995-03-19,7777.90,3400.64,400.00,364.37
1995-03-20,7828.00,3400.71,341.00,370.70
1995-03-21,7892.00,3400.79,297.00,329.27
1995-03-22,7921.05,3400.83,297.00,311.65
1995-03-23,7907.02,3400.81,297.00,289.92
1995-03-24,7892.00,3400.79,273.00,266.43
1995-03-25,7914.03,3400.82,248.00,255.09
1995-03-26,7900.00,3400.80,244.00,233.42
1995-03-27,7921.05,3400.83,220.00,226.71
1995-03-28,7962.98,3400.89,195.00,213.14
1995-03-29,8002.00,3400.94,195.00,211.67
1995-03-30,8042.00,3400.99,195.00,212.42
1995-03-31,8085.00,3401.05,195.00,215.06
1995-04-01,8128.02,3401.11,199.00,216.69
1995-04-02,8159.90,3401.15,199.00,211.07
1995-04-03,8221.00,3401.23,199.00,226.39
1995-04-04,8326.14,3401.37,202.00,251.51
1995-04-05,8468.00,3401.56,202.00,271.05
1995-04-06,8602.00,3401.74,206.00,269.56
1995-04-07,8760.00,3401.95,209.00,283.71
1995-04-08,8880.00,3402.10,209.00,266.00
1995-04-09,8982.00,3402.24,209.00,256.93
1995-04-10,9086.14,3402.37,209.00,258.15
1995-04-11,9159.00,3402.47,213.00,244.56
1995-04-12,9252.00,3402.59,213.00,255.89
1995-04-13,9340.00,3402.70,213.00,253.37
1995-04-14,9368.00,3402.74,213.00,223.12
1995-04-15,9382.00,3402.76,212.00,216.06
1995-04-16,9382.00,3402.76,208.00,207.24
1995-04-17,9375.00,3402.75,208.00,204.20
1995-04-18,9260.00,3402.60,211.00,154.83
1995-04-19,9014.00,3402.28,307.00,184.97
1995-04-20,8776.00,3401.97,302.00,185.49
1995-04-21,8534.91,3401.65,298.00,179.28
1995-04-22,8294.06,3401.33,294.00,175.71
1995-04-23,8078.00,3401.04,289.00,184.21
1995-04-24,7921.05,3400.83,289.00,212.36
1995-04-25,7828.00,3400.71,284.00,242.09
1995-04-26,7791.93,3400.66,284.00,272.49
1995-04-27,7828.00,3400.71,291.00,314.37
1995-04-28,7962.98,3400.89,295.00,367.57
1995-04-29,8128.02,3401.11,299.00,386.72
1995-04-30,8294.06,3401.33,298.00,390.05
1995-05-01,8500.00,3401.60,302.00,414.67
1995-05-02,8800.00,3402.00,281.00,441.44
1995-05-03,9159.00,3402.47,265.00,452.51
1995-05-04,9578.00,3403.01,268.00,488.77
1995-05-05,10008.00,3403.56,276.00,501.65
1995-05-06,10432.00,3404.09,279.00,501.95
1995-05-07,10978.00,3404.76,283.00,569.14
1995-05-08,11840.00,3405.80,295.00,741.32
1995-05-09,12780.00,3406.90,306.00,791.11
1995-05-10,13724.00,3407.96,318.00,802.95
1995-05-11,14580.00,3408.91,321.00,760.88
1995-05-12,15220.00,3409.59,325.00,639.67
1995-05-13,15718.04,3410.12,324.00,569.27
1995-05-14,16280.00,3410.71,328.00,604.66
1995-05-15,17120.00,3411.56,332.00,749.84
1995-05-16,18350.00,3412.79,343.00,957.85
1995-05-17,19580.00,3413.98,356.00,970.79
1995-05-18,20560.00,3414.90,364.00,852.58
1995-05-19,21299.00,3415.59,368.00,734.66
1995-05-20,22048.00,3416.28,368.00,740.62
1995-05-21,22928.00,3417.08,372.00,811.73
1995-05-22,23564.87,3417.65,518.00,846.71
1995-05-23,23872.00,3417.92,703.00,840.13
1995-05-24,24080.00,3418.10,708.00,791.87
1995-05-25,24286.00,3418.28,713.00,790.86
1995-05-26,24602.00,3418.56,717.00,846.32
1995-05-27,24935.13,3418.85,729.00,860.53
1995-05-28,25364.00,3419.22,741.00,916.97
1995-05-29,26160.00,3419.90,759.00,1113.18
1995-05-30,26848.00,3420.49,785.00,1084.89
1995-05-31,27075.94,3420.68,1087.00,1141.21
1995-06-01,27112.00,3420.71,1093.00,1044.18
1995-06-02,27196.00,3420.78,1018.00,993.42
1995-06-03,27663.91,3421.17,754.00,934.14
1995-06-04,28263.91,3421.67,631.00,881.28
1995-06-05,28592.00,3421.94,628.00,777.40
1995-06-06,28718.00,3422.04,581.00,656.54
1995-06-07,28825.79,3422.13,488.00,559.07
1995-06-08,29121.22,3422.37,382.00,547.05
1995-06-09,29533.00,3422.71,316.00,536.60
1995-06-10,30091.88,3423.16,302.00,600.20
1995-06-11,30717.87,3423.66,292.00,625.42
1995-06-12,31308.78,3424.13,290.00,608.59
1995-06-13,31816.00,3424.53,284.00,561.51
1995-06-14,32276.97,3424.89,271.00,523.92
1995-06-15,32696.00,3425.22,261.00,498.22
1995-06-16,33112.00,3425.54,232.00,466.11
1995-06-17,33632.00,3425.94,223.00,509.67
1995-06-18,34074.00,3426.28,255.00,504.73
1995-06-19,34321.00,3426.47,309.00,463.43
1995-06-20,34412.00,3426.54,341.00,416.45
1995-06-21,34451.00,3426.57,386.00,441.89
1995-06-22,34203.94,3426.38,550.00,473.38
1995-06-23,33904.84,3426.15,617.00,512.14
1995-06-24,33710.00,3426.00,624.00,571.42
1995-06-25,33450.00,3425.80,673.00,592.60
1995-06-26,33060.00,3425.50,708.00,559.83
1995-06-27,32578.78,3425.13,708.00,515.26
1995-06-28,32056.00,3424.72,680.00,468.19
1995-06-29,31598.19,3424.36,638.00,454.84
1995-06-30,31192.00,3424.04,580.00,420.29
1995-07-01,30866.00,3423.78,538.00,418.08
1995-07-02,30604.00,3423.57,508.00,420.78
1995-07-03,30294.06,3423.32,475.00,357.08
1995-07-04,30020.00,3423.10,450.00,344.81
1995-07-05,29745.94,3422.88,420.00,316.11
1995-07-06,29495.94,3422.68,381.00,287.43
1995-07-07,29280.00,3422.50,368.00,290.92
1995-07-08,29069.10,3422.33,368.00,292.62
1995-07-09,28946.00,3422.23,368.00,337.10
1995-07-10,28694.00,3422.02,390.00,278.14
1995-07-11,28336.00,3421.73,400.00,220.67
1995-07-12,28000.00,3421.45,372.00,202.30
1995-07-13,27651.88,3421.16,354.00,178.49
1995-07-14,27340.00,3420.90,337.00,179.36
1995-07-15,27075.94,3420.68,313.00,179.87
1995-07-16,26764.00,3420.42,313.00,154.05
1995-07-17,26473.91,3420.17,309.00,162.75
1995-07-18,26193.00,3419.93,309.00,166.37
1995-07-19,25944.00,3419.72,293.00,167.38
1995-07-20,25690.00,3419.50,277.00,148.94
1995-07-21,25400.00,3419.25,277.00,129.45
1995-07-22,25121.00,3419.01,273.00,132.34
1995-07-23,24808.00,3418.74,273.00,115.20
1995-07-24,24508.00,3418.48,269.00,117.89
1995-07-25,24202.00,3418.21,269.00,114.72
1995-07-26,23905.00,3417.95,269.00,117.42
1995-07-27,23586.92,3417.67,265.00,104.63
1995-07-28,23267.95,3417.38,262.00,102.28
1995-07-29,22895.00,3417.05,262.00,73.47
1995-07-30,22598.00,3416.78,262.00,111.76
1995-07-31,22268.00,3416.48,258.00,92.78
1995-08-01,21993.00,3416.23,223.00,85.89
1995-08-02,21762.00,3416.02,199.00,82.18
1995-08-03,21520.00,3415.80,199.00,76.49
1995-08-04,21321.03,3415.61,202.00,101.71
1995-08-05,21112.00,3415.42,206.00,100.26
1995-08-06,20868.97,3415.19,202.00,79.77
1995-08-07,20671.00,3415.01,202.00,102.19
1995-08-08,20439.00,3414.79,192.00,75.01
1995-08-09,20250.03,3414.61,180.00,84.73
1995-08-10,20080.00,3414.45,180.00,94.28
1995-08-11,19898.00,3414.28,177.00,85.98
1995-08-12,19688.00,3414.08,177.00,69.99
1995-08-13,19510.00,3413.91,171.00,81.99
1995-08-14,19300.00,3413.71,171.00,65.12
1995-08-15,19100.00,3413.52,171.00,70.17
1995-08-16,18910.07,3413.33,171.00,75.25
1995-08-17,18729.90,3413.16,171.00,78.78
1995-08-18,18515.00,3412.95,168.00,59.65
1995-08-19,18310.00,3412.75,168.00,64.65
1995-08-20,18130.00,3412.57,165.00,75.24
1995-08-21,17916.16,3412.36,165.00,57.19
1995-08-22,17689.85,3412.14,165.00,51.91
1995-08-23,17487.00,3411.93,165.00,62.73
1995-08-24,17290.00,3411.73,168.00,68.07
1995-08-25,17080.00,3411.52,177.00,71.04
1995-08-26,16850.00,3411.29,177.00,61.04
1995-08-27,16640.00,3411.08,177.00,71.12
1995-08-28,16430.15,3410.86,174.00,72.58
1995-08-29,16219.88,3410.65,174.00,73.99
1995-08-30,16020.00,3410.44,174.00,79.23
1995-08-31,15810.00,3410.22,171.00,71.12
1995-09-01,15630.00,3410.03,163.00,76.54
1995-09-02,15450.10,3409.84,153.00,66.80
1995-09-03,15292.93,3409.67,153.00,77.42
1995-09-04,15103.00,3409.47,150.00,59.24
1995-09-05,14913.00,3409.27,150.00,59.21
1995-09-06,14751.00,3409.09,150.00,73.32
1995-09-07,14706.00,3409.04,153.00,133.57
1995-09-08,14534.13,3408.86,150.00,68.24
1995-09-09,14390.00,3408.70,148.00,79.83
1995-09-10,14228.00,3408.52,148.00,70.82
1995-09-11,14057.07,3408.33,148.00,65.80
1995-09-12,13894.89,3408.15,145.00,68.32
1995-09-13,13733.00,3407.97,150.00,68.38
1995-09-14,13571.00,3407.79,145.00,67.38
1995-09-15,13400.00,3407.60,143.00,61.39
1995-09-16,13238.00,3407.42,143.00,65.82
1995-09-17,13068.00,3407.22,143.00,61.58
1995-09-18,12879.00,3407.01,145.00,54.73
1995-09-19,12682.00,3406.78,150.00,55.68
1995-09-20,12480.00,3406.55,160.00,59.07
1995-09-21,12243.00,3406.27,170.00,48.89
1995-09-22,11994.00,3405.98,179.00,50.01
1995-09-23,11743.96,3405.68,182.00,54.42
1995-09-24,11491.96,3405.38,178.00,51.19
1995-09-25,11252.00,3405.09,178.00,56.02
1995-09-26,10986.00,3404.77,184.00,49.31
1995-09-27,10778.00,3404.51,193.00,86.00
1995-09-28,10576.00,3404.27,190.00,87.66
1995-09-29,10336.00,3403.97,186.00,65.74
1995-09-30,10111.98,3403.69,186.00,72.05
1995-10-01,9897.00,3403.41,183.00,76.00
1995-10-02,9658.02,3403.11,186.00,65.51
1995-10-03,9522.00,3402.94,194.00,125.42
1995-10-04,9361.00,3402.73,191.00,109.83
1995-10-05,9145.00,3402.45,188.00,79.10
1995-10-06,8942.98,3402.19,184.00,82.15
1995-10-07,8720.00,3401.90,181.00,68.58
1995-10-08,8500.00,3401.60,177.00,66.08
1995-10-09,8294.06,3401.33,177.00,73.17
1995-10-10,8350.00,3401.40,186.00,214.20
1995-10-11,8657.02,3401.81,194.00,348.79
1995-10-12,8752.00,3401.94,194.00,241.89
1995-10-13,8792.00,3401.99,146.00,166.17
1995-10-14,8942.98,3402.19,88.00,164.12
1995-10-15,9062.08,3402.34,81.00,141.04
1995-10-16,9426.04,3402.82,56.00,239.50
1995-10-17,10111.98,3403.69,45.00,390.83
1995-10-18,10762.00,3404.49,45.00,372.72
1995-10-19,11162.00,3404.98,45.00,246.67
1995-10-20,11474.13,3405.36,45.00,202.37
1995-10-21,11703.86,3405.63,46.00,161.82
1995-10-22,11911.96,3405.88,46.00,150.91
1995-10-23,12108.02,3406.11,48.00,146.85
1995-10-24,12261.00,3406.29,48.00,125.13
1995-10-25,12496.00,3406.57,49.00,167.48
1995-10-26,12834.00,3406.96,51.00,221.41
1995-10-27,13077.00,3407.23,49.00,171.51
1995-10-28,13256.00,3407.44,51.00,141.25
1995-10-29,13444.89,3407.65,51.00,146.23
1995-10-30,13589.02,3407.81,51.00,123.67
1995-10-31,13697.00,3407.93,51.00,105.44
1995-11-01,13805.00,3408.05,51.00,105.45
1995-11-02,13894.89,3408.15,51.00,96.32
1995-11-03,13967.00,3408.23,51.00,87.36
1995-11-04,14066.09,3408.34,52.00,101.96
1995-11-05,14147.00,3408.43,52.00,92.79
1995-11-06,14228.00,3408.52,53.00,93.84
1995-11-07,14543.15,3408.87,55.00,213.89
1995-11-08,17750.00,3412.20,69.00,1685.79
1995-11-09,19644.00,3414.04,126.00,1080.89
1995-11-10,20516.16,3414.86,210.00,649.72
1995-11-11,23191.03,3417.31,235.00,1583.58
1995-11-12,24704.87,3418.65,243.00,1006.23
1995-11-13,25756.00,3419.56,464.00,993.95
1995-11-14,25944.00,3419.72,961.00,1055.78
1995-11-15,25493.08,3419.33,1050.00,822.66
1995-11-16,24902.05,3418.82,1026.00,728.02
1995-11-17,24178.97,3418.19,1018.00,653.45
1995-11-18,23728.00,3417.79,1010.00,782.63
1995-11-19,22939.00,3417.09,994.00,596.21
1995-11-20,21971.00,3416.21,978.00,489.97
1995-11-21,20940.00,3415.26,955.00,435.20
1995-11-22,20260.05,3414.62,821.00,478.19
1995-11-23,20250.03,3414.61,709.00,703.95
1995-11-24,20880.00,3415.20,724.00,1041.61
1995-11-25,22235.00,3416.45,808.00,1491.15
1995-11-26,22157.95,3416.38,965.00,926.15
1995-11-27,21773.00,3416.03,966.00,771.92
1995-11-28,23716.00,3417.78,1006.00,1985.60
1995-11-29,32355.00,3424.95,1071.00,5426.50
1995-11-30,35794.00,3427.58,1584.00,3317.83
1995-12-01,35394.00,3427.28,1918.00,1716.33
1995-12-02,35034.00,3427.01,1257.00,1075.50
1995-12-03,35048.00,3427.02,861.00,868.06
1995-12-04,34838.19,3426.86,757.00,651.22
1995-12-05,34347.00,3426.49,750.00,502.36
1995-12-06,33073.00,3425.51,1107.00,464.69
1995-12-07,31780.00,3424.50,1083.00,431.11
1995-12-08,30416.00,3423.42,1052.00,364.32
1995-12-09,29146.97,3422.39,1028.00,388.20
1995-12-10,28084.00,3421.52,1005.00,469.09
1995-12-11,27772.00,3421.26,1006.00,848.70
1995-12-12,27639.85,3421.15,1014.00,947.38
1995-12-13,27748.00,3421.24,1015.00,1069.52
1995-12-14,27304.21,3420.87,1015.00,791.25
1995-12-15,26558.00,3420.24,1016.00,639.79
1995-12-16,25618.00,3419.44,992.00,518.08
1995-12-17,24614.00,3418.57,985.00,478.82
1995-12-18,23553.84,3417.64,961.00,426.50
1995-12-19,22443.84,3416.64,946.00,386.37
1995-12-20,21321.03,3415.61,923.00,356.92
1995-12-21,20141.00,3414.51,899.00,304.07
1995-12-22,19030.00,3413.45,870.00,309.87
1995-12-23,17937.95,3412.38,836.00,285.42
1995-12-24,16840.00,3411.28,815.00,261.45
1995-12-25,15771.96,3410.18,788.00,249.53
1995-12-26,14922.00,3409.28,655.00,226.48
1995-12-27,14822.93,3409.17,398.00,348.05
1995-12-28,14489.02,3408.81,260.00,91.65
1995-12-29,14534.13,3408.86,243.00,265.74
1995-12-30,14688.00,3409.02,247.00,324.58
1995-12-31,14990.12,3409.35,250.00,402.32
1996-01-01,15200.00,3409.57,251.00,356.81
1996-01-02,15450.10,3409.84,251.00,377.09
1996-01-03,16170.00,3410.60,258.00,620.95
1996-01-04,16560.00,3411.00,285.00,481.63
1996-01-05,16760.00,3411.20,318.00,418.83
1996-01-06,16960.00,3411.40,318.00,418.83
1996-01-07,18120.00,3412.56,334.00,918.83
1996-01-08,18709.85,3413.14,522.00,819.38
1996-01-09,18559.00,3412.99,788.00,711.94
1996-01-10,18170.03,3412.61,782.00,585.89
1996-01-11,17600.00,3412.05,768.00,480.61
1996-01-12,17110.00,3411.55,692.00,444.96
1996-01-13,16680.05,3411.12,608.00,391.23
1996-01-14,16410.10,3410.84,603.00,466.90
1996-01-15,16689.83,3411.13,616.00,757.03
1996-01-16,16800.00,3411.24,617.00,672.55
1996-01-17,16620.00,3411.06,617.00,526.25
1996-01-18,16330.00,3410.76,610.00,463.79
1996-01-19,15950.00,3410.37,605.00,413.42
1996-01-20,15560.00,3409.96,605.00,408.37
1996-01-21,15140.00,3409.51,593.00,381.25
1996-01-22,14930.00,3409.28,486.00,380.12
1996-01-23,14877.00,3409.23,351.00,324.28
1996-01-24,14786.85,3409.13,360.00,314.55
1996-01-25,14688.00,3409.02,327.00,277.17
1996-01-26,14640.00,3408.97,299.00,274.80
1996-01-27,14560.98,3408.89,299.00,259.16
1996-01-28,14498.04,3408.82,295.00,263.27
1996-01-29,14318.04,3408.62,267.00,176.25
1996-01-30,14255.00,3408.55,239.00,207.22
1996-01-31,14335.87,3408.64,208.00,248.77
1996-02-01,14353.91,3408.66,198.00,207.10
1996-02-02,14335.87,3408.64,198.00,188.90
1996-02-03,14326.85,3408.63,198.00,193.45
1996-02-04,14326.85,3408.63,194.00,194.00
1996-02-05,14471.00,3408.79,198.00,270.68
1996-02-06,15103.00,3409.47,212.00,530.63
1996-02-07,17872.05,3412.32,241.00,1637.07
1996-02-08,26497.97,3420.19,337.00,4685.90
1996-02-09,32468.00,3425.04,716.00,3725.89
1996-02-10,33697.00,3425.99,1251.00,1870.62
1996-02-11,33788.00,3426.06,1236.00,1281.88
1996-02-12,33293.94,3425.68,1212.00,962.91
1996-02-13,32480.00,3425.05,1188.00,777.64
1996-02-14,31533.03,3424.31,1165.00,687.57
1996-02-15,30468.00,3423.46,1141.00,604.05
1996-02-16,29447.82,3422.64,1125.00,610.66
1996-02-17,28605.00,3421.95,1110.00,685.08
1996-02-18,28515.94,3421.88,1118.00,1073.10
1996-02-19,28336.00,3421.73,1111.00,1020.28
1996-02-20,27892.18,3421.36,1103.00,879.24
1996-02-21,27172.00,3420.76,1087.00,723.91
1996-02-22,26354.00,3420.07,1064.00,651.59
1996-02-23,25424.00,3419.27,1056.00,587.12
1996-02-24,24387.19,3418.37,1048.00,525.27
1996-02-25,23312.00,3417.42,1025.00,482.93
1996-02-26,22191.00,3416.41,1001.00,435.83
1996-02-27,21046.16,3415.36,986.00,408.81
1996-02-28,19677.00,3414.07,962.00,271.71
1996-02-29,18570.00,3413.00,920.00,361.89
1996-03-01,17640.00,3412.09,880.00,411.12
1996-03-02,16488.00,3410.92,857.00,276.20
1996-03-03,15510.00,3409.90,828.00,334.92
1996-03-04,14751.00,3409.09,693.00,310.34
1996-03-05,14318.04,3408.62,478.00,259.72
1996-03-06,14039.02,3408.31,388.00,247.33
1996-03-07,13885.87,3408.14,322.00,244.78
1996-03-08,13885.87,3408.14,244.00,244.00
1996-03-09,13930.98,3408.19,244.00,266.74
1996-03-10,14039.02,3408.31,251.00,305.47
1996-03-11,14174.00,3408.46,255.00,323.05
1996-03-12,14318.04,3408.62,255.00,327.62
1996-03-13,14444.00,3408.76,251.00,314.50
1996-03-14,14570.00,3408.90,251.00,314.53
1996-03-15,14700.00,3409.04,250.00,315.54
1996-03-16,14830.00,3409.18,252.00,317.54
1996-03-17,14950.00,3409.31,251.00,311.50
1996-03-18,15090.00,3409.46,253.00,323.58
1996-03-19,15230.00,3409.60,255.00,325.58
1996-03-20,15292.93,3409.67,254.00,285.73
1996-03-21,15365.00,3409.75,253.00,289.33
1996-03-22,15420.02,3409.81,252.00,279.74
1996-03-23,15470.15,3409.86,251.00,276.27
1996-03-24,15470.15,3409.86,249.00,249.00
1996-03-25,15470.15,3409.86,245.00,245.00
1996-03-26,15440.07,3409.83,240.00,224.84
1996-03-27,15401.00,3409.79,242.00,222.30
1996-03-28,15401.00,3409.79,213.00,213.00
1996-03-29,15470.15,3409.86,179.00,213.86
1996-03-30,15499.98,3409.89,178.00,193.04
1996-03-31,15591.00,3409.99,177.00,222.89
1996-04-01,15753.91,3410.16,179.00,261.13
1996-04-02,15870.00,3410.28,156.00,214.53
1996-04-03,16030.00,3410.45,120.00,200.67
1996-04-04,16190.05,3410.62,108.00,188.69
1996-04-05,16370.00,3410.80,107.00,197.73
1996-04-06,16600.00,3411.04,108.00,223.96
1996-04-07,16970.00,3411.41,112.00,298.54
1996-04-08,17570.00,3412.02,98.00,400.50
1996-04-09,18709.85,3413.14,91.00,665.68
1996-04-10,19843.00,3414.23,97.00,668.29
1996-04-11,20910.00,3415.23,102.00,639.95
1996-04-12,21795.00,3416.05,102.00,548.19
1996-04-13,22532.00,3416.72,102.00,473.57
1996-04-14,23180.00,3417.30,102.00,428.70
1996-04-15,23972.00,3418.01,102.00,501.30
1996-04-16,24784.00,3418.72,106.00,515.38
1996-04-17,25570.00,3419.40,104.00,500.28
1996-04-18,26237.00,3419.97,104.00,440.28
1996-04-19,26696.16,3420.36,168.00,399.49
1996-04-20,26884.00,3420.52,269.00,363.70
1996-04-21,27027.82,3420.64,269.00,341.51
1996-04-22,27364.00,3420.92,216.00,385.49
1996-04-23,29121.22,3422.37,199.00,1084.93
1996-04-24,31179.00,3424.03,345.00,1382.46
1996-04-25,31702.00,3424.44,729.00,992.68
1996-04-26,31308.78,3424.13,946.00,747.75
1996-04-27,30640.00,3423.60,930.00,592.82
1996-04-28,29848.00,3422.96,914.00,514.70
1996-04-29,29196.00,3422.43,771.00,442.28
1996-04-30,29388.00,3422.59,354.00,450.80
1996-05-01,29674.06,3422.82,273.00,417.22
1996-05-02,29984.00,3423.07,230.00,386.26
1996-05-03,30282.03,3423.31,213.00,363.26
1996-05-04,30507.00,3423.49,213.00,326.42
1996-05-05,30730.90,3423.67,213.00,325.89
1996-05-06,30993.94,3423.88,174.00,306.61
1996-05-07,31347.87,3424.16,120.00,298.44
1996-05-08,31676.00,3424.42,104.00,269.43
1996-05-09,31990.90,3424.67,104.00,262.76
1996-05-10,32290.00,3424.90,104.00,254.79
1996-05-11,32722.00,3425.24,104.00,321.80
1996-05-12,33267.87,3425.66,104.00,379.21
1996-05-13,34152.13,3426.34,104.00,549.81
1996-05-14,35186.06,3427.12,150.00,671.28
1996-05-15,35498.19,3427.36,562.00,719.37
1996-05-16,35381.00,3427.27,764.00,704.92
1996-05-17,35472.13,3427.34,675.00,720.94
1996-05-18,35536.97,3427.39,718.00,750.69
1996-05-19,35472.13,3427.34,727.00,694.31
1996-05-20,35394.00,3427.28,616.00,576.61
1996-05-21,35368.00,3427.26,545.00,531.89
1996-05-22,35342.00,3427.24,510.00,496.89
1996-05-23,35290.00,3427.20,478.00,451.78
1996-05-24,35290.00,3427.20,459.00,459.00
1996-05-25,35394.00,3427.28,490.00,542.43
1996-05-26,35550.00,3427.40,600.00,678.65
1996-05-27,35536.97,3427.39,726.00,719.43
1996-05-28,35407.00,3427.29,657.00,591.47
1996-05-29,35316.00,3427.22,580.00,534.12
1996-05-30,35224.84,3427.15,527.00,481.04
1996-05-31,35160.00,3427.10,482.00,449.31
1996-06-01,35173.03,3427.11,468.00,474.57
1996-06-02,35316.00,3427.22,514.00,586.08
1996-06-03,35634.00,3427.46,688.00,848.33
1996-06-04,35755.00,3427.55,865.00,926.00
1996-06-05,35676.00,3427.49,852.00,812.17
1996-06-06,35634.00,3427.46,805.00,783.83
1996-06-07,35716.00,3427.52,842.00,883.34
1996-06-08,35690.00,3427.50,864.00,850.89
1996-06-09,35550.00,3427.40,796.00,725.42
1996-06-10,35407.00,3427.29,692.00,619.90
1996-06-11,35342.00,3427.24,617.00,584.23
1996-06-12,35303.00,3427.21,579.00,559.34
1996-06-13,35276.97,3427.19,561.00,547.88
1996-06-14,35276.97,3427.19,560.00,560.00
1996-06-15,35250.91,3427.17,548.00,534.86
1996-06-16,35173.03,3427.11,523.00,483.74
1996-06-17,35062.00,3427.03,472.00,416.02
1996-06-18,34981.00,3426.97,422.00,381.16
1996-06-19,34916.00,3426.92,378.00,345.23
1996-06-20,34876.97,3426.89,355.00,335.32
1996-06-21,34903.00,3426.91,350.00,363.12
1996-06-22,34929.00,3426.93,368.00,381.11
1996-06-23,34942.00,3426.94,367.00,373.55
1996-06-24,34942.00,3426.94,376.00,376.00
1996-06-25,34929.00,3426.93,371.00,364.45
1996-06-26,34903.00,3426.91,357.00,343.89
1996-06-27,34890.00,3426.90,352.00,345.45
1996-06-28,34851.22,3426.87,339.00,319.45
1996-06-29,34825.16,3426.85,327.00,313.86
1996-06-30,34825.16,3426.85,318.00,318.00
1996-07-01,34825.16,3426.85,322.00,322.00
1996-07-02,34851.22,3426.87,334.00,347.14
1996-07-03,34863.94,3426.88,337.00,343.41
1996-07-04,34838.19,3426.86,333.00,320.02
1996-07-05,34786.06,3426.82,313.00,286.72
1996-07-06,34732.00,3426.78,288.00,260.74
1996-07-07,34676.00,3426.74,272.00,243.77
1996-07-08,34662.00,3426.73,264.00,256.94
1996-07-09,34718.00,3426.77,211.00,239.23
1996-07-10,34812.13,3426.84,185.00,232.46
1996-07-11,34851.22,3426.87,200.00,219.71
1996-07-12,34863.94,3426.88,210.00,216.41
1996-07-13,34863.94,3426.88,213.00,213.00
1996-07-14,34838.19,3426.86,210.00,197.02
1996-07-15,34825.16,3426.85,206.00,199.43
1996-07-16,34773.03,3426.81,189.00,162.72
1996-07-17,34760.00,3426.80,175.00,168.43
1996-07-18,34760.00,3426.80,172.00,172.00
1996-07-19,34786.06,3426.82,179.00,192.14
1996-07-20,34760.00,3426.80,179.00,165.86
1996-07-21,34746.00,3426.79,165.00,157.94
1996-07-22,34704.00,3426.76,160.00,138.82
1996-07-23,34690.00,3426.75,156.00,148.94
1996-07-24,34648.00,3426.72,159.00,137.82
1996-07-25,34593.94,3426.68,152.00,124.74
1996-07-26,34399.00,3426.53,215.00,116.72
1996-07-27,34061.00,3426.27,297.00,126.59
1996-07-28,33762.00,3426.04,274.00,123.25
1996-07-29,33476.06,3425.82,271.00,126.84
1996-07-30,33047.00,3425.49,311.00,94.68
1996-07-31,32722.00,3425.24,272.00,108.15
1996-08-01,32504.00,3425.07,273.00,163.09
1996-08-02,32082.00,3424.74,269.00,56.24
1996-08-03,31767.00,3424.49,270.00,111.19
1996-08-04,31436.00,3424.23,271.00,104.12
1996-08-05,31116.00,3423.98,268.00,106.67
1996-08-06,30794.00,3423.72,268.00,105.66
1996-08-07,30494.00,3423.48,269.00,117.75
1996-08-08,30153.00,3423.21,270.00,98.08
1996-08-09,29848.00,3422.96,267.00,113.23
1996-08-10,29507.97,3422.69,267.00,95.57
1996-08-11,29184.00,3422.42,268.00,104.66
1996-08-12,28861.88,3422.16,265.00,102.60
1996-08-13,28515.94,3421.88,266.00,91.59
1996-08-14,28048.00,3421.49,334.00,98.08
1996-08-15,27424.00,3420.97,413.00,98.40
1996-08-16,26776.00,3420.43,408.00,81.30
1996-08-17,26160.00,3419.90,409.00,98.43
1996-08-18,25547.95,3419.38,405.00,96.42
1996-08-19,24946.16,3418.86,401.00,97.60
1996-08-20,24343.08,3418.33,402.00,97.95
1996-08-21,23751.03,3417.81,398.00,99.51
1996-08-22,23168.00,3417.29,394.00,100.06
1996-08-23,22576.00,3416.76,390.00,91.53
1996-08-24,22004.00,3416.24,391.00,102.62
1996-08-25,21440.00,3415.72,387.00,102.65
1996-08-26,20857.95,3415.18,388.00,94.55
1996-08-27,20309.93,3414.67,384.00,107.71
1996-08-28,19739.83,3414.13,399.00,111.58
1996-08-29,19202.05,3413.62,390.00,118.87
1996-08-30,18660.00,3413.09,378.00,104.71
1996-08-31,18120.00,3412.56,374.00,101.75
1996-09-01,17580.00,3412.03,375.00,102.75
1996-09-02,17070.00,3411.51,371.00,113.87
1996-09-03,16590.00,3411.03,354.00,112.00
1996-09-04,16190.05,3410.62,307.00,105.36
1996-09-05,15870.00,3410.28,265.00,103.64
1996-09-06,15564.00,3409.96,249.00,94.72
1996-09-07,15265.87,3409.64,247.00,96.69
1996-09-08,14960.05,3409.32,245.00,90.82
1996-09-09,14670.00,3409.00,239.00,92.77
1996-09-10,14371.96,3408.68,237.00,86.74
1996-09-11,14101.96,3408.38,232.00,95.87
1996-09-12,13814.00,3408.06,230.00,84.82
1996-09-13,13526.00,3407.74,228.00,82.80
1996-09-14,13256.00,3407.44,223.00,86.87
1996-09-15,13050.00,3407.20,221.00,117.14
1996-09-16,12780.00,3406.90,215.00,78.87
1996-09-17,12520.00,3406.60,213.00,81.92
1996-09-18,12261.00,3406.29,208.00,77.42
1996-09-19,12002.00,3405.99,206.00,75.42
1996-09-20,11735.94,3405.67,200.00,65.86
1996-09-21,11500.98,3405.39,199.00,80.54
1996-09-22,11236.00,3405.07,193.00,59.41
1996-09-23,10986.00,3404.77,189.00,62.96
1996-09-24,10746.00,3404.47,187.00,66.00
1996-09-25,10495.94,3404.17,182.00,55.93
1996-09-26,10256.14,3403.87,178.00,57.10
1996-09-27,10016.00,3403.57,176.00,54.93
1996-09-28,9794.00,3403.28,171.00,59.07
1996-09-29,9538.00,3402.96,167.00,37.93
1996-09-30,9315.94,3402.67,165.00,53.05
1996-10-01,9078.12,3402.36,163.00,44.00
1996-10-02,8840.00,3402.05,160.00,39.95
1996-10-03,8650.00,3401.80,153.00,57.21
1996-10-04,8476.00,3401.57,135.00,47.27
1996-10-05,8333.96,3401.38,128.00,56.39
1996-10-06,8175.94,3401.17,128.00,48.33
1996-10-07,8026.00,3400.97,120.00,44.40
1996-10-08,7907.02,3400.81,111.00,51.01
1996-10-09,7798.95,3400.67,97.00,42.52
1996-10-10,7743.00,3400.59,72.00,43.79
1996-10-11,7722.00,3400.56,67.00,56.41
1996-10-12,7701.00,3400.53,67.00,56.41
1996-10-13,7701.00,3400.53,67.00,67.00
1996-10-14,7777.90,3400.64,69.00,107.77
1996-10-15,7820.00,3400.70,58.00,79.23
1996-10-16,7860.00,3400.75,46.00,66.17
1996-10-17,7921.05,3400.83,43.00,73.78
1996-10-18,8120.00,3401.10,43.00,143.30
1996-10-19,8191.98,3401.19,48.00,84.29
1996-10-20,8214.00,3401.22,53.00,64.10
1996-10-21,8278.02,3401.31,53.00,85.28
1996-10-22,8468.00,3401.56,56.00,151.78
1996-10-23,8678.07,3401.84,56.00,161.91
1996-10-24,8880.00,3402.10,59.00,160.81
1996-10-25,8998.00,3402.26,58.00,117.49
1996-10-26,9101.98,3402.39,58.00,110.42
1996-10-27,9180.00,3402.50,58.00,97.33
1996-10-28,9244.00,3402.58,109.00,141.27
1996-10-29,9220.00,3402.55,223.00,210.90
1996-10-30,9093.96,3402.38,220.00,156.46
1996-10-31,8921.93,3402.16,216.00,129.27
1996-11-01,8744.00,3401.93,216.00,126.29
1996-11-02,8555.97,3401.68,213.00,118.20
1996-11-03,8350.00,3401.40,209.00,105.16
1996-11-04,8159.90,3401.15,209.00,113.16
1996-11-05,7962.98,3400.89,206.00,106.72
1996-11-06,7798.95,3400.67,206.00,123.30
1996-11-07,7600.00,3400.40,199.00,98.70
1996-11-08,7451.98,3400.19,199.00,124.37
1996-11-09,7317.00,3400.01,195.00,126.95
1996-11-10,7198.07,3399.84,195.00,135.04
1996-11-11,7100.00,3399.70,192.00,142.56
1996-11-12,7059.90,3399.65,192.00,171.78
1996-11-13,7303.00,3399.99,192.00,314.56
1996-11-14,7396.04,3400.12,195.00,241.91
1996-11-15,7411.88,3400.14,195.00,202.99
1996-11-16,7396.04,3400.12,195.00,187.01
1996-11-17,7366.00,3400.08,195.00,179.86
1996-11-18,7300.00,3399.99,183.00,149.72
1996-11-19,7380.00,3400.10,171.00,211.33
1996-11-20,7338.00,3400.04,171.00,149.82
1996-11-21,7296.00,3399.98,171.00,149.82
1996-11-22,7225.97,3399.88,168.00,132.69
1996-11-23,7149.00,3399.77,168.00,129.20
1996-11-24,7083.96,3399.68,168.00,135.21
1996-11-25,6978.00,3399.54,168.00,114.58
1996-11-26,6852.10,3399.36,165.00,101.53
1996-11-27,7083.96,3399.68,171.00,287.90
1996-11-28,8160.00,3401.15,183.00,725.50
1996-11-29,8690.00,3401.86,186.00,453.21
1996-11-30,9080.00,3402.36,192.00,388.63
1996-12-01,9430.00,3402.82,195.00,371.46
1996-12-02,9658.02,3403.11,199.00,313.96
1996-12-03,9770.00,3403.25,199.00,255.46
1996-12-04,9881.98,3403.39,199.00,255.46
1996-12-05,9946.00,3403.48,199.00,231.28
1996-12-06,9960.00,3403.50,199.00,206.06
1996-12-07,9992.00,3403.54,199.00,215.13
1996-12-08,9992.00,3403.54,199.00,199.00
1996-12-09,9946.00,3403.48,199.00,175.81
1996-12-10,9932.00,3403.46,199.00,191.94
1996-12-11,9858.12,3403.36,195.00,157.75
1996-12-12,9738.00,3403.21,195.00,134.44
1996-12-13,9666.04,3403.12,195.00,158.72
1996-12-14,9538.00,3402.96,192.00,127.45
1996-12-15,9410.00,3402.80,192.00,127.47
1996-12-16,9276.04,3402.62,192.00,124.46
1996-12-17,9110.00,3402.40,189.00,105.29
1996-12-18,8824.00,3402.03,242.00,97.81
1996-12-19,8514.03,3401.62,301.00,144.73
1996-12-20,8200.00,3401.20,297.00,138.67
1996-12-21,7884.00,3400.78,293.00,133.68
1996-12-22,7565.09,3400.35,285.00,124.21
1996-12-23,7280.00,3399.95,281.00,137.27
1996-12-24,7051.88,3399.64,277.00,161.99
1996-12-25,6789.00,3399.27,269.00,136.46
1996-12-26,6548.00,3398.94,265.00,143.50
1996-12-27,6290.00,3398.57,258.00,127.92
1996-12-28,6070.00,3398.25,251.00,140.08
1996-12-29,5840.00,3397.92,251.00,135.04
1996-12-30,5840.00,3397.92,248.00,248.00
1996-12-31,6358.95,3398.67,220.00,481.64
1997-01-01,7914.03,3400.82,192.00,976.02
1997-01-02,9705.94,3403.17,216.00,1119.42
1997-01-03,10905.94,3404.67,223.00,828.00
1997-01-04,11599.00,3405.51,227.00,576.42
1997-01-05,12064.00,3406.06,230.00,464.44
1997-01-06,12377.00,3406.43,230.00,387.80
1997-01-07,12582.93,3406.67,230.00,333.82
1997-01-08,12716.04,3406.82,230.00,297.11
1997-01-09,12732.08,3406.84,265.00,273.09
1997-01-10,12512.00,3406.59,351.00,240.04
1997-01-11,12171.98,3406.19,385.00,213.57
1997-01-12,11808.00,3405.76,382.00,198.49
1997-01-13,11404.00,3405.28,393.00,189.32
1997-01-14,10954.00,3404.73,400.00,173.12
1997-01-15,10487.92,3404.16,397.00,162.02
1997-01-16,10071.88,3403.64,389.00,179.25
1997-01-17,9794.00,3403.28,386.00,245.90
1997-01-18,9746.00,3403.22,388.00,363.80
1997-01-19,9794.00,3403.28,390.00,414.20
1997-01-20,9834.06,3403.33,397.00,417.20
1997-01-21,9810.00,3403.30,394.00,381.87
1997-01-22,9666.04,3403.12,396.00,323.42
1997-01-23,9498.00,3402.91,393.00,308.28
1997-01-24,9283.86,3402.63,395.00,287.04
1997-01-25,9020.00,3402.29,387.00,253.97
1997-01-26,8744.00,3401.93,385.00,245.85
1997-01-27,8484.00,3401.58,382.00,250.92
1997-01-28,8120.00,3401.10,375.00,191.48
1997-01-29,7970.00,3400.90,372.00,296.37
1997-01-30,8136.04,3401.12,378.00,461.71
1997-01-31,8378.00,3401.44,385.00,506.99
1997-02-01,8548.95,3401.67,391.00,477.19
1997-02-02,8602.00,3401.74,393.00,419.75
1997-02-03,8586.00,3401.72,395.00,386.93
1997-02-04,8500.00,3401.60,397.00,353.64
1997-02-05,8357.00,3401.41,394.00,321.90
1997-02-06,8175.94,3401.17,391.00,299.72
1997-02-07,7978.00,3400.91,393.00,293.20
1997-02-08,7750.00,3400.60,386.00,271.05
1997-02-09,7516.00,3400.28,383.00,265.02
1997-02-10,7280.00,3399.96,380.00,261.02
1997-02-11,7059.90,3399.65,377.00,266.03
1997-02-12,6845.09,3399.35,375.00,266.70
1997-02-13,6583.00,3398.99,368.00,235.87
1997-02-14,6450.00,3398.80,363.00,295.95
1997-02-15,6387.00,3398.71,363.00,331.24
1997-02-16,6310.00,3398.60,359.00,320.18
1997-02-17,6198.00,3398.44,359.00,302.53
1997-02-18,6121.05,3398.33,354.00,315.20
1997-02-19,6058.00,3398.24,354.00,322.21
1997-02-20,5911.00,3398.03,350.00,275.89
1997-02-21,5757.02,3397.81,344.00,266.37
1997-02-22,5582.00,3397.56,336.00,247.76
1997-02-23,5452.10,3397.36,315.00,249.51
1997-02-24,5318.95,3397.17,294.00,226.87
1997-02-25,5270.00,3397.10,255.00,230.32
1997-02-26,5260.00,3397.08,223.00,217.96
1997-02-27,5250.00,3397.07,223.00,217.96
1997-02-28,5235.00,3397.05,219.00,211.44
1997-03-01,5235.00,3397.05,221.00,221.00
1997-03-02,5235.00,3397.05,221.00,221.00
1997-03-03,5207.00,3397.01,217.00,202.88
1997-03-04,5151.00,3396.93,216.00,187.77
1997-03-05,5102.10,3396.86,212.00,187.35
1997-03-06,5115.97,3396.88,198.00,204.99
1997-03-07,5144.00,3396.92,185.00,199.13
1997-03-08,5137.00,3396.91,181.00,177.47
1997-03-09,5228.00,3397.04,187.00,232.88
1997-03-10,5228.00,3397.04,186.00,186.00
1997-03-11,5228.00,3397.04,186.00,186.00
1997-03-12,5214.00,3397.02,182.00,174.94
1997-03-13,5179.00,3396.97,182.00,164.35
1997-03-14,5070.00,3396.81,179.00,124.05
1997-03-15,5000.00,3396.70,181.00,145.71
1997-03-16,5090.00,3396.84,187.00,232.38
1997-03-17,5350.00,3397.22,189.00,320.08
1997-03-18,5841.00,3397.93,198.00,445.55
1997-03-19,7750.00,3400.60,233.00,1195.45
1997-03-20,10111.98,3403.69,263.00,1453.83
1997-03-21,11608.00,3405.52,283.00,1037.24
1997-03-22,12619.00,3406.71,290.00,799.71
1997-03-23,13337.00,3407.53,293.00,654.99
1997-03-24,13850.00,3408.10,317.00,575.64
1997-03-25,14057.07,3408.33,419.00,523.40
1997-03-26,13985.00,3408.25,578.00,541.67
1997-03-27,13751.00,3407.99,648.00,530.02
1997-03-28,13444.89,3407.65,633.00,478.67
1997-03-29,13068.00,3407.22,625.00,434.98
1997-03-30,12655.00,3406.75,610.00,401.78
1997-03-31,12234.00,3406.26,597.00,384.75
1997-04-01,11776.00,3405.72,584.00,353.09
1997-04-02,11268.02,3405.11,571.00,314.89
1997-04-03,10754.00,3404.48,558.00,298.85
1997-04-04,10232.08,3403.84,545.00,281.86
1997-04-05,9721.98,3403.19,532.00,274.83
1997-04-06,9268.02,3402.61,513.00,284.13
1997-04-07,8768.00,3401.96,494.00,241.91
1997-04-08,8341.98,3401.39,483.00,268.22
1997-04-09,7907.02,3400.81,467.00,247.71
1997-04-10,7516.00,3400.28,446.00,248.86
1997-04-11,7270.00,3399.94,368.00,243.97
1997-04-12,7120.00,3399.74,313.00,237.37
1997-04-13,7006.00,3399.58,312.00,254.52
1997-04-14,6978.00,3399.54,271.00,256.88
1997-04-15,7036.04,3399.62,228.00,257.26
1997-04-16,7177.02,3399.81,227.00,298.08
1997-04-17,7380.00,3400.10,234.00,336.34
1997-04-18,7616.00,3400.42,237.00,355.98
1997-04-19,8057.00,3401.01,247.00,469.34
1997-04-20,9530.00,3402.95,272.00,1014.64
1997-04-21,10762.00,3404.49,287.00,908.13
1997-04-22,11696.04,3405.62,298.00,768.91
1997-04-23,12456.00,3406.52,306.00,689.15
1997-04-24,13131.00,3407.29,309.00,649.31
1997-04-25,13553.00,3407.77,386.00,598.76
1997-04-26,13787.00,3408.03,491.00,608.98
1997-04-27,14237.00,3408.53,503.00,729.88
1997-04-28,14679.00,3409.01,510.00,732.84
1997-04-29,14990.12,3409.35,516.00,672.86
1997-04-30,15076.00,3409.44,627.00,670.30
1997-05-01,14769.02,3409.11,725.00,570.23
1997-05-02,14399.00,3408.71,705.00,518.45
1997-05-03,14030.00,3408.30,698.00,511.96
1997-05-04,13651.96,3407.88,692.00,501.40
1997-05-05,13283.00,3407.47,692.00,505.98
1997-05-06,13040.98,3407.19,699.00,576.98
1997-05-07,12825.00,3406.95,700.00,591.11
1997-05-08,12682.00,3406.78,693.00,620.90
1997-05-09,12682.00,3406.78,694.00,694.00
1997-05-10,13040.98,3407.19,715.00,895.98
1997-05-11,13751.00,3407.99,744.00,1101.97
1997-05-12,14877.00,3409.23,793.00,1360.69
1997-05-13,16680.05,3411.12,864.00,1773.04
1997-05-14,18880.00,3413.30,948.00,2057.14
1997-05-15,21255.00,3415.55,1029.00,2226.40
1997-05-16,23455.00,3417.55,1069.00,2178.17
1997-05-17,25364.00,3419.22,1094.00,2056.45
1997-05-18,26641.03,3420.31,1102.00,1745.83
1997-05-19,27460.00,3421.00,1103.00,1515.90
1997-05-20,28168.00,3421.59,1103.00,1459.95
1997-05-21,28336.00,3421.73,1096.00,1180.70
1997-05-22,28287.97,3421.69,1080.00,1055.79
1997-05-23,28192.03,3421.61,1073.00,1024.63
1997-05-24,28000.00,3421.45,1073.00,976.19
1997-05-25,27760.00,3421.25,1066.00,945.00
1997-05-26,27424.00,3420.97,1059.00,889.60
1997-05-27,27232.03,3420.81,1051.00,954.21
1997-05-28,27364.00,3420.92,1060.00,1126.54
1997-05-29,27844.06,3421.32,1076.00,1318.03
1997-05-30,28631.00,3421.97,1109.00,1505.75
1997-05-31,29745.94,3422.88,1133.00,1695.12
1997-06-01,31270.00,3424.10,1150.00,1918.38
1997-06-02,32030.00,3424.70,1150.00,1533.17
1997-06-03,32617.87,3425.16,1151.00,1447.39
1997-06-04,33177.00,3425.59,1151.00,1432.89
1997-06-05,33528.19,3425.86,1144.00,1321.06
1997-06-06,33762.00,3426.04,1136.00,1253.88
1997-06-07,34009.00,3426.23,1145.00,1269.53
1997-06-08,34165.16,3426.35,1161.00,1239.73
1997-06-09,34968.00,3426.96,771.00,1175.77
1997-06-10,35716.00,3427.52,1018.00,1395.12
1997-06-11,35992.00,3427.73,1327.00,1466.15
1997-06-12,35992.00,3427.73,1354.00,1354.00
1997-06-13,35884.84,3427.65,1228.00,1173.97
1997-06-14,35923.94,3427.68,1212.00,1231.71
1997-06-15,36090.00,3427.80,1293.00,1376.72
1997-06-16,36181.22,3427.87,1447.00,1492.99
1997-06-17,36129.09,3427.83,1411.00,1384.72
1997-06-18,36103.03,3427.81,1412.00,1398.86
1997-06-19,35820.00,3427.60,1247.00,1104.31
1997-06-20,35620.00,3427.45,1071.00,970.17
1997-06-21,35592.00,3427.43,1008.00,993.88
1997-06-22,35498.19,3427.36,952.00,904.70
1997-06-23,35407.00,3427.29,882.00,836.02
1997-06-24,35342.00,3427.24,813.00,780.23
1997-06-25,35578.00,3427.42,813.00,931.98
1997-06-26,35606.00,3427.44,826.00,840.12
1997-06-27,35564.00,3427.41,819.00,797.83
1997-06-28,35592.00,3427.43,804.00,818.12
1997-06-29,35807.00,3427.59,936.00,1044.40
1997-06-30,35703.00,3427.51,927.00,874.57
1997-07-01,35564.00,3427.41,831.00,760.92
1997-07-02,35472.13,3427.34,760.00,713.68
1997-07-03,35485.16,3427.35,739.00,745.57
1997-07-04,35606.00,3427.44,787.00,847.92
1997-07-05,35742.00,3427.54,892.00,960.57
1997-07-06,35742.00,3427.54,915.00,915.00
1997-07-07,35634.00,3427.46,870.00,815.55
1997-07-08,35620.00,3427.45,820.00,812.94
1997-07-09,35846.06,3427.62,945.00,1058.97
1997-07-10,35662.00,3427.48,905.00,812.20
1997-07-11,35446.06,3427.32,755.00,646.13
1997-07-12,35342.00,3427.24,657.00,604.54
1997-07-13,35290.00,3427.20,607.00,580.78
1997-07-14,35303.00,3427.21,601.00,607.55
1997-07-15,35303.00,3427.21,607.00,607.00
1997-07-16,35263.94,3427.18,588.00,568.31
1997-07-17,35224.84,3427.15,564.00,544.29
1997-07-18,35198.78,3427.13,539.00,525.86
1997-07-19,35146.00,3427.09,515.00,488.39
1997-07-20,35118.00,3427.07,496.00,481.88
1997-07-21,35062.00,3427.03,502.00,473.77
1997-07-22,34994.00,3426.98,463.00,428.72
1997-07-23,34929.00,3426.93,421.00,388.23
1997-07-24,34863.94,3426.88,389.00,356.20
1997-07-25,34825.16,3426.85,360.00,340.45
1997-07-26,34786.06,3426.82,337.00,317.29
1997-07-27,34746.00,3426.79,319.00,298.80
1997-07-28,34718.00,3426.77,306.00,291.88
1997-07-29,34773.03,3426.81,304.00,331.74
1997-07-30,34690.00,3426.75,306.00,264.14
1997-07-31,34648.00,3426.72,273.00,251.82
1997-08-01,34606.97,3426.69,253.00,232.31
1997-08-02,34567.87,3426.66,241.00,221.29
1997-08-03,34554.84,3426.65,225.00,218.43
1997-08-04,34528.78,3426.63,217.00,203.86
1997-08-05,34503.03,3426.61,198.00,185.02
1997-08-06,34490.00,3426.60,197.00,190.43
1997-08-07,34360.00,3426.50,234.00,168.46
1997-08-08,34139.09,3426.33,272.00,160.63
1997-08-09,34022.00,3426.24,220.00,160.97
1997-08-10,33891.81,3426.14,198.00,132.36
1997-08-11,33788.00,3426.06,193.00,140.66
1997-08-12,33593.00,3425.91,213.00,114.69
1997-08-13,33346.00,3425.72,265.00,140.47
1997-08-14,32930.00,3425.40,322.00,112.27
1997-08-15,32381.00,3424.97,391.00,114.21
1997-08-16,31741.00,3424.47,436.00,113.33
1997-08-17,31056.00,3423.93,432.00,86.65
1997-08-18,30403.00,3423.41,432.00,102.78
1997-08-19,29783.00,3422.91,433.00,120.42
1997-08-20,29133.94,3422.38,428.00,100.76
1997-08-21,28468.12,3421.84,423.00,87.32
1997-08-22,27832.03,3421.31,424.00,103.31
1997-08-23,27196.00,3420.78,414.00,93.34
1997-08-24,26618.00,3420.29,414.00,122.59
1997-08-25,26004.00,3419.77,410.00,100.44
1997-08-26,25448.00,3419.29,410.00,129.68
1997-08-27,24868.00,3418.79,411.00,118.58
1997-08-28,24274.00,3418.27,406.00,106.52
1997-08-29,23680.00,3417.75,401.00,101.52
1997-08-30,23072.00,3417.21,402.00,95.47
1997-08-31,22498.97,3416.69,397.00,108.10
1997-09-01,21926.92,3416.17,392.00,103.59
1997-09-02,21342.81,3415.63,388.00,93.51
1997-09-03,20759.00,3415.09,384.00,89.66
1997-09-04,20185.00,3414.55,380.00,90.61
1997-09-05,19611.00,3414.01,375.00,85.61
1997-09-06,19050.00,3413.47,376.00,93.16
1997-09-07,18493.00,3412.93,372.00,91.18
1997-09-08,18110.00,3412.55,350.00,156.90
1997-09-09,17739.97,3412.19,285.00,98.45
1997-09-10,17660.03,3412.11,241.00,200.69
1997-09-11,17439.95,3411.88,241.00,130.05
1997-09-12,17199.85,3411.64,234.00,112.95
1997-09-13,16990.00,3411.43,234.00,128.20
1997-09-14,16800.00,3411.24,234.00,138.21
1997-09-15,16610.00,3411.05,230.00,134.21
1997-09-16,16497.00,3410.93,230.00,173.03
1997-09-17,16551.00,3410.99,234.00,261.23
1997-09-18,16790.00,3411.23,234.00,354.50
1997-09-19,16780.00,3411.22,234.00,228.96
1997-09-20,16689.83,3411.13,230.00,184.54
1997-09-21,16560.00,3411.00,230.00,164.54
1997-09-22,16420.12,3410.85,230.00,159.48
1997-09-23,16249.95,3410.68,227.00,141.20
1997-09-24,16080.00,3410.50,227.00,141.32
1997-09-25,15908.04,3410.32,227.00,140.31
1997-09-26,15810.00,3410.22,227.00,177.57
1997-09-27,16000.00,3410.42,227.00,322.79
1997-09-28,15990.00,3410.41,227.00,221.96
1997-09-29,15908.04,3410.32,227.00,185.68
1997-09-30,15820.00,3410.23,223.00,178.61
1997-10-01,15771.96,3410.18,202.00,178.00
1997-10-02,15840.00,3410.25,204.79,239.09
1997-10-03,16161.00,3410.59,206.53,368.36
1997-10-04,17550.00,3412.00,217.81,918.09
1997-10-05,18792.00,3413.22,226.50,852.68
1997-10-06,19340.00,3413.75,226.50,502.78
1997-10-07,19600.00,3414.00,226.50,357.58
1997-10-08,19810.00,3414.20,227.53,333.40
1997-10-09,20018.97,3414.39,229.71,335.06
1997-10-10,20080.00,3414.45,226.50,257.27
1997-10-11,20120.00,3414.49,226.50,246.67
1997-10-12,20130.00,3414.50,226.50,231.54
1997-10-13,20141.00,3414.51,226.50,232.05
1997-10-14,20130.00,3414.50,226.50,220.95
1997-10-15,20100.00,3414.47,226.50,211.38
1997-10-16,20050.00,3414.42,226.50,201.29
1997-10-17,19986.16,3414.36,226.50,194.32
1997-10-18,19876.00,3414.26,226.50,170.96
1997-10-19,19769.90,3414.16,226.50,173.01
1997-10-20,19644.00,3414.04,226.50,163.02
1997-10-21,19530.00,3413.93,223.42,165.94
1997-10-22,19370.00,3413.78,223.00,142.33
1997-10-23,19278.97,3413.69,223.00,177.11
1997-10-24,19060.00,3413.48,223.00,112.60
1997-10-25,18890.03,3413.31,223.00,137.30
1997-10-26,18719.88,3413.15,223.00,137.22
1997-10-27,18580.00,3413.01,219.50,148.98
1997-10-28,18471.00,3412.91,219.94,164.99
1997-10-29,19010.00,3413.43,230.04,501.79
1997-10-30,22917.00,3417.07,261.59,2231.37
1997-10-31,25303.91,3419.17,266.48,1469.89
1997-11-01,26402.03,3420.11,265.00,818.63
1997-11-02,27100.00,3420.70,265.00,616.89
1997-11-03,27496.00,3421.03,314.98,514.63
1997-11-04,27532.00,3421.06,451.69,469.84
1997-11-05,27292.18,3420.86,505.23,384.32
1997-11-06,26992.03,3420.61,498.48,347.15
1997-11-07,26674.11,3420.34,495.50,335.21
1997-11-08,26259.00,3419.99,489.79,280.51
1997-11-09,25871.88,3419.66,486.23,291.05
1997-11-10,25424.00,3419.27,498.17,272.36
1997-11-11,24946.16,3418.86,514.00,273.09
1997-11-12,24431.00,3418.41,508.47,248.74
1997-11-13,23894.00,3417.94,504.73,233.99
1997-11-14,23356.00,3417.46,500.24,229.00
1997-11-15,22807.00,3416.97,496.00,219.21
1997-11-16,22246.00,3416.46,496.00,213.16
1997-11-17,21762.00,3416.02,496.00,251.98
1997-11-18,21211.00,3415.51,480.00,202.20
1997-11-19,20857.95,3415.18,477.27,299.28
1997-11-20,20461.03,3414.81,480.00,279.89
1997-11-21,20030.00,3414.40,473.29,255.98
1997-11-22,19540.00,3413.94,466.86,219.81
1997-11-23,19170.00,3413.59,486.13,299.59
1997-11-24,18836.00,3413.26,464.34,295.95
1997-11-25,18460.00,3412.90,460.00,270.43
1997-11-26,18050.00,3412.49,455.81,249.10
1997-11-27,17610.00,3412.06,452.90,231.07
1997-11-28,17310.00,3411.75,450.00,298.75
1997-11-29,17020.00,3411.46,445.81,299.60
1997-11-30,16689.83,3411.13,442.27,275.81
1997-12-01,16320.00,3410.75,438.32,251.87
1997-12-02,16125.00,3410.55,435.00,336.69
1997-12-03,15555.00,3409.95,430.00,142.62
1997-12-04,15150.00,3409.52,425.39,221.20
1997-12-05,14795.87,3409.14,421.23,242.68
1997-12-06,14344.89,3408.65,416.02,188.65
1997-12-07,13894.89,3408.15,411.02,184.14
1997-12-08,13480.98,3407.69,406.23,197.55
1997-12-09,13050.00,3407.20,401.44,184.15
1997-12-10,12628.00,3406.72,394.76,182.00
1997-12-11,12189.00,3406.21,388.49,167.16
1997-12-12,11768.00,3405.71,383.05,170.79
1997-12-13,11340.00,3405.20,377.79,162.01
1997-12-14,10946.00,3404.72,372.35,173.71
1997-12-15,10609.02,3404.31,347.90,178.01
1997-12-16,10618.04,3404.32,330.87,335.42
1997-12-17,10627.07,3404.33,329.14,333.69
1997-12-18,10511.98,3404.19,310.07,252.05
1997-12-19,10456.04,3404.12,270.32,242.12
1997-12-20,10432.00,3404.09,244.29,232.17
1997-12-21,10360.00,3404.00,244.00,207.70
1997-12-22,10271.98,3403.89,243.27,198.89
1997-12-23,10184.00,3403.78,240.50,196.14
1997-12-24,10071.88,3403.64,240.50,183.97
1997-12-25,9939.00,3403.47,239.77,172.77
1997-12-26,9826.04,3403.32,237.00,180.05
1997-12-27,9713.96,3403.18,236.41,179.91
1997-12-28,9618.00,3403.06,233.65,185.27
1997-12-29,9538.00,3402.96,233.50,193.17
1997-12-30,9442.08,3402.84,233.50,185.14
1997-12-31,9340.00,3402.70,231.74,180.27
1998-01-01,9361.00,3402.73,232.05,242.64
1998-01-02,9354.00,3402.72,233.50,229.97
1998-01-03,9307.92,3402.66,231.30,208.07
1998-01-04,9260.00,3402.60,230.00,205.84
1998-01-05,9283.86,3402.63,230.29,242.32
1998-01-06,9276.04,3402.62,216.94,212.99
1998-01-07,9252.00,3402.59,202.00,189.88
1998-01-08,9196.00,3402.52,202.00,173.77
1998-01-09,9117.00,3402.41,199.06,159.24
1998-01-10,9054.06,3402.33,197.47,165.74
1998-01-11,9046.04,3402.32,195.00,190.96
1998-01-12,9046.04,3402.32,185.31,185.31
1998-01-13,9046.04,3402.32,171.74,171.74
1998-01-14,9046.04,3402.32,174.00,174.00
1998-01-15,9014.00,3402.28,171.36,155.21
1998-01-16,9022.00,3402.29,172.01,176.04
1998-01-17,9070.10,3402.35,174.00,198.25
1998-01-18,9046.04,3402.32,174.00,161.87
1998-01-19,9030.00,3402.30,172.49,164.40
1998-01-20,8990.00,3402.25,171.00,150.83
1998-01-21,8958.00,3402.21,171.00,154.87
1998-01-22,8921.93,3402.16,171.00,152.82
1998-01-23,8907.90,3402.14,171.00,163.92
1998-01-24,8914.91,3402.15,171.75,175.29
1998-01-25,8894.03,3402.12,172.36,161.84
1998-01-26,8872.00,3402.09,171.13,160.02
1998-01-27,8832.00,3402.04,171.00,150.83
1998-01-28,8784.00,3401.98,171.00,146.80
1998-01-29,8744.00,3401.93,171.00,150.83
1998-01-30,8705.97,3401.88,168.99,149.81
1998-01-31,8650.00,3401.80,168.00,139.78
1998-02-01,8586.00,3401.72,168.00,135.73
1998-02-02,8541.93,3401.66,159.38,137.17
1998-02-03,8527.90,3401.64,147.50,140.42
1998-02-04,8492.00,3401.59,147.50,129.40
1998-02-05,8460.00,3401.55,147.50,131.37
1998-02-06,8413.00,3401.49,147.50,123.80
1998-02-07,8392.00,3401.46,147.50,136.91
1998-02-08,8371.00,3401.43,147.50,136.91
1998-02-09,8318.12,3401.36,147.50,120.84
1998-02-10,8278.02,3401.31,147.50,127.28
1998-02-11,8235.00,3401.25,147.08,125.39
1998-02-12,8270.00,3401.30,147.60,165.25
1998-02-13,8263.00,3401.29,147.50,143.97
1998-02-14,8228.00,3401.24,147.50,129.85
1998-02-15,8183.96,3401.18,147.50,125.30
1998-02-16,8120.00,3401.10,145.51,113.26
1998-02-17,8078.00,3401.04,145.00,123.82
1998-02-18,8071.00,3401.03,132.11,128.58
1998-02-19,8071.00,3401.03,122.50,122.50
1998-02-20,8085.00,3401.05,123.13,130.19
1998-02-21,8106.00,3401.08,125.00,135.59
1998-02-22,8106.00,3401.08,123.32,123.32
1998-02-23,8099.00,3401.07,122.50,118.97
1998-02-24,8071.00,3401.03,122.50,108.38
1998-02-25,8064.00,3401.02,122.50,118.97
1998-02-26,8042.00,3400.99,122.50,111.41
1998-02-27,8010.00,3400.95,122.50,106.37
1998-02-28,8018.00,3400.96,122.40,126.43
1998-03-01,8026.00,3400.97,122.50,126.53
1998-03-02,8042.00,3400.99,122.50,130.57
1998-03-03,8018.00,3400.96,122.50,110.40
1998-03-04,7994.00,3400.93,122.50,110.40
1998-03-05,7955.97,3400.88,122.50,103.32
1998-03-06,7921.05,3400.83,115.41,97.80
1998-03-07,7921.05,3400.83,106.20,106.20
1998-03-08,7921.05,3400.83,106.20,106.20
1998-03-09,7949.12,3400.87,106.20,120.35
1998-03-10,7949.12,3400.87,106.20,106.20
1998-03-11,7955.97,3400.88,106.20,109.65
1998-03-12,7962.98,3400.89,106.20,109.74
1998-03-13,7986.00,3400.92,106.20,117.80
1998-03-14,8042.00,3400.99,108.32,136.55
1998-03-15,8120.00,3401.10,108.95,148.28
1998-03-16,8228.00,3401.24,110.60,165.05
1998-03-17,8326.14,3401.37,110.60,160.08
1998-03-18,8413.00,3401.49,110.60,154.39
1998-03-19,8520.88,3401.63,110.97,165.36
1998-03-20,8586.00,3401.72,112.80,145.63
1998-03-21,8752.00,3401.94,115.00,198.69
1998-03-22,9054.06,3402.33,120.43,272.72
1998-03-23,9522.00,3402.94,125.43,361.36
1998-03-24,10008.00,3403.56,128.34,373.36
1998-03-25,10495.94,3404.17,130.73,376.74
1998-03-26,10946.00,3404.72,132.50,359.40
1998-03-27,11307.92,3405.16,133.97,316.44
1998-03-28,11626.00,3405.54,135.00,295.36
1998-03-29,11903.15,3405.87,135.00,274.73
1998-03-30,12131.88,3406.14,135.84,251.16
1998-03-31,12359.00,3406.41,137.50,252.00
1998-04-01,12546.85,3406.63,137.50,232.21
1998-04-02,12716.04,3406.82,137.50,222.80
1998-04-03,12870.00,3407.00,137.50,215.12
1998-04-04,13022.93,3407.17,138.23,215.34
1998-04-05,13148.02,3407.31,140.00,203.06
1998-04-06,13274.00,3407.46,140.00,203.52
1998-04-07,13391.00,3407.59,140.00,198.99
1998-04-08,13490.00,3407.70,140.00,189.91
1998-04-09,13598.04,3407.82,140.00,194.47
1998-04-10,13742.00,3407.98,140.84,213.42
1998-04-11,13850.00,3408.10,140.82,195.27
1998-04-12,13921.96,3408.18,139.16,175.44
1998-04-13,13985.00,3408.25,140.00,171.78
1998-04-14,14057.07,3408.33,140.10,176.44
1998-04-15,14110.98,3408.39,140.00,167.18
1998-04-16,14156.00,3408.44,140.00,162.70
1998-04-17,14210.00,3408.50,140.00,167.23
1998-04-18,14273.00,3408.57,140.73,172.50
1998-04-19,14344.89,3408.65,142.50,178.74
1998-04-20,14435.00,3408.75,142.50,187.93
1998-04-21,14570.00,3408.90,154.16,222.22
1998-04-22,14850.00,3409.20,148.23,289.40
1998-04-23,15450.10,3409.84,154.30,456.85
1998-04-24,16152.00,3410.58,158.97,512.84
1998-04-25,16749.97,3411.19,163.02,464.50
1998-04-26,17270.00,3411.71,165.88,428.06
1998-04-27,17800.00,3412.25,169.01,436.21
1998-04-28,18515.00,3412.95,173.01,533.49
1998-04-29,19580.00,3413.98,182.79,719.72
1998-04-30,21200.00,3415.50,199.67,1016.42
1998-05-01,23312.00,3417.42,225.85,1290.65
1998-05-02,25723.00,3419.53,246.83,1462.38
1998-05-03,28227.82,3421.64,259.32,1522.17
1998-05-04,30354.21,3423.37,373.63,1445.69
1998-05-05,32108.00,3424.76,629.67,1513.87
1998-05-06,33372.00,3425.74,895.39,1532.66
1998-05-07,34243.00,3426.41,1013.91,1453.04
1998-05-08,34890.00,3426.90,941.55,1267.74
1998-05-09,35186.06,3427.12,853.60,1002.87
1998-05-10,35316.00,3427.22,722.00,787.51
1998-05-11,35407.00,3427.29,738.69,784.56
1998-05-12,35592.00,3427.43,767.90,861.17
1998-05-13,35729.00,3427.53,992.61,1061.68
1998-05-14,35592.00,3427.43,997.72,928.65
1998-05-15,35407.00,3427.29,862.29,769.01
1998-05-16,35237.87,3427.16,740.93,655.66
1998-05-17,35090.00,3427.05,646.25,571.69
1998-05-18,34994.00,3426.98,568.03,519.63
1998-05-19,34968.00,3426.96,539.22,526.11
1998-05-20,35020.00,3427.00,541.27,567.49
1998-05-21,35076.00,3427.04,581.37,609.60
1998-05-22,35132.00,3427.08,563.32,591.55
1998-05-23,35237.87,3427.16,561.90,615.28
1998-05-24,35355.00,3427.25,606.88,665.93
1998-05-25,35523.94,3427.38,746.83,832.00
1998-05-26,35407.00,3427.29,725.60,666.64
1998-05-27,35290.00,3427.20,644.02,585.04
1998-05-28,35173.03,3427.11,561.31,502.34
1998-05-29,35198.78,3427.13,528.40,541.38
1998-05-30,35290.00,3427.20,552.16,598.15
1998-05-31,35381.00,3427.27,595.56,641.43
1998-06-01,35606.00,3427.44,692.00,805.44
1998-06-02,35729.00,3427.53,818.00,880.02
1998-06-03,35729.00,3427.53,843.60,843.60
1998-06-04,35662.00,3427.48,811.11,777.33
1998-06-05,35662.00,3427.48,767.93,767.93
1998-06-06,35676.00,3427.49,762.53,769.59
1998-06-07,35676.00,3427.49,758.47,758.47
1998-06-08,35729.00,3427.53,790.62,817.34
1998-06-09,35716.00,3427.52,795.77,789.22
1998-06-10,35755.00,3427.55,820.72,840.38
1998-06-11,35703.00,3427.51,804.40,778.18
1998-06-12,35648.00,3427.47,772.92,745.19
1998-06-13,35550.00,3427.40,730.63,681.22
1998-06-14,35446.06,3427.32,645.95,593.55
1998-06-15,35407.00,3427.29,604.63,584.94
1998-06-16,35342.00,3427.24,569.90,537.13
1998-06-17,35224.84,3427.15,539.76,480.69
1998-06-18,34916.00,3426.92,589.61,433.91
1998-06-19,34690.00,3426.75,524.62,410.67
1998-06-20,34567.87,3426.66,452.78,391.20
1998-06-21,34516.06,3426.62,424.76,398.64
1998-06-22,34503.03,3426.61,428.34,421.77
1998-06-23,33658.00,3425.96,878.02,451.98
1998-06-24,33346.00,3425.72,559.38,402.08
1998-06-25,33385.00,3425.75,415.00,434.66
1998-06-26,33306.97,3425.69,415.00,375.66
1998-06-27,33151.00,3425.57,411.86,333.22
1998-06-28,33008.00,3425.46,410.00,337.90
1998-06-29,32865.16,3425.35,409.58,337.57
1998-06-30,32722.00,3425.24,408.74,336.57
1998-07-01,32553.03,3425.11,405.18,319.99
1998-07-02,32420.00,3425.00,405.00,337.93
1998-07-03,32212.13,3424.84,404.79,299.99
1998-07-04,31938.78,3424.63,400.60,262.78
1998-07-05,31650.00,3424.40,400.00,254.41
1998-07-06,31347.87,3424.16,397.69,245.37
1998-07-07,31006.97,3423.89,395.00,223.13
1998-07-08,30653.03,3423.61,391.65,213.20
1998-07-09,30270.00,3423.30,390.00,196.89
1998-07-10,29887.00,3422.99,389.43,196.34
1998-07-11,29459.85,3422.65,385.50,170.15
1998-07-12,29018.00,3422.29,383.05,160.28
1998-07-13,28566.00,3421.92,381.00,153.12
1998-07-14,28144.00,3421.57,365.15,152.39
1998-07-15,27748.00,3421.24,346.10,146.45
1998-07-16,27340.00,3420.90,343.66,137.96
1998-07-17,26932.00,3420.56,343.01,137.31
1998-07-18,26522.00,3420.21,343.16,136.45
1998-07-19,26076.09,3419.83,341.00,116.19
1998-07-20,25654.00,3419.47,339.49,126.69
1998-07-21,25232.03,3419.11,337.00,124.26
1998-07-22,24796.00,3418.73,334.82,114.99
1998-07-23,24365.13,3418.35,333.00,115.77
1998-07-24,23916.00,3417.96,332.50,106.06
1998-07-25,23499.00,3417.59,331.99,121.76
1998-07-26,23037.95,3417.18,329.17,96.72
1998-07-27,22598.00,3416.78,327.99,106.19
1998-07-28,22157.95,3416.38,325.00,103.14
1998-07-29,21729.00,3415.99,324.33,108.07
1998-07-30,21332.05,3415.62,321.17,121.04
1998-07-31,20930.00,3415.25,321.00,118.30
1998-08-01,20494.11,3414.84,317.48,97.72
1998-08-02,20060.00,3414.43,314.65,95.79
1998-08-03,19633.00,3414.03,312.66,97.39
1998-08-04,19191.03,3413.61,309.17,86.34
1998-08-05,18759.97,3413.19,306.82,89.50
1998-08-06,18330.00,3412.77,304.66,87.89
1998-08-07,17916.16,3412.36,301.84,93.20
1998-08-08,17505.00,3411.95,301.00,93.71
1998-08-09,17090.00,3411.53,298.65,89.42
1998-08-10,16650.00,3411.09,296.50,74.66
1998-08-11,16239.93,3410.67,293.48,86.73
1998-08-12,15830.00,3410.24,291.32,84.65
1998-08-13,15440.07,3409.83,288.66,92.08
1998-08-14,15067.00,3409.43,285.00,96.91
1998-08-15,14640.00,3408.97,281.00,65.72
1998-08-16,14246.00,3408.54,278.48,79.84
1998-08-17,13859.02,3408.11,275.83,80.72
1998-08-18,13526.00,3407.74,244.05,76.15
1998-08-19,13301.00,3407.49,186.40,72.96
1998-08-20,13140.00,3407.30,153.47,72.30
1998-08-21,13004.89,3407.15,140.00,71.88
1998-08-22,12852.00,3406.98,140.00,62.92
1998-08-23,12716.04,3406.82,139.16,70.61
1998-08-24,12573.91,3406.66,137.50,65.84
1998-08-25,12440.00,3406.50,138.23,70.72
1998-08-26,12294.06,3406.33,140.10,66.53
1998-08-27,12147.92,3406.16,140.00,66.32
1998-08-28,12002.00,3405.99,138.22,64.65
1998-08-29,11858.04,3405.82,137.50,64.92
1998-08-30,11711.88,3405.64,136.35,62.66
1998-08-31,11574.00,3405.48,135.00,65.48
1998-09-01,11429.02,3405.31,133.85,60.75
1998-09-02,11276.04,3405.12,132.50,55.37
1998-09-03,11135.00,3404.95,131.24,60.13
1998-09-04,10986.00,3404.77,130.00,54.88
1998-09-05,10842.00,3404.59,130.21,57.61
1998-09-06,10690.00,3404.40,130.00,53.37
1998-09-07,10544.00,3404.23,128.64,55.03
1998-09-08,10400.00,3404.05,127.50,54.90
1998-09-09,10248.12,3403.86,127.50,50.93
1998-09-10,10111.98,3403.69,125.61,56.98
1998-09-11,9960.00,3403.50,125.00,48.38
1998-09-12,9826.04,3403.32,123.95,56.41
1998-09-13,9697.92,3403.16,122.50,57.91
1998-09-14,9554.00,3402.98,122.50,49.94
1998-09-15,9410.00,3402.80,121.66,49.06
1998-09-16,9291.88,3402.64,120.00,60.45
1998-09-17,9152.00,3402.46,120.00,49.48
1998-09-18,9038.02,3402.31,120.00,62.53
1998-09-19,8900.88,3402.13,118.74,49.60
1998-09-20,8776.00,3401.97,117.50,54.54
1998-09-21,8657.02,3401.81,117.50,57.51
1998-09-22,8527.90,3401.64,116.24,51.14
1998-09-23,8406.00,3401.48,115.00,53.54
1998-09-24,8286.04,3401.32,115.00,54.52
1998-09-25,8175.94,3401.17,114.22,58.72
1998-09-26,8042.00,3400.99,112.80,45.27
1998-09-27,7921.05,3400.83,112.43,51.45
1998-09-28,7791.93,3400.66,110.61,45.51
1998-09-29,7694.00,3400.52,102.02,52.65
1998-09-30,7608.00,3400.41,80.54,37.18
1998-10-01,7600.00,3400.40,65.00,61.00
1998-10-02,7572.10,3400.36,62.00,47.94
1998-10-03,7565.09,3400.35,62.00,58.46
1998-10-04,7544.03,3400.32,62.00,51.39
1998-10-05,7509.00,3400.27,62.00,44.34
1998-10-06,7488.00,3400.24,59.00,48.41
1998-10-07,7488.00,3400.24,55.00,55.00
1998-10-08,7495.00,3400.25,55.00,58.53
1998-10-09,7516.00,3400.28,55.00,65.59
1998-10-10,7523.00,3400.29,55.00,58.53
1998-10-11,7516.00,3400.28,55.00,51.47
1998-10-12,7516.00,3400.28,55.00,55.00
1998-10-13,7558.07,3400.34,55.00,76.21
1998-10-14,7592.98,3400.39,55.00,72.60
1998-10-15,7616.00,3400.42,55.00,66.60
1998-10-16,7632.00,3400.44,55.00,63.07
1998-10-17,7632.00,3400.44,55.00,55.00
1998-10-18,7648.00,3400.46,55.00,63.07
1998-10-19,7648.00,3400.46,55.00,55.00
1998-10-20,7632.00,3400.44,55.00,46.93
1998-10-21,7632.00,3400.44,55.00,55.00
1998-10-22,7624.00,3400.43,55.00,50.97
1998-10-23,7616.00,3400.42,55.00,50.97
1998-10-24,7616.00,3400.42,55.00,55.00
1998-10-25,7624.00,3400.43,55.00,59.03
1998-10-26,7608.00,3400.41,55.00,46.93
1998-10-27,7608.00,3400.41,55.00,55.00
1998-10-28,7608.00,3400.41,55.00,55.00
1998-10-29,7600.00,3400.40,55.00,50.97
1998-10-30,7592.98,3400.39,55.00,51.46
1998-10-31,7579.12,3400.37,55.00,48.01
1998-11-01,7579.12,3400.37,55.00,55.00
1998-11-02,7579.12,3400.37,55.00,55.00
1998-11-03,7565.09,3400.35,55.00,47.92
1998-11-04,7572.10,3400.36,55.00,58.54
1998-11-05,7600.00,3400.40,55.00,69.06
1998-11-06,7600.00,3400.40,55.00,55.00
1998-11-07,7600.00,3400.40,55.00,55.00
1998-11-08,7608.00,3400.41,55.00,59.03
1998-11-09,7592.98,3400.39,55.00,47.43
1998-11-10,7592.98,3400.39,55.00,55.00
1998-11-11,7585.97,3400.38,55.00,51.46
1998-11-12,7648.00,3400.46,55.00,86.28
1998-11-13,7994.00,3400.93,61.00,235.44
1998-11-14,8249.00,3401.27,59.00,187.56
1998-11-15,8685.09,3401.85,61.00,280.86
1998-11-16,9054.06,3402.33,62.00,248.02
1998-11-17,9276.04,3402.62,62.00,173.92
1998-11-18,9426.04,3402.82,62.00,137.63
1998-11-19,9594.00,3403.03,62.00,146.68
1998-11-20,10263.96,3403.88,73.00,410.77
1998-11-21,11456.09,3405.34,79.00,680.03
1998-11-22,12010.00,3406.00,73.00,352.26
1998-11-23,12431.00,3406.49,72.00,284.25
1998-11-24,12816.00,3406.94,75.00,269.10
1998-11-25,13625.11,3407.85,86.00,493.93
1998-11-26,14950.02,3409.31,93.00,760.98
1998-11-27,15700.00,3410.10,86.00,464.11
1998-11-28,16199.83,3410.63,84.00,336.00
1998-11-29,16650.00,3411.09,82.00,308.96
1998-11-30,16970.00,3411.41,82.00,243.33
1998-12-01,17320.00,3411.76,120.00,296.46
1998-12-02,17514.00,3411.96,162.00,259.81
1998-12-03,17570.00,3412.02,162.00,190.23
1998-12-04,17620.00,3412.07,159.00,184.21
1998-12-05,17650.00,3412.10,161.00,176.13
1998-12-06,17660.03,3412.11,158.00,163.05
1998-12-07,17679.83,3412.13,158.00,167.98
1998-12-08,17679.83,3412.13,158.00,158.00
1998-12-09,17630.00,3412.08,157.00,131.88
1998-12-10,17600.00,3412.05,157.00,141.87
1998-12-11,17650.00,3412.10,159.00,184.21
1998-12-12,17861.03,3412.31,161.00,267.39
1998-12-13,18699.83,3413.13,166.00,588.90
1998-12-14,19370.00,3413.78,187.00,524.88
1998-12-15,19710.00,3414.10,244.00,415.42
1998-12-16,19739.83,3414.13,325.00,340.04
1998-12-17,19590.00,3413.99,376.00,300.46
1998-12-18,19390.00,3413.80,384.00,283.17
1998-12-19,19090.00,3413.51,393.00,241.75
1998-12-20,18690.00,3413.12,387.00,185.33
1998-12-21,18290.00,3412.73,382.00,180.33
1998-12-22,17860.00,3412.31,377.00,160.21
1998-12-23,17450.00,3411.89,372.00,165.29
1998-12-24,17260.00,3411.70,371.00,275.21
1998-12-25,17050.00,3411.49,366.00,260.12
1998-12-26,16810.00,3411.25,366.00,245.00
1998-12-27,16770.00,3411.21,365.00,344.83
1998-12-28,16939.95,3411.38,374.00,459.68
1998-12-29,18150.00,3412.59,386.00,996.07
1998-12-30,20141.00,3414.51,400.00,1403.80
1998-12-31,21057.19,3415.37,405.00,866.91
1999-01-01,21440.00,3415.72,404.00,597.00
1999-01-02,21607.95,3415.88,403.00,487.67
1999-01-03,21607.95,3415.88,403.00,403.00
1999-01-04,21460.00,3415.74,432.00,357.41
1999-01-05,21057.19,3415.37,481.00,277.92
1999-01-06,20620.00,3414.96,481.00,260.58
1999-01-07,20152.00,3414.52,475.00,239.05
1999-01-08,19655.00,3414.05,464.00,213.43
1999-01-09,19110.00,3413.53,459.00,184.23
1999-01-10,18600.00,3413.03,453.00,195.87
1999-01-11,18080.00,3412.52,447.00,184.83
1999-01-12,17560.00,3412.01,442.00,179.83
1999-01-13,17090.00,3411.53,436.00,199.04
1999-01-14,17010.00,3411.45,440.00,399.67
1999-01-15,17090.00,3411.53,439.00,479.33
1999-01-16,17060.00,3411.50,439.00,423.88
1999-01-17,16920.15,3411.36,438.00,367.49
1999-01-18,16770.00,3411.21,432.00,356.30
1999-01-19,16488.00,3410.92,432.00,289.82
1999-01-20,16161.00,3410.59,426.00,261.14
1999-01-21,15820.00,3410.23,420.00,248.08
1999-01-22,15430.05,3409.82,415.00,218.40
1999-01-23,15010.17,3409.37,409.00,197.31
1999-01-24,14543.15,3408.87,403.00,167.55
1999-01-25,14138.00,3408.42,374.00,169.73
1999-01-26,13787.00,3408.03,343.00,166.04
1999-01-27,13453.91,3407.66,338.00,170.07
1999-01-28,13156.04,3407.32,334.00,183.82
1999-01-29,12852.00,3406.98,329.00,175.71
1999-01-30,12512.00,3406.59,329.00,157.58
1999-01-31,12147.92,3406.16,326.00,142.44
1999-02-01,11808.00,3405.76,322.00,150.62
1999-02-02,11626.00,3405.54,266.00,174.24
1999-02-03,11500.98,3405.39,210.00,146.97
1999-02-04,11412.00,3405.29,190.00,145.14
1999-02-05,11380.00,3405.25,169.00,152.87
1999-02-06,11364.00,3405.23,170.00,161.93
1999-02-07,11348.00,3405.21,170.00,161.93
1999-02-08,11268.02,3405.11,167.00,126.68
1999-02-09,11180.00,3405.00,167.00,122.62
1999-02-10,11040.00,3404.84,167.00,96.42
1999-02-11,10938.00,3404.71,168.00,116.57
1999-02-12,10842.00,3404.59,165.00,116.60
1999-02-13,10722.00,3404.44,165.00,104.50
1999-02-14,10592.00,3404.29,165.00,99.46
1999-02-15,10456.04,3404.12,163.00,94.45
1999-02-16,10368.00,3404.01,163.00,118.61
1999-02-17,10271.98,3403.89,163.00,114.59
1999-02-18,10192.00,3403.79,163.00,122.68
1999-02-19,10071.88,3403.64,161.00,100.44
1999-02-20,9939.00,3403.47,161.00,94.00
1999-02-21,9818.02,3403.31,159.00,98.01
1999-02-22,9754.00,3403.23,159.00,126.72
1999-02-23,9681.88,3403.14,159.00,122.64
1999-02-24,9658.02,3403.11,162.00,149.97
1999-02-25,9602.00,3403.04,162.00,133.76
1999-02-26,9530.00,3402.95,160.00,123.70
1999-02-27,9594.00,3403.03,162.00,194.27
1999-02-28,9618.00,3403.06,163.00,175.10
1999-03-01,9610.00,3403.05,163.00,158.97
1999-03-02,9578.00,3403.01,160.00,143.87
1999-03-03,9586.00,3403.02,161.00,165.03
1999-03-04,9522.00,3402.94,161.00,128.73
1999-03-05,9458.12,3402.86,161.00,128.79
1999-03-06,9375.00,3402.75,158.00,116.09
1999-03-07,9299.90,3402.65,159.00,121.14
1999-03-08,9220.00,3402.55,159.00,118.72
1999-03-09,9138.00,3402.44,159.00,117.66
1999-03-10,9038.02,3402.31,157.00,106.59
1999-03-11,8935.97,3402.18,157.00,105.55
1999-03-12,8856.00,3402.07,157.00,116.68
1999-03-13,8768.00,3401.96,157.00,112.63
1999-03-14,8685.09,3401.85,155.00,113.20
1999-03-15,8594.00,3401.73,155.00,109.08
1999-03-16,8500.00,3401.60,155.00,107.61
1999-03-17,8399.00,3401.47,153.00,102.08
1999-03-18,8310.10,3401.35,153.00,108.18
1999-03-19,8214.00,3401.22,153.00,104.55
1999-03-20,8120.00,3401.10,151.00,103.61
1999-03-21,8071.00,3401.03,151.00,126.30
1999-03-22,8018.00,3400.96,151.00,124.28
1999-03-23,7921.05,3400.83,185.00,136.12
1999-03-24,7743.00,3400.59,229.00,139.23
1999-03-25,7585.97,3400.38,225.00,145.83
1999-03-26,7460.00,3400.20,226.00,162.49
1999-03-27,7317.00,3400.01,222.00,149.90
1999-03-28,7180.00,3399.82,223.00,153.93
1999-03-29,7083.96,3399.68,219.00,170.58
1999-03-30,6936.00,3399.48,216.00,141.40
1999-03-31,6789.00,3399.27,216.00,141.89
1999-04-01,6625.00,3399.05,212.00,129.32
1999-04-02,6478.07,3398.84,209.00,134.92
1999-04-03,6324.03,3398.62,205.00,127.34
1999-04-04,6170.00,3398.40,202.00,124.34
1999-04-05,6015.97,3398.18,198.00,120.34
1999-04-06,5869.00,3397.97,195.00,120.90
1999-04-07,5708.00,3397.74,192.00,110.83
1999-04-08,5624.03,3397.62,165.00,122.67
1999-04-09,5568.00,3397.54,140.00,111.75
1999-04-10,5510.00,3397.45,137.00,107.76
1999-04-11,5465.97,3397.38,137.00,114.80
1999-04-12,5410.00,3397.30,137.00,108.78
1999-04-13,5375.00,3397.25,137.00,119.35
1999-04-14,5332.98,3397.19,134.00,112.82
1999-04-15,5304.91,3397.15,134.00,119.85
1999-04-16,5304.91,3397.15,134.00,134.00
1999-04-17,5332.98,3397.19,137.00,151.15
1999-04-18,5472.98,3397.39,139.00,209.58
1999-04-19,5687.00,3397.71,144.00,251.90
1999-04-20,5946.00,3398.08,149.00,279.58
1999-04-21,6170.00,3398.40,152.00,264.93
1999-04-22,6380.00,3398.70,154.00,259.88
1999-04-23,6597.00,3399.01,157.00,266.40
1999-04-24,6930.00,3399.47,162.00,329.89
1999-04-25,7360.00,3400.07,170.00,386.79
1999-04-26,7820.00,3400.69,176.00,407.92
1999-04-27,8300.00,3401.34,182.00,424.00
1999-04-28,8680.00,3401.84,185.00,376.58
1999-04-29,9022.00,3402.29,188.00,360.43
1999-04-30,9396.00,3402.78,191.00,379.56
1999-05-01,9842.08,3403.34,197.00,421.90
1999-05-02,10271.98,3403.89,200.00,416.74
1999-05-03,10663.15,3404.37,204.00,401.22
1999-05-04,10978.00,3404.76,204.00,362.73
1999-05-05,11244.00,3405.08,207.00,341.11
1999-05-06,11526.00,3405.42,207.00,349.18
1999-05-07,11800.00,3405.75,210.00,348.14
1999-05-08,12055.00,3406.05,210.00,338.56
1999-05-09,12261.00,3406.29,210.00,313.86
1999-05-10,12359.00,3406.41,242.00,291.41
1999-05-11,12395.00,3406.45,286.00,304.15
1999-05-12,12413.00,3406.47,286.00,295.08
1999-05-13,12422.00,3406.48,286.00,290.54
1999-05-14,12413.00,3406.47,286.00,281.46
1999-05-15,12404.00,3406.46,286.00,281.46
1999-05-16,12377.00,3406.43,286.00,272.39
1999-05-17,12395.00,3406.45,286.00,295.08
1999-05-18,12646.00,3406.74,290.00,416.55
1999-05-19,12986.85,3407.13,294.00,465.84
1999-05-20,13364.00,3407.56,298.00,488.15
1999-05-21,13814.00,3408.06,302.00,528.88
1999-05-22,14353.91,3408.66,310.00,582.21
1999-05-23,15230.00,3409.60,326.00,767.69
1999-05-24,16790.00,3411.23,346.00,1132.50
1999-05-25,19020.00,3413.44,386.00,1510.29
1999-05-26,20857.95,3415.18,401.00,1327.63
1999-05-27,22301.00,3416.51,465.00,1192.54
1999-05-28,23400.00,3417.50,632.00,1186.08
1999-05-29,24178.97,3418.19,694.00,1086.73
1999-05-30,24808.00,3418.74,687.00,1004.13
1999-05-31,25448.00,3419.29,694.00,1016.67
1999-06-01,26160.00,3419.90,708.00,1066.97
1999-06-02,26594.00,3420.27,722.00,940.81
1999-06-03,26824.00,3420.47,722.00,837.96
1999-06-04,27112.00,3420.71,722.00,867.20
1999-06-05,27592.03,3421.11,729.00,971.01
1999-06-06,28132.00,3421.56,736.00,1008.24
1999-06-07,28372.00,3421.76,735.00,856.00
1999-06-08,28432.03,3421.81,735.00,765.26
1999-06-09,28348.00,3421.74,728.00,685.64
1999-06-10,28275.94,3421.68,728.00,691.67
1999-06-11,28324.00,3421.72,728.00,752.23
1999-06-12,28644.00,3421.98,728.00,889.33
1999-06-13,29598.00,3422.76,742.00,1222.98
1999-06-14,31068.00,3423.94,868.00,1609.13
1999-06-15,32930.00,3425.40,1088.00,2026.76
1999-06-16,34825.16,3426.85,1200.00,2155.48
1999-06-17,35420.00,3427.30,1522.00,1821.90
1999-06-18,35433.03,3427.31,1630.00,1636.57
1999-06-19,35224.84,3427.15,1576.00,1471.04
1999-06-20,34942.00,3426.94,1449.00,1306.40
1999-06-21,34704.00,3426.76,1314.00,1194.01
1999-06-22,34567.87,3426.66,1248.00,1179.37
1999-06-23,34528.78,3426.63,1223.00,1203.29
1999-06-24,34863.94,3426.88,1279.00,1447.98
1999-06-25,34903.00,3426.91,1386.00,1405.69
1999-06-26,34541.81,3426.64,1271.00,1088.90
1999-06-27,34152.13,3426.34,1159.00,962.54
1999-06-28,33775.00,3426.05,1111.00,920.86
1999-06-29,33385.00,3425.75,1103.00,906.37
1999-06-30,33293.94,3425.68,1063.00,1017.09
1999-07-01,33372.00,3425.74,1022.00,1061.36
1999-07-02,33293.94,3425.68,1022.00,982.64
1999-07-03,32943.00,3425.41,1014.00,837.07
1999-07-04,32468.00,3425.04,1006.00,766.52
1999-07-05,31951.81,3424.64,990.00,729.75
1999-07-06,31780.00,3424.50,942.00,855.38
1999-07-07,32186.06,3424.82,844.00,1048.72
1999-07-08,32468.00,3425.04,788.00,930.14
1999-07-09,32852.13,3425.34,788.00,981.67
1999-07-10,33554.25,3425.88,795.00,1148.99
1999-07-11,34477.00,3426.59,823.00,1288.22
1999-07-12,34773.03,3426.81,1117.00,1266.25
1999-07-13,34593.94,3426.68,1261.00,1170.71
1999-07-14,34282.00,3426.44,1205.00,1047.73
1999-07-15,33775.00,3426.05,1053.00,797.39
1999-07-16,33658.00,3425.96,850.00,791.01
1999-07-17,34295.00,3426.45,759.00,1080.15
1999-07-18,34718.00,3426.77,864.00,1077.26
1999-07-19,34648.00,3426.72,980.00,944.71
1999-07-20,34516.06,3426.62,1020.00,953.48
1999-07-21,34529.09,3426.63,1012.00,1018.57
1999-07-22,34399.00,3426.53,988.00,922.41
1999-07-23,34230.00,3426.40,940.00,854.80
1999-07-24,33996.00,3426.22,907.00,789.02
1999-07-25,33606.00,3425.92,891.00,694.37
1999-07-26,33190.00,3425.60,884.00,674.27
1999-07-27,33073.00,3425.51,765.00,706.01
1999-07-28,33280.91,3425.67,632.00,736.82
1999-07-29,33411.00,3425.77,653.00,718.59
1999-07-30,33385.00,3425.75,674.00,660.89
1999-07-31,33254.84,3425.65,674.00,608.38
1999-08-01,32995.00,3425.45,666.00,535.00
1999-08-02,32761.00,3425.27,666.00,548.02
1999-08-03,32516.00,3425.08,666.00,542.48
1999-08-04,32394.00,3424.98,659.00,597.49
1999-08-05,32276.97,3424.89,659.00,600.00
1999-08-06,32160.00,3424.80,659.00,600.03
1999-08-07,31977.87,3424.66,658.00,566.18
1999-08-08,31663.00,3424.41,651.00,492.25
1999-08-09,31205.00,3424.05,644.00,413.09
1999-08-10,30679.10,3423.63,636.00,370.86
1999-08-11,30140.00,3423.20,629.00,357.21
1999-08-12,29559.00,3422.73,622.00,329.08
1999-08-13,28922.00,3422.21,614.00,292.85
1999-08-14,28300.00,3421.70,607.00,293.41
1999-08-15,27627.82,3421.14,601.00,262.11
1999-08-16,26968.00,3420.59,541.00,208.34
1999-08-17,26728.97,3420.39,402.00,281.49
1999-08-18,26570.00,3420.25,335.00,254.85
1999-08-19,26378.00,3420.09,330.00,233.20
1999-08-20,26182.00,3419.92,330.00,231.18
1999-08-21,25944.00,3419.72,326.00,206.01
1999-08-22,25734.00,3419.54,326.00,220.12
1999-08-23,25424.00,3419.27,322.00,165.71
1999-08-24,25143.00,3419.03,321.00,179.33
1999-08-25,24832.00,3418.76,321.00,164.20
1999-08-26,24530.00,3418.50,317.00,164.74
1999-08-27,24238.00,3418.24,317.00,169.78
1999-08-28,23927.00,3417.97,317.00,160.20
1999-08-29,23586.92,3417.67,317.00,145.54
1999-08-30,23345.00,3417.45,316.00,194.03
1999-08-31,22917.00,3417.07,312.00,96.22
1999-09-01,22584.84,3416.77,308.00,140.54
1999-09-02,22290.00,3416.50,284.00,135.35
1999-09-03,22047.79,3416.28,250.00,127.89
1999-09-04,21780.66,3416.03,246.00,111.32
1999-09-05,21525.84,3415.80,242.00,113.53
1999-09-06,21277.00,3415.57,242.00,116.54
1999-09-07,21004.06,3415.32,242.00,104.39
1999-09-08,20748.00,3415.08,238.00,108.90
1999-09-09,20472.05,3414.82,238.00,98.88
1999-09-10,20207.00,3414.57,235.00,101.37
1999-09-11,19920.00,3414.30,234.00,89.30
1999-09-12,19644.00,3414.04,231.00,91.85
1999-09-13,19380.00,3413.79,231.00,97.90
1999-09-14,19100.00,3413.52,230.00,88.83
1999-09-15,18836.00,3413.26,227.00,93.90
1999-09-16,18559.00,3412.99,227.00,87.35
1999-09-17,18270.00,3412.71,227.00,81.30
1999-09-18,18000.00,3412.44,223.00,86.87
1999-09-19,17719.93,3412.17,223.00,81.80
1999-09-20,17460.00,3411.90,220.00,88.95
1999-09-21,17180.05,3411.62,220.00,78.86
1999-09-22,16910.12,3411.35,216.00,79.91
1999-09-23,16620.00,3411.06,216.00,69.73
1999-09-24,16340.00,3410.77,234.00,92.83
1999-09-25,15962.18,3410.38,255.00,64.51
1999-09-26,15600.00,3410.00,251.00,68.40
1999-09-27,15265.87,3409.64,251.00,82.54
1999-09-28,14922.00,3409.28,248.00,74.63
1999-09-29,14570.00,3408.90,244.00,66.53
1999-09-30,14246.00,3408.54,244.00,80.65
1999-10-01,13912.93,3408.17,241.00,73.00
1999-10-02,13580.00,3407.80,241.00,73.15
1999-10-03,13247.00,3407.43,237.00,69.11
1999-10-04,12933.00,3407.07,234.00,75.69
1999-10-05,12582.93,3406.67,241.00,64.51
1999-10-06,12252.00,3406.28,244.00,77.15
1999-10-07,11912.18,3405.88,244.00,72.67
1999-10-08,11735.94,3405.67,251.00,162.15
1999-10-09,11438.04,3405.32,255.00,104.81
1999-10-10,11108.00,3404.92,251.00,84.60
1999-10-11,10810.00,3404.55,248.00,97.76
1999-10-12,10487.92,3404.16,244.00,81.62
1999-10-13,10160.00,3403.75,241.00,75.67
1999-10-14,9818.02,3403.31,244.00,71.58
1999-10-15,9466.14,3402.87,248.00,70.59
1999-10-16,9131.00,3402.43,241.00,72.04
1999-10-17,8808.00,3402.01,237.00,74.15
1999-10-18,8492.00,3401.59,234.00,74.68
1999-10-19,8144.06,3401.13,237.00,61.58
1999-10-20,7798.95,3400.67,241.00,67.01
1999-10-21,7467.00,3400.21,237.00,69.64
1999-10-22,7198.07,3399.84,199.00,63.41
1999-10-23,6999.00,3399.57,165.00,64.64
1999-10-24,6782.00,3399.26,163.00,53.60
1999-10-25,6668.02,3399.11,143.00,85.53
1999-10-26,6590.00,3399.00,117.00,77.67
1999-10-27,6555.00,3398.95,117.00,99.35
1999-10-28,6632.00,3399.06,122.00,160.82
1999-10-29,6684.06,3399.13,120.00,146.25
1999-10-30,6677.05,3399.12,120.00,116.47
1999-10-31,6683.99,3399.13,120.00,123.50
1999-11-01,6639.00,3399.07,117.00,94.32
1999-11-02,6590.00,3399.00,117.00,92.30
1999-11-03,6583.00,3398.99,117.00,113.47
1999-11-04,6611.00,3399.03,113.00,127.12
1999-11-05,6646.00,3399.08,115.00,132.65
1999-11-06,6915.00,3399.45,125.00,260.62
1999-11-07,7028.02,3399.61,125.00,181.98
1999-11-08,7128.00,3399.74,125.00,175.41
1999-11-09,7296.00,3399.98,128.00,212.70
1999-11-10,7516.00,3400.28,130.00,240.92
1999-11-11,8207.00,3401.21,135.00,483.38
1999-11-12,11526.00,3405.42,165.00,1838.33
1999-11-13,15210.00,3409.58,202.00,2059.35
1999-11-14,16860.00,3411.30,209.00,1040.88
1999-11-15,17709.90,3412.16,206.00,634.49
1999-11-16,18300.00,3412.74,206.00,503.51
1999-11-17,18719.88,3413.15,202.00,413.69
1999-11-18,19000.00,3413.42,202.00,343.23
1999-11-19,19300.00,3413.71,202.00,353.25
1999-11-20,19580.00,3413.98,202.00,343.17
1999-11-21,19740.07,3414.13,202.00,282.70
1999-11-22,19854.00,3414.24,199.00,256.44
1999-11-23,19942.05,3414.32,199.00,243.39
1999-11-24,20250.03,3414.61,206.00,361.27
1999-11-25,22136.16,3416.36,230.00,1180.93
1999-11-26,24578.00,3418.54,410.00,1641.09
1999-11-27,24924.11,3418.84,701.00,875.50
1999-11-28,24737.95,3418.68,687.00,593.14
1999-11-29,24343.08,3418.33,680.00,480.92
1999-11-30,23883.00,3417.93,673.00,441.04
1999-12-01,23389.00,3417.49,666.00,416.94
1999-12-02,22873.00,3417.03,666.00,405.85
1999-12-03,22202.00,3416.42,652.00,313.70
1999-12-04,21490.00,3415.77,638.00,279.03
1999-12-05,20770.00,3415.10,624.00,261.00
1999-12-06,20080.00,3414.45,624.00,276.12
1999-12-07,19320.00,3413.73,604.00,220.83
1999-12-08,18630.00,3413.06,550.00,202.12
1999-12-09,18040.00,3412.48,502.00,204.54
1999-12-10,17478.00,3411.92,470.00,186.66
1999-12-11,17000.00,3411.44,435.00,194.01
1999-12-12,16709.88,3411.15,430.00,283.73
1999-12-13,16470.00,3410.90,400.00,279.06
1999-12-14,16330.00,3410.76,333.00,262.42
1999-12-15,16820.00,3411.26,309.00,556.04
1999-12-16,17550.00,3412.00,377.00,745.04
1999-12-17,18040.00,3412.48,470.00,717.04
1999-12-18,18600.00,3413.03,480.00,762.33
1999-12-19,18739.93,3413.17,475.00,545.55
1999-12-20,18600.00,3413.03,508.00,437.45
1999-12-21,18290.00,3412.73,538.00,381.71
1999-12-22,17872.05,3412.32,532.00,321.29
1999-12-23,17478.00,3411.92,490.00,291.33
1999-12-24,17090.00,3411.53,455.00,259.38
1999-12-25,16650.00,3411.09,450.00,228.17
1999-12-26,16190.05,3410.62,445.00,213.11
1999-12-27,15820.00,3410.23,400.00,213.43
1999-12-28,15690.00,3410.09,273.00,207.46
1999-12-29,15690.00,3410.09,209.00,209.00
1999-12-30,15660.00,3410.06,206.00,190.87
1999-12-31,15630.00,3410.03,206.00,190.87
2000-01-01,15620.00,3410.02,206.00,200.96
2000-01-02,15564.00,3409.96,206.00,177.77
2000-01-03,15573.00,3409.97,189.00,193.54
2000-01-04,15640.00,3410.04,174.00,207.78
2000-01-05,15640.00,3410.04,171.00,171.00
2000-01-06,15600.00,3410.00,171.00,150.83
2000-01-07,15582.00,3409.98,171.00,161.92
2000-01-08,15591.00,3409.99,171.00,175.54
2000-01-09,15600.00,3410.00,171.00,175.54
2000-01-10,15581.33,3409.98,168.00,158.59
2000-01-11,15519.70,3409.91,168.00,136.93
2000-01-12,15490.00,3409.88,168.00,153.03
2000-01-13,15469.70,3409.86,168.00,157.76
2000-01-14,15419.39,3409.81,174.00,148.64
2000-01-15,15359.39,3409.74,174.00,143.75
2000-01-16,15288.79,3409.67,174.00,138.40
2000-01-17,15208.79,3409.58,174.00,133.67
2000-01-18,15098.18,3409.47,174.00,118.24
2000-01-19,14990.12,3409.35,174.00,119.52
2000-01-20,14904.00,3409.26,174.00,130.58
2000-01-21,14822.93,3409.17,174.00,133.13
2000-01-22,14706.00,3409.04,171.00,112.05
2000-01-23,14590.00,3408.92,171.00,112.52
2000-01-24,14471.00,3408.79,171.00,111.00
2000-01-25,14399.00,3408.71,151.00,114.70
2000-01-26,14353.91,3408.66,122.00,99.27
2000-01-27,14318.04,3408.62,125.00,106.92
2000-01-28,14237.00,3408.53,130.00,89.14
2000-01-29,14183.00,3408.47,130.00,102.77
2000-01-30,14110.98,3408.39,130.00,93.69
2000-01-31,14084.13,3408.36,130.00,116.47
2000-02-01,14219.00,3408.51,133.00,201.00
2000-02-02,14228.00,3408.52,133.00,137.54
2000-02-03,14228.00,3408.52,130.00,130.00
2000-02-04,14201.00,3408.49,130.00,116.39
2000-02-05,14183.00,3408.47,130.00,120.92
2000-02-06,14147.00,3408.43,130.00,111.85
2000-02-07,14110.98,3408.39,130.00,111.84
2000-02-08,14183.00,3408.47,133.00,169.31
2000-02-09,14237.00,3408.53,133.00,160.23
2000-02-10,14255.00,3408.55,133.00,142.08
2000-02-11,14273.00,3408.57,133.00,142.08
2000-02-12,14291.00,3408.59,133.00,142.08
2000-02-13,14291.00,3408.59,133.00,133.00
2000-02-14,14318.04,3408.62,133.00,146.63
2000-02-15,14309.02,3408.61,130.00,125.45
2000-02-16,14282.00,3408.58,130.00,116.38
2000-02-17,14264.00,3408.56,130.00,120.92
2000-02-18,14219.00,3408.51,130.00,107.31
2000-02-19,14174.00,3408.46,130.00,107.31
2000-02-20,14120.00,3408.40,130.00,102.77
2000-02-21,14120.00,3408.40,130.00,130.00
2000-02-22,14129.00,3408.41,130.00,134.54
2000-02-23,14110.98,3408.39,130.00,120.91
2000-02-24,14084.13,3408.36,130.00,116.47
2000-02-25,14066.09,3408.34,130.00,120.90
2000-02-26,14075.11,3408.35,130.00,134.55
2000-02-27,14066.09,3408.34,130.00,125.45
2000-02-28,14021.00,3408.29,130.00,107.27
2000-02-29,14012.00,3408.28,130.00,125.46
2000-03-01,13967.00,3408.23,130.00,107.31
2000-03-02,13930.98,3408.19,130.00,111.84
2000-03-03,13903.91,3408.16,128.00,114.35
2000-03-04,13903.91,3408.16,130.00,130.00
2000-03-05,13868.04,3408.12,130.00,111.92
2000-03-06,13832.00,3408.08,128.00,109.83
2000-03-07,13787.00,3408.03,128.00,105.31
2000-03-08,13742.00,3407.98,128.00,105.31
2000-03-09,13688.00,3407.92,128.00,100.77
2000-03-10,13660.98,3407.89,128.00,114.38
2000-03-11,13607.07,3407.83,128.00,100.82
2000-03-12,13553.00,3407.77,128.00,100.74
2000-03-13,13526.00,3407.74,128.00,114.39
2000-03-14,13517.00,3407.73,128.00,123.46
2000-03-15,13480.98,3407.69,128.00,109.84
2000-03-16,13490.00,3407.70,128.00,132.55
2000-03-17,13453.91,3407.66,128.00,109.81
2000-03-18,13462.93,3407.67,128.00,132.55
2000-03-19,13435.87,3407.64,128.00,114.35
2000-03-20,13400.00,3407.60,128.00,109.92
2000-03-21,13364.00,3407.56,125.00,106.85
2000-03-22,13355.00,3407.55,128.00,123.46
2000-03-23,13337.00,3407.53,128.00,118.92
2000-03-24,13319.00,3407.51,125.00,115.92
2000-03-25,13310.00,3407.50,125.00,120.46
2000-03-26,13292.00,3407.48,125.00,115.92
2000-03-27,13283.00,3407.47,125.00,120.46
2000-03-28,13265.00,3407.45,128.00,118.92
2000-03-29,13256.00,3407.44,125.00,120.46
2000-03-30,13238.00,3407.42,125.00,115.92
2000-03-31,13229.00,3407.41,125.00,120.46
2000-04-01,13256.00,3407.44,128.00,141.61
2000-04-02,13373.00,3407.57,131.00,189.99
2000-04-03,13598.04,3407.82,133.00,246.46
2000-04-04,13985.00,3408.25,139.00,334.09
2000-04-05,14371.96,3408.68,144.00,339.09
2000-04-06,14724.00,3409.06,147.00,324.49
2000-04-07,15020.20,3409.38,150.00,299.33
2000-04-08,15283.91,3409.66,150.00,282.96
2000-04-09,15591.00,3409.99,153.00,307.82
2000-04-10,15953.15,3410.37,153.00,335.59
2000-04-11,16380.02,3410.81,156.00,371.21
2000-04-12,16960.00,3411.40,161.00,453.40
2000-04-13,17927.19,3412.37,173.00,660.62
2000-04-14,19140.00,3413.56,185.00,796.46
2000-04-15,20270.07,3414.63,192.00,761.75
2000-04-16,21222.00,3415.52,195.00,674.93
2000-04-17,22004.00,3416.24,196.00,590.26
2000-04-18,22774.00,3416.94,196.00,584.21
2000-04-19,23564.87,3417.65,200.00,598.73
2000-04-20,24365.13,3418.35,204.00,607.47
2000-04-21,25198.00,3419.08,208.00,627.90
2000-04-22,26112.18,3419.86,212.00,672.90
2000-04-23,26896.00,3420.53,212.00,607.18
2000-04-24,27544.00,3421.07,213.00,539.70
2000-04-25,28120.00,3421.55,213.00,503.40
2000-04-26,28592.00,3421.94,214.00,451.97
2000-04-27,29121.22,3422.37,214.00,480.82
2000-04-28,29572.00,3422.74,215.00,442.27
2000-04-29,29996.00,3423.08,215.00,428.77
2000-04-30,30403.00,3423.41,216.00,421.20
2000-05-01,30903.03,3423.81,216.00,468.10
2000-05-02,31496.00,3424.28,220.00,518.96
2000-05-03,32095.00,3424.75,305.00,607.00
2000-05-04,32480.00,3425.05,415.00,609.10
2000-05-05,32553.03,3425.11,550.00,586.82
2000-05-06,32528.00,3425.09,544.00,531.38
2000-05-07,32456.00,3425.03,508.00,471.70
2000-05-08,32407.00,3424.99,508.00,483.30
2000-05-09,32480.00,3425.05,508.00,544.80
2000-05-10,32444.00,3425.02,508.00,489.85
2000-05-11,32316.00,3424.92,502.00,437.47
2000-05-12,32056.00,3424.72,520.00,388.92
2000-05-13,31780.00,3424.50,544.00,404.85
2000-05-14,31508.00,3424.29,544.00,406.87
2000-05-15,31460.00,3424.25,544.00,519.80
2000-05-16,31546.06,3424.32,544.00,587.39
2000-05-17,31804.00,3424.52,550.00,680.04
2000-05-18,31926.06,3424.62,586.00,647.54
2000-05-19,32290.00,3424.90,638.00,821.48
2000-05-20,32748.00,3425.26,617.00,847.91
2000-05-21,33306.97,3425.69,624.00,905.81
2000-05-22,33840.00,3426.10,743.00,1011.74
2000-05-23,33749.00,3426.03,1058.00,1012.12
2000-05-24,33554.25,3425.88,1058.00,959.82
2000-05-25,33293.94,3425.68,986.00,854.76
2000-05-26,33008.00,3425.46,914.00,769.84
2000-05-27,32865.16,3425.35,906.00,833.98
2000-05-28,32735.00,3425.25,906.00,840.38
2000-05-29,32420.00,3425.00,906.00,747.19
2000-05-30,32264.25,3424.88,764.00,685.48
2000-05-31,32095.00,3424.75,645.00,559.67
2000-06-01,32030.00,3424.70,544.00,511.23
2000-06-02,32355.00,3424.95,381.00,544.85
2000-06-03,32956.00,3425.42,317.00,620.00
2000-06-04,33814.00,3426.08,317.00,749.58
2000-06-05,34620.00,3426.70,450.00,856.36
2000-06-06,34360.00,3426.50,954.00,822.92
2000-06-07,33697.00,3425.99,1130.00,795.74
2000-06-08,33241.81,3425.64,1002.00,772.51
2000-06-09,33138.00,3425.56,715.00,662.66
2000-06-10,33099.00,3425.53,598.00,578.34
2000-06-11,33021.00,3425.47,592.00,552.67
2000-06-12,33853.03,3426.11,604.00,1023.48
2000-06-13,34048.00,3426.26,841.00,939.30
2000-06-14,33749.00,3426.03,1106.00,955.25
2000-06-15,33606.00,3425.92,1106.00,1033.90
2000-06-16,33320.00,3425.70,994.00,849.81
2000-06-17,33164.00,3425.58,862.00,783.35
2000-06-18,33047.00,3425.49,862.00,803.01
2000-06-19,32787.00,3425.29,855.00,723.92
2000-06-20,32630.90,3425.17,743.00,664.30
2000-06-21,33125.00,3425.55,440.00,689.11
2000-06-22,33904.84,3426.15,313.00,706.17
2000-06-23,34191.22,3426.37,460.00,604.38
2000-06-24,34113.03,3426.31,598.00,558.58
2000-06-25,33970.00,3426.20,586.00,513.89
2000-06-26,33853.03,3426.11,586.00,527.03
2000-06-27,33775.00,3426.05,580.00,540.66
2000-06-28,33736.00,3426.02,580.00,560.34
2000-06-29,33684.00,3425.98,574.00,547.78
2000-06-30,33528.19,3425.86,562.00,483.45
2000-07-01,33241.81,3425.64,556.00,411.62
2000-07-02,32852.13,3425.34,556.00,359.54
2000-07-03,32709.00,3425.23,451.00,378.84
2000-07-04,32852.13,3425.34,267.00,339.16
2000-07-05,33099.00,3425.53,215.00,339.46
2000-07-06,33463.03,3425.81,183.00,366.53
2000-07-07,33684.00,3425.98,223.00,334.41
2000-07-08,33762.00,3426.04,293.00,332.33
2000-07-09,33827.00,3426.09,293.00,325.77
2000-07-10,33866.06,3426.12,293.00,312.69
2000-07-11,33879.09,3426.13,297.00,303.57
2000-07-12,33866.06,3426.12,297.00,290.43
2000-07-13,33827.00,3426.09,297.00,277.31
2000-07-14,33827.00,3426.09,262.00,262.00
2000-07-15,33840.00,3426.10,241.00,247.55
2000-07-16,33814.00,3426.08,241.00,227.89
2000-07-17,33801.00,3426.07,230.00,223.45
2000-07-18,33853.03,3426.11,192.00,218.23
2000-07-19,33904.84,3426.15,180.00,206.12
2000-07-20,33943.94,3426.18,180.00,199.71
2000-07-21,33983.00,3426.21,180.00,199.69
2000-07-22,33996.00,3426.22,180.00,186.55
2000-07-23,33996.00,3426.22,180.00,180.00
2000-07-24,33983.00,3426.21,180.00,173.45
2000-07-25,33930.91,3426.17,180.00,153.74
2000-07-26,33879.09,3426.13,180.00,153.88
2000-07-27,33814.00,3426.08,177.00,144.18
2000-07-28,33736.00,3426.02,177.00,137.67
2000-07-29,33645.00,3425.95,177.00,131.12
2000-07-30,33566.97,3425.89,177.00,137.66
2000-07-31,33476.06,3425.82,177.00,131.17
2000-08-01,33359.00,3425.73,177.00,117.98
2000-08-02,33241.81,3425.64,177.00,117.92
2000-08-03,33047.00,3425.49,209.00,110.78
2000-08-04,32787.00,3425.29,248.00,116.92
2000-08-05,32516.00,3425.08,248.00,111.37
2000-08-06,32264.25,3424.88,248.00,121.08
2000-08-07,31888.00,3424.59,285.00,95.31
2000-08-08,31424.00,3424.22,354.00,120.07
2000-08-09,30878.00,3423.79,381.00,105.72
2000-08-10,30294.06,3423.32,377.00,82.60
2000-08-11,29887.00,3422.99,309.00,103.77
2000-08-12,29546.00,3422.72,265.00,93.08
2000-08-13,29220.00,3422.45,262.00,97.64
2000-08-14,28897.97,3422.19,262.00,99.64
2000-08-15,28540.00,3421.90,258.00,77.52
2000-08-16,28216.09,3421.63,258.00,94.69
2000-08-17,27904.21,3421.37,258.00,100.76
2000-08-18,27568.00,3421.09,258.00,88.50
2000-08-19,27220.00,3420.80,255.00,79.55
2000-08-20,26896.00,3420.53,255.00,91.65
2000-08-21,26594.00,3420.27,255.00,102.74
2000-08-22,26259.00,3419.99,251.00,82.10
2000-08-23,25944.00,3419.72,251.00,92.19
2000-08-24,25618.00,3419.44,251.00,86.64
2000-08-25,25291.88,3419.16,251.00,86.58
2000-08-26,24978.97,3418.89,248.00,90.24
2000-08-27,24614.00,3418.57,248.00,63.99
2000-08-28,24310.00,3418.30,244.00,90.73
2000-08-29,23984.00,3418.02,244.00,79.64
2000-08-30,23668.00,3417.74,244.00,84.68
2000-08-31,23345.00,3417.45,241.00,78.15
2000-09-01,23060.00,3417.20,227.00,83.31
2000-09-02,22807.00,3416.97,205.00,77.45
2000-09-03,22554.00,3416.74,205.00,77.45
2000-09-04,22301.00,3416.51,202.00,74.45
2000-09-05,22070.00,3416.30,202.00,85.54
2000-09-06,21806.00,3416.06,202.00,68.90
2000-09-07,21564.11,3415.84,202.00,80.05
2000-09-08,21332.05,3415.62,202.00,85.01
2000-09-09,21101.00,3415.41,198.00,81.51
2000-09-10,20880.00,3415.20,198.00,86.58
2000-09-11,20630.00,3414.97,198.00,71.96
2000-09-12,20395.00,3414.75,195.00,76.52
2000-09-13,20152.00,3414.52,195.00,72.49
2000-09-14,19920.00,3414.30,195.00,78.03
2000-09-15,19666.00,3414.06,198.00,69.94
2000-09-16,19412.05,3413.82,202.00,73.97
2000-09-17,19160.00,3413.58,202.00,74.92
2000-09-18,18910.07,3413.33,205.00,79.00
2000-09-19,18630.00,3413.06,209.00,67.80
2000-09-20,18360.00,3412.80,209.00,72.87
2000-09-21,18100.00,3412.54,209.00,77.92
2000-09-22,17840.00,3412.29,209.00,77.92
2000-09-23,17570.00,3412.02,205.00,68.87
2000-09-24,17310.00,3411.75,205.00,73.92
2000-09-25,17040.00,3411.48,202.00,65.87
2000-09-26,16790.00,3411.23,202.00,75.96
2000-09-27,16515.00,3410.95,202.00,63.35
2000-09-28,16280.00,3410.71,198.00,79.52
2000-09-29,16020.00,3410.44,198.00,66.92
2000-09-30,15953.15,3410.37,202.00,168.30
2000-10-01,15899.02,3410.31,204.32,175.00
2000-10-02,15700.00,3410.10,200.89,97.66
2000-10-03,15480.17,3409.87,198.50,84.17
2000-10-04,15265.87,3409.64,195.00,86.96
2000-10-05,15040.00,3409.40,195.00,81.12
2000-10-06,14859.00,3409.21,171.00,79.75
2000-10-07,14706.00,3409.04,147.00,69.86
2000-10-08,14552.18,3408.88,147.00,69.45
2000-10-09,14408.00,3408.72,147.00,74.31
2000-10-10,14273.00,3408.57,147.00,78.94
2000-10-11,14120.00,3408.40,144.00,66.86
2000-10-12,13940.00,3408.20,159.00,68.25
2000-10-13,13751.00,3407.99,170.00,74.71
2000-10-14,13535.00,3407.75,170.00,61.10
2000-10-15,13328.00,3407.52,170.00,65.64
2000-10-16,13150.00,3407.32,170.00,80.26
2000-10-17,12960.00,3407.10,170.00,74.21
2000-10-18,12798.00,3406.92,167.00,85.32
2000-10-19,12610.00,3406.70,170.00,75.22
2000-10-20,12582.93,3406.67,173.00,159.35
2000-10-21,12464.00,3406.53,170.00,110.04
2000-10-22,12326.14,3406.37,170.00,100.49
2000-10-23,12139.90,3406.15,185.00,91.11
2000-10-24,11930.00,3405.90,200.00,94.17
2000-10-25,11704.06,3405.63,197.00,83.09
2000-10-26,11500.98,3405.39,197.00,94.61
2000-10-27,11276.04,3405.12,197.00,83.59
2000-10-28,11099.00,3404.91,193.00,103.74
2000-10-29,10905.94,3404.67,193.00,95.67
2000-10-30,10698.00,3404.41,193.00,88.16
2000-10-31,10479.90,3404.15,190.00,80.04
2000-11-01,10271.98,3403.89,187.00,82.17
2000-11-02,10056.04,3403.62,187.00,78.13
2000-11-03,9858.12,3403.36,184.00,84.21
2000-11-04,9697.92,3403.16,184.00,103.23
2000-11-05,9514.00,3402.93,181.00,88.27
2000-11-06,9347.00,3402.71,181.00,96.80
2000-11-07,9173.00,3402.49,178.00,90.27
2000-11-08,9022.00,3402.29,178.00,101.87
2000-11-09,8824.00,3402.03,175.00,75.17
2000-11-10,8650.00,3401.80,171.00,83.27
2000-11-11,8452.00,3401.54,171.00,71.17
2000-11-12,8249.00,3401.27,168.00,65.65
2000-11-13,8085.00,3401.05,160.00,77.32
2000-11-14,7921.05,3400.83,148.00,65.34
2000-11-15,7757.02,3400.61,145.00,62.30
2000-11-16,7592.98,3400.39,145.00,62.30
2000-11-17,7435.94,3400.17,145.00,65.82
2000-11-18,7268.00,3399.94,145.00,60.33
2000-11-19,7114.00,3399.72,145.00,67.36
2000-11-20,6950.00,3399.50,142.00,59.32
2000-11-21,6796.00,3399.28,140.00,62.36
2000-11-22,6646.00,3399.08,130.00,54.37
2000-11-23,6534.00,3398.92,135.00,78.53
2000-11-24,6429.00,3398.77,122.00,69.06
2000-11-25,6365.97,3398.68,113.00,81.22
2000-11-26,6324.03,3398.62,113.00,91.86
2000-11-27,6254.00,3398.52,112.00,76.69
2000-11-28,6156.14,3398.38,115.00,65.66
2000-11-29,6058.00,3398.24,117.00,67.52
2000-11-30,5974.03,3398.12,117.00,74.67
2000-12-01,5869.00,3397.97,114.00,61.05
2000-12-02,5792.10,3397.86,114.00,75.23
2000-12-03,5694.00,3397.72,112.00,62.54
2000-12-04,5596.00,3397.58,110.00,60.59
2000-12-05,5504.00,3397.44,110.00,63.62
2000-12-06,5410.00,3397.30,108.00,60.61
2000-12-07,5311.93,3397.16,108.00,58.56
2000-12-08,5207.00,3397.01,106.00,53.10
2000-12-09,5102.10,3396.86,105.00,52.11
2000-12-10,5012.00,3396.72,103.00,57.57
2000-12-11,4909.00,3396.57,103.00,51.07
2000-12-12,4797.00,3396.41,101.00,44.53
2000-12-13,4702.00,3396.27,99.00,51.10
2000-12-14,4690.00,3396.25,99.00,92.95
2000-12-15,4583.00,3396.09,99.00,45.05
2000-12-16,4555.00,3396.05,99.00,84.88
2000-12-17,4464.00,3395.92,96.00,50.12
2000-12-18,4376.00,3395.78,96.00,51.63
2000-12-19,4305.97,3395.68,94.00,58.69
2000-12-20,4238.00,3395.58,94.00,59.73
2000-12-21,4190.00,3395.50,88.00,63.80
2000-12-22,4190.00,3395.50,81.00,81.00
2000-12-23,4148.00,3395.44,81.00,59.82
2000-12-24,4092.10,3395.36,79.00,50.82
2000-12-25,4029.00,3395.27,79.00,47.19
2000-12-26,3980.00,3395.20,78.00,53.30
2000-12-27,3932.03,3395.12,78.00,53.81
2000-12-28,3885.00,3395.05,76.00,52.29
2000-12-29,3850.00,3395.00,74.00,56.35
2000-12-30,3814.00,3394.94,74.00,55.85
2000-12-31,3782.98,3394.89,72.00,56.36
2001-01-01,3748.07,3394.84,71.00,53.40
2001-01-02,3713.00,3394.79,71.00,53.32
2001-01-03,3706.00,3394.78,69.00,65.47
2001-01-04,3685.00,3394.75,71.00,60.41
2001-01-05,3734.03,3394.82,72.00,96.72
2001-01-06,3741.05,3394.83,71.00,74.54
2001-01-07,3741.05,3394.83,71.00,71.00
2001-01-08,3741.05,3394.83,71.00,71.00
2001-01-09,3734.03,3394.82,71.00,67.46
2001-01-10,3706.00,3394.78,71.00,56.87
2001-01-11,3713.00,3394.79,69.00,72.53
2001-01-12,3699.00,3394.77,69.00,61.94
2001-01-13,3692.00,3394.76,69.00,65.47
2001-01-14,3678.00,3394.74,69.00,61.94
2001-01-15,3643.99,3394.69,67.00,49.85
2001-01-16,3602.03,3394.62,69.00,47.85
2001-01-17,3576.00,3394.58,66.00,52.88
2001-01-18,3562.00,3394.56,66.00,58.94
2001-01-19,3541.00,3394.53,65.00,54.41
2001-01-20,3514.00,3394.49,64.00,50.39
2001-01-21,3527.00,3394.51,65.00,71.55
2001-01-22,3508.00,3394.48,64.00,54.42
2001-01-23,3484.00,3394.44,62.00,49.90
2001-01-24,3478.00,3394.43,63.00,59.97
2001-01-25,3432.10,3394.36,63.00,39.86
2001-01-26,3411.05,3394.33,62.00,51.39
2001-01-27,3376.00,3394.28,61.00,43.33
2001-01-28,3348.00,3394.24,61.00,46.88
2001-01-29,3348.00,3394.24,61.00,61.00
2001-01-30,3334.00,3394.22,60.00,52.94
2001-01-31,3295.94,3394.16,59.00,39.81
2001-02-01,3283.91,3394.14,58.00,51.94
2001-02-02,3289.93,3394.15,60.00,63.03
2001-02-03,3272.03,3394.12,59.00,49.98
2001-02-04,3362.00,3394.26,64.00,109.36
2001-02-05,3383.00,3394.29,64.00,74.59
2001-02-06,3390.00,3394.30,63.00,66.53
2001-02-07,3390.00,3394.30,63.00,63.00
2001-02-08,3376.00,3394.28,64.00,56.94
2001-02-09,3369.00,3394.27,64.00,60.47
2001-02-10,3348.00,3394.24,62.00,51.41
2001-02-11,3334.00,3394.22,62.00,54.94
2001-02-12,3313.99,3394.19,62.00,51.91
2001-02-13,3289.93,3394.15,62.00,49.87
2001-02-14,3283.91,3394.14,60.00,56.97
2001-02-15,3260.00,3394.10,60.00,47.94
2001-02-16,3283.91,3394.14,62.00,74.06
2001-02-17,3272.03,3394.12,60.00,54.01
2001-02-18,3260.00,3394.10,60.00,53.94
2001-02-19,3239.00,3394.07,58.00,47.41
2001-02-20,3204.00,3394.02,58.00,40.35
2001-02-21,3190.00,3394.00,58.00,50.94
2001-02-22,3166.00,3393.96,57.00,44.90
2001-02-23,3148.00,3393.93,57.00,47.92
2001-02-24,3116.14,3393.88,55.00,38.94
2001-02-25,3081.05,3393.83,55.00,37.31
2001-02-26,3048.00,3393.78,54.00,37.34
2001-02-27,3018.00,3393.73,54.00,38.87
2001-02-28,2992.98,3393.69,52.00,39.39
2001-03-01,2992.98,3393.69,52.00,52.00
2001-03-02,2978.95,3393.67,52.00,44.92
2001-03-03,2937.02,3393.61,52.00,30.86
2001-03-04,2912.00,3393.57,51.00,38.39
2001-03-05,2894.00,3393.54,51.00,41.92
2001-03-06,2876.00,3393.51,49.00,39.92
2001-03-07,2863.00,3393.49,49.00,42.45
2001-03-08,2870.00,3393.50,49.00,52.53
2001-03-09,2876.00,3393.51,49.00,52.03
2001-03-10,2888.00,3393.53,49.00,55.05
2001-03-11,2906.00,3393.56,49.00,58.08
2001-03-12,2912.00,3393.57,50.00,53.03
2001-03-13,2957.90,3393.64,51.00,74.14
2001-03-14,2978.95,3393.67,51.00,61.61
2001-03-15,3000.00,3393.70,53.00,63.61
2001-03-16,3006.00,3393.71,52.00,55.03
2001-03-17,3018.00,3393.73,52.00,58.05
2001-03-18,3160.00,3393.95,55.00,126.59
2001-03-19,3397.02,3394.31,61.00,180.50
2001-03-20,3569.00,3394.57,64.00,150.71
2001-03-21,3706.00,3394.78,67.00,136.07
2001-03-22,3826.00,3394.96,70.00,130.50
2001-03-23,3938.04,3395.13,73.00,129.49
2001-03-24,4092.10,3395.36,76.00,153.67
2001-03-25,4355.00,3395.75,81.00,213.54
2001-03-26,4597.02,3396.11,85.00,207.02
2001-03-27,4839.00,3396.47,88.00,210.00
2001-03-28,5006.00,3396.71,92.00,176.20
2001-03-29,5172.00,3396.96,96.00,179.69
2001-03-30,5304.91,3397.15,95.00,162.01
2001-03-31,5504.00,3397.44,100.00,200.37
2001-04-01,5701.00,3397.73,104.00,203.32
2001-04-02,5855.00,3397.95,106.00,183.64
2001-04-03,5981.05,3398.13,106.00,169.55
2001-04-04,6079.00,3398.27,108.00,157.38
2001-04-05,6184.00,3398.42,107.00,159.94
2001-04-06,6247.00,3398.51,107.00,138.76
2001-04-07,6296.00,3398.58,107.00,131.70
2001-04-08,6324.03,3398.62,107.00,121.13
2001-04-09,6365.97,3398.68,107.00,128.14
2001-04-10,6401.00,3398.73,106.00,123.66
2001-04-11,6443.00,3398.79,106.00,127.18
2001-04-12,6450.00,3398.80,106.00,109.53
2001-04-13,6443.00,3398.79,106.00,102.47
2001-04-14,6429.00,3398.77,106.00,98.94
2001-04-15,6422.00,3398.76,106.00,102.47
2001-04-16,6401.00,3398.73,107.00,96.41
2001-04-17,6457.02,3398.81,109.00,137.24
2001-04-18,6506.14,3398.88,102.00,126.76
2001-04-19,6569.00,3398.97,93.00,124.69
2001-04-20,6660.00,3399.10,96.00,141.88
2001-04-21,6747.00,3399.21,96.00,139.86
2001-04-22,6852.10,3399.36,98.00,150.99
2001-04-23,6950.00,3399.50,98.00,147.36
2001-04-24,7083.96,3399.68,98.00,165.54
2001-04-25,7373.00,3400.09,81.00,226.72
2001-04-26,8002.00,3400.94,68.00,385.12
2001-04-27,8880.00,3402.10,74.00,516.66
2001-04-28,9818.02,3403.31,79.00,551.92
2001-04-29,10576.00,3404.27,83.00,465.15
2001-04-30,11590.00,3405.50,78.00,589.23
2001-05-01,12310.10,3406.35,60.00,423.05
2001-05-02,12915.00,3407.05,58.00,362.97
2001-05-03,13471.96,3407.68,58.00,338.80
2001-05-04,14075.11,3408.35,58.00,362.09
2001-05-05,14610.00,3408.94,58.00,327.67
2001-05-06,15130.00,3409.50,59.00,321.17
2001-05-07,15650.00,3410.05,59.00,321.17
2001-05-08,16290.00,3410.72,59.00,381.67
2001-05-09,17050.00,3411.49,60.00,443.17
2001-05-10,17790.00,3412.24,62.00,435.08
2001-05-11,18600.00,3413.03,64.00,472.38
2001-05-12,19759.88,3414.15,65.00,649.77
2001-05-13,21112.00,3415.42,68.00,749.70
2001-05-14,22521.00,3416.71,75.00,785.37
2001-05-15,23916.00,3417.96,79.00,782.31
2001-05-16,25220.00,3419.10,80.00,737.43
2001-05-17,26215.00,3419.95,80.00,581.65
2001-05-18,27051.88,3420.66,79.00,500.93
2001-05-19,27868.12,3421.34,79.00,490.52
2001-05-20,28540.00,3421.90,77.00,415.74
2001-05-21,29340.00,3422.55,77.00,480.33
2001-05-22,30520.00,3423.50,79.00,673.92
2001-05-23,32108.00,3424.76,151.00,951.62
2001-05-24,33566.97,3425.89,333.00,1068.56
2001-05-25,34282.00,3426.44,601.00,961.50
2001-05-26,34269.00,3426.43,970.00,963.45
2001-05-27,34282.00,3426.44,834.00,840.55
2001-05-28,34230.00,3426.40,722.00,695.78
2001-05-29,33996.00,3426.22,659.00,541.02
2001-05-30,33775.00,3426.05,574.00,462.58
2001-05-31,33697.00,3425.99,502.00,462.67
2001-06-01,33736.00,3426.02,502.00,521.66
2001-06-02,33684.00,3425.98,502.00,475.78
2001-06-03,33502.13,3425.84,460.00,368.31
2001-06-04,33411.00,3425.77,395.00,349.06
2001-06-05,33346.00,3425.72,363.00,330.23
2001-06-06,33372.00,3425.74,301.00,314.11
2001-06-07,33528.19,3425.86,273.00,351.75
2001-06-08,33736.00,3426.02,273.00,377.77
2001-06-09,34022.00,3426.24,277.00,421.19
2001-06-10,34139.09,3426.33,325.00,384.03
2001-06-11,34243.00,3426.41,359.00,411.39
2001-06-12,34216.97,3426.39,377.00,363.88
2001-06-13,34152.13,3426.34,350.00,317.31
2001-06-14,34126.06,3426.32,313.00,299.86
2001-06-15,34139.09,3426.33,289.00,295.57
2001-06-16,34139.09,3426.33,293.00,293.00
2001-06-17,34139.09,3426.33,292.00,292.00
2001-06-18,34126.06,3426.32,257.00,250.43
2001-06-19,34165.16,3426.35,243.00,262.71
2001-06-20,34178.19,3426.36,250.00,256.57
2001-06-21,34216.97,3426.39,257.00,276.55
2001-06-22,34243.00,3426.41,264.00,277.12
2001-06-23,34204.25,3426.38,260.00,240.47
2001-06-24,34191.22,3426.37,239.00,232.43
2001-06-25,34191.22,3426.37,204.00,204.00
2001-06-26,34204.25,3426.38,193.00,199.57
2001-06-27,34321.00,3426.47,221.00,279.86
2001-06-28,34373.00,3426.51,252.00,278.22
2001-06-29,34334.00,3426.48,249.00,229.34
2001-06-30,34269.00,3426.43,235.00,202.23
2001-07-01,34216.97,3426.39,217.00,190.77
2001-07-02,34178.19,3426.36,199.00,179.45
2001-07-03,34126.06,3426.32,187.00,160.72
2001-07-04,34074.00,3426.28,181.00,154.75
2001-07-05,34022.00,3426.24,168.00,141.78
2001-07-06,33970.00,3426.20,155.00,128.78
2001-07-07,33917.87,3426.16,150.00,123.72
2001-07-08,33853.03,3426.11,150.00,117.31
2001-07-09,33710.00,3426.00,177.00,104.89
2001-07-10,33541.22,3425.87,202.00,116.91
2001-07-11,33359.00,3425.73,202.00,110.13
2001-07-12,33164.00,3425.58,202.00,103.69
2001-07-13,32956.00,3425.42,198.00,93.13
2001-07-14,32735.00,3425.25,198.00,86.58
2001-07-15,32528.00,3425.09,198.00,93.64
2001-07-16,32316.00,3424.92,198.00,91.12
2001-07-17,32121.00,3424.77,198.00,99.69
2001-07-18,31888.00,3424.59,198.00,80.53
2001-07-19,31663.00,3424.41,212.00,98.56
2001-07-20,31460.00,3424.25,230.00,127.65
2001-07-21,31218.00,3424.06,230.00,107.99
2001-07-22,30955.16,3423.85,226.00,93.48
2001-07-23,30691.81,3423.64,226.00,93.23
2001-07-24,30354.21,3423.37,255.00,84.79
2001-07-25,29972.00,3423.06,277.00,84.30
2001-07-26,29572.00,3422.74,277.00,75.33
2001-07-27,29208.00,3422.44,276.00,92.48
2001-07-28,28814.06,3422.12,276.00,77.39
2001-07-29,28420.00,3421.80,276.00,77.33
2001-07-30,28048.00,3421.49,272.00,84.45
2001-07-31,27663.91,3421.17,272.00,78.36
2001-08-01,27244.06,3420.82,284.00,72.32
2001-08-02,26812.00,3420.46,299.00,81.17
2001-08-03,26366.00,3420.08,295.00,70.14
2001-08-04,25932.00,3419.71,295.00,76.19
2001-08-05,25493.08,3419.33,291.00,69.71
2001-08-06,25050.00,3418.95,287.00,63.61
2001-08-07,24578.00,3418.54,302.00,64.03
2001-08-08,24080.00,3418.10,322.00,70.92
2001-08-09,23575.89,3417.66,318.00,63.85
2001-08-10,23072.00,3417.21,318.00,63.95
2001-08-11,22576.00,3416.76,314.00,63.93
2001-08-12,22103.08,3416.33,310.00,71.57
2001-08-13,21618.97,3415.89,309.00,64.93
2001-08-14,21134.00,3415.44,305.00,60.49
2001-08-15,20640.00,3414.98,309.00,59.94
2001-08-16,20152.00,3414.52,317.00,70.97
2001-08-17,19644.00,3414.04,313.00,56.88
2001-08-18,19130.00,3413.55,309.00,49.86
2001-08-19,18660.00,3413.09,309.00,72.04
2001-08-20,18170.03,3412.61,305.00,57.97
2001-08-21,17709.90,3412.16,305.00,73.02
2001-08-22,17330.00,3411.77,301.00,109.47
2001-08-23,16900.10,3411.34,301.00,84.26
2001-08-24,16440.17,3410.87,309.00,77.12
2001-08-25,15944.13,3410.36,317.00,66.91
2001-08-26,15470.15,3409.86,313.00,74.03
2001-08-27,14980.10,3409.34,309.00,61.93
2001-08-28,14516.09,3408.84,305.00,71.06
2001-08-29,14120.00,3408.40,265.00,65.31
2001-08-30,13778.00,3408.02,234.00,61.57
2001-08-31,13480.98,3407.69,205.00,55.25
2001-09-01,13204.16,3407.38,183.00,43.44
2001-09-02,12933.00,3407.07,180.00,43.29
2001-09-03,12664.00,3406.76,174.00,38.38
2001-09-04,12413.00,3406.47,163.00,36.45
2001-09-05,12180.00,3406.20,140.00,22.53
2001-09-06,11970.00,3405.95,140.00,34.12
2001-09-07,11751.98,3405.69,148.00,38.08
2001-09-08,11526.00,3405.42,145.00,31.07
2001-09-09,11299.90,3405.15,145.00,31.01
2001-09-10,11066.14,3404.87,148.00,30.14
2001-09-11,10826.00,3404.57,153.00,31.93
2001-09-12,10584.00,3404.28,150.00,27.99
2001-09-13,10352.00,3403.99,148.00,31.03
2001-09-14,10120.00,3403.70,148.00,31.03
2001-09-15,9905.00,3403.42,145.00,36.60
2001-09-16,9666.04,3403.12,145.00,24.52
2001-09-17,9442.08,3402.84,148.00,35.09
2001-09-18,9212.00,3402.54,148.00,32.00
2001-09-19,8982.00,3402.24,148.00,32.04
2001-09-20,8752.00,3401.94,150.00,34.04
2001-09-21,8521.05,3401.63,148.00,31.56
2001-09-22,8302.08,3401.34,148.00,37.60
2001-09-23,8078.00,3401.04,145.00,32.03
2001-09-24,7852.00,3400.74,148.00,34.06
2001-09-25,7640.00,3400.45,148.00,41.12
2001-09-26,7435.94,3400.17,145.00,42.12
2001-09-27,7226.14,3399.88,145.00,39.22
2001-09-28,7006.00,3399.58,143.00,32.01
2001-09-29,6796.00,3399.28,143.00,37.12
2001-09-30,6576.00,3398.98,143.00,32.08
2001-10-01,6365.97,3398.68,140.00,34.00
2001-10-02,6156.14,3398.38,138.00,32.21
2001-10-03,5953.00,3398.09,133.00,30.59
2001-10-04,5764.03,3397.82,111.00,15.73
2001-10-05,5665.97,3397.68,87.00,37.56
2001-10-06,5561.00,3397.53,77.00,24.08
2001-10-07,5480.00,3397.40,77.00,36.16
2001-10-08,5396.00,3397.28,75.00,32.65
2001-10-09,5297.90,3397.14,75.00,25.54
2001-10-10,5228.00,3397.04,75.00,39.76
2001-10-11,5200.00,3397.00,75.00,60.88
2001-10-12,5130.00,3396.90,75.00,39.71
2001-10-13,5067.02,3396.81,73.00,41.25
2001-10-14,4992.98,3396.69,73.00,35.67
2001-10-15,4916.00,3396.58,72.00,33.19
2001-10-16,4853.00,3396.49,72.00,40.24
2001-10-17,4782.98,3396.39,69.00,33.70
2001-10-18,4708.00,3396.28,72.00,34.20
2001-10-19,4631.93,3396.16,72.00,33.65
2001-10-20,4555.00,3396.05,70.00,31.21
2001-10-21,4492.00,3395.96,69.00,37.24
2001-10-22,4506.00,3395.98,70.00,77.06
2001-10-23,4555.00,3396.05,72.00,96.70
2001-10-24,4520.00,3396.00,75.00,57.35
2001-10-25,4471.00,3395.93,79.00,54.30
2001-10-26,4432.10,3395.87,79.00,59.39
2001-10-27,4414.06,3395.84,79.00,69.90
2001-10-28,4390.00,3395.80,77.00,64.87
2001-10-29,4362.00,3395.76,77.00,62.88
2001-10-30,4438.12,3395.88,79.00,117.38
2001-10-31,4727.02,3396.31,82.00,227.65
2001-11-01,4888.00,3396.54,82.00,163.16
2001-11-02,5102.10,3396.86,84.00,191.94
2001-11-03,5242.00,3397.06,86.00,156.53
2001-11-04,5332.98,3397.19,86.00,131.87
2001-11-05,5438.07,3397.34,88.00,140.98
2001-11-06,5492.00,3397.42,89.00,116.19
2001-11-07,5510.00,3397.45,89.00,98.08
2001-11-08,5510.00,3397.45,89.00,89.00
2001-11-09,5510.00,3397.45,89.00,89.00
2001-11-10,5492.00,3397.42,89.00,79.92
2001-11-11,5466.14,3397.38,88.00,74.96
2001-11-12,5459.12,3397.37,88.00,84.46
2001-11-13,5617.02,3397.61,91.00,170.61
2001-11-14,7708.00,3400.54,117.00,1171.20
2001-11-15,8901.05,3402.13,122.00,723.50
2001-11-16,9610.00,3403.05,125.00,482.43
2001-11-17,10040.00,3403.60,127.00,343.79
2001-11-18,10344.00,3403.98,127.00,280.27
2001-11-19,10672.18,3404.38,130.00,295.46
2001-11-20,11220.00,3405.05,135.00,411.19
2001-11-21,11696.04,3405.62,127.94,370.00
2001-11-22,12139.90,3406.15,125.00,348.78
2001-11-23,12456.00,3406.52,125.00,284.37
2001-11-24,12700.00,3406.80,125.00,248.02
2001-11-25,12870.00,3407.00,122.00,207.71
2001-11-26,12995.87,3407.14,122.00,185.46
2001-11-27,13095.00,3407.25,122.00,171.98
2001-11-28,13292.00,3407.48,125.00,224.32
2001-11-29,13382.00,3407.58,125.00,170.38
2001-11-30,13526.00,3407.74,125.00,197.60
2001-12-01,13679.00,3407.91,125.00,202.14
2001-12-02,13697.00,3407.93,125.00,134.08
2001-12-03,13742.00,3407.98,125.00,147.69
2001-12-04,13769.00,3408.01,125.00,138.61
2001-12-05,13805.00,3408.05,125.00,143.15
2001-12-06,13823.00,3408.07,133.00,142.08
2001-12-07,13760.00,3408.00,143.00,111.24
2001-12-08,13715.00,3407.95,143.00,120.31
2001-12-09,13589.02,3407.81,140.00,76.49
2001-12-10,13553.00,3407.77,140.00,121.84
2001-12-11,13480.98,3407.69,140.00,103.69
2001-12-12,13435.87,3407.64,140.00,117.26
2001-12-13,13697.00,3407.93,153.00,284.65
2001-12-14,13859.02,3408.11,153.00,234.69
2001-12-15,14012.00,3408.28,148.00,225.13
2001-12-16,14390.00,3408.70,158.00,348.58
2001-12-17,14787.07,3409.13,158.00,358.19
2001-12-18,15067.00,3409.43,155.00,296.13
2001-12-19,15220.00,3409.59,155.00,232.14
2001-12-20,15310.98,3409.69,155.00,200.87
2001-12-21,15365.00,3409.75,153.00,180.24
2001-12-22,15392.00,3409.78,153.00,166.61
2001-12-23,15383.00,3409.77,153.00,148.46
2001-12-24,15374.00,3409.76,153.00,148.46
2001-12-25,15338.00,3409.72,153.00,134.85
2001-12-26,15274.89,3409.65,150.00,118.18
2001-12-27,15230.00,3409.60,150.00,127.37
2001-12-28,15190.00,3409.56,150.00,129.83
2001-12-29,15112.00,3409.48,150.00,110.67
2001-12-30,15020.20,3409.38,150.00,103.72
2001-12-31,14931.00,3409.29,148.00,103.03
2002-01-01,14850.00,3409.20,148.00,107.16
2002-01-02,14769.02,3409.11,148.00,107.17
2002-01-03,14670.00,3409.00,145.00,95.08
2002-01-04,14560.98,3408.89,145.00,90.03
2002-01-05,14489.02,3408.81,145.00,108.72
2002-01-06,14543.15,3408.87,148.00,175.29
2002-01-07,17060.00,3411.50,173.00,1441.91
2002-01-08,21299.00,3415.59,193.00,2330.16
2002-01-09,23132.00,3417.26,274.00,1198.14
2002-01-10,23740.00,3417.80,470.00,776.53
2002-01-11,23740.00,3417.80,598.00,598.00
2002-01-12,23564.87,3417.65,598.00,509.70
2002-01-13,23191.03,3417.31,592.00,403.52
2002-01-14,22686.16,3416.86,580.00,325.46
2002-01-15,22092.05,3416.32,580.00,280.47
2002-01-16,21450.00,3415.73,574.00,250.30
2002-01-17,20920.00,3415.24,487.00,219.79
2002-01-18,20650.00,3414.99,353.00,216.87
2002-01-19,20483.08,3414.83,298.00,213.84
2002-01-20,20329.97,3414.69,295.00,217.81
2002-01-21,20120.00,3414.49,297.00,191.14
2002-01-22,19898.00,3414.28,298.00,186.07
2002-01-23,19644.00,3414.04,296.00,167.94
2002-01-24,19478.21,3413.88,297.00,213.42
2002-01-25,19300.00,3413.71,299.00,209.15
2002-01-26,19070.00,3413.49,296.00,180.04
2002-01-27,18814.00,3413.24,298.00,168.93
2002-01-28,18526.00,3412.96,295.00,149.80
2002-01-29,18260.00,3412.70,268.00,133.89
2002-01-30,18070.00,3412.51,241.00,145.21
2002-01-31,17960.00,3412.40,218.00,162.54
2002-02-01,17840.00,3412.29,192.00,131.50
2002-02-02,17719.93,3412.17,192.00,131.46
2002-02-03,17590.00,3412.04,192.00,126.50
2002-02-04,17469.00,3411.91,192.00,131.00
2002-02-05,17350.00,3411.79,192.00,132.00
2002-02-06,17260.00,3411.70,192.00,146.62
2002-02-07,17150.00,3411.59,192.00,136.54
2002-02-08,17020.00,3411.46,192.00,126.46
2002-02-09,16850.00,3411.29,189.00,103.29
2002-02-10,16699.85,3411.14,189.00,113.30
2002-02-11,16533.00,3410.97,189.00,104.88
2002-02-12,16350.00,3410.78,189.00,96.74
2002-02-13,16170.00,3410.60,186.00,95.25
2002-02-14,16020.00,3410.44,186.00,110.37
2002-02-15,15850.00,3410.26,186.00,100.29
2002-02-16,15670.00,3410.07,186.00,95.25
2002-02-17,15499.98,3409.89,186.00,100.28
2002-02-18,15310.98,3409.69,183.00,87.71
2002-02-19,15170.00,3409.54,183.00,111.92
2002-02-20,14990.12,3409.35,183.00,92.31
2002-02-21,15180.00,3409.55,189.00,284.73
2002-02-22,15670.00,3410.07,198.00,445.04
2002-02-23,16134.00,3410.56,198.00,431.93
2002-02-24,16470.00,3410.90,198.00,367.40
2002-02-25,16699.85,3411.14,198.00,313.88
2002-02-26,16890.07,3411.33,198.00,293.90
2002-02-27,17020.00,3411.46,198.00,263.50
2002-02-28,17120.00,3411.56,198.00,248.42
2002-03-01,17160.00,3411.60,198.00,218.17
2002-03-02,17180.05,3411.62,198.00,208.11
2002-03-03,17190.07,3411.63,198.00,203.05
2002-03-04,17170.03,3411.61,198.00,187.89
2002-03-05,17140.00,3411.58,198.00,182.86
2002-03-06,17140.00,3411.58,198.00,198.00
2002-03-07,17080.00,3411.52,198.00,167.75
2002-03-08,17010.00,3411.45,195.00,159.71
2002-03-09,16949.97,3411.39,195.00,164.74
2002-03-10,16910.12,3411.35,195.00,174.91
2002-03-11,17160.00,3411.60,206.00,331.98
2002-03-12,17219.90,3411.66,202.00,232.20
2002-03-13,17229.93,3411.67,202.00,207.05
2002-03-14,17199.85,3411.64,198.00,182.84
2002-03-15,17160.00,3411.60,198.00,177.91
2002-03-16,17100.00,3411.54,198.00,167.75
2002-03-17,17020.00,3411.46,198.00,157.67
2002-03-18,16980.00,3411.42,195.00,174.83
2002-03-19,16940.20,3411.38,195.00,174.93
2002-03-20,16840.00,3411.28,195.00,144.48
2002-03-21,16739.95,3411.18,195.00,144.56
2002-03-22,16630.00,3411.07,192.00,136.57
2002-03-23,16506.00,3410.94,192.00,129.48
2002-03-24,16390.05,3410.82,192.00,133.54
2002-03-25,16270.00,3410.70,192.00,131.48
2002-03-26,16152.00,3410.58,192.00,132.51
2002-03-27,16010.00,3410.43,189.00,117.41
2002-03-28,15880.00,3410.29,189.00,123.46
2002-03-29,15753.91,3410.16,189.00,125.43
2002-03-30,15620.00,3410.02,189.00,121.49
2002-03-31,15499.98,3409.89,189.00,128.49
2002-04-01,15383.00,3409.77,189.00,130.02
2002-04-02,15292.93,3409.67,189.00,143.59
2002-04-03,15230.00,3409.60,171.00,139.27
2002-04-04,15220.00,3409.59,155.00,149.96
2002-04-05,15239.02,3409.61,156.00,165.59
2002-04-06,15320.00,3409.70,159.00,199.83
2002-04-07,15410.00,3409.80,160.00,205.38
2002-04-08,15519.00,3409.91,164.00,218.95
2002-04-09,15690.00,3410.09,165.00,251.21
2002-04-10,15962.18,3410.38,172.00,309.22
2002-04-11,16330.00,3410.76,173.00,358.44
2002-04-12,16910.12,3411.35,180.00,472.48
2002-04-13,18020.00,3412.46,190.00,749.56
2002-04-14,20590.00,3414.93,230.00,1525.71
2002-04-15,22180.00,3416.40,231.00,1032.63
2002-04-16,23278.97,3417.39,226.00,780.07
2002-04-17,24068.00,3418.09,221.00,618.80
2002-04-18,24638.00,3418.59,236.00,523.38
2002-04-19,25050.00,3418.95,252.00,459.72
2002-04-20,25424.00,3419.27,250.00,438.56
2002-04-21,25734.00,3419.54,245.00,401.29
2002-04-22,26028.00,3419.79,243.00,391.23
2002-04-23,26215.00,3419.95,241.00,335.28
2002-04-24,26294.00,3420.02,263.00,302.83
2002-04-25,26342.00,3420.06,305.00,329.20
2002-04-26,26330.00,3420.05,327.00,320.95
2002-04-27,26390.00,3420.10,350.00,380.25
2002-04-28,26306.00,3420.03,345.00,302.65
2002-04-29,26237.00,3419.97,345.00,310.21
2002-04-30,26226.00,3419.96,345.00,339.45
2002-05-01,26414.06,3420.12,345.00,439.81
2002-05-02,26788.00,3420.44,354.00,542.53
2002-05-03,26980.00,3420.60,395.00,491.80
2002-05-04,27004.06,3420.62,445.00,457.13
2002-05-05,26980.00,3420.60,445.00,432.87
2002-05-06,26836.00,3420.48,445.00,372.40
2002-05-07,26594.00,3420.27,440.00,317.99
2002-05-08,26259.00,3419.99,470.00,301.10
2002-05-09,25824.06,3419.62,502.00,282.72
2002-05-10,25376.00,3419.23,496.00,270.10
2002-05-11,24935.13,3418.85,490.00,267.73
2002-05-12,24590.00,3418.55,490.00,315.99
2002-05-13,24453.00,3418.43,490.00,420.93
2002-05-14,24310.00,3418.30,490.00,417.90
2002-05-15,24202.00,3418.21,490.00,435.55
2002-05-16,24298.00,3418.29,420.00,468.40
2002-05-17,24626.00,3418.58,368.00,533.37
2002-05-18,25074.00,3418.97,377.00,602.87
2002-05-19,25570.00,3419.40,386.00,636.07
2002-05-20,26425.79,3420.13,405.00,836.46
2002-05-21,27244.06,3420.82,420.00,832.54
2002-05-22,27915.94,3421.38,430.00,768.74
2002-05-23,28348.00,3421.74,502.00,719.83
2002-05-24,28718.00,3422.04,574.00,760.54
2002-05-25,29196.00,3422.43,580.00,820.99
2002-05-26,29783.00,3422.91,659.00,954.95
2002-05-27,30556.00,3423.53,736.00,1125.72
2002-05-28,31559.10,3424.33,883.00,1388.73
2002-05-29,32604.84,3425.15,1130.00,1657.23
2002-05-30,33346.00,3425.72,1266.00,1639.67
2002-05-31,33632.00,3425.94,1299.00,1443.19
2002-06-01,33684.00,3425.98,1299.00,1325.22
2002-06-02,33645.00,3425.95,1290.00,1270.34
2002-06-03,33515.16,3425.85,1282.00,1216.54
2002-06-04,33346.00,3425.72,1282.00,1196.72
2002-06-05,33359.00,3425.73,1282.00,1288.55
2002-06-06,33333.00,3425.71,1290.00,1276.89
2002-06-07,32826.06,3425.32,1272.00,1016.42
2002-06-08,31977.87,3424.66,1261.00,833.37
2002-06-09,31006.97,3423.89,1235.00,745.50
2002-06-10,30318.12,3423.34,1185.00,837.70
2002-06-11,30205.00,3423.25,1023.00,965.97
2002-06-12,30653.03,3423.61,843.00,1068.88
2002-06-13,31546.06,3424.32,778.00,1228.24
2002-06-14,32407.00,3424.99,1026.00,1460.06
2002-06-15,32982.00,3425.44,1274.00,1563.90
2002-06-16,33254.84,3425.65,1282.00,1419.56
2002-06-17,33112.00,3425.54,1282.00,1209.98
2002-06-18,32916.97,3425.39,1230.00,1131.67
2002-06-19,32748.00,3425.26,1026.00,940.81
2002-06-20,32943.00,3425.41,824.00,922.31
2002-06-21,33241.81,3425.64,806.00,956.65
2002-06-22,33671.00,3425.97,843.00,1059.38
2002-06-23,34087.00,3426.29,851.00,1060.73
2002-06-24,33996.00,3426.22,999.00,953.12
2002-06-25,33866.06,3426.12,1057.00,991.49
2002-06-26,33917.87,3426.16,1043.00,1069.12
2002-06-27,33891.81,3426.14,1077.00,1063.86
2002-06-28,33996.00,3426.22,1030.00,1082.53
2002-06-29,34334.00,3426.48,1192.00,1362.41
2002-06-30,33645.00,3425.95,1282.00,934.63
2002-07-01,33086.00,3425.52,1019.00,737.17
2002-07-02,33086.00,3425.52,619.00,619.00
2002-07-03,33241.81,3425.64,453.00,531.55
2002-07-04,33372.00,3425.74,423.00,488.64
2002-07-05,33450.00,3425.80,414.00,453.33
2002-07-06,33476.06,3425.82,400.00,413.14
2002-07-07,33554.25,3425.88,400.00,439.42
2002-07-08,33983.00,3426.21,405.00,621.16
2002-07-09,34035.00,3426.25,410.00,436.22
2002-07-10,34061.00,3426.27,410.00,423.11
2002-07-11,34126.06,3426.32,420.00,452.80
2002-07-12,34139.09,3426.33,425.00,431.57
2002-07-13,34087.00,3426.29,425.00,398.74
2002-07-14,33970.00,3426.20,410.00,351.01
2002-07-15,33801.00,3426.07,386.00,300.80
2002-07-16,33632.00,3425.94,360.00,274.80
2002-07-17,33437.00,3425.79,362.00,263.69
2002-07-18,33280.91,3425.67,329.00,250.30
2002-07-19,33190.00,3425.60,287.00,241.17
2002-07-20,33047.00,3425.49,288.00,215.90
2002-07-21,32878.19,3425.36,290.00,204.89
2002-07-22,32683.00,3425.21,287.00,188.59
2002-07-23,32492.00,3425.06,289.00,192.70
2002-07-24,32329.00,3424.93,259.00,176.82
2002-07-25,32199.10,3424.83,257.00,191.51
2002-07-26,32056.00,3424.72,241.00,168.86
2002-07-27,31876.00,3424.58,241.00,150.25
2002-07-28,31741.00,3424.47,241.00,172.94
2002-07-29,31546.06,3424.32,237.00,138.72
2002-07-30,31347.87,3424.16,237.00,137.08
2002-07-31,31128.00,3423.99,255.00,144.15
2002-08-01,30929.10,3423.83,234.00,133.72
2002-08-02,30691.81,3423.64,234.00,114.37
2002-08-03,30481.00,3423.47,234.00,127.72
2002-08-04,30244.00,3423.28,234.00,114.51
2002-08-05,30020.00,3423.10,234.00,121.07
2002-08-06,29770.00,3422.90,234.00,107.96
2002-08-07,29546.00,3422.72,230.00,117.07
2002-08-08,29304.00,3422.52,230.00,107.99
2002-08-09,29082.13,3422.34,230.00,118.14
2002-08-10,28837.82,3422.14,227.00,103.83
2002-08-11,28566.00,3421.92,227.00,89.96
2002-08-12,28372.00,3421.76,230.00,132.19
2002-08-13,28036.00,3421.48,244.00,74.60
2002-08-14,27736.00,3421.23,248.00,96.75
2002-08-15,27460.00,3421.00,244.00,104.85
2002-08-16,27148.00,3420.74,244.00,86.70
2002-08-17,26812.00,3420.46,248.00,78.60
2002-08-18,26534.00,3420.22,248.00,107.84
2002-08-19,26215.00,3419.95,248.00,87.17
2002-08-20,25907.97,3419.69,244.00,89.21
2002-08-21,25606.00,3419.43,244.00,91.76
2002-08-22,25303.91,3419.17,244.00,91.70
2002-08-23,25014.00,3418.92,244.00,97.84
2002-08-24,24704.87,3418.65,241.00,85.14
2002-08-25,24408.97,3418.39,244.00,94.82
2002-08-26,24113.08,3418.13,244.00,94.82
2002-08-27,23817.19,3417.87,241.00,91.82
2002-08-28,23510.00,3417.60,241.00,86.13
2002-08-29,23235.13,3417.35,237.00,98.42
2002-08-30,22906.00,3417.06,237.00,71.06
2002-08-31,22609.00,3416.79,234.00,84.26
2002-09-01,22312.00,3416.52,234.00,84.26
2002-09-02,21993.00,3416.23,234.00,73.17
2002-09-03,21718.00,3415.98,209.00,70.35
2002-09-04,21470.00,3415.75,186.00,60.97
2002-09-05,21222.00,3415.52,186.00,60.97
2002-09-06,21002.05,3415.32,186.00,75.11
2002-09-07,20759.00,3415.09,186.00,63.46
2002-09-08,20516.16,3414.86,186.00,63.57
2002-09-09,20270.07,3414.63,183.00,58.93
2002-09-10,20040.00,3414.41,183.00,67.00
2002-09-11,19799.97,3414.19,180.00,58.99
2002-09-12,19550.00,3413.95,180.00,53.97
2002-09-13,19310.00,3413.72,180.00,59.00
2002-09-14,19080.00,3413.50,180.00,64.04
2002-09-15,18858.00,3413.28,177.00,65.07
2002-09-16,18610.00,3413.04,177.00,51.97
2002-09-17,18360.00,3412.80,177.00,50.96
2002-09-18,18130.00,3412.57,174.00,58.04
2002-09-19,17905.13,3412.35,174.00,60.63
2002-09-20,17650.00,3412.10,174.00,45.37
2002-09-21,17430.17,3411.87,174.00,63.17
2002-09-22,17199.85,3411.64,171.00,54.88
2002-09-23,16960.00,3411.40,171.00,50.07
2002-09-24,16709.88,3411.15,177.00,50.90
2002-09-25,16459.97,3410.89,180.00,54.01
2002-09-26,16209.85,3410.64,177.00,50.90
2002-09-27,15980.00,3410.40,177.00,61.12
2002-09-28,15753.91,3410.16,177.00,63.01
2002-09-29,15499.98,3409.89,174.00,45.97
2002-09-30,15257.07,3409.63,174.00,51.53
2002-10-01,15020.20,3409.38,174.00,55.00
2002-10-02,14795.87,3409.14,173.00,59.90
2002-10-03,14560.98,3408.89,169.00,50.58
2002-10-04,14353.91,3408.66,168.00,63.60
2002-10-05,14110.98,3408.39,168.00,45.52
2002-10-06,13912.93,3408.17,164.00,64.15
2002-10-07,13660.98,3407.89,163.00,35.97
2002-10-08,13453.91,3407.66,160.00,55.60
2002-10-09,13220.00,3407.40,160.00,42.07
2002-10-10,13004.89,3407.15,160.00,51.55
2002-10-11,12764.16,3406.88,158.00,36.63
2002-10-12,12547.07,3406.63,158.00,48.55
2002-10-13,12334.16,3406.38,158.00,50.66
2002-10-14,12124.06,3406.13,155.00,49.08
2002-10-15,11903.15,3405.87,155.00,43.63
2002-10-16,11704.06,3405.63,153.00,52.62
2002-10-17,11500.98,3405.39,153.00,50.61
2002-10-18,11291.88,3405.14,150.00,44.58
2002-10-19,11074.16,3404.88,150.00,40.23
2002-10-20,10874.06,3404.63,150.00,49.12
2002-10-21,10680.98,3404.39,148.00,50.65
2002-10-22,10479.90,3404.15,148.00,46.62
2002-10-23,10288.00,3403.91,135.00,38.25
2002-10-24,10120.00,3403.70,128.00,43.30
2002-10-25,9965.00,3403.50,128.00,49.85
2002-10-26,9778.00,3403.26,126.00,31.72
2002-10-27,9618.00,3403.06,126.00,45.33
2002-10-28,9442.08,3402.84,126.00,37.31
2002-10-29,9268.02,3402.61,124.00,36.25
2002-10-30,9110.00,3402.40,121.00,41.33
2002-10-31,8935.97,3402.18,121.00,33.26
2002-11-01,8776.00,3401.97,119.00,38.35
2002-11-02,8610.00,3401.75,119.00,35.31
2002-11-03,8452.00,3401.54,119.00,39.34
2002-11-04,8302.08,3401.34,117.00,41.41
2002-11-05,8159.90,3401.15,117.00,45.32
2002-11-06,8002.00,3400.94,117.00,37.39
2002-11-07,7900.00,3400.80,115.00,63.57
2002-11-08,7791.93,3400.66,115.00,60.52
2002-11-09,7708.00,3400.54,116.00,73.68
2002-11-10,7592.98,3400.39,113.00,55.01
2002-11-11,7474.00,3400.22,114.00,54.01
2002-11-12,7516.00,3400.28,116.00,137.18
2002-11-13,7488.00,3400.24,116.00,101.88
2002-11-14,7419.90,3400.15,114.00,79.67
2002-11-15,7324.00,3400.02,114.00,65.65
2002-11-16,7268.00,3399.94,114.00,85.77
2002-11-17,7232.98,3399.89,112.00,94.35
2002-11-18,7198.07,3399.84,112.00,94.40
2002-11-19,7205.09,3399.85,113.00,116.54
2002-11-20,7184.03,3399.82,113.00,102.39
2002-11-21,7142.00,3399.76,111.00,89.81
2002-11-22,7083.96,3399.68,111.00,81.74
2002-11-23,6999.00,3399.57,111.00,68.17
2002-11-24,6929.00,3399.47,111.00,75.71
2002-11-25,6845.09,3399.35,108.00,65.69
2002-11-26,6747.00,3399.21,108.00,58.55
2002-11-27,6646.00,3399.08,106.00,55.08
2002-11-28,6548.00,3398.94,106.00,56.59
2002-11-29,6450.00,3398.80,106.00,56.59
2002-11-30,6351.93,3398.66,104.00,54.56
2002-12-01,6254.00,3398.52,104.00,54.63
2002-12-02,6149.12,3398.37,102.00,49.12
2002-12-03,6037.00,3398.21,102.00,45.47
2002-12-04,5953.00,3398.09,104.00,61.65
2002-12-05,5848.00,3397.94,102.00,49.06
2002-12-06,5743.00,3397.79,102.00,49.06
2002-12-07,5637.90,3397.64,100.00,47.01
2002-12-08,5534.00,3397.49,100.00,47.62
2002-12-09,5445.09,3397.35,97.00,52.17
2002-12-10,5417.02,3397.31,97.00,82.85
2002-12-11,5403.00,3397.29,100.00,92.93
2002-12-12,5382.00,3397.26,100.00,89.41
2002-12-13,5403.00,3397.29,100.00,110.59
2002-12-14,5522.00,3397.47,102.00,162.00
2002-12-15,5708.00,3397.74,104.00,197.78
2002-12-16,5834.00,3397.92,104.00,167.53
2002-12-17,5883.00,3397.99,104.00,128.70
2002-12-18,5897.00,3398.01,104.00,111.06
2002-12-19,5890.00,3398.00,104.00,100.47
2002-12-20,5876.00,3397.98,102.00,94.94
2002-12-21,5876.00,3397.98,102.00,102.00
2002-12-22,5841.00,3397.93,102.00,84.35
2002-12-23,5778.07,3397.84,102.00,70.27
2002-12-24,5736.00,3397.78,100.00,78.79
2002-12-25,5701.00,3397.73,100.00,82.35
2002-12-26,5672.98,3397.69,100.00,85.87
2002-12-27,5665.97,3397.68,100.00,96.46
2002-12-28,5637.90,3397.64,100.00,85.85
2002-12-29,5582.00,3397.56,100.00,71.82
2002-12-30,5582.00,3397.56,100.00,100.00
2002-12-31,5540.00,3397.50,100.00,78.82
2003-01-01,5547.00,3397.51,100.00,103.53
2003-01-02,5631.05,3397.63,102.00,144.38
2003-01-03,5841.00,3397.93,107.00,212.85
2003-01-04,6177.00,3398.41,112.00,281.40
2003-01-05,6534.00,3398.92,114.00,293.99
2003-01-06,6775.00,3399.25,114.00,235.50
2003-01-07,6929.00,3399.47,115.00,192.64
2003-01-08,7051.88,3399.64,115.00,176.95
2003-01-09,7128.00,3399.74,116.00,154.38
2003-01-10,7163.00,3399.79,118.00,135.65
2003-01-11,7240.00,3399.90,119.00,157.82
2003-01-12,7296.00,3399.98,119.00,147.23
2003-01-13,7352.00,3400.06,119.00,147.23
2003-01-14,7380.00,3400.10,120.00,134.12
2003-01-15,7388.02,3400.11,120.00,124.04
2003-01-16,7373.00,3400.09,121.00,113.43
2003-01-17,7366.00,3400.08,121.00,117.47
2003-01-18,7324.00,3400.02,121.00,99.82
2003-01-19,7310.00,3400.00,122.00,114.94
2003-01-20,7275.00,3399.95,122.00,104.35
2003-01-21,7268.00,3399.94,122.00,118.47
2003-01-22,7352.00,3400.06,126.00,168.35
2003-01-23,7600.00,3400.40,131.00,256.03
2003-01-24,7828.00,3400.71,132.00,246.95
2003-01-25,8151.88,3401.14,135.00,298.29
2003-01-26,10592.00,3404.29,155.00,1385.23
2003-01-27,12341.98,3406.39,166.00,1048.28
2003-01-28,13355.00,3407.55,176.00,686.73
2003-01-29,14183.00,3408.47,182.00,599.45
2003-01-30,15180.00,3409.55,192.00,694.65
2003-01-31,21762.00,3416.02,262.00,3580.43
2003-02-01,24760.00,3418.70,256.49,1767.98
2003-02-02,26193.00,3419.93,453.57,1176.04
2003-02-03,25968.00,3419.74,837.94,724.50
2003-02-04,25198.00,3419.08,991.46,603.25
2003-02-05,24226.00,3418.23,1002.00,511.95
2003-02-06,23433.00,3417.53,832.00,432.20
2003-02-07,22884.00,3417.04,633.00,356.21
2003-02-08,22279.00,3416.49,617.00,311.98
2003-02-09,21652.00,3415.92,608.00,291.89
2003-02-10,20960.00,3415.28,594.00,245.12
2003-02-11,20610.00,3414.95,405.00,228.54
2003-02-12,20560.00,3414.90,276.00,250.79
2003-02-13,20494.11,3414.84,274.00,240.78
2003-02-14,20439.00,3414.79,241.00,213.22
2003-02-15,20450.00,3414.80,204.00,209.55
2003-02-16,20472.05,3414.82,200.00,211.12
2003-02-17,20461.03,3414.81,198.00,192.44
2003-02-18,20428.00,3414.78,191.00,174.35
2003-02-19,20461.03,3414.81,148.00,164.65
2003-02-20,20590.00,3414.93,125.00,190.02
2003-02-21,20803.08,3415.13,127.00,234.43
2003-02-22,20910.00,3415.23,125.00,178.91
2003-02-23,21002.05,3415.32,125.00,171.41
2003-02-24,21013.08,3415.33,125.00,130.56
2003-02-25,21057.19,3415.37,122.00,144.24
2003-02-26,21112.00,3415.42,122.00,149.63
2003-02-27,21134.00,3415.44,122.00,133.09
2003-02-28,21167.00,3415.47,122.00,138.64
2003-03-01,21178.00,3415.48,122.00,127.55
2003-03-02,21189.00,3415.49,122.00,127.55
2003-03-03,21200.00,3415.50,122.00,127.55
2003-03-04,21178.00,3415.48,122.00,110.91
2003-03-05,21211.00,3415.51,122.00,138.64
2003-03-06,21244.00,3415.54,122.00,138.64
2003-03-07,21277.00,3415.57,122.00,138.64
2003-03-08,21310.00,3415.60,122.00,138.64
2003-03-09,21375.89,3415.66,125.00,158.22
2003-03-10,21440.00,3415.72,125.00,157.32
2003-03-11,21531.03,3415.81,125.00,170.89
2003-03-12,21960.00,3416.20,132.00,348.27
2003-03-13,22906.00,3417.06,140.00,616.94
2003-03-14,23817.19,3417.87,140.00,599.39
2003-03-15,24602.00,3418.56,143.00,538.68
2003-03-16,25209.00,3419.09,143.00,449.03
2003-03-17,25701.00,3419.51,143.00,391.05
2003-03-18,26088.12,3419.84,143.00,338.17
2003-03-19,26437.82,3420.14,140.00,316.31
2003-03-20,26752.00,3420.41,140.00,298.40
2003-03-21,27160.00,3420.75,143.00,348.70
2003-03-22,27820.00,3421.30,153.00,485.75
2003-03-23,28275.94,3421.68,150.00,379.87
2003-03-24,28644.00,3421.98,145.00,330.56
2003-03-25,29018.00,3422.29,140.00,328.56
2003-03-26,29328.00,3422.54,140.00,296.29
2003-03-27,29483.91,3422.67,177.00,255.61
2003-03-28,29507.97,3422.69,213.00,225.13
2003-03-29,29495.94,3422.68,216.78,210.72
2003-03-30,29507.97,3422.69,220.03,226.09
2003-03-31,29796.00,3422.92,236.11,381.32
2003-04-01,30103.91,3423.17,254.68,409.92
2003-04-02,30231.00,3423.27,297.00,361.07
2003-04-03,30218.00,3423.26,337.00,330.45
2003-04-04,30140.00,3423.20,354.00,314.67
2003-04-05,30020.00,3423.10,354.00,293.50
2003-04-06,29848.00,3422.96,354.00,267.28
2003-04-07,29674.06,3422.82,333.00,245.30
2003-04-08,29585.00,3422.75,313.00,268.10
2003-04-09,29471.88,3422.66,293.00,235.97
2003-04-10,29447.82,3422.64,273.00,260.87
2003-04-11,29507.97,3422.69,273.00,303.32
2003-04-12,29637.00,3422.79,277.00,342.05
2003-04-13,29948.00,3423.04,285.00,441.80
2003-04-14,30153.00,3423.21,325.00,428.35
2003-04-15,30166.00,3423.22,381.00,387.55
2003-04-16,30140.00,3423.20,381.00,367.89
2003-04-17,30091.88,3423.16,381.00,356.74
2003-04-18,30020.00,3423.10,365.00,328.76
2003-04-19,29984.00,3423.07,341.00,322.85
2003-04-20,29972.00,3423.06,341.00,334.95
2003-04-21,29948.00,3423.04,341.00,328.90
2003-04-22,29984.00,3423.07,341.00,359.15
2003-04-23,30020.00,3423.10,345.00,363.15
2003-04-24,30140.00,3423.20,345.00,405.50
2003-04-25,30205.00,3423.25,345.00,377.77
2003-04-26,30231.00,3423.27,345.00,358.11
2003-04-27,30179.00,3423.23,341.00,314.78
2003-04-28,30153.00,3423.21,341.00,327.89
2003-04-29,30179.00,3423.23,345.00,358.11
2003-04-30,30231.00,3423.27,345.00,371.22
2003-05-01,30294.06,3423.32,345.00,376.79
2003-05-02,30429.00,3423.43,345.00,413.03
2003-05-03,30580.00,3423.55,345.00,421.13
2003-05-04,30704.84,3423.65,345.00,407.94
2003-05-05,30830.00,3423.75,345.00,408.10
2003-05-06,30830.00,3423.75,345.00,345.00
2003-05-07,30842.00,3423.76,329.00,335.05
2003-05-08,30878.00,3423.79,285.00,303.15
2003-05-09,30994.25,3423.88,234.00,292.61
2003-05-10,31140.00,3424.00,209.00,282.48
2003-05-11,31334.84,3424.15,209.00,307.23
2003-05-12,31546.06,3424.32,209.00,315.49
2003-05-13,31828.00,3424.54,209.00,351.14
2003-05-14,32238.19,3424.86,209.00,415.80
2003-05-15,32735.00,3425.25,220.00,470.47
2003-05-16,33021.00,3425.47,277.00,421.19
2003-05-17,33125.00,3425.55,329.00,381.43
2003-05-18,33164.00,3425.58,329.00,348.66
2003-05-19,33138.00,3425.56,329.00,315.89
2003-05-20,33138.00,3425.56,329.00,329.00
2003-05-21,33138.00,3425.56,329.00,329.00
2003-05-22,33293.94,3425.68,329.00,407.62
2003-05-23,33749.00,3426.03,329.00,558.43
2003-05-24,34204.25,3426.38,628.00,857.52
2003-05-25,34360.00,3426.50,995.00,1073.52
2003-05-26,34191.22,3426.37,1008.00,922.91
2003-05-27,34269.00,3426.43,850.00,889.21
2003-05-28,34567.87,3426.66,869.00,1019.68
2003-05-29,34554.84,3426.65,1094.00,1087.43
2003-05-30,34554.84,3426.65,1203.00,1203.00
2003-05-31,34438.00,3426.56,1224.00,1165.09
2003-06-01,34269.00,3426.43,1084.00,998.80
2003-06-02,34204.25,3426.38,905.00,872.36
2003-06-03,34216.97,3426.39,795.00,801.41
2003-06-04,34216.97,3426.39,757.00,757.00
2003-06-05,34295.00,3426.45,755.00,794.34
2003-06-06,34373.00,3426.51,857.00,896.33
2003-06-07,34269.00,3426.43,1057.00,1004.57
2003-06-08,34074.00,3426.28,1109.00,1010.69
2003-06-09,34022.00,3426.24,930.00,903.78
2003-06-10,34113.03,3426.31,690.00,735.89
2003-06-11,34216.97,3426.39,531.00,583.40
2003-06-12,34347.00,3426.49,491.00,556.56
2003-06-13,34399.00,3426.53,518.00,544.22
2003-06-14,34347.00,3426.49,508.00,481.78
2003-06-15,34243.00,3426.41,472.00,419.57
2003-06-16,34204.25,3426.38,449.00,429.47
2003-06-17,34269.00,3426.43,416.00,448.64
2003-06-18,34347.00,3426.49,423.00,462.33
2003-06-19,34282.00,3426.44,425.00,392.23
2003-06-20,34230.00,3426.40,378.00,351.78
2003-06-21,34165.16,3426.35,336.00,303.31
2003-06-22,34048.00,3426.26,314.00,254.93
2003-06-23,33943.94,3426.18,295.00,242.54
2003-06-24,33853.03,3426.11,285.00,239.17
2003-06-25,33749.00,3426.03,281.00,228.55
2003-06-26,33671.00,3425.97,281.00,241.67
2003-06-27,33632.00,3425.94,281.00,261.34
2003-06-28,33554.25,3425.88,277.00,237.80
2003-06-29,33463.03,3425.81,277.00,231.01
2003-06-30,33306.97,3425.69,277.00,198.32
2003-07-01,33151.00,3425.57,277.00,198.37
2003-07-02,32930.00,3425.40,277.00,165.58
2003-07-03,32722.00,3425.24,266.00,161.13
2003-07-04,32579.10,3425.13,245.00,172.95
2003-07-05,32407.00,3424.99,249.00,162.24
2003-07-06,32212.13,3424.84,257.00,158.75
2003-07-07,32030.00,3424.70,264.00,172.18
2003-07-08,31840.00,3424.55,251.00,155.21
2003-07-09,31728.00,3424.46,215.00,158.53
2003-07-10,31611.22,3424.37,215.00,156.12
2003-07-11,31472.00,3424.26,214.00,143.81
2003-07-12,31309.10,3424.13,213.00,130.87
2003-07-13,31153.00,3424.01,213.00,134.30
2003-07-14,30981.22,3423.87,212.00,125.40
2003-07-15,30794.00,3423.72,211.00,116.61
2003-07-16,30604.00,3423.57,207.00,111.21
2003-07-17,30416.00,3423.42,207.00,112.22
2003-07-18,30218.00,3423.26,206.00,106.17
2003-07-19,30020.00,3423.10,202.00,102.17
2003-07-20,29796.00,3422.92,201.00,88.07
2003-07-21,29585.00,3422.75,200.00,93.62
2003-07-22,29376.00,3422.58,200.00,94.63
2003-07-23,29146.97,3422.39,196.00,80.53
2003-07-24,28922.00,3422.21,195.00,81.58
2003-07-25,28706.00,3422.03,194.00,85.10
2003-07-26,28456.09,3421.83,193.00,67.00
2003-07-27,28180.00,3421.60,190.00,50.81
2003-07-28,27976.00,3421.43,190.00,87.15
2003-07-29,27700.00,3421.20,209.00,69.85
2003-07-30,27352.00,3420.91,237.00,61.55
2003-07-31,27016.09,3420.63,237.00,67.64
2003-08-01,26674.11,3420.34,234.00,61.58
2003-08-02,26330.00,3420.05,234.00,60.51
2003-08-03,26004.00,3419.77,231.00,66.64
2003-08-04,25642.00,3419.46,231.00,48.49
2003-08-05,25340.00,3419.20,231.00,78.74
2003-08-06,24990.00,3418.90,231.00,54.54
2003-08-07,24672.05,3418.62,228.00,67.70
2003-08-08,24376.16,3418.36,214.00,64.82
2003-08-09,24102.05,3418.12,197.00,58.80
2003-08-10,23828.21,3417.88,197.00,58.94
2003-08-11,23543.08,3417.63,197.00,53.24
2003-08-12,23268.21,3417.38,197.00,58.42
2003-08-13,22983.08,3417.13,194.00,50.24
2003-08-14,22730.00,3416.90,194.00,66.41
2003-08-15,22465.89,3416.66,194.00,60.85
2003-08-16,22180.00,3416.40,191.00,46.86
2003-08-17,21904.87,3416.15,195.00,56.29
2003-08-18,21630.00,3415.90,202.00,63.42
2003-08-19,21364.87,3415.65,202.00,68.33
2003-08-20,21078.97,3415.39,220.00,75.86
2003-08-21,20759.00,3415.09,248.00,86.68
2003-08-22,20450.00,3414.80,234.00,78.21
2003-08-23,20174.00,3414.54,208.00,68.85
2003-08-24,19887.00,3414.27,207.00,62.30
2003-08-25,19633.00,3414.03,202.00,73.94
2003-08-26,19350.00,3413.76,201.00,58.32
2003-08-27,19080.00,3413.50,200.00,63.87
2003-08-28,18825.00,3413.25,195.00,66.44
2003-08-29,18570.00,3413.00,194.00,65.44
2003-08-30,18300.00,3412.74,193.00,56.87
2003-08-31,18050.00,3412.49,189.00,62.96
2003-09-01,17790.00,3412.24,188.00,56.92
2003-09-02,17532.00,3411.98,187.00,56.92
2003-09-03,17290.00,3411.73,183.00,60.99
2003-09-04,17030.00,3411.47,182.00,50.92
2003-09-05,16760.00,3411.20,178.00,41.87
2003-09-06,16524.00,3410.96,177.00,58.02
2003-09-07,16259.98,3410.69,176.00,42.89
2003-09-08,16020.00,3410.44,172.00,51.01
2003-09-09,15790.00,3410.20,171.00,55.04
2003-09-10,15555.00,3409.95,171.00,52.52
2003-09-11,15320.00,3409.70,168.00,49.52
2003-09-12,15076.00,3409.44,168.00,44.98
2003-09-13,14840.98,3409.19,165.00,46.51
2003-09-14,14600.00,3408.93,165.00,43.51
2003-09-15,14380.98,3408.69,163.00,52.58
2003-09-16,14156.00,3408.44,163.00,49.57
2003-09-17,13930.98,3408.19,163.00,49.55
2003-09-18,13697.00,3407.93,160.00,42.04
2003-09-19,13480.98,3407.69,160.00,51.09
2003-09-20,13256.00,3407.44,158.00,44.57
2003-09-21,13040.98,3407.19,158.00,49.59
2003-09-22,12816.00,3406.94,155.00,41.57
2003-09-23,12600.98,3406.69,155.00,46.59
2003-09-24,12395.00,3406.45,155.00,51.15
2003-09-25,12171.98,3406.19,153.00,40.56
2003-09-26,11962.00,3405.94,153.00,47.13
2003-09-27,11743.96,3405.68,150.00,40.07
2003-09-28,11534.00,3405.43,150.00,44.14
2003-09-29,11323.96,3405.18,148.00,42.11
2003-09-30,11117.00,3404.93,148.00,43.66
2003-10-01,10889.90,3404.65,153.00,39.00
2003-10-02,10663.15,3404.37,160.00,45.68
2003-10-03,10424.00,3404.08,160.00,39.43
2003-10-04,10200.00,3403.80,157.00,44.07
2003-10-05,9980.00,3403.52,157.00,46.08
2003-10-06,9770.00,3403.25,154.00,48.12
2003-10-07,9546.00,3402.97,154.00,41.07
2003-10-08,9396.00,3402.78,151.00,75.37
2003-10-09,9236.00,3402.57,140.00,59.33
2003-10-10,9078.12,3402.36,126.00,46.40
2003-10-11,8958.00,3402.21,123.00,62.44
2003-10-12,8966.00,3402.22,126.00,130.03
2003-10-13,8880.00,3402.10,123.00,79.64
2003-10-14,8744.00,3401.93,123.00,54.43
2003-10-15,8664.03,3401.82,123.00,82.68
2003-10-16,8800.00,3402.00,128.00,196.55
2003-10-17,8914.91,3402.15,125.00,182.94
2003-10-18,8894.03,3402.12,125.00,114.47
2003-10-19,8864.00,3402.08,125.00,108.86
2003-10-20,9180.00,3402.50,128.00,285.32
2003-10-21,9689.90,3403.15,133.00,388.08
2003-10-22,9858.12,3403.36,133.00,215.81
2003-10-23,9927.50,3403.45,133.00,164.98
2003-10-24,9950.00,3403.48,133.00,141.34
2003-10-25,9942.50,3403.47,133.00,125.22
2003-10-26,9905.00,3403.42,133.00,110.09
2003-10-27,9858.12,3403.36,133.00,105.36
2003-10-28,9826.04,3403.32,133.00,111.83
2003-10-29,9810.00,3403.30,135.00,121.91
2003-10-30,9738.00,3403.21,133.00,91.70
2003-10-31,9658.02,3403.11,130.00,84.68
2003-11-01,9570.00,3403.00,130.00,79.62
2003-11-02,9481.98,3402.89,130.00,79.62
2003-11-03,9382.00,3402.76,128.00,70.59
2003-11-04,9268.02,3402.61,128.00,63.53
2003-11-05,9145.00,3402.45,128.00,57.98
2003-11-06,9038.02,3402.31,125.00,63.06
2003-11-07,8921.93,3402.16,125.00,58.47
2003-11-08,8832.00,3402.04,123.00,68.66
2003-11-09,8706.14,3401.88,123.00,50.54
2003-11-10,8678.07,3401.84,123.00,99.85
2003-11-11,8706.14,3401.88,125.00,130.15
2003-11-12,8657.02,3401.81,123.00,88.24
2003-11-13,8594.00,3401.73,123.00,81.23
2003-11-14,8527.90,3401.64,123.00,78.67
2003-11-15,8476.00,3401.57,120.00,83.84
2003-11-16,8500.00,3401.60,123.00,124.10
2003-11-17,8541.93,3401.66,125.00,134.14
2003-11-18,9382.00,3402.76,134.00,551.53
2003-11-19,10834.00,3404.58,135.00,867.05
2003-11-20,11574.00,3405.48,135.00,508.08
2003-11-21,11962.00,3405.94,138.00,333.62
2003-11-22,12225.00,3406.25,138.00,270.60
2003-11-23,12395.00,3406.45,138.00,223.71
2003-11-24,12547.07,3406.63,140.00,216.67
2003-11-25,12682.00,3406.78,140.00,208.03
2003-11-26,12748.12,3406.86,140.00,173.33
2003-11-27,12780.00,3406.90,140.00,156.07
2003-11-28,13004.89,3407.15,145.00,258.38
2003-11-29,13382.00,3407.58,150.00,340.13
2003-11-30,13660.98,3407.89,148.00,288.65
2003-12-01,13894.89,3408.15,148.00,265.93
2003-12-02,14102.18,3408.38,148.00,252.51
2003-12-03,14380.98,3408.69,150.00,290.56
2003-12-04,14580.00,3408.91,175.00,275.34
2003-12-05,14660.00,3408.99,235.00,275.33
2003-12-06,14679.00,3409.01,264.00,273.58
2003-12-07,14640.00,3408.97,261.00,241.34
2003-12-08,14534.13,3408.86,259.00,205.62
2003-12-09,14417.00,3408.73,252.00,192.95
2003-12-10,14282.00,3408.58,250.00,181.94
2003-12-11,14138.00,3408.42,247.00,174.40
2003-12-12,14012.00,3408.28,241.00,177.47
2003-12-13,13921.96,3408.18,238.00,192.60
2003-12-14,13733.00,3407.97,235.00,139.73
2003-12-15,13526.00,3407.74,229.00,124.64
2003-12-16,13247.00,3407.43,265.00,124.34
2003-12-17,12861.00,3406.99,293.00,98.39
2003-12-18,12480.00,3406.55,293.00,100.91
2003-12-19,12100.00,3406.10,289.00,97.42
2003-12-20,11727.92,3405.66,285.00,97.41
2003-12-21,11356.00,3405.22,277.00,89.49
2003-12-22,11050.10,3404.85,242.00,83.77
2003-12-23,10897.92,3404.66,171.00,87.28
2003-12-24,10802.00,3404.54,141.00,83.64
2003-12-25,10698.00,3404.41,142.00,78.57
2003-12-26,10576.00,3404.27,145.00,69.49
2003-12-27,10520.00,3404.20,134.00,88.77
2003-12-28,10448.02,3404.11,128.00,72.71
2003-12-29,10376.00,3404.02,128.00,73.69
2003-12-30,10269.00,3403.89,128.00,56.05
2003-12-31,10158.00,3403.75,133.00,59.04
2004-01-01,10067.00,3403.63,138.00,75.12
2004-01-02,9971.00,3403.51,138.00,73.60
2004-01-03,9885.00,3403.39,135.00,76.64
2004-01-04,9791.00,3403.28,135.00,73.61
2004-01-05,9668.00,3403.12,135.00,59.99
2004-01-06,9570.00,3403.00,133.00,70.59
2004-01-07,9514.00,3402.93,133.00,92.77
2004-01-08,9410.00,3402.80,133.00,69.57
2004-01-09,9323.96,3402.68,133.00,78.62
2004-01-10,9220.00,3402.55,130.00,68.59
2004-01-11,9131.00,3402.43,130.00,76.13
2004-01-12,9046.04,3402.32,130.00,79.17
2004-01-13,8935.97,3402.18,128.00,64.50
2004-01-14,8880.00,3402.10,128.00,92.78
2004-01-15,8914.91,3402.15,130.00,142.60
2004-01-16,9022.00,3402.29,130.00,178.99
2004-01-17,9086.14,3402.37,130.00,158.34
2004-01-18,9145.00,3402.45,130.00,156.68
2004-01-19,9180.00,3402.50,130.00,145.65
2004-01-20,9196.00,3402.52,130.00,136.07
2004-01-21,9188.00,3402.51,130.00,124.97
2004-01-22,9188.00,3402.51,130.00,130.00
2004-01-23,9196.00,3402.52,130.00,134.03
2004-01-24,9204.00,3402.53,133.00,137.03
2004-01-25,9196.00,3402.52,130.00,125.97
2004-01-26,9180.00,3402.50,130.00,121.93
2004-01-27,9173.00,3402.49,130.00,126.47
2004-01-28,9228.00,3402.56,133.00,160.73
2004-01-29,9538.00,3402.96,140.00,296.29
2004-01-30,10232.08,3403.84,148.00,497.93
2004-01-31,10698.00,3404.41,148.00,382.90
2004-02-01,11002.00,3404.79,148.00,301.27
2004-02-02,11260.00,3405.10,151.00,280.08
2004-02-03,11438.04,3405.32,151.00,240.76
2004-02-04,11574.00,3405.48,151.00,219.54
2004-02-05,11671.00,3405.59,152.00,199.90
2004-02-06,11751.98,3405.69,152.00,191.83
2004-02-07,11792.00,3405.74,152.00,172.18
2004-02-08,11800.00,3405.75,152.00,156.03
2004-02-09,11792.00,3405.74,152.00,147.97
2004-02-10,11776.00,3405.72,153.00,143.93
2004-02-11,11760.00,3405.70,153.00,143.93
2004-02-12,11719.90,3405.65,153.00,132.78
2004-02-13,11653.00,3405.57,153.00,119.27
2004-02-14,11635.00,3405.55,153.00,143.92
2004-02-15,11574.00,3405.48,153.00,122.25
2004-02-16,11542.00,3405.44,151.00,134.87
2004-02-17,11500.98,3405.39,151.00,130.32
2004-02-18,11438.04,3405.32,152.00,119.27
2004-02-19,11356.00,3405.22,152.00,110.64
2004-02-20,11276.04,3405.12,152.00,111.69
2004-02-21,11188.00,3405.01,150.00,105.61
2004-02-22,11090.00,3404.90,150.00,100.59
2004-02-23,11002.00,3404.79,150.00,105.63
2004-02-24,10905.94,3404.67,150.00,101.57
2004-02-25,10802.00,3404.54,147.00,94.60
2004-02-26,10714.00,3404.43,147.00,102.63
2004-02-27,10618.04,3404.32,147.00,98.62
2004-02-28,10503.96,3404.18,147.00,89.48
2004-02-29,10400.00,3404.05,147.00,94.59
2004-03-01,10280.00,3403.90,144.00,83.50
2004-03-02,10168.00,3403.76,144.00,87.53
2004-03-03,10056.04,3403.62,142.00,85.55
2004-03-04,9965.00,3403.50,142.00,96.10
2004-03-05,9881.98,3403.39,142.00,100.14
2004-03-06,9786.00,3403.27,141.00,92.61
2004-03-07,9681.88,3403.14,141.00,88.51
2004-03-08,9634.00,3403.08,141.00,116.86
2004-03-09,9610.00,3403.05,141.00,128.90
2004-03-10,9634.00,3403.08,141.00,153.10
2004-03-11,9666.04,3403.12,141.00,157.15
2004-03-12,9705.94,3403.17,143.00,163.12
2004-03-13,9762.00,3403.24,143.00,171.26
2004-03-14,9834.06,3403.33,146.00,182.33
2004-03-15,9912.50,3403.43,146.00,185.55
2004-03-16,9972.50,3403.51,148.00,178.25
2004-03-17,10079.90,3403.65,148.00,202.15
2004-03-18,10232.08,3403.84,150.00,226.72
2004-03-19,10360.00,3404.00,153.00,217.49
2004-03-20,10479.90,3404.15,153.00,213.45
2004-03-21,10584.00,3404.28,153.00,205.48
2004-03-22,10730.00,3404.45,150.00,223.61
2004-03-23,10994.00,3404.78,140.00,273.10
2004-03-24,11388.00,3405.26,138.00,336.64
2004-03-25,11751.98,3405.69,141.00,324.51
2004-03-26,12100.00,3406.10,141.00,316.46
2004-03-27,12395.00,3406.45,144.00,292.73
2004-03-28,12664.00,3406.76,145.00,280.62
2004-03-29,12897.00,3407.03,147.00,264.47
2004-03-30,13180.10,3407.35,148.00,290.73
2004-03-31,13418.04,3407.62,151.00,270.96
2004-04-01,13660.98,3407.89,141.00,263.48
2004-04-02,13903.91,3408.16,134.00,256.48
2004-04-03,14156.00,3408.44,137.00,264.09
2004-04-04,14462.00,3408.78,139.00,293.28
2004-04-05,14831.96,3409.18,142.00,328.52
2004-04-06,15274.89,3409.65,145.00,368.31
2004-04-07,15762.93,3410.17,148.00,394.06
2004-04-08,16300.00,3410.73,151.00,421.77
2004-04-09,16860.00,3411.30,154.00,436.33
2004-04-10,17410.12,3411.85,156.00,433.35
2004-04-11,18060.00,3412.50,159.00,486.65
2004-04-12,18880.00,3413.30,168.00,581.42
2004-04-13,19898.00,3414.28,155.00,668.24
2004-04-14,20868.97,3415.19,135.00,624.53
2004-04-15,21685.00,3415.95,140.00,551.41
2004-04-16,22378.00,3416.58,140.00,489.39
2004-04-17,22983.08,3417.13,140.00,445.06
2004-04-18,23532.05,3417.62,140.00,416.77
2004-04-19,24044.00,3418.07,138.00,396.11
2004-04-20,24554.00,3418.52,138.00,395.13
2004-04-21,24990.00,3418.90,138.00,357.82
2004-04-22,25376.00,3419.23,138.00,332.61
2004-04-23,25812.03,3419.61,138.00,357.83
2004-04-24,26237.00,3419.97,138.00,352.26
2004-04-25,26696.16,3420.36,138.00,369.49
2004-04-26,27327.97,3420.89,138.00,456.54
2004-04-27,28263.91,3421.67,142.00,614.87
2004-04-28,29184.00,3422.42,147.00,611.88
2004-04-29,30032.03,3423.11,149.00,577.55
2004-04-30,30794.00,3423.72,204.00,590.16
2004-05-01,31650.00,3424.40,259.00,693.57
2004-05-02,32774.00,3425.28,266.00,835.68
2004-05-03,33853.03,3426.11,345.00,894.01
2004-05-04,34370.00,3426.51,485.00,750.64
2004-05-05,34593.94,3426.68,700.00,820.90
2004-05-06,34516.06,3426.62,741.00,710.74
2004-05-07,34464.00,3426.58,677.00,660.75
2004-05-08,34516.06,3426.62,634.00,671.25
2004-05-09,34541.81,3426.64,626.00,650.98
2004-05-10,34580.91,3426.67,581.00,611.71
2004-05-11,34606.97,3426.69,508.00,521.14
2004-05-12,34593.94,3426.68,479.00,472.43
2004-05-13,34541.81,3426.64,469.00,442.72
2004-05-14,34503.03,3426.61,473.00,453.45
2004-05-15,34477.00,3426.59,493.00,479.88
2004-05-16,34503.03,3426.61,487.00,500.12
2004-05-17,34490.00,3426.60,486.00,479.43
2004-05-18,34541.81,3426.64,491.00,517.12
2004-05-19,34606.97,3426.69,562.00,594.85
2004-05-20,34528.78,3426.63,708.00,668.58
2004-05-21,34425.00,3426.55,749.00,696.68
2004-05-22,34412.00,3426.54,678.00,671.45
2004-05-23,34386.00,3426.52,635.00,621.89
2004-05-24,34308.00,3426.46,565.00,525.67
2004-05-25,34321.00,3426.47,510.00,516.55
2004-05-26,34490.00,3426.60,551.00,636.20
2004-05-27,34634.00,3426.71,709.00,781.60
2004-05-28,34528.78,3426.63,827.00,773.95
2004-05-29,34282.00,3426.44,707.00,582.58
2004-05-30,34269.00,3426.43,578.00,571.45
2004-05-31,34191.22,3426.37,578.00,538.79
2004-06-01,34061.00,3426.27,535.00,469.35
2004-06-02,33996.00,3426.22,492.00,459.23
2004-06-03,34048.00,3426.26,486.00,541.69
2004-06-04,34191.22,3426.37,521.00,593.21
2004-06-05,34347.00,3426.49,586.00,664.54
2004-06-06,34425.00,3426.55,658.00,697.33
2004-06-07,34334.00,3426.48,630.00,584.12
2004-06-08,34256.00,3426.42,590.00,550.67
2004-06-09,34152.13,3426.34,547.00,494.63
2004-06-10,34190.00,3426.37,517.00,536.09
2004-06-11,34183.03,3426.36,467.00,463.49
2004-06-12,34139.09,3426.33,421.00,398.85
2004-06-13,34230.00,3426.40,415.00,460.83
2004-06-14,34191.22,3426.37,440.00,420.45
2004-06-15,33956.97,3426.19,489.00,370.90
2004-06-16,33697.00,3425.99,484.00,352.93
2004-06-17,33593.00,3425.91,418.00,365.57
2004-06-18,33593.00,3425.91,365.00,365.00
2004-06-19,33580.00,3425.90,347.00,340.45
2004-06-20,33541.22,3425.87,346.00,326.45
2004-06-21,33515.16,3425.85,346.00,332.86
2004-06-22,33528.19,3425.86,345.00,351.57
2004-06-23,33476.06,3425.82,348.00,321.72
2004-06-24,33463.03,3425.81,352.00,345.43
2004-06-25,33476.06,3425.82,326.00,332.57
2004-06-26,33437.00,3425.79,313.00,293.31
2004-06-27,33346.00,3425.72,316.00,270.12
2004-06-28,33254.84,3425.65,283.00,237.04
2004-06-29,33203.03,3425.61,259.00,232.88
2004-06-30,33138.00,3425.56,262.00,229.21
2004-07-01,33008.00,3425.46,261.00,195.46
2004-07-02,32904.25,3425.38,257.00,204.69
2004-07-03,32761.00,3425.27,252.00,179.78
2004-07-04,32591.81,3425.14,255.00,169.70
2004-07-05,32432.00,3425.01,254.00,173.43
2004-07-06,32276.97,3424.89,257.00,178.84
2004-07-07,32069.00,3424.73,260.00,155.15
2004-07-08,31852.00,3424.56,262.00,152.60
2004-07-09,31650.00,3424.40,248.00,146.16
2004-07-10,31508.00,3424.29,226.00,155.41
2004-07-11,31334.84,3424.15,225.00,139.70
2004-07-12,31153.00,3424.01,225.00,135.32
2004-07-13,30981.22,3423.87,221.00,136.40
2004-07-14,30806.00,3423.73,224.00,138.66
2004-07-15,30604.00,3423.57,223.00,125.16
2004-07-16,30403.00,3423.41,219.00,121.66
2004-07-17,30205.00,3423.25,219.00,123.17
2004-07-18,30032.03,3423.11,218.00,135.79
2004-07-19,29822.00,3422.94,217.00,117.11
2004-07-20,29598.00,3422.76,213.00,107.07
2004-07-21,29400.00,3422.60,213.00,120.17
2004-07-22,29172.00,3422.41,212.00,105.05
2004-07-23,28946.00,3422.23,212.00,105.49
2004-07-24,28718.00,3422.04,211.00,104.40
2004-07-25,28468.12,3421.84,207.00,91.13
2004-07-26,28239.85,3421.65,206.00,100.92
2004-07-27,28012.00,3421.46,206.00,100.19
2004-07-28,27772.00,3421.26,202.00,91.97
2004-07-29,27544.00,3421.07,201.00,97.55
2004-07-30,27304.21,3420.87,201.00,91.60
2004-07-31,27051.88,3420.66,200.00,85.21
2004-08-01,26812.00,3420.46,196.00,88.72
2004-08-02,26594.00,3420.27,196.00,99.09
2004-08-03,26306.00,3420.03,195.00,63.80
2004-08-04,26064.06,3419.82,192.00,85.18
2004-08-05,25824.06,3419.62,192.00,84.50
2004-08-06,25666.00,3419.48,192.00,126.58
2004-08-07,25471.03,3419.31,192.00,107.24
2004-08-08,25244.06,3419.12,192.00,89.96
2004-08-09,25026.00,3418.93,189.00,90.59
2004-08-10,24784.00,3418.72,186.00,76.27
2004-08-11,24519.00,3418.49,193.00,73.34
2004-08-12,24250.00,3418.25,195.00,77.63
2004-08-13,23949.00,3417.99,195.00,60.75
2004-08-14,23668.00,3417.74,195.00,70.83
2004-08-15,23400.00,3417.50,192.00,75.62
2004-08-16,23246.16,3417.36,195.00,133.68
2004-08-17,22950.00,3417.10,192.00,61.16
2004-08-18,22664.11,3416.84,192.00,64.86
2004-08-19,22389.00,3416.59,192.00,69.90
2004-08-20,22103.08,3416.33,195.00,61.46
2004-08-21,21828.00,3416.08,202.00,66.81
2004-08-22,21618.97,3415.89,202.00,100.12
2004-08-23,21343.08,3415.63,199.00,66.40
2004-08-24,21167.00,3415.47,199.00,117.18
2004-08-25,21266.00,3415.56,206.00,261.94
2004-08-26,21189.00,3415.49,202.00,169.18
2004-08-27,21024.11,3415.34,199.00,122.37
2004-08-28,20846.92,3415.17,199.00,116.17
2004-08-29,20640.00,3414.98,199.00,99.48
2004-08-30,20406.00,3414.76,195.00,84.02
2004-08-31,20185.00,3414.55,195.00,90.58
2004-09-01,19964.11,3414.34,189.00,80.46
2004-09-02,19740.07,3414.13,181.00,68.41
2004-09-03,19520.00,3413.92,182.00,69.05
2004-09-04,19290.00,3413.70,183.00,64.04
2004-09-05,19060.00,3413.48,182.00,61.81
2004-09-06,18825.00,3413.25,183.00,58.52
2004-09-07,18610.00,3413.04,184.00,68.60
2004-09-08,18370.03,3412.81,185.00,54.56
2004-09-09,18120.00,3412.56,183.00,47.95
2004-09-10,17883.08,3412.33,184.00,54.55
2004-09-11,17760.00,3412.21,186.00,112.82
2004-09-12,17580.00,3412.03,187.00,82.78
2004-09-13,17469.00,3411.91,188.00,117.57
2004-09-14,17400.10,3411.84,189.00,147.15
2004-09-15,17370.03,3411.81,186.00,164.96
2004-09-16,17330.00,3411.77,186.00,160.04
2004-09-17,17360.00,3411.80,173.00,184.86
2004-09-18,17400.10,3411.84,166.00,182.69
2004-09-19,17390.07,3411.83,165.00,156.83
2004-09-20,17350.00,3411.79,162.00,140.00
2004-09-21,17260.00,3411.70,161.00,114.62
2004-09-22,17160.00,3411.60,161.00,109.58
2004-09-23,17050.00,3411.49,160.00,104.54
2004-09-24,16930.17,3411.37,159.00,98.95
2004-09-25,16800.00,3411.24,156.00,91.87
2004-09-26,16660.00,3411.10,155.00,86.84
2004-09-27,16515.00,3410.95,152.00,82.82
2004-09-28,16370.00,3410.80,151.00,81.90
2004-09-29,16209.85,3410.64,151.00,74.26
2004-09-30,16060.00,3410.48,150.00,79.45
2004-10-01,15890.00,3410.30,155.00,70.00
2004-10-02,15727.07,3410.13,153.00,71.30
2004-10-03,15555.00,3409.95,153.00,65.75
2004-10-04,15392.00,3409.78,153.00,70.32
2004-10-05,15230.00,3409.60,153.00,70.82
2004-10-06,15085.00,3409.45,153.00,79.40
2004-10-07,14913.00,3409.27,153.00,65.73
2004-10-08,14795.87,3409.14,153.00,93.29
2004-10-09,14697.00,3409.03,143.00,91.91
2004-10-10,14620.00,3408.95,140.00,101.18
2004-10-11,14489.02,3408.81,140.00,73.96
2004-10-12,14353.91,3408.66,138.00,70.10
2004-10-13,14210.00,3408.50,138.00,64.95
2004-10-14,14066.09,3408.34,138.00,64.94
2004-10-15,13921.96,3408.18,138.00,64.83
2004-10-16,13769.00,3408.01,138.00,60.38
2004-10-17,13769.00,3408.01,138.00,137.71
2004-10-18,13724.00,3407.96,138.00,114.81
2004-10-19,13706.00,3407.94,138.00,128.74
2004-10-20,13660.98,3407.89,138.00,114.80
2004-10-21,13652.18,3407.88,138.00,133.11
2004-10-22,13634.13,3407.86,138.00,128.40
2004-10-23,13607.07,3407.83,138.00,123.85
2004-10-24,13553.00,3407.77,138.00,110.24
2004-10-25,13462.93,3407.67,138.00,92.09
2004-10-26,13409.02,3407.61,138.00,110.32
2004-10-27,13337.00,3407.53,138.00,101.19
2004-10-28,13247.00,3407.43,138.00,90.99
2004-10-29,13180.10,3407.35,135.00,101.31
2004-10-30,13113.00,3407.27,135.00,102.33
2004-10-31,13031.96,3407.18,135.00,94.17
2004-11-01,12995.87,3407.14,135.00,116.81
2004-11-02,13526.00,3407.74,138.00,404.55
2004-11-03,13832.00,3408.08,140.00,294.11
2004-11-04,13976.00,3408.24,140.00,212.60
2004-11-05,14066.09,3408.34,140.00,185.42
2004-11-06,14093.15,3408.37,140.00,153.88
2004-11-07,14110.98,3408.39,140.00,149.45
2004-11-08,14110.98,3408.39,140.00,141.11
2004-11-09,14084.13,3408.36,140.00,126.60
2004-11-10,14048.04,3408.32,140.00,121.81
2004-11-11,14003.00,3408.27,140.00,117.29
2004-11-12,13940.00,3408.20,140.00,108.24
2004-11-13,13877.07,3408.13,140.00,108.27
2004-11-14,13796.00,3408.04,140.00,99.13
2004-11-15,13742.00,3407.98,140.00,112.77
2004-11-16,13670.00,3407.90,150.00,113.14
2004-11-17,13580.00,3407.80,148.00,102.16
2004-11-18,13544.00,3407.76,150.00,130.83
2004-11-19,13462.93,3407.67,148.00,106.63
2004-11-20,13364.00,3407.56,148.00,97.62
2004-11-21,13274.00,3407.46,148.00,102.12
2004-11-22,13122.00,3407.28,177.00,102.55
2004-11-23,12933.00,3407.07,206.00,110.21
2004-11-24,12861.00,3406.99,165.00,131.62
2004-11-25,13373.00,3407.57,148.00,405.62
2004-11-26,13544.00,3407.76,148.00,233.71
2004-11-27,13625.11,3407.85,148.00,188.39
2004-11-28,13643.15,3407.87,148.00,156.60
2004-11-29,13660.98,3407.89,148.00,156.46
2004-11-30,13634.13,3407.86,148.00,133.97
2004-12-01,13607.07,3407.83,148.00,133.85
2004-12-02,13562.00,3407.78,148.00,124.78
2004-12-03,13517.00,3407.73,148.00,124.81
2004-12-04,13453.91,3407.66,148.00,115.62
2004-12-05,13382.00,3407.58,148.00,110.24
2004-12-06,13328.00,3407.52,145.00,118.20
2004-12-07,13328.00,3407.52,148.00,146.55
2004-12-08,13346.00,3407.54,148.00,156.68
2004-12-09,13391.00,3407.59,148.00,171.18
2004-12-10,14174.00,3408.46,158.00,553.21
2004-12-11,16190.05,3410.62,168.00,1184.53
2004-12-12,17110.00,3411.55,171.00,635.39
2004-12-13,17709.90,3412.16,174.00,476.76
2004-12-14,18219.90,3412.66,177.00,433.77
2004-12-15,18630.00,3413.06,177.00,383.76
2004-12-16,18910.07,3413.33,177.00,318.20
2004-12-17,19130.00,3413.55,177.00,287.88
2004-12-18,19290.00,3413.70,177.00,257.67
2004-12-19,19488.97,3413.89,177.00,277.32
2004-12-20,19644.00,3414.04,177.00,255.16
2004-12-21,19759.88,3414.15,177.00,235.14
2004-12-22,19865.00,3414.25,177.00,230.00
2004-12-23,19953.08,3414.33,177.00,221.41
2004-12-24,19997.19,3414.37,177.00,199.24
2004-12-25,20050.00,3414.42,177.00,203.66
2004-12-26,20110.00,3414.48,177.00,207.25
2004-12-27,20090.00,3414.46,177.00,166.92
2004-12-28,20080.00,3414.45,177.00,171.96
2004-12-29,20090.00,3414.46,177.00,181.74
2004-12-30,20050.00,3414.42,174.00,154.51
2004-12-31,20018.97,3414.39,174.00,158.36
2005-01-01,19964.11,3414.34,174.00,146.34
2005-01-02,19898.00,3414.28,174.00,140.67
2005-01-03,19799.97,3414.19,174.00,124.58
2005-01-04,19666.00,3414.06,174.00,106.45
2005-01-05,19560.00,3413.96,174.00,120.40
2005-01-06,19401.03,3413.81,199.00,119.91
2005-01-07,19234.87,3413.65,223.00,139.68
2005-01-08,19090.00,3413.51,195.00,121.96
2005-01-09,18950.17,3413.37,195.00,123.05
2005-01-10,18803.00,3413.23,192.00,117.86
2005-01-11,18640.00,3413.07,192.00,109.82
2005-01-12,18482.00,3412.92,192.00,112.34
2005-01-13,18330.00,3412.77,183.00,105.13
2005-01-14,18190.07,3412.63,168.00,98.47
2005-01-15,18100.00,3412.54,168.00,122.65
2005-01-16,18100.00,3412.54,168.00,168.09
2005-01-17,18310.00,3412.75,174.00,280.11
2005-01-18,22114.11,3416.34,211.00,2127.91
2005-01-19,24891.03,3418.81,437.00,1878.23
2005-01-20,25666.00,3419.48,778.00,1156.47
2005-01-21,25944.00,3419.72,785.00,911.16
2005-01-22,25883.91,3419.67,778.00,737.21
2005-01-23,25734.00,3419.54,778.00,689.91
2005-01-24,25570.00,3419.40,673.00,580.68
2005-01-25,25376.00,3419.23,580.00,471.47
2005-01-26,25436.00,3419.28,430.00,459.26
2005-01-27,25678.00,3419.49,273.00,389.33
2005-01-28,26004.00,3419.77,180.00,339.70
2005-01-29,26294.00,3420.02,162.00,302.78
2005-01-30,26558.00,3420.24,159.00,288.10
2005-01-31,26788.00,3420.44,158.00,270.96
2005-02-01,26980.00,3420.60,155.00,250.51
2005-02-02,27124.00,3420.72,154.00,225.10
2005-02-03,27256.09,3420.83,153.00,219.09
2005-02-04,27436.00,3420.98,140.00,233.08
2005-02-05,27592.03,3421.11,128.00,212.17
2005-02-06,27712.00,3421.21,130.00,195.49
2005-02-07,27832.03,3421.31,130.00,195.25
2005-02-08,27904.21,3421.37,130.00,171.30
2005-02-09,27964.00,3421.42,133.00,165.76
2005-02-10,28012.00,3421.46,133.00,159.20
2005-02-11,28048.00,3421.49,134.00,153.15
2005-02-12,28096.00,3421.53,134.00,159.20
2005-02-13,28120.00,3421.55,135.00,147.10
2005-02-14,28132.00,3421.56,133.00,139.42
2005-02-15,28120.00,3421.55,133.00,126.45
2005-02-16,28084.00,3421.52,134.00,114.35
2005-02-17,28060.00,3421.50,134.00,120.35
2005-02-18,28036.00,3421.48,135.00,120.32
2005-02-19,28000.00,3421.45,135.00,114.32
2005-02-20,27964.00,3421.42,133.00,112.77
2005-02-21,27916.23,3421.38,134.00,105.94
2005-02-22,27868.12,3421.34,134.00,105.74
2005-02-23,27820.00,3421.30,135.00,105.74
2005-02-24,27784.00,3421.27,125.00,101.17
2005-02-25,27772.00,3421.26,109.00,97.95
2005-02-26,27748.00,3421.24,109.00,91.88
2005-02-27,27748.00,3421.24,109.00,103.79
2005-02-28,27736.00,3421.23,109.00,97.93
2005-03-01,27736.00,3421.23,110.00,104.00
2005-03-02,27687.97,3421.19,110.00,79.69
2005-03-03,27700.00,3421.20,102.00,104.80
2005-03-04,27663.91,3421.17,95.00,79.21
2005-03-05,27700.00,3421.20,95.00,115.59
2005-03-06,27663.91,3421.17,95.00,79.21
2005-03-07,27663.91,3421.17,95.00,97.40
2005-03-08,27675.94,3421.18,95.00,103.46
2005-03-09,27687.97,3421.19,95.00,103.46
2005-03-10,27712.00,3421.21,95.00,109.51
2005-03-11,27748.00,3421.24,95.00,115.53
2005-03-12,27784.00,3421.27,95.00,115.06
2005-03-13,27808.00,3421.29,93.00,107.53
2005-03-14,27832.03,3421.31,93.00,107.31
2005-03-15,27868.12,3421.34,93.00,113.50
2005-03-16,27880.15,3421.35,95.00,102.56
2005-03-17,27880.15,3421.35,95.00,97.40
2005-03-18,27880.15,3421.35,95.00,97.40
2005-03-19,27964.00,3421.42,95.00,139.81
2005-03-20,28024.00,3421.47,97.00,129.40
2005-03-21,28036.00,3421.48,95.00,103.81
2005-03-22,28024.00,3421.47,95.00,91.35
2005-03-23,28024.00,3421.47,95.00,97.40
2005-03-24,28036.00,3421.48,95.00,103.45
2005-03-25,28012.00,3421.46,95.00,85.28
2005-03-26,28239.85,3421.65,102.00,218.49
2005-03-27,28618.00,3421.96,111.00,302.59
2005-03-28,28897.97,3422.19,104.00,248.11
2005-03-29,29121.22,3422.37,104.00,218.31
2005-03-30,29268.00,3422.49,102.00,178.00
2005-03-31,29364.00,3422.57,102.00,152.40
2005-04-01,29572.00,3422.74,104.00,210.73
2005-04-02,29710.15,3422.85,104.00,175.73
2005-04-03,29874.00,3422.98,104.00,188.81
2005-04-04,29984.00,3423.07,104.00,160.82
2005-04-05,30103.91,3423.17,102.00,164.58
2005-04-06,30192.00,3423.24,102.00,149.26
2005-04-07,30342.18,3423.36,104.00,181.91
2005-04-08,30455.00,3423.45,104.00,163.08
2005-04-09,30568.00,3423.54,104.00,163.17
2005-04-10,30640.00,3423.60,128.00,166.67
2005-04-11,30730.90,3423.67,155.00,203.33
2005-04-12,30770.00,3423.70,155.00,177.21
2005-04-13,30756.97,3423.69,165.00,162.17
2005-04-14,30717.87,3423.66,171.00,155.45
2005-04-15,30770.00,3423.70,174.00,202.27
2005-04-16,30994.25,3423.88,177.00,292.89
2005-04-17,31192.00,3424.04,177.00,279.57
2005-04-18,31321.81,3424.14,177.00,245.35
2005-04-19,31424.00,3424.22,177.00,231.37
2005-04-20,31520.00,3424.30,177.00,228.37
2005-04-21,31663.00,3424.41,177.00,252.10
2005-04-22,31900.00,3424.60,177.00,299.52
2005-04-23,32290.00,3424.90,180.00,379.47
2005-04-24,32865.16,3425.35,220.00,513.81
2005-04-25,33489.09,3425.83,251.00,567.66
2005-04-26,33904.84,3426.15,381.00,605.43
2005-04-27,34152.13,3426.34,508.00,639.58
2005-04-28,34139.09,3426.33,580.00,583.91
2005-04-29,34009.00,3426.23,568.00,509.72
2005-04-30,33956.97,3426.19,485.00,462.80
2005-05-01,33866.06,3426.12,470.00,430.42
2005-05-02,33801.00,3426.07,445.00,416.13
2005-05-03,33736.00,3426.02,415.00,388.06
2005-05-04,33697.00,3425.99,415.00,400.34
2005-05-05,33671.00,3425.97,386.00,377.52
2005-05-06,33697.00,3425.99,350.00,368.41
2005-05-07,33723.00,3426.01,333.00,352.02
2005-05-08,33736.00,3426.02,337.00,346.10
2005-05-09,33943.94,3426.18,341.00,447.98
2005-05-10,34256.00,3426.42,410.00,571.83
2005-05-11,34216.97,3426.39,514.00,501.62
2005-05-12,33996.00,3426.22,550.00,446.81
2005-05-13,33879.09,3426.13,465.00,417.50
2005-05-14,33866.06,3426.12,415.00,413.27
2005-05-15,33956.97,3426.19,415.00,465.99
2005-05-16,34009.00,3426.23,415.00,446.23
2005-05-17,33904.84,3426.15,415.00,367.23
2005-05-18,33866.06,3426.12,415.00,399.49
2005-05-19,33970.00,3426.20,410.00,469.67
2005-05-20,33956.97,3426.19,390.00,388.87
2005-05-21,33930.91,3426.17,372.00,363.50
2005-05-22,33891.81,3426.14,372.00,356.69
2005-05-23,33827.00,3426.09,350.00,321.63
2005-05-24,33749.00,3426.03,333.00,297.67
2005-05-25,33632.00,3425.94,333.00,277.66
2005-05-26,33502.13,3425.84,329.00,268.50
2005-05-27,33385.00,3425.75,329.00,273.74
2005-05-28,33385.00,3425.75,269.00,275.39
2005-05-29,33463.03,3425.81,230.00,274.23
2005-05-30,33515.16,3425.85,230.00,259.93
2005-05-31,33606.00,3425.92,216.00,265.50
2005-06-01,33710.00,3426.00,191.00,247.43
2005-06-02,33775.00,3426.05,191.00,227.74
2005-06-03,33814.00,3426.08,191.00,213.91
2005-06-04,33827.00,3426.09,188.00,199.44
2005-06-05,33827.00,3426.09,188.00,192.00
2005-06-06,33827.00,3426.09,187.00,192.00
2005-06-07,33801.00,3426.07,187.00,178.89
2005-06-08,33762.00,3426.04,187.00,172.34
2005-06-09,33710.00,3426.00,187.00,164.42
2005-06-10,33632.00,3425.94,184.00,149.67
2005-06-11,33580.00,3425.90,183.00,162.78
2005-06-12,33502.13,3425.84,183.00,149.74
2005-06-13,33424.00,3425.78,183.00,149.61
2005-06-14,33333.00,3425.71,183.00,143.12
2005-06-15,33229.09,3425.63,183.00,135.74
2005-06-16,33190.00,3425.60,180.00,167.68
2005-06-17,33099.00,3425.53,183.00,143.23
2005-06-18,33034.00,3425.48,184.00,155.24
2005-06-19,32943.00,3425.41,184.00,141.73
2005-06-20,32813.03,3425.31,181.00,116.32
2005-06-21,32696.00,3425.22,181.00,121.00
2005-06-22,32566.06,3425.12,181.00,114.43
2005-06-23,32456.00,3425.03,181.00,123.09
2005-06-24,32303.00,3424.91,178.00,99.86
2005-06-25,32147.00,3424.79,178.00,98.35
2005-06-26,32003.94,3424.68,179.00,104.87
2005-06-27,31888.00,3424.59,179.00,118.55
2005-06-28,31754.00,3424.48,179.00,109.44
2005-06-29,31585.16,3424.35,176.00,90.30
2005-06-30,31424.00,3424.22,176.00,92.75
2005-07-01,31257.00,3424.09,176.00,89.80
2005-07-02,31080.00,3423.95,176.00,83.87
2005-07-03,30903.03,3423.81,173.00,82.31
2005-07-04,30730.90,3423.67,174.00,84.22
2005-07-05,30544.00,3423.52,174.00,76.77
2005-07-06,30390.00,3423.40,174.00,93.36
2005-07-07,30205.00,3423.25,174.00,77.56
2005-07-08,30079.85,3423.15,174.00,107.22
2005-07-09,29936.00,3423.03,174.00,97.52
2005-07-10,29770.00,3422.90,170.00,84.34
2005-07-11,29598.00,3422.76,170.00,81.28
2005-07-12,29412.03,3422.61,170.00,74.02
2005-07-13,29232.00,3422.46,167.00,75.50
2005-07-14,29056.06,3422.32,167.00,76.30
2005-07-15,28861.88,3422.16,173.00,72.65
2005-07-16,28631.00,3421.97,175.00,57.74
2005-07-17,28444.06,3421.82,175.00,79.75
2005-07-18,28227.82,3421.64,175.00,64.98
2005-07-19,28012.00,3421.46,172.00,63.42
2005-07-20,27772.00,3421.26,172.00,50.06
2005-07-21,27568.00,3421.09,172.00,68.15
2005-07-22,27400.00,3420.95,180.00,97.90
2005-07-23,27160.00,3420.75,186.00,70.25
2005-07-24,26920.00,3420.55,183.00,68.45
2005-07-25,26696.16,3420.36,183.00,73.30
2005-07-26,26449.85,3420.15,183.00,58.73
2005-07-27,26193.00,3419.93,180.00,51.74
2005-07-28,25956.00,3419.73,180.00,60.51
2005-07-29,25712.00,3419.52,180.00,56.98
2005-07-30,25471.03,3419.31,180.00,57.45
2005-07-31,25198.00,3419.08,176.00,39.54
2005-08-01,24946.16,3418.86,176.00,50.03
2005-08-02,24704.87,3418.65,176.00,55.35
2005-08-03,24453.00,3418.43,173.00,48.38
2005-08-04,24214.00,3418.22,173.00,53.50
2005-08-05,23949.00,3417.99,173.00,40.33
2005-08-06,23716.00,3417.78,173.00,55.48
2005-08-07,23477.00,3417.57,170.00,51.18
2005-08-08,23224.11,3417.34,170.00,43.50
2005-08-09,22972.05,3417.12,176.00,48.66
2005-08-10,22697.19,3416.87,178.00,41.45
2005-08-11,22422.05,3416.62,178.00,41.29
2005-08-12,22136.16,3416.36,178.00,35.42
2005-08-13,21904.87,3416.15,178.00,63.23
2005-08-14,21630.00,3415.90,178.00,42.16
2005-08-15,21386.92,3415.67,178.00,57.45
2005-08-16,21134.00,3415.44,178.00,52.45
2005-08-17,20857.95,3415.18,178.00,39.78
2005-08-18,20600.00,3414.94,175.00,47.00
2005-08-19,20351.00,3414.71,175.00,51.06
2005-08-20,20100.00,3414.47,172.00,48.81
2005-08-21,19843.00,3414.23,171.00,44.49
2005-08-22,19570.00,3413.97,177.00,42.22
2005-08-23,19290.00,3413.70,180.00,41.93
2005-08-24,19030.00,3413.45,180.00,51.92
2005-08-25,18749.95,3413.18,180.00,40.95
2005-08-26,18482.00,3412.92,177.00,44.99
2005-08-27,18209.88,3412.65,178.00,41.82
2005-08-28,17948.97,3412.39,175.00,45.59
2005-08-29,17660.03,3412.11,176.00,31.32
2005-08-30,17410.12,3411.85,177.00,50.41
2005-08-31,17150.00,3411.59,174.00,44.25
2005-09-01,16890.07,3411.33,174.00,42.95
2005-09-02,16630.00,3411.07,174.00,41.71
2005-09-03,16380.02,3410.81,171.00,44.97
2005-09-04,16116.00,3410.54,171.00,37.89
2005-09-05,15880.00,3410.29,171.00,50.75
2005-09-06,15630.00,3410.03,168.00,41.96
2005-09-07,15383.00,3409.77,168.00,42.02
2005-09-08,15160.00,3409.53,165.00,52.57
2005-09-09,14895.00,3409.25,165.00,31.40
2005-09-10,14706.00,3409.04,165.00,69.87
2005-09-11,14480.00,3408.80,163.00,48.64
2005-09-12,14246.00,3408.54,163.00,44.47
2005-09-13,14021.00,3408.29,160.00,47.04
2005-09-14,13796.00,3408.04,160.00,46.56
2005-09-15,13562.00,3407.78,160.00,40.97
2005-09-16,13337.00,3407.53,158.00,44.06
2005-09-17,13122.00,3407.28,158.00,49.08
2005-09-18,12906.00,3407.04,155.00,46.63
2005-09-19,12673.00,3406.77,155.00,37.53
2005-09-20,12440.00,3406.50,155.00,36.87
2005-09-21,12225.00,3406.25,153.00,44.10
2005-09-22,11994.00,3405.98,153.00,35.78
2005-09-23,11792.00,3405.74,150.00,48.29
2005-09-24,11574.00,3405.48,150.00,40.09
2005-09-25,11364.00,3405.23,148.00,42.81
2005-09-26,11162.00,3404.98,148.00,45.66
2005-09-27,10946.00,3404.72,145.00,37.26
2005-09-28,10754.00,3404.48,145.00,48.20
2005-09-29,10552.00,3404.24,145.00,43.16
2005-09-30,10528.00,3404.21,148.00,134.48
2005-10-01,10432.00,3404.09,148.00,98.00
2005-10-02,10280.00,3403.90,145.00,68.37
2005-10-03,10120.00,3403.70,145.00,63.30
2005-10-04,9950.00,3403.48,142.00,56.79
2005-10-05,9786.00,3403.27,142.00,58.76
2005-10-06,9626.00,3403.07,139.00,59.46
2005-10-07,9466.14,3402.87,139.00,59.40
2005-10-08,9315.94,3402.67,139.00,63.46
2005-10-09,9159.00,3402.47,136.00,58.38
2005-10-10,9006.00,3402.27,136.00,59.44
2005-10-11,8840.00,3402.05,134.00,51.31
2005-10-12,8678.07,3401.84,133.00,53.01
2005-10-13,8534.91,3401.65,131.00,61.20
2005-10-14,8392.00,3401.46,131.00,60.45
2005-10-15,8242.00,3401.26,131.00,55.79
2005-10-16,8092.00,3401.06,128.00,54.37
2005-10-17,7928.07,3400.84,128.00,46.69
2005-10-18,7784.91,3400.65,125.00,55.33
2005-10-19,7687.00,3400.51,115.00,69.53
2005-10-20,7579.12,3400.37,108.00,56.98
2005-10-21,7481.00,3400.23,108.00,61.13
2005-10-22,7359.00,3400.07,108.00,49.09
2005-10-23,7254.00,3399.92,106.00,56.16
2005-10-24,7142.00,3399.76,106.00,51.93
2005-10-25,7028.02,3399.61,104.00,49.27
2005-10-26,6922.00,3399.46,104.00,52.82
2005-10-27,6810.00,3399.30,102.00,48.62
2005-10-28,6731.98,3399.19,102.00,65.03
2005-10-29,6618.00,3399.04,102.00,46.27
2005-10-30,6548.00,3398.94,100.00,66.69
2005-10-31,6810.00,3399.30,112.00,244.21
2005-11-01,7006.00,3399.58,110.00,210.29
2005-11-02,7067.92,3399.66,111.00,141.82
2005-11-03,7142.00,3399.76,116.00,152.14
2005-11-04,7156.00,3399.78,121.00,126.52
2005-11-05,7205.09,3399.85,122.00,143.65
2005-11-06,7177.02,3399.81,122.00,105.63
2005-11-07,7149.00,3399.77,121.00,103.56
2005-11-08,7083.96,3399.68,121.00,84.71
2005-11-09,7020.00,3399.60,119.00,83.29
2005-11-10,6985.00,3399.55,120.00,97.69
2005-11-11,7006.00,3399.58,121.00,126.64
2005-11-12,6999.00,3399.57,121.00,111.73
2005-11-13,7075.94,3399.67,124.00,156.68
2005-11-14,7075.94,3399.67,125.00,117.50
2005-11-15,7083.96,3399.68,125.00,121.54
2005-11-16,7067.92,3399.66,125.00,108.22
2005-11-17,7059.90,3399.65,122.00,111.23
2005-11-18,7028.02,3399.61,122.00,98.93
2005-11-19,7028.02,3399.61,122.00,115.00
2005-11-20,7028.02,3399.61,122.00,115.00
2005-11-21,7036.04,3399.62,122.00,119.15
2005-11-22,7036.04,3399.62,122.00,115.08
2005-11-23,7044.06,3399.63,122.00,123.69
2005-11-24,7044.06,3399.63,122.00,122.73
2005-11-25,7083.96,3399.68,125.00,144.56
2005-11-26,7067.92,3399.66,122.00,115.59
2005-11-27,7044.06,3399.63,122.00,110.49
2005-11-28,6999.00,3399.57,122.00,99.84
2005-11-29,7028.02,3399.61,122.00,138.07
2005-11-30,6985.00,3399.55,122.00,100.81
2005-12-01,6964.00,3399.52,122.00,111.91
2005-12-02,6964.00,3399.52,122.00,122.63
2005-12-03,6950.00,3399.50,122.00,115.44
2005-12-04,6943.00,3399.49,120.00,117.68
2005-12-05,6831.05,3399.33,120.00,63.56
2005-12-06,6699.90,3399.15,120.00,53.88
2005-12-07,6653.00,3399.09,120.00,95.90
2005-12-08,6527.00,3398.91,117.00,54.00
2005-12-09,6478.07,3398.84,117.00,92.83
2005-12-10,6408.00,3398.74,117.00,82.17
2005-12-11,6351.93,3398.66,115.00,87.92
2005-12-12,6282.00,3398.56,115.00,79.74
2005-12-13,6219.00,3398.47,115.00,83.21
2005-12-14,6177.00,3398.41,113.00,91.82
2005-12-15,6086.00,3398.28,113.00,66.92
2005-12-16,5994.91,3398.15,113.00,65.97
2005-12-17,5904.00,3398.02,111.00,64.76
2005-12-18,5820.00,3397.90,111.00,67.30
2005-12-19,5771.05,3397.83,108.00,84.13
2005-12-20,5736.00,3397.78,108.00,91.75
2005-12-21,5792.10,3397.86,110.00,139.58
2005-12-22,6170.00,3398.40,119.00,309.60
2005-12-23,6964.00,3399.52,131.00,533.03
2005-12-24,9145.00,3402.45,158.00,1259.25
2005-12-25,10794.00,3404.53,167.00,1001.45
2005-12-26,11994.00,3405.98,175.00,785.19
2005-12-27,12924.00,3407.06,181.00,654.61
2005-12-28,13660.98,3407.89,186.00,562.65
2005-12-29,14192.00,3408.48,182.00,457.63
2005-12-30,14688.00,3409.02,184.00,441.82
2005-12-31,15076.00,3409.44,181.00,385.66
2006-01-01,15347.00,3409.73,180.00,325.96
2006-01-02,15573.00,3409.97,179.00,302.94
2006-01-03,15771.96,3410.18,178.00,289.31
2006-01-04,15890.00,3410.30,175.00,245.90
2006-01-05,16020.00,3410.44,174.00,252.59
2006-01-06,16479.00,3410.91,182.00,427.77
2006-01-07,17120.00,3411.56,185.00,521.71
2006-01-08,17580.00,3412.03,184.00,430.42
2006-01-09,18219.90,3412.66,183.00,505.93
2006-01-10,20040.00,3414.41,202.00,1118.65
2006-01-11,21440.00,3415.72,202.00,907.78
2006-01-12,22202.00,3416.42,289.00,679.56
2006-01-13,22543.00,3416.73,410.00,581.92
2006-01-14,22686.16,3416.86,410.00,482.18
2006-01-15,22708.21,3416.88,410.00,420.57
2006-01-16,22763.00,3416.93,405.00,435.02
2006-01-17,22972.05,3417.12,410.00,515.50
2006-01-18,23026.92,3417.17,410.00,437.61
2006-01-19,22993.84,3417.14,405.00,390.35
2006-01-20,22928.00,3417.08,405.00,372.95
2006-01-21,22752.00,3416.92,405.00,314.21
2006-01-22,22543.00,3416.73,400.00,294.63
2006-01-23,22268.00,3416.48,395.00,258.57
2006-01-24,22180.00,3416.40,285.00,249.04
2006-01-25,22224.00,3416.44,213.00,234.68
2006-01-26,22246.00,3416.46,213.00,223.59
2006-01-27,22268.00,3416.48,213.00,223.56
2006-01-28,22367.00,3416.57,213.00,263.00
2006-01-29,22487.95,3416.68,213.00,273.42
2006-01-30,22873.00,3417.03,223.00,416.64
2006-01-31,23257.19,3417.37,220.00,413.56
2006-02-01,23510.00,3417.60,220.00,346.92
2006-02-02,23704.00,3417.77,220.00,317.31
2006-02-03,23850.00,3417.90,220.00,293.11
2006-02-04,24044.00,3418.07,220.00,318.55
2006-02-05,24102.05,3418.12,220.00,248.77
2006-02-06,24156.92,3418.17,220.00,247.12
2006-02-07,24178.97,3418.19,220.00,228.89
2006-02-08,24178.97,3418.19,223.00,222.38
2006-02-09,24145.89,3418.16,230.00,213.29
2006-02-10,24102.05,3418.12,227.00,206.02
2006-02-11,24032.00,3418.06,227.00,191.40
2006-02-12,23960.00,3418.00,227.00,190.20
2006-02-13,23883.00,3417.93,227.00,187.68
2006-02-14,23795.13,3417.85,227.00,182.20
2006-02-15,23644.00,3417.72,227.00,150.19
2006-02-16,23521.03,3417.61,209.00,147.30
2006-02-17,23411.00,3417.51,189.00,133.57
2006-02-18,23323.00,3417.43,189.00,144.63
2006-02-19,23213.08,3417.33,189.00,133.58
2006-02-20,23168.00,3417.29,189.00,166.27
2006-02-21,23004.87,3417.15,189.00,106.75
2006-02-22,22917.00,3417.07,189.00,144.67
2006-02-23,22862.00,3417.02,180.00,150.88
2006-02-24,22785.00,3416.95,168.00,129.09
2006-02-25,22686.16,3416.86,165.00,116.14
2006-02-26,22620.00,3416.80,165.00,131.96
2006-02-27,22598.00,3416.78,168.00,156.52
2006-02-28,22587.00,3416.77,168.00,162.45
2006-03-01,22521.00,3416.71,168.00,134.57
2006-03-02,22476.92,3416.67,168.00,144.76
2006-03-03,22411.03,3416.61,165.00,131.90
2006-03-04,22312.00,3416.52,165.00,115.07
2006-03-05,22235.00,3416.45,165.00,126.18
2006-03-06,22168.97,3416.39,165.00,131.71
2006-03-07,22081.03,3416.31,165.00,120.66
2006-03-08,22059.00,3416.29,165.00,153.89
2006-03-09,21993.00,3416.23,165.00,131.72
2006-03-10,21883.08,3416.13,165.00,109.58
2006-03-11,21795.00,3416.05,165.00,120.02
2006-03-12,21696.00,3415.96,163.00,112.85
2006-03-13,21575.13,3415.85,163.00,101.67
2006-03-14,21470.00,3415.75,163.00,109.49
2006-03-15,21353.84,3415.64,163.00,103.91
2006-03-16,21233.00,3415.53,163.00,101.81
2006-03-17,21123.00,3415.43,160.00,104.72
2006-03-18,21002.05,3415.32,160.00,99.02
2006-03-19,20880.00,3415.20,160.00,98.46
2006-03-20,20748.00,3415.08,160.00,93.45
2006-03-21,20620.00,3414.96,160.00,95.44
2006-03-22,20483.08,3414.83,160.00,90.10
2006-03-23,20340.00,3414.70,158.00,85.68
2006-03-24,20250.03,3414.61,158.00,112.40
2006-03-25,20130.00,3414.50,158.00,96.99
2006-03-26,19997.19,3414.37,158.00,90.54
2006-03-27,19854.00,3414.24,158.00,85.31
2006-03-28,19749.85,3414.14,158.00,104.99
2006-03-29,19633.00,3414.03,158.00,98.59
2006-03-30,19500.00,3413.90,158.00,90.45
2006-03-31,19401.03,3413.81,158.00,107.65
2006-04-01,19350.00,3413.76,158.00,131.96
2006-04-02,19245.89,3413.66,158.00,105.01
2006-04-03,19170.00,3413.59,158.00,119.24
2006-04-04,19090.00,3413.51,158.00,117.17
2006-04-05,19030.00,3413.45,158.00,127.52
2006-04-06,18969.97,3413.39,158.00,127.91
2006-04-07,18920.10,3413.34,158.00,133.55
2006-04-08,18930.12,3413.35,163.00,166.50
2006-04-09,18930.12,3413.35,163.00,161.74
2006-04-10,18940.15,3413.36,163.00,167.50
2006-04-11,18960.20,3413.38,163.00,172.45
2006-04-12,19000.00,3413.42,163.00,182.57
2006-04-13,19080.00,3413.50,163.00,203.55
2006-04-14,19256.92,3413.67,168.00,256.46
2006-04-15,19445.13,3413.85,168.00,262.84
2006-04-16,19560.00,3413.96,165.00,224.05
2006-04-17,19655.00,3414.05,165.00,212.90
2006-04-18,19730.05,3414.12,165.00,202.84
2006-04-19,19810.00,3414.20,165.00,206.14
2006-04-20,19920.00,3414.30,168.00,223.51
2006-04-21,20100.00,3414.47,171.00,261.67
2006-04-22,20279.85,3414.64,171.00,261.74
2006-04-23,20494.11,3414.84,171.00,280.50
2006-04-24,20704.00,3415.04,174.00,281.29
2006-04-25,20980.00,3415.30,177.00,317.01
2006-04-26,21288.00,3415.58,180.00,336.08
2006-04-27,21663.00,3415.93,183.00,373.06
2006-04-28,22180.00,3416.40,248.00,510.61
2006-04-29,23108.00,3417.24,309.00,776.99
2006-04-30,24156.92,3418.17,321.00,851.43
2006-05-01,24946.16,3418.86,325.00,722.91
2006-05-02,25388.00,3419.24,400.00,629.35
2006-05-03,25642.00,3419.46,465.00,593.66
2006-05-04,25812.03,3419.61,465.00,551.09
2006-05-05,26052.03,3419.81,465.00,586.68
2006-05-06,26330.00,3420.05,470.00,609.78
2006-05-07,26641.03,3420.31,470.00,626.81
2006-05-08,26812.00,3420.46,470.00,555.99
2006-05-09,26920.00,3420.55,465.00,518.33
2006-05-10,27016.09,3420.63,460.00,509.90
2006-05-11,27232.03,3420.81,465.00,573.40
2006-05-12,27460.00,3421.00,465.00,579.94
2006-05-13,27639.85,3421.15,465.00,555.68
2006-05-14,27904.21,3421.37,465.00,598.82
2006-05-15,27964.00,3421.42,757.00,811.18
2006-05-16,28456.09,3421.83,1002.00,1356.51
2006-05-17,30056.09,3423.13,1050.00,1857.38
2006-05-18,32160.00,3424.80,1106.00,2163.76
2006-05-19,33801.00,3426.07,1194.00,2021.46
2006-05-20,34704.00,3426.76,1130.00,1751.02
2006-05-21,34718.00,3426.77,1274.00,1462.71
2006-05-22,34593.94,3426.68,1380.00,1409.70
2006-05-23,34451.00,3426.57,1344.00,1447.86
2006-05-24,34334.00,3426.48,1425.00,1456.20
2006-05-25,34048.00,3426.26,1461.00,1314.84
2006-05-26,33762.00,3426.04,1290.00,1152.16
2006-05-27,33541.22,3425.87,1162.00,1050.11
2006-05-28,33267.87,3425.66,1154.00,1016.77
2006-05-29,32865.16,3425.35,1146.00,941.34
2006-05-30,32696.00,3425.22,986.00,906.24
2006-05-31,32852.13,3425.34,834.00,912.72
2006-06-01,33320.00,3425.70,834.00,1072.69
2006-06-02,34256.00,3426.42,855.00,1325.88
2006-06-03,34786.06,3426.82,1026.00,1290.69
2006-06-04,35090.00,3427.05,1250.00,1404.89
2006-06-05,35433.03,3427.31,1154.00,1327.87
2006-06-06,35485.16,3427.35,1266.00,1295.28
2006-06-07,34890.00,3426.90,1398.00,1308.59
2006-06-08,34282.00,3426.44,1443.00,1217.89
2006-06-09,33840.00,3426.10,1242.00,1020.74
2006-06-10,33801.00,3426.07,922.00,906.88
2006-06-11,33996.00,3426.22,834.00,933.63
2006-06-12,34903.00,3426.91,1002.00,1458.09
2006-06-13,34968.00,3426.96,1398.00,1602.33
2006-06-14,34593.94,3426.68,1443.00,1345.39
2006-06-15,34243.00,3426.41,1098.00,920.49
2006-06-16,34035.00,3426.25,954.00,848.44
2006-06-17,33943.94,3426.18,862.00,815.36
2006-06-18,33840.00,3426.10,750.00,700.04
2006-06-19,33827.00,3426.09,631.00,628.58
2006-06-20,33904.84,3426.15,532.00,570.09
2006-06-21,34035.00,3426.25,490.00,553.24
2006-06-22,34100.00,3426.30,502.00,531.83
2006-06-23,34126.06,3426.32,508.00,522.61
2006-06-24,34178.19,3426.36,520.00,544.69
2006-06-25,34243.00,3426.41,580.00,610.24
2006-06-26,34165.16,3426.35,715.00,673.64
2006-06-27,33996.00,3426.22,764.00,681.41
2006-06-28,33710.00,3426.00,743.00,601.25
2006-06-29,33515.16,3425.85,580.00,493.65
2006-06-30,33658.00,3425.96,368.00,443.96
2006-07-01,33930.91,3426.17,289.00,428.57
2006-07-02,34139.09,3426.33,301.00,405.48
2006-07-03,34269.00,3426.43,329.00,393.14
2006-07-04,34347.00,3426.49,354.00,392.55
2006-07-05,34321.00,3426.47,368.00,354.79
2006-07-06,34216.97,3426.39,354.00,300.81
2006-07-07,34113.03,3426.31,321.00,268.35
2006-07-08,34009.00,3426.23,297.00,245.61
2006-07-09,33879.09,3426.13,285.00,218.38
2006-07-10,33762.00,3426.04,281.00,221.97
2006-07-11,33606.00,3425.92,265.00,187.06
2006-07-12,33476.06,3425.82,255.00,189.06
2006-07-13,33333.00,3425.71,255.00,182.37
2006-07-14,33190.00,3425.60,265.00,173.95
2006-07-15,33086.00,3425.52,237.00,185.57
2006-07-16,32982.00,3425.44,237.00,184.57
2006-07-17,32826.06,3425.32,238.00,158.27
2006-07-18,32670.00,3425.20,234.00,156.30
2006-07-19,32516.00,3425.08,234.00,155.86
2006-07-20,32355.00,3424.95,235.00,153.62
2006-07-21,32173.03,3424.81,238.00,144.24
2006-07-22,31990.90,3424.67,235.00,143.15
2006-07-23,31816.00,3424.53,235.00,145.36
2006-07-24,31598.19,3424.36,235.00,123.69
2006-07-25,31400.00,3424.20,236.00,133.58
2006-07-26,31166.00,3424.02,236.00,114.19
2006-07-27,30955.16,3423.85,232.00,123.70
2006-07-28,30717.87,3423.66,233.00,110.37
2006-07-29,30455.00,3423.45,233.00,97.36
2006-07-30,30218.00,3423.26,233.00,110.51
2006-07-31,29984.00,3423.07,233.00,111.42
2006-08-01,29746.23,3422.88,230.00,106.92
2006-08-02,29495.94,3422.68,230.00,100.31
2006-08-03,29256.00,3422.48,230.00,105.53
2006-08-04,29006.00,3422.28,230.00,99.20
2006-08-05,28766.00,3422.08,227.00,101.73
2006-08-06,28504.21,3421.87,224.00,87.51
2006-08-07,28263.91,3421.67,224.00,98.35
2006-08-08,28000.00,3421.45,224.00,86.44
2006-08-09,27736.00,3421.23,224.00,86.40
2006-08-10,27472.00,3421.01,224.00,86.13
2006-08-11,27232.03,3420.81,221.00,95.89
2006-08-12,26956.00,3420.58,221.00,76.84
2006-08-13,26707.19,3420.37,222.00,90.56
2006-08-14,26437.82,3420.14,222.00,80.16
2006-08-15,26171.00,3419.91,222.00,80.93
2006-08-16,25895.94,3419.68,219.00,74.55
2006-08-17,25642.00,3419.46,219.00,84.47
2006-08-18,25388.00,3419.24,219.00,84.44
2006-08-19,25110.00,3419.00,219.00,71.56
2006-08-20,24844.00,3418.77,216.00,75.35
2006-08-21,24590.00,3418.55,209.00,76.40
2006-08-22,24365.13,3418.35,198.00,85.13
2006-08-23,24134.87,3418.15,198.00,82.30
2006-08-24,23872.00,3417.92,195.00,64.06
2006-08-25,23620.00,3417.70,202.00,73.22
2006-08-26,23378.00,3417.48,205.00,83.53
2006-08-27,23120.00,3417.25,205.00,75.42
2006-08-28,22884.00,3417.04,205.00,85.31
2006-08-29,22598.00,3416.78,202.00,58.06
2006-08-30,22345.00,3416.55,202.00,74.45
2006-08-31,22092.05,3416.32,202.00,74.44
2006-09-01,21828.00,3416.08,198.00,66.99
2006-09-02,21586.16,3415.86,198.00,76.68
2006-09-03,21321.03,3415.61,198.00,64.83
2006-09-04,21090.00,3415.40,198.00,81.48
2006-09-05,20835.89,3415.16,195.00,67.20
2006-09-06,20580.00,3414.92,195.00,65.99
2006-09-07,20329.97,3414.69,195.00,68.12
2006-09-08,20100.00,3414.47,192.00,76.60
2006-09-09,19821.00,3414.21,192.00,51.34
2006-09-10,19580.00,3413.98,192.00,70.50
2006-09-11,19330.00,3413.74,192.00,65.72
2006-09-12,19090.00,3413.51,189.00,68.58
2006-09-13,18847.00,3413.27,189.00,66.49
2006-09-14,18590.00,3413.02,189.00,59.43
2006-09-15,18370.03,3412.81,189.00,78.13
2006-09-16,18140.00,3412.58,186.00,70.76
2006-09-17,17905.13,3412.35,186.00,67.59
2006-09-18,17699.88,3412.15,186.00,82.61
2006-09-19,17478.00,3411.92,186.00,73.84
2006-09-20,17280.00,3411.72,183.00,84.41
2006-09-21,17050.00,3411.49,183.00,67.14
2006-09-22,16830.00,3411.27,183.00,72.08
2006-09-23,16600.00,3411.04,180.00,65.15
2006-09-24,16380.02,3410.81,180.00,69.10
2006-09-25,16152.00,3410.58,180.00,60.40
2006-09-26,15944.13,3410.36,179.00,64.81
2006-09-27,15727.07,3410.13,176.00,58.56
2006-09-28,15510.00,3409.90,175.00,58.52
2006-09-29,15301.96,3409.68,172.00,60.75
2006-09-30,15085.00,3409.45,171.00,55.62
2006-10-01,14850.00,3409.20,171.00,46.52
2006-10-02,14630.00,3408.96,171.00,54.03
2006-10-03,14408.00,3408.72,167.00,50.98
2006-10-04,14192.00,3408.48,167.00,53.60
2006-10-05,13994.00,3408.26,175.00,71.23
2006-10-06,13733.00,3407.97,181.00,45.41
2006-10-07,13499.00,3407.71,180.00,57.54
2006-10-08,13256.00,3407.44,177.00,51.49
2006-10-09,13031.96,3407.18,176.00,59.90
2006-10-10,12807.00,3406.93,173.00,57.58
2006-10-11,12573.91,3406.66,172.00,53.48
2006-10-12,12350.00,3406.40,169.00,56.35
2006-10-13,12124.06,3406.13,172.00,55.70
2006-10-14,11894.13,3405.86,171.00,55.08
2006-10-15,11711.88,3405.64,171.00,79.27
2006-10-16,11534.00,3405.43,170.00,80.83
2006-10-17,11323.96,3405.18,167.00,62.17
2006-10-18,11117.00,3404.93,164.00,62.11
2006-10-19,10954.00,3404.73,163.00,83.60
2006-10-20,10738.00,3404.46,163.00,55.70
2006-10-21,10536.00,3404.22,148.00,48.13
2006-10-22,10376.00,3404.02,135.00,56.83
2006-10-23,10216.04,3403.82,133.00,55.23
2006-10-24,10040.00,3403.60,133.00,46.25
2006-10-25,9905.00,3403.42,133.00,66.89
2006-10-26,9754.00,3403.23,130.00,56.67
2006-10-27,9586.00,3403.02,130.00,47.80
2006-10-28,9434.06,3402.83,130.00,54.79
2006-10-29,9284.06,3402.63,127.00,54.45
2006-10-30,9131.00,3402.43,127.00,52.83
2006-10-31,8958.00,3402.21,125.00,40.50
2006-11-01,8792.00,3401.99,127.00,46.02
2006-11-02,8720.00,3401.90,129.00,98.23
2006-11-03,8966.00,3402.22,134.00,266.81
2006-11-04,9562.00,3402.99,138.00,449.47
2006-11-05,10352.00,3403.99,137.00,551.16
2006-11-06,18471.00,3412.91,191.00,4309.80
2006-11-07,27100.00,3420.70,510.00,4986.42
2006-11-08,28192.03,3421.61,1098.00,1729.32
2006-11-09,27916.23,3421.38,1058.00,917.99
2006-11-10,27340.00,3420.90,994.00,707.36
2006-11-11,26510.00,3420.20,970.00,552.12
2006-11-12,25654.00,3419.47,958.71,527.14
2006-11-13,24737.95,3418.68,946.00,483.86
2006-11-14,23644.00,3417.72,922.00,368.26
2006-11-15,23037.95,3417.18,914.00,605.78
2006-11-16,22862.00,3417.02,906.00,817.71
2006-11-17,22246.00,3416.46,890.00,577.59
2006-11-18,21460.00,3415.74,869.00,476.12
2006-11-19,20792.05,3415.12,855.00,521.27
2006-11-20,20260.05,3414.62,848.00,580.87
2006-11-21,19570.00,3413.97,841.00,490.51
2006-11-22,18825.00,3413.25,806.00,429.63
2006-11-23,18180.05,3412.62,778.00,452.07
2006-11-24,17380.05,3411.82,757.00,354.25
2006-11-25,16533.00,3410.97,736.00,310.40
2006-11-26,15762.93,3410.17,715.00,329.46
2006-11-27,15200.00,3409.57,546.00,269.10
2006-11-28,15010.17,3409.37,340.00,224.73
2006-11-29,14751.00,3409.09,346.00,186.29
2006-11-30,14650.00,3408.98,303.00,217.27
2006-12-01,14580.00,3408.91,265.00,187.71
2006-12-02,14453.00,3408.77,265.00,158.30
2006-12-03,14327.07,3408.63,262.00,156.06
2006-12-04,14228.00,3408.52,255.00,161.51
2006-12-05,14156.00,3408.44,223.00,169.15
2006-12-06,14138.00,3408.42,189.00,180.64
2006-12-07,14138.00,3408.42,171.00,171.00
2006-12-08,14129.00,3408.41,171.00,166.46
2006-12-09,14120.00,3408.40,171.00,166.46
2006-12-10,14120.00,3408.40,171.00,171.00
2006-12-11,14255.00,3408.55,173.00,241.25
2006-12-12,14408.00,3408.72,173.00,252.51
2006-12-13,14733.00,3409.07,178.00,343.96
2006-12-14,15160.00,3409.53,178.00,396.72
2006-12-15,15680.00,3410.08,180.00,445.93
2006-12-16,16020.00,3410.44,179.00,354.42
2006-12-17,16209.85,3410.64,179.00,278.72
2006-12-18,16360.00,3410.79,178.00,258.70
2006-12-19,16515.00,3410.95,187.00,269.66
2006-12-20,16670.03,3411.11,195.00,279.76
2006-12-21,16810.00,3411.25,194.00,272.57
2006-12-22,16900.10,3411.34,194.00,247.42
2006-12-23,17020.00,3411.46,193.00,262.71
2006-12-24,17070.00,3411.51,193.00,227.21
2006-12-25,17080.00,3411.52,192.00,207.04
2006-12-26,17130.00,3411.57,191.00,227.21
2006-12-27,17120.00,3411.56,191.00,196.96
2006-12-28,17050.00,3411.49,187.00,164.68
2006-12-29,16860.00,3411.30,187.00,101.27
2006-12-30,16750.00,3411.19,183.00,114.26
2006-12-31,16830.00,3411.27,182.00,260.32
2007-01-01,17110.00,3411.55,182.00,334.82
2007-01-02,17520.00,3411.97,190.00,413.30
2007-01-03,18000.00,3412.44,217.00,474.84
2007-01-04,18360.00,3412.80,237.00,437.37
2007-01-05,18680.03,3413.11,237.00,417.18
2007-01-06,18858.00,3413.28,241.00,347.66
2007-01-07,19070.00,3413.49,241.00,366.18
2007-01-08,19150.00,3413.57,241.00,298.64
2007-01-09,19202.05,3413.62,241.00,284.35
2007-01-10,19256.92,3413.67,241.00,285.73
2007-01-11,19213.08,3413.63,241.00,226.51
2007-01-12,19140.00,3413.56,241.00,202.96
2007-01-13,19000.00,3413.42,238.00,167.82
2007-01-14,18860.00,3413.28,238.00,151.29
2007-01-15,18710.00,3413.14,238.00,176.50
2007-01-16,18570.00,3413.00,239.00,165.52
2007-01-17,18420.15,3412.86,235.00,157.99
2007-01-18,18280.00,3412.72,236.00,162.84
2007-01-19,18140.00,3412.58,236.00,162.92
2007-01-20,18010.00,3412.45,233.00,166.01
2007-01-21,17840.00,3412.29,233.00,144.29
2007-01-22,17680.07,3412.13,234.00,149.37
2007-01-23,17514.00,3411.96,234.00,145.60
2007-01-24,17330.00,3411.77,231.00,133.73
2007-01-25,17150.00,3411.59,231.00,135.75
2007-01-26,16960.00,3411.40,231.00,130.71
2007-01-27,16749.97,3411.19,230.00,117.90
2007-01-28,16533.00,3410.97,229.00,113.61
2007-01-29,16320.00,3410.75,229.00,113.92
2007-01-30,16107.00,3410.53,226.00,112.11
2007-01-31,15890.00,3410.30,226.00,110.10
2007-02-01,15670.00,3410.07,223.00,106.30
2007-02-02,15450.10,3409.84,223.00,105.13
2007-02-03,15257.07,3409.63,220.00,116.44
2007-02-04,15040.00,3409.40,220.00,103.06
2007-02-05,14831.96,3409.18,221.00,107.61
2007-02-06,14650.00,3408.98,221.00,120.76
2007-02-07,14480.00,3408.80,221.00,126.79
2007-02-08,14327.07,3408.63,218.00,132.39
2007-02-09,14192.00,3408.48,219.00,140.90
2007-02-10,14057.07,3408.33,219.00,140.97
2007-02-11,13976.00,3408.24,219.00,168.24
2007-02-12,13850.00,3408.10,213.00,140.39
2007-02-13,13742.00,3407.98,202.00,147.59
2007-02-14,13652.18,3407.88,202.00,156.71
2007-02-15,13760.00,3408.00,206.00,259.82
2007-02-16,14030.00,3408.30,209.00,343.96
2007-02-17,14237.00,3408.53,209.00,313.33
2007-02-18,14408.00,3408.72,209.00,295.21
2007-02-19,14590.00,3408.92,209.00,301.51
2007-02-20,14751.00,3409.09,213.00,293.67
2007-02-21,14831.96,3409.18,213.00,253.32
2007-02-22,14868.00,3409.22,213.00,230.67
2007-02-23,14895.00,3409.25,213.00,226.08
2007-02-24,14960.05,3409.32,213.00,245.30
2007-02-25,14960.05,3409.32,213.00,212.50
2007-02-26,14904.00,3409.26,213.00,184.21
2007-02-27,14868.00,3409.22,213.00,194.04
2007-02-28,14804.89,3409.15,209.00,177.42
2007-03-01,14742.00,3409.08,209.00,177.29
2007-03-02,14660.00,3408.99,209.00,167.66
2007-03-03,14543.15,3408.87,209.00,150.09
2007-03-04,14453.00,3408.77,209.00,163.26
2007-03-05,14380.98,3408.69,209.00,171.23
2007-03-06,14291.00,3408.59,206.00,160.56
2007-03-07,14237.00,3408.53,206.00,178.69
2007-03-08,14201.00,3408.49,206.00,187.42
2007-03-09,14147.00,3408.43,206.00,178.27
2007-03-10,14201.00,3408.49,206.00,233.75
2007-03-11,15392.00,3409.78,223.00,822.92
2007-03-12,18537.00,3412.97,260.00,1847.44
2007-03-13,20671.00,3415.01,277.00,1356.89
2007-03-14,21948.97,3416.19,275.00,925.31
2007-03-15,22840.00,3417.00,273.00,730.23
2007-03-16,23015.89,3417.16,490.00,627.46
2007-03-17,22774.00,3416.94,722.00,621.99
2007-03-18,22675.13,3416.85,719.00,695.01
2007-03-19,22642.05,3416.82,722.00,730.44
2007-03-20,22378.00,3416.58,795.00,697.47
2007-03-21,21828.00,3416.08,869.00,630.00
2007-03-22,21189.00,3415.49,862.00,576.25
2007-03-23,20516.16,3414.86,848.00,545.60
2007-03-24,20857.95,3415.18,855.00,1060.46
2007-03-25,21982.00,3416.22,883.00,1488.71
2007-03-26,22246.00,3416.46,890.00,1062.85
2007-03-27,22103.08,3416.33,883.00,852.82
2007-03-28,21685.00,3415.95,876.00,705.47
2007-03-29,21112.00,3415.42,869.00,613.24
2007-03-30,20450.00,3414.80,852.00,553.18
2007-03-31,19779.93,3414.17,834.00,536.79
2007-04-01,19478.21,3413.88,583.00,460.24
2007-04-02,19390.00,3413.80,415.00,379.54
2007-04-03,19267.95,3413.68,410.00,358.52
2007-04-04,19110.00,3413.53,405.00,336.65
2007-04-05,18930.12,3413.35,405.00,324.31
2007-04-06,18759.97,3413.19,405.00,329.11
2007-04-07,18670.00,3413.10,405.00,369.64
2007-04-08,18719.88,3413.15,405.00,442.05
2007-04-09,19020.00,3413.44,415.00,575.56
2007-04-10,19140.00,3413.56,415.00,485.40
2007-04-11,19213.08,3413.63,410.00,457.86
2007-04-12,19191.03,3413.61,410.00,408.88
2007-04-13,19120.00,3413.54,410.00,384.19
2007-04-14,19030.00,3413.45,410.00,374.63
2007-04-15,18900.05,3413.32,405.00,350.24
2007-04-16,18749.95,3413.18,405.00,339.33
2007-04-17,18580.00,3413.01,405.00,328.82
2007-04-18,18370.03,3412.81,400.00,304.22
2007-04-19,18209.88,3412.65,371.00,290.98
2007-04-20,18199.85,3412.64,294.00,277.53
2007-04-21,18229.93,3412.67,281.00,273.16
2007-04-22,18260.00,3412.70,281.00,273.13
2007-04-23,18300.00,3412.74,281.00,277.80
2007-04-24,18400.10,3412.84,281.00,308.50
2007-04-25,18504.00,3412.94,281.00,310.99
2007-04-26,18640.00,3413.07,285.00,328.97
2007-04-27,18803.00,3413.23,285.00,343.68
2007-04-28,19090.00,3413.51,285.00,407.64
2007-04-29,19510.00,3413.91,289.00,478.35
2007-04-30,19953.08,3414.33,281.00,480.82
2007-05-01,20395.00,3414.75,273.00,472.25
2007-05-02,20910.00,3415.23,277.00,513.89
2007-05-03,21364.87,3415.65,277.00,483.86
2007-05-04,21718.00,3415.98,277.00,432.54
2007-05-05,22026.00,3416.26,277.00,409.78
2007-05-06,22268.00,3416.48,277.00,376.87
2007-05-07,22664.11,3416.84,281.00,458.25
2007-05-08,23499.00,3417.59,289.00,684.68
2007-05-09,24602.00,3418.56,297.00,830.87
2007-05-10,25594.00,3419.42,305.00,781.82
2007-05-11,26582.00,3420.26,309.00,782.87
2007-05-12,27604.06,3421.12,309.00,802.27
2007-05-13,28527.97,3421.89,313.00,756.16
2007-05-14,29340.00,3422.55,317.00,701.98
2007-05-15,30179.00,3423.23,317.00,740.48
2007-05-16,31104.00,3423.97,430.00,906.45
2007-05-17,31876.00,3424.58,558.00,952.78
2007-05-18,32480.00,3425.05,560.00,872.30
2007-05-19,33034.00,3425.48,557.00,848.03
2007-05-20,33385.00,3425.75,601.00,794.58
2007-05-21,33502.13,3425.84,651.00,733.18
2007-05-22,33463.03,3425.81,646.00,650.26
2007-05-23,33411.00,3425.77,635.00,639.55
2007-05-24,33398.00,3425.76,598.00,622.54
2007-05-25,33541.22,3425.87,552.00,658.21
2007-05-26,33814.00,3426.08,548.00,724.68
2007-05-27,33970.00,3426.20,694.00,825.86
2007-05-28,33749.00,3426.03,816.00,755.90
2007-05-29,33554.25,3425.88,770.00,726.59
2007-05-30,33566.97,3425.89,716.00,786.01
2007-05-31,33788.00,3426.06,719.00,896.11
2007-06-01,34191.22,3426.37,721.00,995.22
2007-06-02,34567.87,3426.66,843.00,1112.20
2007-06-03,34606.97,3426.69,1103.00,1210.05
2007-06-04,34593.94,3426.68,1202.00,1296.36
2007-06-05,34203.94,3426.38,1127.00,1020.54
2007-06-06,33996.00,3426.22,801.00,785.67
2007-06-07,33891.81,3426.14,604.00,623.53
2007-06-08,33788.00,3426.06,548.00,552.95
2007-06-09,33801.00,3426.07,516.00,574.43
2007-06-10,33930.91,3426.17,514.00,628.65
2007-06-11,33917.87,3426.16,518.00,555.43
2007-06-12,33865.75,3426.12,447.00,457.11
2007-06-13,33996.00,3426.22,372.00,469.17
2007-06-14,34190.91,3426.37,353.00,473.08
2007-06-15,34347.00,3426.49,387.00,488.07
2007-06-16,34373.00,3426.51,415.00,446.49
2007-06-17,34321.00,3426.47,408.00,400.76
2007-06-18,34282.00,3426.44,397.00,392.47
2007-06-19,34190.91,3426.37,430.00,394.20
2007-06-20,34061.00,3426.27,478.00,419.76
2007-06-21,33930.91,3426.17,510.00,449.75
2007-06-22,33840.00,3426.10,470.00,429.52
2007-06-23,33840.00,3426.10,366.00,366.38
2007-06-24,33891.81,3426.14,330.00,351.50
2007-06-25,33904.84,3426.15,333.00,331.57
2007-06-26,33878.78,3426.13,301.00,281.05
2007-06-27,33956.97,3426.19,262.00,293.92
2007-06-28,34048.00,3426.26,266.00,302.91
2007-06-29,34100.00,3426.30,274.00,290.35
2007-06-30,34139.09,3426.33,278.00,287.15
2007-07-01,34126.06,3426.32,283.00,267.49
2007-07-02,34100.00,3426.30,283.00,259.71
2007-07-03,34074.00,3426.28,279.00,255.87
2007-07-04,34061.00,3426.27,275.00,259.26
2007-07-05,34048.00,3426.26,276.00,258.01
2007-07-06,33996.00,3426.22,272.00,234.66
2007-07-07,33917.87,3426.16,264.00,215.86
2007-07-08,33814.00,3426.08,261.00,200.18
2007-07-09,33749.00,3426.03,240.00,197.03
2007-07-10,33671.00,3425.97,216.00,165.52
2007-07-11,33593.00,3425.91,212.00,163.84
2007-07-12,33554.25,3425.88,212.00,187.72
2007-07-13,33437.00,3425.79,211.00,150.43
2007-07-14,33333.00,3425.71,210.00,156.57
2007-07-15,33216.06,3425.62,209.00,150.04
2007-07-16,33060.00,3425.50,208.00,130.32
2007-07-17,32904.25,3425.38,207.00,130.44
2007-07-18,32748.00,3425.26,206.00,130.11
2007-07-19,32566.06,3425.12,201.00,115.18
2007-07-20,32444.00,3425.02,200.00,143.96
2007-07-21,32276.97,3424.89,199.00,121.29
2007-07-22,32121.00,3424.77,198.00,126.87
2007-07-23,31939.10,3424.63,198.00,113.79
2007-07-24,31754.00,3424.48,197.00,112.18
2007-07-25,31585.16,3424.35,196.00,118.79
2007-07-26,31386.97,3424.19,192.00,102.08
2007-07-27,31153.00,3424.01,191.00,84.04
2007-07-28,30955.16,3423.85,190.00,101.65
2007-07-29,30756.97,3423.69,186.00,99.71
2007-07-30,30544.00,3423.52,185.00,91.13
2007-07-31,30330.15,3423.35,185.00,90.68
2007-08-01,30127.97,3423.19,184.00,96.37
2007-08-02,29924.00,3423.02,180.00,93.02
2007-08-03,29674.06,3422.82,180.00,68.99
2007-08-04,29447.82,3422.64,180.00,80.94
2007-08-05,29256.00,3422.48,180.00,98.21
2007-08-06,29018.00,3422.29,180.00,74.95
2007-08-07,28802.03,3422.11,180.00,86.11
2007-08-08,28592.00,3421.94,180.00,89.11
2007-08-09,28348.00,3421.74,180.00,71.08
2007-08-10,28120.00,3421.55,180.00,79.85
2007-08-11,27904.21,3421.37,180.00,86.17
2007-08-12,27663.91,3421.17,180.00,72.87
2007-08-13,27448.00,3420.99,177.00,83.39
2007-08-14,27232.03,3420.81,177.00,83.11
2007-08-15,27004.06,3420.62,183.00,85.01
2007-08-16,26718.21,3420.38,193.00,64.89
2007-08-17,26461.88,3420.16,195.00,79.77
2007-08-18,26215.00,3419.95,194.00,72.51
2007-08-19,25992.00,3419.76,195.00,79.09
2007-08-20,25745.00,3419.55,193.00,64.56
2007-08-21,25493.08,3419.33,195.00,61.99
2007-08-22,25267.82,3419.14,194.00,75.46
2007-08-23,25014.00,3418.92,195.00,59.92
2007-08-24,24772.00,3418.71,193.00,64.02
2007-08-25,24519.00,3418.49,195.00,57.12
2007-08-26,24262.00,3418.26,191.00,53.43
2007-08-27,23984.00,3418.02,206.00,56.54
2007-08-28,23692.00,3417.76,216.00,58.28
2007-08-29,23400.00,3417.50,216.00,57.06
2007-08-30,23120.00,3417.25,213.00,60.91
2007-08-31,22818.00,3416.98,213.00,49.74
2007-09-01,22521.00,3416.71,213.00,52.26
2007-09-02,22235.00,3416.45,213.00,57.46
2007-09-03,21926.92,3416.17,209.00,44.18
2007-09-04,21641.00,3415.91,209.00,54.35
2007-09-05,21364.87,3415.65,209.00,58.02
2007-09-06,21068.21,3415.38,206.00,45.44
2007-09-07,20770.00,3415.10,213.00,50.57
2007-09-08,20472.05,3414.82,216.00,54.17
2007-09-09,20152.00,3414.52,213.00,40.68
2007-09-10,19854.00,3414.24,213.00,51.76
2007-09-11,19560.00,3413.96,213.00,52.66
2007-09-12,19245.89,3413.66,209.00,40.21
2007-09-13,18969.97,3413.39,209.00,58.61
2007-09-14,18680.03,3413.11,206.00,49.04
2007-09-15,18380.05,3412.82,206.00,43.76
2007-09-16,18090.00,3412.53,206.00,48.19
2007-09-17,17790.00,3412.24,202.00,40.78
2007-09-18,17505.00,3411.95,202.00,48.31
2007-09-19,17229.93,3411.67,198.00,51.55
2007-09-20,16930.17,3411.37,198.00,37.87
2007-09-21,16650.00,3411.09,206.00,53.37
2007-09-22,16340.00,3410.77,206.00,39.86
2007-09-23,16050.00,3410.47,206.00,48.79
2007-09-24,15762.93,3410.17,202.00,48.72
2007-09-25,15470.15,3409.86,202.00,44.39
2007-09-26,15190.00,3409.56,202.00,60.65
2007-09-27,14904.00,3409.26,198.00,54.49
2007-09-28,14640.00,3408.97,189.00,65.40
2007-09-29,14353.91,3408.66,195.00,51.77
2007-09-30,14165.00,3408.45,195.00,100.63
2007-10-01,13949.00,3408.21,195.00,86.10
2007-10-02,13841.00,3408.09,195.00,140.55
2007-10-03,13760.00,3408.00,195.00,154.16
2007-10-04,13571.00,3407.79,192.00,96.71
2007-10-05,13373.00,3407.57,191.00,91.18
2007-10-06,13156.04,3407.32,188.00,78.62
2007-10-07,12960.00,3407.10,188.00,89.16
2007-10-08,12748.12,3406.86,185.00,78.18
2007-10-09,12538.04,3406.62,185.00,79.09
2007-10-10,12341.98,3406.39,185.00,86.15
2007-10-11,12124.06,3406.13,188.00,78.13
2007-10-12,11912.18,3405.88,195.00,88.18
2007-10-13,11680.00,3405.60,197.00,79.94
2007-10-14,11420.00,3405.30,193.00,61.92
2007-10-15,11204.00,3405.03,193.00,84.10
2007-10-16,10962.00,3404.74,190.00,67.99
2007-10-17,10730.00,3404.45,190.00,73.04
2007-10-18,10544.00,3404.23,193.00,99.23
2007-10-19,10592.00,3404.29,196.00,220.20
2007-10-20,10495.94,3404.17,192.00,143.57
2007-10-21,10368.00,3404.01,189.00,124.50
2007-10-22,10256.14,3403.87,189.00,132.60
2007-10-23,10192.00,3403.79,189.00,156.66
2007-10-24,10168.00,3403.76,189.00,176.90
2007-10-25,10087.92,3403.66,187.00,146.63
2007-10-26,9972.50,3403.51,187.00,128.81
2007-10-27,9842.08,3403.34,187.00,121.25
2007-10-28,9697.92,3403.16,185.00,112.32
2007-10-29,9530.00,3402.95,185.00,100.34
2007-10-30,9368.00,3402.74,182.00,100.33
2007-10-31,9196.00,3402.52,182.00,95.28
2007-11-01,9022.00,3402.29,177.00,89.28
2007-11-02,8856.00,3402.07,171.00,87.31
2007-11-03,8678.07,3401.84,171.00,81.29
2007-11-04,8507.02,3401.61,169.00,82.76
2007-11-05,8341.98,3401.39,169.00,85.79
2007-11-06,8167.92,3401.16,166.00,78.25
2007-11-07,8002.00,3400.94,161.00,77.35
2007-11-08,7836.00,3400.72,159.00,75.31
2007-11-09,7694.00,3400.52,159.00,87.41
2007-11-10,7687.00,3400.51,160.00,156.47
2007-11-11,7600.00,3400.40,157.00,113.14
2007-11-12,7640.00,3400.45,153.00,173.17
2007-11-13,7648.00,3400.46,158.00,162.03
2007-11-14,7608.00,3400.41,158.00,137.83
2007-11-15,7648.00,3400.46,158.00,178.17
2007-11-16,8555.97,3401.68,169.00,626.76
2007-11-17,9307.92,3402.66,176.00,555.10
2007-11-18,9834.06,3403.33,179.00,444.26
2007-11-19,10103.96,3403.68,182.00,318.07
2007-11-20,10232.08,3403.84,183.00,247.59
2007-11-21,10296.00,3403.92,183.00,215.23
2007-11-22,10304.00,3403.93,183.00,187.03
2007-11-23,10271.98,3403.89,182.00,165.86
2007-11-24,10232.08,3403.84,182.00,161.88
2007-11-25,10168.00,3403.76,182.00,149.69
2007-11-26,10111.98,3403.69,178.00,149.76
2007-11-27,10040.00,3403.60,178.00,141.71
2007-11-28,9950.00,3403.48,178.00,132.63
2007-11-29,9858.12,3403.36,177.00,130.68
2007-11-30,9754.00,3403.23,174.00,121.51
2007-12-01,9681.88,3403.14,174.00,137.64
2007-12-02,9705.94,3403.17,176.00,188.13
2007-12-03,11438.04,3405.32,197.00,1070.25
2007-12-04,15200.00,3409.57,225.00,2121.63
2007-12-05,17130.00,3411.57,235.00,1208.03
2007-12-06,18090.00,3412.53,242.00,725.99
2007-12-07,18670.00,3413.10,241.00,533.41
2007-12-08,19040.00,3413.46,241.00,427.54
2007-12-09,19267.95,3413.68,240.00,354.92
2007-12-10,19401.03,3413.81,240.00,307.09
2007-12-11,19478.21,3413.88,239.00,277.91
2007-12-12,19456.16,3413.86,239.00,227.88
2007-12-13,19467.19,3413.87,235.00,240.56
2007-12-14,19445.13,3413.85,235.00,223.88
2007-12-15,19412.05,3413.82,234.00,217.32
2007-12-16,19350.00,3413.76,234.00,202.72
2007-12-17,19278.97,3413.69,234.00,198.19
2007-12-18,19256.92,3413.67,233.00,221.88
2007-12-19,19191.03,3413.61,233.00,199.78
2007-12-20,19090.00,3413.51,229.00,178.06
2007-12-21,18940.15,3413.36,228.00,152.45
2007-12-22,18825.00,3413.25,228.00,169.95
2007-12-23,18792.00,3413.22,228.00,211.36
2007-12-24,18749.95,3413.18,227.00,205.80
2007-12-25,18670.00,3413.10,227.00,186.69
2007-12-26,18559.00,3412.99,227.00,171.04
2007-12-27,18460.00,3412.90,223.00,173.09
2007-12-28,18330.00,3412.77,223.00,157.46
2007-12-29,18190.07,3412.63,223.00,152.45
2007-12-30,18110.00,3412.55,223.00,182.63
2007-12-31,17948.97,3412.39,220.00,138.82
2008-01-01,17750.00,3412.20,220.00,119.69
2008-01-02,17590.00,3412.04,220.00,139.33
2008-01-03,17460.00,3411.90,220.00,154.46
2008-01-04,17330.00,3411.77,220.00,154.46
2008-01-05,17160.00,3411.60,217.00,131.29
2008-01-06,16980.00,3411.42,217.00,126.25
2008-01-07,16800.00,3411.24,213.00,122.25
2008-01-08,16670.03,3411.11,213.00,147.47
2008-01-09,16497.00,3410.93,214.00,126.77
2008-01-10,16400.07,3410.83,214.00,165.13
2008-01-11,16219.88,3410.65,214.00,123.16
2008-01-12,16070.00,3410.49,210.00,134.44
2008-01-13,15860.00,3410.27,210.00,104.13
2008-01-14,15709.02,3410.11,210.00,133.88
2008-01-15,15528.00,3409.92,207.00,115.74
2008-01-16,15310.98,3409.69,207.00,97.59
2008-01-17,15085.00,3409.45,207.00,93.07
2008-01-18,14886.00,3409.24,204.00,103.67
2008-01-19,14670.00,3409.00,204.00,95.10
2008-01-20,14435.00,3408.75,204.00,85.52
2008-01-21,14228.00,3408.52,200.00,95.64
2008-01-22,13994.00,3408.26,200.00,82.03
2008-01-23,13769.00,3408.01,201.00,87.56
2008-01-24,13517.00,3407.73,197.00,69.95
2008-01-25,13292.00,3407.48,197.00,83.56
2008-01-26,13131.00,3407.29,197.00,115.83
2008-01-27,12915.00,3407.05,194.00,85.10
2008-01-28,12716.04,3406.82,194.00,93.69
2008-01-29,12529.02,3406.61,194.00,99.71
2008-01-30,12359.00,3406.41,191.00,105.28
2008-01-31,12225.00,3406.25,191.00,123.44
2008-02-01,12028.00,3406.02,188.00,88.68
2008-02-02,11840.00,3405.80,188.00,93.22
2008-02-03,11653.00,3405.57,185.00,90.72
2008-02-04,11447.07,3405.33,185.00,81.18
2008-02-05,11276.04,3405.12,183.00,96.77
2008-02-06,11108.00,3404.92,183.00,98.28
2008-02-07,10986.00,3404.77,183.00,121.49
2008-02-08,10850.00,3404.60,183.00,114.43
2008-02-09,10672.18,3404.38,180.00,90.35
2008-02-10,10536.00,3404.22,180.00,111.34
2008-02-11,10376.00,3404.02,177.00,96.33
2008-02-12,10208.02,3403.81,177.00,92.31
2008-02-13,10040.00,3403.60,174.00,89.29
2008-02-14,9874.16,3403.38,174.00,90.39
2008-02-15,9721.98,3403.19,171.00,94.28
2008-02-16,9554.00,3402.98,171.00,86.31
2008-02-17,9382.00,3402.76,167.00,80.28
2008-02-18,9204.00,3402.53,167.00,77.26
2008-02-19,9038.02,3402.31,164.00,80.32
2008-02-20,8872.00,3402.09,164.00,80.30
2008-02-21,8692.10,3401.86,164.00,73.30
2008-02-22,8521.05,3401.63,162.00,75.76
2008-02-23,8357.00,3401.41,162.00,79.29
2008-02-24,8200.00,3401.20,159.00,79.85
2008-02-25,8034.00,3400.98,159.00,75.31
2008-02-26,7860.00,3400.75,156.00,68.28
2008-02-27,7701.00,3400.53,156.00,75.84
2008-02-28,7544.03,3400.32,154.00,74.86
2008-02-29,7419.90,3400.15,153.00,90.42
2008-03-01,7296.00,3399.98,153.00,90.53
2008-03-02,7170.00,3399.80,155.00,91.48
2008-03-03,7051.88,3399.64,148.00,88.45
2008-03-04,6915.00,3399.45,148.00,78.99
2008-03-05,6789.00,3399.27,146.00,82.48
2008-03-06,6653.00,3399.09,145.00,76.43
2008-03-07,6527.00,3398.91,143.00,79.48
2008-03-08,6436.00,3398.78,143.00,97.12
2008-03-09,6296.00,3398.58,140.00,69.42
2008-03-10,6212.00,3398.46,140.00,97.65
2008-03-11,6142.10,3398.36,140.00,104.76
2008-03-12,6058.00,3398.24,137.00,94.60
2008-03-13,6008.95,3398.17,137.00,112.27
2008-03-14,5953.00,3398.09,137.00,108.79
2008-03-15,5883.00,3397.99,137.00,101.71
2008-03-16,5806.14,3397.88,135.00,96.25
2008-03-17,5722.00,3397.76,134.00,91.58
2008-03-18,5658.95,3397.67,132.00,100.21
2008-03-19,5589.00,3397.57,132.00,96.73
2008-03-20,5540.00,3397.50,132.00,107.30
2008-03-21,5466.14,3397.38,129.00,91.76
2008-03-22,5382.00,3397.26,129.00,86.58
2008-03-23,5354.00,3397.22,129.00,114.88
2008-03-24,5284.03,3397.12,126.00,90.72
2008-03-25,5214.00,3397.02,126.00,90.69
2008-03-26,5158.00,3396.94,126.00,97.77
2008-03-27,5081.05,3396.83,124.00,85.20
2008-03-28,5042.00,3396.77,121.00,101.31
2008-03-29,4971.93,3396.66,121.00,85.67
2008-03-30,4895.00,3396.55,121.00,82.22
2008-03-31,4818.00,3396.44,118.00,79.18
2008-04-01,4741.05,3396.33,118.00,79.20
2008-04-02,4672.00,3396.22,116.00,81.19
2008-04-03,4597.02,3396.11,115.00,77.20
2008-04-04,4520.00,3396.00,113.00,74.17
2008-04-05,4464.00,3395.92,106.00,77.77
2008-04-06,4432.10,3395.87,95.00,78.92
2008-04-07,4396.01,3395.81,93.00,74.80
2008-04-08,4362.00,3395.76,93.00,75.85
2008-04-09,4320.00,3395.70,91.00,69.83
2008-04-10,4291.93,3395.66,91.00,76.85
2008-04-11,4277.90,3395.64,89.00,81.93
2008-04-12,4284.91,3395.65,91.00,94.53
2008-04-13,4348.00,3395.74,92.00,123.81
2008-04-14,4457.00,3395.91,97.00,151.95
2008-04-15,4569.00,3396.07,99.00,155.47
2008-04-16,4672.00,3396.22,101.00,152.93
2008-04-17,4776.14,3396.38,105.00,157.50
2008-04-18,4881.00,3396.53,107.00,159.87
2008-04-19,4971.93,3396.66,109.00,154.84
2008-04-20,5042.00,3396.77,112.00,147.33
2008-04-21,5095.09,3396.85,111.00,137.77
2008-04-22,5151.00,3396.93,111.00,139.19
2008-04-23,5214.00,3397.02,113.00,144.76
2008-04-24,5249.00,3397.07,113.00,130.65
2008-04-25,5277.02,3397.11,113.00,127.13
2008-04-26,5318.95,3397.17,113.00,134.14
2008-04-27,5375.00,3397.25,115.00,143.26
2008-04-28,5510.00,3397.45,120.00,188.06
2008-04-29,5680.00,3397.70,125.00,210.71
2008-04-30,5834.00,3397.92,128.00,205.64
2008-05-01,5981.05,3398.13,130.00,204.14
2008-05-02,6128.07,3398.34,133.00,207.12
2008-05-03,6275.00,3398.55,136.00,210.08
2008-05-04,6471.05,3398.83,139.00,237.84
2008-05-05,6754.00,3399.22,147.00,289.65
2008-05-06,7191.05,3399.83,152.00,372.34
2008-05-07,7757.02,3400.61,162.00,447.34
2008-05-08,8302.08,3401.34,168.00,442.80
2008-05-09,8792.00,3401.99,178.00,425.00
2008-05-10,9323.96,3402.68,184.00,452.19
2008-05-11,9858.12,3403.36,187.00,456.30
2008-05-12,10368.00,3404.01,191.00,448.06
2008-05-13,10913.96,3404.68,194.00,469.25
2008-05-14,11518.00,3405.41,201.00,505.53
2008-05-15,12512.00,3406.59,212.00,713.13
2008-05-16,14246.00,3408.54,241.00,1115.21
2008-05-17,16970.00,3411.41,282.00,1655.33
2008-05-18,20483.08,3414.83,318.00,2089.15
2008-05-19,23597.95,3417.68,331.00,1901.39
2008-05-20,26215.00,3419.95,453.00,1772.41
2008-05-21,27460.00,3421.00,811.00,1438.68
2008-05-22,27784.00,3421.27,1025.00,1188.35
2008-05-23,27712.00,3421.21,1090.00,1053.70
2008-05-24,27484.00,3421.02,1130.00,1015.05
2008-05-25,27568.00,3421.09,1114.00,1156.35
2008-05-26,27904.21,3421.37,1074.00,1243.50
2008-05-27,28348.00,3421.74,1098.00,1321.74
2008-05-28,28730.00,3422.05,1106.00,1298.59
2008-05-29,29172.00,3422.41,1090.00,1312.84
2008-05-30,29424.06,3422.62,1090.00,1217.08
2008-05-31,29611.00,3422.77,1074.00,1168.25
2008-06-01,29698.12,3422.84,1058.00,1101.92
2008-06-02,29686.09,3422.83,1058.00,1051.93
2008-06-03,29585.00,3422.75,1050.00,999.03
2008-06-04,29340.00,3422.55,1050.00,926.48
2008-06-05,28934.00,3422.22,1039.00,834.31
2008-06-06,28826.09,3422.13,849.00,794.60
2008-06-07,28861.88,3422.16,699.00,717.04
2008-06-08,28790.00,3422.10,697.00,660.76
2008-06-09,28790.00,3422.10,694.00,694.00
2008-06-10,28849.85,3422.15,691.00,721.17
2008-06-11,28790.00,3422.10,681.00,650.83
2008-06-12,28670.00,3422.00,678.00,617.50
2008-06-13,28718.00,3422.04,675.00,699.20
2008-06-14,28802.03,3422.11,672.00,714.36
2008-06-15,28946.00,3422.23,677.00,749.58
2008-06-16,29364.00,3422.57,593.00,803.74
2008-06-17,29874.00,3422.98,536.00,793.12
2008-06-18,30403.00,3423.41,481.00,747.70
2008-06-19,30942.13,3423.84,449.00,720.81
2008-06-20,31864.00,3424.57,392.00,856.77
2008-06-21,32813.03,3425.31,368.00,846.46
2008-06-22,33671.00,3425.97,366.00,798.55
2008-06-23,34152.13,3426.34,486.00,728.57
2008-06-24,34243.00,3426.41,644.00,689.81
2008-06-25,34113.03,3426.31,760.00,694.47
2008-06-26,33904.84,3426.15,834.00,729.04
2008-06-27,33814.00,3426.08,834.00,788.20
2008-06-28,34022.00,3426.24,841.00,945.87
2008-06-29,34243.00,3426.41,954.00,1065.42
2008-06-30,34541.81,3426.64,1090.00,1240.65
2008-07-01,34490.00,3426.60,1122.00,1095.88
2008-07-02,34216.97,3426.39,1111.00,973.35
2008-07-03,33970.00,3426.20,1076.00,951.49
2008-07-04,33697.00,3425.99,960.00,822.36
2008-07-05,33554.25,3425.88,732.00,660.03
2008-07-06,33645.00,3425.95,556.00,601.75
2008-07-07,33697.00,3425.99,506.00,532.22
2008-07-08,33710.00,3426.00,509.00,515.55
2008-07-09,33736.00,3426.02,484.00,497.11
2008-07-10,33762.00,3426.04,472.00,485.11
2008-07-11,33671.00,3425.97,470.00,424.12
2008-07-12,33463.03,3425.81,473.00,368.15
2008-07-13,33450.00,3425.80,396.00,389.43
2008-07-14,33489.09,3425.83,353.00,372.71
2008-07-15,33502.13,3425.84,356.00,362.57
2008-07-16,33489.09,3425.83,345.00,338.43
2008-07-17,33476.06,3425.82,328.00,321.43
2008-07-18,33398.00,3425.76,323.00,283.65
2008-07-19,33293.94,3425.68,322.00,269.54
2008-07-20,33164.00,3425.58,321.00,255.49
2008-07-21,33034.00,3425.48,321.00,255.46
2008-07-22,32852.13,3425.34,320.00,228.31
2008-07-23,32748.00,3425.26,279.00,226.50
2008-07-24,32670.00,3425.20,255.00,215.68
2008-07-25,32540.00,3425.10,251.00,185.46
2008-07-26,32420.00,3425.00,250.00,189.50
2008-07-27,32290.00,3424.90,250.00,184.46
2008-07-28,32134.00,3424.78,249.00,170.35
2008-07-29,31990.90,3424.67,248.00,175.85
2008-07-30,31816.00,3424.53,247.00,158.82
2008-07-31,31636.97,3424.39,243.00,152.74
2008-08-01,31472.00,3424.26,242.00,158.83
2008-08-02,31283.03,3424.11,241.00,145.73
2008-08-03,31104.00,3423.97,241.00,150.74
2008-08-04,30890.00,3423.80,240.00,132.11
2008-08-05,30666.06,3423.62,243.00,130.10
2008-08-06,30429.00,3423.43,249.00,129.48
2008-08-07,30179.00,3423.23,248.00,121.96
2008-08-08,29936.00,3423.03,247.00,124.49
2008-08-09,29611.00,3422.77,268.00,104.15
2008-08-10,29280.00,3422.50,279.00,112.12
2008-08-11,28934.00,3422.22,278.00,103.56
2008-08-12,28592.00,3421.94,277.00,104.58
2008-08-13,28251.88,3421.66,276.00,104.53
2008-08-14,27927.97,3421.39,271.00,107.70
2008-08-15,27568.00,3421.09,271.00,89.52
2008-08-16,27208.00,3420.79,270.00,88.50
2008-08-17,26848.00,3420.49,281.00,99.50
2008-08-18,26558.00,3420.24,276.00,129.79
2008-08-19,26193.00,3419.93,275.00,90.98
2008-08-20,25956.00,3419.73,274.00,154.51
2008-08-21,25666.00,3419.48,273.00,126.79
2008-08-22,25352.00,3419.21,268.00,109.69
2008-08-23,25026.00,3418.93,268.00,103.64
2008-08-24,24683.08,3418.63,263.00,90.11
2008-08-25,24376.16,3418.36,262.00,107.26
2008-08-26,24068.00,3418.09,258.00,102.64
2008-08-27,23728.00,3417.79,257.00,85.59
2008-08-28,23411.00,3417.51,256.00,96.18
2008-08-29,23084.00,3417.22,252.00,87.14
2008-08-30,22774.00,3416.94,251.00,94.71
2008-08-31,22389.00,3416.59,247.00,52.90
2008-09-01,22081.03,3416.31,246.00,90.73
2008-09-02,21740.00,3416.00,242.00,70.07
2008-09-03,21420.00,3415.70,241.00,79.67
2008-09-04,21090.00,3415.40,237.00,70.63
2008-09-05,20759.00,3415.09,237.00,70.12
2008-09-06,20439.00,3414.79,241.00,79.67
2008-09-07,20110.00,3414.48,241.00,75.13
2008-09-08,19779.93,3414.17,244.00,77.59
2008-09-09,19478.21,3413.88,248.00,95.89
2008-09-10,19160.00,3413.58,223.00,62.57
2008-09-11,18910.07,3413.33,213.00,87.00
2008-09-12,18630.00,3413.06,212.00,70.80
2008-09-13,18370.03,3412.81,208.00,76.93
2008-09-14,18120.00,3412.56,208.00,81.95
2008-09-15,17861.03,3412.31,208.00,77.44
2008-09-16,17590.00,3412.04,204.00,67.36
2008-09-17,17350.00,3411.79,203.00,82.00
2008-09-18,17080.00,3411.52,203.00,66.88
2008-09-19,16820.00,3411.26,203.00,71.92
2008-09-20,16620.00,3411.06,202.00,101.17
2008-09-21,16390.05,3410.82,198.00,82.07
2008-09-22,16143.00,3410.57,198.00,73.45
2008-09-23,15908.04,3410.32,194.00,75.54
2008-09-24,15660.00,3410.06,194.00,68.95
2008-09-25,15420.02,3409.81,193.00,72.01
2008-09-26,15180.00,3409.55,190.00,68.99
2008-09-27,14940.00,3409.30,190.00,69.00
2008-09-28,14706.00,3409.04,187.00,69.03
2008-09-29,14471.00,3408.79,186.00,67.52
2008-09-30,14228.00,3408.52,183.00,60.49
2008-10-01,14003.00,3408.27,183.00,69.56
2008-10-02,13787.00,3408.03,179.00,70.10
2008-10-03,13598.04,3407.82,179.00,83.73
2008-10-04,13435.87,3407.64,178.00,96.24
2008-10-05,13238.00,3407.42,178.00,78.24
2008-10-06,13086.00,3407.24,174.00,97.37
2008-10-07,12915.00,3407.05,174.00,87.79
2008-10-08,12724.06,3406.83,170.00,73.74
2008-10-09,12529.02,3406.61,170.00,71.67
2008-10-10,12326.14,3406.37,169.00,66.72
2008-10-11,12124.06,3406.13,166.00,64.12
2008-10-12,11930.00,3405.90,165.00,67.16
2008-10-13,11727.92,3405.66,162.00,60.12
2008-10-14,11526.00,3405.42,162.00,60.20
2008-10-15,11323.96,3405.18,159.00,57.14
2008-10-16,11144.00,3404.96,158.00,67.27
2008-10-17,10954.00,3404.73,156.00,60.21
2008-10-18,10762.00,3404.49,155.00,58.20
2008-10-19,10568.00,3404.26,155.00,57.19
2008-10-20,10416.00,3404.07,154.00,77.37
2008-10-21,10232.08,3403.84,154.00,61.28
2008-10-22,10048.02,3403.61,151.00,58.20
2008-10-23,9866.14,3403.37,150.00,58.30
2008-10-24,9713.96,3403.18,148.00,71.28
2008-10-25,9490.00,3402.90,147.00,34.09
2008-10-26,9307.92,3402.66,145.00,53.20
2008-10-27,9117.00,3402.41,150.00,53.75
2008-10-28,8907.90,3402.14,155.00,49.58
2008-10-29,8706.14,3401.88,152.00,50.28
2008-10-30,8514.03,3401.62,150.00,53.15
2008-10-31,8341.98,3401.39,149.00,62.26
2008-11-01,8167.92,3401.16,147.00,59.25
2008-11-02,8034.00,3400.98,147.00,79.48
2008-11-03,7900.00,3400.80,144.00,76.44
2008-11-04,7798.95,3400.67,147.00,96.05
2008-11-05,7648.00,3400.46,144.00,67.90
2008-11-06,7640.00,3400.45,144.00,139.97
2008-11-07,8744.00,3401.93,151.00,707.59
2008-11-08,9276.04,3402.62,159.00,427.23
2008-11-09,9538.00,3402.96,161.00,293.07
2008-11-10,9681.88,3403.14,164.00,236.54
2008-11-11,9874.16,3403.38,166.00,262.94
2008-11-12,13823.00,3408.07,196.00,2186.84
2008-11-13,16340.00,3410.77,221.00,1489.97
2008-11-14,17120.00,3411.56,278.00,671.24
2008-11-15,17340.00,3411.78,342.00,452.92
2008-11-16,17390.07,3411.83,338.00,363.24
2008-11-17,17370.03,3411.81,338.00,327.90
2008-11-18,17219.90,3411.66,338.00,262.31
2008-11-19,17020.00,3411.46,334.00,233.22
2008-11-20,16830.00,3411.27,330.00,234.21
2008-11-21,16590.00,3411.03,329.00,208.00
2008-11-22,16320.00,3410.75,325.00,188.88
2008-11-23,16040.00,3410.46,325.00,183.84
2008-11-24,15744.89,3410.15,321.00,172.22
2008-11-25,15420.02,3409.81,321.00,157.21
2008-11-26,15112.00,3409.48,317.00,161.71
2008-11-27,14778.04,3409.12,313.00,144.63
2008-11-28,14453.00,3408.77,309.00,145.13
2008-11-29,14156.00,3408.44,305.00,155.26
2008-11-30,13885.87,3408.14,305.00,168.81
2008-12-01,13643.15,3407.87,301.00,178.63
2008-12-02,13427.07,3407.63,301.00,192.06
2008-12-03,13247.00,3407.43,251.00,160.22
2008-12-04,13148.02,3407.31,199.00,149.10
2008-12-05,13031.96,3407.18,199.00,140.49
2008-12-06,12888.00,3407.02,199.00,126.42
2008-12-07,12798.00,3406.92,199.00,153.63
2008-12-08,12673.00,3406.77,195.00,131.98
2008-12-09,12529.02,3406.61,195.00,122.41
2008-12-10,12377.00,3406.43,192.00,115.36
2008-12-11,12252.00,3406.28,177.00,113.98
2008-12-12,12216.00,3406.24,160.00,141.85
2008-12-13,12091.00,3406.09,158.00,94.98
2008-12-14,11962.00,3405.94,158.00,92.96
2008-12-15,11832.00,3405.79,158.00,92.46
2008-12-16,11727.92,3405.66,155.00,102.53
2008-12-17,11644.00,3405.56,155.00,112.69
2008-12-18,11558.00,3405.46,155.00,111.64
2008-12-19,11447.07,3405.33,153.00,97.07
2008-12-20,11372.00,3405.24,153.00,115.15
2008-12-21,11276.00,3405.12,153.00,104.60
2008-12-22,11117.00,3404.93,150.00,69.84
2008-12-23,10994.00,3404.78,150.00,87.99
2008-12-24,10946.00,3404.72,150.00,125.80
2008-12-25,10858.02,3404.61,150.00,105.64
2008-12-26,10746.00,3404.47,148.00,91.52
2008-12-27,10738.00,3404.46,150.00,145.97
2008-12-28,10698.00,3404.41,150.00,129.83
2008-12-29,10663.15,3404.37,150.00,132.43
2008-12-30,10600.00,3404.30,148.00,116.16
2008-12-31,10537.34,3404.25,148.00,116.42
2009-01-01,10474.69,3404.25,148.00,116.42
2009-01-02,10412.03,3404.20,148.00,116.42
2009-01-03,10349.37,3404.06,145.00,113.42
2009-01-04,10286.72,3403.87,145.00,113.42
2009-01-05,10224.06,3403.83,145.00,113.42
2009-01-06,10361.62,3403.73,145.00,214.33
2009-01-07,11766.84,3403.87,177.00,885.23
2009-01-08,14630.00,3408.96,210.00,1653.03
2009-01-09,16239.93,3410.67,200.00,1011.66
2009-01-10,17209.88,3411.65,204.00,693.01
2009-01-11,17800.00,3412.25,205.00,502.51
2009-01-12,18290.00,3412.73,209.00,456.04
2009-01-13,18640.00,3413.07,210.00,386.46
2009-01-14,18869.00,3413.29,249.00,364.45
2009-01-15,18940.15,3413.36,295.00,330.87
2009-01-16,18960.20,3413.38,296.00,306.11
2009-01-17,18930.12,3413.35,293.00,277.83
2009-01-18,18858.00,3413.28,293.00,256.64
2009-01-19,18759.97,3413.19,294.00,244.58
2009-01-20,18630.00,3413.06,295.00,229.47
2009-01-21,18460.00,3412.90,292.00,206.29
2009-01-22,18320.00,3412.76,292.00,221.42
2009-01-23,18160.00,3412.60,293.00,212.33
2009-01-24,18010.00,3412.45,290.00,214.38
2009-01-25,17810.00,3412.26,291.00,190.17
2009-01-26,17580.00,3412.03,291.00,175.04
2009-01-27,17403.15,3411.95,288.00,198.87
2009-01-28,17180.05,3411.62,289.00,176.56
2009-01-29,16949.97,3411.39,285.00,169.00
2009-01-30,16780.00,3411.22,244.00,158.31
2009-01-31,16650.00,3411.09,213.00,147.46
2009-02-01,16524.00,3410.96,213.00,149.48
2009-02-02,16390.05,3410.82,210.00,142.47
2009-02-03,16249.95,3410.68,210.00,139.37
2009-02-04,16107.00,3410.53,210.00,137.93
2009-02-05,15962.18,3410.38,210.00,136.99
2009-02-06,15800.00,3410.21,207.00,125.24
2009-02-07,15640.00,3410.04,207.00,126.33
2009-02-08,15470.15,3409.86,207.00,121.37
2009-02-09,15320.00,3409.70,204.00,128.30
2009-02-10,15170.00,3409.54,204.00,128.38
2009-02-11,15029.98,3409.39,191.00,120.41
2009-02-12,14877.00,3409.23,179.00,101.87
2009-02-13,14751.00,3409.09,179.00,115.48
2009-02-14,14630.00,3408.96,179.00,118.00
2009-02-15,14489.02,3408.81,176.00,104.92
2009-02-16,14362.93,3408.67,176.00,112.43
2009-02-17,14219.00,3408.51,176.00,103.44
2009-02-18,14075.11,3408.35,173.00,100.46
2009-02-19,13930.98,3408.19,174.00,101.34
2009-02-20,13778.00,3408.02,174.00,96.87
2009-02-21,13616.09,3407.84,171.00,89.37
2009-02-22,13471.96,3407.68,171.00,98.34
2009-02-23,13346.00,3407.54,171.00,107.50
2009-02-24,13256.00,3407.44,171.00,125.63
2009-02-25,13164.06,3407.33,171.00,124.65
2009-02-26,13031.96,3407.18,168.00,101.40
2009-02-27,12879.00,3407.01,168.00,90.88
2009-02-28,12740.10,3406.85,168.00,97.97
2009-03-01,12582.93,3406.67,165.00,85.76
2009-03-02,12480.00,3406.55,166.00,114.11
2009-03-03,12404.00,3406.46,166.00,127.68
2009-03-04,12278.02,3406.31,166.00,102.49
2009-03-05,12147.92,3406.16,163.00,97.41
2009-03-06,12019.00,3406.01,163.00,98.00
2009-03-07,11894.13,3405.86,156.00,93.05
2009-03-08,11776.00,3405.72,163.00,103.44
2009-03-09,11644.00,3405.56,161.00,94.45
2009-03-10,11510.00,3405.40,161.00,93.44
2009-03-11,11372.00,3405.24,159.00,89.43
2009-03-12,11228.00,3405.06,159.00,86.40
2009-03-13,11090.00,3404.90,159.00,89.43
2009-03-14,10986.00,3404.77,159.00,106.57
2009-03-15,10938.00,3404.71,159.00,134.80
2009-03-16,10842.00,3404.59,156.00,107.60
2009-03-17,10672.18,3404.38,157.00,71.38
2009-03-18,10536.00,3404.22,154.00,85.34
2009-03-19,10424.00,3404.08,154.00,97.53
2009-03-20,10344.00,3403.98,154.00,113.67
2009-03-21,10271.98,3403.89,154.00,117.69
2009-03-22,10176.00,3403.77,147.00,98.61
2009-03-23,10064.06,3403.63,152.00,95.56
2009-03-24,9957.50,3403.49,152.00,98.28
2009-03-25,9866.14,3403.37,152.00,105.94
2009-03-26,9746.00,3403.22,150.00,89.43
2009-03-27,9642.00,3403.09,150.00,97.57
2009-03-28,9554.00,3402.98,150.00,105.63
2009-03-29,9442.08,3402.84,150.00,93.57
2009-03-30,9340.00,3402.70,147.00,95.54
2009-03-31,9260.00,3402.60,148.00,107.67
2009-04-01,9159.00,3402.47,145.00,94.08
2009-04-02,9078.12,3402.36,144.00,103.22
2009-04-03,8966.00,3402.22,144.00,87.47
2009-04-04,8856.00,3402.07,144.00,88.54
2009-04-05,8760.00,3401.95,141.00,92.60
2009-04-06,8664.03,3401.82,141.00,92.62
2009-04-07,8594.00,3401.73,141.00,105.69
2009-04-08,8555.97,3401.68,143.00,123.83
2009-04-09,8534.91,3401.65,143.00,132.38
2009-04-10,8534.91,3401.65,142.00,142.00
2009-04-11,8534.91,3401.65,132.00,132.00
2009-04-12,8642.00,3401.79,147.00,200.99
2009-04-13,8768.00,3401.96,149.00,212.52
2009-04-14,8872.00,3402.09,149.00,201.43
2009-04-15,8942.98,3402.19,148.00,183.79
2009-04-16,9022.00,3402.29,148.00,187.84
2009-04-17,9145.00,3402.45,150.00,212.01
2009-04-18,9260.00,3402.60,150.00,207.98
2009-04-19,9396.00,3402.78,152.00,220.57
2009-04-20,9642.00,3403.09,157.00,281.02
2009-04-21,10128.00,3403.71,162.00,407.02
2009-04-22,10818.00,3404.56,170.00,517.87
2009-04-23,11429.02,3405.31,176.00,484.05
2009-04-24,11954.00,3405.93,181.00,445.67
2009-04-25,12359.00,3406.41,181.00,385.18
2009-04-26,12716.04,3406.82,184.00,364.01
2009-04-27,13040.98,3407.19,186.00,349.82
2009-04-28,13319.00,3407.51,186.00,326.17
2009-04-29,13553.00,3407.77,185.00,302.97
2009-04-30,13760.00,3408.00,184.00,288.36
2009-05-01,13930.98,3408.19,183.00,269.20
2009-05-02,14183.00,3408.47,185.00,312.06
2009-05-03,14480.00,3408.80,187.00,336.74
2009-05-04,14850.00,3409.20,188.00,374.54
2009-05-05,15420.02,3409.81,197.00,484.38
2009-05-06,16080.00,3410.50,202.00,534.74
2009-05-07,16790.00,3411.23,240.00,597.95
2009-05-08,16990.00,3411.43,407.00,507.83
2009-05-09,16890.07,3411.33,526.00,475.62
2009-05-10,16790.00,3411.23,526.00,475.55
2009-05-11,17050.00,3411.49,407.00,538.08
2009-05-12,17560.00,3412.01,304.00,561.12
2009-05-13,18170.03,3412.61,237.00,544.55
2009-05-14,18847.00,3413.27,243.00,584.30
2009-05-15,19434.11,3413.84,241.00,537.00
2009-05-16,20050.00,3414.42,240.00,550.51
2009-05-17,20991.03,3415.31,245.00,719.43
2009-05-18,22598.00,3416.78,255.00,1065.17
2009-05-19,24497.00,3418.47,275.00,1232.40
2009-05-20,25471.03,3419.31,426.00,917.07
2009-05-21,25920.00,3419.70,573.00,799.35
2009-05-22,26378.00,3420.09,570.00,800.90
2009-05-23,27039.85,3420.65,574.00,907.68
2009-05-24,27916.23,3421.38,572.00,1013.84
2009-05-25,28837.82,3422.14,575.00,1039.63
2009-05-26,29459.85,3422.65,707.00,1020.60
2009-05-27,29835.00,3422.95,837.00,1026.14
2009-05-28,30257.00,3423.29,876.00,1088.76
2009-05-29,31056.00,3423.93,954.00,1356.82
2009-05-30,32212.13,3424.84,970.00,1552.87
2009-05-31,33241.81,3425.64,986.00,1505.12
2009-06-01,34126.06,3426.32,1018.00,1463.80
2009-06-02,34648.00,3426.72,1098.00,1361.14
2009-06-03,34773.03,3426.81,1194.00,1257.04
2009-06-04,34799.09,3426.83,1210.00,1223.14
2009-06-05,35020.00,3427.00,1178.00,1289.37
2009-06-06,34903.00,3426.91,1258.00,1199.01
2009-06-07,34412.00,3426.54,1202.00,954.46
2009-06-08,34022.00,3426.24,1066.00,869.38
2009-06-09,33723.00,3426.01,978.00,827.26
2009-06-10,33632.00,3425.94,855.00,809.12
2009-06-11,33684.00,3425.98,778.00,804.22
2009-06-12,33684.00,3425.98,785.00,785.00
2009-06-13,33723.00,3426.01,785.00,804.66
2009-06-14,33749.00,3426.03,778.00,791.11
2009-06-15,33827.00,3426.09,771.00,810.32
2009-06-16,33801.00,3426.07,771.00,757.89
2009-06-17,33788.00,3426.06,687.00,680.45
2009-06-18,33891.81,3426.14,570.00,622.34
2009-06-19,34126.06,3426.32,512.00,630.10
2009-06-20,34269.00,3426.43,490.00,562.06
2009-06-21,34295.00,3426.45,492.00,505.11
2009-06-22,34165.16,3426.35,488.00,422.54
2009-06-23,34009.00,3426.23,460.00,381.27
2009-06-24,33956.97,3426.19,433.00,406.77
2009-06-25,33956.97,3426.19,406.00,406.00
2009-06-26,33943.94,3426.18,380.00,373.43
2009-06-27,33956.97,3426.19,369.00,375.57
2009-06-28,33956.97,3426.19,367.00,367.00
2009-06-29,33930.91,3426.17,365.00,351.86
2009-06-30,33866.06,3426.12,364.00,331.31
2009-07-01,33814.00,3426.08,340.00,313.75
2009-07-02,33840.00,3426.10,294.00,307.11
2009-07-03,33930.91,3426.17,254.00,299.83
2009-07-04,34009.00,3426.23,263.00,302.37
2009-07-05,34035.00,3426.25,262.00,275.11
2009-07-06,34022.00,3426.24,260.00,253.45
2009-07-07,33956.97,3426.19,259.00,226.21
2009-07-08,33827.00,3426.09,258.00,192.47
2009-07-09,33788.00,3426.06,211.00,191.34
2009-07-10,33827.00,3426.09,165.00,184.66
2009-07-11,33853.03,3426.11,182.00,195.12
2009-07-12,33853.03,3426.11,206.00,206.00
2009-07-13,33853.03,3426.11,201.00,201.00
2009-07-14,33840.00,3426.10,200.00,193.43
2009-07-15,33801.00,3426.07,186.00,166.34
2009-07-16,33749.00,3426.03,198.00,171.78
2009-07-17,33658.00,3425.96,194.00,148.12
2009-07-18,33593.00,3425.91,194.00,161.23
2009-07-19,33489.09,3425.83,194.00,141.61
2009-07-20,33372.00,3425.74,194.00,134.97
2009-07-21,33241.81,3425.64,193.00,127.36
2009-07-22,33125.00,3425.55,193.00,134.11
2009-07-23,32956.00,3425.42,190.00,104.80
2009-07-24,32826.06,3425.32,190.00,124.49
2009-07-25,32656.97,3425.19,190.00,104.75
2009-07-26,32528.00,3425.09,190.00,124.98
2009-07-27,32368.00,3424.96,189.00,108.33
2009-07-28,32199.10,3424.83,189.00,103.85
2009-07-29,32016.97,3424.69,189.00,97.18
2009-07-30,31852.00,3424.56,186.00,102.83
2009-07-31,31689.00,3424.43,185.00,102.82
2009-08-01,31484.00,3424.27,182.00,78.65
2009-08-02,31296.06,3424.12,182.00,87.25
2009-08-03,31080.00,3423.95,179.00,70.07
2009-08-04,30890.00,3423.80,179.00,83.21
2009-08-05,30592.00,3423.56,207.00,56.76
2009-08-06,30282.03,3423.31,242.00,85.73
2009-08-07,29960.00,3423.05,242.00,79.65
2009-08-08,29650.00,3422.80,241.00,84.71
2009-08-09,29340.00,3422.55,241.00,84.71
2009-08-10,29018.00,3422.29,237.00,74.66
2009-08-11,28730.00,3422.05,237.00,91.80
2009-08-12,28456.09,3421.83,238.00,99.91
2009-08-13,28180.00,3421.60,218.00,78.81
2009-08-14,27940.00,3421.40,205.00,84.00
2009-08-15,27675.94,3421.18,206.00,72.87
2009-08-16,27424.00,3420.97,203.00,75.98
2009-08-17,27184.00,3420.77,201.00,80.00
2009-08-18,26920.00,3420.55,202.00,68.90
2009-08-19,26685.13,3420.35,203.00,84.59
2009-08-20,26426.09,3420.13,204.00,73.40
2009-08-21,26171.00,3419.91,205.00,76.39
2009-08-22,25895.94,3419.68,206.00,67.33
2009-08-23,25630.00,3419.45,203.00,68.92
2009-08-24,25376.00,3419.23,204.00,75.94
2009-08-25,25121.00,3419.01,205.00,76.44
2009-08-26,24832.00,3418.76,202.00,56.30
2009-08-27,24578.00,3418.54,193.00,64.94
2009-08-28,24365.13,3418.35,204.00,96.68
2009-08-29,24068.00,3418.09,205.00,55.20
2009-08-30,23817.19,3417.87,206.00,79.55
2009-08-31,23553.84,3417.64,185.00,52.23
2009-09-01,23312.00,3417.42,201.00,79.07
2009-09-02,23037.95,3417.18,195.00,56.84
2009-09-03,22807.00,3416.97,196.00,79.56
2009-09-04,22587.00,3416.77,197.00,86.08
2009-09-05,22367.00,3416.57,198.00,87.08
2009-09-06,22257.00,3416.47,199.00,143.54
2009-09-07,22048.00,3416.28,200.00,94.63
2009-09-08,21828.00,3416.08,198.00,87.08
2009-09-09,21618.97,3415.89,199.00,93.62
2009-09-10,21386.92,3415.67,195.00,78.01
2009-09-11,21156.00,3415.46,195.00,78.58
2009-09-12,20910.00,3415.23,195.00,70.98
2009-09-13,20704.00,3415.04,191.00,87.14
2009-09-14,20450.00,3414.80,191.00,62.94
2009-09-15,20196.00,3414.56,188.00,59.94
2009-09-16,19975.13,3414.35,188.00,76.65
2009-09-17,19720.03,3414.11,188.00,59.39
2009-09-18,19488.97,3413.89,185.00,68.51
2009-09-19,19256.92,3413.67,185.00,68.01
2009-09-20,19010.00,3413.43,184.00,59.51
2009-09-21,18770.00,3413.20,181.00,60.00
2009-09-22,18537.00,3412.97,181.00,63.53
2009-09-23,18300.00,3412.74,181.00,61.51
2009-09-24,18070.00,3412.51,178.00,62.04
2009-09-25,17830.00,3412.28,178.00,57.00
2009-09-26,17580.00,3412.03,178.00,51.96
2009-09-27,17370.03,3411.81,174.00,68.14
2009-09-28,17130.00,3411.57,174.00,52.99
2009-09-29,16900.10,3411.34,174.00,58.09
2009-09-30,16670.03,3411.11,171.00,55.01
2009-10-01,16440.17,3410.87,168.00,52.11
2009-10-02,16209.85,3410.64,168.00,51.88
2009-10-03,16000.00,3410.42,168.00,62.20
2009-10-04,15780.98,3410.19,167.00,56.58
2009-10-05,15555.00,3409.95,164.00,50.07
2009-10-06,15347.00,3409.73,164.00,59.13
2009-10-07,15130.00,3409.50,164.00,54.60
2009-10-08,14895.00,3409.25,161.00,42.52
2009-10-09,14660.00,3408.99,175.00,56.52
2009-10-10,14399.00,3408.71,184.00,52.41
2009-10-11,14147.00,3408.43,181.00,53.95
2009-10-12,13894.89,3408.15,181.00,53.90
2009-10-13,13688.00,3407.92,163.00,58.69
2009-10-14,13607.07,3407.83,143.00,102.20
2009-10-15,13490.00,3407.70,142.00,82.98
2009-10-16,13355.00,3407.55,140.00,71.94
2009-10-17,13274.00,3407.46,140.00,99.16
2009-10-18,13148.02,3407.31,141.00,77.49
2009-10-19,13013.91,3407.16,138.00,70.39
2009-10-20,12861.00,3406.99,139.00,61.91
2009-10-21,12748.12,3406.86,141.00,84.09
2009-10-22,12600.98,3406.69,142.00,67.82
2009-10-23,12555.87,3406.64,144.00,121.26
2009-10-24,12431.00,3406.49,145.00,82.05
2009-10-25,12294.06,3406.33,142.00,72.96
2009-10-26,12512.00,3406.59,148.00,257.88
2009-10-27,12520.00,3406.60,148.00,152.03
2009-10-28,12480.00,3406.55,146.00,125.83
2009-10-29,12448.00,3406.51,146.00,129.87
2009-10-30,12564.89,3406.65,149.00,207.93
2009-10-31,13140.00,3407.30,151.00,440.95
2009-11-01,13301.00,3407.49,152.00,233.17
2009-11-02,13355.00,3407.55,152.00,179.22
2009-11-03,13355.00,3407.55,152.00,152.00
2009-11-04,13328.00,3407.52,155.00,141.39
2009-11-05,13364.00,3407.56,150.00,168.15
2009-11-06,13571.00,3407.79,150.00,254.36
2009-11-07,13688.00,3407.92,149.00,207.99
2009-11-08,13742.00,3407.98,149.00,176.22
2009-11-09,13769.00,3408.01,146.00,159.61
2009-11-10,13778.00,3408.02,149.00,153.54
2009-11-11,13769.00,3408.01,146.00,141.46
2009-11-12,13733.00,3407.97,146.00,127.85
2009-11-13,13706.00,3407.94,145.00,131.39
2009-11-14,13634.13,3407.86,145.00,108.77
2009-11-15,13625.11,3407.85,145.00,140.45
2009-11-16,13841.00,3408.09,150.00,258.84
2009-11-17,14525.11,3408.85,157.00,501.90
2009-11-18,14913.00,3409.27,144.00,339.56
2009-11-19,15356.00,3409.74,141.00,364.34
2009-11-20,15727.07,3410.13,141.00,328.08
2009-11-21,15970.98,3410.39,141.00,263.97
2009-11-22,16229.90,3410.66,141.00,271.54
2009-11-23,16209.85,3410.64,223.00,212.89
2009-11-24,16030.00,3410.45,341.00,250.33
2009-11-25,15899.02,3410.31,337.00,270.97
2009-11-26,15820.00,3410.23,336.00,296.16
2009-11-27,15744.89,3410.15,366.00,328.13
2009-11-28,15573.00,3409.97,384.00,297.34
2009-11-29,15320.00,3409.70,379.00,251.45
2009-11-30,15076.00,3409.44,369.00,245.99
2009-12-01,14980.10,3409.34,256.00,207.65
2009-12-02,15029.98,3409.39,158.00,183.15
2009-12-03,15049.00,3409.41,158.00,167.59
2009-12-04,15049.00,3409.41,157.00,157.00
2009-12-05,15049.00,3409.41,154.00,154.00
2009-12-06,14970.07,3409.33,153.00,113.21
2009-12-07,14877.00,3409.23,152.00,105.08
2009-12-08,14778.00,3409.12,151.00,101.09
2009-12-09,14679.00,3409.01,150.00,100.09
2009-12-10,14600.00,3408.93,149.00,109.17
2009-12-11,14525.11,3408.85,146.00,108.24
2009-12-12,14444.00,3408.76,145.00,104.11
2009-12-13,14362.93,3408.67,144.00,103.13
2009-12-14,14335.87,3408.64,143.00,129.36
2009-12-15,14282.00,3408.58,157.00,129.84
2009-12-16,14255.00,3408.55,166.00,152.39
2009-12-17,14165.00,3408.45,165.00,119.63
2009-12-18,14066.09,3408.34,164.00,114.13
2009-12-19,13877.07,3408.13,248.00,152.70
2009-12-20,13760.00,3408.00,321.00,261.98
2009-12-21,14057.07,3408.33,323.00,472.77
2009-12-22,14156.00,3408.44,321.00,370.88
2009-12-23,14093.15,3408.37,320.00,288.31
2009-12-24,13976.00,3408.24,314.00,254.94
2009-12-25,13796.00,3408.04,313.00,222.25
2009-12-26,13553.00,3407.77,311.00,188.49
2009-12-27,13292.00,3407.48,306.00,174.41
2009-12-28,13050.00,3407.20,304.00,181.99
2009-12-29,12915.00,3407.05,232.00,163.94
2009-12-30,12861.00,3406.99,174.00,146.78
2009-12-31,12870.00,3407.00,173.00,177.54
2010-01-01,12897.00,3407.03,172.00,185.61
2010-01-02,12915.00,3407.05,171.00,180.07
2010-01-03,12897.00,3407.03,170.00,160.93
2010-01-04,12879.00,3407.01,206.00,196.93
2010-01-05,12960.00,3407.10,247.00,287.84
2010-01-06,13104.00,3407.26,245.00,317.60
2010-01-07,13131.00,3407.29,251.00,264.61
2010-01-08,13156.04,3407.32,259.00,271.62
2010-01-09,13140.00,3407.30,260.00,251.91
2010-01-10,13077.00,3407.23,260.00,228.24
2010-01-11,12995.87,3407.14,261.00,220.10
2010-01-12,12969.02,3407.11,262.00,248.46
2010-01-13,13031.96,3407.18,266.00,297.73
2010-01-14,13068.00,3407.22,267.00,285.17
2010-01-15,13122.00,3407.28,268.00,295.22
2010-01-16,13148.02,3407.31,269.00,282.12
2010-01-17,13156.04,3407.32,274.00,278.04
2010-01-18,13113.00,3407.27,270.00,248.30
2010-01-19,13068.00,3407.22,271.00,248.31
2010-01-20,12978.04,3407.12,272.00,226.65
2010-01-21,12852.00,3406.98,269.00,205.46
2010-01-22,12740.10,3406.85,262.00,205.58
2010-01-23,12600.98,3406.69,263.00,192.86
2010-01-24,12488.00,3406.56,267.00,210.04
2010-01-25,12377.00,3406.43,250.00,194.04
2010-01-26,12278.02,3406.31,233.00,183.10
2010-01-27,12234.00,3406.26,189.00,166.81
2010-01-28,12234.00,3406.26,152.00,152.00
2010-01-29,12225.00,3406.25,152.00,147.46
2010-01-30,12225.00,3406.25,152.00,152.00
2010-01-31,12198.00,3406.22,151.00,137.39
2010-02-01,12163.96,3406.18,149.00,131.84
2010-02-02,12131.88,3406.14,148.00,131.83
2010-02-03,12091.00,3406.09,145.00,124.39
2010-02-04,12064.00,3406.06,145.00,131.39
2010-02-05,12019.00,3406.01,145.00,122.31
2010-02-06,11954.00,3405.93,142.00,109.23
2010-02-07,11903.15,3405.87,142.00,116.36
2010-02-08,11840.00,3405.80,142.00,110.16
2010-02-09,11776.00,3405.72,141.00,108.73
2010-02-10,11719.90,3405.65,141.00,112.72
2010-02-11,11696.04,3405.62,141.00,128.97
2010-02-12,11696.04,3405.62,140.00,140.00
2010-02-13,11688.02,3405.61,140.00,135.96
2010-02-14,11735.94,3405.67,142.00,166.16
2010-02-15,11751.98,3405.69,142.00,150.09
2010-02-16,11824.00,3405.78,142.00,178.31
2010-02-17,11876.09,3405.84,141.00,167.26
2010-02-18,11903.15,3405.87,141.00,154.64
2010-02-19,11912.18,3405.88,141.00,145.55
2010-02-20,11920.98,3405.89,141.00,145.44
2010-02-21,11903.15,3405.87,140.00,131.01
2010-02-22,11885.11,3405.85,137.00,127.90
2010-02-23,11867.07,3405.83,138.00,128.90
2010-02-24,11867.07,3405.83,141.00,141.00
2010-02-25,11840.00,3405.80,139.00,125.35
2010-02-26,11840.00,3405.80,142.00,142.00
2010-02-27,11824.00,3405.78,143.00,134.93
2010-02-28,11792.00,3405.74,141.00,124.87
2010-03-01,11760.00,3405.70,142.00,125.87
2010-03-02,11743.96,3405.68,142.00,133.91
2010-03-03,11735.94,3405.67,145.00,140.96
2010-03-04,11719.90,3405.65,143.00,134.91
2010-03-05,11696.04,3405.62,144.00,131.97
2010-03-06,11671.00,3405.59,145.00,132.38
2010-03-07,11653.00,3405.57,145.00,135.93
2010-03-08,11617.00,3405.53,146.00,127.85
2010-03-09,11582.00,3405.49,146.00,128.35
2010-03-10,11558.00,3405.46,144.00,131.90
2010-03-11,11558.00,3405.46,147.00,147.00
2010-03-12,11566.00,3405.47,147.00,151.03
2010-03-13,11542.00,3405.44,147.00,134.90
2010-03-14,11500.98,3405.39,144.00,123.32
2010-03-15,11456.09,3405.34,143.00,120.37
2010-03-16,11429.02,3405.31,143.00,129.35
2010-03-17,11388.00,3405.26,142.00,121.32
2010-03-18,11356.00,3405.22,142.00,125.87
2010-03-19,11307.92,3405.16,141.00,116.76
2010-03-20,11260.00,3405.10,141.00,116.84
2010-03-21,11276.04,3405.12,141.00,149.09
2010-03-22,11284.06,3405.13,140.00,144.04
2010-03-23,11276.04,3405.12,140.00,135.96
2010-03-24,11276.04,3405.12,139.00,139.00
2010-03-25,11299.90,3405.15,141.00,153.03
2010-03-26,11331.98,3405.19,141.00,157.17
2010-03-27,11331.98,3405.19,140.00,140.00
2010-03-28,11420.00,3405.30,140.00,184.38
2010-03-29,11626.00,3405.54,147.00,250.86
2010-03-30,11719.90,3405.65,144.00,191.34
2010-03-31,11768.00,3405.71,144.00,168.25
2010-04-01,11816.00,3405.77,143.00,167.20
2010-04-02,11920.98,3405.89,143.00,195.93
2010-04-03,11938.00,3405.91,142.00,150.58
2010-04-04,11962.00,3405.94,142.00,154.10
2010-04-05,11970.00,3405.95,141.00,145.03
2010-04-06,11986.00,3405.97,139.00,147.07
2010-04-07,12028.00,3406.02,141.00,162.17
2010-04-08,12073.00,3406.07,143.00,165.69
2010-04-09,12082.00,3406.08,140.00,144.54
2010-04-10,12064.00,3406.06,139.00,129.93
2010-04-11,11912.18,3405.88,211.00,134.46
2010-04-12,11608.00,3405.52,310.00,156.64
2010-04-13,11307.92,3405.16,306.00,154.71
2010-04-14,10866.04,3404.62,372.00,149.22
2010-04-15,10336.00,3403.97,431.00,163.78
2010-04-16,9842.08,3403.34,421.00,171.99
2010-04-17,9418.02,3402.81,412.00,198.21
2010-04-18,9340.00,3402.70,263.00,223.67
2010-04-19,9546.00,3402.97,154.00,257.86
2010-04-20,9942.50,3403.47,159.00,358.90
2010-04-21,10528.00,3404.21,170.00,465.19
2010-04-22,11042.08,3404.84,174.00,433.18
2010-04-23,11518.00,3405.41,180.00,419.94
2010-04-24,11930.00,3405.90,183.00,390.71
2010-04-25,12286.04,3406.32,187.00,366.50
2010-04-26,12600.98,3406.69,187.00,345.78
2010-04-27,12987.07,3407.13,190.00,384.65
2010-04-28,13355.00,3407.55,191.00,376.50
2010-04-29,13697.00,3407.93,170.00,342.42
2010-04-30,14030.00,3408.30,154.00,321.89
2010-05-01,14335.87,3408.64,155.00,309.21
2010-05-02,14679.00,3409.01,155.00,327.99
2010-05-03,15274.89,3409.65,160.00,460.42
2010-05-04,15680.00,3410.08,160.00,364.24
2010-05-05,15980.00,3410.40,161.00,312.25
2010-05-06,16180.02,3410.61,187.00,287.84
2010-05-07,16080.00,3410.50,335.00,284.57
2010-05-08,15771.96,3410.18,433.00,277.70
2010-05-09,15499.98,3409.89,428.00,290.88
2010-05-10,15320.00,3409.70,429.00,338.26
2010-05-11,15140.00,3409.51,424.00,333.25
2010-05-12,15029.98,3409.39,430.00,374.53
2010-05-13,15140.00,3409.51,364.00,419.47
2010-05-14,15670.00,3410.07,228.00,495.20
2010-05-15,16551.00,3410.99,176.00,620.16
2010-05-16,17670.05,3412.12,185.00,749.18
2010-05-17,19110.00,3413.53,195.00,920.96
2010-05-18,20781.03,3415.11,217.00,1059.47
2010-05-19,22433.08,3416.63,228.00,1060.90
2010-05-20,23850.00,3417.90,232.00,946.35
2010-05-21,24891.03,3418.81,233.00,757.84
2010-05-22,25630.00,3419.45,230.00,602.56
2010-05-23,26226.00,3419.96,227.00,527.48
2010-05-24,26728.97,3420.39,228.00,481.58
2010-05-25,27184.00,3420.77,228.00,457.41
2010-05-26,27736.00,3421.23,229.00,507.30
2010-05-27,28408.00,3421.79,237.00,575.80
2010-05-28,29030.00,3422.30,293.00,606.59
2010-05-29,29471.88,3422.66,346.00,568.78
2010-05-30,29835.00,3422.95,352.00,535.07
2010-05-31,30318.12,3423.34,353.00,596.57
2010-06-01,30903.03,3423.81,354.00,648.89
2010-06-02,32368.00,3424.96,372.00,1110.58
2010-06-03,33476.06,3425.82,570.00,1128.64
2010-06-04,33879.09,3426.13,872.00,1075.19
2010-06-05,34009.00,3426.23,867.00,932.50
2010-06-06,34360.00,3426.50,826.00,1002.96
2010-06-07,34554.84,3426.65,986.00,1084.23
2010-06-08,34243.00,3426.41,1124.00,966.78
2010-06-09,34216.97,3426.39,1126.00,1112.88
2010-06-10,34035.00,3426.25,1119.00,1027.26
2010-06-11,33814.00,3426.08,1025.00,913.58
2010-06-12,33684.00,3425.98,962.00,896.46
2010-06-13,33762.00,3426.04,972.00,1011.32
2010-06-14,33917.87,3426.16,941.00,1019.58
2010-06-15,33827.00,3426.09,895.00,849.19
2010-06-16,33671.00,3425.97,756.00,677.35
2010-06-17,33671.00,3425.97,556.00,556.00
2010-06-18,33736.00,3426.02,481.00,513.77
2010-06-19,33970.00,3426.18,482.00,599.97
2010-06-20,34216.97,3426.39,488.00,612.51
2010-06-21,34451.00,3426.57,495.00,612.99
2010-06-22,34516.06,3426.62,631.00,663.80
2010-06-23,34477.00,3426.59,772.00,752.31
2010-06-24,34554.84,3426.65,809.00,848.24
2010-06-25,34490.00,3426.60,910.00,877.31
2010-06-26,34113.03,3426.31,1032.00,841.95
2010-06-27,33853.03,3426.11,906.00,774.92
2010-06-28,33970.00,3426.20,716.00,774.97
2010-06-29,34087.00,3426.29,668.00,726.99
2010-06-30,34087.00,3426.29,589.00,589.00
2010-07-01,34074.00,3426.28,506.00,499.45
2010-07-02,34048.00,3426.26,475.00,461.89
2010-07-03,33996.00,3426.22,446.00,419.78
2010-07-04,33930.91,3426.17,442.00,409.18
2010-07-05,33930.91,3426.17,388.00,388.00
2010-07-06,34074.00,3426.28,324.00,396.14
2010-07-07,34282.00,3426.44,329.00,433.87
2010-07-08,34360.00,3426.50,405.00,444.32
2010-07-09,34399.00,3426.53,476.00,495.66
2010-07-10,34399.00,3426.53,477.00,477.00
2010-07-11,34373.00,3426.51,478.00,464.89
2010-07-12,34216.97,3426.39,513.00,434.34
2010-07-13,34048.00,3426.26,455.00,369.81
2010-07-14,33904.84,3426.15,391.00,318.82
2010-07-15,33840.00,3426.10,339.00,306.31
2010-07-16,33814.00,3426.08,300.00,286.89
2010-07-17,33827.00,3426.09,276.00,282.55
2010-07-18,33814.00,3426.08,258.00,251.45
2010-07-19,33788.00,3426.06,259.00,245.89
2010-07-20,33749.00,3426.03,259.00,239.34
2010-07-21,33684.00,3425.98,257.00,224.23
2010-07-22,33580.00,3425.90,257.00,204.57
2010-07-23,33502.13,3425.84,258.00,218.74
2010-07-24,33372.00,3425.74,255.00,189.39
2010-07-25,33229.09,3425.63,256.00,183.95
2010-07-26,33073.00,3425.51,257.00,178.31
2010-07-27,32891.22,3425.37,258.00,166.35
2010-07-28,32826.06,3425.32,255.00,222.15
2010-07-29,32630.90,3425.17,256.00,157.61
2010-07-30,32456.00,3425.03,257.00,168.82
2010-07-31,32251.22,3424.87,257.00,153.76
2010-08-01,32016.97,3424.69,258.00,139.90
2010-08-02,31816.00,3424.53,256.00,154.68
2010-08-03,31572.13,3424.34,256.00,133.05
2010-08-04,31347.87,3424.16,250.00,136.94
2010-08-05,31116.00,3423.98,244.00,127.10
2010-08-06,30878.00,3423.79,244.00,124.01
2010-08-07,30628.00,3423.59,248.00,121.96
2010-08-08,30366.23,3423.38,248.00,116.03
2010-08-09,30115.94,3423.18,249.00,122.81
2010-08-10,29861.00,3422.97,245.00,116.47
2010-08-11,29611.00,3422.77,245.00,118.96
2010-08-12,29328.00,3422.54,246.00,103.32
2010-08-13,29082.13,3422.34,235.00,111.04
2010-08-14,28814.06,3422.12,229.00,93.85
2010-08-15,28527.97,3421.89,229.00,84.77
2010-08-16,28275.94,3421.68,233.00,105.94
2010-08-17,28000.00,3421.45,229.00,89.88
2010-08-18,27748.00,3421.24,230.00,102.95
2010-08-19,27448.00,3420.99,230.00,78.75
2010-08-20,27160.00,3420.75,230.00,84.80
2010-08-21,26860.00,3420.50,231.00,79.75
2010-08-22,26594.00,3420.27,231.00,96.89
2010-08-23,26294.00,3420.02,228.00,76.75
2010-08-24,26028.00,3419.79,228.00,93.89
2010-08-25,25756.00,3419.56,228.00,90.87
2010-08-26,25482.05,3419.32,225.00,86.89
2010-08-27,25198.00,3419.08,225.00,81.79
2010-08-28,24913.08,3418.83,222.00,78.35
2010-08-29,24638.00,3418.59,222.00,83.32
2010-08-30,24376.16,3418.36,219.00,86.99
2010-08-31,24145.89,3418.16,219.00,102.91
2010-09-01,23894.00,3417.94,219.00,92.01
2010-09-02,23668.00,3417.74,220.00,106.06
2010-09-03,23422.00,3417.52,216.00,91.98
2010-09-04,23156.00,3417.28,217.00,82.89
2010-09-05,22873.00,3417.03,217.00,74.32
2010-09-06,22620.00,3416.80,214.00,86.45
2010-09-07,22411.03,3416.61,217.00,111.65
2010-09-08,22202.00,3416.42,218.00,112.62
2010-09-09,21971.00,3416.21,214.00,97.54
2010-09-10,21718.00,3415.98,215.00,87.45
2010-09-11,21480.00,3415.76,215.00,95.01
2010-09-12,21222.00,3415.52,212.00,81.93
2010-09-13,20970.00,3415.29,212.00,84.95
2010-09-14,20737.00,3415.07,212.00,94.53
2010-09-15,20516.16,3414.86,212.00,100.66
2010-09-16,20260.05,3414.62,209.00,79.88
2010-09-17,20080.00,3414.45,208.00,117.23
2010-09-18,19876.00,3414.26,208.00,105.15
2010-09-19,19699.00,3414.09,207.00,117.76
2010-09-20,19560.00,3413.96,206.00,135.92
2010-09-21,19380.00,3413.79,202.00,111.25
2010-09-22,19180.00,3413.60,201.00,100.17
2010-09-23,18980.00,3413.40,200.00,99.17
2010-09-24,18781.00,3413.21,200.00,99.67
2010-09-25,18570.00,3413.00,195.00,88.62
2010-09-26,18390.07,3412.83,194.00,103.29
2010-09-27,18199.85,3412.64,194.00,98.10
2010-09-28,17990.00,3412.43,193.00,87.20
2010-09-29,17770.00,3412.22,190.00,79.08
2010-09-30,17570.00,3412.02,186.00,85.17
2010-10-01,17350.00,3411.79,186.00,75.08
2010-10-02,17110.00,3411.55,183.00,62.00
2010-10-03,16900.10,3411.34,182.00,76.18
2010-10-04,16660.00,3411.10,182.00,60.95
2010-10-05,16440.17,3410.87,178.00,67.17
2010-10-06,16219.88,3410.65,178.00,66.94
2010-10-07,16000.00,3410.42,177.00,66.15
2010-10-08,15771.96,3410.18,174.00,59.03
2010-10-09,15650.00,3410.05,173.00,111.51
2010-10-10,15700.00,3410.10,176.00,201.21
2010-10-11,15620.00,3410.02,172.00,131.67
2010-10-12,15510.00,3409.90,172.00,116.54
2010-10-13,15365.00,3409.75,171.00,97.90
2010-10-14,15230.00,3409.60,168.00,99.94
2010-10-15,15040.00,3409.40,169.00,73.21
2010-10-16,14868.00,3409.22,169.00,82.28
2010-10-17,14688.00,3409.02,170.00,79.25
2010-10-18,14507.07,3408.83,167.00,75.78
2010-10-19,14327.07,3408.63,168.00,77.25
2010-10-20,14147.00,3408.43,168.00,77.22
2010-10-21,13967.00,3408.23,169.00,78.25
2010-10-22,13760.00,3408.00,179.00,74.64
2010-10-23,13544.00,3407.76,188.00,79.10
2010-10-24,13526.00,3407.74,192.00,182.93
2010-10-25,13471.96,3407.68,195.00,167.76
2010-10-26,13355.00,3407.55,193.00,134.03
2010-10-27,13196.14,3407.37,190.00,109.91
2010-10-28,13077.00,3407.23,191.00,130.93
2010-10-29,12960.00,3407.10,192.00,133.01
2010-10-30,12879.00,3407.01,192.00,151.16
2010-10-31,12852.00,3406.98,193.00,179.39
2010-11-01,13328.00,3407.52,197.00,436.98
2010-11-02,14371.96,3408.68,204.00,730.32
2010-11-03,14804.89,3409.15,205.00,423.27
2010-11-04,15058.00,3409.42,209.00,336.61
2010-11-05,15257.07,3409.63,210.00,310.36
2010-11-06,15620.00,3410.02,210.00,392.97
2010-11-07,16370.00,3410.80,218.00,596.12
2010-11-08,16690.07,3411.13,219.00,380.37
2010-11-09,16900.10,3411.34,223.00,328.89
2010-11-10,17010.00,3411.45,222.00,277.41
2010-11-11,17070.00,3411.51,221.00,251.25
2010-11-12,17080.00,3411.52,220.00,225.04
2010-11-13,17050.00,3411.49,219.00,203.88
2010-11-14,17030.00,3411.47,219.00,208.92
2010-11-15,17219.90,3411.66,218.00,313.74
2010-11-16,17610.00,3412.06,220.00,416.67
2010-11-17,17894.11,3412.34,223.00,366.24
2010-11-18,18030.00,3412.47,218.00,286.51
2010-11-19,18120.00,3412.56,217.00,262.37
2010-11-20,18110.00,3412.55,217.00,211.96
2010-11-21,18110.00,3412.55,216.00,216.00
2010-11-22,18090.00,3412.53,215.00,204.92
2010-11-23,18000.00,3412.44,214.00,168.63
2010-11-24,17905.00,3412.35,213.00,165.10
2010-11-25,17810.00,3412.26,212.00,164.10
2010-11-26,17709.00,3412.16,211.00,160.08
2010-11-27,17610.00,3412.06,210.00,160.09
2010-11-28,17487.00,3411.93,209.00,146.99
2010-11-29,17330.00,3411.77,205.00,125.85
2010-11-30,17300.00,3411.74,208.00,192.88
2010-12-01,17180.05,3411.62,203.00,142.53
2010-12-02,17030.00,3411.47,202.00,126.35
2010-12-03,16840.00,3411.28,201.00,105.21
2010-12-04,16670.03,3411.11,201.00,115.31
2010-12-05,16515.00,3410.95,196.00,117.84
2010-12-06,16340.00,3410.77,195.00,106.77
2010-12-07,16170.00,3410.60,194.00,108.29
2010-12-08,16070.00,3410.49,193.00,142.58
2010-12-09,16030.00,3410.45,196.00,175.83
2010-12-10,15899.02,3410.31,192.00,125.97
2010-12-11,15926.09,3410.34,191.00,204.65
2010-12-12,16524.00,3410.96,204.00,505.44
2010-12-13,18040.00,3412.48,210.00,974.31
2010-12-14,19330.00,3413.74,220.00,870.37
2010-12-15,20040.00,3414.41,220.00,577.95
2010-12-16,20483.08,3414.83,220.00,443.38
2010-12-17,20737.00,3415.07,220.00,348.02
2010-12-18,20980.00,3415.30,223.00,345.51
2010-12-19,21123.00,3415.43,220.00,292.09
2010-12-20,21200.00,3415.50,220.00,258.82
2010-12-21,21178.00,3415.48,251.00,239.91
2010-12-22,21013.08,3415.33,281.00,197.85
2010-12-23,20857.95,3415.18,277.00,198.79
2010-12-24,20693.00,3415.03,277.00,193.84
2010-12-25,20505.13,3414.85,277.00,182.28
2010-12-26,20299.90,3414.66,277.00,173.53
2010-12-27,20152.00,3414.52,273.00,198.43
2010-12-28,19986.16,3414.36,273.00,189.39
2010-12-29,19740.07,3414.13,269.00,144.93
2010-12-30,19467.19,3413.87,269.00,131.43
2010-12-31,19150.00,3413.57,265.00,105.09
2011-01-01,18836.00,3413.26,265.00,106.69
2011-01-02,18515.00,3412.95,262.00,100.16
2011-01-03,18199.00,3412.64,262.00,102.69
2011-01-04,17938.21,3412.38,258.00,126.52
2011-01-05,17630.00,3412.08,255.00,99.61
2011-01-06,17370.03,3411.81,255.00,123.93
2011-01-07,17140.00,3411.58,251.00,135.03
2011-01-08,16920.15,3411.36,251.00,140.16
2011-01-09,16709.88,3411.15,251.00,144.99
2011-01-10,16459.97,3410.89,248.00,122.01
2011-01-11,16360.00,3410.79,248.00,197.60
2011-01-12,16125.00,3410.55,248.00,129.52
2011-01-13,16270.00,3410.70,255.00,328.10
2011-01-14,16960.00,3411.40,255.00,602.87
2011-01-15,17927.19,3412.37,262.00,749.62
2011-01-16,21470.00,3415.75,306.00,2092.14
2011-01-17,25678.00,3419.49,348.00,2469.50
2011-01-18,27292.18,3420.86,508.00,1321.80
2011-01-19,27556.00,3421.08,787.00,920.01
2011-01-20,27256.09,3420.83,860.00,708.80
2011-01-21,26718.21,3420.38,876.00,604.82
2011-01-22,26052.03,3419.81,864.00,528.14
2011-01-23,25291.88,3419.16,846.00,462.76
2011-01-24,24497.00,3418.47,841.00,440.25
2011-01-25,23704.00,3417.77,829.00,429.20
2011-01-26,23072.00,3417.21,685.00,366.37
2011-01-27,22675.13,3416.85,520.00,319.91
2011-01-28,22257.00,3416.47,522.00,311.20
2011-01-29,21861.03,3416.11,518.00,318.37
2011-01-30,21460.00,3415.74,514.00,311.82
2011-01-31,21035.13,3415.35,510.00,295.80
2011-02-01,20570.00,3414.91,506.00,271.50
2011-02-02,20040.00,3414.41,502.00,234.80
2011-02-03,19550.00,3413.95,496.00,248.96
2011-02-04,19140.00,3413.56,490.00,283.29
2011-02-05,18836.00,3413.26,484.00,330.74
2011-02-06,18460.00,3412.90,479.00,289.44
2011-02-07,18260.00,3412.70,389.00,288.17
2011-02-08,18160.00,3412.60,320.00,269.58
2011-02-09,18000.00,3412.44,320.00,239.33
2011-02-10,17894.11,3412.34,284.00,230.61
2011-02-11,17830.00,3412.28,257.00,224.68
2011-02-12,17800.00,3412.25,263.00,247.88
2011-02-13,17729.95,3412.18,271.00,235.68
2011-02-14,17689.85,3412.14,271.00,250.78
2011-02-15,17650.00,3412.10,271.00,250.91
2011-02-16,17550.00,3412.00,271.00,220.58
2011-02-17,17460.00,3411.90,267.00,221.63
2011-02-18,17290.00,3411.73,266.00,180.29
2011-02-19,17160.00,3411.60,266.00,200.46
2011-02-20,16970.00,3411.41,262.00,166.21
2011-02-21,16810.00,3411.25,262.00,181.33
2011-02-22,16650.00,3411.09,262.00,181.33
2011-02-23,16524.00,3410.96,238.00,174.48
2011-02-24,16380.00,3410.81,220.00,147.40
2011-02-25,16229.90,3410.66,220.00,144.33
2011-02-26,16134.00,3410.56,216.00,167.65
2011-02-27,16050.00,3410.47,216.00,173.65
2011-02-28,16030.00,3410.45,219.00,208.92
2011-03-01,15944.13,3410.36,219.00,175.71
2011-03-02,15830.00,3410.24,216.00,158.46
2011-03-03,15718.04,3410.12,215.00,158.55
2011-03-04,15591.00,3409.99,215.00,150.95
2011-03-05,15460.12,3409.85,212.00,146.02
2011-03-06,15338.00,3409.72,212.00,150.43
2011-03-07,15170.00,3409.54,211.00,126.30
2011-03-08,15020.20,3409.38,211.00,135.48
2011-03-09,15010.17,3409.37,208.00,202.94
2011-03-10,15085.00,3409.45,204.00,241.73
2011-03-11,15010.17,3409.37,200.00,162.27
2011-03-12,14950.02,3409.31,200.00,169.67
2011-03-13,14868.00,3409.22,200.00,158.65
2011-03-14,14804.89,3409.15,200.00,168.18
2011-03-15,14804.89,3409.15,200.00,200.00
2011-03-16,14760.00,3409.10,200.00,177.37
2011-03-17,14679.00,3409.01,196.00,155.16
2011-03-18,14650.00,3408.98,193.00,178.38
2011-03-19,14552.18,3408.88,190.00,140.68
2011-03-20,14471.00,3408.79,186.00,145.07
2011-03-21,14399.00,3408.71,186.00,149.70
2011-03-22,14300.00,3408.60,186.00,136.09
2011-03-23,14174.00,3408.46,186.00,122.48
2011-03-24,14102.18,3408.38,186.00,149.79
2011-03-25,14021.00,3408.29,186.00,145.07
2011-03-26,13912.93,3408.17,183.00,128.52
2011-03-27,13805.00,3408.05,183.00,128.59
2011-03-28,13688.00,3407.92,183.00,124.01
2011-03-29,13616.09,3407.84,183.00,146.75
2011-03-30,13742.00,3407.98,186.00,249.48
2011-03-31,14670.00,3409.00,196.00,663.86
2011-04-01,15753.91,3410.16,203.00,749.46
2011-04-02,16640.00,3411.08,210.00,656.73
2011-04-03,17280.00,3411.72,210.00,532.66
2011-04-04,17800.00,3412.25,213.00,475.16
2011-04-05,18190.07,3412.63,217.00,413.66
2011-04-06,18482.00,3412.92,217.00,364.18
2011-04-07,18610.00,3413.04,259.00,323.53
2011-04-08,18590.00,3413.02,306.00,295.92
2011-04-09,18537.00,3412.97,306.00,279.28
2011-04-10,18449.97,3412.89,307.00,263.12
2011-04-11,18360.00,3412.80,307.00,261.64
2011-04-12,18249.97,3412.69,303.00,247.53
2011-04-13,18090.00,3412.53,303.00,222.35
2011-04-14,17960.00,3412.40,303.00,237.46
2011-04-15,17800.00,3412.25,307.00,226.33
2011-04-16,17660.03,3412.11,307.00,236.43
2011-04-17,17532.00,3411.98,307.00,242.45
2011-04-18,17390.07,3411.83,307.00,235.44
2011-04-19,17219.90,3411.66,303.00,217.21
2011-04-20,17030.00,3411.47,304.00,208.26
2011-04-21,16840.00,3411.28,304.00,208.21
2011-04-22,16630.00,3411.07,300.00,194.13
2011-04-23,16450.20,3410.88,300.00,209.35
2011-04-24,16270.00,3410.70,300.00,209.15
2011-04-25,16125.00,3410.55,300.00,226.90
2011-04-26,15935.11,3410.35,296.00,200.27
2011-04-27,15800.00,3410.21,296.00,227.88
2011-04-28,15630.00,3410.03,296.00,210.29
2011-04-29,15450.10,3409.84,292.00,201.30
2011-04-30,15248.04,3409.62,292.00,190.13
2011-05-01,15067.00,3409.43,293.00,201.73
2011-05-02,14950.02,3409.31,293.00,234.02
2011-05-03,14778.04,3409.12,293.00,206.29
2011-05-04,14640.00,3408.97,293.00,223.41
2011-05-05,14543.15,3408.87,293.00,244.17
2011-05-06,14480.00,3408.80,293.00,261.16
2011-05-07,14471.00,3408.79,297.00,292.46
2011-05-08,14471.00,3408.79,298.00,298.00
2011-05-09,14471.00,3408.79,298.00,298.00
2011-05-10,14534.13,3408.86,302.27,329.83
2011-05-11,14760.00,3409.10,303.00,416.87
2011-05-12,15058.00,3409.42,311.00,461.24
2011-05-13,15356.00,3409.74,311.00,461.24
2011-05-14,15908.04,3410.32,323.00,601.32
2011-05-15,17820.00,3412.27,375.00,1338.93
2011-05-16,19330.00,3413.74,380.00,1141.28
2011-05-17,20207.00,3414.57,454.00,896.15
2011-05-18,20580.00,3414.92,568.00,756.05
2011-05-19,20792.05,3415.12,610.00,716.91
2011-05-20,21013.08,3415.33,592.00,703.43
2011-05-21,21364.87,3415.65,587.00,764.36
2011-05-22,21663.00,3415.93,587.00,737.31
2011-05-23,21948.97,3416.19,588.00,732.17
2011-05-24,22202.00,3416.42,588.00,715.57
2011-05-25,22510.00,3416.70,589.00,744.28
2011-05-26,22774.00,3416.94,589.00,722.10
2011-05-27,22972.05,3417.12,590.00,689.85
2011-05-28,23048.97,3417.19,590.00,628.78
2011-05-29,23048.97,3417.19,591.00,591.00
2011-05-30,23048.97,3417.19,585.00,585.00
2011-05-31,23202.05,3417.32,592.00,669.18
2011-06-01,23521.03,3417.61,550.00,710.82
2011-06-02,23972.00,3418.01,465.00,692.36
2011-06-03,24475.00,3418.45,421.00,674.59
2011-06-04,25110.00,3419.00,421.00,741.14
2011-06-05,25956.00,3419.73,432.00,858.52
2011-06-06,27280.15,3420.85,447.00,1114.58
2011-06-07,28670.00,3422.00,541.00,1241.71
2011-06-08,29483.91,3422.67,754.00,1164.34
2011-06-09,29924.00,3423.02,845.00,1066.88
2011-06-10,30520.00,3423.50,825.00,1125.48
2011-06-11,31032.00,3423.91,944.00,1202.13
2011-06-12,31283.03,3424.11,1041.00,1167.56
2011-06-13,31436.00,3424.23,1033.00,1110.12
2011-06-14,31559.10,3424.33,1018.00,1080.06
2011-06-15,31636.97,3424.39,1026.00,1065.26
2011-06-16,31533.03,3424.31,1018.00,965.60
2011-06-17,31484.00,3424.27,930.00,905.28
2011-06-18,31663.00,3424.41,848.00,938.24
2011-06-19,31964.84,3424.65,848.00,1000.18
2011-06-20,32173.03,3424.81,898.00,1002.96
2011-06-21,32420.00,3425.00,946.00,1070.51
2011-06-22,32839.09,3425.33,970.00,1181.29
2011-06-23,33306.97,3425.69,1002.00,1237.89
2011-06-24,33359.00,3425.73,1010.00,1036.23
2011-06-25,33306.97,3425.69,1002.00,975.77
2011-06-26,33164.00,3425.58,986.00,913.92
2011-06-27,33125.00,3425.55,946.00,926.34
2011-06-28,33476.06,3425.82,906.00,1082.99
2011-06-29,34022.00,3426.24,922.00,1197.24
2011-06-30,34295.00,3426.45,970.00,1107.64
2011-07-01,34216.97,3426.39,1010.00,970.66
2011-07-02,34178.19,3426.36,1002.00,982.45
2011-07-03,34256.00,3426.42,1018.00,1057.23
2011-07-04,34087.00,3426.29,1082.00,996.80
2011-07-05,33827.00,3426.09,1098.00,966.92
2011-07-06,33775.00,3426.05,1066.00,1039.78
2011-07-07,33970.00,3426.19,994.00,1092.31
2011-07-08,34087.00,3426.29,869.00,927.99
2011-07-09,34048.00,3426.26,799.00,779.34
2011-07-10,34100.00,3426.30,631.00,657.22
2011-07-11,34282.00,3426.44,544.00,635.76
2011-07-12,34451.00,3426.57,580.00,665.20
2011-07-13,34490.00,3426.60,604.00,623.66
2011-07-14,34477.00,3426.59,604.00,597.45
2011-07-15,34295.00,3426.45,666.00,574.24
2011-07-16,34022.00,3426.24,764.00,626.36
2011-07-17,33723.00,3426.01,764.00,613.26
2011-07-18,33502.13,3425.84,673.00,561.65
2011-07-19,33566.97,3425.89,514.00,546.69
2011-07-20,33814.00,3426.08,386.00,510.54
2011-07-21,34139.09,3426.33,341.00,504.90
2011-07-22,34269.00,3426.43,387.00,452.50
2011-07-23,34308.00,3426.46,424.00,443.66
2011-07-24,34347.00,3426.49,430.00,449.66
2011-07-25,34477.00,3426.59,447.00,512.54
2011-07-26,34477.00,3426.59,459.00,459.00
2011-07-27,34373.00,3426.51,486.00,433.57
2011-07-28,34178.19,3426.36,505.00,406.78
2011-07-29,33996.00,3426.22,484.00,392.15
2011-07-30,33853.03,3426.11,476.00,403.92
2011-07-31,33801.00,3426.07,408.00,381.77
2011-08-01,33814.00,3426.08,349.00,355.55
2011-08-02,33853.03,3426.11,326.00,345.68
2011-08-03,33853.03,3426.11,324.00,324.00
2011-08-04,33840.00,3426.10,325.00,318.43
2011-08-05,33840.00,3426.10,305.00,305.00
2011-08-06,33866.06,3426.12,285.00,298.14
2011-08-07,33853.03,3426.11,285.00,278.43
2011-08-08,33827.00,3426.09,285.00,271.88
2011-08-09,33775.00,3426.05,277.00,250.78
2011-08-10,33736.00,3426.02,268.00,248.34
2011-08-11,33645.00,3425.95,268.00,222.12
2011-08-12,33580.00,3425.90,268.00,235.23
2011-08-13,33463.03,3425.81,264.00,205.03
2011-08-14,33320.00,3425.70,264.00,191.89
2011-08-15,33190.00,3425.60,264.00,198.46
2011-08-16,33034.00,3425.48,264.00,185.35
2011-08-17,32852.13,3425.34,261.00,169.31
2011-08-18,32670.00,3425.20,260.00,168.18
2011-08-19,32504.00,3425.07,260.00,176.31
2011-08-20,32329.00,3424.93,260.00,171.77
2011-08-21,32121.00,3424.77,260.00,155.13
2011-08-22,31913.03,3424.61,260.00,155.15
2011-08-23,31715.00,3424.45,260.00,160.16
2011-08-24,31508.00,3424.29,257.00,152.64
2011-08-25,31296.06,3424.12,256.00,149.15
2011-08-26,31080.00,3423.95,256.00,147.07
2011-08-27,30854.00,3423.77,256.00,142.06
2011-08-28,30628.00,3423.59,256.00,142.06
2011-08-29,30377.97,3423.39,256.00,129.95
2011-08-30,30127.97,3423.19,256.00,129.96
2011-08-31,29874.00,3422.98,253.00,124.96
2011-09-01,29650.00,3422.80,252.00,139.07
2011-09-02,29364.00,3422.57,252.00,107.81
2011-09-03,29121.22,3422.37,252.00,129.60
2011-09-04,28861.88,3422.16,249.00,118.25
2011-09-05,28605.00,3421.95,249.00,119.49
2011-09-06,28360.00,3421.75,249.00,125.48
2011-09-07,28096.00,3421.53,245.00,111.90
2011-09-08,27832.03,3421.31,245.00,111.92
2011-09-09,27580.00,3421.10,245.00,117.94
2011-09-10,27316.23,3420.88,245.00,112.02
2011-09-11,27051.88,3420.66,241.00,107.73
2011-09-12,26788.00,3420.44,241.00,107.96
2011-09-13,26510.00,3420.20,241.00,100.84
2011-09-14,26237.00,3419.97,241.00,103.36
2011-09-15,25968.00,3419.74,237.00,101.38
2011-09-16,25690.00,3419.50,237.00,96.84
2011-09-17,25436.00,3419.28,237.00,108.94
2011-09-18,25232.03,3419.11,237.00,134.17
2011-09-19,25002.00,3418.91,234.00,118.03
2011-09-20,24748.97,3418.69,234.00,106.43
2011-09-21,24497.00,3418.47,234.00,106.97
2011-09-22,24250.00,3418.25,230.00,105.47
2011-09-23,23972.00,3418.01,230.00,89.84
2011-09-24,23728.00,3417.79,230.00,106.99
2011-09-25,23488.00,3417.58,230.00,109.00
2011-09-26,23312.00,3417.42,230.00,141.27
2011-09-27,23132.00,3417.26,230.00,139.25
2011-09-28,22895.00,3417.05,227.00,107.51
2011-09-29,22675.13,3416.85,227.00,116.15
2011-09-30,22422.05,3416.62,227.00,99.41
2011-10-01,22213.00,3416.43,220.00,121.10
2011-10-02,21948.97,3416.19,215.00,91.00
2011-10-03,21729.00,3415.99,215.00,112.10
2011-10-04,21480.00,3415.76,214.00,97.46
2011-10-05,21299.00,3415.59,214.00,131.75
2011-10-06,21078.97,3415.39,213.00,112.07
2011-10-07,20868.97,3415.19,209.00,114.12
2011-10-08,20620.00,3414.96,209.00,93.98
2011-10-09,20395.00,3414.75,208.00,106.06
2011-10-10,20250.03,3414.61,208.00,146.41
2011-10-11,20548.97,3414.89,210.00,373.74
2011-10-12,20671.00,3415.01,210.00,283.34
2011-10-13,20630.00,3414.97,206.00,198.83
2011-10-14,20548.97,3414.89,205.00,178.65
2011-10-15,20428.00,3414.78,205.00,158.51
2011-10-16,20279.85,3414.64,204.00,144.66
2011-10-17,20110.00,3414.48,200.00,131.11
2011-10-18,19942.05,3414.32,200.00,131.33
2011-10-19,19759.88,3414.15,189.00,114.44
2011-10-20,19590.00,3413.99,183.00,112.16
2011-10-21,19445.13,3413.85,180.00,122.97
2011-10-22,19380.00,3413.79,179.00,163.47
2011-10-23,19380.00,3413.79,179.00,195.15
2011-10-24,19300.00,3413.71,178.00,154.67
2011-10-25,19191.03,3413.61,178.00,140.06
2011-10-26,19070.00,3413.49,177.00,133.98
2011-10-27,18920.10,3413.34,177.00,119.42
2011-10-28,18869.00,3413.29,176.00,170.24
2011-10-29,18792.00,3413.22,176.00,156.71
2011-10-30,18770.00,3413.20,175.00,184.13
2011-10-31,18719.88,3413.15,175.00,169.73
2011-11-01,18670.00,3413.10,174.00,169.85
2011-11-02,18590.00,3413.02,174.00,153.21
2011-11-03,18504.00,3412.94,170.00,148.64
2011-11-04,18380.05,3412.82,170.00,129.51
2011-11-05,18260.00,3412.70,169.00,131.48
2011-11-06,18120.00,3412.56,169.00,97.42
2011-11-07,17990.00,3412.43,168.00,102.46
2011-11-08,17840.00,3412.29,163.00,87.26
2011-11-09,17709.90,3412.16,165.00,100.36
2011-11-10,17550.00,3412.00,172.00,90.38
2011-11-11,17440.20,3411.88,172.00,116.08
2011-11-12,17320.00,3411.76,173.00,110.40
2011-11-13,17140.00,3411.58,173.00,80.25
2011-11-14,16990.00,3411.43,174.00,94.77
2011-11-15,16820.00,3411.26,171.00,82.32
2011-11-16,16739.95,3411.18,172.00,128.66
2011-11-17,16699.85,3411.14,172.00,148.77
2011-11-18,16570.00,3411.01,172.00,102.53
2011-11-19,16459.97,3410.89,173.00,112.53
2011-11-20,16320.00,3410.75,173.00,97.43
2011-11-21,16259.98,3410.69,174.00,137.74
2011-11-22,16515.00,3410.95,180.00,302.70
2011-11-23,17410.12,3411.85,187.00,632.31
2011-11-24,17938.21,3412.38,184.00,443.25
2011-11-25,18209.88,3412.65,185.00,313.96
2011-11-26,18400.10,3412.84,185.00,272.90
2011-11-27,18630.00,3413.06,185.00,294.17
2011-11-28,18890.03,3413.31,186.00,309.30
2011-11-29,19020.00,3413.44,186.00,242.89
2011-11-30,19110.00,3413.53,187.00,222.50
2011-12-01,19130.00,3413.55,187.00,187.08
2011-12-02,19130.00,3413.55,188.00,177.00
2011-12-03,19100.00,3413.52,188.00,173.87
2011-12-04,19080.00,3413.50,189.00,178.92
2011-12-05,19020.00,3413.44,189.00,158.75
2011-12-06,18950.17,3413.37,188.00,153.79
2011-12-07,18880.00,3413.30,187.00,153.62
2011-12-08,18759.97,3413.19,187.00,128.30
2011-12-09,18640.00,3413.07,183.00,126.61
2011-12-10,18548.00,3412.98,182.00,139.74
2011-12-11,18420.15,3412.86,181.00,121.54
2011-12-12,18270.00,3412.71,181.00,110.30
2011-12-13,18130.00,3412.57,180.00,115.35
2011-12-14,17990.00,3412.43,179.00,115.39
2011-12-15,17872.05,3412.32,175.00,124.33
2011-12-16,17729.95,3412.18,175.00,111.36
2011-12-17,17570.00,3412.02,174.00,102.36
2011-12-18,17440.20,3411.88,173.00,117.56
2011-12-19,17280.00,3411.72,172.00,102.23
2011-12-20,17160.00,3411.60,169.00,120.45
2011-12-21,16990.00,3411.43,168.00,94.29
2011-12-22,16800.00,3411.24,167.00,84.21
2011-12-23,16640.00,3411.08,166.00,99.33
2011-12-24,16479.00,3410.91,166.00,98.64
2011-12-25,16360.00,3410.79,163.00,118.46
2011-12-26,16209.85,3410.64,162.00,101.30
2011-12-27,16161.00,3410.59,165.00,154.29
2011-12-28,16670.03,3411.11,172.00,444.35
2011-12-29,17541.00,3411.99,171.00,628.59
2011-12-30,18209.88,3412.65,173.00,530.60
2011-12-31,18590.00,3413.02,172.00,383.65
2012-01-01,18847.00,3413.27,172.00,321.10
2012-01-02,19050.00,3413.47,171.00,294.22
2012-01-03,19202.05,3413.62,170.00,268.66
2012-01-04,19380.00,3413.79,169.00,281.78
2012-01-05,19655.00,3414.05,169.00,330.99
2012-01-06,19799.97,3414.19,168.00,265.09
2012-01-07,19920.00,3414.30,167.00,252.51
2012-01-08,19964.11,3414.34,166.00,214.24
2012-01-09,20008.21,3414.38,166.00,214.33
2012-01-10,20018.97,3414.39,165.00,197.49
2012-01-11,19975.13,3414.35,166.00,142.90
2012-01-12,19920.00,3414.30,167.00,137.20
2012-01-13,19865.00,3414.25,168.00,137.27
2012-01-14,19832.00,3414.22,170.00,148.36
2012-01-15,19779.93,3414.17,171.00,138.75
2012-01-16,19749.85,3414.14,172.00,149.84
2012-01-17,19730.05,3414.12,173.00,155.02
2012-01-18,19720.03,3414.11,174.00,159.95
2012-01-19,19710.00,3414.10,175.00,159.95
2012-01-20,19779.93,3414.17,176.00,200.25
2012-01-21,19810.00,3414.20,178.00,180.16
2012-01-22,19843.00,3414.23,179.00,181.64
2012-01-23,19789.95,3414.18,180.00,138.25
2012-01-24,19832.00,3414.22,181.00,187.03
2012-01-25,20030.00,3414.40,185.00,267.58
2012-01-26,20100.00,3414.47,186.00,202.06
2012-01-27,20070.00,3414.44,184.00,149.87
2012-01-28,20050.00,3414.42,186.00,154.92
2012-01-29,20229.00,3414.59,190.00,257.71
2012-01-30,20439.00,3414.79,191.00,274.42
2012-01-31,20516.16,3414.86,209.00,221.61
2012-02-01,20548.97,3414.89,230.00,246.43
2012-02-02,20516.16,3414.86,230.00,213.46
2012-02-03,20373.00,3414.73,258.00,187.80
2012-02-04,20163.00,3414.53,281.00,175.12
2012-02-05,19953.08,3414.33,281.00,175.17
2012-02-06,19720.03,3414.11,277.00,160.77
2012-02-07,19478.21,3413.88,277.00,155.09
2012-02-08,19234.87,3413.65,277.00,153.94
2012-02-09,19010.00,3413.43,273.00,159.90
2012-02-10,18770.00,3413.20,273.00,152.00
2012-02-11,18537.00,3412.97,273.00,155.49
2012-02-12,18280.00,3412.72,269.00,140.66
2012-02-13,18030.00,3412.47,269.00,142.96
2012-02-14,17810.00,3412.26,244.00,132.25
2012-02-15,17610.00,3412.06,227.00,124.12
2012-02-16,17440.20,3411.88,223.00,137.39
2012-02-17,17300.00,3411.74,223.00,152.35
2012-02-18,17190.07,3411.63,223.00,167.58
2012-02-19,16990.00,3411.43,223.00,122.13
2012-02-20,16820.00,3411.26,220.00,135.09
2012-02-21,16850.00,3411.29,227.00,241.46
2012-02-22,17460.00,3411.90,241.00,547.04
2012-02-23,17750.00,3412.20,234.00,379.87
2012-02-24,17938.21,3412.38,234.00,328.39
2012-02-25,18060.00,3412.50,234.00,294.86
2012-02-26,18100.00,3412.54,234.00,253.30
2012-02-27,18050.00,3412.49,230.00,205.12
2012-02-28,18000.00,3412.44,230.00,204.86
2012-02-29,18000.00,3412.44,230.00,230.40
2012-03-01,17883.08,3412.33,230.00,171.05
2012-03-02,17780.00,3412.23,230.00,178.03
2012-03-03,17670.05,3412.12,230.00,173.86
2012-03-04,17550.00,3412.00,227.00,166.34
2012-03-05,17449.97,3411.89,227.00,176.33
2012-03-06,17310.00,3411.75,227.00,155.93
2012-03-07,17150.00,3411.59,227.00,145.69
2012-03-08,16990.00,3411.43,223.00,142.90
2012-03-09,16830.00,3411.27,223.00,142.33
2012-03-10,16680.05,3411.12,223.00,147.40
2012-03-11,16551.00,3410.99,223.00,157.94
2012-03-12,16450.20,3410.88,223.00,172.18
2012-03-13,16320.00,3410.75,223.00,157.27
2012-03-14,16209.85,3410.64,223.00,165.72
2012-03-15,16180.02,3410.61,223.00,207.30
2012-03-16,16098.00,3410.52,223.00,181.65
2012-03-17,16030.00,3410.45,223.00,187.39
2012-03-18,15917.07,3410.33,220.00,162.56
2012-03-19,15780.98,3410.19,220.00,150.89
2012-03-20,15727.07,3410.13,220.00,192.32
2012-03-21,15600.00,3410.00,220.00,155.44
2012-03-22,15470.15,3409.86,216.00,152.19
2012-03-23,15301.96,3409.68,216.00,131.20
2012-03-24,15150.00,3409.52,216.00,139.39
2012-03-25,14990.12,3409.35,216.00,135.25
2012-03-26,14813.91,3409.16,213.00,124.19
2012-03-27,14660.00,3408.99,213.00,134.90
2012-03-28,14498.04,3408.82,213.00,130.87
2012-03-29,14489.02,3408.81,213.00,209.34
2012-03-30,14525.11,3408.85,220.00,237.06
2012-03-31,14507.07,3408.83,216.00,206.90
2012-04-01,14444.00,3408.76,216.00,183.31
2012-04-02,14353.91,3408.66,211.00,167.12
2012-04-03,14174.00,3408.46,249.00,160.74
2012-04-04,13903.91,3408.16,285.00,152.83
2012-04-05,13643.15,3407.87,284.00,155.76
2012-04-06,13337.00,3407.53,279.00,157.21
2012-04-07,13068.00,3407.22,274.00,206.23
2012-04-08,12780.00,3406.90,272.00,195.80
2012-04-09,12520.00,3406.60,267.00,206.40
2012-04-10,12270.00,3406.30,266.00,210.96
2012-04-11,12082.00,3406.08,265.00,242.22
2012-04-12,11727.92,3405.66,327.00,233.18
2012-04-13,10986.00,3404.77,498.00,179.55
2012-04-14,10103.96,3403.68,617.00,163.38
2012-04-15,9307.92,3402.66,578.00,170.32
2012-04-16,8736.00,3401.92,522.00,233.87
2012-04-17,8294.06,3401.33,470.00,249.88
2012-04-18,8113.00,3401.09,355.00,268.10
2012-04-19,8113.00,3401.09,294.00,293.56
2012-04-20,8664.03,3401.82,303.00,579.67
2012-04-21,9268.02,3402.61,315.00,617.82
2012-04-22,10017.50,3403.57,332.00,706.61
2012-04-23,11331.98,3405.19,358.00,1016.38
2012-04-24,13156.04,3407.32,410.00,1323.15
2012-04-25,14859.00,3409.21,446.00,1299.51
2012-04-26,16360.00,3410.79,552.00,1302.29
2012-04-27,16830.00,3411.27,830.00,1059.85
2012-04-28,16760.00,3411.20,983.00,931.50
2012-04-29,16570.00,3411.01,968.00,859.25
2012-04-30,16650.00,3411.09,969.00,995.00
2012-05-01,16620.00,3411.06,970.00,936.17
2012-05-02,16340.00,3410.77,955.00,797.67
2012-05-03,16060.00,3410.48,908.00,752.07
2012-05-04,15899.02,3410.31,767.00,667.02
2012-05-05,15660.00,3410.06,698.00,559.93
2012-05-06,15356.00,3409.74,685.00,515.47
2012-05-07,15121.00,3409.49,623.00,489.17
2012-05-08,15210.00,3409.58,520.00,549.69
2012-05-09,15528.00,3409.92,476.00,621.08
2012-05-10,15753.91,3410.16,482.00,578.43
2012-05-11,15917.07,3410.33,483.00,546.79
2012-05-12,16070.00,3410.49,483.00,541.95
2012-05-13,16370.00,3410.80,489.00,619.01
2012-05-14,17060.00,3411.50,502.00,828.06
2012-05-15,18420.15,3412.86,533.00,1191.80
2012-05-16,19779.93,3414.17,676.00,1337.00
2012-05-17,20660.00,3415.00,782.00,1192.50
2012-05-18,21211.00,3415.51,776.00,1021.31
2012-05-19,21520.00,3415.80,777.00,899.37
2012-05-20,21839.00,3416.09,778.00,904.96
2012-05-21,22543.00,3416.73,794.00,1108.94
2012-05-22,23644.00,3417.72,809.00,1328.75
2012-05-23,24408.97,3418.39,824.00,1169.65
2012-05-24,24856.00,3418.78,734.00,922.29
2012-05-25,25400.00,3419.25,597.00,837.01
2012-05-26,25836.09,3419.63,539.00,722.11
2012-05-27,26226.00,3419.96,540.00,698.58
2012-05-28,26696.16,3420.36,547.00,742.63
2012-05-29,27304.21,3420.87,463.00,739.27
2012-05-30,28024.00,3421.47,353.00,689.29
2012-05-31,28934.00,3422.22,354.00,782.50
2012-06-01,30342.18,3423.36,364.00,1043.27
2012-06-02,32069.00,3424.73,382.00,1218.11
2012-06-03,33424.00,3425.78,388.00,1037.15
2012-06-04,34061.00,3426.27,670.00,973.83
2012-06-05,34152.13,3426.34,1016.00,1001.82
2012-06-06,34165.16,3426.35,890.00,844.59
2012-06-07,34230.00,3426.40,786.00,762.16
2012-06-08,34399.00,3426.53,710.00,798.50
2012-06-09,34425.00,3426.55,662.00,682.17
2012-06-10,34399.00,3426.53,657.00,643.05
2012-06-11,34704.00,3426.76,513.00,678.42
2012-06-12,34838.19,3426.86,680.00,758.36
2012-06-13,34620.00,3426.70,1019.00,909.75
2012-06-14,34464.00,3426.58,907.00,830.65
2012-06-15,34321.00,3426.47,900.00,830.83
2012-06-16,34321.00,3426.47,908.00,908.42
2012-06-17,34676.00,3426.74,1045.00,1224.56
2012-06-18,34529.09,3426.63,1205.00,1130.24
2012-06-19,34152.13,3426.34,1134.00,938.61
2012-06-20,33814.00,3426.08,990.00,812.32
2012-06-21,33671.00,3425.97,919.00,841.90
2012-06-22,34048.00,3426.26,992.00,1172.28
2012-06-23,34074.00,3426.28,1120.00,1123.69
2012-06-24,33814.00,3426.08,1049.00,911.50
2012-06-25,33554.25,3425.88,929.00,790.71
2012-06-26,33502.13,3425.84,764.00,734.39
2012-06-27,33736.00,3426.02,532.00,643.35
2012-06-28,34061.00,3426.27,491.00,647.36
2012-06-29,34230.00,3426.40,660.00,745.96
2012-06-30,34178.19,3426.36,892.00,858.69
2012-07-01,34048.00,3426.26,965.00,884.40
2012-07-02,33866.06,3426.12,933.00,831.65
2012-07-03,33970.00,3426.20,760.00,802.82
2012-07-04,34061.00,3426.27,670.00,702.58
2012-07-05,34009.00,3426.23,663.00,626.73
2012-07-06,33943.94,3426.18,706.00,659.74
2012-07-07,33970.00,3426.20,755.00,753.95
2012-07-08,34126.06,3426.32,763.00,828.68
2012-07-09,34321.00,3426.47,812.00,898.08
2012-07-10,34100.00,3426.30,970.00,846.32
2012-07-11,33814.00,3426.08,906.00,752.86
2012-07-12,33879.09,3426.13,646.00,669.71
2012-07-13,33970.00,3426.20,569.00,601.83
2012-07-14,34087.00,3426.29,581.00,625.83
2012-07-15,34035.00,3426.25,588.00,550.69
2012-07-16,33943.94,3426.18,570.00,511.93
2012-07-17,33866.06,3426.12,565.00,510.68
2012-07-18,33853.03,3426.11,493.00,480.36
2012-07-19,33917.87,3426.16,428.00,447.69
2012-07-20,33930.91,3426.17,428.00,421.94
2012-07-21,33853.03,3426.11,429.00,375.32
2012-07-22,33723.00,3426.01,424.00,345.54
2012-07-23,33658.00,3425.96,340.00,300.72
2012-07-24,33697.00,3425.99,281.00,300.66
2012-07-25,33723.00,3426.01,281.00,294.11
2012-07-26,33736.00,3426.02,280.00,287.47
2012-07-27,33723.00,3426.01,279.00,274.11
2012-07-28,33684.00,3425.98,278.00,257.55
2012-07-29,33619.00,3425.93,273.00,241.44
2012-07-30,33541.22,3425.87,272.00,236.27
2012-07-31,33424.00,3425.78,271.00,217.90
2012-08-01,33306.97,3425.69,271.00,217.89
2012-08-02,33177.00,3425.59,270.00,209.49
2012-08-03,33047.00,3425.49,265.00,195.50
2012-08-04,32930.00,3425.40,264.00,202.01
2012-08-05,32709.00,3425.24,263.00,149.58
2012-08-06,32504.00,3425.07,262.00,157.58
2012-08-07,32368.00,3424.96,258.00,190.79
2012-08-08,32160.00,3424.80,258.00,153.13
2012-08-09,31951.81,3424.64,257.00,153.04
2012-08-10,31741.00,3424.48,257.00,151.72
2012-08-11,31484.00,3424.28,256.00,126.81
2012-08-12,31244.00,3424.08,252.00,133.59
2012-08-13,31006.97,3423.89,252.00,134.85
2012-08-14,30830.00,3423.75,248.00,162.82
2012-08-15,30628.00,3423.59,248.00,149.67
2012-08-16,30377.97,3423.39,247.00,124.94
2012-08-17,30140.00,3423.20,247.00,131.02
2012-08-18,29900.00,3423.00,246.00,122.96
2012-08-19,29650.00,3422.80,246.00,117.96
2012-08-20,29388.00,3422.59,245.00,109.99
2012-08-21,29121.22,3422.37,241.00,105.50
2012-08-22,28861.88,3422.16,241.00,109.25
2012-08-23,28566.00,3421.92,241.00,90.76
2012-08-24,28251.88,3421.66,237.00,79.27
2012-08-25,27988.00,3421.44,237.00,103.96
2012-08-26,27724.00,3421.22,236.00,103.90
2012-08-27,27436.00,3420.98,236.00,91.65
2012-08-28,27196.00,3420.78,232.00,113.50
2012-08-29,26944.00,3420.57,232.00,106.45
2012-08-30,26674.11,3420.34,232.00,97.43
2012-08-31,26402.03,3420.11,228.00,94.49
2012-09-01,26112.00,3419.87,228.00,83.78
2012-09-02,25824.00,3419.62,228.00,84.80
2012-09-03,25548.00,3419.38,227.00,90.14
2012-09-04,25267.00,3419.15,224.00,84.83
2012-09-05,24990.00,3418.90,223.00,86.85
2012-09-06,24737.95,3418.68,223.00,97.91
2012-09-07,24464.00,3418.44,219.00,84.89
2012-09-08,24214.00,3418.22,219.00,96.37
2012-09-09,23972.00,3418.01,215.00,99.08
2012-09-10,23668.00,3417.74,215.00,66.23
2012-09-11,23400.00,3417.50,215.00,84.27
2012-09-12,23144.00,3417.27,211.00,80.45
2012-09-13,22873.00,3417.03,211.00,72.37
2012-09-14,22609.00,3416.79,211.00,75.90
2012-09-15,22334.00,3416.54,210.00,68.66
2012-09-16,22103.08,3416.33,207.00,89.08
2012-09-17,21839.00,3416.09,206.00,72.36
2012-09-18,21575.13,3415.85,206.00,71.45
2012-09-19,21332.05,3415.62,202.00,80.18
2012-09-20,21078.97,3415.39,202.00,74.40
2012-09-21,20846.92,3415.17,202.00,83.91
2012-09-22,20580.00,3414.92,199.00,65.59
2012-09-23,20319.95,3414.68,199.00,67.39
2012-09-24,20060.00,3414.43,199.00,67.44
2012-09-25,19789.95,3414.18,199.00,62.24
2012-09-26,19520.00,3413.92,195.00,59.32
2012-09-27,19300.00,3413.71,195.00,84.08
2012-09-28,19040.00,3413.46,195.00,63.92
2012-09-29,18781.00,3413.21,192.00,62.69
2012-09-30,18515.00,3412.95,192.00,57.89
2012-10-01,18280.00,3412.72,195.00,73.52
2012-10-02,18030.00,3412.47,195.00,64.79
2012-10-03,17770.00,3412.22,192.00,57.92
2012-10-04,17523.00,3411.97,192.00,63.24
2012-10-05,17280.00,3411.72,189.00,63.49
2012-10-06,17020.00,3411.46,189.00,54.92
2012-10-07,16790.00,3411.23,189.00,69.28
2012-10-08,16551.00,3410.99,186.00,61.05
2012-10-09,16310.00,3410.74,183.00,58.50
2012-10-10,16070.00,3410.49,183.00,59.00
2012-10-11,15840.00,3410.25,183.00,63.06
2012-10-12,15610.00,3410.01,180.00,61.04
2012-10-13,15383.00,3409.77,180.00,62.55
2012-10-14,15220.00,3409.59,180.00,94.82
2012-10-15,15150.00,3409.52,183.00,143.38
2012-10-16,15130.00,3409.50,180.00,167.59
2012-10-17,14950.02,3409.31,180.00,85.59
2012-10-18,14787.07,3409.13,177.00,92.06
2012-10-19,14778.04,3409.12,180.00,171.62
2012-10-20,14787.07,3409.13,180.00,180.63
2012-10-21,14706.00,3409.04,177.00,133.16
2012-10-22,14590.00,3408.92,174.00,112.24
2012-10-23,14435.00,3408.75,171.00,89.85
2012-10-24,14327.07,3408.63,171.00,113.40
2012-10-25,14165.00,3408.45,168.00,83.40
2012-10-26,14039.02,3408.31,168.00,101.49
2012-10-27,13967.00,3408.23,168.00,129.86
2012-10-28,14030.00,3408.30,171.00,200.15
2012-10-29,15727.07,3410.13,180.00,1032.93
2012-10-30,17689.85,3412.14,189.00,1175.96
2012-10-31,18781.00,3413.21,197.00,739.35
2012-11-01,19412.05,3413.82,205.00,509.74
2012-11-02,19500.00,3413.90,323.00,410.73
2012-11-03,19370.00,3413.78,425.00,389.35
2012-11-04,19202.05,3413.62,427.00,364.03
2012-11-05,19020.00,3413.44,435.00,353.21
2012-11-06,18781.00,3413.21,440.00,324.50
2012-11-07,18471.00,3412.91,445.00,288.50
2012-11-08,18130.00,3412.57,440.00,266.44
2012-11-09,17830.00,3412.28,385.00,236.27
2012-11-10,17580.00,3412.03,349.00,224.23
2012-11-11,17380.05,3411.82,349.00,248.69
2012-11-12,17209.88,3411.65,349.00,263.52
2012-11-13,16970.00,3411.41,344.00,224.23
2012-11-14,16729.93,3411.17,344.00,223.88
2012-11-15,16506.00,3410.94,324.00,210.81
2012-11-16,16290.00,3410.72,304.00,196.43
2012-11-17,16116.00,3410.54,304.00,217.27
2012-11-18,16000.00,3410.42,303.00,246.52
2012-11-19,16760.00,3411.20,315.00,698.46
2012-11-20,17850.00,3412.30,323.00,872.94
2012-11-21,18300.00,3412.74,365.00,598.30
2012-11-22,18360.00,3412.80,412.00,443.84
2012-11-23,18729.90,3413.16,417.00,605.27
2012-11-24,19799.97,3414.19,427.00,967.88
2012-11-25,20185.00,3414.55,427.00,624.01
2012-11-26,20152.00,3414.52,498.00,489.11
2012-11-27,19854.00,3414.24,564.00,419.41
2012-11-28,19488.97,3413.89,563.00,383.84
2012-11-29,19090.00,3413.51,557.00,361.07
2012-11-30,18749.95,3413.18,551.00,386.53
2012-12-01,18460.00,3412.90,551.00,409.82
2012-12-02,18209.88,3412.65,550.00,429.52
2012-12-03,17872.05,3412.32,544.00,381.59
2012-12-04,17830.00,3412.28,544.00,531.64
2012-12-05,17820.00,3412.27,541.00,545.93
2012-12-06,17660.03,3412.11,538.00,469.10
2012-12-07,17430.17,3411.87,530.00,429.15
2012-12-08,17090.00,3411.53,521.00,368.40
2012-12-09,16719.90,3411.16,512.00,347.63
2012-12-10,16430.15,3410.86,441.00,316.52
2012-12-11,16239.93,3410.67,371.00,294.10
2012-12-12,16010.00,3410.43,364.00,270.61
2012-12-13,15870.00,3410.28,312.00,264.35
2012-12-14,15771.96,3410.18,270.00,244.22
2012-12-15,15700.00,3410.10,268.00,256.72
2012-12-16,15670.00,3410.07,267.00,278.37
2012-12-17,15610.00,3410.01,265.00,262.79
2012-12-18,15490.20,3409.88,263.00,232.60
2012-12-19,15440.07,3409.83,247.00,250.83
2012-12-20,15440.07,3409.83,225.00,253.50
2012-12-21,15265.87,3409.64,213.00,154.99
2012-12-22,15239.02,3409.61,200.00,219.80
2012-12-23,15170.00,3409.54,195.00,195.86
2012-12-24,15085.00,3409.45,194.00,187.15
2012-12-25,15029.98,3409.39,192.00,202.26
2012-12-26,14940.00,3409.30,191.00,184.64
2012-12-27,14850.00,3409.20,190.00,184.62
2012-12-28,14742.00,3409.08,188.00,174.00
2012-12-29,14610.00,3408.94,184.00,161.03
2012-12-30,14498.04,3408.82,182.00,159.57
2012-12-31,14362.93,3408.67,181.00,136.88
2013-01-01,14219.00,3408.51,180.00,132.43
2013-01-02,14084.13,3408.36,178.00,134.27
2013-01-03,13985.00,3408.25,160.00,133.55
2013-01-04,13903.91,3408.16,149.00,133.12
2013-01-05,13823.00,3408.07,148.00,133.21
2013-01-06,13760.00,3408.00,148.00,141.52
2013-01-07,13724.00,3407.96,148.00,155.82
2013-01-08,13760.00,3408.00,148.00,192.82
2013-01-09,13796.00,3408.04,151.00,194.07
2013-01-10,13805.00,3408.05,148.00,178.54
2013-01-11,13787.00,3408.03,148.00,164.92
2013-01-12,13724.00,3407.96,149.00,142.24
2013-01-13,13670.00,3407.90,149.00,146.20
2013-01-14,13634.13,3407.86,146.00,153.10
2013-01-15,13580.00,3407.80,147.00,143.71
2013-01-16,13517.00,3407.73,147.00,139.24
2013-01-17,13444.89,3407.65,147.00,134.64
2013-01-18,13373.00,3407.57,147.00,134.76
2013-01-19,13301.00,3407.49,147.00,134.70
2013-01-20,13229.00,3407.41,147.00,134.70
2013-01-21,13156.04,3407.32,148.00,133.42
2013-01-22,13068.00,3407.22,145.00,123.86
2013-01-23,12995.87,3407.14,145.00,131.63
2013-01-24,12942.00,3407.08,145.00,140.87
2013-01-25,12879.00,3407.01,146.00,136.24
2013-01-26,12816.00,3406.94,146.00,136.24
2013-01-27,12748.12,3406.86,146.00,133.78
2013-01-28,12691.00,3406.79,146.00,139.20
2013-01-29,12619.00,3406.71,146.00,131.70
2013-01-30,12538.04,3406.62,146.00,127.18
2013-01-31,12488.00,3406.56,147.00,142.64
2013-02-01,12413.00,3406.47,144.00,128.05
2013-02-02,12359.00,3406.41,144.00,137.77
2013-02-03,12286.04,3406.32,145.00,128.22
2013-02-04,12207.00,3406.23,145.00,105.15
2013-02-05,12147.92,3406.16,145.00,115.21
2013-02-06,12091.00,3406.09,138.00,109.29
2013-02-07,12028.00,3406.02,133.00,100.88
2013-02-08,11954.00,3405.93,133.00,95.19
2013-02-09,11894.13,3405.86,133.00,102.32
2013-02-10,11824.00,3405.78,133.00,97.14
2013-02-11,11751.98,3405.69,134.00,96.19
2013-02-12,11688.02,3405.61,134.00,100.25
2013-02-13,11617.00,3405.53,134.00,96.21
2013-02-14,11542.00,3405.44,132.00,92.36
2013-02-15,11412.00,3405.29,139.00,71.55
2013-02-16,11323.96,3405.18,145.00,98.11
2013-02-17,11228.00,3405.06,145.00,94.12
2013-02-18,11126.00,3404.94,145.00,91.07
2013-02-19,11026.04,3404.82,145.00,91.89
2013-02-20,10913.96,3404.68,145.00,86.75
2013-02-21,10802.00,3404.54,148.00,88.55
2013-02-22,10746.00,3404.47,148.00,116.77
2013-02-23,10636.09,3404.34,146.00,87.98
2013-02-24,10536.00,3404.22,146.00,92.04
2013-02-25,10448.02,3404.11,146.00,98.14
2013-02-26,10352.00,3403.99,147.00,94.09
2013-02-27,10256.14,3403.87,147.00,92.98
2013-02-28,10232.08,3403.84,147.00,130.23
2013-03-01,10224.06,3403.83,147.00,138.46
2013-03-02,10232.08,3403.84,147.00,146.54
2013-03-03,10216.04,3403.82,148.00,134.41
2013-03-04,10208.02,3403.81,148.00,138.46
2013-03-05,10200.00,3403.80,148.00,138.46
2013-03-06,10192.00,3403.79,148.00,138.47
2013-03-07,10176.00,3403.77,148.00,134.43
2013-03-08,10136.00,3403.72,149.00,122.23
2013-03-09,10087.92,3403.66,146.00,116.36
2013-03-10,10040.00,3403.60,146.00,115.84
2013-03-11,9995.00,3403.54,147.00,117.31
2013-03-12,9965.00,3403.50,147.00,125.72
2013-03-13,9987.50,3403.53,150.00,153.84
2013-03-14,10064.06,3403.63,150.00,189.25
2013-03-15,10168.00,3403.76,153.00,204.89
2013-03-16,10344.00,3403.98,155.00,243.73
2013-03-17,10479.90,3404.15,155.00,223.52
2013-03-18,10584.00,3404.28,155.00,207.48
2013-03-19,10680.98,3404.39,155.00,205.03
2013-03-20,10746.00,3404.47,158.00,191.40
2013-03-21,10850.00,3404.60,158.00,210.06
2013-03-22,10946.00,3404.72,158.00,205.90
2013-03-23,11050.00,3404.85,158.00,209.93
2013-03-24,11153.00,3404.97,158.00,209.43
2013-03-25,11260.00,3405.10,158.00,211.47
2013-03-26,11284.06,3405.13,158.00,170.44
2013-03-27,11323.96,3405.18,160.00,179.88
2013-03-28,11364.00,3405.23,160.00,180.19
2013-03-29,11396.00,3405.27,160.00,176.13
2013-03-30,11447.07,3405.33,160.00,186.07
2013-03-31,11542.00,3405.44,163.00,210.31
2013-04-01,11719.90,3405.65,163.00,253.43
2013-04-02,12037.00,3406.03,168.00,328.67
2013-04-03,12440.00,3406.50,171.00,375.23
2013-04-04,13022.93,3407.17,177.00,471.01
2013-04-05,14408.00,3408.72,189.00,888.77
2013-04-06,15980.00,3410.40,202.00,994.68
2013-04-07,17180.05,3411.62,209.00,813.61
2013-04-08,17970.00,3412.41,209.00,607.27
2013-04-09,18590.00,3413.02,209.00,521.58
2013-04-10,19267.95,3413.68,213.00,552.86
2013-04-11,19975.13,3414.35,213.00,569.04
2013-04-12,20580.00,3414.92,213.00,517.45
2013-04-13,21046.16,3415.36,213.00,447.52
2013-04-14,21420.00,3415.70,213.00,400.98
2013-04-15,21718.00,3415.98,213.00,362.74
2013-04-16,21806.00,3416.06,269.00,318.03
2013-04-17,21762.00,3416.02,321.00,298.82
2013-04-18,21696.00,3415.96,321.00,287.47
2013-04-19,21564.11,3415.84,359.00,291.72
2013-04-20,21440.00,3415.72,381.00,318.66
2013-04-21,21299.00,3415.59,381.00,309.91
2013-04-22,21134.00,3415.44,381.00,297.53
2013-04-23,20940.00,3415.26,377.00,280.52
2013-04-24,20737.00,3415.07,377.00,274.15
2013-04-25,20516.16,3414.86,400.00,290.85
2013-04-26,20362.00,3414.72,425.00,345.25
2013-04-27,20406.00,3414.76,425.00,446.14
2013-04-28,20560.00,3414.90,425.00,502.72
2013-04-29,20693.00,3415.03,450.00,518.88
2013-04-30,20671.00,3415.01,470.00,457.37
2013-05-01,20590.00,3414.93,470.00,431.32
2013-05-02,20472.05,3414.82,480.00,420.59
2013-05-03,20450.00,3414.80,480.00,468.88
2013-05-04,20640.00,3414.98,480.00,577.90
2013-05-05,21068.21,3415.38,484.00,702.17
2013-05-06,21751.00,3416.01,487.00,836.96
2013-05-07,22774.00,3416.94,504.00,1022.36
2013-05-08,24044.00,3418.08,520.00,1164.95
2013-05-09,25654.00,3419.47,537.00,1354.77
2013-05-10,26992.03,3420.61,677.00,1365.66
2013-05-11,28324.00,3421.72,808.00,1489.71
2013-05-12,29637.00,3422.79,820.00,1492.95
2013-05-13,30830.00,3423.75,826.00,1445.68
2013-05-14,31611.22,3424.37,831.00,1241.79
2013-05-15,31840.00,3424.55,822.00,957.40
2013-05-16,32147.00,3424.79,632.00,813.29
2013-05-17,32591.81,3425.14,513.00,756.32
2013-05-18,32916.97,3425.39,512.00,695.93
2013-05-19,33190.00,3425.60,510.00,669.28
2013-05-20,33424.00,3425.78,509.00,648.47
2013-05-21,33749.00,3426.03,507.00,695.67
2013-05-22,34009.00,3426.23,512.00,666.36
2013-05-23,34087.00,3426.29,510.00,577.64
2013-05-24,34087.00,3426.29,509.00,536.81
2013-05-25,33996.00,3426.22,501.00,486.18
2013-05-26,33891.81,3426.14,500.00,476.75
2013-05-27,33891.81,3426.14,492.00,527.75
2013-05-28,34022.00,3426.24,491.00,594.08
2013-05-29,34243.00,3426.41,502.00,650.11
2013-05-30,34347.00,3426.49,530.00,620.87
2013-05-31,34269.00,3426.43,601.00,609.95
2013-06-01,34191.22,3426.37,625.00,632.04
2013-06-02,34152.13,3426.34,610.00,642.32
2013-06-03,34035.00,3426.25,664.00,653.36
2013-06-04,33904.84,3426.15,697.00,683.43
2013-06-05,33930.91,3426.17,696.00,699.78
2013-06-06,34152.13,3426.34,701.00,804.51
2013-06-07,34321.00,3426.47,727.00,806.26
2013-06-08,34321.00,3426.47,746.00,739.72
2013-06-09,34295.00,3426.45,745.00,730.66
2013-06-10,34165.16,3426.35,729.00,661.13
2013-06-11,33930.91,3426.17,701.00,580.60
2013-06-12,33853.03,3426.11,514.00,484.90
2013-06-13,33983.00,3426.21,381.00,449.29
2013-06-14,34100.00,3426.30,368.00,424.87
2013-06-15,34230.00,3426.40,373.00,439.67
2013-06-16,34347.00,3426.49,391.00,448.70
2013-06-17,34438.00,3426.56,421.00,467.62
2013-06-18,34347.00,3426.49,522.00,479.30
2013-06-19,34165.16,3426.35,546.00,450.17
2013-06-20,33956.97,3426.19,510.00,402.54
2013-06-21,33891.81,3426.14,412.00,378.40
2013-06-22,33956.97,3426.19,339.00,370.30
2013-06-23,34139.09,3426.33,299.00,390.28
2013-06-24,34282.00,3426.44,319.00,390.03
2013-06-25,34347.00,3426.49,335.00,363.83
2013-06-26,34425.00,3426.55,343.00,381.08
2013-06-27,34451.00,3426.57,352.00,361.69
2013-06-28,34451.00,3426.57,352.00,348.87
2013-06-29,34529.09,3426.63,361.00,397.19
2013-06-30,34477.00,3426.59,413.00,383.24
2013-07-01,34216.97,3426.39,500.00,369.92
2013-07-02,33891.81,3426.14,524.00,355.91
2013-07-03,33762.00,3426.04,384.00,322.61
2013-07-04,33710.00,3426.00,312.00,282.66
2013-07-05,33723.00,3426.01,250.00,256.67
2013-07-06,33762.00,3426.04,215.00,233.42
2013-07-07,33762.00,3426.04,216.00,212.50
2013-07-08,33736.00,3426.02,216.00,199.39
2013-07-09,33697.00,3425.99,216.00,191.69
2013-07-10,33645.00,3425.95,212.00,183.29
2013-07-11,33541.22,3425.87,213.00,156.68
2013-07-12,33437.00,3425.79,213.00,156.45
2013-07-13,33333.00,3425.71,213.00,156.57
2013-07-14,33190.00,3425.60,213.00,136.90
2013-07-15,33060.00,3425.50,213.00,143.46
2013-07-16,32930.00,3425.40,213.00,143.46
2013-07-17,32748.00,3425.26,213.00,116.62
2013-07-18,32591.81,3425.14,209.00,128.16
2013-07-19,32432.00,3425.01,209.00,124.93
2013-07-20,32264.25,3424.88,209.00,120.93
2013-07-21,32082.00,3424.74,209.00,113.27
2013-07-22,31900.00,3424.60,206.00,110.88
2013-07-23,31702.00,3424.44,206.00,102.17
2013-07-24,31508.00,3424.29,206.00,104.19
2013-07-25,31334.84,3424.15,202.00,112.82
2013-07-26,31140.00,3424.00,202.00,100.27
2013-07-27,30916.06,3423.82,202.00,85.60
2013-07-28,30717.87,3423.66,202.00,98.29
2013-07-29,30520.00,3423.50,202.00,97.01
2013-07-30,30306.09,3423.33,199.00,87.15
2013-07-31,30079.85,3423.15,216.00,99.73
2013-08-01,29835.00,3422.95,230.00,102.54
2013-08-02,29559.00,3422.73,227.00,84.43
2013-08-03,29292.00,3422.51,227.00,88.39
2013-08-04,29043.03,3422.31,227.00,97.48
2013-08-05,28790.00,3422.10,227.00,93.92
2013-08-06,28516.23,3421.88,223.00,81.48
2013-08-07,28263.91,3421.67,223.00,92.29
2013-08-08,28000.00,3421.45,223.00,84.75
2013-08-09,27784.00,3421.27,220.00,107.28
2013-08-10,27627.82,3421.14,220.00,137.26
2013-08-11,27352.00,3420.91,220.00,77.52
2013-08-12,27100.00,3420.70,220.00,88.95
2013-08-13,26836.00,3420.48,216.00,81.02
2013-08-14,26594.00,3420.27,216.00,90.49
2013-08-15,26306.00,3420.03,216.00,67.30
2013-08-16,26064.06,3419.82,216.00,89.15
2013-08-17,25800.00,3419.60,213.00,75.91
2013-08-18,25548.21,3419.38,213.00,82.06
2013-08-19,25267.82,3419.14,213.00,67.64
2013-08-20,25002.00,3418.91,209.00,73.14
2013-08-21,24737.95,3418.68,209.00,72.37
2013-08-22,24486.00,3418.46,209.00,78.48
2013-08-23,24238.00,3418.24,209.00,80.47
2013-08-24,23972.00,3418.01,206.00,69.15
2013-08-25,23704.00,3417.77,206.00,66.88
2013-08-26,23444.00,3417.54,206.00,70.92
2013-08-27,23202.05,3417.32,206.00,79.00
2013-08-28,22972.05,3417.12,202.00,82.72
2013-08-29,22741.00,3416.91,202.00,82.12
2013-08-30,22487.95,3416.68,202.00,70.68
2013-08-31,22246.00,3416.46,199.00,73.06
2013-09-01,21993.00,3416.23,199.00,67.45
2013-09-02,21751.00,3416.01,199.00,72.99
2013-09-03,21500.00,3415.78,199.00,67.22
2013-09-04,21244.00,3415.54,195.00,62.93
2013-09-05,21244.00,3415.54,199.00,194.58
2013-09-06,21068.21,3415.38,202.00,108.73
2013-09-07,20880.00,3415.20,195.00,97.16
2013-09-08,20660.00,3415.00,195.00,80.97
2013-09-09,20428.00,3414.78,192.00,72.39
2013-09-10,20207.00,3414.57,192.00,77.58
2013-09-11,19975.13,3414.35,192.00,75.10
2013-09-12,19730.05,3414.12,191.00,67.17
2013-09-13,19510.00,3413.91,188.00,78.06
2013-09-14,19267.95,3413.68,188.00,66.96
2013-09-15,19110.00,3413.53,188.00,109.37
2013-09-16,18814.00,3413.24,187.00,39.02
2013-09-17,18580.00,3413.01,184.00,68.02
2013-09-18,18340.00,3412.78,184.00,65.00
2013-09-19,18120.00,3412.56,183.00,75.05
2013-09-20,17872.05,3412.32,180.00,59.13
2013-09-21,17660.03,3412.11,180.00,76.10
2013-09-22,17487.00,3411.93,179.00,96.24
2013-09-23,17300.00,3411.74,179.00,88.72
2013-09-24,17110.00,3411.55,179.00,87.18
2013-09-25,16890.07,3411.33,182.00,75.50
2013-09-26,16670.03,3411.11,184.00,76.92
2013-09-27,16440.17,3410.87,181.00,70.12
2013-09-28,16820.00,3411.26,190.00,385.97
2013-09-29,17560.00,3412.01,192.00,570.73
2013-09-30,18969.97,3413.39,206.00,923.13
2013-10-01,19677.00,3414.07,199.00,563.62
2013-10-02,20050.00,3414.42,198.00,393.59
2013-10-03,20250.03,3414.61,198.00,306.35
2013-10-04,20362.00,3414.72,198.00,261.95
2013-10-05,20439.00,3414.79,198.00,244.32
2013-10-06,20516.16,3414.86,198.00,244.40
2013-10-07,20620.00,3414.96,197.00,257.89
2013-10-08,20737.00,3415.07,197.00,264.49
2013-10-09,20803.08,3415.13,197.00,238.82
2013-10-10,20813.84,3415.14,197.00,210.92
2013-10-11,20792.05,3415.12,197.00,194.52
2013-10-12,20770.00,3415.10,196.00,194.38
2013-10-13,20715.00,3415.05,196.00,177.77
2013-10-14,20630.00,3414.97,196.00,162.65
2013-10-15,20538.21,3414.88,196.00,158.57
2013-10-16,20417.00,3414.77,193.00,141.40
2013-10-17,20299.90,3414.66,192.00,142.96
2013-10-18,20163.00,3414.53,192.00,132.98
2013-10-19,20040.00,3414.41,192.00,139.99
2013-10-20,19887.00,3414.27,192.00,124.37
2013-10-21,19720.03,3414.11,189.00,115.87
2013-10-22,19570.00,3413.97,189.00,122.90
2013-10-23,19412.05,3413.82,189.00,118.87
2013-10-24,19245.89,3413.66,188.00,114.73
2013-10-25,19080.00,3413.50,188.00,114.86
2013-10-26,18920.10,3413.34,188.00,117.85
2013-10-27,18729.90,3413.16,188.00,102.54
2013-10-28,18559.00,3412.99,185.00,109.29
2013-10-29,18380.05,3412.82,185.00,104.78
2013-10-30,18199.85,3412.64,184.00,104.15
2013-10-31,18010.00,3412.45,184.00,99.28
2013-11-01,17810.00,3412.26,184.00,92.96
2013-11-02,17810.00,3412.26,184.00,195.04
2013-11-03,17689.85,3412.14,184.00,134.33
2013-11-04,17560.00,3412.01,181.00,127.17
2013-11-05,17460.00,3411.90,180.00,141.58
2013-11-06,17350.00,3411.79,180.00,136.54
2013-11-07,17620.00,3412.07,183.00,320.59
2013-11-08,17800.00,3412.25,183.00,274.52
2013-11-09,17861.03,3412.31,183.00,213.77
2013-11-10,17905.13,3412.35,183.00,205.27
2013-11-11,18020.00,3412.46,184.00,240.91
2013-11-12,18130.00,3412.57,187.00,240.79
2013-11-13,18270.00,3412.71,187.00,256.58
2013-11-14,18340.00,3412.78,187.00,221.29
2013-11-15,18449.97,3412.89,187.00,241.54
2013-11-16,18471.00,3412.91,188.00,196.60
2013-11-17,18515.00,3412.95,188.00,208.18
2013-11-18,18739.93,3413.17,191.00,302.57
2013-11-19,19488.97,3413.89,198.00,572.70
2013-11-20,19854.00,3414.24,198.00,379.03
2013-11-21,20060.00,3414.43,198.00,298.86
2013-11-22,20152.00,3414.52,198.00,241.38
2013-11-23,20207.00,3414.57,199.00,222.57
2013-11-24,20260.05,3414.62,199.00,220.98
2013-11-25,20260.05,3414.62,195.00,193.36
2013-11-26,20229.00,3414.59,196.00,176.60
2013-11-27,20185.00,3414.55,196.00,169.82
2013-11-28,20120.00,3414.49,196.00,159.23
2013-11-29,20070.00,3414.44,196.00,166.79
2013-11-30,19975.13,3414.35,197.00,144.17
2013-12-01,21145.00,3415.45,211.00,795.41
2013-12-02,22389.00,3416.59,215.00,836.60
2013-12-03,22895.00,3417.05,215.00,464.11
2013-12-04,23168.00,3417.29,215.00,346.64
2013-12-05,23323.00,3417.43,215.00,287.15
2013-12-06,23389.00,3417.49,216.00,242.28
2013-12-07,23400.00,3417.50,212.00,212.78
2013-12-08,23400.00,3417.50,213.00,206.05
2013-12-09,23400.00,3417.50,213.00,205.50
2013-12-10,23378.00,3417.48,213.00,194.41
2013-12-11,23356.00,3417.46,213.00,194.41
2013-12-12,23312.00,3417.42,213.00,183.32
2013-12-13,23235.13,3417.35,213.00,166.75
2013-12-14,23180.00,3417.30,213.00,177.70
2013-12-15,23084.00,3417.22,213.00,157.06
2013-12-16,22961.03,3417.11,213.00,141.92
2013-12-17,22851.00,3417.01,209.00,146.56
2013-12-18,22708.21,3416.88,209.00,130.01
2013-12-19,22576.00,3416.76,209.00,135.34
2013-12-20,22443.84,3416.64,209.00,135.37
2013-12-21,22312.00,3416.52,209.00,135.46
2013-12-22,22147.19,3416.37,206.00,116.06
2013-12-23,22070.00,3416.30,206.00,161.26
2013-12-24,22004.00,3416.24,206.00,165.26
2013-12-25,21883.08,3416.13,206.00,137.54
2013-12-26,21751.00,3416.01,206.00,131.91
2013-12-27,21597.19,3415.87,206.00,120.88
2013-12-28,21450.00,3415.73,202.00,121.80
2013-12-29,21266.00,3415.56,202.00,102.23
2013-12-30,21123.00,3415.43,202.00,122.90
2013-12-31,20960.00,3415.28,202.00,112.82
2014-01-01,20792.05,3415.12,202.00,110.33
2014-01-02,20682.00,3415.02,202.00,138.17
2014-01-03,20516.16,3414.86,202.00,110.09
2014-01-04,20329.97,3414.69,199.00,98.13
2014-01-05,20141.00,3414.51,199.00,96.73
2014-01-06,19953.08,3414.33,199.00,97.26
2014-01-07,19789.95,3414.18,195.00,108.21
2014-01-08,19720.03,3414.11,195.00,143.23
2014-01-09,19590.00,3413.99,195.00,112.05
2014-01-10,19478.21,3413.88,195.00,121.13
2014-01-11,19769.90,3414.16,202.00,330.36
2014-01-12,19843.00,3414.23,199.00,218.34
2014-01-13,19854.00,3414.24,202.00,188.55
2014-01-14,19865.00,3414.25,199.00,186.22
2014-01-15,19843.00,3414.23,199.00,168.91
2014-01-16,19810.00,3414.20,199.00,163.36
2014-01-17,19740.07,3414.13,199.00,144.71
2014-01-18,19677.00,3414.07,199.00,147.15
2014-01-19,19580.00,3413.98,195.00,128.13
2014-01-20,19467.19,3413.87,195.00,120.12
2014-01-21,19360.00,3413.77,195.00,122.96
2014-01-22,19256.92,3413.67,195.00,125.03
2014-01-23,19130.00,3413.55,195.00,113.01
2014-01-24,19020.00,3413.44,195.00,121.48
2014-01-25,18880.00,3413.30,192.00,103.99
2014-01-26,18749.95,3413.18,192.00,108.43
2014-01-27,18630.00,3413.06,192.00,113.52
2014-01-28,18504.00,3412.94,192.00,110.47
2014-01-29,18580.00,3413.01,192.00,213.44
2014-01-30,18548.00,3412.98,192.00,157.87
2014-01-31,18504.00,3412.94,192.00,151.82
2014-02-01,18420.15,3412.86,192.00,131.72
2014-02-02,18330.00,3412.77,192.00,128.43
2014-02-03,18239.95,3412.68,189.00,126.02
2014-02-04,18120.00,3412.56,189.00,110.52
2014-02-05,18010.00,3412.45,189.00,115.54
2014-02-06,17770.00,3412.22,189.00,50.00
2014-02-07,17580.00,3412.03,189.00,93.21
2014-02-08,17478.00,3411.92,189.00,137.57
2014-02-09,17360.00,3411.80,186.00,127.52
2014-02-10,17310.00,3411.75,186.00,162.04
2014-02-11,17260.00,3411.70,186.00,161.78
2014-02-12,17320.00,3411.76,189.00,220.08
2014-02-13,17400.10,3411.84,189.00,230.15
2014-02-14,17460.00,3411.90,189.00,219.23
2014-02-15,17505.00,3411.95,189.00,211.84
2014-02-16,17523.00,3411.97,189.00,198.43
2014-02-17,17560.00,3412.01,189.00,208.61
2014-02-18,17580.00,3412.03,189.00,199.71
2014-02-19,17541.00,3411.99,189.00,169.34
2014-02-20,17505.00,3411.95,189.00,170.85
2014-02-21,17430.17,3411.87,189.00,151.27
2014-02-22,17340.00,3411.78,189.00,142.41
2014-02-23,17219.90,3411.66,186.00,125.64
2014-02-24,17120.00,3411.56,186.00,135.63
2014-02-25,17000.00,3411.44,186.00,125.50
2014-02-26,16850.00,3411.29,186.00,110.37
2014-02-27,16709.88,3411.15,186.00,115.35
2014-02-28,16542.00,3410.98,186.00,101.36
2014-03-01,16430.15,3410.86,186.00,129.61
2014-03-02,16390.05,3410.82,186.00,165.63
2014-03-03,16350.00,3410.78,186.00,165.36
2014-03-04,16420.12,3410.85,189.00,224.31
2014-03-05,16949.97,3411.39,199.00,465.71
2014-03-06,18180.05,3412.62,209.00,829.16
2014-03-07,19191.03,3413.61,209.00,718.70
2014-03-08,20080.00,3414.45,213.00,660.09
2014-03-09,22147.19,3416.37,227.00,1269.60
2014-03-10,23806.16,3417.86,234.00,1070.45
2014-03-11,24868.00,3418.79,237.00,772.34
2014-03-12,25630.00,3419.45,237.00,621.18
2014-03-13,26215.00,3419.95,237.00,531.94
2014-03-14,26390.00,3420.10,445.00,536.36
2014-03-15,26016.00,3419.78,715.00,484.84
2014-03-16,25800.00,3419.60,715.00,565.74
2014-03-17,25666.00,3419.48,715.00,605.88
2014-03-18,25315.94,3419.18,708.00,491.44
2014-03-19,25026.00,3418.93,645.00,459.86
2014-03-20,24661.03,3418.61,592.00,373.71
2014-03-21,24250.00,3418.25,592.00,345.87
2014-03-22,23784.11,3417.84,586.00,312.83
2014-03-23,23290.00,3417.40,580.00,293.29
2014-03-24,22752.00,3416.92,574.00,264.91
2014-03-25,22301.00,3416.51,568.00,304.62
2014-03-26,21806.00,3416.06,562.00,278.22
2014-03-27,21321.03,3415.61,556.00,278.15
2014-03-28,20900.00,3415.22,556.00,306.92
2014-03-29,20483.08,3414.83,550.00,303.80
2014-03-30,20030.00,3414.40,544.00,281.17
2014-03-31,19530.00,3413.93,538.00,250.76
2014-04-01,19256.92,3413.67,410.00,249.20
2014-04-02,19120.00,3413.54,321.00,227.97
2014-04-03,19000.00,3413.42,321.00,236.50
2014-04-04,18900.05,3413.32,305.00,229.59
2014-04-05,18836.00,3413.26,293.00,236.71
2014-04-06,18825.00,3413.25,293.00,263.98
2014-04-07,18836.00,3413.26,293.00,276.50
2014-04-08,18950.17,3413.37,297.00,331.75
2014-04-09,19290.00,3413.70,301.00,448.68
2014-04-10,19590.00,3413.99,305.00,431.58
2014-04-11,19720.03,3414.11,368.00,407.22
2014-04-12,19779.93,3414.17,410.00,411.20
2014-04-13,19821.00,3414.21,410.00,401.71
2014-04-14,19832.00,3414.22,410.00,386.55
2014-04-15,19854.00,3414.24,410.00,392.14
2014-04-16,19854.00,3414.24,410.00,410.91
2014-04-17,19975.13,3414.35,414.00,475.03
2014-04-18,20163.00,3414.53,413.00,509.72
2014-04-19,20279.85,3414.64,412.00,473.91
2014-04-20,20309.93,3414.67,411.00,430.16
2014-04-21,20362.00,3414.72,410.00,441.51
2014-04-22,20395.00,3414.75,409.00,432.24
2014-04-23,20516.16,3414.86,408.00,478.17
2014-04-24,20824.87,3415.15,422.00,584.86
2014-04-25,21046.16,3415.36,416.00,537.27
2014-04-26,21145.00,3415.45,415.00,474.83
2014-04-27,21167.00,3415.47,414.00,436.09
2014-04-28,21112.00,3415.42,408.00,394.22
2014-04-29,21024.11,3415.34,407.00,375.69
2014-04-30,20960.00,3415.28,406.00,387.68
2014-05-01,21035.13,3415.35,405.00,458.84
2014-05-02,21460.00,3415.74,411.00,629.05
2014-05-03,22235.00,3416.45,421.00,811.82
2014-05-04,23060.00,3417.20,432.00,846.95
2014-05-05,23817.19,3417.87,437.00,816.75
2014-05-06,24398.21,3418.38,443.00,731.06
2014-05-07,24856.00,3418.78,443.00,670.59
2014-05-08,25232.03,3419.11,494.00,685.48
2014-05-09,25712.00,3419.52,543.00,780.17
2014-05-10,25992.00,3419.76,544.00,681.76
2014-05-11,26147.97,3419.89,544.00,616.64
2014-05-12,26226.00,3419.96,545.00,577.34
2014-05-13,26342.00,3420.06,545.00,596.48
2014-05-14,26728.97,3420.39,552.00,736.26
2014-05-15,27627.82,3421.14,559.00,1005.45
2014-05-16,28706.00,3422.03,698.00,1234.04
2014-05-17,29459.85,3422.65,811.00,1182.02
2014-05-18,29924.00,3423.02,818.00,1042.74
2014-05-19,30115.94,3423.18,819.00,905.21
2014-05-20,30354.21,3423.37,750.00,854.89
2014-05-21,30704.84,3423.65,708.00,870.78
2014-05-22,31192.00,3424.04,716.00,944.39
2014-05-23,31977.87,3424.66,724.00,1106.33
2014-05-24,32696.00,3425.22,739.00,1082.71
2014-05-25,33151.00,3425.57,767.00,982.49
2014-05-26,33593.00,3425.91,796.00,1021.84
2014-05-27,33866.06,3426.12,797.00,936.67
2014-05-28,33943.94,3426.18,798.00,817.26
2014-05-29,33814.00,3426.08,791.00,706.62
2014-05-30,33606.00,3425.92,785.00,661.87
2014-05-31,33593.00,3425.91,715.00,686.97
2014-06-01,33762.00,3426.04,666.00,751.28
2014-06-02,34061.00,3426.27,666.00,819.41
2014-06-03,34373.00,3426.51,701.00,856.81
2014-06-04,34386.00,3426.52,862.00,875.38
2014-06-05,34243.00,3426.41,914.00,843.32
2014-06-06,34126.06,3426.32,827.00,765.98
2014-06-07,34035.00,3426.25,764.00,720.90
2014-06-08,33996.00,3426.22,757.00,739.56
2014-06-09,34022.00,3426.24,757.00,770.18
2014-06-10,33891.81,3426.14,813.00,746.23
2014-06-11,33736.00,3426.02,743.00,664.48
2014-06-12,33632.00,3425.94,680.00,627.57
2014-06-13,33723.00,3426.01,574.00,622.13
2014-06-14,33710.00,3426.00,514.00,507.45
2014-06-15,33736.00,3426.02,465.00,478.75
2014-06-16,33814.00,3426.08,425.00,466.69
2014-06-17,33827.00,3426.09,425.00,431.81
2014-06-18,33814.00,3426.08,425.00,418.45
2014-06-19,33866.06,3426.12,425.00,451.20
2014-06-20,33970.00,3426.20,425.00,477.19
2014-06-21,34035.00,3426.25,425.00,457.74
2014-06-22,34035.00,3426.25,425.00,424.64
2014-06-23,34113.03,3426.31,425.00,464.24
2014-06-24,34256.00,3426.42,430.00,499.81
2014-06-25,34334.00,3426.48,435.00,475.63
2014-06-26,34282.00,3426.44,526.00,505.20
2014-06-27,34152.13,3426.34,586.00,518.96
2014-06-28,34061.00,3426.27,580.00,532.59
2014-06-29,33879.09,3426.13,574.00,482.32
2014-06-30,33723.00,3426.01,502.00,427.15
2014-07-01,33671.00,3425.97,420.00,392.81
2014-07-02,33736.00,3426.02,381.00,413.77
2014-07-03,33775.00,3426.05,381.00,400.66
2014-07-04,33775.00,3426.05,381.00,381.00
2014-07-05,33762.00,3426.04,350.00,345.63
2014-07-06,33788.00,3426.06,329.00,340.15
2014-07-07,33827.00,3426.09,325.00,346.64
2014-07-08,33814.00,3426.08,325.00,318.55
2014-07-09,33788.00,3426.06,325.00,311.89
2014-07-10,33710.00,3426.00,325.00,285.67
2014-07-11,33580.00,3425.90,325.00,257.81
2014-07-12,33450.00,3425.80,321.00,256.46
2014-07-13,33293.94,3425.68,321.00,242.32
2014-07-14,33177.00,3425.59,285.00,227.01
2014-07-15,33099.00,3425.53,255.00,215.54
2014-07-16,33021.00,3425.47,255.00,215.17
2014-07-17,32904.25,3425.38,255.00,195.28
2014-07-18,32761.00,3425.27,255.00,181.20
2014-07-19,32604.84,3425.15,251.00,172.38
2014-07-20,32456.00,3425.03,251.00,175.96
2014-07-21,32290.00,3424.90,251.00,167.31
2014-07-22,32186.06,3424.82,251.00,198.78
2014-07-23,32147.00,3424.79,255.00,234.50
2014-07-24,32030.00,3424.70,251.00,192.01
2014-07-25,31876.00,3424.58,251.00,173.36
2014-07-26,31715.00,3424.45,251.00,168.10
2014-07-27,31546.06,3424.32,248.00,162.33
2014-07-28,31360.90,3424.17,248.00,154.04
2014-07-29,31166.00,3424.02,244.00,147.18
2014-07-30,30955.16,3423.85,244.00,137.74
2014-07-31,30743.94,3423.68,244.00,137.51
2014-08-01,30556.00,3423.53,244.00,149.39
2014-08-02,30330.15,3423.35,244.00,130.13
2014-08-03,30140.00,3423.20,244.00,149.32
2014-08-04,29924.00,3423.02,244.00,135.12
2014-08-05,29686.09,3422.83,240.00,122.10
2014-08-06,29447.82,3422.64,239.00,120.38
2014-08-07,29208.00,3422.44,238.00,119.59
2014-08-08,28958.00,3422.24,237.00,113.46
2014-08-09,28718.00,3422.04,232.00,116.07
2014-08-10,28468.12,3421.84,231.00,111.02
2014-08-11,28216.09,3421.63,230.00,109.94
2014-08-12,28096.00,3421.53,233.00,178.93
2014-08-13,28036.00,3421.48,232.00,209.27
2014-08-14,27868.12,3421.34,227.00,152.36
2014-08-15,27675.94,3421.18,226.00,140.11
2014-08-16,27472.00,3421.01,225.00,133.14
2014-08-17,27244.06,3420.82,221.00,118.62
2014-08-18,27027.82,3420.64,220.00,124.48
2014-08-19,26663.08,3420.33,280.00,113.18
2014-08-20,26204.00,3419.94,319.00,104.73
2014-08-21,25756.00,3419.56,314.00,108.45
2014-08-22,25327.97,3419.19,313.00,118.97
2014-08-23,24891.03,3418.81,312.00,112.71
2014-08-24,24453.00,3418.43,311.00,111.52
2014-08-25,24020.00,3418.05,305.00,110.70
2014-08-26,23575.89,3417.66,304.00,103.24
2014-08-27,23168.00,3417.29,299.00,91.35
2014-08-28,22730.00,3416.90,294.00,73.03
2014-08-29,22301.00,3416.51,293.00,76.71
2014-08-30,21872.05,3416.12,289.00,74.26
2014-08-31,21460.00,3415.74,288.00,81.26
2014-09-01,21024.11,3415.34,284.00,66.47
2014-09-02,20715.00,3415.05,236.00,83.15
2014-09-03,20450.00,3414.80,197.00,64.90
2014-09-04,20196.00,3414.56,197.00,70.15
2014-09-05,19942.05,3414.32,193.00,67.17
2014-09-06,19699.00,3414.09,193.00,72.46
2014-09-07,19445.13,3413.85,190.00,65.43
2014-09-08,19180.00,3413.60,190.00,58.33
2014-09-09,18940.15,3413.36,189.00,71.07
2014-09-10,18680.03,3413.11,186.00,59.18
2014-09-11,18420.15,3412.86,186.00,57.98
2014-09-12,18170.03,3412.61,186.00,61.60
2014-09-13,17916.16,3412.36,182.00,58.01
2014-09-14,17670.05,3412.12,182.00,61.92
2014-09-15,17430.17,3411.87,179.00,63.55
2014-09-16,17190.07,3411.63,179.00,61.95
2014-09-17,16960.00,3411.40,178.00,67.00
2014-09-18,16709.88,3411.15,178.00,56.90
2014-09-19,16470.00,3410.90,178.00,60.58
2014-09-20,16229.90,3410.66,175.00,58.95
2014-09-21,16010.00,3410.43,174.00,69.13
2014-09-22,15780.98,3410.19,174.00,63.39
2014-09-23,15564.00,3409.96,171.00,67.67
2014-09-24,15374.00,3409.76,171.00,81.74
2014-09-25,15200.00,3409.57,171.00,89.27
2014-09-26,14990.12,3409.35,171.00,71.19
2014-09-27,14787.07,3409.13,168.00,71.92
2014-09-28,14560.98,3408.89,168.00,60.01
2014-09-29,14362.93,3408.67,168.00,73.45
2014-09-30,14129.00,3408.41,165.00,53.06
2014-10-01,13912.93,3408.17,165.00,62.07
2014-10-02,13697.00,3407.93,163.00,60.52
2014-10-03,13480.98,3407.69,163.00,59.09
2014-10-04,13265.00,3407.45,163.00,59.11
2014-10-05,13068.00,3407.22,160.00,66.60
2014-10-06,12852.00,3406.98,160.00,56.10
2014-10-07,12646.00,3406.74,160.00,60.19
2014-10-08,12440.00,3406.50,158.00,58.67
2014-10-09,12225.00,3406.25,158.00,54.08
2014-10-10,12028.00,3406.02,155.00,61.21
2014-10-11,11840.00,3405.80,155.00,65.72
2014-10-12,11653.00,3405.57,155.00,65.72
2014-10-13,11465.11,3405.35,155.00,64.27
2014-10-14,11284.06,3405.13,153.00,66.56
2014-10-15,11153.00,3404.97,153.00,91.82
2014-10-16,11002.00,3404.79,153.00,81.37
2014-10-17,10921.98,3404.69,153.00,117.79
2014-10-18,10866.04,3404.62,153.00,129.86
2014-10-19,10738.00,3404.46,150.00,91.58
2014-10-20,10645.11,3404.35,150.00,108.38
2014-10-21,10544.00,3404.23,150.00,104.02
2014-10-22,10762.00,3404.49,153.00,268.62
2014-10-23,11260.00,3405.10,158.00,413.30
2014-10-24,11518.00,3405.41,155.00,291.23
2014-10-25,11808.00,3405.76,158.00,309.19
2014-10-26,12189.00,3406.21,160.00,357.09
2014-10-27,12431.00,3406.49,160.00,287.01
2014-10-28,12771.98,3406.89,165.00,341.47
2014-10-29,13598.04,3407.82,168.00,589.99
2014-10-30,14192.00,3408.48,171.00,476.37
2014-10-31,15180.00,3409.55,177.00,681.12
2014-11-01,15709.02,3410.11,177.00,450.70
2014-11-02,16030.00,3410.45,180.00,347.83
2014-11-03,16340.00,3410.77,180.00,342.29
2014-11-04,17160.00,3411.60,183.00,602.40
2014-11-05,17699.88,3412.15,183.00,462.49
2014-11-06,18310.00,3412.75,189.00,501.43
2014-11-07,18749.95,3413.18,189.00,416.81
2014-11-08,19040.00,3413.46,189.00,335.23
2014-11-09,19340.00,3413.75,192.00,343.34
2014-11-10,19570.00,3413.97,192.00,308.32
2014-11-11,19644.00,3414.04,192.00,229.42
2014-11-12,19666.00,3414.06,192.00,204.28
2014-11-13,19666.00,3414.06,192.00,192.44
2014-11-14,19633.00,3414.03,192.00,175.39
2014-11-15,19570.00,3413.97,192.00,160.24
2014-11-16,19488.97,3413.89,192.00,151.15
2014-11-17,19390.00,3413.80,192.00,142.10
2014-11-18,19278.97,3413.69,192.00,136.02
2014-11-19,19170.00,3413.59,192.00,137.06
2014-11-20,19070.00,3413.49,192.00,141.13
2014-11-21,19100.00,3413.52,192.00,207.22
2014-11-22,19140.00,3413.56,192.00,212.93
2014-11-23,19191.03,3413.61,195.00,219.38
2014-11-24,19170.00,3413.59,192.00,181.48
2014-11-25,20835.89,3415.16,213.00,1052.37
2014-11-26,22631.03,3416.81,216.00,1119.50
2014-11-27,24321.03,3418.31,220.00,1070.65
2014-11-28,26426.09,3420.13,227.00,1289.39
2014-11-29,27988.00,3421.44,234.00,1021.18
2014-11-30,28766.00,3422.08,234.00,625.78
2014-12-01,29160.00,3422.40,293.00,493.64
2014-12-02,29095.16,3422.35,425.00,392.71
2014-12-03,28778.00,3422.09,480.00,321.25
2014-12-04,28408.00,3421.79,480.00,292.03
2014-12-05,28024.00,3421.47,475.00,281.40
2014-12-06,27712.00,3421.21,475.00,316.32
2014-12-07,27304.21,3420.87,470.00,264.40
2014-12-08,26752.00,3420.41,514.00,236.41
2014-12-09,26485.94,3420.18,624.00,493.65
2014-12-10,26522.00,3420.21,680.00,699.53
2014-12-11,26497.97,3420.19,687.00,673.10
2014-12-12,26282.00,3420.01,687.00,577.97
2014-12-13,25847.82,3419.64,680.00,461.91
2014-12-14,25303.91,3419.17,673.00,400.42
2014-12-15,24683.08,3418.63,666.00,350.85
2014-12-16,24020.00,3418.05,659.00,321.74
2014-12-17,23422.00,3417.52,586.00,285.94
2014-12-18,22873.00,3417.03,547.00,267.15
2014-12-19,22334.00,3416.54,544.00,266.04
2014-12-20,22004.00,3416.24,547.00,369.47
2014-12-21,22268.00,3416.48,556.00,674.76
2014-12-22,22191.00,3416.41,552.00,499.68
2014-12-23,21982.00,3416.22,555.00,431.10
2014-12-24,21948.97,3416.19,558.00,518.41
2014-12-25,21674.00,3415.94,555.00,393.31
2014-12-26,21299.00,3415.59,552.00,337.78
2014-12-27,20900.00,3415.22,549.00,320.74
2014-12-28,20428.00,3414.78,546.00,278.44
2014-12-29,19909.00,3414.29,549.00,250.06
2014-12-30,19434.11,3413.84,481.00,211.93
2014-12-31,19130.00,3413.55,375.00,192.08
2015-01-01,18825.00,3413.25,378.00,189.54
2015-01-02,18537.00,3412.97,371.00,193.61
2015-01-03,18239.95,3412.68,373.00,187.24
2015-01-04,18080.00,3412.52,375.00,255.88
2015-01-05,18537.00,3412.97,386.00,576.57
2015-01-06,18781.00,3413.21,388.00,467.98
2015-01-07,18880.00,3413.30,391.00,394.91
2015-01-08,18930.12,3413.35,361.00,341.10
2015-01-09,18969.97,3413.39,341.00,316.55
2015-01-10,18969.97,3413.39,339.00,293.98
2015-01-11,18940.15,3413.36,341.00,277.96
2015-01-12,18930.12,3413.35,307.00,253.33
2015-01-13,18980.00,3413.40,258.00,284.36
2015-01-14,19050.00,3413.47,237.00,275.79
2015-01-15,19140.00,3413.56,237.00,286.02
2015-01-16,19202.05,3413.62,237.00,271.79
2015-01-17,19467.19,3413.87,241.00,377.98
2015-01-18,20846.92,3415.17,258.00,956.81
2015-01-19,21597.19,3415.87,255.00,636.26
2015-01-20,22114.11,3416.34,255.00,518.61
2015-01-21,22487.95,3416.68,255.00,446.66
2015-01-22,22741.00,3416.91,269.00,401.70
2015-01-23,23004.87,3417.15,293.00,431.01
2015-01-24,23632.00,3417.71,297.00,617.99
2015-01-25,24310.00,3418.30,301.00,647.72
2015-01-26,24868.00,3418.79,305.00,590.74
2015-01-27,25352.00,3419.21,309.00,556.98
2015-01-28,25712.00,3419.52,309.00,494.50
2015-01-29,25992.00,3419.76,309.00,454.17
2015-01-30,26204.00,3419.94,309.00,419.88
2015-01-31,26342.00,3420.06,309.00,382.58
2015-02-01,26473.91,3420.17,309.00,379.51
2015-02-02,26641.03,3420.31,309.00,397.25
2015-02-03,26764.00,3420.42,309.00,375.00
2015-02-04,26872.00,3420.51,309.00,367.45
2015-02-05,27304.21,3420.87,313.00,536.42
2015-02-06,29095.16,3422.35,329.00,1237.48
2015-02-07,31296.06,3424.12,345.00,1460.74
2015-02-08,33099.00,3425.53,354.00,1267.55
2015-02-09,33917.87,3426.16,562.00,998.37
2015-02-10,34282.00,3426.44,799.00,980.39
2015-02-11,34216.97,3426.39,813.00,782.07
2015-02-12,33904.84,3426.15,784.00,630.11
2015-02-13,33762.00,3426.04,609.00,551.98
2015-02-14,33749.00,3426.03,474.00,470.76
2015-02-15,33749.00,3426.03,429.00,432.45
2015-02-16,33736.00,3426.02,404.00,398.45
2015-02-17,33749.00,3426.03,348.00,360.81
2015-02-18,33866.06,3426.12,272.00,334.30
2015-02-19,34022.00,3426.24,246.00,326.57
2015-02-20,34126.06,3426.32,250.00,304.03
2015-02-21,34178.19,3426.36,253.00,281.36
2015-02-22,34204.25,3426.38,256.00,269.41
2015-02-23,34191.22,3426.37,253.00,248.35
2015-02-24,34139.09,3426.33,263.00,240.54
2015-02-25,34048.00,3426.26,267.00,224.93
2015-02-26,33970.00,3426.20,266.00,229.59
2015-02-27,33891.81,3426.14,266.00,229.33
2015-02-28,33775.00,3426.05,263.00,206.25
2015-03-01,33671.00,3425.97,241.00,192.33
2015-03-02,33671.00,3425.97,190.00,192.10
2015-03-03,33710.00,3426.00,160.00,184.02
2015-03-04,33762.00,3426.04,150.00,178.72
2015-03-05,33801.00,3426.07,150.00,172.08
2015-03-06,33840.00,3426.10,148.00,170.24
2015-03-07,33879.09,3426.13,148.00,169.71
2015-03-08,33904.84,3426.15,147.00,162.98
2015-03-09,33930.91,3426.17,147.00,163.14
2015-03-10,33970.00,3426.20,147.00,169.71
2015-03-11,34009.00,3426.23,147.00,169.66
2015-03-12,34087.00,3426.29,147.00,189.33
2015-03-13,34178.19,3426.36,149.00,198.11
2015-03-14,34386.00,3426.52,353.00,507.50
2015-03-15,34593.94,3426.68,976.00,1104.27
2015-03-16,34113.03,3426.31,1127.00,892.01
2015-03-17,33879.09,3426.13,712.00,605.48
2015-03-18,33930.91,3426.17,423.00,463.20
2015-03-19,34022.00,3426.24,361.00,413.24
2015-03-20,34035.00,3426.25,361.00,372.32
2015-03-21,34139.09,3426.33,361.00,419.91
2015-03-22,34165.16,3426.35,360.00,380.64
2015-03-23,34139.09,3426.33,360.00,353.80
2015-03-24,34113.03,3426.31,356.00,351.71
2015-03-25,34061.00,3426.27,355.00,336.77
2015-03-26,34009.00,3426.23,396.00,377.89
2015-03-27,33956.97,3426.19,426.00,409.08
2015-03-28,33983.00,3426.21,426.00,448.80
2015-03-29,33917.87,3426.16,426.00,403.18
2015-03-30,33917.87,3426.16,364.00,373.27
2015-03-31,34022.00,3426.24,313.00,373.79
2015-04-01,33970.00,3426.20,313.00,294.91
2015-04-02,33996.00,3426.22,281.00,303.17
2015-04-03,34035.00,3426.25,262.00,288.66
2015-04-04,34022.00,3426.24,262.00,247.83
2015-04-05,33996.00,3426.22,262.00,241.14
2015-04-06,33970.00,3426.20,241.00,221.16
2015-04-07,33983.00,3426.21,220.00,219.42
2015-04-08,33970.00,3426.20,220.00,205.95
2015-04-09,33970.00,3426.20,206.00,199.71
2015-04-10,33996.00,3426.22,192.00,199.14
2015-04-11,34022.00,3426.24,202.00,208.40
2015-04-12,33983.00,3426.21,209.00,182.34
2015-04-13,33956.97,3426.19,209.00,188.88
2015-04-14,33904.84,3426.15,209.00,175.72
2015-04-15,33827.00,3426.09,209.00,162.68
2015-04-16,33762.00,3426.04,209.00,168.39
2015-04-17,33697.00,3425.99,206.00,166.70
2015-04-18,33658.00,3425.96,206.00,178.84
2015-04-19,33619.00,3425.93,206.00,178.84
2015-04-20,33606.00,3425.92,206.00,191.95
2015-04-21,33632.00,3425.94,206.00,211.61
2015-04-22,33645.00,3425.95,206.00,205.05
2015-04-23,33671.00,3425.97,206.00,211.94
2015-04-24,33671.00,3425.97,206.00,199.85
2015-04-25,33658.00,3425.96,206.00,193.11
2015-04-26,33619.00,3425.93,206.00,178.98
2015-04-27,33566.97,3425.89,206.00,172.27
2015-04-28,33566.97,3425.89,206.00,198.50
2015-04-29,33566.97,3425.89,206.00,198.50
2015-04-30,33580.00,3425.90,195.00,196.27
2015-05-01,33606.00,3425.92,183.00,194.87
2015-05-02,33671.00,3425.97,174.00,206.77
2015-05-03,33749.00,3426.03,174.00,213.33
2015-05-04,33853.03,3426.11,174.00,226.51
2015-05-05,33943.94,3426.18,177.00,221.75
2015-05-06,33996.00,3426.20,177.00,203.25
2015-05-07,34022.00,3426.24,177.00,190.11
2015-05-08,34048.00,3426.26,177.00,190.11
2015-05-09,34074.00,3426.28,177.00,190.11
2015-05-10,34139.09,3426.33,177.00,209.82
2015-05-11,34216.97,3426.39,177.00,216.26
2015-05-12,34490.00,3426.60,221.00,354.46
2015-05-13,34347.00,3426.49,450.00,383.19
2015-05-14,34009.00,3426.23,490.00,309.00
2015-05-15,33891.81,3426.14,317.00,254.49
2015-05-16,33983.00,3426.21,223.00,259.70
2015-05-17,34061.00,3426.27,227.00,255.29
2015-05-18,34139.09,3426.33,227.00,256.05
2015-05-19,34191.22,3426.37,230.00,247.00
2015-05-20,34243.00,3426.41,234.00,249.10
2015-05-21,34243.00,3426.41,265.00,256.04
2015-05-22,34191.22,3426.37,325.00,286.04
2015-05-23,34048.00,3426.26,345.00,262.06
2015-05-24,33943.94,3426.18,303.00,255.07
2015-05-25,33891.81,3426.14,261.00,246.72
2015-05-26,33866.06,3426.12,234.00,238.77
2015-05-27,33866.06,3426.12,201.00,222.45
2015-05-28,33930.91,3426.17,163.00,220.39
2015-05-29,33996.00,3426.22,152.00,206.82
2015-05-30,34061.00,3426.27,152.00,206.83
2015-05-31,34087.00,3426.29,152.00,187.14
2015-06-01,34139.09,3426.33,155.00,204.17
2015-06-02,34126.06,3426.32,171.00,190.66
2015-06-03,34061.00,3426.27,186.00,178.91
2015-06-04,34009.00,3426.23,183.00,182.78
2015-06-05,33930.91,3426.17,183.00,168.44
2015-06-06,33840.00,3426.10,168.00,145.85
2015-06-07,33762.00,3426.04,160.00,143.67
2015-06-08,33684.00,3425.98,160.00,142.85
2015-06-09,33593.00,3425.91,157.00,135.01
2015-06-10,33476.06,3425.82,157.00,121.04
2015-06-11,33372.00,3425.74,150.00,119.08
2015-06-12,33241.81,3425.64,142.00,96.86
2015-06-13,33151.00,3425.57,142.00,116.72
2015-06-14,33034.00,3425.48,142.00,103.51
2015-06-15,32930.00,3425.40,142.00,110.07
2015-06-16,32800.00,3425.30,142.00,96.96
2015-06-17,32670.00,3425.20,142.00,96.93
2015-06-18,32553.03,3425.11,142.00,102.79
2015-06-19,32420.00,3425.00,140.00,93.42
2015-06-20,32290.00,3424.90,140.00,95.08
2015-06-21,32160.00,3424.80,140.00,94.46
2015-06-22,32016.97,3424.69,140.00,87.89
2015-06-23,31876.00,3424.58,140.00,88.93
2015-06-24,31741.00,3424.47,140.00,91.94
2015-06-25,31611.22,3424.37,140.00,94.49
2015-06-26,31472.00,3424.26,140.00,88.73
2015-06-27,31334.84,3424.15,137.00,88.35
2015-06-28,31192.00,3424.04,137.00,85.48
2015-06-29,31068.00,3423.94,137.00,94.98
2015-06-30,30929.10,3423.83,137.00,86.97
2015-07-01,30756.97,3423.69,142.00,53.53
2015-07-02,30580.00,3423.55,147.00,54.75
2015-07-03,30403.00,3423.41,145.00,53.39
2015-07-04,30218.00,3423.26,145.00,49.23
2015-07-05,30032.03,3423.11,145.00,48.74
2015-07-06,29848.00,3422.96,145.00,49.72
2015-07-07,29662.03,3422.81,145.00,48.74
2015-07-08,29483.91,3422.67,145.00,51.75
2015-07-09,29292.00,3422.51,142.00,43.32
2015-07-10,29133.94,3422.38,142.00,60.41
2015-07-11,28922.00,3422.21,142.00,33.15
2015-07-12,28718.00,3422.04,142.00,37.15
2015-07-13,28527.97,3421.89,142.00,44.19
2015-07-14,28348.00,3421.74,142.00,49.26
2015-07-15,28168.00,3421.59,142.00,48.20
2015-07-16,27964.00,3421.42,140.00,34.68
2015-07-17,27796.00,3421.28,140.00,52.80
2015-07-18,27604.06,3421.12,140.00,40.73
2015-07-19,27424.00,3420.97,140.00,46.72
2015-07-20,27232.03,3420.81,140.00,40.71
2015-07-21,27027.82,3420.64,140.00,34.42
2015-07-22,26836.00,3420.48,140.00,39.86
2015-07-23,26641.03,3420.31,137.00,37.34
2015-07-24,26461.88,3420.16,137.00,44.68
2015-07-25,26270.00,3420.00,137.00,38.26
2015-07-26,26100.15,3419.85,137.00,49.37
2015-07-27,25907.97,3419.69,137.00,38.11
2015-07-28,25734.00,3419.54,137.00,46.78
2015-07-29,25547.95,3419.38,135.00,39.50
2015-07-30,25376.00,3419.23,135.00,45.81
2015-07-31,25198.00,3419.08,135.00,42.76
2015-08-01,25014.00,3418.92,135.00,39.73
2015-08-02,24832.00,3418.76,135.00,40.74
2015-08-03,24661.03,3418.61,135.00,45.30
2015-08-04,24464.00,3418.44,132.00,31.00
2015-08-05,24274.00,3418.27,132.00,34.21
2015-08-06,24068.00,3418.09,132.00,26.14
2015-08-07,23894.00,3417.94,132.00,42.20
2015-08-08,23716.00,3417.78,130.00,38.79
2015-08-09,23510.00,3417.60,130.00,23.77
2015-08-10,23345.00,3417.45,130.00,44.31
2015-08-11,23168.00,3417.29,130.00,38.26
2015-08-12,22993.84,3417.14,130.00,39.38
2015-08-13,22818.00,3416.98,127.00,37.46
2015-08-14,22664.11,3416.84,127.00,47.49
2015-08-15,22465.89,3416.66,127.00,25.07
2015-08-16,22279.00,3416.49,127.00,30.77
2015-08-17,22103.08,3416.33,127.00,35.83
2015-08-18,21937.95,3416.18,125.00,39.32
2015-08-19,21762.00,3416.02,125.00,33.79
2015-08-20,21607.95,3415.88,125.00,44.83
2015-08-21,21397.95,3415.68,125.00,16.62
2015-08-22,21211.00,3415.51,125.00,27.01
2015-08-23,21046.16,3415.36,122.00,36.89
2015-08-24,20868.97,3415.19,122.00,30.67
2015-08-25,20671.00,3415.01,122.00,20.19
2015-08-26,20516.16,3414.86,122.00,41.06
2015-08-27,20319.95,3414.68,120.00,19.38
2015-08-28,20152.00,3414.52,120.00,32.82
2015-08-29,20040.00,3414.41,120.00,61.32
2015-08-30,19942.05,3414.32,122.00,70.02
2015-08-31,19799.97,3414.19,120.00,46.21
2015-09-01,19611.00,3414.01,120.00,22.23
2015-09-02,19467.19,3413.87,120.00,44.99
2015-09-03,19267.95,3413.68,135.00,31.16
2015-09-04,19080.00,3413.50,145.00,47.74
2015-09-05,18880.00,3413.30,145.00,41.67
2015-09-06,18680.03,3413.11,145.00,41.68
2015-09-07,18471.00,3412.91,145.00,36.63
2015-09-08,18270.00,3412.71,142.00,38.73
2015-09-09,18070.00,3412.51,142.00,39.17
2015-09-10,17872.05,3412.32,142.00,40.20
2015-09-11,17679.83,3412.13,140.00,41.80
2015-09-12,17487.00,3411.93,140.00,40.28
2015-09-13,17300.00,3411.74,140.00,43.22
2015-09-14,17090.00,3411.53,140.00,31.62
2015-09-15,16880.05,3411.32,140.00,31.30
2015-09-16,16680.05,3411.12,137.00,34.31
2015-09-17,16497.00,3410.93,137.00,42.76
2015-09-18,16310.00,3410.74,137.00,40.72
2015-09-19,16125.00,3410.55,137.00,41.73
2015-09-20,15935.11,3410.35,135.00,37.97
2015-09-21,15744.89,3410.15,135.00,36.60
2015-09-22,15546.00,3409.94,135.00,32.23
2015-09-23,15365.00,3409.75,135.00,40.11
2015-09-24,15170.00,3409.54,132.00,31.71
2015-09-25,14980.10,3409.34,137.00,39.99
2015-09-26,14778.04,3409.12,142.00,38.13
2015-09-27,14580.00,3408.91,140.00,38.71
2015-09-28,14371.96,3408.68,140.00,32.61
2015-09-29,14174.00,3408.46,140.00,37.70
2015-09-30,13976.00,3408.24,137.00,36.31
2015-10-01,13787.00,3408.03,137.00,39.71
2015-10-02,13589.02,3407.81,137.00,35.19
2015-10-03,13391.00,3407.59,137.00,35.16
2015-10-04,13203.96,3407.38,135.00,39.13
2015-10-05,13004.89,3407.15,135.00,32.13
2015-10-06,12825.00,3406.95,135.00,41.81
2015-10-07,12646.00,3406.74,135.00,41.93
2015-10-08,12472.00,3406.54,132.00,42.31
2015-10-09,12310.10,3406.35,135.00,51.90
2015-10-10,12207.00,3406.23,140.00,85.52
2015-10-11,12091.00,3406.09,140.00,79.02
2015-10-12,11920.98,3405.89,140.00,51.78
2015-10-13,11743.96,3405.68,137.00,46.18
2015-10-14,11566.00,3405.47,137.00,45.28
2015-10-15,11380.00,3405.25,137.00,40.48
2015-10-16,11212.00,3405.04,135.00,47.80
2015-10-17,11034.06,3404.83,135.00,42.72
2015-10-18,10897.92,3404.66,135.00,62.93
2015-10-19,10746.00,3404.47,132.00,54.38
2015-10-20,10568.00,3404.26,135.00,43.15
2015-10-21,10408.00,3404.06,135.00,52.34
2015-10-22,10216.04,3403.82,135.00,35.72
2015-10-23,10032.50,3403.59,135.00,38.83
2015-10-24,9866.14,3403.37,132.00,46.13
2015-10-25,9730.00,3403.20,132.00,61.08
2015-10-26,9626.00,3403.07,132.00,77.67
2015-10-27,9481.98,3402.89,130.00,55.48
2015-10-28,9347.00,3402.71,137.00,66.78
2015-10-29,9212.00,3402.54,142.00,71.96
2015-10-30,9299.90,3402.65,145.00,186.48
2015-10-31,11196.00,3405.02,165.00,1118.61
2015-11-01,13180.10,3407.35,171.00,1168.70
2015-11-02,14048.04,3408.32,157.00,594.08
2015-11-03,14489.02,3408.81,137.00,358.33
2015-11-04,14786.85,3409.13,125.00,272.65
2015-11-05,14970.07,3409.33,125.00,214.88
2015-11-06,15112.00,3409.48,125.00,194.05
2015-11-07,15256.85,3409.63,125.00,195.53
2015-11-08,15480.17,3409.87,125.00,235.25
2015-11-09,15620.00,3410.02,127.00,195.80
2015-11-10,15735.87,3410.14,132.00,188.42
2015-11-11,15820.00,3410.23,133.00,172.42
2015-11-12,15962.18,3410.38,133.00,202.24
2015-11-13,17270.00,3411.71,138.00,795.26
2015-11-14,19920.00,3414.30,148.00,1480.63
2015-11-15,21200.00,3415.50,151.00,793.60
2015-11-16,21982.00,3416.22,153.00,545.01
2015-11-17,26124.21,3419.87,184.00,2268.99
2015-11-18,28644.00,3421.98,360.00,1656.25
2015-11-19,29108.19,3422.36,634.00,858.25
2015-11-20,29056.06,3422.32,634.00,594.33
2015-11-21,28754.00,3422.07,628.00,463.91
2015-11-22,28312.00,3421.71,621.00,386.82
2015-11-23,27772.00,3421.26,614.00,330.94
2015-11-24,27196.00,3420.78,608.00,306.22
2015-11-25,26546.00,3420.23,602.00,262.32
2015-11-26,25847.82,3419.64,597.00,231.22
2015-11-27,25143.00,3419.03,591.00,221.71
2015-11-28,24398.21,3418.38,579.00,195.22
2015-11-29,23620.00,3417.70,573.00,171.12
2015-11-30,23108.00,3417.24,440.00,182.61
2015-12-01,22840.00,3417.00,317.00,173.84
2015-12-02,22543.00,3416.73,313.00,156.20
2015-12-03,22334.00,3416.54,313.00,199.63
2015-12-04,22103.08,3416.33,313.00,188.08
2015-12-05,21948.97,3416.19,313.00,225.53
2015-12-06,21784.00,3416.04,309.00,219.18
2015-12-07,21861.03,3416.11,317.00,347.61
2015-12-08,25143.00,3419.03,455.00,2112.82
2015-12-09,32355.00,3424.95,898.00,4535.79
2015-12-10,33293.94,3425.68,1226.00,1685.96
2015-12-11,32916.97,3425.39,1218.00,1009.11
2015-12-12,32225.16,3424.85,1202.00,835.13
2015-12-13,31179.00,3424.03,1178.00,635.19
2015-12-14,29984.00,3423.07,1154.00,537.94
2015-12-15,28754.00,3422.07,1106.00,471.50
2015-12-16,27544.00,3421.07,1026.00,402.17
2015-12-17,26449.85,3420.15,1002.00,438.33
2015-12-18,25436.00,3419.28,898.00,377.56
2015-12-19,24508.00,3418.48,799.00,317.06
2015-12-20,23586.92,3417.67,785.00,305.82
2015-12-21,22829.00,3416.99,701.00,306.44
2015-12-22,22191.00,3416.41,598.00,263.47
2015-12-23,21630.00,3415.90,568.00,277.57
2015-12-24,21277.00,3415.57,400.00,209.90
2015-12-25,20917.00,3415.24,395.00,203.48
2015-12-26,20513.41,3414.86,390.00,177.92
2015-12-27,20109.82,3414.48,386.00,174.64
2015-12-28,19810.00,3414.20,321.00,165.82
2015-12-29,19688.00,3414.08,240.00,170.44
2015-12-30,19540.00,3413.94,237.00,155.38
2015-12-31,19467.19,3413.87,189.00,150.23
2016-01-01,19445.13,3413.85,150.00,133.89
2016-01-02,19423.08,3413.83,150.00,133.88
2016-01-03,19423.08,3413.83,150.00,145.00
2016-01-04,19434.11,3413.84,150.00,150.56
2016-01-05,19445.13,3413.85,150.00,150.56
2016-01-06,19412.05,3413.82,150.00,128.32
2016-01-07,19380.00,3413.79,150.00,128.76
2016-01-08,19350.00,3413.76,150.00,128.73
2016-01-09,19300.00,3413.71,147.00,117.40
2016-01-10,19245.89,3413.66,147.00,115.22
2016-01-11,19234.87,3413.65,147.00,136.94
2016-01-12,19234.87,3413.65,147.00,142.71
2016-01-13,19191.03,3413.61,147.00,120.45
2016-01-14,19150.00,3413.57,147.00,121.82
2016-01-15,19100.00,3413.52,147.00,117.29
2016-01-16,19120.00,3413.54,147.00,152.58
2016-01-17,19100.00,3413.52,147.00,133.46
2016-01-18,19040.00,3413.46,150.00,113.75
2016-01-19,19010.00,3413.43,150.00,129.87
2016-01-20,18969.97,3413.39,150.00,124.94
2016-01-21,19000.00,3413.42,150.00,160.39
2016-01-22,19010.00,3413.43,150.00,150.80
2016-01-23,19070.00,3413.49,150.00,176.46
2016-01-24,19080.00,3413.50,150.00,150.22
2016-01-25,19090.00,3413.51,150.00,150.04
2016-01-26,19110.00,3413.53,150.00,155.14
2016-01-27,19267.95,3413.68,152.00,226.94
2016-01-28,19821.00,3414.21,219.00,499.12
2016-01-29,20417.00,3414.77,305.00,596.09
2016-01-30,20759.00,3415.09,305.00,469.57
2016-01-31,20950.00,3415.27,309.00,396.78
2016-02-01,21046.16,3415.36,309.00,349.27
2016-02-02,21046.16,3415.36,309.00,301.00
2016-02-03,21035.13,3415.35,309.00,295.40
2016-02-04,20991.03,3415.31,309.00,277.28
2016-02-05,20737.00,3415.07,377.00,242.81
2016-02-06,20319.95,3414.68,455.00,237.03
2016-02-07,19865.00,3414.25,455.00,215.32
2016-02-08,19390.00,3413.80,450.00,202.76
2016-02-09,18940.15,3413.36,450.00,211.09
2016-02-10,18482.00,3412.92,445.00,202.85
2016-02-11,18150.00,3412.59,440.00,262.90
2016-02-12,17980.00,3412.42,435.00,340.62
2016-02-13,17980.00,3412.42,435.00,424.22
2016-02-14,18020.00,3412.46,440.00,448.24
2016-02-15,19412.05,3413.82,455.00,1146.31
2016-02-16,20704.00,3415.04,470.00,1110.18
2016-02-17,21597.19,3415.87,475.00,915.32
2016-02-18,22235.00,3416.45,480.00,792.50
2016-02-19,22609.00,3416.79,485.00,663.01
2016-02-20,22730.00,3416.90,485.00,535.85
2016-02-21,22718.97,3416.89,485.00,468.24
2016-02-22,22587.00,3416.77,480.00,403.52
2016-02-23,22389.00,3416.59,475.00,367.49
2016-02-24,22125.13,3416.35,475.00,331.45
2016-02-25,21817.00,3416.07,470.00,304.96
2016-02-26,21500.00,3415.78,465.00,297.65
2016-02-27,21211.00,3415.51,465.00,309.35
2016-02-28,21013.08,3415.33,465.00,355.09
2016-02-29,20759.00,3415.09,460.00,322.97
2016-03-01,20650.00,3414.99,460.00,395.25
2016-03-02,20450.00,3414.80,460.00,349.01
2016-03-03,20362.00,3414.72,460.00,405.53
2016-03-04,20260.05,3414.62,455.00,394.72
2016-03-05,20185.00,3414.55,455.00,408.52
2016-03-06,20362.00,3414.72,465.00,544.19
2016-03-07,20461.03,3414.81,465.00,504.77
2016-03-08,20439.00,3414.79,465.00,443.84
2016-03-09,20439.00,3414.79,465.00,454.95
2016-03-10,20406.00,3414.76,465.00,439.30
2016-03-11,20309.93,3414.67,465.00,406.56
2016-03-12,20174.00,3414.54,460.00,383.68
2016-03-13,20060.00,3414.43,460.00,392.68
2016-03-14,19887.00,3414.27,460.00,360.70
2016-03-15,19611.00,3414.01,455.00,305.72
2016-03-16,19401.03,3413.81,400.00,286.93
2016-03-17,19245.89,3413.66,354.00,266.79
2016-03-18,19050.00,3413.47,350.00,243.51
2016-03-19,18847.00,3413.27,350.00,238.65
2016-03-20,18670.00,3413.10,350.00,250.47
2016-03-21,18504.00,3412.94,345.00,254.12
2016-03-22,18330.00,3412.77,345.00,249.32
2016-03-23,18170.03,3412.61,345.00,256.30
2016-03-24,18020.00,3412.46,345.00,261.13
2016-03-25,17872.05,3412.32,317.00,236.22
2016-03-26,17760.00,3412.21,301.00,236.51
2016-03-27,17670.05,3412.12,301.00,247.65
2016-03-28,17590.00,3412.04,277.00,229.57
2016-03-29,17532.00,3411.98,258.00,221.76
2016-03-30,17478.00,3411.92,258.00,223.77
2016-03-31,17460.00,3411.90,258.00,242.71
2016-04-01,17505.00,3411.95,262.00,277.75
2016-04-02,17739.97,3412.19,265.00,377.58
2016-04-03,18160.00,3412.60,273.00,476.73
2016-04-04,18709.85,3413.14,281.00,548.86
2016-04-05,19080.00,3413.50,337.00,519.20
2016-04-06,19245.89,3413.66,403.00,478.06
2016-04-07,19445.13,3413.85,401.00,496.52
2016-04-08,19887.00,3414.27,409.00,625.27
2016-04-09,20770.00,3415.10,417.00,862.24
2016-04-10,21893.84,3416.14,435.00,1000.38
2016-04-11,22840.00,3417.00,438.00,919.24
2016-04-12,23597.95,3417.68,441.00,828.62
2016-04-13,24156.92,3418.17,444.00,729.45
2016-04-14,24566.00,3418.53,440.00,652.39
2016-04-15,24737.95,3418.68,497.00,603.07
2016-04-16,24737.95,3418.68,596.00,612.15
2016-04-17,24715.89,3418.66,594.00,598.26
2016-04-18,24832.00,3418.76,592.00,667.10
2016-04-19,25244.06,3419.12,595.00,824.16
2016-04-20,26052.03,3419.81,605.00,1040.21
2016-04-21,27244.06,3420.82,622.00,1256.08
2016-04-22,28432.03,3421.81,641.00,1274.27
2016-04-23,29292.00,3422.51,645.00,1115.43
2016-04-24,29960.00,3423.05,652.00,1023.35
2016-04-25,30318.12,3423.34,645.00,862.19
2016-04-26,30494.00,3423.48,638.00,763.83
2016-04-27,30556.00,3423.53,638.00,668.86
2016-04-28,30520.00,3423.50,631.00,613.18
2016-04-29,30429.00,3423.43,631.00,581.95
2016-04-30,30318.12,3423.34,624.00,567.88
2016-05-01,30257.00,3423.29,617.00,588.59
2016-05-02,30354.21,3423.37,617.00,667.50
2016-05-03,30717.87,3423.66,639.00,808.55
2016-05-04,31373.94,3424.18,668.00,965.78
2016-05-05,32043.00,3424.71,683.00,978.13
2016-05-06,32444.00,3425.02,774.00,930.37
2016-05-07,32904.25,3425.38,838.00,1034.22
2016-05-08,33411.00,3425.77,860.00,1061.56
2016-05-09,33554.25,3425.88,875.00,877.75
2016-05-10,33411.00,3425.77,883.00,727.58
2016-05-11,33346.00,3425.72,764.00,652.84
2016-05-12,33528.19,3425.86,652.00,665.10
2016-05-13,33917.87,3426.16,574.00,701.13
2016-05-14,34464.00,3426.58,532.00,741.99
2016-05-15,34812.13,3426.84,827.00,924.17
2016-05-16,34876.97,3426.89,855.00,804.05
2016-05-17,35076.00,3427.04,694.00,716.92
2016-05-18,35062.00,3427.03,778.00,699.96
2016-05-19,34386.00,3426.52,1122.00,683.64
2016-05-20,34022.00,3426.24,820.00,557.72
2016-05-21,33930.91,3426.17,617.00,495.42
2016-05-22,33788.00,3426.06,598.00,452.14
2016-05-23,33827.00,3426.09,485.00,449.34
2016-05-24,33996.00,3426.22,410.00,438.13
2016-05-25,34113.03,3426.31,425.00,427.51
2016-05-26,34152.13,3426.34,445.00,404.50
2016-05-27,34139.09,3426.33,440.00,374.01
2016-05-28,34087.00,3426.29,430.00,347.66
2016-05-29,34022.00,3426.24,420.00,330.79
2016-05-30,33996.00,3426.22,415.00,343.40
2016-05-31,33996.00,3426.22,410.00,353.67
2016-06-01,34087.00,3426.29,359.16,405.04
2016-06-02,34204.25,3426.38,425.53,484.65
2016-06-03,33917.87,3426.16,592.02,447.63
2016-06-04,33645.00,3425.95,635.94,498.36
2016-06-05,33593.00,3425.91,548.06,521.85
2016-06-06,33801.00,3426.07,450.53,555.40
2016-06-07,34022.00,3426.24,392.42,503.85
2016-06-08,34126.06,3426.32,385.50,437.96
2016-06-09,34191.22,3426.37,375.02,407.88
2016-06-10,34216.97,3426.39,387.71,400.69
2016-06-11,34139.09,3426.33,382.69,343.43
2016-06-12,34009.00,3426.23,362.39,296.80
2016-06-13,33891.81,3426.14,345.94,286.85
2016-06-14,33762.00,3426.04,339.73,274.28
2016-06-15,33632.00,3425.94,311.08,245.54
2016-06-16,33580.00,3425.90,273.00,246.78
2016-06-17,33502.13,3425.84,270.77,231.51
2016-06-18,33450.00,3425.80,271.00,244.72
2016-06-19,33359.00,3425.73,269.00,223.12
2016-06-20,33254.84,3425.65,268.79,216.28
2016-06-21,33138.00,3425.56,266.85,207.95
2016-06-22,33034.00,3425.48,265.13,212.69
2016-06-23,32930.00,3425.40,265.08,212.65
2016-06-24,32878.19,3425.36,265.00,238.88
2016-06-25,32735.00,3425.25,265.00,192.81
2016-06-26,32604.84,3425.15,265.00,199.38
2016-06-27,32504.00,3425.07,264.33,213.48
2016-06-28,32355.00,3424.95,263.30,188.18
2016-06-29,32186.00,3424.82,274.73,196.08
2016-06-30,32030.00,3424.70,253.61,174.96
2016-07-01,31876.00,3424.58,240.50,162.35
2016-07-02,31728.00,3424.46,240.46,159.80
2016-07-03,31559.00,3424.33,239.70,167.60
2016-07-04,31412.00,3424.21,239.02,157.85
2016-07-05,31257.00,3424.09,237.58,153.39
2016-07-06,31056.00,3423.93,237.00,135.66
2016-07-07,30890.00,3423.80,237.00,153.31
2016-07-08,30679.10,3423.63,236.91,130.58
2016-07-09,30468.00,3423.46,235.09,128.66
2016-07-10,30257.00,3423.29,233.50,127.12
2016-07-11,30056.09,3423.13,217.28,115.98
2016-07-12,29912.00,3423.01,198.50,125.86
2016-07-13,29746.23,3422.88,197.24,113.67
2016-07-14,29585.00,3422.75,178.09,96.80
2016-07-15,29483.91,3422.67,164.05,113.08
2016-07-16,29376.00,3422.58,162.50,108.09
2016-07-17,29256.00,3422.48,162.50,102.00
2016-07-18,29184.00,3422.42,162.50,126.20
2016-07-19,29043.03,3422.31,162.50,91.43
2016-07-20,28922.00,3422.21,161.34,100.32
2016-07-21,28814.06,3422.12,160.00,105.58
2016-07-22,28657.00,3421.99,160.00,80.82
2016-07-23,28516.23,3421.88,159.88,88.91
2016-07-24,28384.00,3421.77,157.71,91.04
2016-07-25,28251.88,3421.66,157.50,90.89
2016-07-26,28108.00,3421.54,157.50,84.96
2016-07-27,27964.00,3421.42,157.37,84.77
2016-07-28,27820.00,3421.30,156.05,83.45
2016-07-29,27651.88,3421.16,155.00,70.24
2016-07-30,27496.00,3421.03,155.00,76.41
2016-07-31,27316.23,3420.88,155.00,64.37
2016-08-01,27148.00,3420.74,154.21,69.39
2016-08-02,26956.00,3420.58,153.78,56.98
2016-08-03,26776.00,3420.43,157.98,67.23
2016-08-04,26594.00,3420.27,165.00,73.24
2016-08-05,26390.00,3420.10,170.15,67.30
2016-08-06,26147.97,3419.89,174.00,51.98
2016-08-07,25907.97,3419.69,174.00,53.00
2016-08-08,25690.00,3419.50,174.00,63.74
2016-08-09,25482.00,3419.32,174.00,70.64
2016-08-10,25255.00,3419.13,174.00,61.08
2016-08-11,25038.00,3418.94,173.66,62.86
2016-08-12,24820.00,3418.75,171.53,58.88
2016-08-13,24590.00,3418.55,170.63,59.53
2016-08-14,24354.00,3418.34,169.36,59.89
2016-08-15,24112.00,3418.13,185.05,50.14
2016-08-16,23861.00,3417.91,199.98,62.34
2016-08-17,23575.89,3417.66,198.50,65.85
2016-08-18,23301.00,3417.41,198.50,59.91
2016-08-19,23015.89,3417.16,198.34,54.59
2016-08-20,22718.97,3416.89,195.67,45.98
2016-08-21,22433.08,3416.63,195.00,50.86
2016-08-22,22136.16,3416.36,195.00,45.30
2016-08-23,21850.00,3416.10,193.20,48.93
2016-08-24,21575.13,3415.85,192.00,53.42
2016-08-25,21288.00,3415.58,202.24,40.84
2016-08-26,20950.00,3415.27,213.32,59.55
2016-08-27,20650.00,3414.99,212.50,61.25
2016-08-28,20279.85,3414.64,212.50,25.88
2016-08-29,19964.11,3414.34,210.48,51.29
2016-08-30,19677.00,3414.07,209.00,64.25
2016-08-31,19370.00,3413.78,207.78,53.00
2016-09-01,19050.00,3413.47,205.50,44.17
2016-09-02,18729.90,3413.16,210.88,49.49
2016-09-03,18410.12,3412.85,216.00,54.78
2016-09-04,18100.00,3412.54,213.25,56.89
2016-09-05,17790.00,3412.24,212.50,56.21
2016-09-06,17478.00,3411.92,210.84,53.54
2016-09-07,17180.05,3411.62,209.15,58.93
2016-09-08,16840.00,3411.28,209.00,37.56
2016-09-09,16533.00,3410.97,207.30,52.53
2016-09-10,16239.93,3410.67,205.50,57.74
2016-09-11,15917.07,3410.33,203.95,41.18
2016-09-12,15620.00,3410.02,202.00,52.23
2016-09-13,15329.00,3409.71,195.29,48.57
2016-09-14,15049.00,3409.41,189.00,47.83
2016-09-15,14769.02,3409.11,187.39,46.24
2016-09-16,14507.07,3408.83,186.00,53.93
2016-09-17,14282.00,3408.58,185.03,71.56
2016-09-18,14012.00,3408.28,183.08,46.95
2016-09-19,13787.00,3408.03,183.00,69.56
2016-09-20,13571.00,3407.79,173.94,65.04
2016-09-21,13319.00,3407.51,163.35,36.30
2016-09-22,13140.00,3407.30,162.50,72.25
2016-09-23,12888.00,3407.02,161.58,34.53
2016-09-24,12664.00,3406.76,160.00,47.07
2016-09-25,12448.00,3406.51,159.95,51.05
2016-09-26,12243.00,3406.27,157.85,54.50
2016-09-27,12037.00,3406.03,157.50,53.64
2016-09-28,11808.00,3405.76,156.18,40.73
2016-09-29,11599.00,3405.51,155.00,49.63
2016-09-30,11396.00,3405.27,151.37,49.02
2016-10-01,11204.00,3405.03,147.50,50.70
2016-10-02,11002.00,3404.79,147.50,45.66
2016-10-03,10802.00,3404.54,145.48,44.65
2016-10-04,10618.04,3404.32,145.00,52.26
2016-10-05,10448.02,3404.11,145.00,59.28
2016-10-06,10280.00,3403.90,143.67,58.96
2016-10-07,10192.00,3403.79,140.46,96.09
2016-10-08,10176.00,3403.77,137.10,129.37
2016-10-09,10232.08,3403.84,137.64,165.92
2016-10-10,10288.00,3403.91,138.11,166.31
2016-10-11,10248.00,3403.86,136.81,116.64
2016-10-12,10240.10,3403.85,135.00,131.02
2016-10-13,10471.88,3404.14,138.77,255.63
2016-10-14,11558.00,3405.46,152.63,700.21
2016-10-15,12716.04,3406.82,155.27,739.12
2016-10-16,13733.00,3407.97,157.55,670.27
2016-10-17,14640.00,3408.97,161.04,618.32
2016-10-18,15392.00,3409.78,164.31,543.44
2016-10-19,15870.00,3410.28,165.30,406.29
2016-10-20,17400.10,3411.84,239.68,1011.11
2016-10-21,18270.00,3412.71,315.44,754.01
2016-10-22,18650.00,3413.08,319.06,510.65
2016-10-23,18781.00,3413.21,321.00,387.05
2016-10-24,18760.00,3413.19,386.40,375.81
2016-10-25,18570.00,3413.00,464.04,368.24
2016-10-26,18526.00,3412.96,501.04,478.85
2016-10-27,18690.05,3413.12,572.81,655.52
2016-10-28,18320.00,3412.76,701.22,514.65
2016-10-29,17800.00,3412.25,759.73,497.57
2016-10-30,17249.97,3411.69,743.00,469.67
2016-10-31,17020.00,3411.46,736.00,626.36
2016-11-01,16810.00,3411.25,729.00,630.20
2016-11-02,16459.97,3410.89,729.00,498.17
2016-11-03,15970.98,3410.39,715.00,478.60
2016-11-04,15490.20,3409.88,666.00,432.06
2016-11-05,15085.00,3409.45,631.00,435.72
2016-11-06,14840.98,3409.19,631.00,512.46
2016-11-07,14525.11,3408.85,586.00,434.96
2016-11-08,14183.00,3408.47,544.00,379.08
2016-11-09,13885.87,3408.14,485.00,345.31
2016-11-10,13724.00,3407.96,390.00,316.57
2016-11-11,13607.07,3407.83,350.00,295.05
2016-11-12,13535.00,3407.75,350.00,317.67
2016-11-13,13490.00,3407.70,350.00,331.03
2016-11-14,13967.00,3408.23,400.00,645.40
2016-11-15,14733.00,3409.07,455.00,845.10
2016-11-16,15200.00,3409.57,460.00,700.45
2016-11-17,15248.00,3409.62,460.00,489.20
2016-11-18,15248.00,3409.62,460.00,465.00
2016-11-19,15085.00,3409.45,460.00,382.82
2016-11-20,14913.00,3409.27,455.00,374.56
2016-11-21,14778.04,3409.12,418.00,362.04
2016-11-22,14706.00,3409.04,345.00,326.87
2016-11-23,14620.00,3408.95,319.00,297.95
2016-11-24,14590.00,3408.92,313.00,326.40
2016-11-25,14534.13,3408.86,307.00,313.56
2016-11-26,14417.00,3408.73,301.00,281.78
2016-11-27,14344.89,3408.65,291.00,301.46
2016-11-28,14237.00,3408.53,255.00,251.08
2016-11-29,14237.00,,226.00,274.04
2016-11-30,14147.00,3408.43,226.00,227.67
2016-12-01,14093.15,3408.37,195.00,206.53
2016-12-02,14102.18,3408.38,155.00,149.98
2016-12-03,14147.00,3408.43,140.00,169.64
2016-12-04,14273.00,3408.57,140.00,201.90
2016-12-05,14390.00,3408.70,135.00,196.16
2016-12-06,14426.00,3408.74,127.00,148.06
2016-12-07,14435.00,3408.75,125.00,132.21
2016-12-08,14462.00,3408.78,125.00,141.22
2016-12-09,14498.04,3408.82,125.00,146.51
2016-12-10,14516.09,3408.84,125.00,137.40
2016-12-11,14525.11,3408.85,125.00,132.36
2016-12-12,14543.15,3408.87,125.00,136.60
2016-12-13,14552.18,3408.88,125.00,132.05
2016-12-14,14552.18,3408.88,125.00,127.50
2016-12-15,14552.18,3408.88,125.00,127.50
2016-12-16,14543.15,3408.87,125.00,122.95
2016-12-17,14534.13,3408.86,125.00,122.95
2016-12-18,14534.13,3408.86,125.00,127.50
2016-12-19,14534.13,3408.86,125.00,128.06
2016-12-20,14590.00,3408.92,127.00,158.58
2016-12-21,14600.00,3408.93,125.00,133.00
2016-12-22,14630.00,3408.96,125.00,142.63
2016-12-23,14660.00,3408.99,125.00,142.68
2016-12-24,14650.00,3408.98,125.00,122.46
2016-12-25,14620.00,3408.95,125.00,112.27
2016-12-26,14610.00,3408.94,125.00,122.35
2016-12-27,14600.00,3408.93,125.00,122.15
2016-12-28,14560.98,3408.89,122.00,105.78
2016-12-29,14543.15,3408.87,122.00,116.76
2016-12-30,14516.09,3408.84,122.00,111.91
2016-12-31,14471.00,3408.79,122.00,102.27
2017-01-01,14444.00,3408.76,122.00,111.47
2017-01-02,14390.00,3408.70,122.00,97.77
2017-01-03,14344.89,3408.65,122.00,102.26
2017-01-04,14246.00,3408.54,122.00,75.14
2017-01-05,14174.00,3408.46,122.00,88.67
2017-01-06,14102.18,3408.38,122.00,87.79
2017-01-07,14048.04,3408.32,120.00,95.23
2017-01-08,14021.00,3408.29,120.00,109.95
2017-01-09,13985.00,3408.25,122.00,106.76
2017-01-10,13930.98,3408.19,122.00,97.37
2017-01-11,13885.87,3408.14,120.00,100.66
2017-01-12,13787.00,3408.03,122.00,75.64
2017-01-13,13706.00,3407.94,127.00,89.16
2017-01-14,13652.00,3407.88,127.00,102.78
2017-01-15,13607.00,3407.83,125.00,105.06
2017-01-16,13571.00,3407.79,125.00,109.35
2017-01-17,13580.00,3407.80,125.00,132.96
2017-01-18,13598.00,3407.82,130.00,141.51
2017-01-19,13903.91,3408.16,132.00,287.99
2017-01-20,14210.00,3408.50,132.00,290.37
2017-01-21,14417.00,3408.73,135.00,241.86
2017-01-22,14570.00,3408.90,135.00,214.64
2017-01-23,14688.00,3409.02,135.00,197.53
2017-01-24,14751.00,3409.09,137.00,171.53
2017-01-25,14795.87,3409.14,137.00,162.62
2017-01-26,14822.93,3409.17,137.00,153.65
2017-01-27,14859.00,3409.21,137.00,158.18
2017-01-28,14859.00,3409.21,137.00,140.00
2017-01-29,14859.00,3409.21,137.00,140.00
2017-01-30,14859.00,3409.21,137.00,140.00
2017-01-31,14859.00,3409.21,137.00,140.00
2017-02-01,14804.89,3409.15,137.00,112.72
2017-02-02,14760.00,3409.10,137.00,117.32
2017-02-03,14787.07,3409.13,137.00,153.57
2017-02-04,14822.93,3409.17,137.00,158.08
2017-02-05,14904.00,3409.26,137.00,180.90
2017-02-06,14913.00,3409.27,137.00,144.56
2017-02-07,14886.00,3409.24,137.00,126.39
2017-02-08,14913.00,3409.27,137.00,154.48
2017-02-09,14950.02,3409.31,142.00,164.36
2017-02-10,16229.90,3410.66,147.00,795.51
2017-02-11,16840.00,3411.28,147.00,458.46
2017-02-12,17260.00,3411.70,150.00,364.25
2017-02-13,17460.00,3411.90,237.00,356.20
2017-02-14,17209.88,3411.65,410.00,289.00
2017-02-15,17370.03,3411.81,415.00,502.96
2017-02-16,18380.05,3412.82,430.00,946.54
2017-02-17,18781.00,3413.21,562.00,775.77
2017-02-18,18759.97,3413.19,659.00,654.85
2017-02-19,18471.00,3412.91,652.00,516.33
2017-02-20,18110.00,3412.55,652.00,474.77
2017-02-21,17610.00,3412.06,645.00,396.67
2017-02-22,17219.90,3411.66,544.00,352.98
2017-02-23,16830.00,3411.27,496.00,305.33
2017-02-24,16524.00,3410.96,420.00,269.57
2017-02-25,16290.00,3410.72,372.00,257.10
2017-02-26,16050.00,3410.47,368.00,250.95
2017-02-27,15899.02,3410.31,313.00,242.92
2017-02-28,15771.96,3410.18,269.00,208.94
2017-03-01,15680.00,3410.08,248.00,204.66
2017-03-02,15610.00,3410.01,226.00,194.71
2017-03-03,15573.00,3409.97,226.00,211.46
2017-03-04,15519.00,3409.91,226.00,202.77
2017-03-05,15440.07,3409.83,226.00,190.21
2017-03-06,15365.00,3409.75,209.00,175.09
2017-03-07,15383.00,3409.77,183.00,196.14
2017-03-08,15374.00,3409.76,183.00,181.46
2017-03-09,15440.07,3409.83,186.00,221.67
2017-03-10,15700.00,3410.10,189.00,323.56
2017-03-11,15953.15,3410.37,189.00,320.18
2017-03-12,16190.05,3410.62,192.00,314.43
2017-03-13,16515.00,3410.95,192.00,359.87
2017-03-14,17680.07,3412.13,205.00,795.02
2017-03-15,19975.13,3414.35,223.00,1384.38
2017-03-16,21971.00,3416.21,285.00,1298.97
2017-03-17,23132.00,3417.26,447.00,1030.93
2017-03-18,24519.00,3418.49,597.00,1273.87
2017-03-19,25642.00,3419.46,625.00,1154.34
2017-03-20,26100.15,3419.85,698.00,872.44
2017-03-21,26112.18,3419.86,827.00,756.03
2017-03-22,25859.85,3419.65,855.00,652.72
2017-03-23,25436.00,3419.28,848.00,559.09
2017-03-24,25154.00,3419.04,792.00,573.85
2017-03-25,24715.89,3418.66,757.00,459.34
2017-03-26,24274.00,3418.27,750.00,449.74
2017-03-27,23850.00,3417.90,673.00,390.16
2017-03-28,23543.08,3417.63,604.00,385.54
2017-03-29,23345.00,3417.45,610.00,442.92
2017-03-30,23120.00,3417.25,604.00,425.34
2017-03-31,22917.00,3417.07,538.00,373.82
2017-04-01,22796.00,3416.96,496.00,377.59
2017-04-02,22642.05,3416.82,490.00,359.29
2017-04-03,22521.00,3416.71,450.00,335.92
2017-04-04,22465.89,3416.66,405.00,326.47
2017-04-05,22443.84,3416.64,390.00,366.44
2017-04-06,22454.87,3416.65,386.00,375.90
2017-04-07,22664.11,3416.84,390.00,483.38
2017-04-08,22752.00,3416.92,390.00,420.81
2017-04-09,22873.00,3417.03,390.00,437.50
2017-04-10,22917.00,3417.07,390.00,398.68
2017-04-11,22917.00,3417.07,390.00,376.45
2017-04-12,23015.89,3417.16,386.00,423.92
2017-04-13,23120.00,3417.25,381.00,418.63
2017-04-14,23132.00,3417.26,377.00,369.05
2017-04-15,23132.00,3417.26,377.00,362.81
2017-04-16,23120.00,3417.25,372.00,353.81
2017-04-17,23120.00,3417.25,372.00,360.54
2017-04-18,23132.00,3417.26,372.00,364.08
2017-04-19,23180.00,3417.30,368.00,376.84
2017-04-20,23257.19,3417.37,368.00,391.53
2017-04-21,23367.00,3417.47,350.00,393.51
2017-04-22,23564.87,3417.65,341.00,430.19
2017-04-23,23773.08,3417.83,345.00,437.98
2017-04-24,24032.00,3418.06,333.00,452.18
2017-04-25,24321.03,3418.31,321.00,455.63
2017-04-26,24693.84,3418.64,325.00,500.96
2017-04-27,24946.16,3418.86,325.00,440.21
2017-04-28,25187.00,3419.07,317.00,427.09
2017-04-29,25424.00,3419.27,309.00,416.49
2017-04-30,25678.00,3419.49,309.00,426.50
2017-05-01,25907.97,3419.69,313.00,415.15
2017-05-02,26124.21,3419.87,313.00,409.60
2017-05-03,26522.00,3420.21,317.00,504.43
2017-05-04,27436.00,3420.98,329.00,779.56
2017-05-05,29674.06,3422.82,377.00,1489.43
2017-05-06,31496.00,3424.28,386.00,1290.70
2017-05-07,32225.16,3424.85,701.00,1070.35
2017-05-08,32186.06,3424.82,1026.00,983.12
2017-05-09,31828.00,3424.54,1114.00,906.73
2017-05-10,31689.00,3424.43,1106.00,1012.00
2017-05-11,31728.00,3424.46,1106.00,1101.75
2017-05-12,31728.00,3424.46,1106.00,1081.71
2017-05-13,31472.00,3424.26,1082.00,931.02
2017-05-14,31166.00,3424.02,978.00,796.60
2017-05-15,30903.03,3423.81,862.00,714.14
2017-05-16,30717.87,3423.66,792.00,677.80
2017-05-17,30403.00,3423.41,785.00,604.34
2017-05-18,29996.00,3423.08,778.00,551.80
2017-05-19,29598.00,3422.76,869.00,652.78
2017-05-20,29232.00,3422.46,1026.00,818.85
2017-05-21,29121.22,3422.37,1026.00,948.73
2017-05-22,29746.23,3422.88,1042.00,1334.24
2017-05-23,30830.00,3423.75,1066.00,1590.36
2017-05-24,31939.10,3424.63,1090.00,1627.38
2017-05-25,32121.00,3424.77,1146.00,1211.50
2017-05-26,31913.03,3424.61,1226.00,1095.69
2017-05-27,31828.00,3424.54,1250.00,1181.09
2017-05-28,32186.06,3424.82,1250.00,1408.48
2017-05-29,33008.00,3425.46,1274.00,1664.18
2017-05-30,33983.00,3426.21,1308.00,1770.19
2017-05-31,34464.00,3426.58,1353.00,1568.60
2017-06-01,34554.84,3426.65,1434.00,1450.88
2017-06-02,34477.00,3426.59,1434.00,1364.10
2017-06-03,34269.00,3426.43,1371.00,1242.70
2017-06-04,33996.00,3426.22,1326.00,1159.35
2017-06-05,33593.00,3425.91,1242.00,1011.36
2017-06-06,33306.97,3425.69,1106.00,940.92
2017-06-07,33320.00,3425.70,1050.00,1033.11
2017-06-08,33943.94,3426.18,1066.00,1359.24
2017-06-09,34178.19,3426.36,1090.00,1184.02
2017-06-10,33904.84,3426.15,1074.00,908.94
2017-06-11,33697.00,3425.99,841.00,723.83
2017-06-12,33879.09,3426.13,556.00,631.73
2017-06-13,34022.00,3426.24,538.00,591.24
2017-06-14,34061.00,3426.27,562.00,564.48
2017-06-15,34126.06,3426.32,701.00,714.37
2017-06-16,34412.00,3426.54,883.00,1012.24
2017-06-17,34347.00,3426.49,954.00,898.69
2017-06-18,34230.00,3426.40,922.00,841.97
2017-06-19,34191.22,3426.37,906.00,866.44
2017-06-20,34126.06,3426.32,1010.00,951.19
2017-06-21,33866.06,3426.12,986.00,834.70
2017-06-22,33749.00,3426.03,764.00,684.38
2017-06-23,33723.00,3426.01,631.00,596.58
2017-06-24,33736.00,3426.02,604.00,593.74
2017-06-25,33788.00,3426.06,604.00,612.22
2017-06-26,33930.91,3426.17,562.00,614.05
2017-06-27,33983.00,3426.21,520.00,528.26
2017-06-28,33996.00,3426.22,520.00,507.93
2017-06-29,33930.91,3426.17,512.00,463.21
2017-06-30,33840.00,3426.10,476.00,420.16
2017-07-01,33814.00,3426.08,439.00,416.21
2017-07-02,33736.00,3426.02,432.00,387.45
2017-07-03,33671.00,3425.97,405.00,369.80
2017-07-04,33606.00,3425.92,384.00,348.14
2017-07-05,33476.06,3425.82,378.00,312.94
2017-07-06,33346.00,3425.72,362.00,297.66
2017-07-07,33216.06,3425.62,347.00,283.19
2017-07-08,33073.00,3425.51,341.00,274.68
2017-07-09,32878.19,3425.36,340.00,246.78
2017-07-10,32722.00,3425.24,314.00,240.86
2017-07-11,32591.81,3425.14,281.00,225.05
2017-07-12,32444.00,3425.02,279.00,214.48
2017-07-13,32329.00,3424.93,258.00,212.62
2017-07-14,32186.06,3424.82,243.00,182.44
2017-07-15,32043.00,3424.71,242.00,182.15
2017-07-16,31888.00,3424.59,240.00,175.59
2017-07-17,31741.00,3424.47,239.00,194.89
2017-07-18,31572.13,3424.34,237.00,183.86
2017-07-19,31400.00,3424.20,236.00,181.26
2017-07-20,31192.00,3424.04,231.00,161.38
2017-07-21,31020.00,3423.90,230.00,178.28
2017-07-22,30842.00,3423.76,228.00,175.26
2017-07-23,30640.00,3423.60,227.00,163.16
2017-07-24,30429.00,3423.43,226.00,157.07
2017-07-25,30244.00,3423.28,221.00,168.23
2017-07-26,30032.03,3423.11,219.00,154.63
2017-07-27,29809.00,3422.93,218.00,148.05
2017-07-28,29585.00,3422.75,213.00,145.18
2017-07-29,29364.00,3422.57,212.00,146.58
2017-07-30,29134.25,3422.38,210.00,140.91
2017-07-31,28910.00,3422.20,205.00,141.40
2017-08-01,28682.00,3422.01,202.00,87.88
2017-08-02,28444.06,3421.82,202.00,82.04
2017-08-03,28204.06,3421.62,202.00,81.00
2017-08-04,27976.00,3421.43,202.00,87.02
2017-08-05,27736.00,3421.23,202.00,79.56
2017-08-06,27508.00,3421.04,198.00,83.70
2017-08-07,27256.09,3420.83,198.00,71.49
2017-08-08,27004.06,3420.62,198.00,71.07
2017-08-09,26718.21,3420.38,226.00,82.22
2017-08-10,26390.00,3420.10,241.00,75.02
2017-08-11,26076.09,3419.83,237.00,80.47
2017-08-12,25734.00,3419.54,237.00,64.53
2017-08-13,25400.00,3419.25,237.00,68.61
2017-08-14,25050.00,3418.95,237.00,59.12
2017-08-15,24704.87,3418.65,233.00,59.53
2017-08-16,24408.97,3418.39,233.00,84.32
2017-08-17,24056.00,3418.08,233.00,53.81
2017-08-18,23716.00,3417.78,230.00,59.02
2017-08-19,23389.00,3417.49,230.00,66.18
2017-08-20,23060.00,3417.20,233.00,67.63
2017-08-21,22741.00,3416.91,233.00,71.27
2017-08-22,22433.08,3416.63,230.00,74.76
2017-08-23,22114.11,3416.34,230.00,69.18
2017-08-24,21762.00,3416.02,226.00,50.05
2017-08-25,21440.00,3415.72,226.00,64.12
2017-08-26,21123.00,3415.43,226.00,65.02
2017-08-27,20813.84,3415.14,223.00,67.20
2017-08-28,20494.11,3414.84,223.00,61.73
2017-08-29,20185.00,3414.55,219.00,64.52
2017-08-30,19865.00,3414.25,219.00,58.17
2017-08-31,19540.00,3413.94,219.00,53.91
2017-09-01,19213.08,3413.63,216.00,51.18
2017-09-02,18920.10,3413.34,216.00,66.67
2017-09-03,18610.00,3413.04,212.00,56.16
2017-09-04,18310.00,3412.75,212.00,61.18
2017-09-05,18000.00,3412.44,209.00,53.20
2017-09-06,17699.88,3412.15,209.00,57.65
2017-09-07,17430.17,3411.87,205.00,70.60
2017-09-08,17110.00,3411.55,205.00,44.08
2017-09-09,16800.00,3411.24,205.00,47.73
2017-09-10,16506.00,3410.94,208.00,60.06
2017-09-11,16200.07,3410.63,211.00,56.75
2017-09-12,15935.11,3410.35,207.00,75.41
2017-09-13,15610.00,3410.01,206.00,43.47
2017-09-14,15329.00,3409.71,202.00,63.83
2017-09-15,15040.00,3409.40,202.00,58.36
2017-09-16,14760.00,3409.10,197.00,60.83
2017-09-17,14480.00,3408.80,197.00,60.20
2017-09-18,14228.00,3408.52,193.00,71.80
2017-09-19,13994.00,3408.26,192.00,80.52
2017-09-20,13760.00,3408.00,192.00,79.12
2017-09-21,13490.00,3407.70,191.00,60.98
2017-09-22,13238.00,3407.42,193.00,74.73
2017-09-23,12960.00,3407.10,190.00,58.74
2017-09-24,12700.00,3406.80,190.00,65.79
2017-09-25,12431.00,3406.49,186.00,59.38
2017-09-26,12180.00,3406.20,185.00,66.88
2017-09-27,11930.00,3405.90,181.00,60.91
2017-09-28,11696.04,3405.62,176.00,62.56
2017-09-29,11456.09,3405.34,178.00,58.77
2017-09-30,11228.00,3405.06,177.00,53.52
2017-10-01,10994.00,3404.78,177.00,49.00
2017-10-02,10762.00,3404.49,174.00,48.03
2017-10-03,10536.00,3404.22,168.00,46.93
2017-10-04,10320.00,3403.95,163.00,46.19
2017-10-05,10128.00,3403.71,155.00,51.83
2017-10-06,9957.50,3403.49,142.00,49.70
2017-10-07,9778.00,3403.26,142.00,44.65
2017-10-08,9650.00,3403.10,142.00,70.83
2017-10-09,9481.98,3402.89,140.00,49.03
2017-10-10,9315.94,3402.67,140.00,48.79
2017-10-11,9159.00,3402.47,135.00,49.17
2017-10-12,9014.00,3402.28,132.00,51.21
2017-10-13,8848.00,3402.06,130.00,38.81
2017-10-14,8671.05,3401.83,130.00,32.94
2017-10-15,8527.90,3401.64,127.00,47.98
2017-10-16,8364.00,3401.42,132.00,42.84
2017-10-17,8200.00,3401.20,137.00,47.60
2017-10-18,8113.00,3401.09,137.00,86.36
2017-10-19,8318.12,3401.36,142.00,238.43
2017-10-20,8413.00,3401.49,142.00,182.77
2017-10-21,8752.00,3401.94,147.00,310.68
2017-10-22,11526.00,3405.42,171.00,1562.45
2017-10-23,12198.00,3406.22,168.00,497.84
2017-10-24,12547.07,3406.63,165.00,333.79
2017-10-25,12740.10,3406.85,163.00,253.35
2017-10-26,12942.00,3407.08,152.00,246.61
2017-10-27,13059.00,3407.21,147.00,197.75
2017-10-28,13148.02,3407.31,145.00,183.11
2017-10-29,13164.06,3407.33,145.00,145.59
2017-10-30,13172.08,3407.34,145.00,141.54
2017-10-31,13180.10,3407.35,145.00,141.54
2017-11-01,13172.08,3407.34,145.00,133.46
2017-11-02,13156.04,3407.32,145.00,129.41
2017-11-03,13113.00,3407.27,145.00,115.80
2017-11-04,13059.00,3407.21,145.00,110.27
2017-11-05,13059.00,3407.21,145.00,137.50
2017-11-06,12987.07,3407.13,145.00,100.75
2017-11-07,12897.00,3407.03,142.00,89.59
2017-11-08,12825.00,3406.95,142.00,98.70
2017-11-09,12748.12,3406.86,142.00,96.24
2017-11-10,12691.00,3406.79,142.00,106.20
2017-11-11,12619.00,3406.71,142.00,98.70
2017-11-12,12547.07,3406.63,142.00,98.73
2017-11-13,12573.91,3406.66,142.00,149.69
2017-11-14,12564.89,3406.65,142.00,138.30
2017-11-15,12573.91,3406.66,145.00,148.40
2017-11-16,12573.91,3406.66,142.00,142.55
2017-11-17,12547.07,3406.63,142.00,128.97
2017-11-18,12480.00,3406.55,142.00,108.69
2017-11-19,12456.00,3406.52,142.00,130.41
2017-11-20,12600.98,3406.69,150.00,222.82
2017-11-21,13180.10,3407.35,158.00,447.37
2017-11-22,15620.00,3410.02,179.00,1401.82
2017-11-23,20880.00,3415.20,234.00,2871.84
2017-11-24,23191.03,3417.31,442.00,1614.59
2017-11-25,23668.00,3417.74,714.00,908.62
2017-11-26,24032.00,3418.06,723.00,848.53
2017-11-27,24113.08,3418.13,726.00,698.75
2017-11-28,23828.21,3417.88,791.00,572.04
2017-11-29,23156.00,3417.28,900.00,473.29
2017-11-30,22411.03,3416.61,895.00,420.64
2017-12-01,21685.00,3415.95,848.00,377.91
2017-12-02,20970.00,3415.29,791.00,336.04
2017-12-03,20196.00,3414.56,770.00,291.09
2017-12-04,19478.21,3413.88,685.00,245.05
2017-12-05,18880.00,3413.30,590.00,305.37
2017-12-06,18330.00,3412.77,523.00,269.01
2017-12-07,17905.13,3412.35,457.00,263.43
2017-12-08,17560.00,3412.01,383.00,240.37
2017-12-09,17340.00,3411.78,318.00,234.08
2017-12-10,17080.00,3411.52,310.00,211.60
2017-12-11,16910.12,3411.35,265.00,216.38
2017-12-12,16780.00,3411.22,216.00,157.40
2017-12-13,16690.07,3411.13,189.00,145.97
2017-12-14,16690.07,3411.13,162.00,162.50
2017-12-15,16680.05,3411.12,161.00,157.45
2017-12-16,16650.00,3411.09,158.00,145.67
2017-12-17,16630.00,3411.07,158.00,149.92
2017-12-18,16660.00,3411.10,155.00,171.58
2017-12-19,16980.00,3411.42,155.00,318.68
2017-12-20,17100.00,3411.54,153.00,215.67
2017-12-21,17170.03,3411.61,153.00,189.30
2017-12-22,17199.85,3411.64,150.00,167.54
2017-12-23,17229.93,3411.67,150.00,168.77
2017-12-24,17219.90,3411.66,150.00,148.55
2017-12-25,17219.90,3411.66,150.00,152.50
2017-12-26,17219.90,3411.66,150.00,152.50
2017-12-27,17199.85,3411.64,150.00,142.39
2017-12-28,17270.00,3411.71,153.00,189.31
2017-12-29,18020.00,3412.46,171.00,550.97
2017-12-30,18880.00,3413.30,192.00,629.86
2017-12-31,19300.00,3413.71,209.00,424.29
2018-01-01,19550.00,3413.95,209.00,338.54
2018-01-02,19560.00,3413.96,289.00,308.46
2018-01-03,19213.08,3413.63,420.00,250.15
2018-01-04,18858.00,3413.28,420.00,244.08
2018-01-05,18504.00,3412.94,415.00,241.42
2018-01-06,18140.00,3412.58,410.00,231.98
2018-01-07,17760.00,3412.21,405.00,220.63
2018-01-08,17460.00,3411.90,368.00,221.95
2018-01-09,17270.00,3411.71,333.00,241.21
2018-01-10,17030.00,3411.47,329.00,212.60
2018-01-11,16949.97,3411.39,329.00,293.53
2018-01-12,16860.00,3411.30,329.00,288.43
2018-01-13,16729.93,3411.17,329.00,267.42
2018-01-14,16600.00,3411.04,329.00,267.31
2018-01-15,16479.00,3410.91,325.00,268.27
2018-01-16,16320.00,3410.75,325.00,248.96
2018-01-17,16249.95,3410.68,313.00,280.27
2018-01-18,16440.17,3410.87,301.00,399.13
2018-01-19,16515.00,3410.95,297.00,338.73
2018-01-20,16524.00,3410.96,297.00,305.54
2018-01-21,16524.00,3410.96,297.00,301.00
2018-01-22,16470.00,3410.90,297.00,273.77
2018-01-23,16430.15,3410.86,297.00,280.91
2018-01-24,16420.12,3410.85,297.00,295.95
2018-01-25,16300.00,3410.73,297.00,239.81
2018-01-26,16180.02,3410.61,297.00,239.35
2018-01-27,16098.00,3410.52,297.00,259.46
2018-01-28,15962.18,3410.38,293.00,228.96
2018-01-29,15935.11,3410.35,297.00,286.15
2018-01-30,15926.09,3410.34,297.00,296.64
2018-01-31,15860.00,3410.27,285.00,255.45
2018-02-01,15820.00,3410.23,269.00,254.08
2018-02-02,15962.18,3410.38,277.00,350.87
2018-02-03,16229.90,3410.66,277.00,416.75
2018-02-04,16709.88,3411.15,281.00,528.88
2018-02-05,17280.00,3411.72,285.00,577.71
2018-02-06,17729.95,3412.18,289.00,520.45
2018-02-07,18040.00,3412.48,293.00,453.32
2018-02-08,18290.00,3412.73,297.00,426.02
2018-02-09,18515.00,3412.95,297.00,414.44
2018-02-10,18670.00,3413.10,297.00,379.15
2018-02-11,18759.97,3413.19,297.00,346.36
2018-02-12,18792.00,3413.22,297.00,317.15
2018-02-13,18803.00,3413.23,297.00,306.55
2018-02-14,18803.00,3413.23,277.00,279.91
2018-02-15,18803.00,3413.23,251.00,254.50
2018-02-16,18847.00,3413.27,227.00,250.76
2018-02-17,19030.00,3413.45,206.00,301.34
2018-02-18,19080.00,3413.50,206.00,234.21
2018-02-19,19100.00,3413.52,202.00,216.26
2018-02-20,19100.00,3413.52,202.00,205.50
2018-02-21,19080.00,3413.50,202.00,195.42
2018-02-22,19050.00,3413.47,202.00,190.16
2018-02-23,19030.00,3413.45,199.00,192.48
2018-02-24,18960.20,3413.38,199.00,166.95
2018-02-25,18950.17,3413.37,199.00,197.17
2018-02-26,18869.00,3413.29,186.00,150.06
2018-02-27,18836.00,3413.26,177.00,163.36
2018-02-28,18803.00,3413.23,177.00,163.36
2018-03-01,18781.00,3413.21,177.00,168.91
2018-03-02,18729.90,3413.16,168.00,146.58
2018-03-03,18700.07,3413.13,160.00,147.46
2018-03-04,18660.00,3413.09,160.00,142.30
2018-03-05,18600.00,3413.03,160.00,132.25
2018-03-06,18548.00,3412.98,160.00,136.28
2018-03-07,18482.00,3412.92,160.00,129.22
2018-03-08,18449.97,3412.89,160.00,146.35
2018-03-09,18430.17,3412.87,160.00,152.52
2018-03-10,18380.05,3412.82,160.00,136.15
2018-03-11,18300.00,3412.74,158.00,119.64
2018-03-12,18219.90,3412.66,158.00,119.62
2018-03-13,18190.07,3412.63,158.00,145.96
2018-03-14,18160.00,3412.60,160.00,147.34
2018-03-15,18100.00,3412.54,160.00,131.17
2018-03-16,18040.00,3412.48,158.00,129.75
2018-03-17,17948.97,3412.39,158.00,114.11
2018-03-18,17883.08,3412.33,158.00,126.78
2018-03-19,17790.00,3412.24,158.00,113.07
2018-03-20,17729.95,3412.18,158.00,129.73
2018-03-21,17660.03,3412.11,158.00,124.75
2018-03-22,17610.00,3412.06,158.00,134.83
2018-03-23,17541.00,3411.99,158.00,125.21
2018-03-24,17496.00,3411.94,158.00,137.31
2018-03-25,17430.17,3411.87,158.00,126.79
2018-03-26,17340.00,3411.78,158.00,114.38
2018-03-27,17290.00,3411.73,158.00,134.71
2018-03-28,17219.90,3411.66,158.00,124.66
2018-03-29,17150.00,3411.59,158.00,124.50
2018-03-30,17080.00,3411.52,158.00,124.71
2018-03-31,17020.00,3411.46,158.00,129.75
2018-04-01,16980.00,3411.42,158.00,139.83
2018-04-02,16930.17,3411.37,158.00,134.88
2018-04-03,16860.00,3411.30,158.00,123.97
2018-04-04,16610.00,3411.05,234.00,124.59
2018-04-05,16200.07,3410.63,352.00,155.63
2018-04-06,15860.00,3410.27,344.00,188.05
2018-04-07,15718.04,3410.12,345.00,290.38
2018-04-08,15709.02,3410.11,350.00,361.19
2018-04-09,15718.04,3410.12,269.00,293.69
2018-04-10,15970.98,3410.39,192.00,333.99
2018-04-11,16270.00,3410.70,195.00,359.76
2018-04-12,16524.00,3410.96,195.00,337.06
2018-04-13,16780.00,3411.22,195.00,339.51
2018-04-14,17140.00,3411.58,202.00,397.23
2018-04-15,17496.00,3411.94,202.00,395.65
2018-04-16,17800.00,3412.25,205.00,371.49
2018-04-17,18050.00,3412.49,202.00,343.01
2018-04-18,18209.88,3412.65,202.00,297.94
2018-04-19,18350.00,3412.79,205.00,288.91
2018-04-20,18482.00,3412.92,205.00,285.25
2018-04-21,18600.00,3413.03,205.00,278.99
2018-04-22,18690.05,3413.12,205.00,264.90
2018-04-23,18630.00,3413.06,306.00,297.62
2018-04-24,18360.00,3412.80,403.00,283.87
2018-04-25,18150.00,3412.59,404.00,314.12
2018-04-26,18100.00,3412.54,406.00,395.81
2018-04-27,18380.05,3412.82,412.00,567.88
2018-04-28,18869.00,3413.29,423.00,679.87
2018-04-29,19290.00,3413.70,430.00,651.81
2018-04-30,19590.00,3413.99,431.00,592.58
2018-05-01,19832.00,3414.22,438.00,567.01
2018-05-02,20060.00,3414.43,439.00,559.85
2018-05-03,20351.00,3414.71,475.00,629.24
2018-05-04,20715.00,3415.05,613.00,807.40
2018-05-05,21123.00,3415.43,769.00,978.52
2018-05-06,21751.00,3416.01,785.00,1102.71
2018-05-07,22487.95,3416.68,801.00,1168.06
2018-05-08,23656.00,3417.73,726.00,1312.02
2018-05-09,25176.00,3419.06,699.00,1460.92
2018-05-10,26124.21,3419.87,771.00,1240.70
2018-05-11,26485.94,3420.18,864.00,1043.21
2018-05-12,26449.85,3420.15,1039.00,1008.39
2018-05-13,26594.00,3420.27,1033.00,1090.88
2018-05-14,27087.97,3420.69,1044.00,1272.92
2018-05-15,27820.00,3421.30,1054.00,1403.48
2018-05-16,28644.00,3421.98,1072.00,1461.68
2018-05-17,29232.00,3422.46,1098.00,1372.70
2018-05-18,29507.97,3422.69,1109.00,1224.18
2018-05-19,29533.00,3422.71,1103.00,1089.83
2018-05-20,29546.00,3422.72,1089.00,1068.30
2018-05-21,29572.00,3422.74,1059.00,1039.07
2018-05-22,29722.18,3422.86,998.00,1038.38
2018-05-23,30044.06,3423.12,1000.00,1128.07
2018-05-24,30354.21,3423.37,1010.00,1122.66
2018-05-25,30830.00,3423.75,849.00,1056.30
2018-05-26,31140.00,3424.00,751.00,869.43
2018-05-27,31321.81,3424.14,745.00,799.95
2018-05-28,31484.00,3424.27,745.00,789.77
2018-05-29,31741.00,3424.47,647.00,749.57
2018-05-30,31926.06,3424.62,505.00,568.30
2018-05-31,32147.00,3424.79,447.00,533.91
2018-06-01,32407.00,3424.99,361.00,469.96
2018-06-02,32683.00,3425.21,336.00,452.15
2018-06-03,33125.00,3425.55,336.00,535.76
2018-06-04,33580.00,3425.90,336.00,542.40
2018-06-05,33853.03,3426.11,336.00,450.49
2018-06-06,34061.00,3426.27,372.00,452.43
2018-06-07,34113.03,3426.31,460.00,455.71
2018-06-08,34126.06,3426.32,496.00,470.89
2018-06-09,34139.09,3426.33,497.00,471.57
2018-06-10,34113.03,3426.31,497.00,451.81
2018-06-11,33904.84,3426.15,492.00,353.19
2018-06-12,33710.00,3426.00,487.00,356.53
2018-06-13,33580.00,3425.90,457.00,361.88
2018-06-14,33580.00,3425.90,370.00,342.56
2018-06-15,33632.00,3425.94,331.00,331.22
2018-06-16,33801.00,3426.07,332.00,390.45
2018-06-17,33943.94,3426.18,332.00,377.50
2018-06-18,34126.06,3426.32,336.00,400.43
2018-06-19,34243.00,3426.41,380.00,409.10
2018-06-20,34269.00,3426.43,440.00,417.56
2018-06-21,34282.00,3426.44,460.00,432.93
2018-06-22,34216.97,3426.39,465.00,400.91
2018-06-23,34126.06,3426.32,426.00,356.93
2018-06-24,34113.03,3426.31,387.00,361.59
2018-06-25,34035.00,3426.25,374.00,320.04
2018-06-26,33904.84,3426.15,352.00,275.02
2018-06-27,33814.00,3426.08,327.00,276.85
2018-06-28,33645.00,3425.95,324.00,236.75
2018-06-29,33554.25,3425.88,284.00,241.08
2018-06-30,33450.00,3425.80,261.00,212.48
2018-07-01,33346.00,3425.72,258.00,212.61
2018-07-02,33203.03,3425.61,255.00,192.92
2018-07-03,33086.00,3425.52,255.00,206.00
2018-07-04,32891.22,3425.37,255.00,166.80
2018-07-05,32774.00,3425.28,255.00,194.90
2018-07-06,32579.10,3425.13,241.00,143.60
2018-07-07,32432.00,3425.01,233.00,157.83
2018-07-08,32316.00,3424.92,230.00,172.14
2018-07-09,32121.00,3424.77,230.00,131.69
2018-07-10,31913.03,3424.61,230.00,125.19
2018-07-11,31780.00,3424.50,230.00,162.93
2018-07-12,31546.06,3424.32,230.00,112.06
2018-07-13,31360.90,3424.17,230.00,136.65
2018-07-14,31140.00,3424.00,230.00,118.63
2018-07-15,30929.10,3423.83,230.00,122.05
2018-07-16,30679.10,3423.63,226.00,100.57
2018-07-17,30442.00,3423.44,226.00,106.96
2018-07-18,30192.00,3423.24,226.00,100.46
2018-07-19,29948.00,3423.04,226.00,103.30
2018-07-20,29662.03,3422.81,223.00,80.26
2018-07-21,29400.00,3422.60,223.00,90.89
2018-07-22,29146.97,3422.39,223.00,95.43
2018-07-23,28861.88,3422.16,223.00,77.57
2018-07-24,28592.00,3421.94,219.00,83.51
2018-07-25,28324.00,3421.72,219.00,84.38
2018-07-26,28048.00,3421.49,219.00,80.35
2018-07-27,27796.00,3421.28,219.00,91.14
2018-07-28,27520.00,3421.05,216.00,77.25
2018-07-29,27244.06,3420.82,216.00,76.88
2018-07-30,26968.00,3420.59,216.00,76.78
2018-07-31,26685.13,3420.35,212.00,71.58
2018-08-01,26414.06,3420.12,212.00,75.83
2018-08-02,26112.18,3419.86,212.00,60.30
2018-08-03,25800.00,3419.60,212.00,55.11
2018-08-04,25526.16,3419.36,212.00,74.44
2018-08-05,25267.82,3419.14,212.00,80.78
2018-08-06,24978.97,3418.89,209.00,63.37
2018-08-07,24715.89,3418.66,209.00,76.36
2018-08-08,24442.00,3418.42,205.00,69.16
2018-08-09,24145.89,3418.16,212.00,64.34
2018-08-10,23861.00,3417.91,219.00,75.87
2018-08-11,23521.03,3417.61,219.00,48.10
2018-08-12,23224.11,3417.34,216.00,67.89
2018-08-13,22917.00,3417.07,216.00,61.17
2018-08-14,22620.00,3416.80,216.00,65.72
2018-08-15,22301.00,3416.51,212.00,51.74
2018-08-16,22015.00,3416.25,212.00,68.31
2018-08-17,21696.00,3415.96,212.00,51.67
2018-08-18,21386.92,3415.67,212.00,55.01
2018-08-19,21090.00,3415.40,209.00,59.30
2018-08-20,20792.05,3415.12,209.00,58.79
2018-08-21,20472.05,3414.82,223.00,62.65
2018-08-22,20141.00,3414.51,226.00,60.96
2018-08-23,19789.95,3414.18,226.00,49.51
2018-08-24,19434.11,3413.84,226.00,45.36
2018-08-25,19100.00,3413.52,223.00,54.55
2018-08-26,18770.00,3413.20,223.00,56.19
2018-08-27,18449.97,3412.89,219.00,58.43
2018-08-28,18140.00,3412.58,219.00,63.22
2018-08-29,17820.00,3412.27,216.00,55.41
2018-08-30,17514.00,3411.96,216.00,61.72
2018-08-31,17199.85,3411.64,212.00,55.63
2018-09-01,16870.03,3411.31,212.00,46.21
2018-09-02,16560.00,3411.00,209.00,54.06
2018-09-03,16229.90,3410.66,209.00,42.58
2018-09-04,15935.11,3410.35,205.00,58.57
2018-09-05,15640.00,3410.04,205.00,56.72
2018-09-06,15338.00,3409.72,202.00,50.85
2018-09-07,15040.00,3409.40,202.00,51.12
2018-09-08,14742.00,3409.08,198.00,48.48
2018-09-09,14453.00,3408.77,198.00,52.76
2018-09-10,14174.00,3408.46,195.00,55.29
2018-09-11,13912.93,3408.17,195.00,63.38
2018-09-12,13634.13,3407.86,192.00,52.73
2018-09-13,13346.00,3407.54,192.00,46.34
2018-09-14,13068.00,3407.22,189.00,48.84
2018-09-15,12798.00,3406.92,186.00,51.05
2018-09-16,12538.04,3406.62,186.00,54.94
2018-09-17,12286.04,3406.32,183.00,56.84
2018-09-18,12019.00,3406.01,183.00,47.91
2018-09-19,11768.00,3405.71,180.00,53.45
2018-09-20,11500.98,3405.39,177.00,43.80
2018-09-21,11252.00,3405.09,177.00,51.47
2018-09-22,11010.00,3404.80,177.00,54.79
2018-09-23,10762.00,3404.49,174.00,48.97
2018-09-24,10503.96,3404.18,174.00,42.80
2018-09-25,10271.98,3403.89,168.00,52.53
2018-09-26,10032.50,3403.59,165.00,44.71
2018-09-27,9818.02,3403.31,165.00,55.84
2018-09-28,9586.00,3403.02,163.00,45.52
2018-09-29,9347.00,3402.71,160.00,39.86
2018-09-30,9124.00,3402.42,160.00,46.36
2018-10-01,8921.93,3402.16,152.00,51.00
2018-10-02,8706.14,3401.88,150.00,41.20
2018-10-03,8500.00,3401.60,150.00,44.84
2018-10-04,8294.06,3401.33,147.00,43.67
2018-10-05,8136.04,3401.12,145.00,64.17
2018-10-06,7962.98,3400.89,140.00,52.75
2018-10-07,7784.91,3400.65,137.00,48.21
2018-10-08,7640.00,3400.45,137.00,64.44
2018-10-09,7509.00,3400.27,132.00,66.19
2018-10-10,7373.00,3400.09,122.00,53.93
2018-10-11,7240.00,3399.90,120.00,53.00
2018-10-12,7100.00,3399.70,117.00,47.40
2018-10-13,6943.00,3399.49,117.00,38.35
2018-10-14,6803.00,3399.29,115.00,44.69
2018-10-15,6660.00,3399.10,115.00,42.41
2018-10-16,6520.00,3398.90,113.00,42.22
2018-10-17,6380.00,3398.70,113.00,41.17
2018-10-18,6233.00,3398.49,111.00,36.49
2018-10-19,6100.00,3398.30,108.00,41.91
2018-10-20,5974.03,3398.12,108.00,44.89
2018-10-21,5827.00,3397.91,106.00,32.43
2018-10-22,5644.91,3397.65,127.00,35.19
2018-10-23,5452.10,3397.36,147.00,49.11
2018-10-24,5235.00,3397.05,145.00,34.80
2018-10-25,5081.05,3396.83,130.00,52.71
2018-10-26,5042.00,3396.77,120.00,100.38
2018-10-27,4971.93,3396.66,117.00,83.42
2018-10-28,5242.00,3397.06,127.00,263.75
2018-10-29,5249.00,3397.07,125.00,128.39
2018-10-30,5235.00,3397.05,122.00,115.44
2018-10-31,5186.00,3396.98,122.00,97.80
2018-11-01,5172.00,3396.96,120.00,114.00
2018-11-02,5172.00,3396.96,120.00,120.05
2018-11-03,5193.00,3396.99,120.00,131.07
2018-11-04,5431.05,3397.33,125.00,245.03
2018-11-05,5561.00,3397.53,125.00,191.39
2018-11-06,5644.91,3397.65,127.00,169.81
2018-11-07,5680.00,3397.70,127.00,145.19
2018-11-08,5680.00,3397.70,127.00,127.50
2018-11-09,5665.97,3397.68,127.00,120.42
2018-11-10,5610.00,3397.60,125.00,97.99
2018-11-11,5547.00,3397.51,125.00,93.24
2018-11-12,5472.98,3397.39,125.00,87.68
2018-11-13,5382.00,3397.26,125.00,78.23
2018-11-14,5311.93,3397.16,122.00,87.17
2018-11-15,5256.00,3397.08,122.00,94.30
2018-11-16,5130.00,3396.90,120.00,57.37
2018-11-17,5042.00,3396.77,120.00,75.13
2018-11-18,4937.02,3396.61,117.00,64.57
2018-11-19,4832.00,3396.46,115.00,62.85
2018-11-20,4727.02,3396.31,115.00,62.04
2018-11-21,4666.00,3396.21,101.00,71.59
2018-11-22,4638.95,3396.17,96.00,83.76
2018-11-23,4624.91,3396.15,96.00,90.35
2018-11-24,4548.00,3396.04,93.00,57.17
2018-11-25,4492.00,3395.96,93.00,65.92
2018-11-26,4513.00,3395.99,92.00,106.01
2018-11-27,5375.00,3397.25,107.00,544.94
2018-11-28,5890.00,3398.00,119.00,383.38
2018-11-29,6205.00,3398.45,121.00,284.15
2018-11-30,6401.00,3398.73,118.00,222.53
2018-12-01,6541.00,3398.93,120.00,195.66
2018-12-02,6590.00,3399.00,122.00,152.15
2018-12-03,6625.00,3399.05,116.00,140.07
2018-12-04,6639.00,3399.07,109.00,123.30
2018-12-05,6676.04,3399.12,109.00,133.88
2018-12-06,6668.02,3399.11,108.00,110.96
2018-12-07,6653.00,3399.09,108.00,107.43
2018-12-08,6611.00,3399.03,108.00,93.82
2018-12-09,6590.00,3399.00,108.00,104.41
2018-12-10,6576.00,3398.98,108.00,107.45
2018-12-11,6632.00,3399.06,111.00,146.07
2018-12-12,6668.02,3399.11,111.00,136.01
2018-12-13,6684.06,3399.13,111.00,125.42
2018-12-14,6676.04,3399.12,108.00,111.14
2018-12-15,6625.00,3399.05,108.00,89.27
2018-12-16,6618.00,3399.04,108.00,111.56
2018-12-17,6618.00,3399.04,108.00,115.01
2018-12-18,6824.03,3399.32,120.00,231.02
2018-12-19,6929.00,3399.47,117.00,178.45
2018-12-20,7114.00,3399.72,120.00,219.53
2018-12-21,7226.14,3399.88,117.00,182.54
2018-12-22,7338.00,3400.04,117.00,181.40
2018-12-23,7451.98,3400.19,117.00,182.52
2018-12-24,7509.00,3400.27,117.00,153.75
2018-12-25,7523.00,3400.29,117.00,132.06
2018-12-26,7544.03,3400.32,117.00,135.60
2018-12-27,7544.03,3400.32,117.00,125.00
2018-12-28,7551.05,3400.33,117.00,128.54
2018-12-29,7640.00,3400.45,120.00,171.36
2018-12-30,7844.00,3400.73,122.00,231.64
2018-12-31,7942.10,3400.86,120.00,176.99
2019-01-01,8042.00,3400.99,122.00,179.49
2019-01-02,8106.00,3401.08,122.00,162.27
2019-01-03,8326.14,3401.37,125.00,244.61
2019-01-04,8594.00,3401.73,130.00,272.51
2019-01-05,8792.00,3401.99,130.00,237.33
2019-01-06,8942.98,3402.19,130.00,213.62
2019-01-07,9030.00,3402.30,130.00,181.37
2019-01-08,9138.00,3402.44,122.00,185.43
2019-01-09,9212.00,3402.54,117.00,162.31
2019-01-10,9315.94,3402.67,120.00,179.36
2019-01-11,9403.00,3402.79,120.00,171.39
2019-01-12,9458.12,3402.86,120.00,155.29
2019-01-13,9490.00,3402.90,120.00,143.57
2019-01-14,9506.00,3402.92,120.00,135.57
2019-01-15,9538.00,3402.96,117.00,141.82
2019-01-16,9546.00,3402.97,117.00,127.82
2019-01-17,9562.00,3402.99,117.00,132.08
2019-01-18,9610.00,3403.05,117.00,148.99
2019-01-19,9642.00,3403.09,117.00,141.13
2019-01-20,9666.04,3403.12,117.00,137.12
2019-01-21,9666.04,3403.12,117.00,125.00
2019-01-22,9738.00,3403.21,117.00,161.85
2019-01-23,9842.08,3403.34,120.00,180.92
2019-01-24,9980.00,3403.52,115.00,193.14
2019-01-25,10071.88,3403.64,111.00,164.80
2019-01-26,10168.00,3403.76,111.00,166.47
2019-01-27,10240.10,3403.85,113.00,156.27
2019-01-28,10304.00,3403.93,113.00,152.22
2019-01-29,10384.00,3404.03,113.00,160.33
2019-01-30,10440.00,3404.10,113.00,148.23
2019-01-31,10503.96,3404.18,113.00,152.25
2019-02-01,10600.00,3404.30,113.00,169.53
2019-02-02,10762.00,3404.49,115.00,204.18
2019-02-03,10866.04,3404.62,115.00,174.95
2019-02-04,10978.00,3404.76,117.00,180.37
2019-02-05,11058.12,3404.86,117.00,164.14
2019-02-06,11090.00,3404.90,117.00,140.11
2019-02-07,11144.00,3404.96,117.00,151.34
2019-02-08,11196.00,3405.02,117.00,150.90
2019-02-09,11228.00,3405.06,117.00,141.13
2019-02-10,11276.04,3405.12,117.00,149.17
2019-02-11,11372.00,3405.24,117.00,173.56
2019-02-12,11465.11,3405.35,120.00,173.87
2019-02-13,11492.18,3405.38,117.00,138.70
2019-02-14,11510.00,3405.40,117.00,134.35
2019-02-15,11510.00,3405.40,117.00,125.00
2019-02-16,11518.00,3405.41,117.00,129.35
2019-02-17,11518.00,3405.41,117.00,125.00
2019-02-18,11500.98,3405.39,117.00,116.42
2019-02-19,11483.15,3405.37,117.00,116.01
2019-02-20,11404.00,3405.28,117.00,85.09
2019-02-21,11364.00,3405.23,117.00,104.83
2019-02-22,11323.96,3405.18,117.00,104.74
2019-02-23,11276.04,3405.12,115.00,98.63
2019-02-24,11220.00,3405.05,115.00,94.34
2019-02-25,11153.00,3404.97,115.00,88.72
2019-02-26,11042.08,3404.84,115.00,66.58
2019-02-27,10986.00,3404.77,115.00,94.23
2019-02-28,10897.92,3404.66,113.00,74.59
2019-03-01,10834.00,3404.58,104.00,79.07
2019-03-02,10770.00,3404.50,104.00,78.33
2019-03-03,10698.00,3404.41,104.00,74.30
2019-03-04,10609.02,3404.31,104.00,65.74
2019-03-05,10528.00,3404.21,104.00,69.73
2019-03-06,10464.06,3404.13,104.00,78.05
2019-03-07,10376.00,3404.02,108.00,71.07
2019-03-08,10280.00,3403.90,115.00,74.10
2019-03-09,10184.00,3403.78,115.00,73.05
2019-03-10,10071.88,3403.64,115.00,65.05
2019-03-11,9987.50,3403.53,115.00,78.99
2019-03-12,9890.00,3403.40,113.00,71.00
2019-03-13,9786.00,3403.27,113.00,67.59
2019-03-14,9681.88,3403.14,113.00,67.51
2019-03-15,9578.00,3403.01,113.00,67.57
2019-03-16,9474.16,3402.88,111.00,65.31
2019-03-17,9389.00,3402.77,111.00,74.57
2019-03-18,9291.88,3402.64,111.00,68.54
2019-03-19,9212.00,3402.54,111.00,77.38
2019-03-20,9145.00,3402.45,111.00,84.38
2019-03-21,9086.14,3402.37,111.00,88.77
2019-03-22,8914.91,3402.15,163.00,93.53
2019-03-23,8586.00,3401.72,262.00,105.86
2019-03-24,8286.04,3401.32,258.00,116.00
2019-03-25,8010.00,3400.95,255.00,124.24
2019-03-26,7729.00,3400.57,248.00,118.06
2019-03-27,7451.98,3400.19,244.00,113.94
2019-03-28,7338.00,3400.04,163.00,121.56
2019-03-29,7324.00,3400.02,117.00,117.92
2019-03-30,7317.00,3400.01,117.00,121.39
2019-03-31,7303.00,3399.99,117.00,117.89
2019-04-01,7310.00,3400.00,117.00,128.53
2019-04-02,7345.00,3400.05,117.00,143.70
2019-04-03,7481.00,3400.23,120.00,197.10
2019-04-04,7648.00,3400.46,123.00,214.60
2019-04-05,7900.00,3400.80,126.00,260.58
2019-04-06,8200.00,3401.20,131.00,287.80
2019-04-07,8527.90,3401.64,134.00,304.99
2019-04-08,8864.00,3402.08,136.00,311.00
2019-04-09,9268.02,3402.61,139.00,347.87
2019-04-10,9650.00,3403.10,142.00,338.90
2019-04-11,9980.00,3403.52,142.00,314.49
2019-04-12,10336.00,3403.97,132.00,317.57
2019-04-13,10746.00,3404.47,128.00,339.21
2019-04-14,11066.14,3404.87,130.00,295.40
2019-04-15,11348.00,3405.21,126.00,272.24
2019-04-16,11635.00,3405.55,121.00,270.20
2019-04-17,11876.09,3405.84,124.00,249.66
2019-04-18,12163.96,3406.18,126.00,275.54
2019-04-19,12555.87,3406.64,132.00,331.62
2019-04-20,13148.02,3407.31,134.00,437.18
2019-04-21,13742.00,3407.98,140.00,441.29
2019-04-22,14371.96,3408.68,142.00,463.45
2019-04-23,15058.00,3409.42,148.00,496.53
2019-04-24,15840.00,3410.25,150.00,547.53
2019-04-25,16580.00,3411.02,153.00,528.49
2019-04-26,17350.00,3411.79,156.00,546.40
2019-04-27,18030.00,3412.47,159.00,502.83
2019-04-28,18590.00,3413.02,159.00,442.36
2019-04-29,19060.00,3413.48,159.00,396.96
2019-04-30,19510.00,3413.91,147.00,373.37
2019-05-01,19942.05,3414.32,127.00,345.17
2019-05-02,20351.00,3414.71,125.00,331.98
2019-05-03,20726.00,3415.06,127.00,315.57
2019-05-04,21211.00,3415.51,127.00,371.79
2019-05-05,21839.00,3416.09,127.00,444.12
2019-05-06,22609.00,3416.79,127.00,516.74
2019-05-07,23608.97,3417.69,132.00,636.16
2019-05-08,24626.00,3418.58,180.00,698.64
2019-05-09,25400.00,3419.25,341.00,736.51
2019-05-10,25847.82,3419.64,561.00,779.80
2019-05-11,26306.00,3420.03,678.00,891.43
2019-05-12,27063.91,3420.67,602.00,963.18
2019-05-13,27724.00,3421.22,550.00,857.65
2019-05-14,28384.00,3421.77,462.00,767.91
2019-05-15,28982.00,3422.26,407.00,676.96
2019-05-16,29572.00,3422.74,377.00,644.50
2019-05-17,30377.97,3423.39,345.00,719.61
2019-05-18,31092.00,3423.96,317.00,641.84
2019-05-19,31913.03,3424.61,329.00,703.62
2019-05-20,32696.00,3425.22,336.00,685.96
2019-05-21,33528.19,3425.86,409.00,776.62
2019-05-22,33917.87,3426.16,458.00,591.46
2019-05-23,34126.06,3426.32,523.00,557.17
2019-05-24,34269.00,3426.43,600.00,586.06
2019-05-25,34321.00,3426.47,606.00,541.09
2019-05-26,34282.00,3426.44,646.00,522.77
2019-05-27,34152.13,3426.34,702.00,519.24
2019-05-28,34126.06,3426.32,701.00,567.26
2019-05-29,34139.09,3426.33,750.00,752.27
2019-05-30,34061.00,3426.27,848.00,810.32
2019-05-31,33943.94,3426.18,869.00,809.79
2019-06-01,34074.00,3426.28,827.00,889.69
2019-06-02,34061.00,3426.27,862.00,855.12
2019-06-03,33593.00,3425.91,1034.00,797.30
2019-06-04,32878.19,3425.36,1060.00,716.41
2019-06-05,32368.00,3424.96,872.00,644.27
2019-06-06,32016.97,3424.69,684.00,541.63
2019-06-07,31804.00,3424.52,525.00,465.74
2019-06-08,31598.19,3424.36,465.00,408.46
2019-06-09,31436.00,3424.23,416.00,390.23
2019-06-10,31400.00,3424.20,335.00,375.64
2019-06-11,31533.03,3424.31,271.00,395.05
2019-06-12,31852.00,3424.56,208.00,426.82
2019-06-13,32263.94,3424.88,168.00,377.56
2019-06-14,32630.90,3425.17,152.00,337.51
2019-06-15,32943.00,3425.41,152.00,309.85
2019-06-16,33203.03,3425.61,152.00,283.60
2019-06-17,33463.03,3425.81,152.00,283.58
2019-06-18,33658.00,3425.96,151.00,250.74
2019-06-19,33814.00,3426.08,151.00,230.90
2019-06-20,33930.91,3426.17,148.00,209.04
2019-06-21,34022.00,3426.24,148.00,195.93
2019-06-22,34087.00,3426.29,148.00,182.77
2019-06-23,34152.13,3426.34,148.00,182.84
2019-06-24,34191.22,3426.37,148.00,169.71
2019-06-25,34216.97,3426.39,145.00,161.48
2019-06-26,34269.00,3426.43,162.00,194.99
2019-06-27,34139.09,3426.33,229.00,168.04
2019-06-28,33983.00,3426.21,215.00,142.55
2019-06-29,33917.87,3426.16,164.00,136.47
2019-06-30,33917.87,3426.16,146.00,150.03
2019-07-01,33943.94,3426.18,146.00,163.75
2019-07-02,33917.87,3426.16,146.00,136.90
2019-07-03,33866.06,3426.12,146.00,123.85
2019-07-04,33814.00,3426.08,143.00,121.86
2019-07-05,33736.00,3426.02,143.00,108.17
2019-07-06,33645.00,3425.95,143.00,101.62
2019-07-07,33566.97,3425.89,142.00,108.11
2019-07-08,33476.06,3425.82,140.00,99.86
2019-07-09,33398.00,3425.76,142.00,107.66
2019-07-10,33306.97,3425.69,142.00,101.58
2019-07-11,33190.00,3425.60,141.00,88.24
2019-07-12,33099.00,3425.53,139.00,99.58
2019-07-13,32982.00,3425.44,141.00,88.89
2019-07-14,32826.06,3425.32,146.00,74.75
2019-07-15,32761.00,3425.27,158.00,134.69
2019-07-16,32553.03,3425.11,172.00,75.15
2019-07-17,32394.00,3424.98,171.00,99.82
2019-07-18,32173.03,3424.81,168.00,67.08
2019-07-19,31939.10,3424.63,168.00,59.09
2019-07-20,31792.00,3424.51,168.00,102.84
2019-07-21,31572.13,3424.34,168.00,66.15
2019-07-22,31360.90,3424.17,168.00,70.51
2019-07-23,31153.00,3424.01,168.00,71.84
2019-07-24,30916.06,3423.82,168.00,56.44
2019-07-25,30704.84,3423.65,171.00,72.32
2019-07-26,30442.00,3423.44,177.00,53.48
2019-07-27,30192.00,3423.24,177.00,59.96
2019-07-28,29960.00,3423.05,177.00,69.03
2019-07-29,29710.15,3422.85,180.00,62.80
2019-07-30,29424.06,3422.62,186.00,50.76
2019-07-31,29146.97,3422.39,186.00,55.30
2019-08-01,28873.91,3422.17,186.00,55.93
2019-08-02,28605.00,3421.95,183.00,56.45
2019-08-03,28336.00,3421.73,183.00,56.38
2019-08-04,28072.00,3421.51,183.00,57.99
2019-08-05,27784.00,3421.27,186.00,50.98
2019-08-06,27520.00,3421.05,192.00,68.02
2019-08-07,27232.03,3420.81,189.00,53.61
2019-08-08,26920.00,3420.55,189.00,41.19
2019-08-09,26641.03,3420.31,189.00,57.85
2019-08-10,26354.00,3420.07,189.00,53.83
2019-08-11,26064.06,3419.82,190.00,50.99
2019-08-12,25756.00,3419.56,187.00,39.69
2019-08-13,25482.05,3419.32,187.00,56.89
2019-08-14,25187.00,3419.07,187.00,45.92
2019-08-15,24880.00,3418.80,193.00,45.83
2019-08-16,24578.00,3418.54,197.00,53.24
2019-08-17,24262.00,3418.26,197.00,45.45
2019-08-18,23949.00,3417.99,193.00,45.33
2019-08-19,23608.97,3417.69,197.00,34.31
2019-08-20,23278.97,3417.39,204.00,46.12
2019-08-21,22961.03,3417.11,208.00,56.89
2019-08-22,22620.00,3416.80,215.00,50.96
2019-08-23,22279.00,3416.49,212.00,48.69
2019-08-24,21926.92,3416.17,212.00,41.99
2019-08-25,21586.16,3415.86,212.00,47.52
2019-08-26,21255.00,3415.55,209.00,50.11
2019-08-27,20890.00,3415.21,209.00,31.98
2019-08-28,20548.97,3414.89,213.00,46.03
2019-08-29,20207.00,3414.57,217.00,50.32
2019-08-30,19843.00,3414.23,213.00,35.98
2019-08-31,19510.00,3413.91,214.00,51.45
2019-09-01,19130.00,3413.55,210.00,24.76
2019-09-02,18781.00,3413.21,210.00,40.05
2019-09-03,18440.20,3412.88,214.00,46.24
2019-09-04,18080.00,3412.52,218.00,41.11
2019-09-05,17709.90,3412.16,215.00,33.02
2019-09-06,17410.12,3411.85,215.00,68.54
2019-09-07,17100.00,3411.54,215.00,63.18
2019-09-08,16810.00,3411.25,215.00,72.09
2019-09-09,16479.00,3410.91,212.00,49.12
2019-09-10,16134.00,3410.56,209.00,39.22
2019-09-11,15820.00,3410.23,205.00,50.69
2019-09-12,15499.98,3409.89,205.00,46.10
2019-09-13,15200.00,3409.57,202.00,54.34
2019-09-14,14877.00,3409.23,199.00,40.52
2019-09-15,14600.00,3408.93,199.00,62.35
2019-09-16,14291.00,3408.59,196.00,43.93
2019-09-17,14066.09,3408.34,196.00,86.15
2019-09-18,13832.00,3408.08,196.00,80.35
2019-09-19,13562.00,3407.78,193.00,58.97
2019-09-20,13265.00,3407.45,187.00,40.42
2019-09-21,13022.93,3407.17,181.00,60.96
2019-09-22,12780.00,3406.90,182.00,59.29
2019-09-23,12496.00,3406.57,179.00,36.82
2019-09-24,12225.00,3406.25,176.00,39.39
2019-09-25,12002.00,3405.99,170.00,57.21
2019-09-26,11751.98,3405.69,167.00,41.95
2019-09-27,11518.00,3405.41,160.00,42.06
2019-09-28,11323.96,3405.18,147.00,49.67
2019-09-29,11117.00,3404.93,147.00,42.78
2019-09-30,10913.96,3404.68,145.00,42.63
2019-10-01,10730.00,3404.45,142.00,52.23
2019-10-02,10528.00,3404.21,137.00,38.67
2019-10-03,10344.00,3403.98,132.00,42.38
2019-10-04,10168.00,3403.76,132.00,46.27
2019-10-05,9987.50,3403.53,130.00,42.58
2019-10-06,9818.02,3403.31,130.00,47.05
2019-10-07,9674.06,3403.13,130.00,59.69
2019-10-08,9506.00,3402.92,127.00,45.86
2019-10-09,9354.00,3402.72,127.00,53.37
2019-10-10,9196.00,3402.52,127.00,49.13
2019-10-11,9030.00,3402.30,125.00,43.81
2019-10-12,8872.00,3402.09,125.00,47.53
2019-10-13,8712.98,3401.89,122.00,44.85
2019-10-14,8555.97,3401.68,122.00,45.84
2019-10-15,8406.00,3401.48,120.00,47.61
2019-10-16,8278.02,3401.31,120.00,58.05
2019-10-17,8191.98,3401.19,120.00,79.55
2019-10-18,8167.92,3401.16,120.00,111.26
2019-10-19,8175.94,3401.17,122.00,129.25
2019-10-20,8128.02,3401.11,120.00,99.47
2019-10-21,8099.00,3401.07,120.00,107.87
2019-10-22,8350.00,3401.40,122.00,250.33
2019-10-23,8484.00,3401.58,122.00,192.56
2019-10-24,8514.03,3401.62,122.00,140.14
2019-10-25,8555.97,3401.68,122.00,146.35
2019-10-26,8578.00,3401.71,125.00,138.05
2019-10-27,8578.00,3401.71,125.00,127.40
2019-10-28,8534.91,3401.65,125.00,105.01
2019-10-29,8484.00,3401.58,122.00,99.63
2019-10-30,8392.00,3401.46,122.00,78.62
2019-10-31,8326.14,3401.37,125.00,93.73
2019-11-01,8228.00,3401.24,125.00,78.18
2019-11-02,8136.04,3401.12,125.00,81.14
2019-11-03,8034.00,3400.98,125.00,75.68
2019-11-04,7928.07,3400.84,122.00,71.59
2019-11-05,7820.00,3400.70,122.00,70.52
2019-11-06,7715.00,3400.55,122.00,71.96
2019-11-07,7592.98,3400.39,120.00,61.09
2019-11-08,7481.00,3400.23,120.00,66.04
2019-11-09,7380.00,3400.10,120.00,71.36
2019-11-10,7261.00,3399.93,117.00,60.06
2019-11-11,7156.00,3399.78,117.00,67.06
2019-11-12,7044.06,3399.63,117.00,62.92
2019-11-13,6929.00,3399.47,115.00,59.49
2019-11-14,6824.03,3399.32,115.00,64.58
2019-11-15,6740.00,3399.20,113.00,73.84
2019-11-16,6668.02,3399.11,113.00,78.71
2019-11-17,6604.00,3399.02,113.00,82.72
2019-11-18,6548.00,3398.94,113.00,86.61
2019-11-19,6534.00,3398.92,111.00,105.95
2019-11-20,6478.07,3398.84,108.00,82.78
2019-11-21,6415.00,3398.75,111.00,81.00
2019-11-22,6337.90,3398.64,111.00,73.77
2019-11-23,6275.00,3398.55,108.00,78.95
2019-11-24,6177.00,3398.41,108.00,61.19
2019-11-25,6114.03,3398.32,111.00,81.86
2019-11-26,5994.91,3398.15,115.00,57.25
2019-11-27,5960.00,3398.10,113.00,97.40
2019-11-28,5932.00,3398.06,113.00,100.83
2019-11-29,5799.12,3397.87,117.00,52.87
2019-11-30,5631.05,3397.63,122.00,40.56
2019-12-01,5540.00,3397.50,122.00,79.09
2019-12-02,5417.02,3397.31,120.00,61.00
2019-12-03,5304.91,3397.15,120.00,65.81
2019-12-04,5193.00,3396.99,117.00,63.58
2019-12-05,5074.03,3396.82,117.00,59.90
2019-12-06,4985.97,3396.68,115.00,73.10
2019-12-07,4909.00,3396.57,115.00,78.61
2019-12-08,4811.00,3396.43,113.00,65.59
2019-12-09,4748.07,3396.34,100.00,70.18
2019-12-10,4684.00,3396.24,97.00,67.15
2019-12-11,4617.90,3396.14,100.00,67.81
2019-12-12,4624.91,3396.15,100.00,105.22
2019-12-13,4611.05,3396.13,100.00,94.71
2019-12-14,4569.00,3396.07,97.00,78.40
2019-12-15,4492.00,3395.96,95.00,58.73
2019-12-16,4426.09,3395.86,93.00,62.30
2019-12-17,4426.00,3395.86,91.00,93.70
2019-12-18,4604.00,3396.12,91.00,182.72
2019-12-19,5000.00,3396.70,91.00,292.45
2019-12-20,5974.00,3398.12,111.00,605.43
2019-12-21,7225.00,3399.88,147.00,781.19
2019-12-22,8249.00,3401.27,158.00,677.18
2019-12-23,8880.00,3402.10,150.00,469.89
2019-12-24,9220.00,3402.55,132.00,306.42
2019-12-25,9442.08,3402.84,132.00,246.96
2019-12-26,9626.00,3403.07,122.00,217.41
2019-12-27,9786.00,3403.27,113.00,195.67
2019-12-28,9912.50,3403.43,113.00,178.78
2019-12-29,9995.00,3403.54,113.00,156.59
2019-12-30,10064.06,3403.63,113.00,149.82
2019-12-31,10288.00,3403.91,115.00,231.00
2020-01-01,10786.00,3404.52,120.00,374.81
2020-01-02,11090.00,3404.90,120.00,275.77
2020-01-03,11396.00,3405.27,120.00,278.01
2020-01-04,11653.00,3405.57,122.00,254.57
2020-01-05,11832.00,3405.79,122.00,215.25
2020-01-06,12225.00,3406.25,127.00,328.37
2020-01-07,12573.91,3406.66,132.00,310.91
2020-01-08,12906.00,3407.04,130.00,300.75
2020-01-09,13140.00,3407.30,127.00,246.97
2020-01-10,13382.00,3407.58,122.00,247.09
2020-01-11,13589.02,3407.81,122.00,229.84
2020-01-12,13769.00,3408.01,122.00,216.29
2020-01-13,13868.04,3408.12,122.00,174.93
2020-01-14,13958.00,3408.22,122.00,170.35
2020-01-15,14012.00,3408.28,122.00,152.23
2020-01-16,14066.09,3408.34,122.00,152.37
2020-01-17,14093.15,3408.37,122.00,139.30
2020-01-18,14156.00,3408.44,125.00,158.64
2020-01-19,14156.00,3408.44,122.00,125.27
2020-01-20,14147.00,3408.43,122.00,120.46
2020-01-21,14183.00,3408.47,122.00,144.31
2020-01-22,14219.00,3408.51,125.00,145.03
2020-01-23,14462.00,3408.78,130.00,256.16
2020-01-24,14931.00,3409.29,132.00,371.94
2020-01-25,15401.00,3409.79,135.00,373.66
2020-01-26,15800.00,3410.21,135.00,338.66
2020-01-27,16116.00,3410.54,168.00,334.08
2020-01-28,16280.00,3410.71,209.00,295.18
2020-01-29,16400.07,3410.83,209.00,273.04
2020-01-30,16488.00,3410.92,209.00,257.50
2020-01-31,17260.00,3411.70,216.00,607.00
2020-02-01,19191.03,3413.61,230.00,1206.15
2020-02-02,20610.00,3414.95,237.00,955.55
2020-02-03,21244.00,3415.54,329.00,659.87
2020-02-04,21364.87,3415.65,465.00,528.88
2020-02-05,21520.00,3415.80,470.00,554.72
2020-02-06,21971.00,3416.21,490.00,725.37
2020-02-07,23389.00,3417.49,273.00,1019.29
2020-02-08,24626.00,3418.58,142.00,767.80
2020-02-09,25493.08,3419.33,137.00,576.33
2020-02-10,26171.00,3419.91,135.00,478.75
2020-02-11,26718.21,3420.38,132.00,410.74
2020-02-12,27063.91,3420.67,165.00,347.43
2020-02-13,27148.00,3420.74,273.00,321.49
2020-02-14,27063.91,3420.67,325.00,285.21
2020-02-15,26956.00,3420.58,321.00,270.59
2020-02-16,26788.00,3420.44,321.00,238.40
2020-02-17,26594.00,3420.27,317.00,223.19
2020-02-18,26461.88,3420.16,258.00,198.81
2020-02-19,26414.06,3420.12,212.00,191.89
2020-02-20,26342.00,3420.06,212.00,178.08
2020-02-21,26306.00,3420.03,195.00,180.65
2020-02-22,26270.00,3420.00,186.00,170.85
2020-02-23,26270.00,3420.00,186.00,189.00
2020-02-24,26204.00,3419.94,183.00,153.71
2020-02-25,26136.23,3419.88,183.00,151.83
2020-02-26,26052.03,3419.81,183.00,143.55
2020-02-27,25956.00,3419.73,183.00,137.59
2020-02-28,25871.88,3419.66,183.00,143.59
2020-02-29,25800.00,3419.60,183.00,149.76
2020-03-01,25712.00,3419.52,184.00,141.60
2020-03-02,25630.00,3419.45,169.00,131.44
2020-03-03,25594.00,3419.42,158.00,141.90
2020-03-04,25570.00,3419.40,144.00,132.99
2020-03-05,25570.00,3419.40,131.00,132.50
2020-03-06,25570.00,3419.40,132.00,132.59
2020-03-07,25570.00,3419.40,132.00,132.50
2020-03-08,25558.97,3419.39,132.00,126.94
2020-03-09,25537.19,3419.37,132.00,121.52
2020-03-10,25526.16,3419.36,133.00,126.94
2020-03-11,25482.05,3419.32,133.00,110.26
2020-03-12,25460.00,3419.30,133.00,120.56
2020-03-13,25436.00,3419.28,133.00,119.80
2020-03-14,25412.00,3419.26,134.00,120.37
2020-03-15,25352.00,3419.21,131.00,100.80
2020-03-16,25291.88,3419.16,132.00,100.43
2020-03-17,25244.06,3419.12,132.00,106.44
2020-03-18,25198.00,3419.08,132.00,106.83
2020-03-19,25154.00,3419.04,132.00,107.82
2020-03-20,25110.00,3419.00,135.00,109.56
2020-03-21,25074.00,3418.97,135.00,114.35
2020-03-22,25050.00,3418.95,135.00,120.40
2020-03-23,25026.00,3418.93,135.00,120.40
2020-03-24,25014.00,3418.92,135.00,126.45
2020-03-25,25002.00,3418.91,135.00,126.45
2020-03-26,24978.97,3418.89,135.00,120.89
2020-03-27,24946.16,3418.86,135.00,115.96
2020-03-28,24935.13,3418.85,135.00,126.94
2020-03-29,24957.19,3418.87,135.00,144.26
2020-03-30,25002.00,3418.91,152.00,173.54
2020-03-31,24820.00,3418.75,242.00,147.50
2020-04-01,24387.19,3418.37,344.00,111.94
2020-04-02,23883.00,3417.93,395.00,120.43
2020-04-03,23290.00,3417.40,442.00,110.07
2020-04-04,22664.11,3416.84,468.00,114.26
2020-04-05,21893.84,3416.14,550.00,112.03
2020-04-06,21101.00,3415.41,588.00,124.18
2020-04-07,20100.00,3414.47,685.00,106.94
2020-04-08,18930.12,3413.35,813.00,134.52
2020-04-09,17750.00,3412.20,817.00,228.63
2020-04-10,16660.00,3411.10,787.00,256.53
2020-04-11,15680.00,3410.08,756.00,292.81
2020-04-12,14760.00,3409.10,725.00,302.65
2020-04-13,13894.89,3408.15,695.00,309.94
2020-04-14,13164.06,3407.33,622.00,313.95
2020-04-15,12591.96,3406.68,522.00,296.91
2020-04-16,12431.00,3406.49,354.00,266.22
2020-04-17,12422.00,3406.48,271.00,264.36
2020-04-18,12520.00,3406.60,245.00,297.66
2020-04-19,12691.00,3406.79,226.00,320.66
2020-04-20,13068.00,3407.22,178.00,382.94
2020-04-21,13607.07,3407.83,132.00,417.30
2020-04-22,14246.00,3408.54,130.00,463.74
2020-04-23,15140.00,3409.51,132.00,596.23
2020-04-24,16020.00,3410.44,130.00,586.64
2020-04-25,17040.00,3411.48,127.00,654.88
2020-04-26,18150.00,3412.59,130.00,703.00
2020-04-27,19340.00,3413.75,135.00,748.34
2020-04-28,20505.13,3414.85,137.00,737.42
2020-04-29,21618.97,3415.89,130.00,703.27
2020-04-30,22993.84,3417.14,125.00,831.72
2020-05-01,24134.87,3418.15,148.00,737.41
2020-05-02,25176.00,3419.06,165.00,705.53
2020-05-03,26193.00,3419.93,165.00,694.21
2020-05-04,27016.09,3420.63,165.00,596.08
2020-05-05,27736.00,3421.23,192.00,572.17
2020-05-06,28432.03,3421.81,212.00,580.91
2020-05-07,29043.03,3422.31,212.00,538.05
2020-05-08,29483.91,3422.67,307.00,534.19
2020-05-09,29924.00,3423.02,430.00,623.47
2020-05-10,30377.97,3423.39,589.00,798.88
2020-05-11,30628.00,3423.59,883.00,980.69
2020-05-12,30818.00,3423.74,916.00,981.64
2020-05-13,30929.10,3423.83,934.00,954.01
2020-05-14,30916.06,3423.82,936.00,891.43
2020-05-15,30794.00,3423.72,962.00,863.75
2020-05-16,30640.00,3423.60,996.00,878.61
2020-05-17,30520.00,3423.50,974.00,867.93
2020-05-18,30794.00,3423.72,741.00,837.04
2020-05-19,31270.00,3424.10,550.00,758.78
2020-05-20,31913.03,3424.61,416.00,709.92
2020-05-21,32670.00,3425.20,343.00,698.08
2020-05-22,33333.00,3425.71,320.00,627.26
2020-05-23,33879.09,3426.13,321.00,568.32
2020-05-24,34334.00,3426.48,369.00,570.49
2020-05-25,34477.00,3426.59,614.00,654.03
2020-05-26,34295.00,3426.45,976.00,829.14
2020-05-27,33814.00,3426.08,1242.00,906.54
2020-05-28,33306.97,3425.69,1263.00,939.58
2020-05-29,33164.00,3425.58,1221.00,1090.34
2020-05-30,33671.00,3425.97,1210.00,1410.65
2020-05-31,34100.00,3426.30,1263.00,1423.75
2020-06-01,33904.84,3426.15,1141.00,990.27
2020-06-02,33983.00,3426.21,813.00,811.42
2020-06-03,34152.13,3426.34,685.00,730.63
2020-06-04,34295.00,3426.45,682.00,717.03
2020-06-05,34399.00,3426.53,652.00,672.44
2020-06-06,34490.00,3426.60,629.00,642.44
2020-06-07,33983.00,3426.21,901.00,626.97
2020-06-08,32969.00,3425.43,1186.00,639.40
2020-06-09,32160.00,3424.80,1170.00,728.84
2020-06-10,31496.00,3424.28,1162.00,791.36
2020-06-11,31056.00,3423.93,1018.00,768.38
2020-06-12,31296.06,3424.12,610.00,715.78
2020-06-13,31864.00,3424.57,377.00,652.50
2020-06-14,32432.00,3425.01,305.00,575.37
2020-06-15,32930.00,3425.40,305.00,540.08
2020-06-16,33398.00,3425.76,305.00,524.91
2020-06-17,33749.00,3426.03,337.00,499.69
2020-06-18,34061.00,3426.27,372.00,511.30
2020-06-19,34308.00,3426.46,445.00,551.00
2020-06-20,34438.00,3426.56,568.00,611.73
2020-06-21,34464.00,3426.58,624.00,611.98
2020-06-22,34451.00,3426.57,624.00,591.45
2020-06-23,34541.81,3426.64,624.00,643.78
2020-06-24,34503.03,3426.61,717.00,671.89
2020-06-25,34035.00,3426.25,823.00,568.83
2020-06-26,33775.00,3426.05,741.00,594.60
2020-06-27,33684.00,3425.98,609.00,559.58
2020-06-28,33489.09,3425.83,575.00,477.11
2020-06-29,33437.00,3425.79,422.00,410.04
2020-06-30,33580.00,3425.90,311.00,388.16
2020-07-01,33723.00,3426.01,292.00,371.74
2020-07-02,33801.00,3426.07,285.00,336.37
2020-07-03,33853.03,3426.11,282.00,323.23
2020-07-04,33866.06,3426.12,279.00,303.57
2020-07-05,33891.81,3426.14,276.00,308.21
2020-07-06,33878.78,3426.13,273.00,289.24
2020-07-07,33866.06,3426.12,270.00,290.59
2020-07-08,33840.00,3426.10,267.00,283.86
2020-07-09,33801.00,3426.07,250.00,259.67
2020-07-10,33762.00,3426.04,233.00,245.34
2020-07-11,33749.00,3426.03,230.00,258.45
2020-07-12,33684.00,3425.98,228.00,232.23
2020-07-13,33606.00,3425.92,225.00,224.34
2020-07-14,33515.16,3425.85,219.00,215.70
2020-07-15,33424.00,3425.78,209.00,208.96
2020-07-16,33346.00,3425.72,205.00,211.67
2020-07-17,33254.84,3425.65,205.00,205.04
2020-07-18,33138.00,3425.56,205.00,192.09
2020-07-19,33008.00,3425.46,205.00,138.86
2020-07-20,32891.22,3425.37,205.00,144.95
2020-07-21,32761.00,3425.27,202.00,136.67
2020-07-22,32630.90,3425.17,202.00,136.03
2020-07-23,32456.00,3425.03,198.00,110.32
2020-07-24,32263.94,3424.88,198.00,101.67
2020-07-25,32082.00,3424.74,198.00,107.45
2020-07-26,31888.00,3424.59,198.00,101.06
2020-07-27,31689.00,3424.43,198.00,98.17
2020-07-28,31496.00,3424.28,198.00,101.20
2020-07-29,31270.00,3424.10,216.00,102.17
2020-07-30,31020.00,3423.90,233.00,107.46
2020-07-31,30770.00,3423.70,233.00,107.46
2020-08-01,30544.00,3423.52,233.00,118.15
2020-08-02,30294.00,3423.32,230.00,104.83
2020-08-03,29770.00,3422.90,230.00,-34.18
2020-08-04,29483.91,3422.67,230.00,85.76
2020-08-05,29196.00,3422.43,230.00,83.51
2020-08-06,28897.97,3422.19,226.00,76.24
2020-08-07,28605.00,3421.95,226.00,78.47
2020-08-08,28287.97,3421.69,223.00,64.42
2020-08-09,28000.00,3421.45,223.00,77.81
2020-08-10,27700.00,3421.20,223.00,71.57
2020-08-11,27388.00,3420.94,237.00,72.06
2020-08-12,27075.00,3420.68,244.00,56.48
2020-08-13,26752.00,3420.41,244.00,71.34
2020-08-14,26449.00,3420.15,241.00,60.47
2020-08-15,26148.00,3419.89,241.00,76.01
2020-08-16,25824.00,3419.62,241.00,62.67
2020-08-17,25526.00,3419.36,237.00,66.53
2020-08-18,25220.00,3419.10,237.00,73.68
2020-08-19,24913.00,3418.83,237.00,56.82
2020-08-20,24614.00,3418.57,233.00,68.13
2020-08-21,24321.00,3418.31,233.00,58.05
2020-08-22,24008.00,3418.04,230.00,60.21
2020-08-23,23716.00,3417.78,230.00,69.18
2020-08-24,23422.00,3417.52,230.00,52.38
2020-08-25,23120.00,3417.25,226.00,54.98
2020-08-26,22829.00,3416.99,226.00,60.12
2020-08-27,22543.00,3416.73,223.00,57.95
2020-08-28,22257.00,3416.47,223.00,51.20
2020-08-29,21960.00,3416.20,223.00,55.22
2020-08-30,21674.00,3415.94,219.00,60.69
2020-08-31,21398.00,3415.68,219.00,48.08
2020-09-01,21101.00,3415.41,219.00,61.67
2020-09-02,20824.00,3415.15,216.00,76.35
2020-09-03,20549.00,3414.89,216.00,77.32
2020-09-04,20260.00,3414.62,212.00,67.29
2020-09-05,19986.00,3414.36,212.00,74.36
2020-09-06,19699.00,3414.09,209.00,65.60
2020-09-07,19434.11,3413.84,209.00,75.45
2020-09-08,19100.00,3413.48,209.00,55.68
2020-09-09,18759.97,3413.11,209.00,22.17
2020-09-10,18439.95,3412.75,205.00,44.63
2020-09-11,18140.00,3412.38,205.00,54.27
2020-09-12,17820.00,3412.02,205.00,42.43
2020-09-13,17514.00,3411.66,201.00,47.72
2020-09-14,17199.85,3411.29,201.00,42.29
2020-09-15,16900.10,3410.93,197.00,47.37
2020-09-16,16590.00,3410.56,197.00,41.19
2020-09-17,16300.00,3410.20,193.00,48.79
2020-09-18,16020.00,3409.84,193.00,53.94
2020-09-19,15744.89,3409.47,193.00,55.41
2020-09-20,15470.15,3409.11,190.00,53.48
2020-09-21,15180.00,3408.74,186.00,43.92
2020-09-22,14895.00,3408.38,186.00,45.31
2020-09-23,14859.00,3408.18,189.00,173.62
2020-09-24,14706.00,3407.97,190.00,113.71
2020-09-25,14570.00,3407.73,187.00,121.06
2020-09-26,14390.00,3407.48,188.00,98.25
2020-09-27,14174.00,3407.23,185.00,77.62
2020-09-28,13958.00,3406.99,185.00,77.10
2020-09-29,12646.00,3406.74,186.00,73.59
2020-09-30,12422.00,3406.48,183.00,70.07
2020-10-01,12180.00,3406.20,180.00,59.29
2020-10-02,11954.00,3405.93,181.00,66.06
2020-10-03,11727.92,3405.66,179.00,64.03
2020-10-04,11483.15,3405.37,179.00,53.60
2020-10-05,11252.00,3405.09,180.00,59.01
2020-10-06,11010.00,3404.80,177.00,51.99
2020-10-07,10794.00,3404.53,174.00,63.40
2020-10-08,10552.00,3404.24,173.00,48.99
2020-10-09,10328.00,3403.96,170.00,55.93
2020-10-10,10263.96,3403.88,173.00,138.20
2020-10-11,10320.00,3403.95,173.00,199.57
2020-10-12,10592.00,3404.29,176.00,311.23
2020-10-13,11099.00,3404.91,169.00,425.46
2020-10-14,11483.15,3405.37,161.00,353.68
2020-10-15,11662.00,3405.58,161.00,250.17
2020-10-16,11719.90,3405.65,161.00,189.27
2020-10-17,11768.00,3405.71,153.00,177.01
2020-10-18,11776.00,3405.72,145.00,149.03
2020-10-19,11760.00,3405.70,145.00,136.93
2020-10-20,11743.96,3405.68,138.00,130.48
2020-10-21,11711.88,3405.64,135.00,118.83
2020-10-22,11680.00,3405.60,135.00,118.93
2020-10-23,11617.00,3405.53,135.00,103.24
2020-10-24,11644.00,3405.56,134.00,148.61
2020-10-25,11617.00,3405.53,134.00,121.39
2020-10-26,11558.00,3405.46,134.00,105.25
2020-10-27,11510.00,3405.40,134.00,110.80
2020-10-28,11456.09,3405.34,134.00,107.79
2020-10-29,11364.00,3405.23,134.00,87.41
2020-10-30,11291.88,3405.14,131.00,96.48
2020-10-31,11204.00,3405.03,131.00,88.19
2020-11-01,11108.00,3404.92,131.00,84.10
2020-11-02,11010.00,3404.80,130.00,83.09
2020-11-03,10986.00,3404.77,130.00,120.56
2020-11-04,11081.98,3404.89,130.00,180.89
2020-11-05,11340.00,3405.20,132.00,264.34
2020-11-06,11608.00,3405.52,135.00,272.51
2020-11-07,11735.94,3405.67,135.00,201.52
2020-11-08,11792.00,3405.74,135.00,164.99
2020-11-09,11832.00,3405.79,135.00,157.20
2020-11-10,11903.15,3405.87,135.00,173.45
2020-11-11,11903.15,3405.87,135.00,137.50
2020-11-12,11903.15,3405.87,135.00,137.50
2020-11-13,12131.88,3406.14,137.00,254.30
2020-11-14,12180.00,3406.20,135.00,162.36
2020-11-15,12216.00,3406.24,137.00,157.58
2020-11-16,12278.02,3406.31,137.00,171.42
2020-11-17,12404.00,3406.46,140.00,205.00
2020-11-18,12655.00,3406.75,140.00,269.40
2020-11-19,12834.00,3406.96,140.00,232.80
2020-11-20,12960.00,3407.10,140.00,206.03
2020-11-21,13031.96,3407.18,140.00,178.78
2020-11-22,13095.00,3407.25,140.00,174.28
2020-11-23,13156.04,3407.32,140.00,173.27
2020-11-24,13180.10,3407.35,140.00,154.68
2020-11-25,13211.98,3407.39,140.00,158.57
2020-11-26,13220.00,3407.40,140.00,146.54
2020-11-27,13211.98,3407.39,140.00,138.46
2020-11-28,13180.10,3407.35,140.00,126.43
2020-11-29,13156.04,3407.32,140.00,130.37
2020-11-30,13148.02,3407.31,140.00,138.64
2020-12-01,13113.00,3407.27,140.00,123.89
2020-12-02,13040.98,3407.19,137.00,103.69
2020-12-03,12978.04,3407.12,137.00,108.27
2020-12-04,12906.00,3407.04,137.00,103.68
2020-12-05,12825.00,3406.95,137.00,99.16
2020-12-06,12756.14,3406.87,137.00,105.28
2020-12-07,12691.00,3406.79,137.00,106.77
2020-12-08,12646.00,3406.74,137.00,116.84
2020-12-09,12716.04,3406.82,137.00,175.31
2020-12-10,12748.12,3406.86,137.00,156.17
2020-12-11,12771.98,3406.89,137.00,152.03
2020-12-12,12771.98,3406.89,137.00,140.00
2020-12-13,12798.00,3406.92,137.00,153.17
2020-12-14,12798.00,3406.92,137.00,140.00
2020-12-15,12816.00,3406.94,137.00,149.07
2020-12-16,12834.00,3406.96,137.00,149.87
2020-12-17,12870.00,3407.00,137.00,158.89
2020-12-18,12897.00,3407.03,137.00,154.09
2020-12-19,12978.04,3407.12,140.00,184.47
2020-12-20,13265.00,3407.45,148.00,294.45
2020-12-21,14030.00,3408.30,150.00,333.02
2020-12-22,14795.87,3409.14,153.00,541.13
2020-12-23,15301.96,3409.68,153.00,410.15
2020-12-24,15670.00,3410.07,154.00,340.56
2020-12-25,15980.00,3410.40,154.00,311.80
2020-12-26,16190.05,3410.62,154.00,261.20
2020-12-27,16360.00,3410.79,157.00,242.35
2020-12-28,16470.00,3410.90,157.00,212.78
2020-12-29,16542.00,3410.98,157.00,193.80
2020-12-30,16699.85,3411.14,157.00,237.08
2020-12-31,16800.00,3411.24,158.00,207.99
2021-01-01,16920.15,3411.36,158.00,218.84
2021-01-02,17249.97,3411.69,163.00,328.33
2021-01-03,17570.00,3412.02,169.00,328.31
2021-01-04,17840.00,3412.29,166.00,301.13
2021-01-05,18050.00,3412.49,166.00,270.88
2021-01-06,18229.93,3412.67,170.00,257.28
2021-01-07,18330.00,3412.77,167.00,215.45
2021-01-08,18410.12,3412.85,167.00,205.40
2021-01-09,18482.00,3412.94,167.00,201.24
2021-01-10,18526.00,3412.98,168.00,187.18
2021-01-11,18640.00,3413.07,168.00,222.82
2021-01-12,19330.00,3413.74,183.00,519.48
2021-01-13,21773.00,3416.03,213.00,1421.85
2021-01-14,23004.87,3417.15,273.00,860.95
2021-01-15,23608.97,3417.69,410.00,656.38
2021-01-16,23850.00,3417.90,470.00,526.47
2021-01-17,23938.00,3417.98,470.00,449.52
2021-01-18,23916.00,3417.96,470.00,393.91
2021-01-19,23773.08,3417.83,470.00,332.40
2021-01-20,23564.87,3417.65,465.00,295.02
2021-01-21,23334.00,3417.44,460.00,280.35
2021-01-22,23072.00,3417.21,441.00,249.69
2021-01-23,22796.00,3416.96,426.00,230.72
2021-01-24,22498.97,3416.69,417.00,217.75
2021-01-25,22235.00,3416.45,379.00,206.32
2021-01-26,22070.00,3416.30,307.00,192.73
2021-01-27,21993.00,3416.23,253.00,188.30
2021-01-28,21948.97,3416.19,229.00,184.12
2021-01-29,21893.84,3416.14,216.00,167.72
2021-01-30,21893.84,3416.14,189.00,174.00
2021-01-31,21882.81,3416.13,186.00,168.44
2021-02-01,21872.05,3416.12,184.00,168.64
2021-02-02,21904.87,3416.15,181.00,191.07
2021-02-03,21893.84,3416.14,166.00,158.67
2021-02-04,21893.84,3416.14,159.00,157.03
2021-02-05,21893.84,3416.14,157.00,157.27
2021-02-06,21882.81,3416.13,152.00,150.30
2021-02-07,21839.00,3416.09,150.00,132.91
2021-02-08,21806.00,3416.06,137.00,129.52
2021-02-09,21784.00,3416.04,130.00,126.41
2021-02-10,21751.00,3416.01,130.00,120.86
2021-02-11,21718.00,3415.98,130.00,120.86
2021-02-12,21696.00,3415.96,130.00,126.38
2021-02-13,21696.00,3415.96,130.00,137.42
2021-02-14,21674.00,3415.94,130.00,126.25
2021-02-15,21729.00,3415.99,130.00,165.18
2021-02-16,21718.00,3415.98,130.00,131.93
2021-02-17,21685.00,3415.95,130.00,120.86
2021-02-18,21652.00,3415.92,130.00,120.86
2021-02-19,21618.97,3415.89,130.00,120.56
2021-02-20,21575.13,3415.85,127.00,113.00
2021-02-21,21564.11,3415.84,127.00,130.23
2021-02-22,21729.00,3415.99,135.00,225.01
2021-02-23,21784.00,3416.04,132.00,167.70
2021-02-24,21795.00,3416.05,130.00,143.05
2021-02-25,21839.00,3416.09,130.00,159.76
2021-02-26,21872.05,3416.12,130.00,154.45
2021-02-27,21872.05,3416.12,130.00,137.54
2021-02-28,21839.00,3416.09,130.00,120.83
2021-03-01,21795.00,3416.05,130.00,115.32
2021-03-02,21762.00,3416.02,130.00,120.86
2021-03-03,21718.00,3415.98,130.00,115.32
2021-03-04,21652.00,3415.92,130.00,104.22
2021-03-05,21607.95,3415.88,130.00,115.29
2021-03-06,21542.05,3415.82,130.00,104.28
2021-03-07,21500.00,3415.78,130.00,116.30
2021-03-08,21440.00,3415.72,130.00,107.25
2021-03-09,21364.87,3415.65,130.00,99.59
2021-03-10,21299.00,3415.59,130.00,103.26
2021-03-11,21222.00,3415.52,127.00,96.21
2021-03-12,21145.00,3415.45,127.00,96.18
2021-03-13,21057.19,3415.37,127.00,90.73
2021-03-14,20980.00,3415.30,127.00,96.14
2021-03-15,20900.00,3415.22,127.00,94.67
2021-03-16,20813.84,3415.14,127.00,91.56
2021-03-17,20726.00,3415.06,127.00,90.72
2021-03-18,20660.00,3415.00,127.00,101.72
2021-03-19,20600.00,3414.94,127.00,104.75
2021-03-20,20537.95,3414.88,127.00,103.71
2021-03-21,20340.00,3414.70,127.00,35.20
2021-03-22,20351.00,3414.71,127.00,140.22
2021-03-23,20279.85,3414.64,125.00,96.79
2021-03-24,20207.00,3414.57,125.00,96.75
2021-03-25,20120.00,3414.49,125.00,88.98
2021-03-26,20060.00,3414.43,125.00,102.91
2021-03-27,19876.00,3414.26,174.00,95.86
2021-03-28,19633.00,3414.03,234.00,121.49
2021-03-29,19350.00,3413.76,235.00,99.95
2021-03-30,19070.00,3413.49,233.00,99.33
2021-03-31,18803.00,3413.23,234.00,105.89
2021-04-01,18559.00,3412.99,236.00,117.48
2021-04-02,18310.00,3412.75,237.00,114.96
2021-04-03,18100.00,3412.54,238.00,134.30
2021-04-04,17894.11,3412.34,240.00,135.60
2021-04-05,17709.90,3412.16,238.00,145.24
2021-04-06,17541.00,3411.99,239.00,151.85
2021-04-07,17420.15,3411.86,230.00,165.33
2021-04-08,17330.00,3411.77,217.00,167.05
2021-04-09,17219.90,3411.66,219.00,155.55
2021-04-10,17110.00,3411.55,220.00,155.58
2021-04-11,16990.00,3411.43,222.00,152.00
2021-04-12,16870.03,3411.31,220.00,149.95
2021-04-13,16719.90,3411.16,235.00,148.63
2021-04-14,16497.00,3410.93,280.00,155.48
2021-04-15,16270.00,3410.70,302.00,170.55
2021-04-16,16143.00,3410.57,271.00,190.62
2021-04-17,16116.00,3410.54,255.00,223.39
2021-04-18,16170.00,3410.60,256.00,265.52
2021-04-19,16420.12,3410.85,261.00,368.19
2021-04-20,16739.95,3411.18,262.00,401.46
2021-04-21,17100.00,3411.54,263.00,420.29
2021-04-22,17560.00,3412.01,251.00,459.64
2021-04-23,18100.00,3412.54,242.00,488.71
2021-04-24,18670.00,3413.10,247.00,507.88
2021-04-25,19180.00,3413.60,252.00,480.13
2021-04-26,19677.00,3414.07,243.00,463.14
2021-04-27,20152.00,3414.52,234.00,441.48
2021-04-28,20600.00,3414.94,235.00,428.38
2021-04-29,21145.00,3415.45,236.00,478.30
2021-04-30,21817.00,3416.07,245.00,546.85
2021-05-01,22609.00,3416.79,250.00,612.44
2021-05-02,23389.00,3417.49,255.00,609.25
2021-05-03,24145.89,3418.16,256.00,598.68
2021-05-04,24856.00,3418.78,276.00,593.40
2021-05-05,25364.00,3419.22,451.00,648.86
2021-05-06,25824.06,3419.62,518.00,681.95
2021-05-07,26259.00,3419.99,592.00,736.76
2021-05-08,26330.00,3420.05,680.00,625.73
2021-05-09,26248.00,3419.98,672.00,545.97
2021-05-10,26270.00,3420.00,579.00,523.46
2021-05-11,26522.00,3420.21,439.00,501.72
2021-05-12,26872.00,3420.51,439.00,552.86
2021-05-13,27412.00,3420.96,439.00,650.04
2021-05-14,28024.00,3421.47,512.00,754.76
2021-05-15,28605.00,3421.95,596.00,832.33
2021-05-16,29316.00,3422.53,608.00,921.90
2021-05-17,30231.00,3423.27,614.00,1051.94
2021-05-18,31140.00,3424.00,628.00,1080.95
2021-05-19,31623.94,3424.38,635.00,881.77
2021-05-20,31804.00,3424.52,635.00,728.78
2021-05-21,31816.00,3424.53,634.00,642.56
2021-05-22,31780.00,3424.50,627.00,613.03
2021-05-23,31728.00,3424.46,627.00,604.78
2021-05-24,31663.00,3424.41,627.00,598.23
2021-05-25,31702.00,3424.44,626.00,650.66
2021-05-26,31913.03,3424.61,626.00,737.39
2021-05-27,32329.00,3424.93,633.00,844.25
2021-05-28,32903.94,3425.38,545.00,842.10
2021-05-29,33203.03,3425.61,599.00,761.06
2021-05-30,33190.00,3425.60,786.00,783.32
2021-05-31,33320.00,3425.70,835.00,903.26
2021-06-01,33943.94,3426.18,842.00,1162.50
2021-06-02,34718.00,3426.77,1074.00,1471.99
2021-06-03,34863.94,3426.88,1452.00,1538.05
2021-06-04,34690.00,3426.75,1443.00,1368.62
2021-06-05,34269.00,3426.43,1317.00,1114.29
2021-06-06,34048.00,3426.26,1010.00,914.49
2021-06-07,33970.00,3426.20,764.00,731.71
2021-06-08,33878.78,3426.13,631.00,593.02
2021-06-09,33878.78,3426.13,556.00,561.41
2021-06-10,33502.13,3425.84,736.00,567.14
2021-06-11,32591.81,3425.14,1050.00,597.21
2021-06-12,31741.00,3424.47,994.00,572.55
2021-06-13,31636.97,3424.39,722.00,678.25
2021-06-14,32444.00,3425.02,508.00,926.78
2021-06-15,33177.00,3425.59,381.00,755.05
2021-06-16,33723.00,3426.01,381.00,660.78
2021-06-17,34203.94,3426.38,390.00,638.27
2021-06-18,34386.00,3426.52,580.00,687.09
2021-06-19,34360.00,3426.50,729.00,725.44
2021-06-20,34334.00,3426.48,743.00,737.44
2021-06-21,34230.00,3426.40,813.00,772.25
2021-06-22,34048.00,3426.26,869.00,786.03
2021-06-23,33930.91,3426.17,785.00,732.20
2021-06-24,33891.81,3426.14,673.00,660.17
2021-06-25,33983.00,3426.21,598.00,649.51
2021-06-26,34035.00,3426.25,598.00,632.19
2021-06-27,34113.03,3426.31,574.00,616.68
2021-06-28,34178.19,3426.36,562.00,599.70
2021-06-29,34165.16,3426.35,562.00,561.90
2021-06-30,34074.00,3426.28,556.00,515.60
2021-07-01,33917.87,3426.16,490.00,419.96
2021-07-02,33827.00,3426.09,409.00,374.58
2021-07-03,33762.00,3426.04,353.00,334.92
2021-07-04,33736.00,3426.02,291.00,298.12
2021-07-05,33710.00,3426.00,263.00,271.89
2021-07-06,33671.00,3425.97,259.00,263.57
2021-07-07,33580.00,3425.90,251.00,235.12
2021-07-08,33502.13,3425.84,216.00,210.19
2021-07-09,33476.06,3425.82,199.00,217.90
2021-07-10,33411.00,3425.77,192.00,190.05
2021-07-11,33346.00,3425.72,192.00,188.57
2021-07-12,33254.84,3425.65,189.00,173.54
2021-07-13,33164.00,3425.58,189.00,173.70
2021-07-14,33060.00,3425.50,189.00,167.07
2021-07-15,32930.00,3425.40,189.00,153.96
2021-07-16,32774.00,3425.28,189.00,140.85
2021-07-17,32643.94,3425.18,189.00,153.05
2021-07-18,32504.00,3425.07,186.00,147.02
2021-07-19,32355.00,3424.95,186.00,141.21
2021-07-20,32199.10,3424.83,186.00,137.40
2021-07-21,32003.00,3424.68,186.00,117.61
2021-07-22,31816.00,3424.53,186.00,139.40
2021-07-23,31623.00,3424.38,186.00,119.86
2021-07-24,31436.00,3424.23,183.00,128.45
2021-07-25,31244.00,3424.08,183.00,124.68
2021-07-26,31056.00,3423.93,183.00,127.01
2021-07-27,30866.00,3423.78,180.00,116.59
2021-07-28,30678.00,3423.63,180.00,133.28
2021-07-29,30494.00,3423.48,180.00,132.20
2021-07-30,30306.09,3423.33,180.00,27.08
2021-07-31,30127.97,3423.19,177.00,116.81
2021-08-01,29960.00,3423.05,177.00,120.96
2021-08-02,29783.00,3422.91,177.00,116.26
2021-08-03,29585.00,3422.75,180.00,109.54
2021-08-04,29352.00,3422.56,183.00,95.03
2021-08-05,29160.00,3422.40,183.00,115.70
2021-08-06,28922.00,3422.21,195.00,107.42
2021-08-07,28631.00,3421.97,223.00,107.86
2021-08-08,28336.00,3421.73,223.00,105.77
2021-08-09,28048.00,3421.49,223.00,109.30
2021-08-10,27760.00,3421.25,223.00,109.30
2021-08-11,27484.00,3421.02,220.00,109.30
2021-08-12,27208.00,3420.79,220.00,109.30
2021-08-13,26908.00,3420.54,220.00,110.70
2021-08-14,26630.00,3420.30,216.00,107.34
2021-08-15,26354.00,3420.07,216.00,108.35
2021-08-16,26052.03,3419.81,216.00,94.69
2021-08-17,25734.00,3419.54,213.00,84.33
2021-08-18,25448.00,3419.29,213.00,99.81
2021-08-19,25165.00,3419.05,213.00,101.32
2021-08-20,24880.00,3418.80,213.00,100.00
2021-08-21,24590.00,3418.55,209.00,94.60
2021-08-22,24310.00,3418.30,209.00,99.33
2021-08-23,24008.00,3418.04,209.00,87.49
2021-08-24,23740.00,3417.80,206.00,102.14
2021-08-25,23455.00,3417.55,206.00,93.31
2021-08-26,23191.03,3417.31,206.00,102.87
2021-08-27,22873.00,3417.03,202.00,73.16
2021-08-28,22609.00,3416.79,202.00,100.36
2021-08-29,22356.00,3416.56,199.00,103.23
2021-08-30,22070.00,3416.30,199.00,85.81
2021-08-31,21762.00,3416.02,199.00,74.64
2021-09-01,21500.00,3415.78,195.00,94.86
2021-09-02,21222.00,3415.52,195.00,86.34
2021-09-03,20960.00,3415.28,195.00,93.26
2021-09-04,20693.00,3415.03,192.00,88.39
2021-09-05,20417.00,3414.77,192.00,85.05
2021-09-06,20152.00,3414.52,192.00,85.05
2021-09-07,19887.00,3414.27,189.00,86.01
2021-09-08,19622.00,3414.02,189.00,85.94
2021-09-09,19340.00,3413.76,189.00,77.37
2021-09-10,19080.00,3413.51,189.00,88.35
2021-09-11,18825.00,3413.26,186.00,87.90
2021-09-12,18570.00,3413.01,186.00,87.48
2021-09-13,18310.00,3412.76,186.00,84.14
2021-09-14,18090.00,3412.53,183.00,101.58
2021-09-15,17790.00,3412.24,183.00,61.25
2021-09-16,17541.00,3411.99,183.00,85.67
2021-09-17,17360.00,3411.80,180.00,117.75
2021-09-18,17140.00,3411.58,180.00,99.40
2021-09-19,16960.00,3411.40,180.00,118.25
2021-09-20,16749.97,3411.19,180.00,102.71
2021-09-21,16470.00,3410.90,177.00,64.42
2021-09-22,16229.90,3410.66,177.00,84.41
2021-09-23,16000.00,3410.42,174.00,87.79
2021-09-24,15753.91,3410.16,183.00,88.27
2021-09-25,15499.98,3409.89,192.00,95.61
2021-09-26,15239.02,3409.61,192.00,91.44
2021-09-27,15010.17,3409.37,192.00,107.62
2021-09-28,14795.87,3409.14,189.00,113.01
2021-09-29,14560.98,3408.89,189.00,101.08
2021-09-30,14390.00,3408.70,189.00,133.30
2021-10-01,14192.00,3408.48,189.00,119.62
2021-10-02,13976.00,3408.24,186.00,107.30
2021-10-03,13724.00,3407.96,186.00,88.95
2021-10-04,13490.00,3407.70,183.00,95.89
2021-10-05,13256.00,3407.44,183.00,94.52
2021-10-06,13022.93,3407.17,180.00,92.75
2021-10-07,12789.00,3406.91,180.00,91.06
2021-10-08,12555.87,3406.64,180.00,89.80
2021-10-09,12334.16,3406.38,177.00,93.72
2021-10-10,12100.00,3406.10,177.00,86.37
2021-10-11,11876.09,3405.84,174.00,89.11
2021-10-12,11680.00,3405.60,163.00,91.03
2021-10-13,11510.00,3405.40,148.00,85.21
2021-10-14,11331.98,3405.19,145.00,57.97
2021-10-15,11180.00,3405.00,145.00,70.88
2021-10-16,11002.00,3404.79,145.00,56.60
2021-10-17,10842.00,3404.59,143.00,64.33
2021-10-18,10663.15,3404.37,143.00,54.83
2021-10-19,10479.90,3404.15,140.00,50.57
2021-10-20,10344.00,3403.98,140.00,73.98
2021-10-21,10216.04,3403.82,135.00,74.00
2021-10-22,10136.00,3403.72,135.00,95.96
2021-10-23,10017.50,3403.57,133.00,75.26
2021-10-24,9950.00,3403.48,133.00,101.59
2021-10-25,9874.16,3403.38,130.00,93.36
2021-10-26,9897.50,3403.41,125.00,138.71
2021-10-27,9972.50,3403.51,125.00,165.74
2021-10-28,10552.00,3404.24,128.00,423.25
2021-10-29,11704.06,3405.63,135.00,717.87
2021-10-30,12037.00,3406.03,138.00,307.71
2021-10-31,12189.00,3406.21,138.00,216.63
2021-11-01,12286.04,3406.32,138.00,189.29
2021-11-02,12368.00,3406.42,138.00,182.09
2021-11-03,12480.00,3406.55,140.00,198.76
2021-11-04,12789.00,3406.91,143.00,299.81
2021-11-05,13095.00,3407.25,143.00,299.33
2021-11-06,13301.00,3407.49,143.00,256.98
2021-11-07,13435.87,3407.64,143.00,214.64
2021-11-08,13490.00,3407.70,143.00,172.29
2021-11-09,13625.11,3407.85,143.00,213.78
2021-11-10,13670.00,3407.90,143.00,168.57
2021-11-11,14228.00,3408.52,150.00,432.61
2021-11-12,19423.08,3413.83,174.00,2797.24
2021-11-13,21375.89,3415.66,395.00,1439.88
2021-11-14,23905.00,3417.95,935.00,2218.94
2021-11-15,25154.00,3419.04,1093.00,1717.91
2021-11-16,25074.00,3418.97,1106.00,1056.13
2021-11-17,24408.97,3418.39,1095.00,748.13
2021-11-18,23553.84,3417.64,1069.00,620.62
2021-11-19,22609.00,3416.79,1042.00,542.14
2021-11-20,21490.00,3415.77,1023.00,432.59
2021-11-21,20329.97,3414.69,1005.00,383.40
2021-11-22,19256.92,3413.67,930.00,349.57
2021-11-23,18249.97,3412.69,846.00,295.93
2021-11-24,17270.00,3411.71,815.00,279.26
2021-11-25,16330.00,3410.76,799.00,274.81
2021-11-26,15528.00,3409.92,776.00,390.87
2021-11-27,15058.00,3409.42,766.00,539.11
2021-11-28,15292.93,3409.67,771.00,897.90
2021-11-29,15200.00,3409.57,776.00,732.02
2021-11-30,15112.00,3409.48,661.00,621.25
2021-12-01,15200.00,3409.57,532.00,570.37
2021-12-02,15200.00,3409.57,487.00,489.19
2021-12-03,15220.00,3409.59,404.00,418.00
2021-12-04,15283.91,3409.66,377.00,413.22
2021-12-05,15257.07,3409.63,374.00,367.11
2021-12-06,15210.00,3409.58,353.00,339.15
2021-12-07,15230.00,3409.60,321.00,341.58
2021-12-08,15292.93,3409.67,291.00,336.73
2021-12-09,15320.00,3409.70,288.00,318.65
2021-12-10,15338.00,3409.72,286.00,314.08
2021-12-11,15401.00,3409.79,323.00,337.14
2021-12-12,15374.00,3409.76,341.00,290.95
2021-12-13,15374.00,3409.76,334.00,301.17
2021-12-14,15338.00,3409.72,331.00,282.85
2021-12-15,15274.00,3409.65,317.00,257.04
2021-12-16,15180.00,3409.55,245.00,176.11
2021-12-17,15160.00,3409.53,208.00,178.92
2021-12-18,15283.91,3409.66,195.00,241.44
2021-12-19,15310.98,3409.69,180.00,178.66
2021-12-20,15374.00,3409.76,177.00,194.66
2021-12-21,15401.00,3409.79,171.00,171.98
2021-12-22,15510.00,3409.90,177.00,216.56
2021-12-23,15573.00,3409.97,177.00,193.47
2021-12-24,15650.00,3410.05,174.00,199.43
2021-12-25,15718.04,3410.12,174.00,195.48
2021-12-26,15727.07,3410.13,174.00,164.63
2021-12-27,15709.02,3410.11,174.00,150.93
2021-12-28,15680.00,3410.08,174.00,145.37
2021-12-29,15660.00,3410.06,174.00,149.92
2021-12-30,15640.00,3410.04,174.00,149.92
2021-12-31,15600.00,3410.00,174.00,139.83
2022-01-01,15546.00,3409.94,174.00,132.18
2022-01-02,15537.00,3409.93,174.00,154.33
2022-01-03,15591.00,3409.99,180.00,192.73
2022-01-04,15573.00,3409.97,174.00,150.77
2022-01-05,15555.00,3409.95,174.00,150.74
2022-01-06,15727.07,3410.13,189.00,260.30
2022-01-07,15926.09,3410.34,183.00,269.04
2022-01-08,16080.00,3410.50,180.00,242.06
2022-01-09,16170.00,3410.60,177.00,207.98
2022-01-10,16239.93,3410.67,177.00,197.86
2022-01-11,16479.00,3410.91,183.00,287.45
2022-01-12,17560.00,3412.01,192.00,721.21
2022-01-13,18719.88,3413.15,195.00,764.49
2022-01-14,19300.00,3413.71,305.00,586.47
2022-01-15,19488.97,3413.89,423.00,485.33
2022-01-16,19550.00,3413.95,431.00,422.77
2022-01-17,19540.00,3413.94,439.00,385.58
2022-01-18,19412.05,3413.82,466.00,343.85
2022-01-19,19223.84,3413.64,489.00,330.11
2022-01-20,19150.00,3413.57,499.00,387.57
2022-01-21,19130.00,3413.55,508.00,414.71
2022-01-22,19040.00,3413.46,499.00,375.90
2022-01-23,18890.03,3413.31,495.00,344.39
2022-01-24,18729.90,3413.16,476.00,322.46
2022-01-25,18570.00,3413.00,443.00,297.24
2022-01-26,18380.05,3412.82,441.00,280.73
2022-01-27,18170.03,3412.61,438.00,270.61
2022-01-28,17970.00,3412.41,405.00,251.77
2022-01-29,17790.00,3412.24,369.00,230.25
2022-01-30,17660.03,3412.11,367.00,254.58
2022-01-31,17523.00,3411.97,338.00,227.49
2022-02-01,17469.00,3411.91,268.00,206.89
2022-02-02,17460.00,3411.90,241.00,203.53
2022-02-03,17420.15,3411.86,235.00,185.55
2022-02-04,17400.10,3411.84,216.00,180.45
2022-02-05,17390.07,3411.83,196.00,168.95
2022-02-06,17370.03,3411.81,194.00,163.86
2022-02-07,17360.00,3411.80,180.00,157.91
2022-02-08,17370.03,3411.81,164.00,155.05
2022-02-09,17360.00,3411.80,163.00,144.95
2022-02-10,17390.07,3411.83,158.00,170.93
2022-02-11,17440.20,3411.88,153.00,177.77
2022-02-12,17496.00,3411.94,153.00,180.63
2022-02-13,17550.00,3412.00,153.00,179.73
2022-02-14,17610.00,3412.06,153.00,182.75
2022-02-15,17670.05,3412.12,153.00,182.77
2022-02-16,17719.93,3412.17,153.00,177.67
2022-02-17,17760.00,3412.21,153.00,172.70
2022-02-18,17810.00,3412.26,145.00,169.14
2022-02-19,17883.08,3412.33,138.00,174.58
2022-02-20,17960.00,3412.40,138.00,176.62
2022-02-21,18010.00,3412.45,138.00,162.84
2022-02-22,18040.00,3412.48,138.00,152.63
2022-02-23,18050.00,3412.49,138.00,143.48
2022-02-24,18060.00,3412.50,138.00,142.54
2022-02-25,18080.00,3412.52,133.00,141.63
2022-02-26,18120.00,3412.56,125.00,145.17
2022-02-27,18260.00,3412.70,125.00,196.39
2022-02-28,19633.00,3414.03,155.00,847.13
2022-03-01,22928.00,3417.08,168.00,1830.09
2022-03-02,24968.21,3418.88,192.00,1225.45
2022-03-03,25723.00,3419.53,522.00,911.74
2022-03-04,25734.00,3419.54,790.00,774.91
2022-03-05,25482.05,3419.32,828.00,672.38
2022-03-06,25062.00,3418.96,830.00,578.25
2022-03-07,24542.00,3418.51,826.00,518.49
2022-03-08,23972.00,3418.01,829.00,486.36
2022-03-09,23334.00,3417.44,831.00,441.03
2022-03-10,22587.00,3416.77,876.00,421.36
2022-03-11,21663.00,3415.93,951.00,416.67
2022-03-12,20726.00,3415.06,909.00,389.67
2022-03-13,19843.00,3414.23,876.00,399.72
2022-03-14,19150.00,3413.57,734.00,372.66
2022-03-15,18940.15,3413.36,427.00,330.61
2022-03-16,18969.97,3413.39,241.00,269.44
2022-03-17,19090.00,3413.51,180.00,248.70
2022-03-18,19191.03,3413.61,177.00,237.50
2022-03-19,19320.00,3413.73,177.00,252.51
2022-03-20,19390.00,3413.80,177.00,221.29
2022-03-21,19445.13,3413.85,177.00,213.80
2022-03-22,19510.00,3413.91,177.00,219.44
2022-03-23,19622.00,3414.02,174.00,238.84
2022-03-24,19810.00,3414.20,168.00,271.78
2022-03-25,19997.19,3414.37,168.00,271.37
2022-03-26,20174.00,3414.54,168.00,266.94
2022-03-27,20384.00,3414.74,171.00,286.33
2022-03-28,20682.00,3415.02,174.00,333.24
2022-03-29,21046.16,3415.36,174.00,367.65
2022-03-30,21460.00,3415.74,177.00,394.91
2022-03-31,21817.00,3416.07,180.00,367.97
2022-04-01,22136.16,3416.36,180.00,349.91
2022-04-02,22422.05,3416.62,180.00,333.14
2022-04-03,22697.19,3416.87,180.00,327.92
2022-04-04,23120.00,3417.25,186.00,406.76
2022-04-05,23345.00,3417.45,183.00,305.44
2022-04-06,23510.00,3417.60,183.00,274.59
2022-04-07,23680.00,3417.75,183.00,277.27
2022-04-08,23872.00,3417.92,183.00,288.80
2022-04-09,24020.00,3418.05,183.00,266.62
2022-04-10,24167.95,3418.18,183.00,266.56
2022-04-11,24321.03,3418.31,183.00,268.87
2022-04-12,24420.00,3418.40,180.00,239.13
2022-04-13,24497.00,3418.47,180.00,227.82
2022-04-14,24566.00,3418.53,180.00,223.88
2022-04-15,24626.00,3418.58,180.00,219.25
2022-04-16,24661.03,3418.61,180.00,206.66
2022-04-17,24672.05,3418.62,180.00,194.56
2022-04-18,24332.05,3418.32,490.00,263.64
2022-04-19,23543.08,3417.63,890.00,258.82
2022-04-20,22774.00,3416.94,874.00,255.76
2022-04-21,22026.00,3416.26,739.00,267.04
2022-04-22,21299.00,3415.59,632.00,275.96
2022-04-23,20930.00,3415.25,404.00,239.02
2022-04-24,20715.00,3415.05,327.00,227.15
2022-04-25,20340.00,3414.70,416.00,250.69
2022-04-26,19759.88,3414.15,544.00,268.80
2022-04-27,19300.00,3413.71,468.00,258.72
2022-04-28,19020.00,3413.44,374.00,249.84
2022-04-29,18836.00,3413.26,317.00,239.30
2022-04-30,18770.00,3413.20,312.00,295.16
2022-05-01,18690.05,3413.12,311.00,287.52
2022-05-02,18781.00,3413.21,294.00,357.94
2022-05-03,18969.97,3413.39,247.00,362.95
2022-05-04,19245.89,3413.66,228.00,387.36
2022-05-05,19854.00,3414.24,234.00,561.36
2022-05-06,20781.03,3415.11,309.00,804.06
2022-05-07,21674.00,3415.94,357.00,836.39
2022-05-08,22224.00,3416.44,356.00,662.79
2022-05-09,22587.00,3416.77,341.00,555.88
2022-05-10,22818.00,3416.98,332.00,478.24
2022-05-11,23037.95,3417.18,311.00,453.36
2022-05-12,23334.00,3417.44,262.00,443.43
2022-05-13,23564.87,3417.65,251.00,396.60
2022-05-14,23894.00,3417.94,250.00,446.98
2022-05-15,24442.00,3418.42,252.00,561.55
2022-05-16,25291.88,3419.16,244.00,705.90
2022-05-17,25992.00,3419.76,313.00,703.84
2022-05-18,26342.00,3420.06,568.00,783.55
2022-05-19,26248.00,3419.98,799.00,786.61
2022-05-20,25992.00,3419.76,799.00,703.44
2022-05-21,25678.00,3419.49,792.00,668.25
2022-05-22,25291.88,3419.16,785.00,625.33
2022-05-23,24978.97,3418.89,785.00,658.96
2022-05-24,24772.00,3418.71,778.00,709.93
2022-05-25,24661.03,3418.61,778.00,756.98
2022-05-26,24704.87,3418.65,778.00,836.09
2022-05-27,25209.00,3419.09,792.00,1080.80
2022-05-28,25606.00,3419.43,806.00,1038.78
2022-05-29,25859.85,3419.65,806.00,969.93
2022-05-30,25920.00,3419.70,806.00,871.40
2022-05-31,25836.09,3419.63,806.00,797.75
2022-06-01,25859.85,3419.65,793.00,851.52
2022-06-02,26204.00,3419.94,788.00,1018.63
2022-06-03,26932.00,3420.56,789.00,1228.19
2022-06-04,27496.00,3421.03,791.00,1159.91
2022-06-05,28504.21,3421.87,799.00,1402.99
2022-06-06,29459.85,3422.65,800.00,1393.85
2022-06-07,29936.00,3423.03,795.00,1159.35
2022-06-08,30127.97,3423.19,887.00,1140.49
2022-06-09,30166.00,3423.22,1120.00,1317.97
2022-06-10,31231.00,3424.07,1210.00,1943.61
2022-06-11,31964.84,3424.65,1255.00,1605.27
2022-06-12,32456.00,3425.03,1085.00,1281.42
2022-06-13,32865.16,3425.35,799.00,940.73
2022-06-14,33216.06,3425.62,580.00,699.63
2022-06-15,33398.00,3425.76,574.00,607.35
2022-06-16,33566.97,3425.89,557.00,580.75
2022-06-17,33827.00,3426.09,533.00,607.40
2022-06-18,34022.00,3426.24,533.00,574.17
2022-06-19,34061.00,3426.27,593.00,550.40
2022-06-20,34009.00,3426.23,647.00,554.10
2022-06-21,34035.00,3426.25,647.00,593.11
2022-06-22,34139.09,3426.33,668.00,661.68
2022-06-23,34074.00,3426.28,822.00,720.03
2022-06-24,33827.00,3426.09,885.00,689.16
2022-06-25,33541.22,3425.87,879.00,663.38
2022-06-26,33411.00,3425.77,816.00,679.50
2022-06-27,33606.00,3425.92,690.00,717.07
2022-06-28,33891.81,3426.14,648.00,724.22
2022-06-29,34087.00,3426.29,589.00,626.51
2022-06-30,34256.00,3426.42,541.00,562.81
2022-07-01,34230.00,3426.40,607.00,530.52
2022-07-02,34152.13,3426.34,642.00,532.30
2022-07-03,34048.00,3426.26,608.00,491.10
2022-07-04,33840.00,3426.10,578.00,411.48
2022-07-05,33710.00,3426.00,512.00,389.65
2022-07-06,33684.00,3425.98,404.00,342.17
2022-07-07,33762.00,3426.04,357.00,352.32
2022-07-08,33827.00,3426.09,340.00,329.44
2022-07-09,33904.84,3426.15,324.00,320.24
2022-07-10,33956.97,3426.19,324.00,307.61
2022-07-11,33996.00,3426.22,325.00,301.18
2022-07-12,34022.00,3426.24,329.00,298.00
2022-07-13,34087.00,3426.29,265.00,265.98
2022-07-14,34308.00,3426.46,177.00,289.34
2022-07-15,34360.00,3426.50,277.00,319.13
2022-07-16,34087.00,3426.29,394.00,258.19
2022-07-17,33853.03,3426.11,344.00,228.37
2022-07-18,33684.00,3425.98,308.00,224.95
2022-07-19,33566.97,3425.89,271.00,213.59
2022-07-20,33476.06,3425.82,253.00,208.96
2022-07-21,33372.00,3425.74,252.00,202.04
2022-07-22,33229.09,3425.63,252.00,182.45
2022-07-23,33086.00,3425.52,252.00,180.88
2022-07-24,32930.00,3425.40,248.00,172.35
2022-07-25,32761.00,3425.27,241.00,159.16
2022-07-26,32579.10,3425.13,248.00,159.29
2022-07-27,32394.00,3424.98,248.00,156.02
2022-07-28,32173.03,3424.81,244.00,136.17
2022-07-29,31939.10,3424.63,244.00,129.56
2022-07-30,31715.00,3424.45,244.00,133.11
2022-07-31,31460.00,3424.25,251.00,124.73
2022-08-01,31166.00,3424.02,262.00,118.21
2022-08-02,30866.00,3423.78,262.00,113.75
2022-08-03,30556.00,3423.53,262.00,107.12
2022-08-04,30244.00,3423.28,258.00,104.67
2022-08-05,29948.00,3423.04,257.00,112.27
2022-08-06,29637.00,3422.79,257.00,104.67
2022-08-07,29340.00,3422.55,257.00,110.43
2022-08-08,29030.00,3422.30,253.00,101.74
2022-08-09,28742.00,3422.06,253.00,112.80
2022-08-10,28456.09,3421.83,252.00,113.85
2022-08-11,28108.00,3421.54,252.00,80.81
2022-08-12,27796.00,3421.28,248.00,97.20
2022-08-13,27460.00,3421.00,248.00,85.10
2022-08-14,27148.00,3420.74,244.00,95.40
2022-08-15,26836.00,3420.48,244.00,93.70
2022-08-16,26522.00,3420.21,243.00,92.55
2022-08-17,26204.00,3419.94,247.00,92.66
2022-08-18,25871.88,3419.66,246.00,87.02
2022-08-19,25570.00,3419.40,242.00,100.46
2022-08-20,25244.06,3419.12,242.00,86.67
2022-08-21,24902.05,3418.82,242.00,77.63
2022-08-22,24566.00,3418.53,238.00,78.36
2022-08-23,24250.00,3418.25,238.00,88.18
2022-08-24,23927.00,3417.97,237.00,83.14
2022-08-25,23586.92,3417.67,234.00,72.54
2022-08-26,23268.21,3417.38,234.00,83.32
2022-08-27,22928.00,3417.08,231.00,70.42
2022-08-28,22609.00,3416.79,231.00,79.67
2022-08-29,22301.00,3416.51,231.00,83.74
2022-08-30,21971.00,3416.21,228.00,70.66
2022-08-31,21663.00,3415.93,229.00,81.53
2022-09-01,21332.05,3415.62,234.08,67.23
2022-09-02,21024.11,3415.34,226.00,78.24
2022-09-03,20704.00,3415.04,226.00,71.58
2022-09-04,20373.00,3414.73,223.00,63.49
2022-09-05,20060.00,3414.43,224.00,72.20
2022-09-06,19749.85,3414.14,220.00,71.57
2022-09-07,19412.05,3413.82,221.00,56.19
2022-09-08,19100.00,3413.52,221.00,67.55
2022-09-09,18770.00,3413.20,218.00,56.62
2022-09-10,18471.00,3412.91,219.00,71.36
2022-09-11,18170.03,3412.61,215.00,67.90
2022-09-12,17872.05,3412.32,216.00,69.27
2022-09-13,17570.00,3412.02,213.00,65.19
2022-09-14,17280.00,3411.72,213.00,69.79
2022-09-15,17000.00,3411.44,213.00,73.21
2022-09-16,16690.07,3411.13,210.00,56.25
2022-09-17,16410.10,3410.84,211.00,70.12
2022-09-18,16134.00,3410.56,208.00,69.84
2022-09-19,15850.00,3410.26,208.00,64.60
2022-09-20,15573.00,3409.97,205.00,65.85
2022-09-21,15347.00,3409.73,205.00,90.05
2022-09-22,15029.98,3409.39,202.00,42.17
2022-09-23,14742.00,3409.08,202.00,55.19
2022-09-24,14453.00,3408.77,198.00,52.80
2022-09-25,14192.00,3408.48,197.00,65.36
2022-09-26,13921.96,3408.18,193.00,58.85
2022-09-27,13660.98,3407.89,193.00,62.13
2022-09-28,13400.00,3407.60,190.00,60.42
2022-09-29,13131.00,3407.29,189.00,56.32
2022-09-30,12861.00,3406.99,186.00,53.20
2022-10-01,12610.00,3406.70,186.00,59.45
2022-10-02,12350.00,3406.40,183.00,51.92
2022-10-03,12100.00,3406.10,183.00,56.96
2022-10-04,11849.02,3405.81,180.00,53.46
2022-10-05,11599.00,3405.51,177.00,50.95
2022-10-06,11356.00,3405.22,174.00,51.49
2022-10-07,11108.00,3404.92,174.00,48.97
2022-10-08,10874.06,3404.63,171.00,53.06
2022-10-09,10645.11,3404.35,160.00,44.57
2022-10-10,10448.02,3404.11,147.50,48.13
2022-10-11,10248.12,3403.86,147.50,46.72
2022-10-12,10056.04,3403.62,142.50,45.66
2022-10-13,9890.00,3403.40,130.00,46.29
2022-10-14,9721.98,3403.19,120.00,35.29
2022-10-15,9562.00,3402.99,120.00,39.34
2022-10-16,9403.00,3402.79,120.00,39.84
2022-10-17,9252.00,3402.59,117.50,41.37
2022-10-18,9101.98,3402.39,120.00,44.36
2022-10-19,8942.98,3402.19,117.50,37.34
2022-10-20,8816.00,3402.02,117.50,53.48
2022-10-21,8657.02,3401.81,115.00,34.85
2022-10-22,8514.03,3401.62,115.00,42.91
2022-10-23,8378.00,3401.44,117.50,48.92
2022-10-24,8256.00,3401.28,115.00,53.49
2022-10-25,8144.06,3401.13,115.00,58.56
2022-10-26,8018.00,3400.96,115.00,51.44
2022-10-27,7892.00,3400.79,115.00,51.47
2022-10-28,7764.03,3400.62,115.00,50.48
2022-10-29,7640.00,3400.45,112.80,50.27
2022-10-30,7537.02,3400.31,112.80,60.88
2022-10-31,7616.00,3400.42,112.80,152.62
2022-11-01,7565.09,3400.35,115.00,89.33
2022-11-02,7474.00,3400.22,115.00,69.08
2022-11-03,7404.06,3400.13,112.80,77.54
2022-11-04,8318.12,3401.36,130.00,590.84
2022-11-05,9674.06,3403.13,135.00,818.62
2022-11-06,10064.06,3403.63,135.00,331.63
2022-11-07,10248.12,3403.86,135.00,227.80
2022-11-08,10344.00,3403.98,132.50,180.84
2022-11-09,10400.00,3404.05,135.00,163.23
2022-11-10,10408.00,3404.06,132.50,136.53
2022-11-11,10400.00,3404.05,132.50,128.47
2022-11-12,10368.00,3404.01,132.50,116.37
2022-11-13,10328.00,3403.96,132.50,112.33
2022-11-14,10271.98,3403.89,132.50,104.26
2022-11-15,10208.02,3403.81,132.50,100.25
2022-11-16,10128.00,3403.71,130.00,89.66
2022-11-17,10048.02,3403.61,130.00,89.68
2022-11-18,9950.00,3403.48,130.00,80.58
2022-11-19,9850.10,3403.35,130.00,79.63
2022-11-20,9746.00,3403.22,127.50,75.02
2022-11-21,9650.00,3403.10,127.50,79.10
2022-11-22,9681.88,3403.14,130.00,146.07
2022-11-23,9681.88,3403.14,130.00,130.00
2022-11-24,9642.00,3403.09,127.50,107.39
2022-11-25,9594.00,3403.03,127.50,103.30
2022-11-26,9546.00,3402.97,127.50,103.30
2022-11-27,9514.00,3402.93,127.50,111.37
2022-11-28,9466.14,3402.87,127.50,103.37
2022-11-29,9442.08,3402.84,127.50,115.37
2022-11-30,9434.06,3402.83,127.50,123.46
2022-12-01,9396.00,3402.78,127.50,108.31
2022-12-02,9340.00,3402.70,125.00,96.77
2022-12-03,9252.00,3402.59,125.00,80.63
2022-12-04,9180.00,3402.50,125.00,88.70
2022-12-05,9110.00,3402.40,125.00,89.71
2022-12-06,9022.00,3402.29,125.00,80.63
2022-12-07,8921.93,3402.16,122.50,72.05
2022-12-08,8880.00,3402.10,122.50,101.36
2022-12-09,8816.00,3402.02,122.50,90.23
2022-12-10,8744.00,3401.93,122.50,86.20
2022-12-11,8664.03,3401.82,122.50,82.18
2022-12-12,8570.00,3401.70,120.00,72.59
2022-12-13,8476.00,3401.57,120.00,72.61
2022-12-14,8378.00,3401.44,117.50,68.09
2022-12-15,8286.04,3401.32,115.00,68.64
2022-12-16,8200.00,3401.20,115.00,71.62
2022-12-17,8106.00,3401.08,112.80,65.41
2022-12-18,8018.00,3400.96,112.80,68.43
2022-12-19,7935.09,3400.85,112.80,71.00
2022-12-20,7935.09,3400.85,112.80,112.80
2022-12-21,7935.09,3400.85,112.80,112.80
2022-12-22,7935.09,3400.85,110.60,110.60
2022-12-23,7935.09,3400.85,110.60,110.60
2022-12-24,7935.09,3400.85,110.60,110.60
2022-12-25,7935.09,3400.85,115.00,115.00
2022-12-26,8720.00,3401.90,125.00,520.73
2022-12-27,11260.00,3405.10,142.50,1423.08
2022-12-28,12564.89,3406.65,150.00,807.88
2022-12-29,13355.00,3407.55,152.50,550.85
2022-12-30,13949.00,3408.21,155.00,454.48
2022-12-31,14362.93,3408.67,157.50,366.19
2023-01-01,14660.00,3408.99,157.50,307.27
2023-01-02,14859.00,3409.21,157.50,257.83
2023-01-03,15020.20,3409.38,157.50,238.77
2023-01-04,15130.00,3409.50,157.50,212.86
2023-01-05,15257.07,3409.63,157.50,221.56
2023-01-06,15310.98,3409.69,157.50,184.68
2023-01-07,15374.00,3409.76,157.50,189.27
2023-01-08,15420.02,3409.81,157.50,180.70
2023-01-09,15460.12,3409.85,155.00,175.22
2023-01-10,15470.15,3409.86,155.00,160.06
2023-01-11,15470.15,3409.86,155.00,155.00
2023-01-12,15537.00,3409.93,155.00,188.70
2023-01-13,15610.00,3410.01,157.50,194.30
2023-01-14,15744.89,3410.15,157.50,225.51
2023-01-15,15870.00,3410.28,157.50,220.58
2023-01-16,15944.13,3410.36,157.50,194.87
2023-01-17,16000.00,3410.42,157.50,185.67
2023-01-18,16070.00,3410.49,157.50,192.79
2023-01-19,16089.00,3410.51,157.50,167.08
2023-01-20,16098.00,3410.52,157.50,162.04
2023-01-21,16116.00,3410.54,157.50,166.58
2023-01-22,16116.00,3410.54,157.50,157.50
2023-01-23,16107.00,3410.53,150.00,145.46
2023-01-24,16107.00,3410.53,145.00,145.00
2023-01-25,16098.00,3410.52,145.00,140.46
2023-01-26,16080.00,3410.50,145.00,135.92
2023-01-27,16060.00,3410.48,142.50,132.42
2023-01-28,16040.00,3410.46,140.00,129.92
2023-01-29,15990.00,3410.41,140.00,114.79
2023-01-30,15926.09,3410.34,140.00,107.78
2023-01-31,15890.00,3410.30,140.00,121.80
2023-02-01,15840.00,3410.25,140.00,114.79
2023-02-02,15780.98,3410.19,140.00,110.24
2023-02-03,15726.00,3410.13,137.50,109.78
2023-02-04,15753.00,3410.16,140.00,153.61
2023-02-05,15800.00,3410.21,140.00,163.70
2023-02-06,15660.00,3410.06,137.50,66.92
2023-02-07,15650.00,3410.05,140.00,134.96
2023-02-08,15600.00,3410.00,137.50,112.29
2023-02-09,15537.00,3409.93,137.50,105.74
2023-02-10,15490.20,3409.88,137.50,113.90
2023-02-11,15420.02,3409.81,137.50,102.12
2023-02-12,15356.00,3409.74,137.50,105.22
2023-02-13,15310.98,3409.69,137.50,114.80
2023-02-14,15230.00,3409.60,137.50,96.67
2023-02-15,15140.00,3409.51,137.50,92.12
2023-02-16,15067.00,3409.43,137.50,100.70
2023-02-17,14990.12,3409.35,132.50,93.74
2023-02-18,14913.00,3409.27,130.00,91.12
2023-02-19,14850.00,3409.20,130.00,98.24
2023-02-20,14813.91,3409.16,130.00,111.80
2023-02-21,14769.02,3409.11,130.00,107.37
2023-02-22,14706.00,3409.04,130.00,98.23
2023-02-23,14620.00,3408.95,130.00,86.64
2023-02-24,14525.11,3408.85,127.50,79.66
2023-02-25,14444.00,3408.76,127.50,86.61
2023-02-26,14390.00,3408.70,127.50,100.27
2023-02-27,14318.04,3408.62,127.50,91.22
2023-02-28,14264.00,3408.56,127.50,100.25
2023-03-01,14183.00,3408.47,127.50,86.66
2023-03-02,14110.98,3408.39,127.50,91.19
2023-03-03,14039.02,3408.31,127.50,91.22
2023-03-04,13967.00,3408.23,127.50,91.19
2023-03-05,13885.87,3408.14,127.50,86.60
2023-03-06,13814.00,3408.06,127.50,91.27
2023-03-07,13724.00,3407.96,125.00,79.62
2023-03-08,13643.15,3407.87,125.00,84.24
2023-03-09,13544.00,3407.76,125.00,75.01
2023-03-10,13480.98,3407.69,125.00,93.23
2023-03-11,13373.00,3407.57,125.00,70.56
2023-03-12,13319.00,3407.51,125.00,97.77
2023-03-13,13283.00,3407.47,125.00,106.85
2023-03-14,13188.12,3407.36,130.00,82.16
2023-03-15,13077.00,3407.23,135.00,78.98
2023-03-16,12960.00,3407.10,135.00,76.01
2023-03-17,12861.00,3406.99,132.50,82.59
2023-03-18,12764.16,3406.88,127.50,78.68
2023-03-19,12664.00,3406.76,127.50,77.00
2023-03-20,12582.93,3406.67,127.50,86.63
2023-03-21,12488.00,3406.56,127.50,79.64
2023-03-22,12404.00,3406.46,127.50,85.15
2023-03-23,12318.12,3406.36,127.50,84.20
2023-03-24,12234.00,3406.26,125.00,82.59
2023-03-25,12139.90,3406.15,125.00,77.56
2023-03-26,12046.00,3406.04,125.00,77.66
2023-03-27,11946.00,3405.92,125.00,74.58
2023-03-28,11858.04,3405.82,125.00,80.65
2023-03-29,11768.00,3405.71,125.00,79.60
2023-03-30,11688.02,3405.61,122.50,82.18
2023-03-31,11608.00,3405.52,122.50,82.16
2023-04-01,11542.00,3405.44,122.50,89.22
2023-04-02,11456.09,3405.34,122.50,79.19
2023-04-03,11356.00,3405.22,122.50,72.04
2023-04-04,11268.02,3405.11,120.00,75.64
2023-04-05,11180.00,3405.00,120.00,75.62
2023-04-06,11099.00,3404.91,120.00,79.16
2023-04-07,11066.14,3404.87,120.00,103.43
2023-04-08,11018.02,3404.81,120.00,95.74
2023-04-09,11042.08,3404.84,122.50,134.63
2023-04-10,11315.94,3405.17,130.00,268.07
2023-04-11,11635.00,3405.55,127.50,288.36
2023-04-12,11858.04,3405.82,125.00,237.45
2023-04-13,12037.00,3406.03,125.00,215.23
2023-04-14,12189.00,3406.21,125.00,201.63
2023-04-15,12318.12,3406.36,125.00,190.10
2023-04-16,12464.00,3406.53,125.00,198.55
2023-04-17,12582.93,3406.67,127.50,187.46
2023-04-18,12682.00,3406.78,127.50,177.45
2023-04-19,12748.12,3406.86,127.50,160.84
2023-04-20,12816.00,3406.94,127.50,161.72
2023-04-21,12879.00,3407.01,127.50,159.26
2023-04-22,12915.00,3407.05,127.50,145.65
2023-04-23,13059.00,3407.21,130.00,202.60
2023-04-24,13238.00,3407.42,132.50,222.75
2023-04-25,13453.91,3407.66,135.00,243.85
2023-04-26,13724.00,3407.96,135.00,271.17
2023-04-27,14201.00,3408.49,137.50,377.99
2023-04-28,14960.05,3409.32,145.00,527.69
2023-04-29,16170.00,3410.60,155.00,765.02
2023-04-30,17680.07,3412.13,171.00,932.33
2023-05-01,19100.00,3413.52,180.00,895.88
2023-05-02,20516.16,3414.86,180.00,893.98
2023-05-03,22257.00,3416.47,258.00,1135.67
2023-05-04,24113.08,3418.13,440.00,1375.77
2023-05-05,25630.00,3419.45,450.00,1214.78
2023-05-06,26663.08,3420.33,450.00,970.84
2023-05-07,27484.00,3421.02,455.00,868.88
2023-05-08,28168.00,3421.59,475.00,819.85
2023-05-09,28444.06,3421.82,631.00,770.18
2023-05-10,28324.00,3421.72,946.00,885.47
2023-05-11,27627.82,3421.14,1266.00,915.01
2023-05-12,27039.85,3420.65,1274.00,977.56
2023-05-13,26752.00,3420.41,1317.00,1171.88
2023-05-14,27016.09,3420.63,1326.00,1459.15
2023-05-15,27808.00,3421.29,1186.00,1585.25
2023-05-16,28802.03,3422.11,1002.00,1503.16
2023-05-17,29746.23,3422.88,914.00,1390.03
2023-05-18,30717.87,3423.66,906.00,1395.87
2023-05-19,31598.19,3424.36,922.00,1365.83
2023-05-20,32492.00,3425.06,930.00,1380.63
2023-05-21,33164.00,3425.58,930.00,1268.80
2023-05-22,33580.00,3425.90,743.00,952.73
2023-05-23,33904.84,3426.15,544.00,707.77
2023-05-24,34100.00,3426.30,526.00,624.39
2023-05-25,34204.25,3426.38,526.00,578.56
2023-05-26,34256.00,3426.42,514.00,540.09
2023-05-27,34386.00,3426.52,502.00,567.54
2023-05-28,34477.00,3426.59,538.00,583.88
2023-05-29,34516.06,3426.62,574.00,593.69
2023-05-30,34412.00,3426.54,624.00,571.54
2023-05-31,34216.97,3426.39,610.00,511.67
2023-06-01,34009.00,3426.23,544.00,439.15
2023-06-02,33827.00,3426.09,502.00,410.24
2023-06-03,33697.00,3425.99,470.00,404.46
2023-06-04,33658.00,3425.96,410.00,390.34
2023-06-05,33684.00,3425.98,354.00,367.11
2023-06-06,33437.00,3425.79,502.00,377.47
2023-06-07,32604.84,3425.15,890.00,470.45
2023-06-08,31951.81,3424.64,820.00,490.76
2023-06-09,31585.16,3424.35,624.00,439.15
2023-06-10,31520.00,3424.30,358.50,325.65
2023-06-11,31533.03,3424.31,293.00,299.57
2023-06-12,31520.00,3424.30,281.00,274.43
2023-06-13,31520.00,3424.30,240.50,240.50
2023-06-14,31585.16,3424.35,168.00,200.85
2023-06-15,31676.00,3424.42,155.00,200.80
2023-06-16,31715.00,3424.45,155.00,174.66
2023-06-17,31780.00,3424.50,155.00,187.77
2023-06-18,31804.00,3424.52,155.00,167.10
2023-06-19,31816.00,3424.53,152.50,158.55
2023-06-20,31816.00,3424.53,152.50,152.50
2023-06-21,31816.00,3424.53,152.50,152.50
2023-06-22,31840.00,3424.55,152.50,164.60
2023-06-23,31828.00,3424.54,152.50,146.45
2023-06-24,31816.00,3424.53,152.50,146.45
2023-06-25,31792.00,3424.51,152.50,140.40
2023-06-26,31780.00,3424.50,150.00,143.95
2023-06-27,31741.00,3424.47,142.50,122.84
2023-06-28,31728.00,3424.46,135.00,128.45
2023-06-29,31715.00,3424.45,135.00,128.45
2023-06-30,31689.00,3424.43,132.50,119.39
2023-07-01,31624.25,3424.38,132.50,99.86
2023-07-02,31559.10,3424.33,132.50,99.65
2023-07-03,31472.00,3424.26,132.50,88.59
2023-07-04,31386.97,3424.19,132.50,89.63
2023-07-05,31296.06,3424.12,132.50,86.67
2023-07-06,31205.00,3424.05,132.50,86.59
2023-07-07,31080.00,3423.95,150.00,86.98
2023-07-08,30916.06,3423.82,162.50,79.85
2023-07-09,30782.00,3423.71,162.50,94.91
2023-07-10,30568.00,3423.54,162.50,54.61
2023-07-11,30390.00,3423.40,165.00,75.26
2023-07-12,30179.00,3423.23,183.00,76.62
2023-07-13,29924.00,3423.02,202.00,73.44
2023-07-14,29662.03,3422.81,209.00,76.92
2023-07-15,29376.00,3422.58,212.50,68.29
2023-07-16,29095.16,3422.35,212.50,70.91
2023-07-17,28814.06,3422.12,212.50,70.78
2023-07-18,28516.23,3421.88,212.50,62.34
2023-07-19,28239.85,3421.65,209.00,69.66
2023-07-20,27964.00,3421.42,209.00,69.93
2023-07-21,27675.94,3421.18,205.50,60.27
2023-07-22,27376.00,3420.93,205.50,54.28
2023-07-23,27087.97,3420.69,202.00,56.78
2023-07-24,26788.00,3420.44,202.00,50.77
2023-07-25,26510.00,3420.20,202.00,61.84
2023-07-26,26215.00,3419.95,202.00,53.27
2023-07-27,25944.00,3419.72,198.50,61.87
2023-07-28,25666.00,3419.48,198.50,58.34
2023-07-29,25376.00,3419.23,198.50,52.29
2023-07-30,25086.00,3418.98,198.50,52.29
2023-07-31,24772.00,3418.71,198.50,40.19
2023-08-01,24497.00,3418.47,195.00,56.35
2023-08-02,24214.00,3418.22,195.00,52.32
2023-08-03,23927.00,3417.97,195.00,50.30
2023-08-04,23656.00,3417.73,195.00,58.37
2023-08-05,23389.00,3417.49,192.00,57.39
2023-08-06,23120.00,3417.25,192.00,56.38
2023-08-07,22862.00,3417.02,192.00,61.92
2023-08-08,22587.00,3416.77,192.00,53.35
2023-08-09,22312.00,3416.52,189.00,50.35
2023-08-10,22015.00,3416.25,195.00,45.26
2023-08-11,21707.00,3415.97,202.00,46.72
2023-08-12,21430.00,3415.71,198.50,58.85
2023-08-13,21123.00,3415.43,198.50,43.72
2023-08-14,20824.87,3415.15,198.50,48.19
2023-08-15,20538.21,3414.88,195.00,50.48
2023-08-16,20240.00,3414.60,195.00,44.65
2023-08-17,19975.13,3414.35,195.00,61.46
2023-08-18,19644.00,3414.04,192.00,25.06
2023-08-19,19340.00,3413.75,192.00,38.73
2023-08-20,19060.00,3413.48,186.00,44.83
2023-08-21,18792.00,3413.22,186.00,50.88
2023-08-22,18471.00,3412.91,186.00,24.16
2023-08-23,18180.05,3412.62,183.00,36.31
2023-08-24,17905.13,3412.35,183.00,44.39
2023-08-25,17630.00,3412.08,180.00,41.29
2023-08-26,17360.00,3411.80,180.00,43.87
2023-08-27,17080.00,3411.52,180.00,38.83
2023-08-28,16830.00,3411.27,177.00,50.96
2023-08-29,16533.00,3410.97,177.00,27.26
2023-08-30,16249.95,3410.68,177.00,34.30
2023-08-31,15990.00,3410.41,174.00,42.94
2023-09-01,15753.91,3410.16,174.00,54.97
2023-09-02,15480.17,3409.87,171.00,32.99
2023-09-03,15239.02,3409.61,171.00,49.42
2023-09-04,14960.05,3409.32,171.00,30.35
2023-09-05,14715.00,3409.05,168.00,44.45
2023-09-06,14444.00,3408.76,165.00,28.37
2023-09-07,14201.00,3408.49,165.00,42.49
2023-09-08,13930.98,3408.19,171.00,34.86
2023-09-09,13670.00,3407.90,171.00,39.42
2023-09-10,13409.02,3407.61,171.00,39.42
2023-09-11,13156.04,3407.32,168.00,40.46
2023-09-12,12888.00,3407.02,168.00,32.86
2023-09-13,12619.00,3406.71,165.00,29.38
2023-09-14,12359.00,3406.41,168.00,36.92
2023-09-15,12091.00,3406.09,171.00,35.88
2023-09-16,11824.00,3405.78,171.00,36.39
2023-09-17,11558.00,3405.46,168.00,33.89
2023-09-18,11276.04,3405.12,168.00,25.85
2023-09-19,11010.00,3404.80,165.00,30.87
2023-09-20,10762.00,3404.49,165.00,39.97
2023-09-21,10495.94,3404.17,162.50,28.36
2023-09-22,10248.12,3403.86,160.00,35.06
2023-09-23,10002.50,3403.55,157.50,33.67
2023-09-24,9786.00,3403.27,160.00,50.85
2023-09-25,9650.00,3403.10,160.00,91.43
2023-09-26,9450.10,3402.85,157.50,56.72
2023-09-27,9426.04,3402.82,160.00,147.87
2023-09-28,9291.88,3402.64,157.50,89.86
2023-09-29,9117.00,3402.41,155.00,66.83
2023-09-30,8928.95,3402.17,155.00,60.19
2023-10-01,8728.00,3401.91,152.50,51.19
2023-10-02,8534.91,3401.65,155.00,57.65
2023-10-03,8310.10,3401.35,157.50,44.16
2023-10-04,8099.00,3401.07,155.00,48.57
2023-10-05,7876.00,3400.77,157.50,45.07
2023-10-06,7656.00,3400.47,160.00,49.08
2023-10-07,7435.94,3400.17,157.50,46.55
2023-10-08,7219.12,3399.87,155.00,45.69
2023-10-09,7013.00,3399.59,155.00,51.08
2023-10-10,6845.09,3399.35,152.50,67.85
2023-10-11,6707.92,3399.16,152.50,83.34
2023-10-12,6512.98,3398.89,150.00,51.72
2023-10-13,6351.93,3398.66,147.50,66.30
2023-10-14,6191.00,3398.43,147.50,66.36
2023-10-15,6008.95,3398.17,147.50,55.72
2023-10-16,5904.00,3398.02,145.00,92.09
2023-10-17,5805.97,3397.88,137.50,88.08
2023-10-18,5694.00,3397.72,125.00,68.55
2023-10-19,5582.00,3397.56,120.00,63.53
2023-10-20,5465.97,3397.38,115.00,56.50
2023-10-21,5332.98,3397.19,115.00,47.95
2023-10-22,5207.00,3397.01,112.80,49.29
2023-10-23,5081.05,3396.83,112.80,49.30
2023-10-24,4971.93,3396.66,110.60,55.59
2023-10-25,4888.00,3396.54,95.20,52.89
2023-10-26,4790.00,3396.40,93.00,43.59
2023-10-27,4696.00,3396.26,90.60,43.21
2023-10-28,4604.03,3396.12,88.65,42.28
2023-10-29,4506.00,3395.98,86.92,37.50
2023-10-30,4414.06,3395.84,84.00,37.65
2023-10-31,4320.00,3395.70,82.81,35.39
2023-11-01,4244.00,3395.59,82.20,43.88
2023-11-02,4590.00,3396.10,86.94,261.38
2023-11-03,4678.00,3396.23,87.71,132.08
2023-11-04,5424.03,3397.32,101.41,477.53
2023-11-05,5827.00,3397.91,109.04,312.20
2023-11-06,6275.00,3398.55,116.50,342.37
2023-11-07,6831.05,3399.33,126.85,407.19
2023-11-08,7107.00,3399.71,125.73,264.85
2023-11-09,7296.00,3399.98,124.56,219.85
2023-11-10,7451.98,3400.19,124.66,203.30
2023-11-11,7770.88,3400.63,128.62,289.40
2023-11-12,8026.00,3400.97,130.00,258.62
2023-11-13,8263.00,3401.29,130.03,249.52
2023-11-14,8406.00,3401.48,131.67,203.77
2023-11-15,8527.90,3401.64,127.68,189.14
2023-11-16,8634.00,3401.78,125.00,178.49
2023-11-17,8685.09,3401.85,125.00,150.76
2023-11-18,8728.00,3401.91,125.29,146.92
2023-11-19,8784.00,3401.98,126.44,154.67
2023-11-20,8800.00,3402.00,127.50,135.57
2023-11-21,8808.00,3402.01,125.00,129.03
2023-11-22,8784.00,3401.98,125.00,112.90
2023-11-23,8776.00,3401.97,125.00,120.97
2023-11-24,8736.00,3401.92,125.00,104.83
2023-11-25,8685.09,3401.85,125.00,99.33
2023-11-26,8634.00,3401.78,124.61,98.85
2023-11-27,8562.98,3401.69,122.53,86.72
2023-11-28,8500.00,3401.60,122.50,90.75
2023-11-29,8420.00,3401.50,118.57,78.24
2023-11-30,8357.00,3401.41,115.00,83.24
2023-12-01,8350.00,3401.40,115.00,111.47
2023-12-02,8333.96,3401.38,115.18,107.09
2023-12-03,8310.10,3401.35,114.56,102.53
2023-12-04,8468.00,3401.56,117.47,197.08
2023-12-05,11162.00,3404.98,137.73,1495.96
2023-12-06,15160.00,3409.53,180.00,2195.66
2023-12-07,16920.15,3411.36,180.00,1067.41
2023-12-08,17861.03,3412.31,180.25,654.61
2023-12-09,18590.00,3413.02,181.53,549.05
2023-12-10,19278.97,3413.69,185.59,532.95
2023-12-11,19920.00,3414.30,183.28,506.47
2023-12-12,20395.00,3414.75,183.00,422.48
2023-12-13,20748.00,3415.08,183.00,360.97
2023-12-14,21024.11,3415.34,183.00,322.21
2023-12-15,21244.00,3415.54,180.41,291.27
2023-12-16,21397.95,3415.68,180.00,257.62
2023-12-17,21500.00,3415.78,180.00,231.45
2023-12-18,21586.16,3415.86,180.00,223.44
2023-12-19,21674.00,3415.94,179.84,224.13
2023-12-20,21729.00,3415.99,177.28,205.01
2023-12-21,21740.00,3416.00,174.28,179.83
2023-12-22,21795.00,3416.05,171.00,198.73
2023-12-23,21795.00,3416.05,171.00,171.00
2023-12-24,21773.00,3416.03,171.00,159.91
2023-12-25,21806.00,3416.06,171.00,187.64
2023-12-26,21872.05,3416.12,171.00,204.30
2023-12-27,21795.00,3416.05,170.28,131.43
2023-12-28,21762.00,3416.02,169.22,152.58
2023-12-29,21718.00,3415.98,169.38,147.20
2023-12-30,21718.00,3415.98,169.63,169.63
2023-12-31,21685.00,3415.95,169.03,152.39
2024-01-01,21652.00,3415.92,168.00,151.36
2024-01-02,21607.95,3415.88,168.00,145.79
2024-01-03,21564.11,3415.84,168.00,145.90
2024-01-04,21500.00,3415.78,168.00,135.68
2024-01-05,21408.97,3415.69,167.36,121.47
2024-01-06,21386.92,3415.67,167.28,156.16
2024-01-07,21321.02,3415.61,165.09,131.87
2024-01-08,21299.00,3415.59,165.84,154.74
2024-01-09,21375.89,3415.66,167.91,206.68
2024-01-10,21332.05,3415.62,165.75,143.65
2024-01-11,21288.00,3415.58,165.09,142.88
2024-01-12,21244.00,3415.54,165.00,142.82
2024-01-13,21222.00,3415.52,165.00,153.91
2024-01-14,21178.00,3415.48,165.00,142.82
2024-01-15,21178.00,3415.48,163.26,163.26
2024-01-16,21156.00,3415.46,162.50,151.41
2024-01-17,21112.00,3415.42,163.91,141.73
2024-01-18,21046.16,3415.36,162.53,129.34
2024-01-19,20980.00,3415.30,162.60,129.24
2024-01-20,20900.00,3415.22,162.50,122.17
2024-01-21,20813.84,3415.14,162.50,119.06
2024-01-22,20726.00,3415.06,162.55,118.26
2024-01-23,20580.00,3414.92,166.06,92.45
2024-01-24,20229.00,3414.59,192.16,15.20
2024-01-25,19865.00,3414.25,299.83,116.31
2024-01-26,19340.00,3413.75,426.72,162.03
2024-01-27,19040.00,3413.46,516.44,365.19
2024-01-28,19477.95,3413.88,532.81,753.61
2024-01-29,20050.00,3414.42,549.62,838.03
2024-01-30,20505.14,3414.85,573.69,803.16
2024-01-31,20920.00,3415.24,592.00,801.16
2024-02-01,21408.97,3415.69,542.87,789.39
2024-02-02,21839.00,3416.09,432.76,649.57
2024-02-03,22125.14,3416.35,390.00,534.26
2024-02-04,22301.00,3416.51,385.50,474.16
2024-02-05,22487.95,3416.68,325.79,420.04
2024-02-06,22752.00,3416.92,236.42,369.55
2024-02-07,22972.05,3417.12,207.91,318.85
2024-02-08,23235.14,3417.35,165.16,297.80
2024-02-09,23466.00,3417.56,140.86,257.25
2024-02-10,23656.00,3417.73,140.00,235.79
2024-02-11,23872.00,3417.92,140.00,248.90
2024-02-12,24032.00,3418.06,140.00,220.67
2024-02-13,24178.97,3418.19,139.09,213.19
2024-02-14,24298.00,3418.29,137.58,197.59
2024-02-15,24397.95,3418.38,137.50,187.89
2024-02-16,24464.00,3418.44,137.50,170.80
2024-02-17,24542.00,3418.51,137.11,176.44
2024-02-18,24590.00,3418.55,135.16,159.36
2024-02-19,24626.00,3418.58,135.00,153.15
2024-02-20,24682.81,3418.63,135.08,163.72
2024-02-21,24726.92,3418.67,135.03,157.27
2024-02-22,24748.97,3418.69,135.00,146.12
2024-02-23,24784.00,3418.72,135.00,152.66
2024-02-24,24796.00,3418.73,135.00,141.05
2024-02-25,24880.00,3418.80,135.44,177.79
2024-02-26,24902.05,3418.82,135.08,146.20
2024-02-27,24935.14,3418.85,135.00,151.68
2024-02-28,25074.00,3418.97,136.35,206.36
2024-02-29,25232.03,3419.11,139.11,218.78
2024-03-01,25340.00,3419.20,137.50,191.93
2024-03-02,25400.00,3419.25,137.03,167.28
2024-03-03,25436.00,3419.28,136.25,154.40
2024-03-04,25448.00,3419.29,132.63,138.68
2024-03-05,25471.03,3419.31,130.00,141.61
2024-03-06,25460.00,3419.30,129.61,124.05
2024-03-07,25471.03,3419.31,128.28,133.84
2024-03-08,25436.00,3419.28,128.80,111.14
2024-03-09,25436.00,3419.28,129.97,129.97
2024-03-10,25482.05,3419.32,130.14,153.36
2024-03-11,25515.14,3419.35,130.49,147.17
2024-03-12,25515.14,3419.35,130.13,130.13
2024-03-13,25482.05,3419.32,130.00,113.32
2024-03-14,25448.00,3419.29,130.00,112.83
2024-03-15,25412.00,3419.26,129.90,111.75
2024-03-16,25388.00,3419.24,129.61,117.51
2024-03-17,25352.00,3419.21,130.00,111.85
2024-03-18,25364.00,3419.22,130.00,136.05
2024-03-19,25460.00,3419.30,130.00,178.40
2024-03-20,25642.00,3419.46,135.00,226.76
2024-03-21,25824.06,3419.62,158.46,250.25
2024-03-22,26028.00,3419.79,179.97,282.79
2024-03-23,26259.00,3419.99,180.47,296.93
2024-03-24,26473.91,3420.17,180.50,288.85
2024-03-25,26663.08,3420.33,180.09,275.46
2024-03-26,26824.00,3420.47,180.00,261.13
2024-03-27,27063.91,3420.67,182.47,303.42
2024-03-28,27196.00,3420.78,181.91,248.51
2024-03-29,27280.15,3420.85,180.00,222.43
2024-03-30,27364.00,3420.92,180.00,222.27
2024-03-31,27436.00,3420.98,180.00,216.30
2024-04-01,27496.00,3421.03,180.56,210.81
2024-04-02,27604.06,3421.12,183.53,238.01
2024-04-03,27820.00,3421.30,186.00,294.87
2024-04-04,28000.00,3421.45,186.00,276.75
2024-04-05,28168.00,3421.59,185.91,270.61
2024-04-06,28312.00,3421.71,184.28,256.88
2024-04-07,28408.00,3421.79,184.03,232.43
2024-04-08,28515.94,3421.88,185.28,239.70
2024-04-09,28657.00,3421.99,186.00,257.12
2024-04-10,28778.00,3422.09,186.00,247.00
2024-04-11,28922.00,3422.21,185.97,258.57
2024-04-12,29018.00,3422.29,186.00,234.40
2024-04-13,28825.79,3422.13,342.75,245.84
2024-04-14,28324.00,3421.72,674.24,421.25
2024-04-15,27796.00,3421.28,802.79,536.59
2024-04-16,27472.00,3421.01,611.90,448.55
2024-04-17,27568.00,3421.09,333.79,382.19
2024-04-18,27868.12,3421.34,176.06,327.37
2024-04-19,28192.03,3421.61,136.02,299.32
2024-04-20,28492.18,3421.86,135.73,287.06
2024-04-21,28754.00,3422.07,135.55,267.55
2024-04-22,29006.00,3422.28,135.16,262.21
2024-04-23,29220.00,3422.45,164.61,272.50
2024-04-24,29316.00,3422.53,231.31,279.71
2024-04-25,29172.00,3422.41,409.11,336.51
2024-04-26,28694.00,3422.02,726.23,485.24
2024-04-27,28156.00,3421.58,835.09,563.85
2024-04-28,27832.03,3421.31,695.46,532.13
2024-04-29,27796.00,3421.28,451.41,433.24
2024-04-30,27952.00,3421.41,299.47,378.12
2024-05-01,28060.00,3421.50,265.00,319.45
2024-05-02,28144.00,3421.57,260.01,302.36
2024-05-03,28084.00,3421.52,303.04,272.79
2024-05-04,28096.00,3421.53,352.83,358.88
2024-05-05,28227.82,3421.64,278.04,344.50
2024-05-06,28566.00,3421.92,175.56,346.06
2024-05-07,28910.00,3422.20,135.00,308.43
2024-05-08,29268.00,3422.49,135.00,315.49
2024-05-09,29546.00,3422.72,168.34,308.50
2024-05-10,29948.00,3423.04,199.38,402.06
2024-05-11,30678.78,3423.63,202.73,571.17
2024-05-12,31754.00,3424.48,208.13,750.22
2024-05-13,32878.19,3425.36,239.59,806.37
2024-05-14,33710.00,3426.00,328.46,747.83
2024-05-15,34308.00,3426.46,457.34,758.83
2024-05-16,34554.84,3426.65,795.94,920.39
2024-05-17,34503.03,3426.61,974.25,948.13
2024-05-18,34216.97,3426.39,896.33,752.11
2024-05-19,33956.97,3426.19,741.40,610.32
2024-05-20,33736.00,3426.02,640.33,528.92
2024-05-21,33502.13,3425.84,612.84,494.93
2024-05-22,33450.00,3425.80,520.75,494.47
2024-05-23,33489.10,3425.83,392.71,412.42
2024-05-24,33606.00,3425.92,349.50,408.44
2024-05-25,33749.00,3426.03,349.50,421.60
2024-05-26,33775.00,3426.05,349.41,362.52
2024-05-27,33814.00,3426.08,351.33,370.99
2024-05-28,33930.90,3426.17,367.97,426.91
2024-05-29,33930.90,3426.17,435.68,435.68
2024-05-30,33775.00,3426.05,491.62,413.02
2024-05-31,33566.97,3425.89,507.75,402.87
2024-06-01,33280.90,3425.67,579.44,435.21
2024-06-02,33060.00,3425.50,674.09,562.72
2024-06-03,33593.00,3425.91,741.76,1010.48
2024-06-04,34009.00,3426.23,771.36,981.09
2024-06-05,34139.10,3426.33,826.12,891.71
2024-06-06,34035.00,3426.25,825.54,773.06
2024-06-07,33878.78,3426.13,811.47,732.71
2024-06-08,33762.00,3426.04,809.79,750.91
2024-06-09,33645.00,3425.95,802.14,743.15
2024-06-10,33502.13,3425.84,763.12,691.09
2024-06-11,33306.97,3425.69,731.11,632.72
2024-06-12,33021.00,3425.47,691.89,547.71
2024-06-13,32722.00,3425.24,625.46,474.71
2024-06-14,32444.00,3425.02,585.06,444.90
2024-06-15,32095.00,3424.75,564.87,388.92
2024-06-16,31715.00,3424.45,544.88,353.30
2024-06-17,31386.97,3424.19,505.00,339.62
2024-06-18,31068.00,3423.94,466.72,305.91
2024-06-19,30756.97,3423.69,465.00,308.19
2024-06-20,30429.00,3423.43,457.14,291.79
2024-06-21,30257.00,3423.29,395.52,308.80
2024-06-22,30218.00,3423.26,326.29,306.63
2024-06-23,30257.00,3423.29,267.12,286.78
2024-06-24,30330.15,3423.35,236.27,273.15
2024-06-25,30416.00,3423.42,215.64,258.92
2024-06-26,30494.00,3423.48,215.12,254.45
2024-06-27,30556.00,3423.53,215.96,247.22
2024-06-28,30580.00,3423.55,197.95,210.05
2024-06-29,30678.78,3423.63,186.44,236.24
2024-06-30,30730.90,3423.67,186.00,212.28
2024-07-01,30743.94,3423.68,186.00,192.57
2024-07-02,30743.94,3423.68,185.81,185.81
2024-07-03,30704.84,3423.65,184.44,164.73
2024-07-04,30653.03,3423.61,183.00,156.88
2024-07-05,30592.00,3423.56,183.00,152.23
2024-07-06,30520.00,3423.50,182.94,146.64
2024-07-07,30416.00,3423.42,181.47,129.04
2024-07-08,30318.12,3423.34,181.91,132.56
2024-07-09,30192.00,3423.24,185.63,122.04
2024-07-10,30032.03,3423.11,190.97,110.32
2024-07-11,29861.00,3422.97,195.00,108.77
2024-07-12,29674.06,3422.82,195.00,100.75
2024-07-13,29483.91,3422.67,195.00,99.13
2024-07-14,29292.00,3422.51,194.94,98.19
2024-07-15,29069.10,3422.33,194.56,82.18
2024-07-16,28849.85,3422.15,192.00,81.46
2024-07-17,28644.00,3421.98,192.00,88.22
2024-07-18,28420.00,3421.80,192.00,79.07
2024-07-19,28168.00,3421.59,191.97,64.92
2024-07-20,27964.00,3421.42,190.25,87.40
2024-07-21,27724.00,3421.22,189.00,68.00
2024-07-22,27496.00,3421.03,189.00,74.05
2024-07-23,27244.06,3420.82,188.97,61.95
2024-07-24,26992.03,3420.61,187.16,60.09
2024-07-25,26740.00,3420.40,186.00,58.93
2024-07-26,26497.97,3420.19,186.00,63.98
2024-07-27,26270.00,3420.00,186.00,71.07
2024-07-28,26016.00,3419.78,186.00,57.94
2024-07-29,25789.00,3419.59,186.00,71.55
2024-07-30,25547.95,3419.38,183.25,61.72
2024-07-31,25315.94,3419.18,183.00,66.03
2024-08-01,25086.00,3418.98,182.97,67.04
2024-08-02,24856.00,3418.78,182.47,66.51
2024-08-03,24614.00,3418.57,180.69,58.68
2024-08-04,24365.14,3418.35,180.00,54.53
2024-08-05,24134.86,3418.15,180.00,63.90
2024-08-06,23850.00,3417.90,183.22,39.60
2024-08-07,23586.92,3417.67,187.34,54.70
2024-08-08,23323.00,3417.43,186.00,52.94
2024-08-09,23060.00,3417.20,185.97,53.37
2024-08-10,22807.00,3416.97,184.28,56.73
2024-08-11,22543.00,3416.73,183.66,50.56
2024-08-12,22268.00,3416.48,183.00,44.35
2024-08-13,21993.00,3416.23,183.00,44.35
2024-08-14,21718.00,3415.98,187.63,48.98
2024-08-15,21440.00,3415.72,189.34,49.18
2024-08-16,21156.00,3415.46,189.00,45.82
2024-08-17,20950.00,3415.27,189.06,85.20
2024-08-18,20770.00,3415.10,190.19,99.44
2024-08-19,20516.16,3414.86,188.19,60.21
2024-08-20,20250.02,3414.61,186.00,51.82
2024-08-21,19975.14,3414.35,189.59,51.00
2024-08-22,19720.02,3414.11,194.84,66.22
2024-08-23,19445.14,3413.85,192.88,54.29
2024-08-24,19180.00,3413.60,195.00,61.33
2024-08-25,18900.05,3413.32,193.59,52.45
2024-08-26,18620.00,3413.05,197.77,56.58
2024-08-27,18310.00,3412.75,202.00,45.71
2024-08-28,18030.00,3412.47,200.65,59.48
2024-08-29,17729.95,3412.18,198.50,47.22
2024-08-30,17439.95,3411.88,203.46,57.25
2024-08-31,17130.00,3411.57,207.07,50.80
2024-09-01,16820.00,3411.26,205.50,49.21
2024-09-02,16524.00,3410.96,203.75,54.52
2024-09-03,16209.85,3410.64,202.00,43.62
2024-09-04,15917.07,3410.33,200.54,52.93
2024-09-05,15610.00,3410.01,204.22,49.41
2024-09-06,15310.98,3409.69,207.32,56.56
2024-09-07,14970.07,3409.33,205.50,33.62
2024-09-08,14706.00,3409.04,203.39,70.25
2024-09-09,14390.00,3408.70,201.89,42.57
2024-09-10,14066.09,3408.34,198.61,35.31
2024-09-11,13769.00,3408.01,197.59,47.81
2024-09-12,13462.93,3407.67,195.00,40.69
2024-09-13,13172.08,3407.34,193.41,46.77
2024-09-14,12879.00,3407.01,191.97,44.21
2024-09-15,12582.93,3406.67,189.31,40.04
2024-09-16,12294.06,3406.33,192.16,46.52
2024-09-17,11978.00,3405.96,194.78,35.43
2024-09-18,11688.02,3405.61,192.00,45.80
2024-09-19,11388.00,3405.26,190.34,39.08
2024-09-20,11090.00,3404.90,188.13,37.89
2024-09-21,10794.00,3404.53,186.00,36.77
2024-09-22,10520.00,3404.20,184.00,45.86
2024-09-23,10240.10,3403.85,182.36,41.24
2024-09-24,9965.00,3403.50,180.00,41.30
2024-09-25,9697.92,3403.16,177.19,42.54
2024-09-26,9434.06,3402.83,180.63,47.60
2024-09-27,9159.00,3402.47,181.44,42.76
2024-09-28,8900.88,3402.13,178.50,48.36
2024-09-29,8602.00,3401.74,177.00,26.31
2024-09-30,8341.98,3401.39,172.81,41.72
2024-10-01,8078.00,3401.04,170.00,36.91
2024-10-02,7812.98,3400.69,167.08,33.47
2024-10-03,7558.07,3400.34,164.09,35.57
2024-10-04,7317.00,3400.01,162.14,40.60
2024-10-05,7091.98,3399.69,159.87,46.42
2024-10-06,6852.10,3399.36,157.32,36.38
2024-10-07,6618.00,3399.04,154.77,36.74
2024-10-08,6401.00,3398.73,152.27,42.87
2024-10-09,6162.98,3398.39,149.82,29.82
2024-10-10,5939.00,3398.07,146.72,33.80
2024-10-11,5743.00,3397.79,137.34,38.52
2024-10-12,5547.00,3397.51,128.93,30.11
2024-10-13,5368.00,3397.24,126.51,36.26
2024-10-14,5193.00,3396.99,124.06,35.83
2024-10-15,5037.00,3396.73,122.50,43.85
2024-10-16,4881.00,3396.53,105.70,27.05
2024-10-17,4741.05,3396.33,102.40,31.84
2024-10-18,4645.97,3396.18,99.26,51.32
2024-10-19,4513.00,3395.99,96.41,29.37
2024-10-20,4408.04,3395.83,93.53,40.61
2024-10-21,4320.00,3395.70,91.63,47.24
2024-10-22,4220.00,3395.55,89.06,38.64
2024-10-23,4120.00,3395.40,87.24,36.82
2024-10-24,4008.00,3395.24,85.48,29.01
2024-10-25,3926.01,3395.11,83.36,42.02
2024-10-26,3899.00,3395.07,83.62,70.00
2024-10-27,4057.02,3395.31,85.76,165.43
2024-10-28,4071.05,3395.33,85.80,92.87
2024-10-29,4036.00,3395.28,85.52,67.85
2024-10-30,3994.00,3395.22,84.00,62.82
2024-10-31,3955.94,3395.16,84.00,64.81
2024-11-01,4043.00,3395.29,84.00,127.89
2024-11-02,3973.99,3395.19,84.00,49.21
2024-11-03,3913.00,3395.09,84.00,53.25
2024-11-04,3943.91,3395.14,84.06,99.64
2024-11-05,3892.00,3395.06,83.76,57.59
2024-11-06,3850.00,3395.00,82.20,61.02
2024-11-07,3808.00,3394.93,81.04,59.86
2024-11-08,3769.12,3394.87,80.29,60.69
2024-11-09,3727.02,3394.81,78.60,57.37
2024-11-10,3713.00,3394.79,78.58,71.51
2024-11-11,3826.00,3394.96,81.06,138.03
2024-11-12,3885.00,3395.05,82.35,112.10
2024-11-13,4112.98,3395.39,85.99,200.93
2024-11-14,4334.00,3395.72,91.97,203.40
2024-11-15,4437.97,3395.88,94.74,147.16
2024-11-16,4527.00,3396.01,95.86,140.75
2024-11-17,4690.00,3396.25,99.28,181.46
2024-11-18,4769.12,3396.37,101.85,141.74
2024-11-19,4797.00,3396.41,103.77,117.83
2024-11-20,4846.00,3396.48,104.00,128.70
2024-11-21,4839.00,3396.47,104.00,100.47
2024-11-22,4853.00,3396.49,106.04,113.10
2024-11-23,4839.00,3396.47,106.20,99.14
2024-11-24,4881.00,3396.53,106.02,127.20
2024-11-25,4860.00,3396.50,106.15,95.56
2024-11-26,4818.00,3396.44,104.00,82.82
2024-11-27,4762.10,3396.36,103.52,75.34
2024-11-28,4702.00,3396.27,101.80,71.50
2024-11-29,4652.98,3396.19,100.10,75.39
2024-11-30,4590.00,3396.10,98.77,67.02
2024-12-01,4520.00,3396.00,97.24,61.95
2024-12-02,4450.00,3395.90,95.22,59.93
2024-12-03,4383.00,3395.79,93.25,59.47
2024-12-04,4312.98,3395.69,91.61,56.31
2024-12-05,4244.00,3395.59,90.04,55.26
2024-12-06,4190.00,3395.50,88.71,61.48
2024-12-07,4220.00,3395.55,88.57,103.70
2024-12-08,4264.03,3395.62,90.99,113.19
2024-12-09,4277.90,3395.64,91.20,98.19
2024-12-10,4270.88,3395.63,91.18,87.64
2024-12-11,4264.03,3395.62,91.16,87.71
2024-12-12,4264.03,3395.62,91.20,91.20
2024-12-13,4264.03,3395.62,90.96,90.96
2024-12-14,4277.90,3395.64,91.20,98.19
2024-12-15,4250.00,3395.60,90.83,76.76
2024-12-16,4250.00,3395.60,91.01,91.01
2024-12-17,4320.00,3395.70,92.31,127.60
2024-12-18,4684.00,3396.24,102.01,285.53
2024-12-19,5000.00,3396.70,107.87,267.19
2024-12-20,5207.00,3397.01,112.41,216.77
2024-12-21,5410.00,3397.30,117.24,219.59
2024-12-22,5644.91,3397.65,123.05,241.48
2024-12-23,5855.00,3397.95,128.15,234.07
2024-12-24,6079.00,3398.27,133.20,246.13
2024-12-25,6177.00,3398.41,136.77,186.18
2024-12-26,6478.07,3398.84,141.69,293.48
2024-12-27,6653.00,3399.09,144.79,232.98
2024-12-28,6810.00,3399.30,150.42,229.57
2024-12-29,7013.00,3399.59,152.53,254.88
2024-12-30,7067.92,3399.66,152.50,180.19
2024-12-31,7121.00,3399.73,152.50,179.26
2025-01-01,7156.00,3399.78,152.50,170.15
2025-01-02,7191.05,3399.83,152.50,170.17
2025-01-03,7184.03,3399.82,152.92,149.38
2025-01-04,7191.05,3399.83,152.71,156.25
2025-01-05,7198.07,3399.84,154.97,158.51
2025-01-06,7170.00,3399.80,155.00,140.85
2025-01-07,7135.00,3399.75,149.45,131.80
2025-01-08,7114.00,3399.72,139.95,129.36
2025-01-09,7100.00,3399.70,130.00,122.94
2025-01-10,7100.00,3399.70,130.00,130.00
2025-01-11,7083.96,3399.68,129.58,121.49
2025-01-12,7043.86,3399.63,127.50,107.28
2025-01-13,6992.00,3399.56,127.50,101.35
2025-01-14,6957.00,3399.51,127.50,109.85
2025-01-15,6915.00,3399.45,127.01,105.83
2025-01-16,6872.98,3399.39,125.08,103.89
2025-01-17,6817.02,3399.31,125.00,96.79
2025-01-18,6740.00,3399.20,125.00,86.17
2025-01-19,6668.02,3399.11,122.76,86.47
2025-01-20,6590.00,3399.00,122.50,83.16
2025-01-21,6520.00,3398.90,122.08,86.79
2025-01-22,6450.00,3398.80,120.00,84.71
2025-01-23,6387.00,3398.71,118.78,87.02
2025-01-24,6317.02,3398.61,117.50,82.22
2025-01-25,6247.00,3398.51,117.50,82.20
2025-01-26,6170.00,3398.40,115.36,76.54
2025-01-27,6093.00,3398.29,115.00,76.18
2025-01-28,6030.00,3398.20,111.52,79.76
2025-01-29,5974.03,3398.12,106.27,78.05
2025-01-30,5918.00,3398.04,106.20,77.95
2025-01-31,5932.00,3398.06,106.98,114.04
2025-02-01,5890.00,3398.00,106.54,85.36
2025-02-02,5855.00,3397.95,106.20,88.55
2025-02-03,5799.12,3397.87,105.92,77.75
2025-02-04,5743.00,3397.79,104.14,75.85
2025-02-05,5708.00,3397.74,104.00,86.35
2025-02-06,5651.93,3397.66,104.00,75.73
2025-02-07,5596.00,3397.58,103.63,75.43
2025-02-08,5534.00,3397.49,101.82,70.56
2025-02-09,5480.00,3397.40,101.80,74.57
2025-02-10,5396.00,3397.28,100.97,58.62
2025-02-11,5297.90,3397.14,99.60,50.14
2025-02-12,5200.00,3397.00,99.53,50.17
2025-02-13,5137.00,3396.91,97.45,65.69
2025-02-14,5081.05,3396.83,97.40,69.19
2025-02-15,5036.00,3396.76,97.40,74.69
2025-02-16,4985.97,3396.68,97.40,72.18
2025-02-17,4937.02,3396.61,95.52,70.84
2025-02-18,4874.00,3396.52,95.20,63.43
2025-02-19,4860.00,3396.50,95.43,88.37
2025-02-20,4797.00,3396.41,95.20,63.44
2025-02-21,4762.10,3396.36,95.13,77.53
2025-02-22,4804.00,3396.42,95.93,117.05
2025-02-23,5263.00,3397.09,105.83,337.24
2025-02-24,6072.00,3398.26,111.72,519.59
2025-02-25,6707.92,3399.16,119.71,440.32
2025-02-26,7149.00,3399.77,122.50,344.88
2025-02-27,7509.00,3400.27,125.23,306.73
2025-02-28,7798.95,3400.67,125.03,271.21
2025-03-01,8071.00,3401.03,127.47,264.63
2025-03-02,8333.96,3401.38,129.79,262.37
2025-03-03,8594.00,3401.73,132.11,263.21
2025-03-04,8880.00,3402.10,125.62,269.81
2025-03-05,9110.00,3402.40,120.52,236.48
2025-03-06,9307.92,3402.66,122.50,222.28
2025-03-07,9498.00,3402.91,122.50,218.33
2025-03-08,9642.00,3403.09,120.68,193.28
2025-03-09,9794.00,3403.28,122.50,199.13
2025-03-10,9920.00,3403.44,122.50,186.03
2025-03-11,10040.00,3403.60,123.18,183.68
2025-03-12,10168.00,3403.76,125.00,189.53
2025-03-13,10263.96,3403.88,125.08,173.46
2025-03-14,10328.00,3403.96,125.00,157.29
2025-03-15,10440.00,3404.10,126.38,182.85
2025-03-16,10520.00,3404.20,127.03,167.36
2025-03-17,10552.00,3404.24,125.13,141.26
2025-03-18,10560.00,3404.25,125.03,129.06
2025-03-19,10584.00,3404.28,125.00,137.10
2025-03-20,10618.04,3404.32,125.96,143.12
2025-03-21,10671.96,3404.38,127.58,154.76
2025-03-22,10690.00,3404.40,127.50,136.60
2025-03-23,10810.00,3404.55,129.19,189.69
2025-03-24,11420.00,3405.30,133.18,440.72
2025-03-25,12326.14,3406.37,134.84,591.69
2025-03-26,13453.91,3407.66,133.12,701.70
2025-03-27,15347.00,3409.73,149.17,1103.60
2025-03-28,16840.00,3411.28,158.93,911.65
2025-03-29,17927.19,3412.37,163.20,711.33
2025-03-30,18781.00,3413.21,168.00,598.46
2025-03-31,19500.00,3413.90,159.27,521.77
2025-04-01,20080.00,3414.45,149.95,442.37
2025-04-02,20548.98,3414.89,147.53,383.97
2025-04-03,20940.00,3415.26,147.50,344.64
2025-04-04,21299.00,3415.59,145.42,326.42
2025-04-05,21597.19,3415.87,147.92,298.26
2025-04-06,21948.97,3416.19,149.61,326.97
2025-04-07,22609.00,3416.79,154.32,487.09
2025-04-08,23356.00,3417.46,158.33,534.94
2025-04-09,23972.00,3418.01,159.01,469.58
2025-04-10,24614.00,3418.57,163.12,486.80
2025-04-11,25364.00,3419.22,165.84,543.97
2025-04-12,26016.00,3419.78,166.72,495.44
2025-04-13,26582.00,3420.26,166.50,451.86
2025-04-14,27075.94,3420.68,167.97,417.00
2025-04-15,27580.00,3421.10,168.94,423.07
2025-04-16,28144.00,3421.57,174.44,458.79
2025-04-17,28718.00,3422.04,175.34,464.73
2025-04-18,29280.00,3422.50,177.22,460.56
2025-04-19,29900.00,3423.00,178.56,491.14
2025-04-20,30494.00,3423.48,180.00,479.48
2025-04-21,31032.00,3423.91,183.19,454.43
2025-04-22,31257.00,3424.09,297.96,411.40
2025-04-23,31218.00,3424.06,430.10,410.44
2025-04-24,31166.00,3424.02,430.31,404.09
2025-04-25,30890.00,3423.80,587.69,448.54
2025-04-26,30429.00,3423.43,785.51,553.09
2025-04-27,30127.97,3423.19,788.86,637.09
2025-04-28,29984.00,3423.07,682.63,610.05
2025-04-29,30079.85,3423.15,544.00,592.32
2025-04-30,30153.00,3423.21,544.00,580.88
2025-05-01,30091.88,3423.16,657.98,627.17
2025-05-02,30044.06,3423.12,774.72,750.61
2025-05-03,30153.00,3423.21,773.92,828.84
2025-05-04,30079.85,3423.15,775.01,738.13
2025-05-05,29936.00,3423.03,723.02,650.50
2025-05-06,29835.00,3422.95,643.10,592.18
2025-05-07,29861.00,3422.97,602.90,616.01
2025-05-08,29996.00,3423.08,545.25,613.31
2025-05-09,30231.00,3423.27,457.40,575.88
2025-05-10,30616.00,3423.58,390.00,584.10
2025-05-11,30993.94,3423.88,385.73,576.27
2025-05-12,31270.00,3424.10,389.48,528.66
2025-05-13,31116.00,3423.98,579.81,502.17
2025-05-14,30580.00,3423.55,838.16,567.93
2025-05-15,30032.03,3423.11,812.27,536.00
2025-05-16,29611.00,3422.77,696.19,483.92
2025-05-17,29316.00,3422.53,630.78,482.05
2025-05-18,28994.00,3422.27,632.53,470.19
2025-05-19,28766.00,3422.08,566.06,451.11
2025-05-20,28631.00,3421.97,497.00,428.94
2025-05-21,28444.06,3421.82,495.25,401.00
2025-05-22,28275.94,3421.68,491.13,406.37
2025-05-23,28227.82,3421.64,450.10,425.84
2025-05-24,28360.00,3421.75,381.47,448.11
2025-05-25,28802.03,3422.11,326.83,549.69
2025-05-26,29459.85,3422.65,260.19,591.84
2025-05-27,30103.91,3423.17,244.77,569.48
2025-05-28,30903.03,3423.81,231.09,633.98
2025-05-29,31767.00,3424.49,259.86,695.45
2025-05-30,32082.00,3424.74,436.56,595.37
2025-05-31,32160.00,3424.80,604.00,643.33
2025-06-01,32108.00,3424.76,604.37,578.15
2025-06-02,32147.00,3424.79,495.31,514.97
2025-06-03,32316.00,3424.92,376.50,461.70
2025-06-04,32381.00,3424.97,421.51,454.28
2025-06-05,32420.00,3425.00,469.95,489.61
2025-06-06,32630.90,3425.17,378.98,485.31
2025-06-07,33073.00,3425.51,309.00,531.89
2025-06-08,33566.97,3425.89,312.58,561.62
2025-06-09,34048.00,3426.26,337.62,580.14
2025-06-10,34216.97,3426.39,445.47,530.66
2025-06-11,34216.97,3426.39,505.94,505.94
2025-06-12,34087.00,3426.29,508.50,442.97
2025-06-13,33878.78,3426.13,491.44,386.46
2025-06-14,33645.00,3425.95,462.29,344.43
2025-06-15,33566.97,3425.89,347.06,307.72
2025-06-16,33541.22,3425.87,294.33,281.35
2025-06-17,33541.22,3425.87,259.79,259.79
2025-06-18,33566.97,3425.89,228.07,241.05
2025-06-19,33632.00,3425.94,198.35,231.14
2025-06-20,33671.00,3425.97,195.73,215.39
2025-06-21,33697.00,3425.99,192.00,205.11
2025-06-22,33697.00,3425.99,192.00,192.00
2025-06-23,33697.00,3425.99,188.16,188.16
2025-06-24,33684.00,3425.98,183.00,176.45
2025-06-25,33658.00,3425.96,183.00,169.89
2025-06-26,33658.00,3425.96,172.47,172.47
2025-06-27,33619.00,3425.93,175.22,155.56
2025-06-28,33553.94,3425.88,171.03,138.23
2025-06-29,33515.16,3425.85,171.00,151.45
2025-06-30,33424.00,3425.78,171.09,125.13
2025-07-01,33333.00,3425.71,174.00,128.12
2025-07-02,33216.06,3425.62,171.00,112.04
2025-07-03,33086.00,3425.52,171.00,105.43
2025-07-04,32956.00,3425.42,171.00,105.46
2025-07-05,32826.06,3425.32,171.00,105.49
2025-07-06,32617.87,3425.16,171.00,66.04
2025-07-07,32394.00,3424.98,169.66,56.79
2025-07-08,32147.00,3424.79,185.01,60.48
2025-07-09,31900.00,3424.60,209.07,84.54
2025-07-10,31650.00,3424.40,209.18,83.14
2025-07-11,31412.00,3424.21,209.00,89.01
2025-07-12,31140.00,3424.00,208.96,71.83
2025-07-13,30866.00,3423.78,208.93,70.79
2025-07-14,30604.00,3423.57,206.45,74.36
2025-07-15,30342.18,3423.36,205.50,73.50
2025-07-16,30055.79,3423.13,205.24,60.85
2025-07-17,29796.00,3422.92,203.20,72.22
2025-07-18,29495.94,3422.68,202.00,50.72
2025-07-19,29220.00,3422.45,201.60,62.48
2025-07-20,28922.00,3422.21,199.52,49.28
2025-07-21,28682.00,3422.01,198.72,77.72
2025-07-22,28408.00,3421.79,198.50,60.36
2025-07-23,28132.00,3421.56,196.86,57.71
2025-07-24,27868.12,3421.34,198.50,65.46
2025-07-25,27580.00,3421.10,198.50,53.24
2025-07-26,27292.18,3420.86,196.64,51.53
2025-07-27,27004.06,3420.62,195.00,49.74
2025-07-28,26707.19,3420.37,194.13,44.46
2025-07-29,26437.82,3420.14,192.00,56.19
2025-07-30,26171.00,3419.91,191.53,57.01
2025-07-31,25883.91,3419.67,194.88,50.14
2025-08-01,25582.00,3419.41,197.19,44.98
2025-08-02,25303.91,3419.17,195.00,54.80
2025-08-03,25002.00,3418.91,195.00,42.79
2025-08-04,24693.84,3418.64,194.09,38.73
2025-08-05,24397.95,3418.38,192.00,42.82
2025-08-06,24134.86,3418.15,192.00,59.36
2025-08-07,23827.95,3417.88,192.00,37.27
2025-08-08,23532.05,3417.62,189.69,40.51
2025-08-09,23246.16,3417.36,189.00,44.86
2025-08-10,22961.02,3417.11,187.63,43.87
2025-08-11,22686.16,3416.86,186.00,47.42
2025-08-12,22411.02,3416.61,186.00,47.28
2025-08-13,22114.11,3416.34,184.25,34.56
2025-08-14,21828.00,3416.08,183.00,38.75
2025-08-15,21553.08,3415.83,183.00,44.39
2025-08-16,21310.00,3415.60,182.06,59.51
2025-08-17,21024.11,3415.34,180.00,35.86
2025-08-18,20759.00,3415.09,179.84,46.18
2025-08-19,20472.05,3414.82,177.56,32.89
2025-08-20,20174.00,3414.54,185.63,35.36
2025-08-21,19876.00,3414.26,195.00,44.76
2025-08-22,19560.00,3413.96,193.59,34.27
2025-08-23,19267.95,3413.68,192.00,44.76
2025-08-24,18959.95,3413.38,190.75,35.47
2025-08-25,18660.00,3413.09,189.00,37.78
2025-08-26,18370.02,3412.81,188.84,42.64
2025-08-27,18080.00,3412.52,186.38,40.16
2025-08-28,17780.00,3412.23,185.94,34.69
2025-08-29,17460.00,3411.90,200.32,38.99
2025-08-30,17090.00,3411.53,211.01,24.47
2025-08-31,16770.00,3411.21,209.00,47.67
2025-09-01,16440.17,3410.87,207.61,41.32
2025-09-02,16098.00,3410.52,205.50,32.99
2025-09-03,15753.91,3410.16,209.55,36.07
2025-09-04,15410.00,3409.80,214.14,40.75
2025-09-05,15058.00,3409.42,212.06,34.59
2025-09-06,14733.00,3409.07,215.38,51.53
2025-09-07,14371.96,3408.68,218.59,36.57
2025-09-08,14039.02,3408.31,216.04,48.18
2025-09-09,13679.00,3407.91,214.58,33.07
2025-09-10,13337.00,3407.53,211.81,39.38
2025-09-11,12995.87,3407.14,209.18,37.19
2025-09-12,12655.00,3406.75,206.89,35.03
2025-09-13,12326.14,3406.37,203.97,38.17
2025-09-14,11986.00,3405.97,201.96,30.47
2025-09-15,11644.00,3405.56,199.23,26.80
2025-09-16,11323.96,3405.18,196.71,35.36
2025-09-17,11002.00,3404.79,197.01,34.69
2025-09-18,10671.96,3404.38,204.84,38.44
2025-09-19,10344.00,3403.98,201.38,36.03
2025-09-20,10032.50,3403.59,197.77,40.72
2025-09-21,9705.94,3403.17,194.69,30.05
2025-09-22,9396.00,3402.78,191.56,35.30
2025-09-23,9101.98,3402.39,188.44,40.20
2025-09-24,8792.00,3401.99,188.56,32.28
2025-09-25,8484.00,3401.58,190.09,34.81
2025-09-26,8183.96,3401.18,186.63,35.36
2025-09-27,7884.00,3400.78,183.25,32.02
2025-09-28,7632.00,3400.44,159.06,32.01
2025-09-29,7460.00,3400.20,129.22,42.50
2025-09-30,7289.00,3399.97,115.00,28.79
2025-10-01,7149.00,3399.77,113.40,42.82
2025-10-02,6992.00,3399.56,112.78,33.63
2025-10-03,6845.09,3399.35,107.96,33.89
2025-10-04,6699.90,3399.15,102.99,29.79
2025-10-05,6555.00,3398.95,101.80,28.75
2025-10-06,6422.00,3398.76,97.72,30.67
2025-10-07,6296.00,3398.58,95.20,31.67
2025-10-08,6162.98,3398.39,94.03,26.97
2025-10-09,6044.00,3398.22,93.00,33.01
2025-10-10,5925.00,3398.05,92.14,32.14
2025-10-11,5812.98,3397.89,91.24,34.76
2025-10-12,5708.00,3397.74,91.05,38.12
2025-10-13,5624.03,3397.62,90.41,48.08
2025-10-14,5516.00,3397.46,89.40,34.93
2025-10-15,5410.00,3397.30,89.59,36.15
2025-10-16,5304.91,3397.15,89.89,36.91
2025-10-17,5172.00,3396.96,88.87,21.86
2025-10-18,5095.09,3396.85,91.09,52.31
2025-10-19,5172.00,3396.96,97.49,136.27
2025-10-20,5151.00,3396.93,95.57,84.98
2025-10-21,5074.03,3396.82,95.20,56.40
2025-10-22,5006.00,3396.71,93.78,59.48
2025-10-23,4902.00,3396.56,93.00,40.57
2025-10-24,4881.00,3396.53,93.14,82.55
2025-10-25,4964.91,3396.65,93.99,136.29
2025-10-26,4957.90,3396.64,95.61,92.07
2025-10-27,4916.00,3396.58,93.99,72.86
2025-10-28,4867.00,3396.51,93.16,68.46
2025-10-29,4985.97,3396.68,96.21,156.19
2025-10-30,5000.00,3396.70,95.20,102.28
2025-10-31,5006.00,3396.71,95.31,98.34
2025-11-01,6436.00,3398.78,109.89,830.85
2025-11-02,7198.07,3399.84,117.60,501.81
2025-11-03,7572.10,3400.36,120.89,309.46
2025-11-04,7812.98,3400.69,123.23,244.67
2025-11-05,8341.98,3401.39,127.71,394.41
2025-11-06,10128.00,3403.71,136.20,1036.65
2025-11-07,11894.13,3405.86,114.56,1004.99
2025-11-08,12682.00,3406.78,98.00,495.21
2025-11-09,13211.98,3407.39,101.80,369.00
2025-11-10,13688.00,3407.92,102.97,342.96
2025-11-11,14084.13,3408.36,104.00,303.72
2025-11-12,14380.98,3408.69,117.84,267.50
2025-11-13,14868.00,3409.22,139.17,384.71
2025-11-14,15591.00,3409.99,141.61,506.13
2025-11-15,16390.05,3410.82,144.22,547.07
2025-11-16,16920.15,3411.36,146.61,413.87
2025-11-17,17310.00,3411.75,147.50,344.05
2025-11-18,17560.00,3412.01,147.50,273.54
2025-11-19,17770.00,3412.22,148.41,254.29
2025-11-20,17960.00,3412.40,142.34,238.14
2025-11-21,18080.00,3412.52,135.00,195.50
2025-11-22,18199.85,3412.64,135.00,195.43
2025-11-23,18300.00,3412.74,135.00,185.49
2025-11-24,18370.02,3412.81,135.00,170.30
2025-11-25,18471.00,3412.91,135.00,185.91
2025-11-26,18515.00,3412.95,135.00,157.18
2025-11-27,18680.02,3413.11,135.70,218.90
2025-11-28,18770.00,3413.20,135.42,180.78
2025-11-29,18836.00,3413.26,135.00,168.27
2025-11-30,18858.00,3413.28,135.00,146.09
2025-12-01,18900.05,3413.32,135.00,156.20
2025-12-02,18880.00,3413.30,132.53,122.42
2025-12-03,18770.00,3413.20,174.28,118.82
2025-12-04,18460.00,3412.90,289.25,132.96
2025-12-05,17905.14,3412.35,450.83,171.09
2025-12-06,17469.00,3411.91,577.00,357.12
2025-12-07,17010.00,3411.45,648.21,416.80
2025-12-08,19030.00,3413.45,795.72,1814.14
2025-12-09,24102.05,3418.12,922.42,3479.58
2025-12-10,30604.00,3423.57,929.83,4207.90
2025-12-11,34113.03,3426.31,1029.33,2798.47
2025-12-12,34851.22,3426.87,1241.75,1613.92
2025-12-13,34360.00,3426.50,1290.09,1042.43
2025-12-14,33619.00,3425.93,1125.83,752.25
2025-12-15,33917.87,3426.16,1157.42,1308.10
2025-12-16,34732.00,3426.78,1227.58,1638.04
2025-12-17,35690.00,3427.50,1723.31,2206.30
2025-12-18,35237.87,3427.16,1546.97,1319.02
2025-12-19,34812.13,3426.84,1424.72,1210.08
2025-12-20,34113.03,3426.31,1171.83,819.37
2025-12-21,33280.90,3425.67,1037.67,618.14
2025-12-22,32212.13,3424.84,1032.75,493.91
2025-12-23,31020.00,3423.90,1029.08,428.05
2025-12-24,29757.97,3422.89,1025.42,389.15
2025-12-25,28504.21,3421.87,1015.58,383.48
2025-12-26,27208.00,3420.79,1006.17,352.66
2025-12-27,25824.06,3419.62,997.58,299.84
2025-12-28,24464.00,3418.44,988.83,303.13
2025-12-29,23084.00,3417.22,977.92,282.17
2025-12-30,21751.00,3416.01,946.08,274.03
2025-12-31,20527.19,3414.87,813.15,196.15
2026-01-01,19769.90,3414.16,636.91,255.11
2026-01-02,19510.00,3413.91,497.81,366.78
2026-01-03,19477.95,3413.88,436.41,420.25
2026-01-04,19500.00,3413.90,438.07,449.19
2026-01-05,19360.00,3413.77,435.10,364.52
2026-01-06,19234.86,3413.65,434.95,371.86
2026-01-07,19010.00,3413.43,430.26,316.89
2026-01-08,18836.00,3413.26,381.66,293.93
2026-01-09,18709.85,3413.14,330.87,267.27
2026-01-10,18570.00,3413.00,321.00,250.49
2026-01-11,18430.17,3412.87,321.00,250.50
2026-01-12,18350.00,3412.79,306.21,265.79
2026-01-13,18330.00,3412.77,293.00,282.92
2026-01-14,18320.00,3412.76,282.21,277.17
2026-01-15,18340.00,3412.78,269.67,279.75
2026-01-16,18380.05,3412.82,253.86,274.06
2026-01-17,18410.12,3412.85,244.00,259.16
2026-01-18,18430.17,3412.87,243.60,253.71
2026-01-19,18430.17,3412.87,242.47,242.47
2026-01-20,18400.10,3412.84,240.65,225.48
2026-01-21,18340.00,3412.78,240.50,210.20
2026-01-22,18270.00,3412.71,240.50,205.21
2026-01-23,18229.93,3412.67,217.75,197.55
2026-01-24,18189.83,3412.63,198.50,178.28
2026-01-25,18140.00,3412.58,198.50,173.38
2026-01-26,18090.00,3412.53,198.50,173.29
2026-01-27,18040.00,3412.48,198.50,173.29
2026-01-28,18040.00,3412.48,187.19,187.19
2026-01-29,18170.02,3412.61,179.53,245.08
2026-01-30,18300.00,3412.74,180.00,245.53
2026-01-31,18439.95,3412.88,180.00,250.56
2026-02-01,18620.00,3413.05,181.88,272.65
2026-02-02,18858.00,3413.28,182.97,302.96
2026-02-03,19060.00,3413.48,195.77,297.61
2026-02-04,19100.00,3413.52,243.64,263.80
2026-02-05,19191.02,3413.61,227.59,273.49
2026-02-06,19434.11,3413.84,161.04,283.60
2026-02-07,19821.00,3414.21,152.47,347.53
2026-02-08,20329.98,3414.69,155.55,412.16
2026-02-09,20759.00,3415.09,143.80,360.10
2026-02-10,21145.00,3415.45,132.27,326.88
2026-02-11,21470.00,3415.75,132.50,296.35
2026-02-12,21762.00,3416.02,132.50,279.72
2026-02-13,22015.00,3416.25,132.50,260.05
2026-02-14,22246.00,3416.46,131.07,247.53
2026-02-15,22454.86,3416.65,130.00,235.30
2026-02-16,22642.05,3416.82,130.00,224.37
2026-02-17,22774.00,3416.94,130.05,196.58
2026-02-18,22917.00,3417.07,130.03,202.12
2026-02-19,23026.92,3417.17,130.00,185.42
2026-02-20,23120.00,3417.25,130.00,176.93
2026-02-21,23213.08,3417.33,129.97,176.90
2026-02-22,23312.00,3417.42,129.95,179.82
2026-02-23,23455.00,3417.55,130.00,202.09
2026-02-24,23553.84,3417.64,130.00,179.83
2026-02-25,23597.95,3417.68,129.97,152.21
2026-02-26,23608.97,3417.69,128.33,133.89
2026-02-27,23644.00,3417.72,127.53,145.19
2026-02-28,23656.00,3417.73,127.50,133.55
2026-03-01,23656.00,3417.73,127.50,127.50
2026-03-02,23668.00,3417.74,127.50,133.55
2026-03-03,23704.00,3417.77,128.54,146.69
2026-03-04,23817.19,3417.87,130.00,187.07
2026-03-05,23905.00,3417.95,130.00,174.27
2026-03-06,23960.00,3418.00,130.00,157.73
2026-03-07,24123.84,3418.14,130.76,213.36
2026-03-08,24343.08,3418.33,133.05,243.58
2026-03-09,24626.00,3418.58,132.73,275.37
2026-03-10,24856.00,3418.78,132.50,248.46
2026-03-11,25327.97,3419.19,132.45,370.40
2026-03-12,25895.94,3419.68,135.70,422.05
2026-03-13,26932.00,3420.56,149.74,672.08
2026-03-14,27760.00,3421.25,152.89,570.34
2026-03-15,28336.00,3421.73,144.14,434.54
2026-03-16,28873.91,3422.17,143.98,415.18
2026-03-17,29082.13,3422.34,324.67,429.64
2026-03-18,29095.16,3422.35,605.50,612.07
2026-03-19,29585.00,3422.75,616.78,863.74
2026-03-20,31373.94,3424.18,535.75,1437.67
2026-03-21,32943.00,3425.41,478.96,1270.03
2026-03-22,33151.00,3425.57,802.43,907.29
2026-03-23,32444.00,3425.02,1171.83,815.39
2026-03-24,32394.00,3424.98,1071.17,1045.96
2026-03-25,32540.00,3425.10,933.00,1006.61
2026-03-26,32528.00,3425.09,794.77,788.72
2026-03-27,32492.00,3425.06,641.86,623.72
2026-03-28,32420.00,3425.00,581.38,545.08
2026-03-29,32316.00,3424.92,526.62,474.19
2026-03-30,32263.94,3424.88,458.75,432.50
2026-03-31,32238.19,3424.86,398.85,385.87
2026-04-01,32329.00,3424.93,345.37,391.16
2026-04-02,32381.00,3424.97,329.58,355.80
2026-04-03,32329.00,3424.93,329.00,302.78
2026-04-04,32316.00,3424.92,327.62,321.07
2026-04-05,32303.00,3424.91,326.21,319.65
2026-04-06,32420.00,3425.00,326.96,385.94
2026-04-07,32480.00,3425.05,398.18,428.43
2026-04-08,32456.00,3425.03,450.00,437.90
2026-04-09,32456.00,3425.03,450.00,450.00
2026-04-10,32394.00,3424.98,450.00,418.74
2026-04-11,32368.00,3424.96,450.47,437.36
2026-04-12,32368.00,3424.96,452.19,452.19
2026-04-13,32480.00,3425.05,454.79,511.26
2026-04-14,32578.78,3425.13,456.77,506.57
2026-04-15,32604.84,3425.15,446.35,459.49
2026-04-16,32480.00,3425.05,435.00,372.06
2026-04-17,32368.00,3424.96,396.72,340.25
2026-04-18,32263.94,3424.88,368.25,315.79
2026-04-19,32160.00,3424.80,367.50,315.10
2026-04-20,32056.00,3424.72,367.50,315.07
2026-04-21,32069.00,3424.73,367.50,374.05
2026-04-22,32432.00,3425.01,361.50,544.51
2026-04-23,32761.00,3425.27,329.12,495.00
2026-04-24,33047.00,3425.49,297.00,441.19
2026-04-25,33267.87,3425.66,297.00,408.36
2026-04-26,33411.00,3425.77,297.04,369.20
2026-04-27,33515.16,3425.85,297.00,349.51
2026-04-28,33606.00,3425.92,297.37,343.17
2026-04-29,33710.00,3426.00,299.42,351.85
2026-04-30,33801.00,3426.07,323.58,369.46
2026-05-01,33827.00,3426.09,388.78,401.89
2026-05-02,33866.06,3426.12,450.26,469.96
2026-05-03,34113.03,3426.31,456.35,580.87
2026-05-04,34087.00,3426.29,654.33,641.21
2026-05-05,33878.78,3426.13,815.48,710.50
2026-05-06,33891.81,3426.14,715.88,722.45
2026-05-07,33840.00,3426.10,700.05,673.93
2026-05-08,33891.81,3426.14,540.31,566.43
2026-05-09,33956.97,3426.19,460.00,492.85
2026-05-10,33878.78,3426.13,504.94,465.51
2026-05-11,33801.00,3426.07,517.56,478.35
2026-05-12,33775.00,3426.05,468.96,455.85
2026-05-13,33853.03,3426.11,539.56,578.90
2026-05-14,33606.00,3425.92,686.56,562.02
2026-05-15,33372.00,3425.74,566.00,448.02
2026-05-16,33424.00,3425.78,346.83,373.04
2026-05-17,33553.94,3425.88,265.04,330.55
2026-05-18,33645.00,3425.95,264.82,310.73
2026-05-19,33710.00,3426.00,262.16,294.93
2026-05-20,33775.00,3426.05,261.50,294.27
2026-05-21,33801.00,3426.07,269.21,282.32
2026-05-22,33840.00,3426.10,280.17,299.83
2026-05-23,33904.84,3426.15,293.33,326.03
2026-05-24,33956.97,3426.19,305.00,331.28
2026-05-25,33983.00,3426.21,304.96,318.08
2026-05-26,33930.90,3426.17,294.92,268.65
2026-05-27,33930.90,3426.17,261.90,261.90
2026-05-28,34061.00,3426.27,280.42,346.01
2026-05-29,34035.00,3426.25,370.78,357.67
2026-05-30,33788.00,3426.06,410.47,285.94
2026-05-31,33489.10,3425.83,410.00,259.30
2026-06-01,33306.97,3425.69,325.21,233.39
2026-06-02,33293.94,3425.68,237.00,230.43
2026-06-03,33320.00,3425.70,220.48,233.63
2026-06-04,33385.00,3425.75,191.22,223.99
2026-06-05,33450.00,3425.80,177.00,209.77
2026-06-06,33502.13,3425.84,177.13,203.41
2026-06-07,33528.19,3425.86,177.00,190.14
2026-06-08,33606.00,3425.92,177.84,217.07
2026-06-09,33917.87,3426.16,218.04,375.28
2026-06-10,33956.97,3426.19,264.34,284.06
2026-06-11,33983.00,3426.21,223.95,237.07
2026-06-12,34035.00,3426.25,192.06,218.28
2026-06-13,34061.00,3426.27,192.00,205.11
2026-06-14,34074.00,3426.28,192.00,198.55
2026-06-15,34048.00,3426.26,210.68,197.57
2026-06-16,33917.87,3426.16,233.94,168.33
2026-06-17,33853.03,3426.11,223.15,190.45
2026-06-18,33840.00,3426.10,180.81,174.24
2026-06-19,33814.00,3426.08,165.03,151.92
2026-06-20,33775.00,3426.05,165.00,145.34
2026-06-21,33736.00,3426.02,165.00,145.34
2026-06-22,33684.00,3425.98,165.00,138.78
2026-06-23,33619.00,3425.93,164.66,131.89
2026-06-24,33553.94,3425.88,165.00,132.20
2026-06-25,33450.00,3425.80,163.65,111.24
2026-06-26,33346.00,3425.72,162.55,110.12
2026-06-27,33241.81,3425.64,162.50,109.97
2026-06-28,33138.00,3425.56,162.50,110.16
2026-06-29,33021.00,3425.47,162.50,103.51
2026-06-30,32891.22,3425.37,162.50,97.07
2026-07-01,32761.00,3425.27,170.78,105.13
2026-07-02,32578.78,3425.13,177.00,85.13
2026-07-03,32432.00,3425.01,177.00,103.00
2026-07-04,32251.22,3424.87,177.00,85.86
2026-07-05,32082.00,3424.74,176.66,91.34
2026-07-06,31864.00,3424.57,183.22,73.31
2026-07-07,31650.00,3424.40,195.00,87.11
2026-07-08,31424.00,3424.22,195.00,81.06
2026-07-09,31192.00,3424.04,197.30,80.33
2026-07-10,30942.13,3423.84,201.93,75.95
2026-07-11,30678.78,3423.63,199.96,67.19
2026-07-12,30416.00,3423.42,198.50,66.02
2026-07-13,30140.00,3423.20,198.50,59.35
2026-07-14,29912.00,3423.01,198.39,83.44
2026-07-15,29611.00,3422.77,197.70,45.94
2026-07-16,29412.03,3422.61,196.71,96.40
2026-07-17,29160.00,3422.40,195.00,67.94
2026-07-18,28873.91,3422.17,195.00,50.76
2026-07-19,28618.00,3421.96,194.50,65.48
2026-07-20,28360.00,3421.75,193.19,63.11
2026-07-21,28108.00,3421.54,192.00,64.95
2026-07-22,27880.15,3421.35,192.19,77.31
2026-07-23,27663.91,3421.17,192.00,82.98
2026-07-24,27364.00,3420.92,202.22,51.01
2026-07-25,27051.88,3420.66,216.00,58.64
2026-07-26,26728.98,3420.39,216.00,53.20
2026-07-27,26414.06,3420.12,222.09,63.32
2026-07-28,26076.09,3419.83,225.37,54.98
2026-07-29,25756.00,3419.56,223.15,61.77
2026-07-30,25436.00,3419.28,222.64,61.30
2026-07-31,25098.00,3418.99,219.76,49.35
2026-08-01,24748.97,3418.69,219.50,43.53
2026-08-02,24431.00,3418.41,218.22,57.91
2026-08-03,24112.81,3418.13,216.00,55.58
2026-08-04,23795.14,3417.85,216.00,55.84
2026-08-05,23477.00,3417.57,214.80,54.40
2026-08-06,23156.00,3417.28,216.29,54.45
2026-08-07,22829.00,3416.99,218.15,53.29
2026-08-08,22487.95,3416.68,216.00,44.05
2026-08-09,22168.98,3416.39,216.00,55.19
2026-08-10,21839.00,3416.09,214.58,48.21
2026-08-11,21520.00,3415.80,212.50,51.67
2026-08-12,21200.00,3415.50,212.50,51.17
2026-08-13,20910.00,3415.23,210.71,64.51
2026-08-14,20620.00,3414.96,208.38,62.17
2026-08-15,20309.93,3414.67,209.00,52.67
2026-08-16,20030.00,3414.40,206.96,65.83
2026-08-17,19730.05,3414.12,202.22,50.99
2026-08-18,19423.08,3413.83,197.33,42.57
2026-08-19,19130.00,3413.55,195.00,47.24
2026-08-20,18825.00,3413.25,203.13,49.36
2026-08-21,18526.00,3412.96,208.71,57.96
2026-08-22,18199.85,3412.64,206.74,42.31
2026-08-23,17883.08,3412.33,205.50,45.79
2026-08-24,17560.00,3412.01,203.49,40.61
2026-08-25,17270.00,3411.71,201.71,55.50
2026-08-26,16949.98,3411.39,198.94,37.59
2026-08-27,16660.00,3411.10,191.28,45.08
2026-08-28,16380.02,3410.81,185.25,44.10
2026-08-29,16098.00,3410.52,183.09,40.91
2026-08-30,15820.00,3410.23,183.00,42.84
2026-08-31,15546.00,3409.94,180.56,42.42
2026-09-01,15283.91,3409.66,180.00,47.86
2026-09-02,15040.00,3409.40,178.69,55.72
2026-09-03,14769.02,3409.11,177.16,40.54
2026-09-04,14507.07,3408.83,177.00,44.93
2026-09-05,14300.00,3408.60,177.03,72.63
2026-09-06,14066.09,3408.34,174.13,56.20
2026-09-07,13823.00,3408.07,173.69,51.13
2026-09-08,13580.00,3407.80,171.00,48.49
2026-09-09,13319.00,3407.51,170.03,38.44
2026-09-10,,,,
2026-09-11,,,,
