DateTime,cle_af,cle_fb,cle_qd,cle_qu
1990-01-01,159660.00,2172.10,81.00,372.41
1990-01-02,160034.00,2172.20,78.00,266.56
1990-01-03,160505.41,2172.30,77.00,314.67
1990-01-04,161146.00,2172.50,78.00,400.97
1990-01-05,161996.00,2172.70,79.00,507.54
1990-01-06,162812.00,2173.00,81.00,492.40
1990-01-07,165029.83,2173.60,84.00,1202.16
1990-01-08,167388.58,2174.30,96.00,1285.20
1990-01-09,171340.00,2175.50,117.00,2109.18
1990-01-10,174975.00,2176.50,118.00,1950.65
1990-01-11,177554.08,2177.30,108.00,1408.29
1990-01-12,179400.34,2177.80,104.00,1034.83
1990-01-13,179925.00,2177.90,103.00,367.51
1990-01-14,181990.00,2178.50,99.00,1140.10
1990-01-15,183120.00,2178.90,98.00,667.71
1990-01-16,184071.73,2179.10,95.00,574.83
1990-01-17,184916.00,2179.40,93.00,518.65
1990-01-18,185520.00,2179.50,90.00,394.52
1990-01-19,186300.00,2179.80,89.00,482.25
1990-01-20,186902.00,2179.90,85.00,388.51
1990-01-21,187503.47,2180.10,84.00,387.24
1990-01-22,188394.92,2180.30,83.00,532.44
1990-01-23,189212.17,2180.60,79.00,491.03
1990-01-24,189716.00,2180.70,79.00,333.01
1990-01-25,190465.00,2180.90,80.00,457.62
1990-01-26,191073.47,2181.10,77.00,383.77
1990-01-27,192072.00,2181.40,78.00,581.43
1990-01-28,193404.00,2181.70,81.00,752.55
1990-01-29,194088.00,2181.90,85.00,429.85
1990-01-30,194694.58,2182.10,84.00,389.82
1990-01-31,195194.00,2182.20,80.00,331.79
1990-02-01,195914.00,2182.40,77.00,440.00
1990-02-02,196392.17,2182.60,77.00,318.08
1990-02-03,196788.00,2182.70,78.00,277.56
1990-02-04,197220.44,2182.80,75.00,293.02
1990-02-05,197832.00,2183.00,75.00,383.33
1990-02-06,198335.64,2183.10,75.00,328.92
1990-02-07,199056.53,2183.30,74.00,437.45
1990-02-08,199348.00,2183.40,71.00,217.95
1990-02-09,200804.36,2183.80,81.00,815.25
1990-02-10,203707.45,2184.60,88.00,1551.64
1990-02-11,206924.00,2185.50,95.00,1716.68
1990-02-12,209239.56,2186.10,105.00,1272.43
1990-02-13,210936.09,2186.60,112.00,967.33
1990-02-14,212111.00,2186.90,111.00,703.35
1990-02-15,213591.27,2187.30,111.00,857.30
1990-02-16,214590.00,2187.60,108.00,611.53
1990-02-17,215404.19,2187.80,102.00,512.49
1990-02-18,216070.00,2188.00,100.00,435.68
1990-02-19,216705.72,2188.10,100.00,420.51
1990-02-20,217745.00,2188.40,100.00,623.97
1990-02-21,218300.00,2188.60,100.00,379.81
1990-02-22,218939.00,2188.70,102.00,424.16
1990-02-23,219496.00,2188.90,105.00,385.82
1990-02-24,220207.09,2189.10,108.00,466.51
1990-02-25,220806.00,2189.20,111.00,412.95
1990-02-26,221512.00,2189.40,111.00,466.94
1990-02-27,222224.55,2189.60,111.00,470.24
1990-02-28,223049.64,2189.80,114.00,529.98
1990-03-01,223692.00,2190.00,114.00,437.86
1990-03-02,224404.00,2190.20,114.00,472.97
1990-03-03,225002.91,2190.30,114.00,415.95
1990-03-04,225610.00,2190.50,114.00,420.08
1990-03-05,226284.00,2190.70,114.00,453.81
1990-03-06,227110.00,2190.90,114.00,530.44
1990-03-07,227604.00,2191.00,117.00,366.06
1990-03-08,228326.00,2191.20,117.00,481.01
1990-03-09,229759.53,2191.60,120.00,842.74
1990-03-10,230671.91,2191.80,117.00,576.99
1990-03-11,231386.00,2192.00,117.00,477.02
1990-03-12,232030.00,2192.20,117.00,441.68
1990-03-13,232600.00,2192.40,117.00,404.38
1990-03-14,233360.00,2192.60,120.00,503.17
1990-03-15,233974.00,2192.70,117.00,426.56
1990-03-16,234586.00,2192.90,120.00,428.55
1990-03-17,235194.00,2193.00,120.00,426.53
1990-03-18,235916.00,2193.20,123.00,487.01
1990-03-19,236952.00,2193.50,123.00,645.32
1990-03-20,238330.00,2193.90,123.00,817.74
1990-03-21,240022.38,2194.30,129.00,982.24
1990-03-22,241605.00,2194.70,129.00,926.91
1990-03-23,243301.91,2195.10,129.00,984.52
1990-03-24,244822.00,2195.50,132.00,898.38
1990-03-25,246100.00,2195.90,132.00,776.33
1990-03-26,247347.00,2196.20,132.00,760.70
1990-03-27,248478.00,2196.50,135.00,705.21
1990-03-28,249687.28,2196.80,135.00,744.68
1990-03-29,251061.81,2197.10,135.00,827.99
1990-03-30,252710.00,2197.60,135.00,965.96
1990-03-31,255140.00,2198.20,138.00,1363.13
1990-04-01,258180.00,2198.90,138.00,1670.67
1990-04-02,262024.00,2199.90,138.00,2076.02
1990-04-03,267320.00,2201.20,141.00,2811.07
1990-04-04,271738.91,2202.30,144.00,2371.87
1990-04-05,275441.09,2203.30,147.00,2013.52
1990-04-06,279614.41,2204.30,147.00,2251.05
1990-04-07,284130.00,2205.40,150.00,2426.61
1990-04-08,288738.00,2206.50,150.00,2473.20
1990-04-09,292584.00,2207.50,150.00,2089.03
1990-04-10,295954.41,2208.30,153.00,1852.25
1990-04-11,299212.31,2209.10,153.00,1795.53
1990-04-12,302610.00,2209.90,153.00,1866.00
1990-04-13,306392.63,2210.80,153.00,2060.07
1990-04-14,311202.00,2212.00,153.00,2577.73
1990-04-15,314646.31,2212.80,153.00,1889.51
1990-04-16,325090.00,2215.30,156.00,5421.36
1990-04-17,332575.00,2217.00,156.00,3929.69
1990-04-18,338556.00,2218.40,156.00,3171.42
1990-04-19,343623.09,2219.60,141.00,2695.66
1990-04-20,348380.00,2220.70,129.00,2527.27
1990-04-21,353156.00,2221.70,129.00,2536.90
1990-04-22,358050.00,2222.90,132.00,2599.39
1990-04-23,362920.00,2224.00,132.00,2587.29
1990-04-24,367280.00,2224.90,129.00,2327.17
1990-04-25,371660.00,2225.90,132.00,2340.25
1990-04-26,374980.00,2226.70,129.00,1802.83
1990-04-27,378310.00,2227.40,135.00,1813.88
1990-04-28,380932.00,2228.00,132.00,1453.93
1990-04-29,383156.00,2228.50,132.00,1253.27
1990-04-30,385114.00,2228.90,141.00,1128.16
1990-05-01,387030.66,2229.30,165.00,1131.31
1990-05-02,389270.56,2229.80,186.00,1315.29
1990-05-03,392352.00,2230.50,195.00,1748.56
1990-05-04,396226.69,2231.30,205.00,2158.49
1990-05-05,401362.00,2232.40,209.00,2798.05
1990-05-06,408204.00,2233.90,219.00,3668.51
1990-05-07,412455.56,2234.80,437.00,2580.50
1990-05-08,414335.00,2235.20,1040.00,1987.55
1990-05-09,415275.00,2235.40,1504.00,1977.92
1990-05-10,416074.22,2235.60,1472.00,1874.94
1990-05-11,417208.72,2235.80,1448.00,2019.98
1990-05-12,417964.00,2236.00,1456.00,1836.79
1990-05-13,418574.44,2236.10,1464.00,1771.76
1990-05-14,419045.00,2236.20,1504.00,1741.24
1990-05-15,419520.59,2236.30,1528.00,1767.78
1990-05-16,420089.00,2236.40,1528.00,1814.57
1990-05-17,420089.00,2236.40,1608.00,1608.00
1990-05-18,420136.00,2236.40,1672.00,1695.70
1990-05-19,420136.00,2236.40,1680.00,1680.00
1990-05-20,420324.00,2236.50,1680.00,1774.78
1990-05-21,421368.00,2236.70,1680.00,2206.35
1990-05-22,421556.00,2236.70,1728.00,1822.78
1990-05-23,421938.72,2236.80,1640.00,1832.95
1990-05-24,422033.75,2236.80,1608.00,1655.91
1990-05-25,421938.72,2236.80,1600.00,1552.09
1990-05-26,421603.00,2236.70,1600.00,1430.74
1990-05-27,421509.00,2236.70,1600.00,1552.61
1990-05-28,422365.00,2236.90,1608.00,2039.57
1990-05-29,424218.47,2237.30,1624.00,2558.46
1990-05-30,425600.19,2237.60,1632.00,2328.62
1990-05-31,428368.00,2238.20,1488.00,2883.44
1990-06-01,429894.00,2238.50,1488.00,2257.36
1990-06-02,430806.00,2238.70,1488.00,1947.80
1990-06-03,432677.13,2239.10,1496.00,2439.36
1990-06-04,435020.00,2239.60,1496.00,2677.20
1990-06-05,436710.00,2239.90,1608.00,2460.04
1990-06-06,437478.13,2240.10,1877.00,2264.26
1990-06-07,438488.25,2240.30,2057.00,2566.27
1990-06-08,439168.00,2240.40,2354.00,2696.71
1990-06-09,438976.00,2240.40,2840.00,2743.20
1990-06-10,438636.00,2240.30,2960.00,2788.58
1990-06-11,437861.88,2240.10,3000.00,2609.71
1990-06-12,436086.25,2239.80,3233.00,2337.79
1990-06-13,434300.00,2239.40,3020.00,2119.43
1990-06-14,434492.00,2239.40,1814.00,1910.80
1990-06-15,436278.72,2239.80,1318.00,2218.80
1990-06-16,438537.38,2240.30,1346.00,2484.74
1990-06-17,440175.00,2240.60,1712.00,2537.64
1990-06-18,439744.00,2240.50,2680.00,2462.70
1990-06-19,438976.00,2240.40,2930.00,2542.80
1990-06-20,438390.00,2240.30,2930.00,2634.56
1990-06-21,438054.00,2240.20,2930.00,2760.60
1990-06-22,438342.00,2240.20,2920.00,3065.20
1990-06-23,439168.00,2240.40,3030.00,3446.44
1990-06-24,438781.75,2240.30,3255.00,3060.27
1990-06-25,437669.41,2240.10,3232.00,2671.19
1990-06-26,436566.00,2239.90,2908.00,2351.70
1990-06-27,435411.75,2239.60,2596.00,2014.07
1990-06-28,434972.00,2239.50,2170.00,1948.29
1990-06-29,434972.00,2239.50,1934.00,1934.00
1990-06-30,434876.00,2239.50,1924.00,1875.60
1990-07-01,434780.00,2239.50,1851.00,1802.60
1990-07-02,434540.00,2239.50,1778.00,1657.00
1990-07-03,434108.00,2239.40,1768.00,1550.20
1990-07-04,433148.00,2239.20,1929.00,1445.00
1990-07-05,431573.75,2238.80,2189.00,1395.32
1990-07-06,429942.00,2238.50,2278.00,1455.33
1990-07-07,428031.28,2238.10,2484.00,1520.68
1990-07-08,425741.53,2237.60,2523.00,1368.58
1990-07-09,423314.44,2237.10,2662.00,1438.34
1990-07-10,420465.00,2236.50,2790.00,1353.41
1990-07-11,417303.75,2235.80,3039.00,1445.20
1990-07-12,413911.53,2235.10,3143.00,1432.76
1990-07-13,410302.88,2234.30,3251.00,1431.63
1990-07-14,406432.00,2233.50,3349.00,1397.43
1990-07-15,401960.00,2232.60,3480.00,1225.37
1990-07-16,396962.00,2231.50,3588.00,1068.17
1990-07-17,391707.78,2230.30,3678.00,1029.00
1990-07-18,386392.00,2229.20,3689.00,1008.96
1990-07-19,380750.00,2227.90,3759.00,914.49
1990-07-20,374799.56,2226.60,3818.00,817.99
1990-07-21,368886.44,2225.30,3768.00,786.80
1990-07-22,362830.00,2223.90,3827.00,773.54
1990-07-23,356500.00,2222.50,3861.00,669.62
1990-07-24,350344.47,2221.10,3836.00,732.58
1990-07-25,344054.00,2219.70,3798.00,626.55
1990-07-26,338165.53,2218.30,3677.00,708.23
1990-07-27,332446.00,2217.00,3530.00,646.40
1990-07-28,326926.00,2215.70,3462.00,679.00
1990-07-29,321102.63,2214.30,3571.00,635.05
1990-07-30,315108.00,2212.90,3570.00,547.71
1990-07-31,308940.00,2211.40,3535.00,425.30
1990-08-01,302984.00,2210.00,3611.00,608.18
1990-08-02,297030.00,2208.60,3631.00,629.19
1990-08-03,290700.00,2207.00,3619.00,427.62
1990-08-04,284412.00,2205.50,3585.00,414.80
1990-08-05,278280.00,2204.00,3539.00,447.45
1990-08-06,272060.00,2202.40,3505.00,369.08
1990-08-07,265890.00,2200.90,3537.00,426.29
1990-08-08,259605.48,2199.30,3557.00,388.55
1990-08-09,253373.00,2197.70,3523.00,380.79
1990-08-10,246880.00,2196.10,3478.00,204.44
1990-08-11,240480.00,2194.40,3432.00,205.33
1990-08-12,233970.00,2192.70,3398.00,115.87
1990-08-13,227530.00,2191.00,3342.00,95.16
1990-08-14,221290.00,2189.40,3307.00,161.00
1990-08-15,215220.00,2187.70,3251.00,190.71
1990-08-16,209060.00,2186.10,3217.00,111.33
1990-08-17,202940.00,2184.40,3171.00,85.50
1990-08-18,197140.00,2182.80,3126.00,201.83
1990-08-19,191360.00,2181.20,3081.00,166.92
1990-08-20,186156.00,2179.70,2900.00,276.32
1990-08-21,182490.00,2178.70,2399.00,550.72
1990-08-22,178980.00,2177.70,2361.00,591.37
1990-08-23,174700.00,2176.40,2597.00,439.17
1990-08-24,170546.00,2175.20,2377.00,282.69
1990-08-25,167115.00,2174.20,2115.00,385.20
1990-08-26,163696.00,2173.20,1961.00,237.25
1990-08-27,160738.00,2172.40,1753.00,261.67
1990-08-28,157902.00,2171.50,1648.00,218.18
1990-08-29,154718.44,2170.60,1867.00,261.95
1990-08-30,151280.00,2169.60,1974.00,240.45
1990-08-31,148013.08,2168.60,1955.00,307.93
1990-09-01,144891.69,2167.60,1927.00,353.30
1990-09-02,141528.44,2166.60,1908.00,212.36
1990-09-03,138288.44,2165.60,1889.00,255.50
1990-09-04,135044.16,2164.60,1870.00,234.34
1990-09-05,131854.16,2163.60,1842.00,233.71
1990-09-06,129260.00,2162.80,1448.00,140.11
1990-09-07,128118.00,2162.40,702.00,126.24
1990-09-08,128246.00,2162.40,243.00,307.53
1990-09-09,128341.00,2162.50,179.00,226.90
1990-09-10,128403.00,2162.50,178.00,209.26
1990-09-11,128434.00,2162.50,178.00,193.63
1990-09-12,128403.00,2162.50,178.00,162.37
1990-09-13,128465.00,2162.50,177.00,208.26
1990-09-14,128434.00,2162.50,177.00,161.37
1990-09-15,128434.00,2162.50,177.00,177.00
1990-09-16,128434.00,2162.50,176.00,176.00
1990-09-17,128465.00,2162.50,176.00,191.63
1990-09-18,128465.00,2162.50,175.00,175.00
1990-09-19,128465.00,2162.50,172.00,172.00
1990-09-20,128465.00,2162.50,172.00,172.00
1990-09-21,128465.00,2162.50,171.00,171.00
1990-09-22,128465.00,2162.50,168.00,168.00
1990-09-23,128434.00,2162.50,168.00,152.37
1990-09-24,128403.00,2162.50,167.00,151.37
1990-09-25,128341.00,2162.50,164.00,132.74
1990-09-26,128278.00,2162.40,163.00,131.24
1990-09-27,128246.00,2162.40,160.00,143.87
1990-09-28,128214.00,2162.40,160.00,143.87
1990-09-29,128182.00,2162.40,156.00,139.87
1990-09-30,128118.00,2162.40,156.00,123.73
1990-10-01,128054.00,2162.40,156.00,124.00
1990-10-02,128022.00,2162.40,153.00,136.87
1990-10-03,128779.61,2162.60,153.00,534.96
1990-10-04,130423.77,2163.10,156.00,984.93
1990-10-05,132110.00,2163.70,156.00,1006.14
1990-10-06,133571.69,2164.10,156.00,892.93
1990-10-07,134340.00,2164.40,156.00,543.36
1990-10-08,134852.00,2164.50,156.00,414.13
1990-10-09,135460.00,2164.70,156.00,462.53
1990-10-10,135620.00,2164.80,153.00,233.67
1990-10-11,135716.23,2164.80,153.00,201.52
1990-10-12,136036.00,2164.90,153.00,314.22
1990-10-13,136835.84,2165.10,153.00,556.25
1990-10-14,137934.00,2165.50,153.00,706.65
1990-10-15,139358.00,2165.90,159.00,876.93
1990-10-16,141011.00,2166.40,159.00,992.39
1990-10-17,142410.00,2166.90,159.00,864.33
1990-10-18,143880.39,2167.30,129.00,870.32
1990-10-19,145185.00,2167.70,100.00,757.74
1990-10-20,146330.00,2168.10,100.00,677.27
1990-10-21,149630.00,2169.10,111.00,1774.75
1990-10-22,153445.00,2170.20,105.00,2028.40
1990-10-23,156290.00,2171.10,102.00,1536.35
1990-10-24,158207.75,2171.60,102.00,1068.87
1990-10-25,160136.00,2172.20,102.00,1074.16
1990-10-26,162608.00,2172.90,102.00,1348.30
1990-10-27,164889.48,2173.60,102.00,1252.25
1990-10-28,167045.00,2174.20,102.00,1188.74
1990-10-29,169070.52,2174.80,102.00,1123.20
1990-10-30,171134.00,2175.40,102.00,1142.34
1990-10-31,173105.00,2176.00,100.00,1093.71
1990-11-01,174800.00,2176.50,97.00,951.56
1990-11-02,176155.00,2176.90,97.00,780.15
1990-11-03,177791.83,2177.30,97.00,922.23
1990-11-04,180135.00,2178.00,100.00,1281.35
1990-11-05,182167.39,2178.60,105.00,1129.66
1990-11-06,183930.00,2179.10,105.00,993.65
1990-11-07,185729.48,2179.60,105.00,1012.24
1990-11-08,187396.09,2180.10,105.00,945.25
1990-11-09,196209.00,2182.50,105.00,4548.18
1990-11-10,203634.19,2184.60,114.00,3857.53
1990-11-11,226882.91,2190.80,114.00,11835.24
1990-11-12,232561.91,2192.30,117.00,2980.16
1990-11-13,238178.56,2193.80,120.00,2951.73
1990-11-14,243300.00,2195.10,117.00,2699.06
1990-11-15,246880.00,2196.10,120.00,1924.92
1990-11-16,249810.00,2196.80,123.00,1600.21
1990-11-17,252310.00,2197.50,123.00,1383.42
1990-11-18,254397.00,2198.00,123.00,1175.20
1990-11-19,256250.00,2198.50,123.00,1057.22
1990-11-20,258020.00,2198.90,123.00,1015.38
1990-11-21,260000.00,2199.40,126.00,1124.25
1990-11-22,266760.00,2201.10,160.00,3568.17
1990-11-23,276333.00,2203.50,148.00,4974.39
1990-11-24,316330.00,2213.20,229.00,20394.17
1990-11-25,340110.00,2218.80,212.00,12201.09
1990-11-26,348942.31,2220.80,186.00,4638.96
1990-11-27,354344.00,2222.00,184.00,2907.35
1990-11-28,358094.00,2222.90,182.00,2072.63
1990-11-29,361319.34,2223.60,536.00,2162.11
1990-11-30,361544.88,2223.60,1397.00,1510.71
1990-12-01,360876.00,2223.50,1823.00,1485.78
1990-12-02,359325.91,2223.10,1841.00,1059.49
1990-12-03,357735.34,2222.80,1841.00,1039.09
1990-12-04,356236.00,2222.40,1832.00,1076.08
1990-12-05,354300.00,2222.00,1841.00,864.93
1990-12-06,352012.00,2221.50,1841.00,687.47
1990-12-07,349778.00,2221.00,1841.00,714.69
1990-12-08,347544.00,2220.50,1832.00,705.69
1990-12-09,345364.00,2220.00,1832.00,732.92
1990-12-10,344010.00,2219.70,1832.00,1149.36
1990-12-11,342452.41,2219.30,1823.00,1037.71
1990-12-12,340368.63,2218.80,1823.00,772.43
1990-12-13,337993.09,2218.30,1823.00,625.34
1990-12-14,336058.63,2217.80,1814.00,838.70
1990-12-15,333693.09,2217.30,1814.00,621.38
1990-12-16,331285.00,2216.70,1805.00,590.92
1990-12-17,329661.75,2216.30,1805.00,986.61
1990-12-18,329446.22,2216.30,1073.00,964.34
1990-12-19,329489.31,2216.30,720.00,741.73
1990-12-20,329403.09,2216.30,709.00,665.53
1990-12-21,329231.00,2216.20,709.00,622.24
1990-12-22,328930.00,2216.20,709.00,557.25
1990-12-23,328500.00,2216.10,704.00,487.21
1990-12-24,328164.00,2216.00,704.00,534.60
1990-12-25,327865.00,2215.90,704.00,553.25
1990-12-26,327606.91,2215.80,698.00,567.88
1990-12-27,327392.41,2215.80,630.00,521.86
1990-12-28,327263.09,2215.80,530.00,464.80
1990-12-29,326842.00,2215.70,525.00,312.70
1990-12-30,326842.00,2215.70,525.00,525.00
1990-12-31,326926.00,2215.70,520.00,562.35
1991-01-01,326713.78,2215.60,520.00,413.01
1991-01-02,326413.09,2215.60,520.00,368.40
1991-01-03,326370.00,2215.60,520.00,498.27
1991-01-04,325898.00,2215.40,520.00,282.03
1991-01-05,325562.00,2215.40,520.00,350.60
1991-01-06,325090.00,2215.30,520.00,282.03
1991-01-07,324880.00,2215.20,520.00,414.12
1991-01-08,324754.00,2215.20,520.00,456.47
1991-01-09,324454.47,2215.10,520.00,368.99
1991-01-10,324240.00,2215.10,525.00,416.87
1991-01-11,324497.59,2215.10,527.00,656.87
1991-01-12,324796.00,2215.20,529.00,679.45
1991-01-13,326756.91,2215.60,537.00,1525.62
1991-01-14,329661.75,2216.30,549.00,2013.53
1991-01-15,332747.00,2217.00,566.00,2121.48
1991-01-16,334632.00,2217.50,568.00,1518.35
1991-01-17,336058.63,2217.80,570.00,1289.26
1991-01-18,337133.09,2218.10,572.00,1113.71
1991-01-19,338036.22,2218.30,575.00,1030.33
1991-01-20,338293.78,2218.30,577.00,706.85
1991-01-21,339121.00,2218.50,579.00,996.06
1991-01-22,340196.22,2218.80,581.00,1123.09
1991-01-23,340892.00,2218.90,583.00,933.79
1991-01-24,341281.00,2219.00,585.00,781.12
1991-01-25,341281.00,2219.00,588.00,588.00
1991-01-26,341238.00,2219.00,590.00,568.32
1991-01-27,341238.00,2219.00,592.00,592.00
1991-01-28,340980.00,2219.00,594.00,463.92
1991-01-29,340716.00,2218.90,596.00,462.90
1991-01-30,340540.00,2218.90,598.00,509.27
1991-01-31,340453.78,2218.80,601.00,557.53
1991-02-01,340153.09,2218.80,603.00,451.40
1991-02-02,340110.00,2218.80,605.00,583.27
1991-02-03,340239.31,2218.80,607.00,672.20
1991-02-04,341023.00,2219.00,609.00,1004.11
1991-02-05,343011.00,2219.40,611.00,1613.28
1991-02-06,344968.00,2219.90,614.00,1600.65
1991-02-07,346322.00,2220.20,616.00,1298.64
1991-02-08,347280.00,2220.40,618.00,1100.99
1991-02-09,348159.47,2220.60,620.00,1063.40
1991-02-10,348810.00,2220.80,627.00,954.98
1991-02-11,349382.00,2220.90,619.00,907.38
1991-02-12,350258.25,2221.10,632.00,1073.78
1991-02-13,350956.00,2221.20,634.00,985.78
1991-02-14,352056.00,2221.50,641.00,1195.58
1991-02-15,353376.44,2221.80,643.00,1308.72
1991-02-16,354871.78,2222.10,645.00,1398.90
1991-02-17,356192.00,2222.40,647.00,1312.61
1991-02-18,357645.13,2222.80,650.00,1382.62
1991-02-19,363629.56,2224.10,508.00,3525.16
1991-02-20,371705.00,2225.90,170.00,4241.37
1991-02-21,376420.00,2227.00,172.00,2549.15
1991-02-22,379618.00,2227.70,173.00,1785.33
1991-02-23,382200.00,2228.30,174.00,1475.76
1991-02-24,384204.00,2228.70,176.00,1186.35
1991-02-25,385977.22,2229.10,177.00,1071.00
1991-02-26,387578.00,2229.40,178.00,985.06
1991-02-27,389086.13,2229.80,179.00,939.35
1991-02-28,390374.00,2230.00,181.00,830.30
1991-03-01,391707.78,2230.30,185.00,857.45
1991-03-02,393226.00,2230.70,186.00,951.44
1991-03-03,394744.00,2231.00,188.00,953.33
1991-03-04,396088.34,2231.30,192.00,869.77
1991-03-05,397238.00,2231.50,192.00,771.62
1991-03-06,398306.13,2231.80,192.00,730.51
1991-03-07,398996.00,2231.90,195.00,542.81
1991-03-08,399879.44,2232.10,195.00,640.40
1991-03-09,400664.22,2232.30,199.00,594.66
1991-03-10,401270.00,2232.40,199.00,504.41
1991-03-11,402007.13,2232.60,202.00,573.63
1991-03-12,402706.00,2232.70,202.00,554.35
1991-03-13,403312.88,2232.80,206.00,511.97
1991-03-14,403728.00,2232.90,206.00,415.29
1991-03-15,404243.00,2233.00,209.00,468.65
1991-03-16,404703.88,2233.10,209.00,441.36
1991-03-17,405079.00,2233.20,209.00,398.13
1991-03-18,405587.78,2233.30,213.00,469.51
1991-03-19,405915.00,2233.40,213.00,377.97
1991-03-20,406385.00,2233.50,216.00,452.96
1991-03-21,406666.13,2233.60,216.00,357.73
1991-03-22,406987.78,2233.60,220.00,382.17
1991-03-23,407409.00,2233.70,220.00,432.36
1991-03-24,407832.69,2233.80,223.00,436.61
1991-03-25,408112.00,2233.90,274.00,414.82
1991-03-26,408296.00,2233.90,300.00,392.77
1991-03-27,408434.00,2233.90,425.00,494.58
1991-03-28,407972.88,2233.80,635.00,402.52
1991-03-29,407362.00,2233.70,640.00,332.02
1991-03-30,406895.56,2233.60,653.00,417.84
1991-03-31,406385.00,2233.50,662.00,404.59
1991-04-01,406009.00,2233.40,671.00,481.43
1991-04-02,406009.00,2233.40,675.00,675.00
1991-04-03,406803.31,2233.60,690.00,1090.47
1991-04-04,408250.00,2233.90,699.00,1428.37
1991-04-05,411944.00,2234.70,714.00,2576.39
1991-04-06,414288.00,2235.20,728.00,1909.77
1991-04-07,415745.00,2235.50,732.00,1466.57
1991-04-08,416544.00,2235.70,747.00,1149.83
1991-04-09,417635.00,2235.90,767.00,1317.05
1991-04-10,417870.00,2236.00,826.00,944.48
1991-04-11,417964.00,2236.00,842.00,889.39
1991-04-12,417635.00,2235.90,1234.00,1068.13
1991-04-13,415839.00,2235.50,1728.00,822.52
1991-04-14,414100.00,2235.20,1704.00,827.25
1991-04-15,412642.88,2234.80,1696.00,961.37
1991-04-16,411149.00,2234.50,1720.00,966.84
1991-04-17,409742.00,2234.20,1720.00,1010.64
1991-04-18,408668.00,2234.00,1680.00,1138.52
1991-04-19,407832.69,2233.80,1552.00,1130.86
1991-04-20,407409.00,2233.70,1624.00,1410.39
1991-04-21,407597.13,2233.80,1616.00,1710.85
1991-04-22,408715.00,2234.00,1656.00,2219.60
1991-04-23,410115.56,2234.30,1720.00,2426.12
1991-04-24,411055.00,2234.50,1720.00,2193.63
1991-04-25,411384.22,2234.60,1712.00,1877.98
1991-04-26,411196.00,2234.50,1696.00,1601.11
1991-04-27,410585.00,2234.40,1656.00,1347.95
1991-04-28,409466.00,2234.20,1859.00,1294.84
1991-04-29,407691.34,2233.80,2093.00,1198.28
1991-04-30,406197.00,2233.50,2147.00,1393.60
1991-05-01,404149.00,2233.00,2120.00,1087.47
1991-05-02,402752.00,2232.70,2093.00,1388.68
1991-05-03,401730.00,2232.50,2039.00,1523.74
1991-05-04,400899.81,2232.30,2003.00,1584.45
1991-05-05,400432.00,2232.20,1994.00,1758.14
1991-05-06,400110.00,2232.20,2012.00,1849.66
1991-05-07,399833.31,2232.10,2039.00,1899.50
1991-05-08,399650.00,2232.10,2147.00,2054.58
1991-05-09,398812.00,2231.90,2228.00,1805.51
1991-05-10,397284.00,2231.50,2390.00,1619.63
1991-05-11,395950.00,2231.30,2500.00,1827.44
1991-05-12,394652.00,2231.00,2450.00,1795.59
1991-05-13,394146.00,2230.90,2174.00,1918.89
1991-05-14,394146.00,2230.90,1967.00,1967.00
1991-05-15,394100.00,2230.90,1967.00,1943.81
1991-05-16,395066.13,2231.10,1624.00,2111.09
1991-05-17,396226.69,2231.30,1488.00,2073.12
1991-05-18,397938.00,2231.70,1318.00,2180.79
1991-05-19,400852.69,2232.30,998.00,2467.49
1991-05-20,405358.34,2233.30,926.00,3197.60
1991-05-21,409880.00,2234.30,989.00,3268.67
1991-05-22,413958.66,2235.10,1067.00,3123.32
1991-05-23,416873.00,2235.70,1085.00,2554.32
1991-05-24,419280.00,2236.30,1033.00,2246.53
1991-05-25,421746.25,2236.80,1009.00,2252.40
1991-05-26,423361.53,2237.10,1013.00,1827.37
1991-05-27,424836.00,2237.40,1017.00,1760.38
1991-05-28,426410.00,2237.80,1077.00,1870.56
1991-05-29,428223.75,2238.10,1116.00,2030.43
1991-05-30,429703.00,2238.40,1120.00,1865.79
1991-05-31,430710.00,2238.70,1341.00,1848.70
1991-06-01,431573.75,2238.80,1511.00,1946.47
1991-06-02,433100.00,2239.20,1523.00,2292.48
1991-06-03,434348.00,2239.40,1560.00,2189.20
1991-06-04,435069.13,2239.60,1493.00,1856.57
1991-06-05,435558.00,2239.70,1393.00,1639.47
1991-06-06,436086.25,2239.80,1414.00,1680.33
1991-06-07,436854.00,2239.90,1410.00,1797.07
1991-06-08,437573.19,2240.10,1623.00,1985.59
1991-06-09,437190.00,2240.00,2313.00,2119.81
1991-06-10,437813.75,2240.10,2219.00,2533.47
1991-06-11,437334.00,2240.00,2806.00,2564.13
1991-06-12,436614.00,2239.90,2651.00,2288.00
1991-06-13,436758.00,2239.90,1646.00,1718.60
1991-06-14,437238.00,2240.00,1334.00,1576.00
1991-06-15,437526.25,2240.10,1296.00,1441.33
1991-06-16,437334.00,2240.00,1419.00,1322.07
1991-06-17,436950.00,2240.00,1456.00,1262.40
1991-06-18,436806.00,2239.90,1485.00,1412.40
1991-06-19,436421.88,2239.80,1681.00,1487.34
1991-06-20,436854.00,2239.90,1614.00,1831.86
1991-06-21,437621.28,2240.10,1706.00,2092.84
1991-06-22,437478.13,2240.10,1894.00,1821.83
1991-06-23,437094.00,2240.00,1881.00,1687.34
1991-06-24,437046.00,2240.00,1736.00,1711.80
1991-06-25,437334.00,2240.00,1647.00,1792.20
1991-06-26,437526.25,2240.10,1750.00,1846.93
1991-06-27,437621.28,2240.10,1864.00,1911.91
1991-06-28,437621.28,2240.10,1998.00,1998.00
1991-06-29,437573.19,2240.10,2105.00,2080.75
1991-06-30,437286.00,2240.00,2131.00,1986.21
1991-07-01,437094.00,2240.00,2048.00,1951.20
1991-07-02,437717.53,2240.10,2029.00,2343.36
1991-07-03,438246.00,2240.20,2298.00,2564.44
1991-07-04,437813.75,2240.10,2736.00,2518.07
1991-07-05,437813.75,2240.10,2143.00,2143.00
1991-07-06,437669.41,2240.10,2015.00,1942.23
1991-07-07,436518.00,2239.90,2248.00,1667.50
1991-07-08,435069.13,2239.60,2292.00,1561.53
1991-07-09,433436.00,2239.20,2420.00,1596.63
1991-07-10,431430.59,2238.80,2598.00,1586.94
1991-07-11,429183.75,2238.30,2757.00,1624.22
1991-07-12,426506.25,2237.80,2915.00,1565.09
1991-07-13,423598.00,2237.20,2984.00,1517.76
1991-07-14,420559.00,2236.50,3003.00,1470.84
1991-07-15,417303.75,2235.80,3021.00,1379.81
1991-07-16,413724.22,2235.10,2950.00,1145.32
1991-07-17,410021.34,2234.30,2899.00,1032.13
1991-07-18,406244.00,2233.50,2937.00,1032.59
1991-07-19,402241.53,2232.60,3036.00,1018.09
1991-07-20,398122.00,2231.70,3128.00,1051.07
1991-07-21,393732.22,2230.80,3226.00,1012.82
1991-07-22,388950.00,2229.70,3367.00,955.96
1991-07-23,384200.00,2228.70,3487.00,1092.21
1991-07-24,379030.00,2227.60,3687.00,1080.46
1991-07-25,373945.00,2226.40,3781.00,1217.31
1991-07-26,368974.66,2225.30,3768.00,1262.12
1991-07-27,363674.66,2224.10,3766.00,1093.92
1991-07-28,358138.00,2222.90,3752.00,960.60
1991-07-29,352627.69,2221.60,3739.00,960.88
1991-07-30,347192.00,2220.40,3713.00,972.51
1991-07-31,341496.22,2219.10,3699.00,827.38
1991-08-01,335757.00,2217.70,3746.00,852.48
1991-08-02,328458.00,2216.00,3780.00,100.09
1991-08-03,322755.00,2214.70,3755.00,879.74
1991-08-04,316750.00,2213.30,3753.00,725.48
1991-08-05,310780.00,2211.90,3835.00,825.12
1991-08-06,305060.00,2210.50,3822.00,938.17
1991-08-07,299794.00,2209.20,3464.00,809.06
1991-08-08,294847.00,2208.00,3430.00,935.89
1991-08-09,289476.00,2206.70,3386.00,678.12
1991-08-10,283890.00,2205.30,3363.00,546.72
1991-08-11,278320.00,2204.00,3319.00,510.79
1991-08-12,272739.00,2202.60,3274.00,460.24
1991-08-13,267400.00,2201.30,3318.00,626.25
1991-08-14,261830.00,2199.90,3317.00,508.79
1991-08-15,256250.00,2198.50,3394.00,580.75
1991-08-16,250390.00,2197.00,3415.00,460.58
1991-08-17,244780.00,2195.50,3360.00,531.62
1991-08-18,239100.00,2194.10,3315.00,451.33
1991-08-19,233060.00,2192.50,3270.00,224.83
1991-08-20,227414.00,2191.00,3259.00,412.47
1991-08-21,221812.00,2189.50,3258.00,433.66
1991-08-22,216107.00,2188.00,3214.00,337.73
1991-08-23,210530.00,2186.50,3169.00,357.26
1991-08-24,205020.00,2185.00,3114.00,336.04
1991-08-25,199533.00,2183.40,3071.00,304.64
1991-08-26,195130.00,2182.20,2542.00,322.15
1991-08-27,192650.00,2181.50,1416.00,165.67
1991-08-28,190325.00,2180.90,1415.00,242.81
1991-08-29,188255.42,2180.30,1414.00,370.59
1991-08-30,186264.00,2179.70,1429.00,424.99
1991-08-31,184215.00,2179.20,1436.00,402.96
1991-09-01,182132.17,2178.60,1451.00,400.91
1991-09-02,180905.00,2178.20,957.00,338.30
1991-09-03,180240.00,2178.00,651.00,315.73
1991-09-04,177485.00,2177.20,1778.00,389.02
1991-09-05,174800.00,2176.50,1749.00,395.31
1991-09-06,172100.00,2175.70,1699.00,337.75
1991-09-07,169244.00,2174.90,1656.00,216.10
1991-09-08,166697.75,2174.10,1447.00,163.26
1991-09-09,165168.00,2173.70,865.00,93.75
1991-09-10,165134.00,2173.70,168.00,150.86
1991-09-11,165134.00,2173.70,178.00,178.00
1991-09-12,165060.00,2173.60,194.00,156.69
1991-09-13,164960.00,2173.60,184.00,133.58
1991-09-14,164920.00,2173.60,185.00,164.83
1991-09-15,164889.48,2173.60,189.00,173.62
1991-09-16,164854.41,2173.60,190.00,172.31
1991-09-17,164750.00,2173.60,194.00,141.36
1991-09-18,164614.00,2173.50,196.00,127.43
1991-09-19,164410.00,2173.50,201.00,98.15
1991-09-20,164172.00,2173.40,227.00,107.01
1991-09-21,163968.58,2173.30,241.00,138.44
1991-09-22,163764.08,2173.30,241.00,137.90
1991-09-23,163594.00,2173.20,242.00,156.25
1991-09-24,163360.00,2173.10,242.00,124.02
1991-09-25,163120.00,2173.10,242.00,121.00
1991-09-26,162880.00,2173.00,243.00,122.00
1991-09-27,162640.00,2172.90,243.00,122.00
1991-09-28,162370.00,2172.90,240.00,103.87
1991-09-29,162132.25,2172.80,240.00,120.13
1991-09-30,161900.00,2172.70,240.00,122.91
1991-10-01,161724.00,2172.70,237.00,149.00
1991-10-02,161451.42,2172.60,227.00,89.58
1991-10-03,161180.00,2172.50,234.00,97.16
1991-10-04,160908.00,2172.40,234.00,96.87
1991-10-05,160636.92,2172.30,235.00,98.33
1991-10-06,160340.00,2172.30,235.00,85.30
1991-10-07,160068.00,2172.20,225.00,87.87
1991-10-08,159761.42,2172.10,215.00,60.43
1991-10-09,159524.00,2172.00,215.00,95.30
1991-10-10,159286.00,2171.90,215.00,95.01
1991-10-11,158980.00,2171.90,216.00,61.72
1991-10-12,158674.08,2171.80,213.00,58.76
1991-10-13,158409.00,2171.70,213.00,79.36
1991-10-14,158207.75,2171.60,213.00,111.54
1991-10-15,157936.00,2171.50,213.00,75.99
1991-10-16,157597.00,2171.40,210.00,39.09
1991-10-17,157333.00,2171.40,211.00,77.90
1991-10-18,157130.42,2171.30,211.00,108.87
1991-10-19,156927.00,2171.20,208.00,105.44
1991-10-20,156663.00,2171.20,212.00,78.90
1991-10-21,156391.42,2171.10,208.00,71.08
1991-10-22,156257.00,2171.00,168.00,100.23
1991-10-23,156257.00,2171.00,102.00,102.00
1991-10-24,156391.42,2171.10,100.00,167.77
1991-10-25,156696.00,2171.20,100.00,253.56
1991-10-26,156762.00,2171.20,98.00,131.28
1991-10-27,156762.00,2171.20,98.00,98.00
1991-10-28,156828.00,2171.20,98.00,131.28
1991-10-29,156861.00,2171.20,98.00,114.64
1991-10-30,156828.00,2171.20,98.00,81.36
1991-10-31,156994.08,2171.30,96.00,179.73
1991-11-01,156994.08,2171.30,96.00,96.00
1991-11-02,156960.00,2171.30,103.00,85.82
1991-11-03,156894.00,2171.20,118.00,84.72
1991-11-04,157062.25,2171.30,115.00,199.83
1991-11-05,157630.00,2171.50,118.00,404.24
1991-11-06,158607.00,2171.70,116.00,608.57
1991-11-07,159354.00,2172.00,116.00,492.61
1991-11-08,160000.00,2172.20,116.00,441.69
1991-11-09,160704.00,2172.40,113.00,467.93
1991-11-10,161384.08,2172.60,113.00,455.87
1991-11-11,162335.92,2172.80,116.00,595.89
1991-11-12,164648.00,2173.50,116.00,1281.67
1991-11-13,167115.00,2174.20,116.00,1359.78
1991-11-14,168690.00,2174.70,113.00,907.06
1991-11-15,169725.00,2175.00,117.00,638.81
1991-11-16,170685.25,2175.30,117.00,601.13
1991-11-17,171585.00,2175.50,114.00,567.62
1991-11-18,172240.00,2175.70,111.00,441.23
1991-11-19,173384.08,2176.10,114.00,690.81
1991-11-20,174628.00,2176.40,120.00,747.14
1991-11-21,175535.00,2176.70,114.00,571.28
1991-11-22,176190.00,2176.90,114.00,444.23
1991-11-23,176785.00,2177.00,115.00,414.98
1991-11-24,177520.00,2177.30,115.00,485.56
1991-11-25,178980.00,2177.70,127.00,863.08
1991-11-26,180275.00,2178.00,121.00,773.90
1991-11-27,181360.00,2178.40,118.00,665.02
1991-11-28,182347.83,2178.60,124.00,622.03
1991-11-29,183084.92,2178.80,124.00,495.62
1991-11-30,183892.17,2179.10,124.00,530.99
1991-12-01,184600.17,2179.30,121.00,477.95
1991-12-02,185415.00,2179.50,122.00,532.81
1991-12-03,186192.00,2179.70,125.00,516.74
1991-12-04,186974.00,2179.90,125.00,519.26
1991-12-05,189035.00,2180.50,128.00,1167.09
1991-12-06,193656.53,2181.80,134.00,2464.02
1991-12-07,196824.00,2182.70,137.00,1733.93
1991-12-08,199786.00,2183.50,143.00,1636.34
1991-12-09,202544.19,2184.30,143.00,1533.59
1991-12-10,204804.00,2184.90,146.00,1285.32
1991-12-11,207294.19,2185.60,129.00,1384.47
1991-12-12,210122.91,2186.30,129.00,1555.15
1991-12-13,211962.91,2186.80,123.00,1050.67
1991-12-14,213554.19,2187.30,120.00,922.27
1991-12-15,215478.36,2187.80,117.00,1087.10
1991-12-16,216255.00,2188.00,117.00,508.56
1991-12-17,217485.81,2188.30,114.00,734.53
1991-12-18,218338.09,2188.60,111.00,540.69
1991-12-19,219272.55,2188.80,108.00,579.12
1991-12-20,219837.00,2189.00,108.00,392.58
1991-12-21,220540.00,2189.20,108.00,462.43
1991-12-22,221142.55,2189.30,105.00,408.78
1991-12-23,221698.00,2189.50,111.00,391.04
1991-12-24,222187.45,2189.60,114.00,360.77
1991-12-25,222562.00,2189.70,115.00,303.83
1991-12-26,222827.09,2189.80,115.00,248.65
1991-12-27,223274.00,2189.90,112.00,337.32
1991-12-28,223806.00,2190.00,112.00,380.22
1991-12-29,224178.73,2190.10,112.00,299.92
1991-12-30,224594.00,2190.20,112.00,321.36
1991-12-31,224892.55,2190.30,112.00,262.52
1992-01-01,225192.00,2190.40,112.00,262.97
1992-01-02,225648.00,2190.50,109.00,338.90
1992-01-03,225837.09,2190.60,112.00,207.33
1992-01-04,226132.91,2190.60,109.00,258.14
1992-01-05,226474.00,2190.70,112.00,283.97
1992-01-06,226661.27,2190.80,109.00,203.41
1992-01-07,226735.45,2190.80,109.00,146.40
1992-01-08,227110.00,2190.90,109.00,297.83
1992-01-09,227414.00,2191.00,109.00,262.27
1992-01-10,227718.09,2191.10,109.00,262.31
1992-01-11,227983.81,2191.10,109.00,242.97
1992-01-12,228021.91,2191.10,109.00,128.21
1992-01-13,228326.00,2191.20,110.00,263.31
1992-01-14,228551.27,2191.30,110.00,223.57
1992-01-15,228699.64,2191.30,110.00,184.81
1992-01-16,229076.00,2191.40,110.00,299.75
1992-01-17,229304.00,2191.50,110.00,224.95
1992-01-18,229683.34,2191.60,113.00,304.25
1992-01-19,229988.00,2191.70,113.00,266.60
1992-01-20,230254.00,2191.70,113.00,247.11
1992-01-21,230520.47,2191.80,107.00,241.34
1992-01-22,230976.00,2191.90,102.00,331.66
1992-01-23,232448.56,2192.30,107.00,849.42
1992-01-24,235802.00,2193.20,113.00,1803.69
1992-01-25,238866.00,2194.00,113.00,1657.77
1992-01-26,241214.52,2194.60,116.00,1300.04
1992-01-27,243535.00,2195.20,119.00,1288.91
1992-01-28,246450.00,2196.00,122.00,1591.65
1992-01-29,250077.00,2196.90,134.00,1962.61
1992-01-30,253256.00,2197.70,137.00,1739.75
1992-01-31,256367.00,2198.50,138.00,1706.46
1992-02-01,259290.00,2199.20,135.00,1608.68
1992-02-02,261709.80,2199.80,135.00,1354.98
1992-02-03,263770.00,2200.40,129.00,1167.69
1992-02-04,265490.28,2200.80,120.00,987.31
1992-02-05,266881.81,2201.10,117.00,818.56
1992-02-06,268283.00,2201.50,117.00,823.43
1992-02-07,269530.41,2201.80,117.00,745.90
1992-02-08,270690.00,2202.10,114.00,698.63
1992-02-09,271575.50,2202.30,114.00,560.44
1992-02-10,272540.00,2202.50,114.00,600.27
1992-02-11,273390.00,2202.80,105.00,533.54
1992-02-12,274231.00,2203.00,105.00,529.00
1992-02-13,274919.81,2203.10,108.00,455.28
1992-02-14,275687.69,2203.30,108.00,495.14
1992-02-15,276579.00,2203.50,108.00,557.37
1992-02-16,277260.00,2203.70,108.00,451.34
1992-02-17,278117.00,2203.90,111.00,543.07
1992-02-18,278926.69,2204.10,111.00,519.22
1992-02-19,279818.91,2204.30,112.00,561.83
1992-02-20,280547.00,2204.50,112.00,479.08
1992-02-21,281521.09,2204.80,112.00,603.11
1992-02-22,282380.00,2205.00,112.00,545.03
1992-02-23,283479.00,2205.20,112.00,666.08
1992-02-24,285273.00,2205.70,112.00,1016.48
1992-02-25,287107.81,2206.10,112.00,1037.05
1992-02-26,288290.00,2206.40,115.00,711.02
1992-02-27,289435.00,2206.70,115.00,692.27
1992-02-28,291074.50,2207.10,115.00,941.58
1992-02-29,292460.00,2207.40,115.00,813.52
1992-03-01,293945.50,2207.80,115.00,863.94
1992-03-02,295338.91,2208.10,115.00,817.51
1992-03-03,296200.00,2208.40,115.00,549.14
1992-03-04,298386.00,2208.90,115.00,1217.11
1992-03-05,300125.50,2209.30,115.00,992.00
1992-03-06,301570.00,2209.70,115.00,843.27
1992-03-07,303025.00,2210.00,115.00,848.56
1992-03-08,304437.91,2210.30,116.00,828.34
1992-03-09,305771.00,2210.70,116.00,788.10
1992-03-10,307148.00,2211.00,116.00,810.24
1992-03-11,308937.00,2211.40,119.00,1020.95
1992-03-12,310614.72,2211.80,119.00,964.85
1992-03-13,312462.09,2212.30,119.00,1050.39
1992-03-14,314855.78,2212.80,119.00,1325.82
1992-03-15,318099.50,2213.60,119.00,1754.38
1992-03-16,321910.00,2214.50,119.00,2040.13
1992-03-17,325391.75,2215.30,119.00,1874.38
1992-03-18,328037.00,2215.90,122.00,1455.65
1992-03-19,330514.00,2216.50,122.00,1370.82
1992-03-20,332833.09,2217.10,122.00,1291.21
1992-03-21,334810.00,2217.50,122.00,1118.69
1992-03-22,336574.00,2217.90,122.00,1011.35
1992-03-23,338424.00,2218.40,122.00,1054.71
1992-03-24,340239.31,2218.80,122.00,1037.22
1992-03-25,342623.78,2219.30,122.00,1324.17
1992-03-26,344622.41,2219.80,122.00,1129.64
1992-03-27,346802.41,2220.30,123.00,1222.08
1992-03-28,348942.31,2220.80,123.00,1201.87
1992-03-29,350868.00,2221.20,123.00,1093.87
1992-03-30,352627.69,2221.60,123.00,1010.18
1992-03-31,354388.00,2222.00,123.00,1010.49
1992-04-01,356412.00,2222.50,123.00,1143.43
1992-04-02,359193.56,2223.10,126.00,1528.37
1992-04-03,362875.00,2223.90,126.00,1982.06
1992-04-04,366255.00,2224.70,126.00,1830.08
1992-04-05,368886.44,2225.30,126.00,1452.68
1992-04-06,370896.00,2225.70,206.00,1219.16
1992-04-07,371795.00,2225.90,577.00,1030.25
1992-04-08,372334.09,2226.10,618.00,889.79
1992-04-09,373630.00,2226.40,619.00,1272.35
1992-04-10,373945.00,2226.40,640.00,798.81
1992-04-11,374080.00,2226.50,651.00,719.06
1992-04-12,374080.00,2226.50,637.00,637.00
1992-04-13,374170.00,2226.50,613.00,658.38
1992-04-14,374260.00,2226.50,619.00,664.38
1992-04-15,374440.00,2226.50,655.00,745.75
1992-04-16,375880.00,2226.90,641.00,1367.00
1992-04-17,380299.78,2227.80,706.00,2934.31
1992-04-18,384296.00,2228.70,598.00,2612.76
1992-04-19,387119.78,2229.30,544.00,1967.66
1992-04-20,389132.22,2229.80,540.00,1554.60
1992-04-21,390700.00,2230.10,531.00,1321.42
1992-04-22,392120.00,2230.40,522.00,1237.92
1992-04-23,392860.00,2230.60,762.00,1135.08
1992-04-24,393000.00,2230.60,901.00,971.58
1992-04-25,393040.00,2230.60,914.00,934.17
1992-04-26,393180.00,2230.70,903.00,973.58
1992-04-27,394330.00,2230.90,922.00,1501.79
1992-04-28,396780.00,2231.40,948.00,2183.21
1992-04-29,400570.00,2232.30,985.00,2895.79
1992-04-30,404844.00,2233.20,842.00,2996.81
1992-05-01,407879.81,2233.80,760.00,2290.56
1992-05-02,410726.00,2234.40,788.00,2222.95
1992-05-03,412831.00,2234.90,784.00,1845.27
1992-05-04,415228.00,2235.40,801.00,2009.49
1992-05-05,418810.00,2236.20,808.00,2613.93
1992-05-06,423032.00,2237.00,885.00,3013.59
1992-05-07,427219.00,2237.90,892.00,3002.95
1992-05-08,430710.00,2238.70,918.00,2678.05
1992-05-09,432817.31,2239.10,943.00,2005.44
1992-05-10,433963.75,2239.30,1164.00,1742.00
1992-05-11,433628.13,2239.30,1648.00,1478.79
1992-05-12,432390.00,2239.00,1967.00,1342.78
1992-05-13,430134.00,2238.50,2309.00,1171.60
1992-05-14,427078.00,2237.90,2600.00,1059.27
1992-05-15,424077.13,2237.30,2720.00,1207.06
1992-05-16,421227.00,2236.70,2720.00,1283.06
1992-05-17,418387.13,2236.10,2780.00,1348.23
1992-05-18,415604.00,2235.50,2840.00,1436.84
1992-05-19,413160.00,2235.00,2850.00,1617.82
1992-05-20,410444.00,2234.40,2800.00,1430.68
1992-05-21,407597.13,2233.80,2810.00,1374.70
1992-05-22,404196.00,2233.00,2820.00,1105.27
1992-05-23,400852.69,2232.30,2810.00,1124.41
1992-05-24,397938.00,2231.70,2760.00,1290.51
1992-05-25,395621.00,2231.20,2660.00,1491.85
1992-05-26,394053.88,2230.80,2580.00,1789.91
1992-05-27,392352.00,2230.50,2540.00,1681.97
1992-05-28,390006.00,2230.00,2710.00,1527.22
1992-05-29,387302.00,2229.40,2800.00,1436.73
1992-05-30,385435.00,2229.00,2750.00,1808.72
1992-05-31,381930.00,2228.20,2690.00,922.89
1992-06-01,379030.00,2227.60,2700.00,1237.92
1992-06-02,376100.00,2226.90,2610.00,1132.79
1992-06-03,373000.00,2226.20,2660.00,1097.08
1992-06-04,369060.00,2225.30,2880.00,893.58
1992-06-05,365050.00,2224.40,2930.00,908.29
1992-06-06,360520.00,2223.40,3134.00,850.12
1992-06-07,355930.00,2222.40,3189.00,874.87
1992-06-08,351350.00,2221.30,3134.00,824.92
1992-06-09,346890.00,2220.30,3112.00,863.42
1992-06-10,342230.00,2219.20,3145.00,795.58
1992-06-11,337480.00,2218.10,3156.00,761.21
1992-06-12,332960.00,2217.10,3134.00,855.17
1992-06-13,329100.00,2216.20,2970.00,1023.92
1992-06-14,324840.00,2215.20,3030.00,882.25
1992-06-15,320380.00,2214.10,3040.00,791.42
1992-06-16,316030.00,2213.10,2900.00,706.87
1992-06-17,311910.00,2212.10,2820.00,742.83
1992-06-18,307810.00,2211.20,2840.00,772.92
1992-06-19,303360.00,2210.10,2970.00,726.46
1992-06-20,298840.00,2209.00,3050.00,771.17
1992-06-21,294220.00,2207.90,3112.00,782.75
1992-06-22,289400.00,2206.70,3200.00,769.92
1992-06-23,284460.00,2205.50,3222.00,731.42
1992-06-24,279370.00,2204.20,3321.00,754.79
1992-06-25,274110.00,2202.90,3365.00,713.08
1992-06-26,268490.00,2201.50,3398.00,564.58
1992-06-27,263060.00,2200.20,3398.00,660.37
1992-06-28,257670.00,2198.80,3376.00,658.54
1992-06-29,252510.00,2197.50,3211.00,609.50
1992-06-30,247740.00,2196.30,3090.00,685.12
1992-07-01,242530.00,2194.90,3090.00,463.29
1992-07-02,237260.00,2193.60,3112.00,455.04
1992-07-03,232450.00,2192.30,2910.00,484.96
1992-07-04,227830.00,2191.10,2760.00,430.75
1992-07-05,223390.00,2189.90,2730.00,491.50
1992-07-06,218900.00,2188.70,2710.00,446.29
1992-07-07,214550.00,2187.50,2680.00,486.87
1992-07-08,210160.00,2186.40,2660.00,446.71
1992-07-09,205760.00,2185.20,2630.00,411.67
1992-07-10,201310.00,2183.90,2620.00,376.46
1992-07-11,197040.00,2182.80,2590.00,437.21
1992-07-12,192790.00,2181.60,2480.00,337.29
1992-07-13,188570.00,2180.40,2400.00,272.42
1992-07-14,184490.00,2179.20,2372.00,315.00
1992-07-15,180560.00,2178.10,2354.00,372.62
1992-07-16,176580.00,2177.00,2336.00,329.42
1992-07-17,172690.00,2175.90,2309.00,347.79
1992-07-18,168690.00,2174.70,2291.00,274.33
1992-07-19,164790.00,2173.60,2273.00,306.75
1992-07-20,160840.00,2172.40,2246.00,254.54
1992-07-21,156960.00,2171.30,2219.00,262.83
1992-07-22,153210.00,2170.10,2201.00,310.37
1992-07-23,149690.00,2169.10,2030.00,255.33
1992-07-24,146760.00,2168.20,1752.00,274.79
1992-07-25,143750.00,2167.30,1841.00,323.46
1992-07-26,140330.00,2166.20,1949.00,224.75
1992-07-27,136740.00,2165.10,2084.00,274.04
1992-07-28,132810.00,2163.90,2228.00,246.62
1992-07-29,128660.00,2162.60,2354.00,261.71
1992-07-30,124040.00,2161.10,2580.00,250.75
1992-07-31,119140.00,2159.50,2690.00,219.58
1992-08-01,114270.00,2157.90,2640.00,184.71
1992-08-02,109500.00,2156.30,2580.00,175.12
1992-08-03,104840.00,2154.80,2530.00,180.58
1992-08-04,100230.00,2153.20,2470.00,145.79
1992-08-05,95740.00,2151.60,2420.00,156.29
1992-08-06,91450.00,2150.10,2363.00,200.12
1992-08-07,87250.00,2148.60,2318.00,200.50
1992-08-08,83260.00,2147.20,2264.00,252.37
1992-08-09,79310.00,2145.70,2210.00,218.54
1992-08-10,75500.00,2144.30,2156.00,235.12
1992-08-11,71800.00,2142.90,2102.00,236.58
1992-08-12,68160.00,2141.50,2048.00,212.83
1992-08-13,64700.00,2140.20,1976.00,231.58
1992-08-14,61140.00,2138.80,1913.00,118.17
1992-08-15,57840.00,2137.40,1850.00,186.25
1992-08-16,54600.00,2136.10,1787.00,153.50
1992-08-17,51530.00,2134.80,1728.00,180.21
1992-08-18,48590.00,2133.50,1664.00,181.75
1992-08-19,45770.00,2132.20,1600.00,178.25
1992-08-20,43080.00,2130.90,1536.00,179.79
1992-08-21,40540.00,2129.80,1472.00,191.42
1992-08-22,38130.00,2128.60,1400.00,184.96
1992-08-23,35810.00,2127.50,1325.00,155.33
1992-08-24,33610.00,2126.50,1262.00,152.83
1992-08-25,31590.00,2125.50,1192.00,173.58
1992-08-26,29630.00,2124.60,1122.00,133.83
1992-08-27,27810.00,2123.70,1052.00,134.42
1992-08-28,26090.00,2122.90,974.00,106.83
1992-08-29,24480.00,2122.10,895.00,83.29
1992-08-30,23050.00,2121.40,828.00,107.04
1992-08-31,21780.00,2120.80,739.00,98.71
1992-09-01,20620.00,2120.20,637.00,52.17
1992-09-02,19640.00,2119.70,571.00,76.92
1992-09-03,18850.00,2119.40,530.00,131.71
1992-09-04,18060.00,2119.00,488.00,89.71
1992-09-05,17410.00,2118.60,456.00,128.29
1992-09-06,16900.00,2118.40,428.00,170.87
1992-09-07,16480.00,2118.20,400.00,188.25
1992-09-08,16130.00,2118.00,381.00,204.54
1992-09-09,15970.00,2117.90,301.00,220.33
1992-09-10,16250.00,2118.10,177.00,318.17
1992-09-11,16330.00,2118.10,177.00,217.33
1992-09-12,16370.00,2118.10,173.00,193.17
1992-09-13,16420.00,2118.20,173.00,198.21
1992-09-14,16420.00,2118.20,172.00,172.00
1992-09-15,16420.00,2118.20,172.00,172.00
1992-09-16,16420.00,2118.20,171.00,171.00
1992-09-17,16420.00,2118.20,168.00,168.00
1992-09-18,16350.00,2118.10,167.00,131.71
1992-09-19,16350.00,2118.10,179.00,179.00
1992-09-20,16070.00,2118.00,185.00,43.83
1992-09-21,15970.00,2117.90,178.00,127.58
1992-09-22,15930.00,2117.90,160.00,139.83
1992-09-23,16030.00,2118.00,159.00,209.42
1992-09-24,16640.00,2118.30,165.00,472.54
1992-09-25,17690.00,2118.80,167.00,696.38
1992-09-26,18990.00,2119.40,173.00,828.42
1992-09-27,20310.00,2120.10,178.00,843.50
1992-09-28,21230.00,2120.50,184.00,647.83
1992-09-29,21640.00,2120.70,183.00,389.71
1992-09-30,21860.00,2120.80,186.00,296.92
1992-10-01,22110.00,2121.00,171.00,297.00
1992-10-02,22210.00,2121.00,158.00,208.42
1992-10-03,22372.64,2121.10,158.00,240.00
1992-10-04,22498.95,2121.10,157.00,220.68
1992-10-05,22600.00,2121.20,157.00,207.95
1992-10-06,22640.00,2121.20,156.00,176.17
1992-10-07,22720.00,2121.30,155.00,195.33
1992-10-08,22740.00,2121.30,155.00,165.08
1992-10-09,22760.00,2121.30,154.00,164.08
1992-10-10,22780.00,2121.30,154.00,164.08
1992-10-11,22800.00,2121.30,153.00,163.08
1992-10-12,22820.00,2121.30,152.00,162.08
1992-10-13,22840.00,2121.30,152.00,162.08
1992-10-14,22860.00,2121.30,151.00,161.08
1992-10-15,22880.00,2121.30,145.00,155.08
1992-10-16,22920.00,2121.40,105.00,125.17
1992-10-17,22960.00,2121.40,105.00,125.17
1992-10-18,23010.00,2121.40,105.00,130.21
1992-10-19,23050.00,2121.40,105.00,125.17
1992-10-20,23090.00,2121.40,105.00,125.17
1992-10-21,23310.00,2121.50,105.00,215.92
1992-10-22,23540.00,2121.70,108.00,223.96
1992-10-23,23887.36,2121.80,108.00,283.13
1992-10-24,24118.00,2121.90,108.00,224.28
1992-10-25,24381.05,2122.10,108.00,240.62
1992-10-26,24506.85,2122.10,108.00,171.42
1992-10-27,24670.00,2122.20,111.00,193.26
1992-10-28,24791.05,2122.30,111.00,172.03
1992-10-29,24958.95,2122.30,110.00,194.65
1992-10-30,25085.00,2122.40,110.00,173.55
1992-10-31,25330.00,2122.50,110.00,233.52
1992-11-01,25760.00,2122.70,110.00,326.79
1992-11-02,26178.00,2122.90,110.00,320.74
1992-11-03,26545.79,2123.10,110.00,295.43
1992-11-04,26966.31,2123.30,113.00,325.01
1992-11-05,27355.00,2123.50,113.00,308.97
1992-11-06,27733.00,2123.70,113.00,303.58
1992-11-07,28731.00,2124.20,116.00,619.16
1992-11-08,30401.00,2125.00,113.00,954.96
1992-11-09,31680.10,2125.60,104.00,748.88
1992-11-10,32732.10,2126.10,107.00,637.39
1992-11-11,33802.64,2126.60,107.00,646.73
1992-11-12,34624.00,2127.00,110.00,524.10
1992-11-13,35387.90,2127.30,110.00,495.13
1992-11-14,36082.00,2127.70,110.00,459.94
1992-11-15,36468.95,2127.80,113.00,308.09
1992-11-16,37319.00,2128.20,113.00,541.57
1992-11-17,37958.00,2128.50,113.00,435.16
1992-11-18,38575.89,2128.80,113.00,424.52
1992-11-19,39215.89,2129.10,116.00,438.67
1992-11-20,39834.00,2129.40,116.00,427.63
1992-11-21,40645.26,2129.80,116.00,525.01
1992-11-22,41377.95,2130.10,118.00,487.40
1992-11-23,41893.00,2130.40,118.00,377.67
1992-11-24,42385.79,2130.60,118.00,366.45
1992-11-25,42795.26,2130.80,118.00,324.44
1992-11-26,43141.00,2131.00,118.00,292.31
1992-11-27,43505.89,2131.10,121.00,304.97
1992-11-28,43875.26,2131.30,121.00,307.22
1992-11-29,44156.00,2131.40,121.00,262.54
1992-11-30,44724.00,2131.70,112.00,398.37
1992-12-01,45092.00,2131.90,101.00,286.53
1992-12-02,45400.00,2132.00,101.00,256.28
1992-12-03,45677.90,2132.10,101.00,241.11
1992-12-04,45940.00,2132.30,101.00,233.14
1992-12-05,46182.00,2132.40,103.00,225.01
1992-12-06,46446.00,2132.50,103.00,236.10
1992-12-07,46731.79,2132.60,103.00,247.08
1992-12-08,47040.00,2132.80,103.00,258.39
1992-12-09,47304.00,2132.90,103.00,236.10
1992-12-10,47746.11,2133.10,103.00,325.90
1992-12-11,47996.00,2133.20,103.00,228.98
1992-12-12,48238.21,2133.30,103.00,225.12
1992-12-13,48480.00,2133.40,103.00,224.90
1992-12-14,48885.63,2133.60,103.00,307.50
1992-12-15,49128.00,2133.70,103.00,225.20
1992-12-16,49443.89,2133.80,105.00,264.26
1992-12-17,49894.00,2134.00,105.00,331.93
1992-12-18,50183.00,2134.20,105.00,250.70
1992-12-19,50482.23,2134.30,105.00,255.86
1992-12-20,51001.00,2134.50,105.00,366.55
1992-12-21,51438.00,2134.70,105.00,325.32
1992-12-22,51898.00,2134.90,105.00,336.92
1992-12-23,52334.72,2135.10,108.00,328.18
1992-12-24,52863.89,2135.30,108.00,374.79
1992-12-25,53332.00,2135.50,108.00,344.01
1992-12-26,53754.00,2135.70,108.00,320.76
1992-12-27,54176.00,2135.90,111.00,323.76
1992-12-28,55477.00,2136.40,111.00,766.92
1992-12-29,55859.71,2136.60,111.00,303.95
1992-12-30,56172.00,2136.70,111.00,268.45
1992-12-31,56508.00,2136.90,111.00,280.40
1993-01-01,56724.00,2137.00,111.00,219.90
1993-01-02,56916.00,2137.00,111.00,207.80
1993-01-03,57238.00,2137.20,114.00,276.34
1993-01-04,57526.23,2137.30,114.00,259.32
1993-01-05,57718.00,2137.40,114.00,210.68
1993-01-06,57838.00,2137.40,114.00,174.50
1993-01-07,57985.00,2137.50,114.00,188.11
1993-01-08,58184.06,2137.60,114.00,214.36
1993-01-09,58400.00,2137.70,113.00,221.87
1993-01-10,58575.00,2137.70,113.00,201.23
1993-01-11,58698.12,2137.80,113.00,175.07
1993-01-12,58940.00,2137.90,113.00,234.95
1993-01-13,59040.00,2137.90,113.00,163.42
1993-01-14,59140.00,2138.00,113.00,163.42
1993-01-15,59236.00,2138.00,113.00,161.40
1993-01-16,59356.00,2138.00,113.00,173.50
1993-01-17,59454.57,2138.10,113.00,162.70
1993-01-18,59529.75,2138.10,113.00,150.91
1993-01-19,59680.00,2138.20,113.00,188.75
1993-01-20,59855.00,2138.20,113.00,201.23
1993-01-21,60000.29,2138.30,113.00,186.25
1993-01-22,60095.94,2138.30,113.00,161.22
1993-01-23,60220.00,2138.40,113.00,175.55
1993-01-24,60470.00,2138.50,113.00,239.04
1993-01-25,61720.00,2139.00,116.00,746.21
1993-01-26,64215.00,2140.00,116.00,1373.90
1993-01-27,66665.00,2140.90,110.00,1345.21
1993-01-28,68675.00,2141.70,107.00,1120.38
1993-01-29,70128.19,2142.30,107.00,839.65
1993-01-30,71386.06,2142.80,110.00,744.18
1993-01-31,72488.00,2143.20,110.00,665.56
1993-02-01,73356.00,2143.50,110.00,547.62
1993-02-02,74172.45,2143.80,112.00,523.62
1993-02-03,74914.67,2144.10,112.00,486.21
1993-02-04,75634.00,2144.40,112.00,474.66
1993-02-05,76197.55,2144.60,112.00,396.13
1993-02-06,76785.33,2144.80,112.00,408.34
1993-02-07,77369.00,2145.00,112.00,406.27
1993-02-08,77801.00,2145.20,115.00,332.80
1993-02-09,78314.00,2145.40,115.00,373.64
1993-02-10,78746.00,2145.50,115.00,332.80
1993-02-11,79178.00,2145.70,115.00,332.80
1993-02-12,79555.87,2145.80,115.00,305.51
1993-02-13,79934.00,2146.00,115.00,305.64
1993-02-14,80257.60,2146.10,115.00,278.15
1993-02-15,80636.00,2146.20,115.00,305.78
1993-02-16,80886.48,2146.30,115.00,241.28
1993-02-17,81132.00,2146.40,115.00,238.78
1993-02-18,81429.00,2146.50,115.00,264.74
1993-02-19,81725.87,2146.60,115.00,264.67
1993-02-20,82060.00,2146.80,115.00,283.46
1993-02-21,82302.94,2146.80,115.00,237.48
1993-02-22,82573.00,2146.90,106.00,242.16
1993-02-23,82824.00,2147.00,103.00,229.55
1993-02-24,83041.73,2147.10,103.00,212.77
1993-02-25,83262.00,2147.20,103.00,214.05
1993-02-26,83484.13,2147.30,103.00,214.99
1993-02-27,83672.94,2147.30,103.00,198.19
1993-02-28,83840.00,2147.40,103.00,187.23
1993-03-01,84007.00,2147.50,103.00,187.20
1993-03-02,84196.00,2147.50,103.00,198.29
1993-03-03,84445.80,2147.60,103.00,228.94
1993-03-04,84837.06,2147.80,103.00,300.26
1993-03-05,85136.00,2147.90,103.00,253.71
1993-03-06,85556.00,2148.00,103.00,314.75
1993-03-07,85855.87,2148.10,103.00,254.18
1993-03-08,86441.93,2148.30,103.00,398.47
1993-03-09,86966.00,2148.50,103.00,367.22
1993-03-10,87496.00,2148.70,103.00,370.21
1993-03-11,88140.00,2149.00,102.00,426.68
1993-03-12,88728.00,2149.20,102.00,398.45
1993-03-13,89316.00,2149.40,105.00,401.45
1993-03-14,90071.93,2149.60,105.00,486.11
1993-03-15,91303.52,2150.10,105.00,725.93
1993-03-16,92434.00,2150.50,108.00,677.95
1993-03-17,93480.00,2150.90,108.00,635.36
1993-03-18,94480.00,2151.20,108.00,612.17
1993-03-19,95393.00,2151.50,108.00,568.30
1993-03-20,96310.93,2151.80,108.00,570.79
1993-03-21,97287.00,2152.20,111.00,603.10
1993-03-22,98494.65,2152.60,111.00,719.86
1993-03-23,101369.56,2153.60,110.00,1559.44
1993-03-24,104510.00,2154.70,113.00,1696.30
1993-03-25,107030.00,2155.50,113.00,1383.50
1993-03-26,109085.00,2156.20,113.00,1149.06
1993-03-27,110850.30,2156.80,116.00,1006.00
1993-03-28,112450.52,2157.30,116.00,922.78
1993-03-29,113960.52,2157.80,116.00,877.29
1993-03-30,115363.23,2158.30,116.00,823.20
1993-03-31,116676.00,2158.70,116.00,777.86
1993-04-01,118061.00,2159.20,119.00,817.27
1993-04-02,119538.92,2159.60,119.00,864.12
1993-04-03,121368.00,2160.20,119.00,1041.16
1993-04-04,123104.30,2160.80,116.00,991.39
1993-04-05,124984.00,2161.40,107.00,1054.68
1993-04-06,126327.53,2161.80,107.00,784.36
1993-04-07,128372.00,2162.50,107.00,1137.75
1993-04-08,130076.00,2163.00,107.00,966.10
1993-04-09,132110.00,2163.70,107.00,1132.48
1993-04-10,134116.23,2164.30,110.00,1121.48
1993-04-11,135972.00,2164.90,110.00,1045.62
1993-04-12,137614.00,2165.40,110.00,937.84
1993-04-13,139226.00,2165.90,110.00,922.72
1993-04-14,140652.47,2166.30,110.00,829.18
1993-04-15,142113.08,2166.80,113.00,849.39
1993-04-16,143489.00,2167.20,112.00,805.69
1993-04-17,145086.00,2167.70,112.00,917.15
1993-04-18,146825.00,2168.20,112.00,988.75
1993-04-19,148574.00,2168.70,104.00,985.79
1993-04-20,151719.00,2169.70,99.00,1684.61
1993-04-21,153511.00,2170.20,99.00,1002.47
1993-04-22,155356.16,2170.80,99.00,1029.27
1993-04-23,157366.00,2171.40,101.00,1114.30
1993-04-24,159456.00,2172.00,101.00,1154.71
1993-04-25,161894.00,2172.70,101.00,1330.16
1993-04-26,164478.00,2173.50,101.00,1403.77
1993-04-27,167184.08,2174.30,101.00,1465.32
1993-04-28,169482.00,2174.90,101.00,1259.54
1993-04-29,171995.00,2175.70,103.00,1369.97
1993-04-30,175535.00,2176.70,103.00,1887.75
1993-05-01,179120.00,2177.70,101.00,1908.44
1993-05-02,182770.00,2178.80,106.00,1946.21
1993-05-03,186048.00,2179.70,106.00,1758.66
1993-05-04,189105.00,2180.50,103.00,1644.24
1993-05-05,192072.00,2181.40,101.00,1596.86
1993-05-06,195987.00,2182.50,101.00,2074.81
1993-05-07,200037.39,2183.60,103.00,2145.07
1993-05-08,203597.09,2184.60,103.00,1897.68
1993-05-09,206598.00,2185.40,103.00,1615.96
1993-05-10,209827.09,2186.30,103.00,1731.00
1993-05-11,215848.00,2187.90,103.00,3138.54
1993-05-12,226360.00,2190.70,105.00,5404.80
1993-05-13,238406.00,2193.90,105.00,6178.20
1993-05-14,247857.00,2196.30,108.00,4872.88
1993-05-15,255771.81,2198.30,108.00,4098.39
1993-05-16,262860.00,2200.10,111.00,3684.63
1993-05-17,269330.00,2201.70,111.00,3372.96
1993-05-18,276538.00,2203.50,111.00,3745.04
1993-05-19,283970.00,2205.40,105.00,3851.97
1993-05-20,291197.81,2207.10,105.00,3749.02
1993-05-21,297357.81,2208.60,105.00,3210.67
1993-05-22,302400.00,2209.90,105.00,2647.10
1993-05-23,306392.63,2210.80,293.00,2305.95
1993-05-24,310404.22,2211.80,585.00,2607.51
1993-05-25,313847.38,2212.60,797.00,2532.93
1993-05-26,315908.00,2213.10,1059.00,2097.90
1993-05-27,317804.00,2213.50,1227.00,2182.90
1993-05-28,319916.00,2214.00,1023.00,2087.80
1993-05-29,322798.00,2214.70,796.00,2249.01
1993-05-30,324964.00,2215.20,741.00,1833.03
1993-05-31,327263.09,2215.80,746.00,1905.13
1993-06-01,330854.47,2216.60,624.00,2434.65
1993-06-02,333650.00,2217.30,539.00,1948.41
1993-06-03,336015.53,2217.80,538.00,1730.62
1993-06-04,337821.00,2218.20,696.00,1606.26
1993-06-05,339766.00,2218.70,648.00,1628.60
1993-06-06,341710.69,2219.10,548.00,1528.45
1993-06-07,343316.00,2219.50,718.00,1527.35
1993-06-08,344362.00,2219.70,1084.00,1611.36
1993-06-09,344793.78,2219.80,1244.00,1461.69
1993-06-10,345100.00,2219.90,1300.00,1454.39
1993-06-11,344836.91,2219.80,1443.00,1310.36
1993-06-12,344098.00,2219.70,1635.00,1262.47
1993-06-13,342666.91,2219.30,1817.00,1095.49
1993-06-14,340760.00,2218.90,2024.00,1062.60
1993-06-15,338732.00,2218.40,2140.00,1117.55
1993-06-16,336703.00,2218.00,2131.00,1108.05
1993-06-17,334676.00,2217.50,2203.00,1181.05
1993-06-18,332360.00,2217.00,2329.00,1161.35
1993-06-19,329746.91,2216.30,2421.00,1103.56
1993-06-20,326842.00,2215.70,2461.00,996.44
1993-06-21,323347.91,2214.80,2611.00,849.39
1993-06-22,319916.00,2214.00,2720.00,989.75
1993-06-23,316788.41,2213.30,2680.00,1103.17
1993-06-24,313344.00,2212.50,2580.00,843.44
1993-06-25,309780.00,2211.60,2689.00,892.15
1993-06-26,305435.28,2210.60,2759.00,568.54
1993-06-27,301446.69,2209.60,2769.00,758.08
1993-06-28,297604.00,2208.70,2748.00,810.64
1993-06-29,293200.00,2207.60,2738.00,517.65
1993-06-30,288620.00,2206.50,2728.00,418.92
1993-07-01,283970.00,2205.40,2807.00,462.62
1993-07-02,279410.00,2204.20,2847.00,548.00
1993-07-03,274759.41,2203.10,2867.00,522.32
1993-07-04,270290.00,2202.00,2866.00,612.67
1993-07-05,265650.69,2200.80,2846.00,507.01
1993-07-06,260990.00,2199.70,2906.00,556.24
1993-07-07,256170.00,2198.40,2965.00,534.92
1993-07-08,251296.00,2197.20,2975.00,517.69
1993-07-09,246294.00,2195.90,2944.00,422.16
1993-07-10,241450.00,2194.70,3004.00,561.82
1993-07-11,236260.00,2193.30,3014.00,397.37
1993-07-12,231160.00,2192.00,2993.00,421.75
1993-07-13,226210.00,2190.70,2973.00,477.37
1993-07-14,221100.00,2189.30,2943.00,366.71
1993-07-15,216000.00,2187.90,2912.00,340.75
1993-07-16,211150.00,2186.60,2882.00,436.79
1993-07-17,206230.00,2185.30,2862.00,381.50
1993-07-18,201420.00,2184.00,2831.00,405.96
1993-07-19,196640.00,2182.60,2751.00,341.08
1993-07-20,192040.00,2181.40,2691.00,371.83
1993-07-21,187610.00,2180.10,2600.00,366.54
1993-07-22,183400.00,2178.90,2580.00,457.46
1993-07-23,178810.00,2177.60,2631.00,316.87
1993-07-24,174319.83,2176.30,2692.00,428.20
1993-07-25,169830.00,2175.00,2712.00,448.38
1993-07-26,165338.00,2173.70,2633.00,368.28
1993-07-27,160874.00,2172.40,2624.00,373.40
1993-07-28,156320.00,2171.10,2675.00,379.02
1993-07-29,151818.00,2169.70,2646.00,376.24
1993-07-30,147518.00,2168.40,2607.00,439.08
1993-07-31,143158.44,2167.10,2577.00,379.05
1993-08-01,138584.00,2165.70,2668.00,361.72
1993-08-02,133956.00,2164.20,2689.00,355.72
1993-08-03,129228.00,2162.70,2680.00,296.30
1993-08-04,124540.00,2161.30,2681.00,317.47
1993-08-05,119973.23,2159.80,2631.00,328.58
1993-08-06,115332.15,2158.30,2582.00,242.12
1993-08-07,110790.15,2156.80,2533.00,243.07
1993-08-08,106347.21,2155.30,2474.00,234.02
1993-08-09,102014.42,2153.80,2425.00,240.55
1993-08-10,97686.48,2152.30,2368.00,185.99
1993-08-11,93509.00,2150.90,2324.00,217.85
1993-08-12,89456.00,2149.40,2270.00,226.61
1993-08-13,85500.00,2148.00,2217.00,222.52
1993-08-14,81564.13,2146.60,2164.00,179.67
1993-08-15,77828.00,2145.20,2111.00,227.37
1993-08-16,74040.00,2143.80,2057.00,147.22
1993-08-17,70518.00,2142.40,2004.00,228.32
1993-08-18,67000.00,2141.10,1942.00,168.34
1993-08-19,63560.00,2139.70,1889.00,154.67
1993-08-20,60270.00,2138.40,1826.00,167.29
1993-08-21,57110.00,2137.10,1748.00,154.83
1993-08-22,54010.00,2135.80,1700.00,137.08
1993-08-23,51100.00,2134.60,1637.00,169.87
1993-08-24,48280.00,2133.30,1582.00,160.25
1993-08-25,45610.00,2132.10,1518.00,171.87
1993-08-26,43010.00,2130.90,1455.00,144.17
1993-08-27,40450.00,2129.70,1392.00,101.33
1993-08-28,38060.00,2128.60,1332.00,127.04
1993-08-29,35790.00,2127.50,1270.00,125.54
1993-08-30,33660.00,2126.50,1207.00,133.12
1993-08-31,31660.00,2125.60,1145.00,136.67
1993-09-01,29710.00,2124.60,1075.00,91.87
1993-09-02,27880.00,2123.80,1013.00,90.37
1993-09-03,26180.00,2122.90,941.00,83.92
1993-09-04,24650.00,2122.20,876.00,104.62
1993-09-05,23170.00,2121.50,812.00,65.83
1993-09-06,21820.00,2120.80,752.00,71.37
1993-09-07,20680.00,2120.30,644.00,69.25
1993-09-08,19760.00,2119.80,585.00,121.17
1993-09-09,19030.00,2119.40,530.00,161.96
1993-09-10,18870.00,2119.40,227.00,146.33
1993-09-11,18740.00,2119.30,206.00,140.46
1993-09-12,18580.00,2119.20,206.00,125.33
1993-09-13,18440.00,2119.20,206.00,135.42
1993-09-14,18300.00,2119.10,202.00,131.42
1993-09-15,18180.00,2119.00,202.00,141.50
1993-09-16,17930.00,2118.90,202.00,75.96
1993-09-17,17730.00,2118.80,199.00,98.17
1993-09-18,17490.00,2118.70,195.00,74.00
1993-09-19,17240.00,2118.60,192.00,65.96
1993-09-20,17040.00,2118.50,192.00,91.17
1993-09-21,16820.00,2118.40,189.00,78.08
1993-09-22,16640.00,2118.30,189.00,98.25
1993-09-23,16480.00,2118.20,186.00,105.33
1993-09-24,16270.00,2118.10,186.00,80.12
1993-09-25,16070.00,2118.00,180.00,79.17
1993-09-26,15870.00,2117.90,180.00,79.17
1993-09-27,15610.00,2117.80,180.00,48.92
1993-09-28,15380.00,2117.60,186.00,70.04
1993-09-29,15140.00,2117.50,186.00,65.00
1993-09-30,14860.00,2117.40,180.00,38.83
1993-10-01,14660.00,2117.30,183.00,83.00
1993-10-02,14440.00,2117.20,183.00,72.08
1993-10-03,14230.00,2117.10,186.00,80.12
1993-10-04,13990.00,2117.00,186.00,65.00
1993-10-05,13670.00,2116.80,186.00,24.67
1993-10-06,13470.00,2116.70,186.00,85.17
1993-10-07,13270.00,2116.60,186.00,85.17
1993-10-08,13060.00,2116.50,186.00,80.12
1993-10-09,12840.00,2116.40,186.00,75.08
1993-10-10,12600.00,2116.30,189.00,68.00
1993-10-11,12380.00,2116.20,192.00,81.08
1993-10-12,12160.00,2116.00,186.00,75.08
1993-10-13,11960.00,2115.90,183.00,82.17
1993-10-14,11780.00,2115.90,177.00,86.25
1993-10-15,11620.00,2115.80,171.00,90.33
1993-10-16,11440.00,2115.70,165.00,74.25
1993-10-17,11260.00,2115.60,129.00,38.25
1993-10-18,11170.00,2115.60,98.00,52.62
1993-10-19,11280.00,2115.60,98.00,153.46
1993-10-20,11360.00,2115.60,98.00,138.33
1993-10-21,11360.00,2115.60,100.00,100.00
1993-10-22,11300.00,2115.60,100.00,69.75
1993-10-23,11220.00,2115.60,100.00,59.67
1993-10-24,11150.00,2115.50,100.00,64.71
1993-10-25,11320.00,2115.60,103.00,188.71
1993-10-26,11560.00,2115.70,103.00,224.00
1993-10-27,11800.00,2115.90,105.00,226.00
1993-10-28,11900.00,2115.90,105.00,155.42
1993-10-29,11900.00,2115.90,105.00,105.00
1993-10-30,11920.00,2115.90,108.00,118.08
1993-10-31,11920.00,2115.90,108.00,108.00
1993-11-01,11920.00,2115.90,108.00,108.00
1993-11-02,12140.00,2116.00,114.00,224.92
1993-11-03,12360.00,2116.10,117.00,227.92
1993-11-04,12760.00,2116.30,117.00,318.67
1993-11-05,13040.00,2116.50,117.00,258.17
1993-11-06,13160.00,2116.50,117.00,177.50
1993-11-07,13240.00,2116.60,120.00,160.33
1993-11-08,13347.90,2116.60,111.00,165.40
1993-11-09,13368.95,2116.60,111.00,121.61
1993-11-10,13390.00,2116.70,108.00,118.61
1993-11-11,13430.00,2116.70,111.00,131.17
1993-11-12,13470.00,2116.70,108.00,128.17
1993-11-13,13430.00,2116.70,108.00,87.83
1993-11-14,13410.00,2116.70,108.00,97.92
1993-11-15,13347.90,2116.60,108.00,76.69
1993-11-16,13347.90,2116.60,108.00,108.00
1993-11-17,13410.00,2116.70,108.00,139.31
1993-11-18,13490.00,2116.70,108.00,148.33
1993-11-19,13510.00,2116.70,108.00,118.08
1993-11-20,13450.00,2116.70,108.00,77.75
1993-11-21,13590.00,2116.80,111.00,181.58
1993-11-22,13710.29,2116.80,111.00,171.65
1993-11-23,13749.90,2116.80,112.00,131.97
1993-11-24,13749.90,2116.80,112.00,112.00
1993-11-25,13650.15,2116.80,112.00,61.71
1993-11-26,13610.05,2116.80,109.00,88.78
1993-11-27,13590.00,2116.80,110.00,99.89
1993-11-28,13590.00,2116.80,110.00,110.00
1993-11-29,13550.00,2116.70,110.00,89.83
1993-11-30,13710.29,2116.80,110.00,190.81
1993-12-01,14030.00,2117.00,114.00,275.19
1993-12-02,14349.90,2117.10,114.00,275.28
1993-12-03,14495.00,2117.20,117.00,190.15
1993-12-04,14900.00,2117.40,120.00,324.19
1993-12-05,15140.00,2117.50,121.00,242.00
1993-12-06,15379.95,2117.60,109.00,229.98
1993-12-07,15589.00,2117.70,112.00,217.40
1993-12-08,15830.00,2117.90,115.00,236.50
1993-12-09,16110.00,2118.00,116.00,257.17
1993-12-10,16460.00,2118.20,128.00,304.46
1993-12-11,16640.05,2118.30,128.00,218.77
1993-12-12,17160.00,2118.50,131.00,393.14
1993-12-13,17408.95,2118.60,131.00,256.51
1993-12-14,17670.10,2118.80,132.00,263.66
1993-12-15,17851.00,2118.90,138.00,229.20
1993-12-16,18040.00,2119.00,138.00,233.29
1993-12-17,18160.00,2119.00,135.00,195.50
1993-12-18,18260.05,2119.10,136.00,186.44
1993-12-19,18319.71,2119.10,136.00,166.08
1993-12-20,18399.90,2119.10,118.00,158.43
1993-12-21,18540.00,2119.20,106.00,176.63
1993-12-22,18661.05,2119.30,107.00,168.03
1993-12-23,18703.15,2119.30,102.00,123.23
1993-12-24,18787.36,2119.30,102.00,144.45
1993-12-25,18890.00,2119.40,104.00,155.75
1993-12-26,18970.00,2119.40,105.00,145.33
1993-12-27,19030.00,2119.40,105.00,135.25
1993-12-28,19090.00,2119.50,105.00,135.25
1993-12-29,19150.00,2119.50,105.00,135.25
1993-12-30,19230.00,2119.50,106.00,146.33
1993-12-31,19438.95,2119.60,112.00,217.35
1994-01-01,19700.10,2119.80,112.00,243.66
1994-01-02,20130.00,2120.00,112.00,328.74
1994-01-03,20349.71,2120.10,115.00,225.77
1994-01-04,20720.10,2120.30,116.00,302.74
1994-01-05,21248.00,2120.50,113.00,379.15
1994-01-06,21658.00,2120.70,110.00,316.71
1994-01-07,22047.00,2120.90,110.00,306.12
1994-01-08,22414.74,2121.10,114.00,299.40
1994-01-09,22800.20,2121.30,114.00,308.33
1994-01-10,23130.00,2121.50,114.00,280.28
1994-01-11,23600.00,2121.70,117.00,353.96
1994-01-12,24076.00,2121.90,118.00,357.98
1994-01-13,24610.00,2122.20,121.00,390.23
1994-01-14,25169.00,2122.40,115.00,396.83
1994-01-15,25884.21,2122.80,112.00,472.58
1994-01-16,26630.00,2123.20,113.00,489.01
1994-01-17,27397.00,2123.50,122.00,508.70
1994-01-18,28020.34,2123.80,122.00,436.27
1994-01-19,28604.74,2124.10,122.00,416.64
1994-01-20,29141.00,2124.40,123.00,393.36
1994-01-21,29686.85,2124.60,123.00,398.20
1994-01-22,30170.00,2124.90,126.00,369.59
1994-01-23,30694.74,2125.10,126.00,390.56
1994-01-24,31360.00,2125.40,127.00,462.40
1994-01-25,31950.00,2125.70,127.00,424.46
1994-01-26,32627.00,2126.00,127.00,468.32
1994-01-27,33257.36,2126.30,127.00,444.81
1994-01-28,33698.00,2126.50,115.00,337.16
1994-01-29,34286.31,2126.80,107.00,403.61
1994-01-30,34821.05,2127.10,110.00,379.60
1994-01-31,35262.10,2127.30,110.00,332.36
1994-02-01,35745.00,2127.50,110.00,353.46
1994-02-02,36104.00,2127.70,111.00,292.00
1994-02-03,36447.90,2127.80,108.00,281.38
1994-02-04,36805.00,2128.00,108.00,288.04
1994-02-05,37151.00,2128.20,114.00,288.44
1994-02-06,37424.21,2128.30,115.00,252.74
1994-02-07,37718.00,2128.40,115.00,263.12
1994-02-08,37914.00,2128.50,115.00,213.82
1994-02-09,38337.00,2128.70,115.00,328.26
1994-02-10,38597.95,2128.80,116.00,247.56
1994-02-11,38830.00,2129.00,119.00,235.99
1994-02-12,39040.00,2129.10,119.00,224.88
1994-02-13,39323.00,2129.20,119.00,261.68
1994-02-14,39491.05,2129.30,120.00,204.73
1994-02-15,39812.00,2129.40,111.00,272.81
1994-02-16,40110.00,2129.60,108.00,258.24
1994-02-17,40408.00,2129.70,107.00,257.24
1994-02-18,40666.31,2129.80,107.00,237.23
1994-02-19,40882.00,2129.90,106.00,214.74
1994-02-20,41159.00,2130.00,106.00,245.65
1994-02-21,41421.00,2130.20,105.00,237.09
1994-02-22,41764.38,2130.30,105.00,278.12
1994-02-23,42343.69,2130.60,107.00,399.07
1994-02-24,42602.00,2130.70,107.00,237.23
1994-02-25,42837.36,2130.80,106.00,224.66
1994-02-26,43141.00,2131.00,105.00,258.09
1994-02-27,43417.68,2131.10,105.00,244.49
1994-02-28,43875.26,2131.30,104.00,334.70
1994-03-01,44420.00,2131.60,101.00,375.64
1994-03-02,45114.00,2131.90,98.00,447.89
1994-03-03,46402.00,2132.50,98.00,747.37
1994-03-04,48436.00,2133.40,98.00,1123.48
1994-03-05,50390.00,2134.30,102.00,1087.14
1994-03-06,52013.00,2135.00,102.00,920.26
1994-03-07,53448.61,2135.60,96.00,819.78
1994-03-08,54645.65,2136.10,93.00,696.51
1994-03-09,56700.00,2137.00,95.00,1130.74
1994-03-10,57766.00,2137.40,95.00,632.44
1994-03-11,58746.23,2137.80,94.00,588.20
1994-03-12,59655.00,2138.20,96.00,554.17
1994-03-13,60694.57,2138.60,96.00,620.12
1994-03-14,61870.00,2139.10,98.00,690.61
1994-03-15,63455.00,2139.70,97.00,896.10
1994-03-16,65285.00,2140.40,99.00,1021.63
1994-03-17,67157.88,2141.10,96.00,1040.24
1994-03-18,69114.00,2141.90,93.00,1079.21
1994-03-19,70732.00,2142.50,93.00,908.74
1994-03-20,72253.62,2143.10,95.00,862.15
1994-03-21,73514.13,2143.60,95.00,730.51
1994-03-22,74702.00,2144.00,95.00,693.88
1994-03-23,75688.00,2144.40,95.00,592.11
1994-03-24,76650.00,2144.80,95.00,580.01
1994-03-25,77423.00,2145.00,95.00,484.72
1994-03-26,78232.94,2145.30,95.00,503.34
1994-03-27,79124.00,2145.70,95.00,544.24
1994-03-28,80392.94,2146.10,95.00,734.76
1994-03-29,81976.00,2146.70,95.00,893.13
1994-03-30,83952.00,2147.40,97.00,1093.23
1994-03-31,86386.48,2148.30,97.00,1324.38
1994-04-01,89064.20,2149.30,100.00,1450.02
1994-04-02,92070.00,2150.40,102.00,1617.42
1994-04-03,95134.00,2151.40,105.00,1649.77
1994-04-04,97741.93,2152.30,105.00,1419.83
1994-04-05,100206.00,2153.20,108.00,1350.30
1994-04-06,102420.00,2154.00,108.00,1224.23
1994-04-07,104363.72,2154.60,108.00,1087.96
1994-04-08,106230.00,2155.20,111.00,1051.92
1994-04-09,107950.52,2155.80,111.00,978.43
1994-04-10,109650.00,2156.40,111.00,967.82
1994-04-11,111450.00,2157.00,120.00,1027.50
1994-04-12,113294.62,2157.60,123.00,1052.99
1994-04-13,115332.15,2158.30,120.00,1147.26
1994-04-14,117140.00,2158.90,123.00,1034.46
1994-04-15,119043.00,2159.50,123.00,1082.43
1994-04-16,120748.00,2160.00,123.00,982.60
1994-04-17,123514.00,2160.90,126.00,1520.53
1994-04-18,126895.00,2162.00,111.00,1815.59
1994-04-19,135460.00,2164.70,100.00,4418.19
1994-04-20,142443.00,2166.90,102.00,3622.60
1994-04-21,149201.00,2168.90,105.00,3512.16
1994-04-22,155018.00,2170.70,105.00,3037.74
1994-04-23,159897.75,2172.10,108.00,2568.21
1994-04-24,163866.33,2173.30,108.00,2108.83
1994-04-25,167524.00,2174.40,111.00,1955.08
1994-04-26,170859.83,2175.30,111.00,1792.81
1994-04-27,174005.00,2176.20,111.00,1696.69
1994-04-28,177415.00,2177.20,114.00,1833.21
1994-04-29,180695.00,2178.20,114.00,1767.67
1994-04-30,184000.00,2179.10,114.00,1780.27
1994-05-01,187290.00,2180.00,114.00,1772.71
1994-05-02,190112.61,2180.80,117.00,1540.07
1994-05-03,192612.00,2181.50,162.00,1422.11
1994-05-04,194870.00,2182.20,359.00,1497.41
1994-05-05,197148.27,2182.80,592.00,1740.63
1994-05-06,198840.00,2183.30,1131.00,1983.92
1994-05-07,202182.00,2184.20,986.00,2670.93
1994-05-08,207590.00,2185.70,713.00,3439.53
1994-05-09,213812.91,2187.30,300.00,3437.38
1994-05-10,219572.00,2188.90,133.00,3036.54
1994-05-11,225078.00,2190.40,132.00,2907.94
1994-05-12,230444.28,2191.80,134.00,2839.50
1994-05-13,235042.00,2193.00,137.00,2455.02
1994-05-14,238444.00,2193.90,224.00,1939.18
1994-05-15,241490.00,2194.70,348.00,1883.69
1994-05-16,244510.00,2195.50,351.00,1873.58
1994-05-17,247230.00,2196.20,387.00,1758.33
1994-05-18,249960.00,2196.90,566.00,1942.38
1994-05-19,252193.00,2197.40,580.00,1705.80
1994-05-20,254942.72,2198.10,363.00,1749.32
1994-05-21,258100.00,2198.90,264.00,1855.80
1994-05-22,260911.81,2199.60,263.00,1680.62
1994-05-23,263660.00,2200.30,262.00,1647.55
1994-05-24,266881.81,2201.10,461.00,2085.33
1994-05-25,269689.81,2201.80,719.00,2134.70
1994-05-26,272300.00,2202.50,680.00,1995.97
1994-05-27,274759.41,2203.10,562.00,1801.95
1994-05-28,275930.00,2203.40,727.00,1317.17
1994-05-29,276819.50,2203.60,908.00,1356.46
1994-05-30,277461.09,2203.80,979.00,1302.47
1994-05-31,277543.31,2203.80,1113.00,1154.45
1994-06-01,277300.00,2203.70,1216.00,1093.33
1994-06-02,277220.00,2203.70,1264.00,1223.67
1994-06-03,276660.09,2203.60,1284.00,1001.71
1994-06-04,276415.00,2203.50,1359.00,1235.43
1994-06-05,275523.31,2203.30,1694.00,1244.44
1994-06-06,274640.09,2203.10,1360.00,914.71
1994-06-07,274190.00,2203.00,1285.00,1058.08
1994-06-08,273510.28,2202.80,1312.00,969.31
1994-06-09,272580.00,2202.60,1407.00,937.98
1994-06-10,271616.59,2202.30,1510.00,1024.28
1994-06-11,270650.19,2202.10,1540.00,1052.77
1994-06-12,269810.00,2201.90,1539.00,1115.41
1994-06-13,269330.00,2201.70,1465.00,1223.00
1994-06-14,269330.00,2201.70,1360.00,1360.00
1994-06-15,268689.31,2201.60,1366.00,1042.99
1994-06-16,267360.00,2201.30,1588.00,917.80
1994-06-17,265490.28,2200.80,1763.00,820.35
1994-06-18,263850.00,2200.40,1833.00,1006.02
1994-06-19,262380.00,2200.00,1728.00,986.87
1994-06-20,261030.00,2199.70,1598.00,917.37
1994-06-21,259644.58,2199.30,1637.00,938.52
1994-06-22,258060.00,2198.90,1899.00,1100.11
1994-06-23,256289.00,2198.50,1915.00,1022.12
1994-06-24,254786.33,2198.10,1814.00,1056.40
1994-06-25,252788.19,2197.60,1961.00,953.60
1994-06-26,250510.00,2197.00,2027.00,878.41
1994-06-27,248439.00,2196.50,2030.00,985.87
1994-06-28,245981.81,2195.80,2079.00,840.17
1994-06-29,243073.34,2195.10,2181.00,714.65
1994-06-30,240173.81,2194.30,2301.00,839.15
1994-07-01,236952.00,2193.50,2376.00,751.67
1994-07-02,233974.00,2192.70,2352.00,850.59
1994-07-03,231052.00,2191.90,2310.00,836.82
1994-07-04,227907.63,2191.10,2350.00,764.71
1994-07-05,225040.00,2190.40,2263.00,817.24
1994-07-06,222114.19,2189.60,2176.00,700.90
1994-07-07,219050.00,2188.80,2224.00,679.14
1994-07-08,215959.00,2187.90,2290.00,731.62
1994-07-09,212666.00,2187.00,2356.00,695.78
1994-07-10,208980.00,2186.00,2446.00,587.64
1994-07-11,205170.00,2185.00,2490.00,569.12
1994-07-12,201050.00,2183.90,2573.00,495.83
1994-07-13,196870.00,2182.70,2667.00,559.58
1994-07-14,192320.00,2181.40,2750.00,456.04
1994-07-15,187970.00,2180.20,2750.00,556.87
1994-07-16,183650.00,2179.00,2730.00,552.00
1994-07-17,179400.00,2177.80,2700.00,557.29
1994-07-18,174980.00,2176.50,2670.00,441.58
1994-07-19,170750.00,2175.30,2640.00,507.37
1994-07-20,166530.00,2174.10,2620.00,492.42
1994-07-21,162240.00,2172.80,2610.00,447.12
1994-07-22,157870.00,2171.50,2650.00,446.79
1994-07-23,153450.00,2170.20,2610.00,381.58
1994-07-24,149200.00,2168.90,2580.00,437.29
1994-07-25,144830.00,2167.60,2520.00,316.79
1994-07-26,140750.00,2166.30,2460.00,403.00
1994-07-27,136650.00,2165.10,2470.00,402.92
1994-07-28,132110.00,2163.70,2540.00,251.08
1994-07-29,127620.00,2162.20,2550.00,286.29
1994-07-30,123010.00,2160.80,2590.00,265.79
1994-07-31,118340.00,2159.30,2590.00,235.54
1994-08-01,113450.00,2157.70,2600.00,134.62
1994-08-02,108789.63,2156.10,2600.00,250.40
1994-08-03,104219.07,2154.60,2540.00,235.67
1994-08-04,99800.00,2153.10,2490.00,262.05
1994-08-05,95451.00,2151.50,2430.00,237.38
1994-08-06,91303.52,2150.10,2381.00,289.98
1994-08-07,87187.73,2148.60,2336.00,260.95
1994-08-08,83346.00,2147.20,2201.00,264.13
1994-08-09,79664.00,2145.90,2098.00,241.66
1994-08-10,76066.00,2144.50,2049.00,235.01
1994-08-11,72460.00,2143.20,1991.00,172.97
1994-08-12,69036.00,2141.90,1932.00,205.73
1994-08-13,65695.06,2140.60,1874.00,189.61
1994-08-14,62340.00,2139.20,1816.00,124.49
1994-08-15,59190.00,2138.00,1686.00,97.87
1994-08-16,56290.00,2136.80,1562.00,99.92
1994-08-17,53610.00,2135.70,1519.00,167.83
1994-08-18,51000.00,2134.50,1467.00,151.12
1994-08-19,48440.00,2133.40,1407.00,116.33
1994-08-20,45940.00,2132.30,1356.00,95.58
1994-08-21,43570.00,2131.20,1311.00,116.12
1994-08-22,41290.00,2130.10,1259.00,109.50
1994-08-23,39110.00,2129.10,1214.00,114.92
1994-08-24,36980.00,2128.10,1161.00,87.12
1994-08-25,35052.00,2127.20,1109.00,136.97
1994-08-26,33170.00,2126.30,1050.00,101.16
1994-08-27,31442.00,2125.50,999.00,127.80
1994-08-28,29813.00,2124.70,949.00,127.71
1994-08-29,28080.00,2123.90,898.00,24.28
1994-08-30,26735.00,2123.20,802.00,123.90
1994-08-31,25557.90,2122.60,722.00,128.54
1994-09-01,24300.00,2122.00,681.00,46.81
1994-09-02,23190.00,2121.50,647.00,87.37
1994-09-03,22026.00,2120.90,610.00,23.15
1994-09-04,21310.05,2120.60,580.00,219.04
1994-09-05,20700.05,2120.30,465.00,157.46
1994-09-06,20329.66,2120.10,364.00,177.26
1994-09-07,19986.00,2119.90,344.00,170.74
1994-09-08,19660.00,2119.80,223.00,58.64
1994-09-09,19540.00,2119.70,223.00,162.50
1994-09-10,19417.90,2119.60,219.00,157.44
1994-09-11,19271.05,2119.60,219.00,144.97
1994-09-12,19090.00,2119.50,219.00,127.72
1994-09-13,18850.00,2119.40,216.00,95.00
1994-09-14,18745.26,2119.30,216.00,163.19
1994-09-15,18724.21,2119.30,216.00,205.39
1994-09-16,18787.36,2119.30,216.00,247.84
1994-09-17,18807.90,2119.30,216.00,226.35
1994-09-18,18807.90,2119.30,212.00,212.00
1994-09-19,18766.31,2119.30,212.00,191.03
1994-09-20,18682.10,2119.30,212.00,169.55
1994-09-21,18520.00,2119.20,212.00,130.27
1994-09-22,18399.90,2119.10,212.00,151.45
1994-09-23,18220.00,2119.00,212.00,121.30
1994-09-24,18120.00,2119.00,209.00,158.58
1994-09-25,17935.00,2118.90,205.00,111.73
1994-09-26,17690.15,2118.80,202.00,78.55
1994-09-27,17510.00,2118.70,198.00,107.18
1994-09-28,17282.64,2118.60,202.00,87.37
1994-09-29,17000.00,2118.40,198.00,55.50
1994-09-30,16840.00,2118.40,202.00,121.33
1994-10-01,16580.00,2118.20,198.00,71.00
1994-10-02,16440.00,2118.20,198.00,132.61
1994-10-03,16210.00,2118.10,202.00,89.10
1994-10-04,16010.00,2118.00,198.00,101.02
1994-10-05,15690.20,2117.80,195.00,37.54
1994-10-06,15463.00,2117.70,195.00,83.24
1994-10-07,15259.66,2117.60,198.00,98.60
1994-10-08,15040.00,2117.50,195.00,89.22
1994-10-09,14800.00,2117.40,193.00,76.47
1994-10-10,14411.00,2117.20,191.00,1.25
1994-10-11,14190.00,2117.10,199.00,96.03
1994-10-12,13930.00,2116.90,197.00,78.78
1994-10-13,13710.29,2116.80,192.00,93.39
1994-10-14,13510.00,2116.70,189.00,101.02
1994-10-15,13326.85,2116.60,186.00,105.11
1994-10-16,13100.00,2116.50,183.00,79.25
1994-10-17,12920.00,2116.40,135.00,56.85
1994-10-18,12900.00,2116.40,98.00,92.19
1994-10-19,12860.00,2116.40,98.00,77.33
1994-10-20,12920.00,2116.40,98.00,127.75
1994-10-21,13160.00,2116.50,98.00,219.44
1994-10-22,13530.00,2116.70,100.00,287.59
1994-10-23,13850.00,2116.90,103.00,264.78
1994-10-24,14010.00,2117.00,105.00,185.67
1994-10-25,14190.00,2117.10,105.00,196.63
1994-10-26,14980.00,2117.40,111.00,507.80
1994-10-27,18339.76,2119.10,114.00,1807.12
1994-10-28,20700.05,2120.30,111.00,1301.03
1994-10-29,22150.00,2121.00,108.00,839.92
1994-10-30,23290.00,2121.50,114.00,688.64
1994-10-31,25432.10,2122.60,120.00,1200.12
1994-11-01,27418.00,2123.50,120.00,1120.45
1994-11-02,28815.00,2124.20,105.00,810.20
1994-11-03,29813.00,2124.70,108.00,612.04
1994-11-04,30926.00,2125.20,111.00,674.28
1994-11-05,31660.05,2125.60,114.00,487.08
1994-11-06,32348.00,2125.90,114.00,464.35
1994-11-07,32963.00,2126.20,114.00,426.29
1994-11-08,33614.00,2126.50,103.00,433.21
1994-11-09,34076.00,2126.70,103.00,337.93
1994-11-10,34559.00,2126.90,103.00,349.52
1994-11-11,35115.00,2127.20,105.00,388.32
1994-11-12,35556.00,2127.40,105.00,330.34
1994-11-13,35954.74,2127.60,105.00,309.03
1994-11-14,36385.26,2127.80,105.00,325.30
1994-11-15,36490.00,2127.90,105.00,161.69
1994-11-16,37193.00,2128.20,108.00,465.43
1994-11-17,37571.00,2128.40,103.00,296.10
1994-11-18,37848.00,2128.50,100.00,242.26
1994-11-19,38575.89,2128.80,103.00,471.14
1994-11-20,39105.63,2129.10,103.00,372.07
1994-11-21,39575.26,2129.30,103.00,341.77
1994-11-22,39942.00,2129.50,103.00,290.28
1994-11-23,40496.00,2129.70,105.00,386.68
1994-11-24,40882.00,2129.90,105.00,302.61
1994-11-25,41245.63,2130.10,105.00,291.33
1994-11-26,41568.00,2130.20,105.00,270.53
1994-11-27,42062.00,2130.50,105.00,357.06
1994-11-28,42343.69,2130.60,105.00,250.02
1994-11-29,43032.00,2130.90,105.00,455.65
1994-11-30,46687.68,2132.60,111.00,1955.83
1994-12-01,50275.00,2134.20,105.00,1917.75
1994-12-02,52749.17,2135.30,105.00,1354.66
1994-12-03,54435.00,2136.00,105.00,958.07
1994-12-04,55764.06,2136.60,108.00,781.07
1994-12-05,56940.00,2137.10,108.00,703.87
1994-12-06,57910.00,2137.50,111.00,603.04
1994-12-07,58746.23,2137.80,111.00,535.60
1994-12-08,59630.00,2138.20,111.00,559.57
1994-12-09,60370.00,2138.50,105.00,480.65
1994-12-10,61020.00,2138.70,103.00,432.60
1994-12-11,61570.00,2138.90,103.00,382.29
1994-12-12,62220.00,2139.20,103.00,432.71
1994-12-13,62645.00,2139.40,105.00,321.54
1994-12-14,63146.06,2139.60,105.00,360.49
1994-12-15,63630.00,2139.80,103.00,348.53
1994-12-16,64365.00,2140.00,100.00,473.06
1994-12-17,65235.00,2140.40,100.00,541.13
1994-12-18,65946.00,2140.70,100.00,461.59
1994-12-19,66898.00,2141.00,103.00,584.97
1994-12-20,68240.00,2141.60,103.00,781.59
1994-12-21,69842.00,2142.20,103.00,913.56
1994-12-22,71334.00,2142.70,105.00,860.22
1994-12-23,72644.00,2143.20,105.00,768.46
1994-12-24,73782.00,2143.70,105.00,681.74
1994-12-25,74834.13,2144.10,105.00,639.21
1994-12-26,76275.74,2144.60,108.00,837.81
1994-12-27,77828.00,2145.20,103.00,888.25
1994-12-28,79582.94,2145.80,103.00,988.75
1994-12-29,81213.00,2146.40,103.00,926.82
1994-12-30,82573.00,2146.90,103.00,790.92
1994-12-31,83868.00,2147.40,105.00,760.90
1995-01-01,84918.27,2147.80,105.00,637.51
1995-01-02,85828.80,2148.10,105.00,567.06
1995-01-03,86694.00,2148.40,103.00,542.34
1995-01-04,87468.00,2148.70,103.00,494.70
1995-01-05,88168.00,2149.00,103.00,457.81
1995-01-06,88812.00,2149.20,103.00,429.68
1995-01-07,89484.00,2149.40,103.00,443.80
1995-01-08,90156.00,2149.70,103.00,443.80
1995-01-09,90884.00,2149.90,103.00,472.03
1995-01-10,91529.00,2150.20,103.00,430.19
1995-01-11,92098.00,2150.40,103.00,391.87
1995-01-12,92630.00,2150.60,103.00,373.22
1995-01-13,93228.07,2150.80,103.00,406.53
1995-01-14,93854.00,2151.00,103.00,420.57
1995-01-15,94424.00,2151.20,103.00,392.38
1995-01-16,94823.50,2151.30,103.00,306.41
1995-01-17,95277.00,2151.50,103.00,334.39
1995-01-18,95847.00,2151.70,105.00,395.12
1995-01-19,96253.50,2151.80,105.00,312.82
1995-01-20,96620.00,2152.00,103.00,291.16
1995-01-21,96996.50,2152.10,100.00,291.71
1995-01-22,97287.00,2152.20,100.00,248.96
1995-01-23,97602.27,2152.30,100.00,261.45
1995-01-24,98002.00,2152.40,100.00,303.82
1995-01-25,98350.00,2152.60,100.00,277.95
1995-01-26,98610.93,2152.60,100.00,233.84
1995-01-27,98785.00,2152.70,100.00,190.26
1995-01-28,99278.00,2152.90,100.00,350.95
1995-01-29,99713.00,2153.00,100.00,321.81
1995-01-30,100409.07,2153.30,100.00,453.44
1995-01-31,103126.00,2154.20,100.00,1473.02
1995-02-01,110160.07,2156.60,103.00,3651.60
1995-02-02,115456.45,2158.30,105.00,2778.26
1995-02-03,119105.00,2159.50,108.00,1949.53
1995-02-04,121988.00,2160.40,98.00,1553.51
1995-02-05,124447.00,2161.20,98.00,1340.69
1995-02-06,126640.00,2161.90,100.00,1208.14
1995-02-07,128558.00,2162.50,100.00,1069.49
1995-02-08,130487.92,2163.10,100.00,1075.50
1995-02-09,132358.00,2163.70,100.00,1045.65
1995-02-10,134084.16,2164.30,103.00,975.27
1995-02-11,135748.31,2164.80,103.00,944.01
1995-02-12,137262.08,2165.30,103.00,868.19
1995-02-13,138616.00,2165.70,103.00,787.60
1995-02-14,139843.08,2166.10,103.00,723.65
1995-02-15,141366.00,2166.50,100.00,871.38
1995-02-16,142608.00,2166.90,100.00,727.85
1995-02-17,144172.00,2167.40,100.00,891.02
1995-02-18,145713.00,2167.90,100.00,880.41
1995-02-19,152712.00,2170.00,105.00,3637.80
1995-02-20,162608.00,2172.90,111.00,5101.87
1995-02-21,169865.00,2175.00,105.00,3765.99
1995-02-22,175254.58,2176.60,100.00,2820.48
1995-02-23,179085.00,2177.70,103.00,2036.17
1995-02-24,182630.00,2178.70,103.00,1892.27
1995-02-25,185590.00,2179.60,105.00,1600.33
1995-02-26,188466.00,2180.40,105.00,1557.98
1995-02-27,194268.00,2182.00,103.00,3029.82
1995-02-28,196571.73,2182.60,98.00,1261.47
1995-03-01,198552.00,2183.20,98.00,1098.91
1995-03-02,200290.00,2183.70,100.00,978.44
1995-03-03,201924.55,2184.10,100.00,926.58
1995-03-04,203344.00,2184.50,100.00,818.14
1995-03-05,204660.00,2184.90,100.00,765.98
1995-03-06,205832.00,2185.20,100.00,693.38
1995-03-07,206924.00,2185.50,100.00,653.16
1995-03-08,208061.27,2185.80,100.00,675.87
1995-03-09,209347.83,2186.10,100.00,751.77
1995-03-10,210715.00,2186.50,103.00,793.36
1995-03-11,212296.00,2186.90,103.00,902.09
1995-03-12,213961.00,2187.40,103.00,944.44
1995-03-13,215700.00,2187.90,103.00,981.75
1995-03-14,217671.00,2188.40,103.00,1098.84
1995-03-15,219572.00,2188.90,103.00,1063.80
1995-03-16,221549.00,2189.40,105.00,1104.74
1995-03-17,223502.00,2189.90,103.00,1089.18
1995-03-18,225268.00,2190.40,100.00,992.86
1995-03-19,227338.00,2191.00,100.00,1146.13
1995-03-20,229494.00,2191.50,100.00,1189.48
1995-03-21,231573.34,2192.10,100.00,1150.84
1995-03-22,233246.00,2192.50,100.00,946.74
1995-03-23,234966.00,2193.00,100.00,970.49
1995-03-24,236341.81,2193.30,100.00,796.14
1995-03-25,237560.00,2193.70,100.00,717.51
1995-03-26,238672.00,2193.90,103.00,665.63
1995-03-27,239870.00,2194.30,103.00,708.99
1995-03-28,240906.00,2194.50,103.00,627.32
1995-03-29,242103.81,2194.80,103.00,708.90
1995-03-30,243301.91,2195.10,103.00,709.04
1995-03-31,244627.00,2195.50,103.00,773.07
1995-04-01,246180.00,2195.90,103.00,887.97
1995-04-02,247581.00,2196.20,103.00,811.34
1995-04-03,249219.00,2196.70,103.00,930.83
1995-04-04,251179.00,2197.20,103.00,1093.17
1995-04-05,253295.00,2197.70,105.00,1173.45
1995-04-06,255420.00,2198.20,105.00,1179.35
1995-04-07,257508.19,2198.80,103.00,1158.91
1995-04-08,259721.81,2199.30,103.00,1221.04
1995-04-09,262102.00,2199.90,103.00,1305.01
1995-04-10,264010.00,2200.40,103.00,1066.95
1995-04-11,265689.81,2200.80,103.00,951.91
1995-04-12,267480.28,2201.30,103.00,1007.70
1995-04-13,269090.00,2201.70,103.00,916.57
1995-04-14,270570.00,2202.10,103.00,851.17
1995-04-15,271980.00,2202.40,103.00,815.88
1995-04-16,273144.00,2202.70,103.00,691.85
1995-04-17,274395.00,2203.00,103.00,735.71
1995-04-18,275240.00,2203.20,103.00,531.02
1995-04-19,276292.00,2203.50,103.00,635.38
1995-04-20,277380.00,2203.70,103.00,653.53
1995-04-21,278480.00,2204.00,103.00,659.58
1995-04-22,279614.41,2204.30,103.00,676.93
1995-04-23,280874.50,2204.60,103.00,740.30
1995-04-24,282460.00,2205.00,103.00,904.36
1995-04-25,284699.00,2205.50,103.00,1233.83
1995-04-26,287313.00,2206.20,103.00,1422.89
1995-04-27,291895.50,2207.30,103.00,2415.34
1995-04-28,294724.00,2208.00,103.00,1531.04
1995-04-29,297645.00,2208.70,103.00,1577.67
1995-04-30,300494.00,2209.40,103.00,1541.37
1995-05-01,303272.09,2210.10,103.00,1504.16
1995-05-02,306058.00,2210.70,103.00,1504.56
1995-05-03,309186.00,2211.50,103.00,1678.19
1995-05-04,312294.00,2212.20,105.00,1669.45
1995-05-05,315360.00,2213.00,105.00,1648.28
1995-05-06,319160.00,2213.90,105.00,2018.33
1995-05-07,323562.00,2214.90,105.00,2321.84
1995-05-08,328586.22,2216.10,105.00,2635.54
1995-05-09,334544.00,2217.50,108.00,3108.19
1995-05-10,341538.25,2219.10,108.00,3631.27
1995-05-11,347632.00,2220.50,108.00,3177.27
1995-05-12,352495.34,2221.60,108.00,2556.94
1995-05-13,356808.22,2222.60,108.00,2279.41
1995-05-14,361319.34,2223.60,111.00,2382.00
1995-05-15,367458.00,2225.00,111.00,3202.91
1995-05-16,375160.00,2226.70,111.00,3990.97
1995-05-17,382750.00,2228.40,111.00,3934.63
1995-05-18,389270.56,2229.80,111.00,3396.08
1995-05-19,394560.00,2231.00,117.00,2779.52
1995-05-20,399321.00,2232.00,117.00,2513.21
1995-05-21,404290.00,2233.10,117.00,2618.22
1995-05-22,409372.88,2234.10,117.00,2676.62
1995-05-23,414052.88,2235.10,265.00,2659.42
1995-05-24,416920.00,2235.80,1164.00,2730.56
1995-05-25,417917.00,2236.00,2435.00,2930.62
1995-05-26,421321.00,2236.70,2930.00,4515.30
1995-05-27,421698.13,2236.80,2990.00,3050.97
1995-05-28,422936.00,2237.00,3000.00,3495.42
1995-05-29,424596.00,2237.40,3030.00,3738.72
1995-05-30,426314.00,2237.70,3437.00,4212.97
1995-05-31,426266.00,2237.70,3916.00,3852.19
1995-06-01,425412.00,2237.50,3927.00,3488.38
1995-06-02,424405.78,2237.30,3626.00,3142.88
1995-06-03,424265.56,2237.30,3196.00,3161.12
1995-06-04,423886.00,2237.20,3005.00,2868.22
1995-06-05,424884.00,2237.40,1871.00,2482.61
1995-06-06,426026.00,2237.70,1320.00,1971.96
1995-06-07,427125.00,2237.90,1137.00,1777.86
1995-06-08,428368.00,2238.20,920.00,1631.94
1995-06-09,429703.00,2238.40,920.00,1674.40
1995-06-10,431094.00,2238.70,920.00,1705.55
1995-06-11,433292.00,2239.20,920.00,2113.17
1995-06-12,434732.00,2239.50,1024.00,1857.55
1995-06-13,436134.34,2239.80,920.00,1679.32
1995-06-14,436710.00,2239.90,1108.00,1396.21
1995-06-15,436854.00,2239.90,1248.00,1314.08
1995-06-16,436998.00,2240.00,1213.00,1280.61
1995-06-17,437478.13,2240.10,1227.00,1459.69
1995-06-18,437621.28,2240.10,1339.00,1409.48
1995-06-19,437382.00,2240.00,1384.00,1254.34
1995-06-20,436950.00,2240.00,1376.00,1152.25
1995-06-21,436566.00,2239.90,1332.00,1133.23
1995-06-22,436758.00,2239.90,1283.00,1370.61
1995-06-23,437190.00,2240.00,1241.00,1454.98
1995-06-24,437813.75,2240.10,1311.00,1619.21
1995-06-25,438342.00,2240.20,1432.00,1694.72
1995-06-26,438488.25,2240.30,1552.00,1621.73
1995-06-27,438150.00,2240.20,1664.00,1483.18
1995-06-28,437478.13,2240.10,1664.00,1313.86
1995-06-29,436710.00,2239.90,1648.00,1253.99
1995-06-30,435942.00,2239.70,1640.00,1245.47
1995-07-01,435069.13,2239.60,1664.00,1215.07
1995-07-02,434156.00,2239.40,1680.00,1214.94
1995-07-03,433340.00,2239.20,1680.00,1260.26
1995-07-04,432390.00,2239.00,1760.00,1278.69
1995-07-05,430613.75,2238.60,2057.00,1150.49
1995-07-06,428560.00,2238.20,2430.00,1388.98
1995-07-07,424836.00,2237.40,2716.00,820.11
1995-07-08,421321.00,2236.70,2762.00,969.47
1995-07-09,418011.00,2236.00,2758.00,1061.98
1995-07-10,414852.69,2235.30,2564.00,936.80
1995-07-11,411852.00,2234.70,2460.00,911.66
1995-07-12,408621.00,2234.00,2486.00,806.24
1995-07-13,404938.00,2233.20,2572.00,664.39
1995-07-14,400945.78,2232.30,2738.00,669.02
1995-07-15,396686.00,2231.40,2924.00,709.63
1995-07-16,392122.00,2230.40,3101.00,729.44
1995-07-17,387075.78,2229.30,3306.00,674.87
1995-07-18,381750.00,2228.20,3532.00,753.73
1995-07-19,376330.00,2227.00,3594.00,767.57
1995-07-20,370140.00,2225.60,3729.00,505.01
1995-07-21,363580.00,2224.10,3844.00,412.94
1995-07-22,356720.00,2222.60,3844.00,267.78
1995-07-23,350390.00,2221.10,3820.00,509.55
1995-07-24,343750.00,2219.60,3832.00,369.76
1995-07-25,337000.00,2218.00,3868.00,345.02
1995-07-26,330700.00,2216.60,3856.00,560.68
1995-07-27,323990.00,2215.00,3832.00,326.95
1995-07-28,317300.00,2213.40,3820.00,325.11
1995-07-29,310530.00,2211.80,3820.00,288.88
1995-07-30,303690.00,2210.20,3844.00,279.88
1995-07-31,296820.00,2208.50,3808.00,226.74
1995-08-01,290170.00,2206.90,3856.00,386.18
1995-08-02,283230.00,2205.20,3868.00,254.97
1995-08-03,276410.00,2203.50,3832.00,271.42
1995-08-04,269570.50,2201.80,3783.00,213.59
1995-08-05,262899.81,2200.10,3733.00,253.34
1995-08-06,256562.00,2198.50,3559.00,255.86
1995-08-07,250866.33,2197.10,3437.00,462.14
1995-08-08,245280.00,2195.70,3402.00,484.73
1995-08-09,239830.00,2194.20,3346.00,492.32
1995-08-10,234130.00,2192.80,3290.00,311.49
1995-08-11,228625.45,2191.30,3244.00,371.10
1995-08-12,223012.55,2189.80,3155.00,235.98
1995-08-13,217708.00,2188.40,3088.00,329.27
1995-08-14,212444.00,2187.00,3027.00,287.43
1995-08-15,207180.00,2185.50,2945.00,202.82
1995-08-16,201960.00,2184.10,2884.00,170.22
1995-08-17,196960.00,2182.70,2853.00,253.23
1995-08-18,192080.00,2181.40,2822.00,282.89
1995-08-19,187120.00,2180.00,2801.00,216.33
1995-08-20,182280.00,2178.60,2819.00,294.99
1995-08-21,177130.00,2177.10,2838.00,166.48
1995-08-22,172000.00,2175.70,2907.00,240.60
1995-08-23,166500.00,2174.10,2906.00,55.28
1995-08-24,161180.00,2172.50,2905.00,147.12
1995-08-25,155890.00,2170.90,2893.00,149.12
1995-08-26,150590.00,2169.30,2842.00,97.37
1995-08-27,145280.00,2167.70,2861.00,110.61
1995-08-28,139940.00,2166.10,2850.00,85.11
1995-08-29,134790.00,2164.50,2788.00,126.29
1995-08-30,129660.00,2162.90,2747.00,97.69
1995-08-31,124764.55,2161.30,2706.00,168.39
1995-09-01,120097.53,2159.80,2585.00,198.09
1995-09-02,115548.92,2158.30,2484.00,198.65
1995-09-03,110969.85,2156.80,2472.00,172.29
1995-09-04,106463.50,2155.30,2441.00,179.95
1995-09-05,102043.50,2153.80,2390.00,167.26
1995-09-06,98147.00,2152.50,2082.00,179.59
1995-09-07,95480.00,2151.60,1420.00,210.71
1995-09-08,94649.07,2151.30,546.00,265.41
1995-09-09,94649.07,2151.30,186.00,216.65
1995-09-10,94564.00,2151.20,219.00,150.85
1995-09-11,94396.00,2151.20,204.00,116.33
1995-09-12,94340.00,2151.20,190.00,168.92
1995-09-13,94310.93,2151.10,190.00,177.20
1995-09-14,94252.79,2151.10,199.00,165.52
1995-09-15,93994.00,2151.00,205.00,64.95
1995-09-16,93798.00,2151.00,208.00,93.67
1995-09-17,93509.00,2150.90,221.00,51.52
1995-09-18,93340.34,2150.80,231.00,116.97
1995-09-19,93228.07,2150.80,266.00,187.79
1995-09-20,93032.00,2150.70,240.00,99.65
1995-09-21,92716.50,2150.60,240.00,39.29
1995-09-22,92378.00,2150.50,240.00,27.11
1995-09-23,92210.00,2150.40,237.00,110.30
1995-09-24,91986.48,2150.30,237.00,81.55
1995-09-25,91674.00,2150.20,240.00,40.62
1995-09-26,91303.52,2150.10,247.00,17.69
1995-09-27,91080.00,2150.00,244.00,89.31
1995-09-28,90828.00,2149.90,240.00,72.90
1995-09-29,90520.34,2149.80,240.00,43.39
1995-09-30,90492.27,2149.80,240.00,184.79
1995-10-01,90464.20,2149.80,240.00,226.00
1995-10-02,90744.00,2149.90,244.00,385.06
1995-10-03,91500.00,2150.20,223.00,604.15
1995-10-04,92518.00,2150.50,205.00,718.24
1995-10-05,93312.27,2150.80,209.00,609.45
1995-10-06,93567.00,2150.90,205.00,333.42
1995-10-07,93994.00,2151.00,205.00,420.28
1995-10-08,94281.86,2151.10,204.00,349.13
1995-10-09,94424.00,2151.20,204.00,275.66
1995-10-10,95934.00,2151.70,207.00,968.29
1995-10-11,100409.07,2153.30,211.00,2467.18
1995-10-12,103184.00,2154.20,211.00,1610.03
1995-10-13,104925.35,2154.80,214.00,1091.93
1995-10-14,106289.07,2155.30,214.00,901.54
1995-10-15,107381.86,2155.60,213.00,763.95
1995-10-16,108969.00,2156.20,217.00,1017.18
1995-10-17,110910.44,2156.80,216.00,1194.81
1995-10-18,113294.62,2157.60,216.00,1418.02
1995-10-19,115030.00,2158.20,205.00,1079.92
1995-10-20,116552.00,2158.70,143.00,910.34
1995-10-21,118123.00,2159.20,97.00,889.05
1995-10-22,119352.47,2159.60,93.00,712.86
1995-10-23,120407.00,2159.90,95.00,626.66
1995-10-24,121337.00,2160.20,97.00,565.88
1995-10-25,122514.62,2160.60,107.00,700.72
1995-10-26,124540.00,2161.30,119.00,1140.13
1995-10-27,126700.00,2161.90,118.00,1207.00
1995-10-28,128341.00,2162.50,121.00,948.34
1995-10-29,129698.00,2162.90,120.00,804.15
1995-10-30,130808.00,2163.20,119.00,678.63
1995-10-31,131790.00,2163.60,119.00,614.09
1995-11-01,132548.31,2163.80,121.00,503.32
1995-11-02,133316.00,2164.00,121.00,508.04
1995-11-03,133924.00,2164.20,120.00,426.53
1995-11-04,134564.00,2164.40,119.00,441.67
1995-11-05,135235.84,2164.60,119.00,457.72
1995-11-06,136004.00,2164.90,118.00,505.28
1995-11-07,137326.23,2165.30,121.00,787.63
1995-11-08,148046.16,2168.60,123.00,5527.63
1995-11-09,159558.00,2172.00,125.00,5928.89
1995-11-10,164924.58,2173.60,125.00,2830.65
1995-11-11,173553.67,2176.10,124.00,4474.50
1995-11-12,180135.00,2178.00,124.00,3442.09
1995-11-13,185200.00,2179.40,132.00,2685.61
1995-11-14,192252.00,2181.40,140.00,3695.39
1995-11-15,198371.73,2183.10,141.00,3226.37
1995-11-16,205390.00,2185.10,125.00,3663.38
1995-11-17,209275.64,2186.10,112.00,2071.01
1995-11-18,213702.55,2187.30,114.00,2345.90
1995-11-19,217153.00,2188.20,118.00,1857.60
1995-11-20,220244.19,2189.10,120.00,1678.47
1995-11-21,222562.00,2189.70,122.00,1290.56
1995-11-22,224892.55,2190.30,123.00,1297.98
1995-11-23,228250.00,2191.20,125.00,1817.72
1995-11-24,234130.00,2192.80,127.00,3091.50
1995-11-25,242882.00,2195.00,132.00,4544.47
1995-11-26,245904.58,2195.80,133.00,1656.88
1995-11-27,254670.00,2198.10,138.00,4557.24
1995-11-28,267080.00,2201.20,149.00,6405.71
1995-11-29,307686.69,2211.10,159.00,20631.55
1995-11-30,331026.91,2216.60,167.00,11934.37
1995-12-01,341367.00,2219.00,169.00,5382.13
1995-12-02,347808.00,2220.50,174.00,3421.34
1995-12-03,352539.47,2221.60,175.00,2560.45
1995-12-04,355972.00,2222.40,247.00,1977.57
1995-12-05,357380.00,2222.70,802.00,1511.87
1995-12-06,356148.00,2222.40,2057.00,1435.87
1995-12-07,353948.00,2221.90,2499.00,1389.83
1995-12-08,349954.00,2221.00,3009.00,995.36
1995-12-09,345320.00,2220.00,3386.00,1049.69
1995-12-10,340196.22,2218.80,3663.00,1079.76
1995-12-11,336058.63,2217.80,3165.00,1078.96
1995-12-12,336058.63,2217.80,1072.00,1072.00
1995-12-13,338863.00,2218.50,847.00,2260.87
1995-12-14,338556.00,2218.40,1542.00,1387.22
1995-12-15,337476.91,2218.10,1734.00,1189.96
1995-12-16,336058.63,2217.80,1734.00,1018.95
1995-12-17,334544.00,2217.50,1726.00,962.38
1995-12-18,332446.00,2217.00,1946.00,888.26
1995-12-19,329145.00,2216.20,2497.00,832.74
1995-12-20,325305.53,2215.30,2677.00,741.27
1995-12-21,321485.00,2214.40,2667.00,740.81
1995-12-22,318394.00,2213.70,2171.00,612.62
1995-12-23,316073.69,2213.10,1701.00,531.18
1995-12-24,314352.00,2212.70,1397.00,528.98
1995-12-25,313008.00,2212.40,1203.00,525.40
1995-12-26,312000.00,2212.20,917.00,408.80
1995-12-27,311789.50,2212.10,558.00,451.87
1995-12-28,311789.50,2212.10,427.00,427.00
1995-12-29,312042.00,2212.20,362.00,489.30
1995-12-30,312840.00,2212.40,362.00,764.33
1995-12-31,313805.28,2212.60,362.00,848.66
1996-01-01,314436.00,2212.70,362.00,679.99
1996-01-02,315570.00,2213.00,362.00,933.73
1996-01-03,318141.59,2213.60,362.00,1658.51
1996-01-04,320335.78,2214.10,365.00,1471.24
1996-01-05,321657.00,2214.40,582.00,1248.11
1996-01-06,322329.50,2214.60,804.00,1143.05
1996-01-07,324156.00,2215.00,804.00,1724.86
1996-01-08,325133.09,2215.30,1194.00,1686.62
1996-01-09,324754.00,2215.20,1658.00,1466.87
1996-01-10,324114.00,2215.00,1658.00,1335.33
1996-01-11,323012.09,2214.80,1658.00,1102.46
1996-01-12,321742.00,2214.50,1658.00,1017.66
1996-01-13,320420.00,2214.20,1657.00,990.49
1996-01-14,319748.00,2214.00,1657.00,1318.20
1996-01-15,322413.69,2214.60,975.00,2318.95
1996-01-16,326456.22,2215.60,576.00,2614.11
1996-01-17,329059.00,2216.20,576.00,1888.24
1996-01-18,330811.38,2216.60,575.00,1458.49
1996-01-19,331843.78,2216.80,764.00,1284.51
1996-01-20,332317.00,2216.90,1073.00,1311.58
1996-01-21,332145.00,2216.90,1073.00,986.28
1996-01-22,331801.75,2216.80,1073.00,899.94
1996-01-23,331500.00,2216.80,1075.00,922.87
1996-01-24,331026.91,2216.60,1076.00,837.48
1996-01-25,330346.00,2216.50,1050.00,706.71
1996-01-26,329661.75,2216.30,979.00,634.02
1996-01-27,328930.00,2216.20,981.00,612.08
1996-01-28,328500.00,2216.10,982.00,765.21
1996-01-29,327865.00,2215.90,863.00,542.85
1996-01-30,327263.09,2215.80,724.00,420.54
1996-01-31,326926.00,2215.70,625.00,455.05
1996-02-01,326800.00,2215.70,526.00,462.47
1996-02-02,326670.69,2215.60,468.00,402.80
1996-02-03,326756.91,2215.60,432.00,475.47
1996-02-04,326884.00,2215.70,433.00,497.08
1996-02-05,327263.09,2215.80,434.00,625.13
1996-02-06,328800.69,2216.10,435.00,1210.20
1996-02-07,332403.00,2217.00,446.00,2262.17
1996-02-08,344665.53,2219.80,460.00,6642.36
1996-02-09,360171.78,2223.30,466.00,8283.74
1996-02-10,367145.00,2224.90,471.00,3986.67
1996-02-11,371299.78,2225.80,472.00,2566.70
1996-02-12,374260.00,2226.50,473.00,1965.44
1996-02-13,376465.00,2227.00,474.00,1585.69
1996-02-14,378265.00,2227.40,480.00,1387.50
1996-02-15,379848.00,2227.70,481.00,1279.10
1996-02-16,381524.44,2228.10,513.00,1358.20
1996-02-17,383386.00,2228.50,574.00,1512.54
1996-02-18,386850.22,2229.30,580.00,2326.54
1996-02-19,390840.00,2230.10,581.00,2592.52
1996-02-20,394053.88,2230.80,587.00,2207.33
1996-02-21,395950.00,2231.30,729.00,1684.96
1996-02-22,396548.00,2231.40,1391.00,1692.49
1996-02-23,394698.00,2231.00,2511.00,1578.29
1996-02-24,391110.00,2230.20,3043.00,1234.05
1996-02-25,387486.00,2229.40,3046.00,1218.90
1996-02-26,383386.00,2228.50,3038.00,970.92
1996-02-27,379710.00,2227.70,2830.00,976.68
1996-02-28,377275.00,2227.20,2160.00,932.35
1996-02-29,374980.00,2226.70,1957.00,799.94
1996-03-01,373135.00,2226.20,1666.00,735.81
1996-03-02,371885.00,2226.00,1438.00,807.79
1996-03-03,370632.00,2225.70,1441.00,809.28
1996-03-04,369960.00,2225.50,1105.00,766.20
1996-03-05,369465.00,2225.40,836.00,586.44
1996-03-06,369375.00,2225.40,700.00,654.63
1996-03-07,369285.00,2225.40,654.00,608.63
1996-03-08,369285.00,2225.40,611.00,611.00
1996-03-09,369465.00,2225.40,609.00,699.75
1996-03-10,369915.00,2225.50,606.00,832.88
1996-03-11,370632.00,2225.70,603.00,964.49
1996-03-12,371344.88,2225.80,671.00,1030.41
1996-03-13,372155.00,2226.00,728.00,1136.44
1996-03-14,372465.34,2226.10,901.00,1057.47
1996-03-15,373000.00,2226.20,1061.00,1330.56
1996-03-16,373450.66,2226.30,1064.00,1291.21
1996-03-17,373855.00,2226.40,1060.00,1263.86
1996-03-18,374215.00,2226.50,1063.00,1244.50
1996-03-19,374395.00,2226.50,1052.00,1142.75
1996-03-20,374350.00,2226.50,1048.00,1025.31
1996-03-21,374260.00,2226.50,1051.00,1005.63
1996-03-22,373990.00,2226.40,1040.00,903.87
1996-03-23,373720.00,2226.40,1036.00,899.87
1996-03-24,373315.34,2226.30,1032.00,827.99
1996-03-25,372865.00,2226.20,1028.00,800.95
1996-03-26,372334.09,2226.10,1024.00,756.33
1996-03-27,371615.00,2225.90,1013.00,650.46
1996-03-28,371120.44,2225.80,802.00,552.66
1996-03-29,371165.56,2225.80,652.00,674.75
1996-03-30,371120.44,2225.80,644.00,621.25
1996-03-31,370985.13,2225.80,641.00,572.78
1996-04-01,370940.00,2225.80,593.00,570.25
1996-04-02,371030.22,2225.80,461.00,506.49
1996-04-03,371525.00,2225.90,322.00,571.45
1996-04-04,372065.00,2226.00,279.00,551.25
1996-04-05,372730.00,2226.20,280.00,615.27
1996-04-06,373584.88,2226.30,282.00,713.00
1996-04-07,375745.78,2226.80,283.00,1372.46
1996-04-08,379894.00,2227.70,246.00,2337.39
1996-04-09,386161.66,2229.10,226.00,3385.95
1996-04-10,392076.00,2230.40,228.00,3209.82
1996-04-11,397008.00,2231.50,229.00,2715.55
1996-04-12,400852.69,2232.30,234.00,2172.36
1996-04-13,404008.00,2233.00,235.00,1825.80
1996-04-14,406712.22,2233.60,237.00,1600.38
1996-04-15,408903.00,2234.00,395.00,1499.52
1996-04-16,410726.00,2234.40,936.00,1855.10
1996-04-17,411380.00,2234.60,1569.00,1898.73
1996-04-18,411850.00,2234.70,1900.00,2136.96
1996-04-19,411990.00,2234.70,1948.00,2018.58
1996-04-20,410585.00,2234.40,1952.00,1243.65
1996-04-21,409044.22,2234.10,1955.00,1178.19
1996-04-22,408250.00,2233.90,1537.00,1136.58
1996-04-23,410726.00,2234.40,1174.00,2422.32
1996-04-24,415698.00,2235.50,1177.00,3683.72
1996-04-25,417823.00,2235.90,1722.00,2793.35
1996-04-26,417303.75,2235.80,2369.00,2107.21
1996-04-27,416120.19,2235.60,2372.00,1775.29
1996-04-28,414288.00,2235.20,2376.00,1452.27
1996-04-29,413066.00,2234.90,1893.00,1276.91
1996-04-30,412831.00,2234.90,1394.00,1275.52
1996-05-01,412831.00,2234.90,1154.00,1154.00
1996-05-02,413348.00,2235.00,819.00,1079.65
1996-05-03,414100.00,2235.20,759.00,1138.13
1996-05-04,414476.00,2235.20,759.00,948.57
1996-05-05,414852.69,2235.30,759.00,948.91
1996-05-06,415134.00,2235.40,720.00,861.83
1996-05-07,415792.00,2235.50,615.00,946.74
1996-05-08,416214.44,2235.60,615.00,827.98
1996-05-09,416732.00,2235.70,615.00,875.94
1996-05-10,416968.13,2235.80,714.00,833.05
1996-05-11,417016.25,2235.80,860.00,884.26
1996-05-12,417208.72,2235.80,902.00,999.04
1996-05-13,418480.19,2236.10,796.00,1437.03
1996-05-14,421509.00,2236.70,735.00,2262.03
1996-05-15,424548.00,2237.40,740.00,2272.16
1996-05-16,427600.00,2238.00,745.00,2283.72
1996-05-17,430421.28,2238.60,953.00,2375.40
1996-05-18,432817.31,2239.10,1483.00,2691.00
1996-05-19,433388.00,2239.20,1979.00,2266.72
1996-05-20,433388.00,2239.20,2140.00,2140.00
1996-05-21,433052.88,2239.10,2040.00,1871.04
1996-05-22,432770.19,2239.10,1859.00,1716.48
1996-05-23,432770.19,2239.10,1641.00,1641.00
1996-05-24,433052.88,2239.10,1570.00,1712.52
1996-05-25,433963.75,2239.30,1571.00,2030.23
1996-05-26,435558.00,2239.70,1963.00,2766.77
1996-05-27,435558.00,2239.70,2637.00,2637.00
1996-05-28,434684.00,2239.50,2748.00,2307.36
1996-05-29,433963.75,2239.30,2246.00,1882.87
1996-05-30,434011.88,2239.30,1577.00,1601.26
1996-05-31,434396.00,2239.40,1292.00,1485.66
1996-06-01,435264.41,2239.60,1223.00,1660.82
1996-06-02,436566.00,2239.90,1350.00,2006.22
1996-06-03,438102.00,2240.20,2342.00,3116.40
1996-06-04,437478.13,2240.10,3806.00,3491.46
1996-06-05,435894.00,2239.70,3431.00,2632.34
1996-06-06,435606.00,2239.70,2631.00,2485.80
1996-06-07,436662.00,2239.90,2374.00,2906.40
1996-06-08,436998.00,2240.00,2854.00,3023.40
1996-06-09,435894.00,2239.70,2915.00,2358.40
1996-06-10,434924.00,2239.50,2397.00,1907.96
1996-06-11,435069.13,2239.60,1718.00,1791.17
1996-06-12,435460.88,2239.60,1448.00,1645.51
1996-06-13,437478.13,2240.10,1433.00,2450.03
1996-06-14,438150.00,2240.20,1570.00,1908.74
1996-06-15,438390.00,2240.30,1790.00,1911.00
1996-06-16,438102.00,2240.20,1954.00,1808.80
1996-06-17,437478.13,2240.10,1991.00,1676.46
1996-06-18,436614.00,2239.90,1734.00,1298.34
1996-06-19,435942.00,2239.70,1551.00,1212.20
1996-06-20,435118.25,2239.60,1616.00,1200.69
1996-06-21,434060.00,2239.40,1690.00,1156.47
1996-06-22,433292.00,2239.20,1691.00,1303.80
1996-06-23,432911.53,2239.10,1604.00,1412.18
1996-06-24,432724.22,2239.10,1357.00,1262.56
1996-06-25,433292.00,2239.20,973.00,1259.26
1996-06-26,434060.00,2239.40,769.00,1156.20
1996-06-27,435020.00,2239.60,842.00,1326.00
1996-06-28,435460.88,2239.60,993.00,1215.27
1996-06-29,435606.00,2239.70,1173.00,1246.17
1996-06-30,435510.00,2239.70,1342.00,1293.60
1996-07-01,435069.13,2239.60,1517.00,1294.73
1996-07-02,434780.00,2239.50,1630.00,1484.23
1996-07-03,434108.00,2239.40,1687.00,1348.20
1996-07-04,433724.34,2239.30,1616.00,1422.57
1996-07-05,433292.00,2239.20,1617.00,1399.03
1996-07-06,431814.00,2238.90,1988.00,1242.84
1996-07-07,429231.88,2238.30,2385.00,1083.18
1996-07-08,426074.00,2237.70,2796.00,1203.90
1996-07-09,422600.00,2237.00,2927.00,1175.52
1996-07-10,419139.00,2236.20,2999.00,1254.08
1996-07-11,415463.00,2235.40,3112.00,1258.68
1996-07-12,411290.00,2234.60,3376.00,1272.11
1996-07-13,406941.66,2233.60,3453.00,1260.71
1996-07-14,402844.00,2232.70,3343.00,1277.10
1996-07-15,398904.00,2231.90,3244.00,1257.58
1996-07-16,394698.00,2231.00,3277.00,1156.47
1996-07-17,390098.00,2230.00,3431.00,1111.83
1996-07-18,385390.00,2229.00,3398.00,1024.38
1996-07-19,380840.00,2228.00,3222.00,928.04
1996-07-20,376330.00,2227.00,3123.00,849.21
1996-07-21,371440.00,2225.90,3233.00,767.62
1996-07-22,366300.00,2224.70,3354.00,762.58
1996-07-23,360832.00,2223.50,3596.00,839.22
1996-07-24,355224.00,2222.20,3664.00,836.63
1996-07-25,349426.00,2220.90,3796.00,872.84
1996-07-26,343272.00,2219.50,3928.00,825.36
1996-07-27,336870.00,2218.00,3892.00,664.32
1996-07-28,330170.00,2216.40,3820.00,442.08
1996-07-29,323180.50,2214.80,3748.00,224.13
1996-07-30,317376.00,2213.40,3618.00,691.56
1996-07-31,311622.09,2212.10,3596.00,695.07
1996-08-01,305520.00,2210.60,3676.00,599.53
1996-08-02,299090.00,2209.10,3748.00,506.21
1996-08-03,293124.50,2207.60,3676.00,668.39
1996-08-04,287354.00,2206.20,3574.00,664.70
1996-08-05,280830.00,2204.60,3508.00,218.81
1996-08-06,274680.00,2203.10,3508.00,407.37
1996-08-07,268530.00,2201.50,3596.00,495.37
1996-08-08,262460.00,2200.00,3676.00,615.71
1996-08-09,256440.00,2198.50,3688.00,652.92
1996-08-10,250430.00,2197.00,3640.00,609.96
1996-08-11,244510.00,2195.50,3596.00,611.33
1996-08-12,238060.00,2193.80,3563.00,311.12
1996-08-13,232030.00,2192.20,3519.00,478.87
1996-08-14,225984.55,2190.60,3519.00,471.08
1996-08-15,219911.00,2189.00,3508.00,445.92
1996-08-16,213775.81,2187.30,3464.00,370.84
1996-08-17,207040.00,2185.50,3420.00,24.03
1996-08-18,200400.00,2183.70,3376.00,28.33
1996-08-19,193830.00,2181.90,3332.00,19.62
1996-08-20,187930.00,2180.20,3288.00,313.42
1996-08-21,182100.00,2178.60,3244.00,304.71
1996-08-22,176300.00,2176.90,3200.00,275.83
1996-08-23,170580.00,2175.30,3156.00,272.17
1996-08-24,166018.00,2173.90,3100.00,799.99
1996-08-25,160603.84,2172.30,3048.00,318.36
1996-08-26,155188.00,2170.70,2998.00,267.51
1996-08-27,149893.84,2169.10,2917.00,247.86
1996-08-28,144732.08,2167.60,2846.00,243.61
1996-08-29,139778.00,2166.00,2765.00,267.32
1996-08-30,134852.00,2164.50,2685.00,201.47
1996-08-31,130014.00,2163.00,2624.00,184.84
1996-09-01,125325.00,2161.50,2563.00,198.96
1996-09-02,120720.00,2160.00,2374.00,52.31
1996-09-03,116620.00,2158.70,2112.00,44.92
1996-09-04,113300.00,2157.60,1797.00,123.17
1996-09-05,110600.00,2156.70,1480.00,118.75
1996-09-06,108600.00,2156.00,1108.00,99.67
1996-09-07,107236.50,2155.60,797.00,109.57
1996-09-08,106434.42,2155.30,520.00,115.62
1996-09-09,106110.00,2155.20,336.00,172.44
1996-09-10,105929.93,2155.10,247.00,156.21
1996-09-11,105929.93,2155.10,206.00,206.00
1996-09-12,105960.00,2155.20,207.00,222.16
1996-09-13,105869.78,2155.10,205.00,159.51
1996-09-14,105809.63,2155.10,206.00,175.68
1996-09-15,105869.78,2155.10,206.00,236.32
1996-09-16,106080.00,2155.20,207.00,312.99
1996-09-17,106140.00,2155.20,208.00,238.25
1996-09-18,106170.00,2155.20,209.00,224.13
1996-09-19,106170.00,2155.20,206.00,206.00
1996-09-20,106170.00,2155.20,211.00,211.00
1996-09-21,106318.14,2155.30,212.00,286.69
1996-09-22,106491.86,2155.30,213.00,300.58
1996-09-23,106580.00,2155.40,213.00,257.44
1996-09-24,106610.00,2155.40,214.00,229.13
1996-09-25,106640.00,2155.40,215.00,230.13
1996-09-26,106640.00,2155.40,216.00,216.00
1996-09-27,106670.00,2155.40,213.00,228.13
1996-09-28,106610.00,2155.40,214.00,183.75
1996-09-29,106520.93,2155.30,215.00,170.09
1996-09-30,106405.35,2155.30,216.00,157.73
1996-10-01,106289.07,2155.30,216.00,158.00
1996-10-02,106140.00,2155.20,216.00,140.84
1996-10-03,106080.00,2155.20,212.00,181.75
1996-10-04,105990.00,2155.20,205.00,159.62
1996-10-05,105929.93,2155.10,205.00,174.71
1996-10-06,105839.70,2155.10,209.00,163.51
1996-10-07,105839.70,2155.10,205.00,205.00
1996-10-08,105809.63,2155.10,202.00,186.84
1996-10-09,105660.00,2155.10,198.00,122.56
1996-10-10,105602.00,2155.00,198.00,168.76
1996-10-11,105515.00,2155.00,202.00,158.14
1996-10-12,105370.00,2155.00,198.00,124.90
1996-10-13,105310.00,2154.90,198.00,167.75
1996-10-14,105690.07,2155.10,198.00,389.62
1996-10-15,105990.00,2155.20,198.00,349.21
1996-10-16,106260.00,2155.30,197.00,333.13
1996-10-17,106434.42,2155.30,200.00,287.94
1996-10-18,106940.00,2155.50,199.00,453.90
1996-10-19,107179.07,2155.60,198.00,318.53
1996-10-20,107265.58,2155.60,198.00,241.61
1996-10-21,107470.00,2155.70,155.00,258.06
1996-10-22,108040.00,2155.90,112.00,399.38
1996-10-23,108729.48,2156.10,112.00,459.62
1996-10-24,109530.00,2156.40,111.00,514.59
1996-10-25,110070.00,2156.50,110.00,382.25
1996-10-26,110580.00,2156.70,110.00,367.13
1996-10-27,111150.00,2156.90,109.00,396.38
1996-10-28,112090.00,2157.20,112.00,585.92
1996-10-29,114050.00,2157.90,111.00,1099.17
1996-10-30,115580.00,2158.40,110.00,881.38
1996-10-31,116676.00,2158.70,110.00,662.57
1996-11-01,117720.00,2159.10,109.00,635.35
1996-11-02,118520.44,2159.30,112.00,515.55
1996-11-03,119414.62,2159.60,111.00,561.82
1996-11-04,120190.00,2159.90,110.00,500.92
1996-11-05,120841.08,2160.10,110.00,438.25
1996-11-06,122236.00,2160.50,112.00,815.27
1996-11-07,122918.00,2160.70,112.00,455.84
1996-11-08,123889.00,2161.00,111.00,600.55
1996-11-09,125232.00,2161.50,110.00,787.10
1996-11-10,126800.00,2162.00,110.00,900.53
1996-11-11,128246.00,2162.40,112.00,841.03
1996-11-12,129634.00,2162.90,112.00,811.78
1996-11-13,131917.53,2163.60,111.00,1262.28
1996-11-14,134116.23,2164.30,110.00,1218.51
1996-11-15,135940.00,2164.90,110.00,1029.48
1996-11-16,137485.84,2165.30,109.00,888.36
1996-11-17,138904.16,2165.80,109.00,824.07
1996-11-18,140715.84,2166.30,111.00,1024.39
1996-11-19,142212.33,2166.80,111.00,865.48
1996-11-20,143093.08,2167.10,115.00,559.05
1996-11-21,143975.84,2167.30,112.00,557.06
1996-11-22,144667.00,2167.50,106.00,454.46
1996-11-23,145482.33,2167.80,106.00,517.06
1996-11-24,146266.00,2168.00,107.00,502.10
1996-11-25,147056.16,2168.30,104.00,502.37
1996-11-26,147650.00,2168.50,102.00,401.40
1996-11-27,148970.00,2168.90,102.00,767.50
1996-11-28,152148.48,2169.80,102.00,1704.49
1996-11-29,154653.08,2170.60,105.00,1367.73
1996-11-30,156894.00,2171.20,108.00,1237.80
1996-12-01,158742.25,2171.80,109.00,1040.83
1996-12-02,160340.00,2172.30,112.00,917.53
1996-12-03,161553.67,2172.60,112.00,723.89
1996-12-04,163050.00,2173.10,112.00,866.40
1996-12-05,164206.00,2173.40,113.00,695.82
1996-12-06,165372.00,2173.70,113.00,700.86
1996-12-07,166290.00,2174.00,113.00,575.83
1996-12-08,167218.17,2174.30,113.00,580.95
1996-12-09,168110.00,2174.50,114.00,563.63
1996-12-10,168895.08,2174.80,117.00,512.81
1996-12-11,169585.00,2175.00,117.00,464.84
1996-12-12,170274.00,2175.20,118.00,465.37
1996-12-13,171134.00,2175.40,115.00,548.58
1996-12-14,171480.00,2175.50,115.00,289.44
1996-12-15,172205.00,2175.70,115.00,480.52
1996-12-16,172589.83,2175.80,116.00,310.02
1996-12-17,172932.00,2175.90,116.00,288.51
1996-12-18,173350.00,2176.10,119.00,329.74
1996-12-19,173970.00,2176.20,119.00,431.58
1996-12-20,174458.00,2176.40,120.00,366.03
1996-12-21,174800.00,2176.50,120.00,292.43
1996-12-22,175359.83,2176.60,120.00,402.25
1996-12-23,176018.58,2176.80,121.00,453.12
1996-12-24,176680.00,2177.00,121.00,454.47
1996-12-25,177099.83,2177.10,121.00,332.66
1996-12-26,177758.58,2177.30,121.00,453.12
1996-12-27,178175.00,2177.40,122.00,331.95
1996-12-28,178525.00,2177.50,122.00,298.46
1996-12-29,179435.42,2177.80,122.00,581.00
1996-12-30,179855.00,2177.90,122.00,333.54
1996-12-31,181080.17,2178.30,123.00,740.69
1997-01-01,182630.00,2178.70,123.00,904.37
1997-01-02,184809.83,2179.30,126.00,1225.00
1997-01-03,187115.00,2180.00,127.00,1289.19
1997-01-04,188790.00,2180.50,127.00,971.48
1997-01-05,190147.83,2180.80,130.00,814.57
1997-01-06,191820.44,2181.30,130.00,973.27
1997-01-07,193440.00,2181.80,137.00,953.53
1997-01-08,194942.00,2182.20,140.00,897.26
1997-01-09,196427.39,2182.60,140.00,888.88
1997-01-10,197363.91,2182.80,140.00,612.16
1997-01-11,198480.00,2183.20,144.00,706.70
1997-01-12,199459.00,2183.40,144.00,637.58
1997-01-13,200217.83,2183.60,144.00,526.58
1997-01-14,200876.53,2183.80,145.00,477.10
1997-01-15,201596.00,2184.00,142.00,504.73
1997-01-16,202182.00,2184.20,142.00,437.44
1997-01-17,203128.00,2184.40,142.00,618.94
1997-01-18,203892.91,2184.60,143.00,528.64
1997-01-19,204585.81,2184.80,143.00,492.34
1997-01-20,205242.00,2185.00,143.00,473.83
1997-01-21,205868.00,2185.20,143.00,458.61
1997-01-22,206562.00,2185.40,144.00,493.89
1997-01-23,207404.55,2185.60,141.00,565.78
1997-01-24,207950.00,2185.80,141.00,416.00
1997-01-25,208505.00,2185.90,145.00,424.81
1997-01-26,208949.00,2186.00,133.00,356.85
1997-01-27,210230.00,2186.40,145.00,790.84
1997-01-28,210900.00,2186.60,142.00,479.79
1997-01-29,211560.00,2186.70,146.00,478.75
1997-01-30,212370.00,2187.00,146.00,554.38
1997-01-31,214700.36,2187.60,146.00,1320.89
1997-02-01,216820.00,2188.20,149.00,1217.65
1997-02-02,218338.09,2188.60,150.00,915.37
1997-02-03,219724.00,2188.90,150.00,848.73
1997-02-04,220920.00,2189.30,150.00,752.98
1997-02-05,221850.00,2189.50,151.00,619.88
1997-02-06,223049.64,2189.80,154.00,758.82
1997-02-07,224140.00,2190.10,154.00,703.72
1997-02-08,225230.00,2190.40,154.00,703.54
1997-02-09,226320.00,2190.70,155.00,704.54
1997-02-10,227186.00,2190.90,155.00,591.61
1997-02-11,228098.00,2191.20,155.00,614.80
1997-02-12,228962.00,2191.40,155.00,590.60
1997-02-13,229721.44,2191.60,156.00,538.88
1997-02-14,231916.00,2192.20,162.00,1268.43
1997-02-15,234244.28,2192.80,168.00,1341.84
1997-02-16,236420.00,2193.40,168.00,1264.93
1997-02-17,238520.00,2193.90,165.00,1223.75
1997-02-18,240601.00,2194.40,168.00,1217.17
1997-02-19,242765.00,2195.00,168.00,1259.02
1997-02-20,244315.00,2195.40,171.00,952.46
1997-02-21,245553.00,2195.70,171.00,795.16
1997-02-22,246680.00,2196.00,171.00,739.20
1997-02-23,247820.00,2196.30,171.00,745.75
1997-02-24,248595.00,2196.50,168.00,558.73
1997-02-25,249453.00,2196.70,171.00,603.58
1997-02-26,250470.00,2197.00,171.00,683.74
1997-02-27,251257.00,2197.20,171.00,567.78
1997-02-28,252076.00,2197.40,171.00,583.91
1997-03-01,253295.00,2197.70,171.00,785.58
1997-03-02,254000.00,2197.90,171.00,526.44
1997-03-03,254709.09,2198.10,171.00,528.50
1997-03-04,255380.00,2198.20,171.00,509.25
1997-03-05,256090.00,2198.40,174.00,531.96
1997-03-06,256839.52,2198.60,174.00,551.88
1997-03-07,257547.28,2198.80,174.00,530.83
1997-03-08,258100.00,2198.90,174.00,452.66
1997-03-09,259130.00,2199.20,177.00,696.29
1997-03-10,259840.00,2199.40,177.00,534.96
1997-03-11,260440.00,2199.50,180.00,482.50
1997-03-12,260911.81,2199.60,177.00,414.87
1997-03-13,261510.30,2199.80,177.00,478.74
1997-03-14,262063.00,2199.90,177.00,455.65
1997-03-15,262939.91,2200.10,180.00,622.11
1997-03-16,263653.66,2200.30,177.00,536.85
1997-03-17,265290.00,2200.70,180.00,1004.99
1997-03-18,266803.63,2201.10,180.00,943.12
1997-03-19,275360.00,2203.20,189.00,4502.84
1997-03-20,286984.50,2206.10,192.00,6052.69
1997-03-21,293945.50,2207.80,195.00,3704.51
1997-03-22,298470.00,2208.90,195.00,2476.10
1997-03-23,301780.00,2209.70,198.00,1866.79
1997-03-24,304648.00,2210.40,237.00,1682.95
1997-03-25,306308.41,2210.80,595.00,1432.12
1997-03-26,306602.00,2210.90,1552.00,1700.02
1997-03-27,306350.50,2210.80,1795.00,1668.20
1997-03-28,306099.00,2210.70,1795.00,1668.20
1997-03-29,305228.00,2210.50,1804.00,1364.87
1997-03-30,304060.00,2210.30,1804.00,1215.13
1997-03-31,302820.00,2210.00,1794.00,1168.83
1997-04-01,301364.50,2209.60,1794.00,1060.19
1997-04-02,299584.00,2209.20,1794.00,896.33
1997-04-03,297850.00,2208.80,1857.00,982.77
1997-04-04,295174.50,2208.10,2225.00,876.10
1997-04-05,292140.00,2207.40,2378.00,848.11
1997-04-06,289147.81,2206.60,2369.00,860.44
1997-04-07,286042.00,2205.90,2351.00,785.15
1997-04-08,283027.81,2205.10,2342.00,822.35
1997-04-09,280140.00,2204.40,2332.00,876.06
1997-04-10,277260.00,2203.70,2332.00,880.00
1997-04-11,274436.00,2203.00,2323.00,899.23
1997-04-12,271657.69,2202.30,2314.00,913.27
1997-04-13,268970.00,2201.70,2304.00,948.96
1997-04-14,266570.00,2201.10,2223.00,1013.00
1997-04-15,264290.00,2200.50,2097.00,947.50
1997-04-16,262460.00,2200.00,2070.00,1147.37
1997-04-17,261230.00,2199.70,2078.00,1457.87
1997-04-18,259920.00,2199.40,2078.00,1417.54
1997-04-19,258970.91,2199.10,2069.00,1590.50
1997-04-20,263140.00,2200.20,1714.00,3815.92
1997-04-21,268529.00,2201.50,755.00,3471.96
1997-04-22,272300.00,2202.50,754.00,2655.21
1997-04-23,275080.00,2203.20,957.00,2358.58
1997-04-24,276700.19,2203.60,1474.00,2290.84
1997-04-25,277340.00,2203.70,1978.00,2300.57
1997-04-26,278117.00,2203.90,2130.00,2521.74
1997-04-27,279860.00,2204.40,2139.00,3017.76
1997-04-28,280997.81,2204.60,2301.00,2874.65
1997-04-29,280588.00,2204.50,2721.00,2514.39
1997-04-30,279170.00,2204.20,3011.00,2296.09
1997-05-01,277420.00,2203.80,3000.00,2117.71
1997-05-02,275120.00,2203.20,3000.00,1840.42
1997-05-03,272540.00,2202.50,2989.00,1688.25
1997-05-04,270170.00,2202.00,2979.00,1784.12
1997-05-05,267840.00,2201.40,2968.00,1793.29
1997-05-06,266648.19,2201.10,2958.00,2357.13
1997-05-07,265970.00,2200.90,2957.00,2615.08
1997-05-08,265250.00,2200.70,2947.00,2584.00
1997-05-09,264970.00,2200.70,2946.00,2804.83
1997-05-10,266250.00,2201.00,2945.00,3590.33
1997-05-11,268447.00,2201.50,2955.00,4062.65
1997-05-12,273103.00,2202.70,2574.00,4921.40
1997-05-13,281931.00,2204.90,1435.00,5885.79
1997-05-14,293822.19,2207.80,587.00,6582.14
1997-05-15,305935.00,2210.70,591.00,6697.88
1997-05-16,317340.00,2213.40,591.00,6341.02
1997-05-17,328248.00,2216.00,601.00,6100.45
1997-05-18,336703.00,2218.00,903.00,5165.73
1997-05-19,342016.00,2219.20,1616.00,4294.64
1997-05-20,344142.00,2219.70,2690.00,3761.86
1997-05-21,344406.00,2219.70,3069.00,3202.10
1997-05-22,343923.78,2219.60,3059.00,2815.88
1997-05-23,342753.00,2219.40,3429.00,2838.73
1997-05-24,340848.00,2218.90,3709.00,2748.56
1997-05-25,338992.00,2218.50,3696.00,2760.27
1997-05-26,337176.22,2218.10,3696.00,2780.54
1997-05-27,335456.00,2217.70,3683.00,2815.72
1997-05-28,334500.00,2217.50,3682.00,3200.02
1997-05-29,335450.00,2217.70,3670.00,4148.96
1997-05-30,337047.00,2218.00,3681.00,4486.15
1997-05-31,339895.00,2218.70,3692.00,5127.87
1997-06-01,343316.00,2219.50,3704.00,5428.76
1997-06-02,344579.31,2219.80,3715.00,4351.92
1997-06-03,345496.00,2220.00,3714.00,4176.16
1997-06-04,346716.22,2220.30,3714.00,4329.19
1997-06-05,346931.75,2220.30,3725.00,3833.66
1997-06-06,347544.00,2220.50,3244.00,3552.68
1997-06-07,348552.00,2220.70,2830.00,3338.20
1997-06-08,349646.00,2220.90,2829.00,3380.56
1997-06-09,353464.66,2221.80,2335.00,4260.24
1997-06-10,357780.44,2222.80,1494.00,3669.87
1997-06-11,363584.44,2224.10,1099.00,4025.19
1997-06-12,369330.00,2225.40,990.00,3886.72
1997-06-13,374485.00,2226.50,924.00,3522.98
1997-06-14,380525.00,2227.90,685.00,3730.17
1997-06-15,387854.00,2229.50,548.00,4243.04
1997-06-16,395295.56,2231.10,508.00,4259.79
1997-06-17,402241.53,2232.60,512.00,4013.93
1997-06-18,409420.00,2234.20,512.00,4131.15
1997-06-19,414711.34,2235.30,551.00,3218.72
1997-06-20,419280.00,2236.30,521.00,2824.37
1997-06-21,422696.00,2237.00,521.00,2243.23
1997-06-22,426170.00,2237.70,521.00,2272.48
1997-06-23,429231.88,2238.30,520.00,2063.70
1997-06-24,434252.00,2239.40,525.00,3055.98
1997-06-25,437046.00,2240.00,923.00,2331.64
1997-06-26,437669.41,2240.10,1903.00,2217.30
1997-06-27,437190.00,2240.00,2443.00,2201.30
1997-06-28,436326.81,2239.80,2517.00,2081.81
1997-06-29,436134.34,2239.80,2522.00,2424.96
1997-06-30,435750.00,2239.70,2486.00,2292.23
1997-07-01,435166.16,2239.60,2319.00,2024.65
1997-07-02,434924.00,2239.50,2098.00,1975.91
1997-07-03,435362.63,2239.60,1903.00,2124.14
1997-07-04,436134.34,2239.80,1862.00,2251.08
1997-07-05,437142.00,2240.00,2127.00,2635.03
1997-07-06,437621.28,2240.10,2472.00,2713.64
1997-07-07,437286.00,2240.00,2797.00,2627.96
1997-07-08,436326.81,2239.80,2791.00,2307.41
1997-07-09,437334.00,2240.00,2646.00,3153.79
1997-07-10,437190.00,2240.00,2920.00,2847.40
1997-07-11,435654.00,2239.70,2960.00,2185.60
1997-07-12,433628.13,2239.30,2850.00,1828.62
1997-07-13,431958.00,2238.90,2660.00,1817.98
1997-07-14,430902.00,2238.70,2354.00,1821.60
1997-07-15,430613.75,2238.60,1904.00,1758.67
1997-07-16,430854.00,2238.70,1680.00,1801.13
1997-07-17,430998.00,2238.70,1608.00,1680.60
1997-07-18,431046.00,2238.70,1608.00,1632.20
1997-07-19,431046.00,2238.70,1760.00,1760.00
1997-07-20,429703.00,2238.40,2246.00,1568.90
1997-07-21,427696.00,2238.00,2670.00,1658.14
1997-07-22,425554.22,2237.60,2700.00,1620.18
1997-07-23,422984.00,2237.00,2710.00,1414.18
1997-07-24,419995.00,2236.40,2890.00,1383.05
1997-07-25,416308.66,2235.60,2980.00,1121.47
1997-07-26,412595.78,2234.80,3020.00,1148.09
1997-07-27,408856.00,2234.00,3050.00,1164.53
1997-07-28,404938.00,2233.20,3090.00,1114.67
1997-07-29,400570.00,2232.30,3255.00,1052.80
1997-07-30,396272.78,2231.30,3244.00,1077.48
1997-07-31,391984.00,2230.40,3200.00,1037.74
1997-08-01,387394.00,2229.40,3233.00,918.87
1997-08-02,382790.00,2228.40,3255.00,933.82
1997-08-03,377950.00,2227.30,3266.00,825.83
1997-08-04,372960.00,2226.20,3277.00,761.21
1997-08-05,368040.00,2225.10,3310.00,829.50
1997-08-06,363230.00,2224.00,3409.00,983.96
1997-08-07,357380.00,2222.70,3574.00,624.62
1997-08-08,351620.00,2221.40,3618.00,714.00
1997-08-09,346100.00,2220.10,3464.00,681.00
1997-08-10,340800.00,2218.90,3354.00,681.92
1997-08-11,335542.00,2217.70,3332.00,681.09
1997-08-12,330177.00,2216.40,3343.00,638.14
1997-08-13,324796.00,2215.20,3376.00,663.08
1997-08-14,319412.00,2213.90,3365.00,650.57
1997-08-15,314015.78,2212.60,3354.00,633.40
1997-08-16,308770.00,2211.40,3332.00,687.25
1997-08-17,303481.59,2210.10,3310.00,643.76
1997-08-18,298137.69,2208.80,3277.00,582.78
1997-08-19,292460.00,2207.40,3299.00,436.50
1997-08-20,285960.00,2205.90,3299.00,21.91
1997-08-21,280300.00,2204.50,3222.00,368.42
1997-08-22,274880.00,2203.10,3090.00,357.42
1997-08-23,269570.00,2201.80,3040.00,362.87
1997-08-24,264250.00,2200.50,3020.00,337.83
1997-08-25,259530.00,2199.30,2790.00,410.33
1997-08-26,255460.00,2198.30,2519.00,467.04
1997-08-27,251570.00,2197.30,2353.00,391.79
1997-08-28,248200.00,2196.40,2100.00,400.96
1997-08-29,245170.00,2195.60,1866.00,338.37
1997-08-30,242180.00,2194.90,1775.00,267.54
1997-08-31,239290.00,2194.10,1757.00,299.96
1997-09-01,236340.00,2193.30,1741.00,253.71
1997-09-02,233560.00,2192.60,1612.00,210.42
1997-09-03,231200.00,2192.00,1404.00,214.17
1997-09-04,229532.00,2191.50,1202.00,361.05
1997-09-05,227869.53,2191.10,994.00,155.84
1997-09-06,226624.19,2190.80,809.00,181.14
1997-09-07,225837.09,2190.60,611.00,214.17
1997-09-08,225344.00,2190.40,426.00,177.40
1997-09-09,225116.00,2190.40,265.00,150.05
1997-09-10,225116.00,2190.40,192.00,192.00
1997-09-11,225040.00,2190.40,212.00,173.68
1997-09-12,225002.91,2190.30,212.00,193.30
1997-09-13,224965.81,2190.30,212.00,193.30
1997-09-14,225040.00,2190.40,212.00,249.40
1997-09-15,225116.00,2190.40,209.00,247.32
1997-09-16,225648.00,2190.50,209.00,477.22
1997-09-17,226958.00,2190.90,209.00,869.46
1997-09-18,229759.53,2191.60,209.00,1621.44
1997-09-19,231649.53,2192.10,209.00,1161.88
1997-09-20,232676.00,2192.40,209.00,726.51
1997-09-21,233398.09,2192.60,209.00,573.06
1997-09-22,233896.00,2192.70,209.00,460.03
1997-09-23,234282.38,2192.80,209.00,403.80
1997-09-24,234548.00,2192.90,209.00,342.92
1997-09-25,234814.00,2192.90,209.00,343.11
1997-09-26,235042.00,2193.00,212.00,326.95
1997-09-27,236030.00,2193.30,202.00,700.12
1997-09-28,237142.00,2193.50,198.00,758.63
1997-09-29,238064.28,2193.80,192.00,656.98
1997-09-30,238788.00,2194.00,189.00,553.88
1997-10-01,239289.53,2194.10,202.00,454.00
1997-10-02,240173.81,2194.30,201.00,646.83
1997-10-03,241876.19,2194.80,201.00,1059.28
1997-10-04,247070.00,2196.10,200.00,2818.55
1997-10-05,252550.00,2197.50,200.00,2962.83
1997-10-06,255733.67,2198.30,203.00,1808.10
1997-10-07,257860.00,2198.90,202.00,1274.02
1997-10-08,259605.48,2199.30,202.00,1082.02
1997-10-09,260911.81,2199.60,199.00,857.61
1997-10-10,262220.00,2200.00,199.00,858.54
1997-10-11,263580.00,2200.30,200.00,885.67
1997-10-12,264730.00,2200.60,200.00,779.79
1997-10-13,265850.00,2200.90,200.00,764.67
1997-10-14,266960.00,2201.20,201.00,760.63
1997-10-15,268040.00,2201.40,201.00,745.50
1997-10-16,269250.00,2201.70,201.00,811.04
1997-10-17,270330.00,2202.00,198.00,742.50
1997-10-18,271250.00,2202.20,198.00,661.83
1997-10-19,272100.00,2202.40,199.00,627.54
1997-10-20,272859.72,2202.60,199.00,582.03
1997-10-21,273430.09,2202.80,196.00,483.56
1997-10-22,273990.00,2202.90,196.00,478.29
1997-10-23,274395.00,2203.00,197.00,401.19
1997-10-24,274879.72,2203.10,193.00,437.38
1997-10-25,275240.00,2203.20,194.00,375.64
1997-10-26,275646.59,2203.30,194.00,398.99
1997-10-27,276090.00,2203.40,173.00,396.55
1997-10-28,276620.00,2203.60,159.00,426.21
1997-10-29,278560.00,2204.00,162.00,1140.08
1997-10-30,287641.09,2206.30,209.00,4787.39
1997-10-31,296494.00,2208.40,168.00,4631.34
1997-11-01,301822.00,2209.70,168.00,2854.20
1997-11-02,305435.28,2210.60,168.00,1989.70
1997-11-03,308356.31,2211.30,168.00,1640.69
1997-11-04,310824.00,2211.90,300.00,1544.13
1997-11-05,311915.78,2212.10,698.00,1248.44
1997-11-06,314184.00,2212.70,1045.00,2188.56
1997-11-07,313889.50,2212.60,1297.00,1148.52
1997-11-08,313386.00,2212.50,1297.00,1043.15
1997-11-09,312588.41,2212.30,1297.00,894.88
1997-11-10,311538.00,2212.00,1297.00,767.42
1997-11-11,310404.22,2211.80,1297.00,725.38
1997-11-12,309270.00,2211.50,1182.00,610.16
1997-11-13,308607.91,2211.30,933.00,599.19
1997-11-14,308272.09,2211.30,736.00,566.69
1997-11-15,307978.00,2211.20,637.00,488.73
1997-11-16,307686.69,2211.10,636.00,489.13
1997-11-17,307645.59,2211.10,634.00,613.28
1997-11-18,307400.00,2211.10,632.00,508.18
1997-11-19,307190.00,2211.00,630.00,524.12
1997-11-20,307645.59,2211.10,628.00,857.70
1997-11-21,307645.59,2211.10,626.00,626.00
1997-11-22,307563.41,2211.10,624.00,582.56
1997-11-23,307645.59,2211.10,622.00,663.44
1997-11-24,307645.59,2211.10,620.00,620.00
1997-11-25,307727.81,2211.10,618.00,659.45
1997-11-26,307604.50,2211.10,617.00,554.83
1997-11-27,307482.19,2211.10,615.00,553.33
1997-11-28,307400.00,2211.10,613.00,571.56
1997-11-29,307358.00,2211.00,611.00,589.83
1997-11-30,307274.00,2211.00,609.00,566.65
1997-12-01,307106.00,2211.00,567.00,482.30
1997-12-02,307022.00,2211.00,540.00,497.65
1997-12-03,307022.00,2211.00,468.00,468.00
1997-12-04,306980.00,2211.00,467.00,445.82
1997-12-05,306896.00,2210.90,465.00,422.65
1997-12-06,306770.00,2210.90,463.00,399.47
1997-12-07,306602.00,2210.90,462.00,377.30
1997-12-08,306392.63,2210.80,451.00,345.44
1997-12-09,306308.41,2210.80,454.00,411.54
1997-12-10,306224.22,2210.80,452.00,409.56
1997-12-11,306058.00,2210.70,448.00,364.20
1997-12-12,305894.00,2210.70,411.00,328.32
1997-12-13,305561.59,2210.60,344.00,176.41
1997-12-14,305140.00,2210.50,340.00,127.45
1997-12-15,304690.00,2210.40,308.00,81.12
1997-12-16,305230.00,2210.50,293.00,565.25
1997-12-17,305687.91,2210.60,290.00,520.86
1997-12-18,305771.00,2210.70,261.00,302.89
1997-12-19,305976.00,2210.70,226.00,329.35
1997-12-20,306182.09,2210.80,215.00,318.91
1997-12-21,306224.22,2210.80,211.00,232.24
1997-12-22,306475.78,2210.80,211.00,337.83
1997-12-23,306770.00,2210.90,211.00,359.34
1997-12-24,306896.00,2210.90,210.00,273.53
1997-12-25,306938.00,2210.90,210.00,231.18
1997-12-26,307358.00,2211.00,210.00,421.75
1997-12-27,307441.09,2211.10,206.00,247.89
1997-12-28,308146.00,2211.20,209.00,564.39
1997-12-29,308482.63,2211.30,215.00,384.72
1997-12-30,309019.00,2211.40,215.00,485.42
1997-12-31,309731.59,2211.60,215.00,574.27
1998-01-01,310530.50,2211.80,214.00,616.78
1998-01-02,311244.00,2212.00,214.00,573.72
1998-01-03,311915.78,2212.10,214.00,552.69
1998-01-04,312420.00,2212.30,213.00,467.21
1998-01-05,313638.00,2212.50,199.00,813.08
1998-01-06,314436.00,2212.70,171.00,573.33
1998-01-07,315100.00,2212.90,156.00,490.77
1998-01-08,315696.00,2213.00,156.00,456.48
1998-01-09,316157.91,2213.10,156.00,388.88
1998-01-10,316578.00,2213.20,156.00,367.80
1998-01-11,316914.72,2213.30,156.00,325.76
1998-01-12,317250.00,2213.40,156.00,325.04
1998-01-13,317847.00,2213.50,156.00,456.99
1998-01-14,318520.00,2213.70,156.00,495.30
1998-01-15,318988.63,2213.80,153.00,389.27
1998-01-16,319538.00,2213.90,156.00,432.98
1998-01-17,320251.59,2214.10,156.00,515.77
1998-01-18,320721.00,2214.20,159.00,395.66
1998-01-19,321018.41,2214.30,159.00,308.94
1998-01-20,321356.00,2214.40,159.00,329.20
1998-01-21,321868.00,2214.50,159.00,417.13
1998-01-22,322245.28,2214.60,159.00,349.21
1998-01-23,322755.00,2214.70,159.00,415.98
1998-01-24,323222.63,2214.80,159.00,394.76
1998-01-25,323605.00,2214.90,159.00,351.78
1998-01-26,324156.00,2215.00,159.00,436.80
1998-01-27,324583.78,2215.10,159.00,374.67
1998-01-28,324964.00,2215.20,159.00,350.69
1998-01-29,325262.41,2215.30,182.00,332.45
1998-01-30,325433.78,2215.30,228.00,314.40
1998-01-31,325562.00,2215.40,219.00,283.64
1998-02-01,325646.00,2215.40,219.00,261.35
1998-02-02,325814.00,2215.40,219.00,303.70
1998-02-03,325940.00,2215.50,223.00,286.53
1998-02-04,326198.00,2215.50,223.00,353.08
1998-02-05,326327.00,2215.50,226.00,291.04
1998-02-06,326584.47,2215.60,230.00,359.81
1998-02-07,326713.78,2215.60,230.00,295.20
1998-02-08,327052.00,2215.70,230.00,400.52
1998-02-09,327136.00,2215.70,230.00,272.35
1998-02-10,327220.00,2215.80,233.00,275.35
1998-02-11,327650.00,2215.90,233.00,449.79
1998-02-12,328290.00,2216.00,233.00,555.67
1998-02-13,328843.78,2216.10,237.00,516.20
1998-02-14,329231.00,2216.20,240.00,435.22
1998-02-15,329532.41,2216.30,240.00,391.96
1998-02-16,329876.00,2216.40,244.00,417.23
1998-02-17,330134.00,2216.40,240.00,370.08
1998-02-18,330388.00,2216.50,240.00,368.06
1998-02-19,330640.00,2216.60,240.00,367.05
1998-02-20,331070.00,2216.70,244.00,460.79
1998-02-21,331500.00,2216.80,244.00,460.79
1998-02-22,331930.00,2216.90,244.00,460.79
1998-02-23,332102.00,2216.90,247.00,333.72
1998-02-24,332446.00,2217.00,247.00,420.43
1998-02-25,332961.38,2217.10,247.00,506.84
1998-02-26,333176.91,2217.10,247.00,355.66
1998-02-27,333349.00,2217.20,247.00,333.76
1998-02-28,333607.00,2217.20,247.00,377.08
1998-03-01,333865.53,2217.30,247.00,377.34
1998-03-02,334080.00,2217.40,251.00,359.13
1998-03-03,334164.00,2217.40,251.00,293.35
1998-03-04,334290.00,2217.40,251.00,314.53
1998-03-05,334332.00,2217.40,255.00,276.18
1998-03-06,334374.00,2217.40,258.00,279.18
1998-03-07,334416.00,2217.40,262.00,283.18
1998-03-08,334544.00,2217.50,265.00,329.53
1998-03-09,334720.00,2217.50,269.00,357.73
1998-03-10,334852.00,2217.50,276.00,342.55
1998-03-11,334940.00,2217.60,279.00,323.37
1998-03-12,335714.00,2217.70,286.00,676.23
1998-03-13,335929.31,2217.80,290.00,398.55
1998-03-14,336660.00,2218.00,290.00,658.39
1998-03-15,337606.00,2218.20,290.00,766.94
1998-03-16,338732.00,2218.40,294.00,861.69
1998-03-17,339852.00,2218.70,294.00,858.67
1998-03-18,340892.00,2218.90,298.00,822.33
1998-03-19,341538.25,2219.10,298.00,623.82
1998-03-20,342192.00,2219.20,298.00,627.60
1998-03-21,343492.00,2219.50,298.00,953.42
1998-03-22,345012.00,2219.90,298.00,1064.33
1998-03-23,347500.00,2220.50,302.00,1556.37
1998-03-24,349866.00,2221.00,303.00,1495.86
1998-03-25,352056.00,2221.50,303.00,1407.13
1998-03-26,354168.00,2222.00,307.00,1371.80
1998-03-27,355928.00,2222.40,308.00,1195.33
1998-03-28,357204.00,2222.70,308.00,951.32
1998-03-29,358446.00,2222.90,308.00,934.18
1998-03-30,359105.34,2223.10,308.00,640.42
1998-03-31,360392.00,2223.40,313.00,961.69
1998-04-01,361185.13,2223.60,313.00,712.87
1998-04-02,361986.00,2223.70,313.00,716.77
1998-04-03,362740.00,2223.90,313.00,693.14
1998-04-04,363584.44,2224.10,310.00,735.74
1998-04-05,364385.34,2224.30,314.00,717.79
1998-04-06,365140.00,2224.50,314.00,694.47
1998-04-07,365984.88,2224.60,310.00,735.96
1998-04-08,366700.53,2224.80,335.00,695.81
1998-04-09,367280.00,2224.90,383.00,675.15
1998-04-10,367855.13,2225.10,401.00,690.96
1998-04-11,368754.09,2225.30,406.00,859.23
1998-04-12,369195.00,2225.40,406.00,628.29
1998-04-13,369465.00,2225.40,407.00,543.13
1998-04-14,370050.00,2225.60,407.00,701.94
1998-04-15,370364.66,2225.60,407.00,565.64
1998-04-16,371030.22,2225.80,407.00,742.55
1998-04-17,371299.78,2225.80,407.00,542.90
1998-04-18,371885.00,2226.00,407.00,702.05
1998-04-19,372465.34,2226.10,407.00,699.59
1998-04-20,373315.34,2226.30,407.00,835.54
1998-04-21,374575.13,2226.60,407.00,1042.14
1998-04-22,376600.00,2227.00,407.00,1427.88
1998-04-23,380165.56,2227.80,411.00,2208.64
1998-04-24,384388.00,2228.70,411.00,2539.81
1998-04-25,387716.00,2229.50,411.00,2088.87
1998-04-26,389330.00,2229.80,416.00,1229.73
1998-04-27,392674.00,2230.50,416.00,2101.93
1998-04-28,395480.00,2231.20,416.00,1830.69
1998-04-29,399971.66,2232.10,420.00,2684.54
1998-04-30,406710.00,2233.60,420.00,3817.25
1998-05-01,415698.00,2235.50,638.00,5169.45
1998-05-02,422744.00,2237.00,1450.00,5002.36
1998-05-03,427792.00,2238.00,2448.00,4993.03
1998-05-04,430038.00,2238.50,3730.00,4862.36
1998-05-05,430565.66,2238.60,4374.00,4640.03
1998-05-06,430565.66,2238.60,4551.00,4551.00
1998-05-07,430182.00,2238.50,4328.00,4134.57
1998-05-08,429609.00,2238.40,3831.00,3542.11
1998-05-09,429136.81,2238.30,2955.00,2716.94
1998-05-10,428848.13,2238.30,2355.00,2209.45
1998-05-11,429656.00,2238.40,2046.00,2453.30
1998-05-12,431046.00,2238.70,1898.00,2598.79
1998-05-13,433340.00,2239.20,1648.00,2804.56
1998-05-14,435166.16,2239.60,1616.00,2536.69
1998-05-15,435510.00,2239.70,1984.00,2157.35
1998-05-16,435798.00,2239.70,2074.00,2219.20
1998-05-17,434924.00,2239.50,1893.00,1452.36
1998-05-18,434780.00,2239.50,1566.00,1493.40
1998-05-19,435166.16,2239.60,1260.00,1454.69
1998-05-20,435846.00,2239.70,1127.00,1469.75
1998-05-21,437046.00,2240.00,1140.00,1745.00
1998-05-22,437861.88,2240.10,1287.00,1698.34
1998-05-23,438733.84,2240.30,1468.00,1907.62
1998-05-24,439744.00,2240.50,1716.00,2225.29
1998-05-25,439504.00,2240.50,2694.00,2573.00
1998-05-26,437334.00,2240.00,3138.00,2043.96
1998-05-27,435264.41,2239.60,2713.00,1669.58
1998-05-28,434780.00,2239.50,1586.00,1341.78
1998-05-29,435069.13,2239.60,1229.00,1374.77
1998-05-30,435558.00,2239.70,1081.00,1327.47
1998-05-31,436998.00,2240.00,1011.00,1737.00
1998-06-01,438198.00,2240.20,1393.00,1998.00
1998-06-02,437526.25,2240.10,2781.00,2442.33
1998-06-03,436182.47,2239.80,2890.00,2212.51
1998-06-04,436470.00,2239.90,2102.00,2246.96
1998-06-05,436710.00,2239.90,2002.00,2123.00
1998-06-06,436758.00,2239.90,2164.00,2188.20
1998-06-07,436566.00,2239.90,2173.00,2076.20
1998-06-08,436758.00,2239.90,2019.00,2115.80
1998-06-09,436998.00,2240.00,2046.00,2167.00
1998-06-10,437190.00,2240.00,2144.00,2240.80
1998-06-11,436614.00,2239.90,2225.00,1934.60
1998-06-12,436326.81,2239.80,2017.00,1872.21
1998-06-13,436182.47,2239.80,1900.00,1827.23
1998-06-14,436038.13,2239.80,1700.00,1627.23
1998-06-15,435990.00,2239.80,1476.00,1451.74
1998-06-16,436470.00,2239.90,1314.00,1556.00
1998-06-17,436854.00,2239.90,1209.00,1402.60
1998-06-18,436854.00,2239.90,1187.00,1187.00
1998-06-19,436373.75,2239.80,1236.00,993.87
1998-06-20,436134.34,2239.80,1229.00,1108.30
1998-06-21,435702.00,2239.70,1361.00,1143.03
1998-06-22,435020.00,2239.60,1465.00,1121.16
1998-06-23,434348.00,2239.40,1465.00,1126.20
1998-06-24,433724.34,2239.30,1464.00,1149.57
1998-06-25,432911.53,2239.10,1456.00,1046.21
1998-06-26,431910.00,2238.90,1459.00,954.06
1998-06-27,430902.00,2238.70,1462.00,953.80
1998-06-28,429609.00,2238.40,1505.00,853.11
1998-06-29,428320.00,2238.20,1588.00,938.13
1998-06-30,426746.81,2237.80,1639.00,845.85
1998-07-01,425316.00,2237.50,1642.00,920.63
1998-07-02,423982.00,2237.20,1646.00,973.44
1998-07-03,422600.00,2237.00,1649.00,952.24
1998-07-04,421180.00,2236.70,1652.00,936.08
1998-07-05,419568.72,2236.30,1647.00,834.65
1998-07-06,417870.00,2236.00,1650.00,793.56
1998-07-07,416167.31,2235.60,1645.00,786.56
1998-07-08,414476.00,2235.20,1632.00,779.30
1998-07-09,412737.00,2234.90,1659.00,782.25
1998-07-10,410538.00,2234.40,1776.00,667.34
1998-07-11,408204.00,2233.90,1869.00,692.27
1998-07-12,405587.78,2233.30,1963.00,643.99
1998-07-13,402568.00,2232.70,2200.00,677.53
1998-07-14,398398.34,2231.80,2733.00,630.80
1998-07-15,393364.00,2230.70,3164.00,625.85
1998-07-16,387716.00,2229.50,3454.00,606.47
1998-07-17,382160.00,2228.20,3480.00,678.85
1998-07-18,375790.00,2226.80,3561.00,349.46
1998-07-19,369240.00,2225.40,3577.00,274.71
1998-07-20,363360.00,2224.10,3647.00,682.50
1998-07-21,356940.00,2222.60,3748.00,511.25
1998-07-22,349780.00,2221.00,3831.00,221.16
1998-07-23,343100.00,2219.40,3843.00,475.16
1998-07-24,336700.00,2218.00,3842.00,615.33
1998-07-25,329570.00,2216.30,3865.00,270.29
1998-07-26,322500.00,2214.60,3829.00,264.54
1998-07-27,315400.00,2213.00,3792.00,212.41
1998-07-28,308820.00,2211.40,3803.00,485.58
1998-07-29,302195.50,2209.80,3815.00,475.15
1998-07-30,295585.00,2208.20,3778.00,445.20
1998-07-31,288820.00,2206.60,3705.00,294.31
1998-08-01,282420.00,2205.00,3622.00,395.33
1998-08-02,276170.00,2203.40,3578.00,426.96
1998-08-03,269970.00,2201.90,3566.00,440.16
1998-08-04,263890.00,2200.40,3455.00,389.67
1998-08-05,257710.00,2198.80,3345.00,229.25
1998-08-06,251840.00,2197.30,3311.00,351.54
1998-08-07,245790.00,2195.80,3333.00,282.79
1998-08-08,239790.00,2194.20,3365.00,340.00
1998-08-09,233940.00,2192.70,3320.00,370.62
1998-08-10,227940.00,2191.10,3353.00,328.00
1998-08-11,221480.00,2189.40,3363.00,106.08
1998-08-12,214850.00,2187.60,3385.00,42.37
1998-08-13,208250.00,2185.80,3417.00,89.50
1998-08-14,201820.00,2184.10,3372.00,130.21
1998-08-15,195630.00,2182.40,3328.00,207.21
1998-08-16,189790.00,2180.70,3283.00,338.67
1998-08-17,183960.00,2179.10,3238.00,298.71
1998-08-18,178000.00,2177.40,3194.00,189.17
1998-08-19,172140.00,2175.70,3149.00,194.58
1998-08-20,166220.00,2174.00,3105.00,120.33
1998-08-21,160470.00,2172.30,3023.00,124.04
1998-08-22,155120.00,2170.70,2922.00,224.71
1998-08-23,149690.00,2169.10,2862.00,124.37
1998-08-24,144630.00,2167.50,2741.00,189.92
1998-08-25,139650.00,2166.00,2651.00,140.25
1998-08-26,134690.00,2164.50,2710.00,209.33
1998-08-27,129630.00,2162.90,2754.00,202.92
1998-08-28,124450.00,2161.20,2729.00,117.42
1998-08-29,119510.00,2159.60,2653.00,162.42
1998-08-30,114850.00,2158.10,2588.00,238.58
1998-08-31,110130.00,2156.60,2512.00,132.33
1998-09-01,105810.00,2155.10,2234.00,56.00
1998-09-02,102340.00,2153.90,1887.00,137.54
1998-09-03,99278.00,2152.90,1644.00,100.24
1998-09-04,96678.00,2152.00,1339.00,28.17
1998-09-05,94310.93,2151.10,1237.00,43.60
1998-09-06,91980.00,2150.30,1212.00,36.82
1998-09-07,89760.00,2149.50,1131.00,11.75
1998-09-08,87944.00,2148.90,930.00,14.43
1998-09-09,86750.00,2148.50,621.00,19.02
1998-09-10,86302.27,2148.30,274.00,48.27
1998-09-11,86134.00,2148.20,180.00,95.16
1998-09-12,85910.00,2148.20,203.00,90.07
1998-09-13,85580.00,2148.00,198.00,31.62
1998-09-14,85190.00,2147.90,213.00,16.37
1998-09-15,84810.00,2147.80,211.00,19.42
1998-09-16,84445.80,2147.60,208.00,24.38
1998-09-17,84115.00,2147.50,210.00,43.22
1998-09-18,83812.00,2147.40,211.00,58.24
1998-09-19,83538.27,2147.30,212.00,73.99
1998-09-20,83262.00,2147.20,214.00,74.72
1998-09-21,82934.13,2147.10,215.00,49.70
1998-09-22,82712.00,2147.00,216.00,104.01
1998-09-23,82438.00,2146.90,214.00,75.86
1998-09-24,82168.27,2146.80,219.00,83.01
1998-09-25,81920.00,2146.70,220.00,94.83
1998-09-26,81500.00,2146.50,221.00,9.25
1998-09-27,81213.00,2146.40,223.00,78.30
1998-09-28,80970.00,2146.40,220.00,97.49
1998-09-29,80690.00,2146.30,222.00,80.83
1998-09-30,80420.00,2146.20,226.00,89.87
1998-10-01,80096.00,2146.00,226.00,63.00
1998-10-02,79853.00,2145.90,228.00,105.49
1998-10-03,79555.00,2145.80,229.00,78.76
1998-10-04,79313.00,2145.70,231.00,108.99
1998-10-05,79070.00,2145.70,229.00,106.49
1998-10-06,78827.00,2145.60,230.00,107.49
1998-10-07,78503.00,2145.40,232.00,68.65
1998-10-08,78205.00,2145.30,230.00,79.76
1998-10-09,77936.00,2145.20,234.00,98.38
1998-10-10,77692.00,2145.10,239.00,115.98
1998-10-11,77450.00,2145.10,241.00,118.99
1998-10-12,77288.00,2145.00,242.00,160.32
1998-10-13,77024.00,2144.90,240.00,106.90
1998-10-14,76812.40,2144.80,242.00,135.32
1998-10-15,76812.40,2144.80,243.00,243.00
1998-10-16,76704.13,2144.80,244.00,189.42
1998-10-17,76596.00,2144.70,242.00,187.48
1998-10-18,76542.00,2144.70,244.00,216.77
1998-10-19,76488.00,2144.70,245.00,217.77
1998-10-20,76434.00,2144.70,247.00,219.77
1998-10-21,76327.88,2144.60,248.00,194.50
1998-10-22,76146.06,2144.60,246.00,154.34
1998-10-23,75931.00,2144.50,248.00,139.57
1998-10-24,75904.00,2144.50,248.00,234.39
1998-10-25,75715.00,2144.40,244.00,148.71
1998-10-26,75476.38,2144.30,244.00,123.70
1998-10-27,75131.00,2144.20,244.00,69.87
1998-10-28,75077.00,2144.20,243.00,215.77
1998-10-29,74807.06,2144.10,242.00,105.91
1998-10-30,74598.00,2144.00,241.00,135.60
1998-10-31,74385.00,2143.90,237.00,129.61
1998-11-01,74197.88,2143.80,236.00,141.66
1998-11-02,73938.00,2143.70,235.00,103.98
1998-11-03,73702.94,2143.60,234.00,115.49
1998-11-04,73487.06,2143.60,195.00,86.16
1998-11-05,73487.06,2143.60,151.00,151.00
1998-11-06,73487.06,2143.60,149.00,149.00
1998-11-07,73487.06,2143.60,149.00,149.00
1998-11-08,73460.00,2143.60,150.00,136.36
1998-11-09,73434.00,2143.50,148.00,134.89
1998-11-10,73382.00,2143.50,146.00,119.78
1998-11-11,73330.00,2143.50,146.00,119.78
1998-11-12,73200.00,2143.50,147.00,81.46
1998-11-13,75022.94,2144.10,150.00,1069.06
1998-11-14,79015.87,2145.60,150.00,2163.10
1998-11-15,81808.00,2146.70,153.00,1560.70
1998-11-16,84278.07,2147.60,156.00,1401.33
1998-11-17,85910.00,2148.20,153.00,975.77
1998-11-18,87131.59,2148.60,150.00,765.88
1998-11-19,88112.00,2148.90,150.00,644.29
1998-11-20,89596.00,2149.50,153.00,901.18
1998-11-21,91674.00,2150.20,159.00,1206.66
1998-11-22,93088.00,2150.70,156.00,868.89
1998-11-23,94223.72,2151.10,156.00,728.59
1998-11-24,95364.00,2151.50,156.00,730.89
1998-11-25,97083.72,2152.10,159.00,1026.03
1998-11-26,99075.35,2152.80,159.00,1163.12
1998-11-27,100757.00,2153.40,159.00,1006.83
1998-11-28,102071.86,2153.80,159.00,821.91
1998-11-29,103184.00,2154.20,162.00,722.70
1998-11-30,104100.00,2154.50,162.00,623.82
1998-12-01,105160.00,2154.90,162.00,696.42
1998-12-02,106405.35,2155.30,162.00,789.87
1998-12-03,107179.07,2155.60,165.00,555.08
1998-12-04,107680.00,2155.70,162.00,414.55
1998-12-05,108250.00,2155.90,162.00,449.38
1998-12-06,108700.15,2156.10,162.00,388.95
1998-12-07,109201.00,2156.20,162.00,414.51
1998-12-08,109560.00,2156.40,162.00,343.00
1998-12-09,109920.00,2156.50,162.00,343.50
1998-12-10,110309.70,2156.60,162.00,358.48
1998-12-11,110670.00,2156.70,162.00,343.65
1998-12-12,111180.00,2156.90,162.00,419.13
1998-12-13,111940.00,2157.20,162.00,545.17
1998-12-14,113080.00,2157.50,162.00,736.75
1998-12-15,114081.00,2157.90,162.00,666.67
1998-12-16,115150.00,2158.20,162.00,700.95
1998-12-17,116066.00,2158.50,165.00,626.82
1998-12-18,116893.23,2158.80,165.00,582.06
1998-12-19,117751.08,2159.10,168.00,600.50
1998-12-20,118400.15,2159.30,168.00,495.24
1998-12-21,119720.00,2159.70,168.00,833.43
1998-12-22,120340.00,2159.90,168.00,480.58
1998-12-23,120960.00,2160.10,171.00,483.58
1998-12-24,121770.00,2160.40,171.00,579.38
1998-12-25,122860.00,2160.70,171.00,720.54
1998-12-26,123920.00,2161.10,174.00,708.42
1998-12-27,124950.00,2161.40,174.00,693.29
1998-12-28,127710.00,2162.30,177.00,1568.50
1998-12-29,133350.00,2164.00,180.00,3023.50
1998-12-30,139060.00,2165.80,183.00,3061.79
1998-12-31,144860.00,2167.60,186.00,3110.17
1999-01-01,146930.00,2168.20,189.00,1232.63
1999-01-02,149070.00,2168.90,192.00,1270.92
1999-01-03,151280.00,2169.60,192.00,1306.21
1999-01-04,152950.00,2170.10,195.00,1036.96
1999-01-05,154220.00,2170.40,195.00,835.29
1999-01-06,155520.00,2170.80,198.00,853.42
1999-01-07,156860.00,2171.20,198.00,873.58
1999-01-08,157870.00,2171.50,202.00,711.21
1999-01-09,158920.00,2171.80,202.00,731.38
1999-01-10,160000.00,2172.20,205.00,749.50
1999-01-11,161350.00,2172.60,205.00,885.63
1999-01-12,163050.00,2173.10,209.00,1066.08
1999-01-13,164820.00,2173.60,209.00,1101.38
1999-01-14,168040.00,2174.50,216.00,1839.42
1999-01-15,172140.00,2175.70,203.00,2270.08
1999-01-16,176330.00,2176.90,176.00,2288.46
1999-01-17,180380.00,2178.10,174.00,2215.88
1999-01-18,184530.00,2179.30,175.00,2267.29
1999-01-19,187290.00,2180.00,161.00,1552.50
1999-01-20,189140.00,2180.60,148.00,1080.71
1999-01-21,190960.00,2181.10,146.00,1063.58
1999-01-22,192540.00,2181.50,147.00,943.58
1999-01-23,193720.00,2181.80,145.00,739.92
1999-01-24,194980.00,2182.20,143.00,778.25
1999-01-25,195914.00,2182.40,144.00,614.89
1999-01-26,196896.00,2182.70,144.00,639.09
1999-01-27,197868.00,2183.00,144.00,634.05
1999-01-28,198984.36,2183.30,147.00,709.83
1999-01-29,199930.00,2183.60,147.00,623.76
1999-01-30,200660.00,2183.80,147.00,515.04
1999-01-31,201452.00,2184.00,147.00,546.30
1999-02-01,202072.91,2184.10,147.00,460.04
1999-02-02,203488.00,2184.50,150.00,863.44
1999-02-03,204218.00,2184.70,153.00,521.04
1999-02-04,205131.00,2185.00,153.00,613.30
1999-02-05,205904.00,2185.20,153.00,542.72
1999-02-06,206742.00,2185.40,153.00,575.49
1999-02-07,207662.00,2185.70,153.00,616.83
1999-02-08,207987.09,2185.80,153.00,316.90
1999-02-09,208135.45,2185.80,153.00,227.80
1999-02-10,209060.00,2186.10,150.00,616.13
1999-02-11,209642.00,2186.20,153.00,446.43
1999-02-12,210085.81,2186.30,153.00,376.76
1999-02-13,210419.00,2186.40,150.00,317.98
1999-02-14,210863.00,2186.50,150.00,373.85
1999-02-15,211151.73,2186.60,150.00,295.57
1999-02-16,211519.00,2186.70,150.00,335.16
1999-02-17,212000.00,2186.90,147.00,389.50
1999-02-18,212444.00,2187.00,150.00,373.85
1999-02-19,212887.45,2187.10,147.00,370.57
1999-02-20,213184.00,2187.20,150.00,299.51
1999-02-21,213443.00,2187.20,147.00,277.58
1999-02-22,214072.00,2187.40,147.00,464.12
1999-02-23,214442.00,2187.50,147.00,333.54
1999-02-24,215256.00,2187.70,150.00,560.39
1999-02-25,215811.00,2187.90,150.00,429.81
1999-02-26,216403.00,2188.00,150.00,448.47
1999-02-27,217301.27,2188.30,150.00,602.88
1999-02-28,217967.00,2188.50,150.00,485.64
1999-03-01,218413.34,2188.60,150.00,375.03
1999-03-02,218865.00,2188.70,150.00,377.71
1999-03-03,219345.81,2188.80,150.00,392.41
1999-03-04,219762.00,2188.90,147.00,356.83
1999-03-05,220170.00,2189.10,147.00,352.70
1999-03-06,220502.91,2189.10,147.00,314.84
1999-03-07,220768.00,2189.20,147.00,280.65
1999-03-08,220920.00,2189.30,196.00,272.63
1999-03-09,221031.27,2189.30,267.00,323.10
1999-03-10,221031.27,2189.30,304.00,304.00
1999-03-11,220882.00,2189.20,305.00,229.75
1999-03-12,220768.00,2189.20,307.00,249.52
1999-03-13,220654.00,2189.20,308.00,250.52
1999-03-14,220578.00,2189.20,309.00,270.68
1999-03-15,220465.81,2189.10,311.00,254.44
1999-03-16,220391.64,2189.10,312.00,274.60
1999-03-17,220391.64,2189.10,313.00,313.00
1999-03-18,220280.36,2189.10,315.00,258.90
1999-03-19,220170.00,2189.10,364.00,308.36
1999-03-20,220059.00,2189.00,408.00,352.04
1999-03-21,220059.00,2189.00,410.00,410.00
1999-03-22,220280.36,2189.10,438.00,549.60
1999-03-23,220540.00,2189.20,481.00,611.90
1999-03-24,221031.27,2189.30,486.00,733.68
1999-03-25,221475.00,2189.40,488.00,711.72
1999-03-26,222077.09,2189.60,489.00,792.56
1999-03-27,222448.00,2189.70,491.00,678.00
1999-03-28,222790.00,2189.80,497.00,669.43
1999-03-29,223012.55,2189.80,499.00,611.20
1999-03-30,223049.64,2189.80,500.00,518.70
1999-03-31,223049.64,2189.80,502.00,502.00
1999-04-01,223085.81,2189.80,502.00,520.24
1999-04-02,223049.64,2189.80,502.00,483.76
1999-04-03,222975.45,2189.80,502.00,464.60
1999-04-04,222938.36,2189.80,502.00,483.30
1999-04-05,222827.09,2189.80,502.00,445.90
1999-04-06,222600.00,2189.70,502.00,387.51
1999-04-07,222410.00,2189.70,502.00,406.21
1999-04-08,222150.36,2189.60,502.00,371.10
1999-04-09,222077.09,2189.60,502.00,465.06
1999-04-10,221888.00,2189.50,506.00,410.67
1999-04-11,221698.00,2189.50,506.00,410.21
1999-04-12,221438.00,2189.40,506.00,374.92
1999-04-13,221364.00,2189.40,502.00,464.69
1999-04-14,221327.00,2189.40,506.00,487.35
1999-04-15,221327.00,2189.40,506.00,506.00
1999-04-16,221475.00,2189.40,506.00,580.62
1999-04-17,222150.36,2189.60,507.00,847.49
1999-04-18,223768.00,2190.00,507.00,1322.56
1999-04-19,225800.00,2190.60,512.00,1536.47
1999-04-20,227756.19,2191.10,513.00,1499.25
1999-04-21,229342.00,2191.50,518.00,1317.51
1999-04-22,230748.00,2191.90,518.00,1226.86
1999-04-23,232220.00,2192.30,524.00,1266.13
1999-04-24,234620.00,2192.90,524.00,1734.00
1999-04-25,238026.19,2193.80,525.00,2242.29
1999-04-26,241020.00,2194.60,530.00,2039.38
1999-04-27,244080.91,2195.30,536.00,2079.21
1999-04-28,246216.38,2195.90,536.00,1612.63
1999-04-29,248049.00,2196.40,542.00,1465.95
1999-04-30,250155.00,2196.90,542.00,1603.78
1999-05-01,252826.33,2197.60,548.00,1894.80
1999-05-02,255340.00,2198.20,553.00,1820.31
1999-05-03,257664.58,2198.80,554.00,1725.98
1999-05-04,259527.28,2199.30,554.00,1493.11
1999-05-05,261150.00,2199.70,555.00,1373.12
1999-05-06,262620.00,2200.10,560.00,1301.13
1999-05-07,263890.00,2200.40,659.00,1299.29
1999-05-08,264809.59,2200.60,762.00,1225.63
1999-05-09,265610.59,2200.80,767.00,1170.84
1999-05-10,266050.00,2200.90,898.00,1119.53
1999-05-11,266250.00,2201.00,1067.00,1167.83
1999-05-12,266250.00,2201.00,1136.00,1136.00
1999-05-13,266250.00,2201.00,1136.00,1136.00
1999-05-14,266250.00,2201.00,1136.00,1136.00
1999-05-15,266250.00,2201.00,1136.00,1136.00
1999-05-16,266330.00,2201.00,1136.00,1176.33
1999-05-17,266609.09,2201.10,1108.00,1248.71
1999-05-18,267400.09,2201.30,1108.00,1506.80
1999-05-19,268689.31,2201.60,1108.00,1757.98
1999-05-20,270330.00,2202.00,1108.00,1935.18
1999-05-21,272380.00,2202.50,1108.00,2141.54
1999-05-22,275040.00,2203.20,1129.00,2470.08
1999-05-23,279290.00,2204.20,1136.00,3278.71
1999-05-24,286943.41,2206.10,1136.00,4994.59
1999-05-25,296702.00,2208.50,1136.00,6055.96
1999-05-26,304312.63,2210.30,1157.00,4994.03
1999-05-27,309857.91,2211.60,1164.00,3959.75
1999-05-28,315108.41,2212.90,1171.00,3818.13
1999-05-29,319832.00,2214.00,1178.00,3559.48
1999-05-30,324326.22,2215.10,1185.00,3450.84
1999-05-31,328671.38,2216.10,1192.00,3382.68
1999-06-01,333993.78,2217.30,1199.00,3882.38
1999-06-02,338079.31,2218.30,1206.00,3265.79
1999-06-03,341195.00,2219.00,1171.00,2741.83
1999-06-04,345408.00,2220.00,1031.00,3155.06
1999-06-05,351176.44,2221.30,1004.00,3912.26
1999-06-06,356412.00,2222.50,1010.00,3649.60
1999-06-07,360348.00,2223.40,890.00,2874.40
1999-06-08,367325.00,2224.90,775.00,4292.57
1999-06-09,369690.00,2225.50,872.00,2064.35
1999-06-10,372155.00,2226.00,958.00,2200.77
1999-06-11,375250.00,2226.70,887.00,2447.40
1999-06-12,379075.13,2227.60,955.00,2883.50
1999-06-13,384976.00,2228.90,1109.00,4084.03
1999-06-14,392720.00,2230.60,1293.00,5197.27
1999-06-15,402382.88,2232.60,1518.00,6389.70
1999-06-16,412784.00,2234.90,1728.00,6971.90
1999-06-17,420512.00,2236.50,2096.00,5992.20
1999-06-18,424452.88,2237.30,3046.00,5032.86
1999-06-19,425600.19,2237.60,3818.00,4396.44
1999-06-20,425460.00,2237.60,3918.00,3847.32
1999-06-21,425172.00,2237.50,3612.00,3466.80
1999-06-22,426266.00,2237.70,3153.00,3704.56
1999-06-23,427840.00,2238.10,2980.00,3773.56
1999-06-24,429990.00,2238.50,3073.00,4156.96
1999-06-25,431382.47,2238.80,3591.00,4293.04
1999-06-26,429656.00,2238.40,4262.00,3391.57
1999-06-27,427266.00,2237.90,4206.00,3001.04
1999-06-28,425220.00,2237.50,3681.00,2649.47
1999-06-29,425220.00,2237.50,2467.00,2467.00
1999-06-30,427078.00,2237.90,1850.00,2786.74
1999-07-01,428079.41,2238.10,1939.00,2443.88
1999-07-02,429656.00,2238.40,2127.00,2921.87
1999-07-03,430038.00,2238.50,2289.00,2481.59
1999-07-04,429990.00,2238.50,2288.00,2263.80
1999-07-05,429562.00,2238.40,2287.00,2071.22
1999-07-06,429750.00,2238.50,2151.00,2245.78
1999-07-07,431478.72,2238.80,1988.00,2859.56
1999-07-08,433052.88,2239.10,2014.00,2807.64
1999-07-09,434684.00,2239.50,2041.00,2863.36
1999-07-10,436278.72,2239.80,2382.00,3186.00
1999-07-11,437286.00,2240.00,3030.00,3537.84
1999-07-12,437958.00,2240.20,3309.00,3647.80
1999-07-13,437717.53,2240.10,3374.00,3252.76
1999-07-14,436854.00,2239.90,3329.00,2893.64
1999-07-15,435654.00,2239.70,3086.00,2481.00
1999-07-16,434684.00,2239.50,2605.00,2115.96
1999-07-17,434252.00,2239.40,2385.00,2167.20
1999-07-18,433820.59,2239.30,2339.00,2121.50
1999-07-19,434396.00,2239.40,2086.00,2376.10
1999-07-20,435362.63,2239.60,1843.00,2330.34
1999-07-21,435798.00,2239.70,2202.00,2421.50
1999-07-22,435411.75,2239.60,2520.00,2325.27
1999-07-23,435020.00,2239.60,2273.00,2075.49
1999-07-24,434924.00,2239.50,1931.00,1882.60
1999-07-25,434636.00,2239.50,1922.00,1776.80
1999-07-26,434348.00,2239.40,1859.00,1713.80
1999-07-27,434300.00,2239.40,1600.00,1575.80
1999-07-28,434396.00,2239.40,1528.00,1576.40
1999-07-29,434492.00,2239.40,1616.00,1664.40
1999-07-30,434540.00,2239.50,1736.00,1760.20
1999-07-31,434348.00,2239.40,1805.00,1708.20
1999-08-01,433390.00,2239.20,1886.00,1403.01
1999-08-02,432240.00,2239.00,2075.00,1495.21
1999-08-03,431090.00,2238.70,2219.00,1639.21
1999-08-04,429940.00,2238.50,2309.00,1729.21
1999-08-05,429656.00,2238.40,2336.00,2192.82
1999-08-06,428944.34,2238.30,2336.00,1977.21
1999-08-07,427792.00,2238.00,2336.00,1755.03
1999-08-08,426746.81,2237.80,2336.00,1809.05
1999-08-09,424740.00,2237.40,2336.00,1324.23
1999-08-10,422318.00,2236.90,2327.00,1105.91
1999-08-11,419520.59,2236.30,2372.00,961.64
1999-08-12,416826.00,2235.70,2410.00,1051.47
1999-08-13,413958.66,2235.10,2450.00,1004.38
1999-08-14,411008.00,2234.50,2400.00,912.38
1999-08-15,407925.78,2233.80,2390.00,836.05
1999-08-16,404750.00,2233.20,2450.00,848.88
1999-08-17,401408.00,2232.40,2480.00,795.07
1999-08-18,396916.00,2231.50,2530.00,265.28
1999-08-19,393456.00,2230.70,2580.00,835.58
1999-08-20,389822.00,2229.90,2630.00,797.86
1999-08-21,385750.00,2229.00,2700.00,647.03
1999-08-22,381750.00,2228.20,2790.00,773.33
1999-08-23,377590.00,2227.20,2810.00,712.67
1999-08-24,373405.56,2226.30,2800.00,690.34
1999-08-25,368974.66,2225.30,2820.00,586.08
1999-08-26,364520.66,2224.30,2880.00,634.44
1999-08-27,360128.75,2223.30,2890.00,675.75
1999-08-28,355664.66,2222.30,2740.00,489.35
1999-08-29,350868.00,2221.20,2860.00,441.68
1999-08-30,346542.00,2220.20,2650.00,468.97
1999-08-31,342190.00,2219.20,2420.00,225.87
1999-09-01,338120.00,2218.30,2201.00,149.04
1999-09-02,334890.00,2217.50,1850.00,221.54
1999-09-03,332830.00,2217.10,1197.00,158.42
1999-09-04,331330.00,2216.70,1026.00,269.75
1999-09-05,330220.00,2216.50,759.00,199.37
1999-09-06,329660.00,2216.30,528.00,245.67
1999-09-07,329446.22,2216.30,349.00,241.22
1999-09-08,329489.31,2216.30,283.00,304.73
1999-09-09,329270.00,2216.20,291.00,180.43
1999-09-10,329190.00,2216.20,293.00,252.67
1999-09-11,329100.00,2216.20,291.00,245.62
1999-09-12,328980.00,2216.20,293.00,232.50
1999-09-13,328850.00,2216.10,294.00,228.46
1999-09-14,328720.00,2216.10,296.00,230.46
1999-09-15,328550.00,2216.10,297.00,211.29
1999-09-16,328420.00,2216.00,296.00,230.46
1999-09-17,328330.00,2216.00,297.00,251.62
1999-09-18,328290.00,2216.00,299.00,278.83
1999-09-19,328250.00,2216.00,301.00,280.83
1999-09-20,328210.00,2216.00,302.00,281.83
1999-09-21,328160.00,2216.00,304.00,278.79
1999-09-22,328120.00,2216.00,302.00,281.83
1999-09-23,327865.00,2215.90,304.00,175.44
1999-09-24,327478.63,2215.80,304.00,109.20
1999-09-25,327094.00,2215.70,304.00,110.08
1999-09-26,326842.00,2215.70,304.00,176.95
1999-09-27,326584.47,2215.60,304.00,174.16
1999-09-28,326240.00,2215.50,304.00,130.33
1999-09-29,325820.00,2215.40,304.00,92.25
1999-09-30,325560.00,2215.40,304.00,172.92
1999-10-01,325180.00,2215.30,308.00,117.00
1999-10-02,324750.00,2215.20,309.00,92.21
1999-10-03,324410.00,2215.10,309.00,137.58
1999-10-04,324120.00,2215.00,310.00,163.79
1999-10-05,323860.00,2215.00,310.00,178.92
1999-10-06,323350.00,2214.80,307.00,49.87
1999-10-07,322880.00,2214.70,307.00,70.04
1999-10-08,322540.00,2214.70,308.00,136.58
1999-10-09,323560.00,2214.90,308.00,822.25
1999-10-10,324710.00,2215.20,313.00,892.79
1999-10-11,325730.00,2215.40,314.00,828.25
1999-10-12,326160.00,2215.50,314.00,530.79
1999-10-13,325940.00,2215.50,311.00,200.08
1999-10-14,325600.00,2215.40,311.00,139.58
1999-10-15,325390.00,2215.30,312.00,206.12
1999-10-16,325348.63,2215.30,312.00,291.14
1999-10-17,325262.41,2215.30,313.00,269.53
1999-10-18,325176.22,2215.30,313.00,269.55
1999-10-19,324964.00,2215.20,318.00,211.01
1999-10-20,324754.00,2215.20,318.00,212.12
1999-10-21,324540.69,2215.10,319.00,211.45
1999-10-22,324283.09,2215.10,320.00,190.13
1999-10-23,323862.00,2215.00,320.00,107.70
1999-10-24,323691.00,2214.90,317.00,230.79
1999-10-25,323476.00,2214.90,321.00,212.60
1999-10-26,323222.63,2214.80,318.00,190.26
1999-10-27,323138.41,2214.80,322.00,279.54
1999-10-28,323306.81,2214.80,323.00,407.90
1999-10-29,323433.00,2214.90,319.00,382.62
1999-10-30,323433.00,2214.90,320.00,320.00
1999-10-31,324240.00,2215.10,321.00,727.86
1999-11-01,324497.59,2215.10,325.00,454.87
1999-11-02,324838.00,2215.20,326.00,497.62
1999-11-03,325133.09,2215.30,326.00,474.78
1999-11-04,325348.63,2215.30,323.00,431.66
1999-11-05,325983.00,2215.50,323.00,642.83
1999-11-06,326284.00,2215.50,324.00,475.75
1999-11-07,326627.59,2215.60,324.00,497.23
1999-11-08,326926.00,2215.70,325.00,475.45
1999-11-09,327435.53,2215.80,326.00,582.89
1999-11-10,328206.00,2216.00,326.00,714.44
1999-11-11,329962.00,2216.40,327.00,1212.32
1999-11-12,339723.00,2218.70,327.00,5248.17
1999-11-13,350692.00,2221.20,332.00,5862.21
1999-11-14,357424.00,2222.70,332.00,3726.05
1999-11-15,361052.00,2223.50,333.00,2162.12
1999-11-16,363539.34,2224.10,333.00,1587.04
1999-11-17,365272.00,2224.50,362.00,1235.55
1999-11-18,366480.00,2224.80,414.00,1023.03
1999-11-19,367546.00,2225.00,415.00,952.44
1999-11-20,368665.00,2225.20,416.00,980.16
1999-11-21,369555.00,2225.40,416.00,864.71
1999-11-22,370185.34,2225.60,421.00,738.80
1999-11-23,370720.00,2225.70,422.00,691.56
1999-11-24,372245.00,2226.00,427.00,1195.85
1999-11-25,377139.78,2227.10,441.00,2908.79
1999-11-26,383974.88,2228.60,437.00,3883.03
1999-11-27,387670.00,2229.50,438.00,2300.96
1999-11-28,390052.00,2230.00,438.00,1638.93
1999-11-29,390603.31,2230.10,888.00,1165.95
1999-11-30,389040.00,2229.80,1915.00,1126.83
1999-12-01,386714.00,2229.20,2352.00,1179.31
1999-12-02,384388.00,2228.70,2376.00,1203.31
1999-12-03,381300.00,2228.10,2490.00,933.13
1999-12-04,378220.00,2227.40,2410.00,857.17
1999-12-05,375565.34,2226.80,2210.00,871.61
1999-12-06,373315.34,2226.30,2156.00,1021.62
1999-12-07,370364.66,2225.60,2255.00,767.36
1999-12-08,367055.00,2224.90,2372.00,703.38
1999-12-09,363764.88,2224.10,2363.00,704.23
1999-12-10,361008.00,2223.50,2111.00,721.07
1999-12-11,359595.00,2223.20,1868.00,1155.61
1999-12-12,358578.00,2223.00,1868.00,1355.26
1999-12-13,357512.00,2222.70,1859.00,1321.56
1999-12-14,356588.00,2222.50,1859.00,1393.15
1999-12-15,357780.44,2222.80,2138.00,2739.19
1999-12-16,360128.75,2223.30,2660.00,3843.94
1999-12-17,360128.75,2223.30,3030.00,3030.00
1999-12-18,359820.00,2223.30,3189.00,3033.34
1999-12-19,357735.34,2222.80,3178.00,2126.99
1999-12-20,354564.09,2222.10,3167.00,1568.16
1999-12-21,351044.09,2221.30,3167.00,1392.33
1999-12-22,347016.91,2220.30,3156.00,1125.63
1999-12-23,343184.00,2219.50,2937.00,1004.58
1999-12-24,339464.47,2218.60,2784.00,908.74
1999-12-25,335542.00,2217.70,2761.00,783.42
1999-12-26,331543.09,2216.80,2739.00,722.88
1999-12-27,328332.00,2216.00,2305.00,686.07
1999-12-28,325940.00,2215.50,1781.00,575.03
1999-12-29,324072.00,2215.00,1496.00,554.22
1999-12-30,323096.31,2214.80,1043.00,551.09
1999-12-31,322583.00,2214.70,821.00,562.20
2000-01-01,322162.09,2214.60,809.00,596.79
2000-01-02,321614.00,2214.40,796.00,519.67
2000-01-03,321356.00,2214.40,707.00,576.92
2000-01-04,321442.00,2214.40,546.00,589.36
2000-01-05,321270.00,2214.40,502.00,415.28
2000-01-06,321060.50,2214.30,502.00,396.38
2000-01-07,320807.00,2214.20,502.00,374.19
2000-01-08,320850.00,2214.30,497.00,518.68
2000-01-09,321102.63,2214.30,497.00,624.37
2000-01-10,321060.50,2214.30,502.00,480.76
2000-01-11,320764.00,2214.20,497.00,347.51
2000-01-12,320463.00,2214.20,497.00,345.25
2000-01-13,320251.59,2214.10,497.00,390.42
2000-01-14,320084.22,2214.10,497.00,412.62
2000-01-15,319580.00,2214.00,497.00,242.79
2000-01-16,319454.00,2213.90,497.00,433.47
2000-01-17,318902.41,2213.80,493.00,214.90
2000-01-18,318436.00,2213.70,493.00,257.85
2000-01-19,317890.00,2213.60,493.00,217.72
2000-01-20,317503.00,2213.50,493.00,297.89
2000-01-21,317082.00,2213.40,493.00,280.75
2000-01-22,316662.09,2213.30,493.00,281.30
2000-01-23,316157.91,2213.10,493.00,238.81
2000-01-24,315570.00,2213.00,493.00,196.60
2000-01-25,315108.00,2212.90,493.00,260.07
2000-01-26,314520.00,2212.80,494.00,197.55
2000-01-27,313931.59,2212.60,492.00,195.35
2000-01-28,313344.00,2212.50,493.00,196.75
2000-01-29,312714.72,2212.30,495.00,177.74
2000-01-30,312084.00,2212.20,497.00,179.01
2000-01-31,311664.22,2212.10,499.00,287.36
2000-02-01,311831.59,2212.10,501.00,585.38
2000-02-02,311454.00,2212.00,502.00,311.63
2000-02-03,310908.00,2211.90,504.00,228.72
2000-02-04,310362.09,2211.80,506.00,230.77
2000-02-05,309857.91,2211.60,506.00,251.81
2000-02-06,309270.00,2211.50,506.00,209.60
2000-02-07,308732.00,2211.40,502.00,230.76
2000-02-08,308314.22,2211.30,502.00,291.37
2000-02-09,307768.91,2211.10,502.00,227.07
2000-02-10,307274.00,2211.00,502.00,252.48
2000-02-11,306728.00,2210.90,502.00,226.72
2000-02-12,306182.09,2210.80,502.00,226.77
2000-02-13,305603.69,2210.60,502.00,210.39
2000-02-14,305064.00,2210.50,502.00,229.91
2000-02-15,304606.00,2210.40,497.00,266.09
2000-02-16,303978.00,2210.20,497.00,180.38
2000-02-17,303356.31,2210.10,497.00,183.57
2000-02-18,302736.00,2209.90,497.00,184.26
2000-02-19,302113.31,2209.80,497.00,183.06
2000-02-20,301487.81,2209.60,497.00,181.64
2000-02-21,300992.00,2209.50,493.00,243.03
2000-02-22,300412.00,2209.40,493.00,200.58
2000-02-23,299878.00,2209.20,493.00,223.77
2000-02-24,299294.50,2209.10,493.00,198.82
2000-02-25,298721.00,2209.00,493.00,203.86
2000-02-26,298302.00,2208.90,493.00,281.75
2000-02-27,297727.00,2208.70,493.00,203.10
2000-02-28,297234.50,2208.60,488.00,239.70
2000-02-29,296784.00,2208.50,488.00,260.87
2000-03-01,296284.00,2208.40,488.00,235.92
2000-03-02,295749.00,2208.20,488.00,218.27
2000-03-03,295297.81,2208.10,488.00,260.53
2000-03-04,294888.00,2208.00,488.00,281.39
2000-03-05,294396.00,2207.90,488.00,239.95
2000-03-06,293863.31,2207.80,488.00,219.44
2000-03-07,293371.00,2207.70,488.00,239.79
2000-03-08,292961.09,2207.60,484.00,277.34
2000-03-09,292420.00,2207.40,484.00,211.20
2000-03-10,292058.91,2207.30,484.00,301.95
2000-03-11,291608.00,2207.20,484.00,256.67
2000-03-12,291156.69,2207.10,484.00,256.46
2000-03-13,290788.00,2207.00,484.00,298.12
2000-03-14,290624.00,2207.00,484.00,401.32
2000-03-15,290296.00,2206.90,484.00,318.63
2000-03-16,290255.00,2206.90,484.00,463.33
2000-03-17,290091.00,2206.90,488.00,405.32
2000-03-18,290173.00,2206.90,488.00,529.34
2000-03-19,289886.59,2206.80,488.00,343.60
2000-03-20,289517.00,2206.70,488.00,301.66
2000-03-21,289230.00,2206.70,488.00,343.30
2000-03-22,289106.69,2206.60,488.00,425.83
2000-03-23,288820.00,2206.60,488.00,343.46
2000-03-24,288656.00,2206.50,488.00,405.32
2000-03-25,288410.00,2206.50,488.00,363.97
2000-03-26,288250.00,2206.40,488.00,407.33
2000-03-27,288090.00,2206.40,488.00,407.33
2000-03-28,287928.81,2206.30,488.00,406.73
2000-03-29,287805.50,2206.30,488.00,425.83
2000-03-30,287682.19,2206.30,488.00,425.83
2000-03-31,287682.19,2206.30,488.00,488.00
2000-04-01,288010.00,2206.40,493.00,658.27
2000-04-02,289106.69,2206.60,493.00,1045.91
2000-04-03,291074.50,2207.10,497.00,1489.11
2000-04-04,293863.31,2207.80,497.00,1903.03
2000-04-05,296077.69,2208.30,502.00,1618.41
2000-04-06,297932.19,2208.80,502.00,1436.98
2000-04-07,299172.19,2209.10,506.00,1131.17
2000-04-08,300207.69,2209.30,506.00,1028.06
2000-04-09,301364.50,2209.60,506.00,1089.23
2000-04-10,303025.00,2210.00,506.00,1343.17
2000-04-11,305064.00,2210.50,511.00,1539.00
2000-04-12,307686.69,2211.10,510.00,1832.27
2000-04-13,310950.00,2211.90,510.00,2155.25
2000-04-14,315402.00,2213.00,514.00,2758.55
2000-04-15,319622.00,2214.00,519.00,2646.58
2000-04-16,323054.00,2214.80,519.00,2249.30
2000-04-17,325772.00,2215.40,524.00,1894.33
2000-04-18,328500.00,2216.10,523.00,1898.37
2000-04-19,331716.00,2216.80,523.00,2144.40
2000-04-20,334983.00,2217.60,523.00,2170.11
2000-04-21,338209.00,2218.30,528.00,2154.44
2000-04-22,341797.00,2219.10,527.00,2335.95
2000-04-23,344837.00,2219.80,532.00,2064.67
2000-04-24,347148.00,2220.40,532.00,1697.13
2000-04-25,349075.00,2220.80,532.00,1503.53
2000-04-26,350736.00,2221.20,536.00,1373.42
2000-04-27,352451.00,2221.60,536.00,1400.65
2000-04-28,354124.00,2222.00,536.00,1379.47
2000-04-29,355665.00,2222.30,535.00,1311.92
2000-04-30,357248.00,2222.70,535.00,1333.10
2000-05-01,359061.00,2223.10,535.00,1449.05
2000-05-02,361678.00,2223.70,540.00,1859.40
2000-05-03,364920.00,2224.40,540.00,2174.51
2000-05-04,367855.13,2225.10,539.00,2018.79
2000-05-05,370409.78,2225.60,544.00,1831.97
2000-05-06,372334.09,2226.10,544.00,1514.17
2000-05-07,374080.00,2226.50,544.00,1424.23
2000-05-08,375745.78,2226.80,543.00,1382.83
2000-05-09,377590.00,2227.20,548.00,1477.79
2000-05-10,379480.00,2227.70,548.00,1500.88
2000-05-11,380795.00,2227.90,548.00,1210.98
2000-05-12,382020.00,2228.20,552.00,1169.60
2000-05-13,383248.00,2228.50,552.00,1171.12
2000-05-14,384660.44,2228.80,552.00,1264.10
2000-05-15,386805.13,2229.30,552.00,1633.28
2000-05-16,390282.00,2230.00,551.00,2303.93
2000-05-17,394698.00,2231.00,551.00,2777.40
2000-05-18,398720.00,2231.90,556.00,2583.76
2000-05-19,403172.69,2232.80,556.00,2800.90
2000-05-20,408250.00,2233.90,560.00,3119.81
2000-05-21,414241.00,2235.20,565.00,3585.46
2000-05-22,421698.13,2236.80,583.00,4342.64
2000-05-23,427408.00,2238.00,652.00,3530.73
2000-05-24,430902.00,2238.70,1115.00,2876.56
2000-05-25,432486.00,2239.00,1717.00,2515.60
2000-05-26,433340.00,2239.20,1871.00,2301.56
2000-05-27,434396.00,2239.40,1877.00,2409.40
2000-05-28,435606.00,2239.70,1873.00,2483.04
2000-05-29,436182.47,2239.80,1879.00,2169.64
2000-05-30,436518.00,2239.90,1948.00,2117.16
2000-05-31,436182.47,2239.80,1990.00,1820.84
2000-06-01,435846.00,2239.70,1834.00,1664.36
2000-06-02,436182.47,2239.80,1487.00,1656.64
2000-06-03,437382.00,2240.00,1287.00,1891.76
2000-06-04,439504.00,2240.50,1284.00,2353.84
2000-06-05,441434.00,2240.90,1966.00,2939.04
2000-06-06,439216.00,2240.40,3670.00,2551.76
2000-06-07,436662.00,2239.90,3565.00,2277.36
2000-06-08,435606.00,2239.70,2708.00,2175.60
2000-06-09,435069.13,2239.60,2286.00,2015.33
2000-06-10,435411.75,2239.60,1721.00,1893.74
2000-06-11,435411.75,2239.60,1719.00,1719.00
2000-06-12,437717.53,2240.10,1782.00,2944.50
2000-06-13,436950.00,2240.00,3388.00,3001.04
2000-06-14,436326.81,2239.80,3068.00,2753.81
2000-06-15,436182.47,2239.80,3414.00,3341.23
2000-06-16,435215.28,2239.60,3091.00,2603.38
2000-06-17,435020.00,2239.60,2398.00,2299.55
2000-06-18,434972.00,2239.50,2385.00,2360.80
2000-06-19,434732.00,2239.50,2229.00,2108.00
2000-06-20,435069.13,2239.60,1848.00,2017.97
2000-06-21,436326.81,2239.80,1619.00,2253.08
2000-06-22,436182.47,2239.80,2165.00,2092.23
2000-06-23,435606.00,2239.70,2117.00,1826.36
2000-06-24,435167.38,2239.60,1844.00,1622.86
2000-06-25,434636.00,2239.50,1850.00,1582.10
2000-06-26,434540.00,2239.50,1661.00,1612.60
2000-06-27,435069.13,2239.60,1475.00,1741.77
2000-06-28,435942.00,2239.70,1416.00,1856.07
2000-06-29,436470.00,2239.90,1552.00,1818.20
2000-06-30,436278.72,2239.80,1759.00,1662.56
2000-07-01,434924.00,2239.50,2083.00,1400.00
2000-07-02,432438.00,2239.00,2419.00,1165.64
2000-07-03,428944.34,2238.30,2808.00,1046.61
2000-07-04,424884.00,2237.40,2888.00,840.91
2000-07-05,420891.28,2236.60,2838.00,825.00
2000-07-06,416544.00,2235.70,2917.00,725.24
2000-07-07,412408.47,2234.80,2907.00,822.00
2000-07-08,408621.00,2234.00,2797.00,887.48
2000-07-09,404844.00,2233.20,2786.00,881.76
2000-07-10,400899.81,2232.30,2796.00,807.47
2000-07-11,396778.00,2231.40,2946.00,867.92
2000-07-12,392122.00,2230.40,3184.00,836.60
2000-07-13,387302.00,2229.40,3250.00,819.92
2000-07-14,382338.34,2228.30,3249.00,746.49
2000-07-15,377365.00,2227.20,3249.00,741.60
2000-07-16,372378.22,2226.10,3237.00,722.83
2000-07-17,367100.00,2224.90,3325.00,663.90
2000-07-18,361454.66,2223.60,3490.00,643.80
2000-07-19,355576.44,2222.30,3621.00,657.40
2000-07-20,349646.00,2220.90,3679.00,689.07
2000-07-21,343837.59,2219.60,3679.00,750.59
2000-07-22,338165.53,2218.30,3654.00,794.33
2000-07-23,332532.00,2217.00,3598.00,757.76
2000-07-24,326926.00,2215.70,3575.00,748.64
2000-07-25,321144.72,2214.30,3653.00,738.27
2000-07-26,314940.00,2212.90,3809.00,680.79
2000-07-27,308482.63,2211.30,3880.00,624.41
2000-07-28,301990.00,2209.80,3892.00,618.63
2000-07-29,295503.00,2208.20,3872.00,601.47
2000-07-30,289065.59,2206.60,3827.00,581.47
2000-07-31,282823.31,2205.10,3783.00,635.85
2000-08-01,276538.00,2203.50,3786.00,617.15
2000-08-02,270010.00,2201.90,3766.00,474.80
2000-08-03,263536.00,2200.30,3722.00,458.02
2000-08-04,257040.00,2198.70,3677.00,401.93
2000-08-05,250670.00,2197.00,3622.00,410.46
2000-08-06,244354.00,2195.40,3582.00,397.68
2000-08-07,238102.00,2193.80,3541.00,388.95
2000-08-08,231916.00,2192.20,3489.00,370.22
2000-08-09,225724.00,2190.50,3449.00,327.20
2000-08-10,219572.00,2188.90,3397.00,295.36
2000-08-11,213332.00,2187.20,3345.00,199.00
2000-08-12,207294.00,2185.60,3293.00,248.84
2000-08-13,201128.00,2183.90,3242.00,133.31
2000-08-14,195122.00,2182.20,3201.00,172.97
2000-08-15,189140.00,2180.60,3149.00,133.07
2000-08-16,183295.00,2178.90,3109.00,162.14
2000-08-17,177415.00,2177.20,3050.00,85.50
2000-08-18,171756.00,2175.60,3003.00,149.92
2000-08-19,166188.00,2174.00,2956.00,148.80
2000-08-20,160670.00,2172.40,2909.00,127.01
2000-08-21,155256.00,2170.70,2862.00,132.44
2000-08-22,149790.00,2169.10,2805.00,49.22
2000-08-23,144500.00,2167.50,2758.00,90.96
2000-08-24,139230.00,2165.90,2711.00,54.04
2000-08-25,134120.00,2164.30,2654.00,77.71
2000-08-26,129100.00,2162.70,2597.00,66.08
2000-08-27,124110.00,2161.10,2540.00,24.21
2000-08-28,119260.00,2159.60,2503.00,57.79
2000-08-29,114600.00,2158.00,2455.00,105.58
2000-08-30,110280.00,2156.60,2280.00,102.00
2000-08-31,106110.00,2155.20,2148.00,45.62
2000-09-01,102280.00,2153.90,1979.00,48.04
2000-09-02,98930.00,2152.80,1717.00,28.04
2000-09-03,96190.00,2151.80,1455.00,73.58
2000-09-04,93910.00,2151.00,1193.00,43.50
2000-09-05,92270.00,2150.40,959.00,132.17
2000-09-06,91140.00,2150.00,746.00,176.29
2000-09-07,90290.00,2149.70,535.00,106.46
2000-09-08,90120.00,2149.70,377.00,291.29
2000-09-09,90290.00,2149.70,277.00,362.71
2000-09-10,90520.00,2149.80,226.00,341.96
2000-09-11,90880.00,2149.90,220.00,401.50
2000-09-12,91160.00,2150.00,217.00,358.17
2000-09-13,91310.00,2150.10,215.00,290.63
2000-09-14,91420.00,2150.10,216.00,271.46
2000-09-15,91450.00,2150.10,217.00,232.13
2000-09-16,91450.00,2150.10,218.00,218.00
2000-09-17,91450.00,2150.10,219.00,219.00
2000-09-18,91450.00,2150.10,219.00,219.00
2000-09-19,91480.00,2150.10,219.00,234.13
2000-09-20,91590.00,2150.20,219.00,274.46
2000-09-21,91700.00,2150.20,219.00,274.46
2000-09-22,91790.00,2150.30,219.00,264.38
2000-09-23,91790.00,2150.30,223.00,223.00
2000-09-24,91790.00,2150.30,226.00,226.00
2000-09-25,91700.00,2150.20,226.00,180.62
2000-09-26,91480.00,2150.10,226.00,115.08
2000-09-27,91220.00,2150.10,226.00,94.92
2000-09-28,91164.00,2150.00,223.00,194.77
2000-09-29,91080.00,2150.00,226.00,183.65
2000-09-30,92070.00,2150.40,233.00,732.13
2000-10-01,95050.00,2151.40,233.00,1735.00
2000-10-02,96707.00,2152.00,237.00,1072.40
2000-10-03,97602.27,2152.30,237.00,688.37
2000-10-04,98118.00,2152.50,241.00,501.01
2000-10-05,98550.00,2152.60,241.00,458.80
2000-10-06,98780.00,2152.70,234.00,349.96
2000-10-07,98990.00,2152.80,230.00,335.88
2000-10-08,99160.00,2152.80,230.00,315.71
2000-10-09,99220.00,2152.90,230.00,260.25
2000-10-10,99300.00,2152.90,227.00,267.33
2000-10-11,99220.00,2152.90,227.00,186.67
2000-10-12,99075.35,2152.80,227.00,154.07
2000-10-13,98988.14,2152.80,220.00,176.03
2000-10-14,98872.00,2152.70,205.00,146.45
2000-10-15,98785.00,2152.70,209.00,165.14
2000-10-16,98843.00,2152.70,205.00,234.24
2000-10-17,98843.00,2152.70,205.00,205.00
2000-10-18,99017.21,2152.80,205.00,292.83
2000-10-19,99162.57,2152.80,205.00,278.29
2000-10-20,99510.00,2153.00,205.00,380.16
2000-10-21,100119.00,2153.20,202.00,509.04
2000-10-22,100728.00,2153.40,205.00,512.04
2000-10-23,101163.00,2153.50,205.00,424.31
2000-10-24,101459.78,2153.60,205.00,354.63
2000-10-25,101695.00,2153.70,205.00,323.59
2000-10-26,101869.07,2153.80,205.00,292.76
2000-10-27,102043.50,2153.80,205.00,292.94
2000-10-28,102217.00,2153.90,202.00,289.47
2000-10-29,102333.00,2153.90,202.00,260.48
2000-10-30,102480.00,2154.00,165.00,239.11
2000-10-31,102720.00,2154.10,126.00,247.00
2000-11-01,102778.14,2154.10,171.00,200.31
2000-11-02,102749.07,2154.10,213.00,198.34
2000-11-03,102778.14,2154.10,213.00,227.66
2000-11-04,103010.00,2154.20,213.00,329.90
2000-11-05,103126.00,2154.20,213.00,271.48
2000-11-06,103271.00,2154.20,213.00,286.10
2000-11-07,103390.22,2154.30,213.00,273.11
2000-11-08,103629.00,2154.40,213.00,333.39
2000-11-09,103745.00,2154.40,213.00,271.48
2000-11-10,103803.00,2154.40,213.00,242.24
2000-11-11,103803.00,2154.40,213.00,213.00
2000-11-12,103745.00,2154.40,209.00,179.76
2000-11-13,103687.00,2154.40,209.00,179.76
2000-11-14,103600.00,2154.40,213.00,169.14
2000-11-15,103510.52,2154.30,220.00,174.88
2000-11-16,103330.07,2154.30,220.00,129.03
2000-11-17,103242.00,2154.20,216.00,171.60
2000-11-18,103097.00,2154.20,216.00,142.90
2000-11-19,102922.79,2154.10,216.00,128.17
2000-11-20,102778.14,2154.10,216.00,143.07
2000-11-21,102660.00,2154.00,213.00,153.44
2000-11-22,102391.00,2153.90,213.00,77.38
2000-11-23,102304.00,2153.90,213.00,169.14
2000-11-24,102188.00,2153.90,213.00,154.52
2000-11-25,102159.00,2153.90,213.00,198.38
2000-11-26,102130.00,2153.90,209.00,194.38
2000-11-27,101985.35,2153.80,213.00,140.07
2000-11-28,101811.00,2153.70,220.00,132.10
2000-11-29,101637.00,2153.70,220.00,132.27
2000-11-30,101489.85,2153.60,216.00,141.81
2000-12-01,101250.00,2153.60,216.00,95.07
2000-12-02,101163.00,2153.50,216.00,172.14
2000-12-03,100931.00,2153.40,218.00,101.03
2000-12-04,100699.00,2153.40,216.00,99.03
2000-12-05,100467.21,2153.30,218.00,101.14
2000-12-06,100293.00,2153.20,220.00,132.17
2000-12-07,100031.86,2153.10,222.00,90.34
2000-12-08,99829.07,2153.10,223.00,120.76
2000-12-09,99568.00,2153.00,222.00,90.38
2000-12-10,99394.00,2152.90,220.00,132.27
2000-12-11,99133.50,2152.80,222.00,90.66
2000-12-12,98814.00,2152.70,224.00,62.92
2000-12-13,98523.72,2152.60,226.00,79.65
2000-12-14,98494.65,2152.60,227.00,212.34
2000-12-15,98292.00,2152.50,222.00,119.83
2000-12-16,98350.00,2152.60,227.00,256.24
2000-12-17,98176.00,2152.50,222.00,134.27
2000-12-18,98002.00,2152.40,228.00,140.27
2000-12-19,97857.00,2152.40,229.00,155.90
2000-12-20,97574.20,2152.30,231.00,88.42
2000-12-21,97374.00,2152.20,233.00,132.06
2000-12-22,97141.86,2152.10,231.00,113.96
2000-12-23,96997.21,2152.10,233.00,160.07
2000-12-24,96852.00,2152.00,235.00,161.79
2000-12-25,96620.00,2152.00,237.00,120.03
2000-12-26,96340.00,2151.90,239.00,97.83
2000-12-27,96137.21,2151.80,237.00,134.76
2000-12-28,95905.00,2151.70,237.00,119.93
2000-12-29,95760.00,2151.70,237.00,163.90
2000-12-30,95564.20,2151.60,237.00,138.29
2000-12-31,95393.00,2151.50,237.00,150.69
2001-01-01,95134.00,2151.40,237.00,106.42
2001-01-02,94938.00,2151.40,237.00,138.18
2001-01-03,94649.07,2151.30,237.00,91.33
2001-01-04,94536.00,2151.20,237.00,179.99
2001-01-05,94649.07,2151.30,237.00,294.01
2001-01-06,94592.00,2151.20,237.00,208.23
2001-01-07,94564.00,2151.20,237.00,222.88
2001-01-08,94536.00,2151.20,237.00,222.88
2001-01-09,94508.00,2151.20,237.00,222.88
2001-01-10,94396.00,2151.20,237.00,180.53
2001-01-11,94310.93,2151.10,233.00,190.11
2001-01-12,94310.93,2151.10,237.00,237.00
2001-01-13,94194.65,2151.10,244.00,185.37
2001-01-14,94050.00,2151.10,240.00,167.07
2001-01-15,93910.00,2151.00,240.00,169.42
2001-01-16,93683.00,2150.90,240.00,125.55
2001-01-17,93509.00,2150.90,240.00,152.27
2001-01-18,93310.00,2150.80,240.00,139.67
2001-01-19,92920.00,2150.70,240.00,43.37
2001-01-20,92774.65,2150.60,240.00,166.72
2001-01-21,92659.07,2150.60,240.00,181.73
2001-01-22,92490.00,2150.50,237.00,151.76
2001-01-23,92378.00,2150.50,237.00,180.53
2001-01-24,92126.00,2150.40,237.00,109.95
2001-01-25,91958.41,2150.30,237.00,152.51
2001-01-26,91790.00,2150.30,226.00,141.09
2001-01-27,91616.00,2150.20,212.00,124.27
2001-01-28,91443.86,2150.10,212.00,125.21
2001-01-29,91276.14,2150.10,209.00,124.44
2001-01-30,91304.20,2150.10,209.00,223.15
2001-01-31,91192.00,2150.00,209.00,152.43
2001-02-01,91080.00,2150.00,212.00,155.53
2001-02-02,91136.00,2150.00,212.00,240.23
2001-02-03,90968.00,2150.00,209.00,124.30
2001-02-04,91080.00,2150.00,212.00,268.47
2001-02-05,91024.00,2150.00,212.00,183.77
2001-02-06,90940.00,2150.00,212.00,169.65
2001-02-07,90744.00,2149.90,212.00,113.18
2001-02-08,90660.00,2149.90,209.00,166.65
2001-02-09,90520.34,2149.80,205.00,134.59
2001-02-10,90352.00,2149.70,205.00,120.13
2001-02-11,90184.00,2149.70,205.00,120.30
2001-02-12,89987.73,2149.60,209.00,110.05
2001-02-13,89792.00,2149.50,216.00,117.32
2001-02-14,89590.00,2149.50,212.00,110.16
2001-02-15,89420.00,2149.40,209.00,123.29
2001-02-16,89148.41,2149.30,209.00,72.08
2001-02-17,88980.00,2149.30,209.00,124.09
2001-02-18,88840.00,2149.20,209.00,138.42
2001-02-19,88728.00,2149.20,209.00,152.53
2001-02-20,88476.14,2149.10,209.00,82.02
2001-02-21,88364.00,2149.00,209.00,152.46
2001-02-22,88140.00,2149.00,209.00,96.07
2001-02-23,87944.00,2148.90,205.00,106.18
2001-02-24,87804.55,2148.80,205.00,134.69
2001-02-25,87580.00,2148.80,205.00,91.79
2001-02-26,87412.00,2148.70,205.00,120.30
2001-02-27,87187.73,2148.60,205.00,91.93
2001-02-28,86993.00,2148.50,205.00,106.83
2001-03-01,86858.00,2148.50,205.00,136.94
2001-03-02,86694.00,2148.40,205.00,122.32
2001-03-03,86498.00,2148.40,209.00,110.18
2001-03-04,86358.41,2148.30,209.00,138.63
2001-03-05,86134.00,2148.20,209.00,95.86
2001-03-06,85970.00,2148.20,209.00,126.32
2001-03-07,85940.00,2148.20,209.00,193.87
2001-03-08,85970.00,2148.20,212.00,227.13
2001-03-09,86050.00,2148.20,211.00,251.33
2001-03-10,86106.00,2148.20,210.00,238.23
2001-03-11,86106.00,2148.20,210.00,210.00
2001-03-12,86190.00,2148.30,212.00,254.35
2001-03-13,86610.00,2148.40,211.00,422.75
2001-03-14,86966.00,2148.50,207.00,386.48
2001-03-15,87328.00,2148.70,206.00,388.51
2001-03-16,87580.00,2148.80,206.00,333.05
2001-03-17,87860.00,2148.90,205.00,346.17
2001-03-18,88448.07,2149.10,208.00,504.49
2001-03-19,89148.41,2149.30,211.00,564.09
2001-03-20,89876.14,2149.60,210.00,576.90
2001-03-21,90604.55,2149.80,209.00,576.24
2001-03-22,91276.14,2150.10,212.00,550.60
2001-03-23,92041.93,2150.30,204.00,590.09
2001-03-24,92890.93,2150.60,200.00,628.04
2001-03-25,94137.21,2151.10,199.00,827.33
2001-03-26,95591.59,2151.60,202.00,935.25
2001-03-27,97112.79,2152.10,204.00,970.94
2001-03-28,98321.00,2152.50,207.00,816.14
2001-03-29,99684.00,2153.00,210.00,897.18
2001-03-30,100612.57,2153.30,209.00,677.15
2001-03-31,101869.07,2153.80,215.00,848.49
2001-04-01,102893.72,2154.10,215.00,731.59
2001-04-02,103920.00,2154.50,214.00,731.42
2001-04-03,104780.00,2154.80,213.00,646.58
2001-04-04,105544.00,2155.00,216.00,601.18
2001-04-05,106289.07,2155.30,216.00,591.64
2001-04-06,106940.00,2155.50,216.00,544.18
2001-04-07,107500.00,2155.70,216.00,498.33
2001-04-08,108070.00,2155.90,216.00,503.38
2001-04-09,108490.00,2156.00,216.00,427.75
2001-04-10,109143.00,2156.20,216.00,545.22
2001-04-11,109650.00,2156.40,216.00,471.61
2001-04-12,110040.00,2156.50,216.00,412.63
2001-04-13,110399.93,2156.60,216.00,397.46
2001-04-14,110730.00,2156.80,216.00,382.41
2001-04-15,111030.00,2156.90,216.00,367.25
2001-04-16,111450.00,2157.00,216.00,427.75
2001-04-17,111970.00,2157.20,216.00,478.17
2001-04-18,112660.00,2157.40,216.00,563.88
2001-04-19,113418.92,2157.60,216.00,598.62
2001-04-20,114360.00,2158.00,219.00,693.46
2001-04-21,115270.00,2158.30,219.00,677.79
2001-04-22,116429.85,2158.60,219.00,803.76
2001-04-23,117627.00,2159.00,223.00,826.56
2001-04-24,119012.00,2159.50,226.00,924.27
2001-04-25,121182.00,2160.20,226.00,1320.04
2001-04-26,124953.00,2161.40,233.00,2134.21
2001-04-27,129890.00,2163.00,240.00,2729.07
2001-04-28,134692.00,2164.50,244.00,2665.01
2001-04-29,138616.00,2165.70,247.00,2225.35
2001-04-30,142376.92,2166.80,230.00,2126.13
2001-05-01,145450.00,2167.80,205.00,1754.34
2001-05-02,147914.00,2168.50,205.00,1447.27
2001-05-03,149729.23,2169.10,304.00,1219.18
2001-05-04,151082.00,2169.50,501.00,1183.02
2001-05-05,152445.00,2169.90,555.00,1242.18
2001-05-06,153644.08,2170.30,565.00,1169.54
2001-05-07,154850.77,2170.60,525.00,1133.37
2001-05-08,156493.67,2171.10,452.00,1280.30
2001-05-09,158742.25,2171.80,372.00,1505.66
2001-05-10,161180.00,2172.50,320.00,1549.03
2001-05-11,163730.00,2173.30,308.00,1593.63
2001-05-12,167592.00,2174.40,261.00,2208.09
2001-05-13,172694.00,2175.90,240.00,2812.26
2001-05-14,177758.58,2177.30,233.00,2786.39
2001-05-15,182311.73,2178.60,216.00,2511.55
2001-05-16,187080.00,2180.00,212.00,2616.00
2001-05-17,190678.00,2181.00,212.00,2025.99
2001-05-18,193908.00,2181.90,251.00,1879.46
2001-05-19,195950.00,2182.50,398.00,1427.51
2001-05-20,197688.00,2182.90,497.00,1373.24
2001-05-21,199459.00,2183.40,461.00,1353.88
2001-05-22,202729.64,2184.30,420.00,2068.95
2001-05-23,208282.91,2185.80,389.00,3188.77
2001-05-24,215256.00,2187.70,282.00,3797.60
2001-05-25,221623.00,2189.40,195.00,3405.03
2001-05-26,226809.64,2190.80,195.00,2809.93
2001-05-27,231498.09,2192.10,195.00,2558.76
2001-05-28,235346.19,2193.10,229.00,2169.08
2001-05-29,237911.00,2193.70,302.00,1595.09
2001-05-30,239792.00,2194.20,462.00,1410.34
2001-05-31,240716.00,2194.50,704.00,1169.85
2001-06-01,241876.19,2194.80,895.00,1479.93
2001-06-02,242998.09,2195.10,959.00,1524.63
2001-06-03,243574.00,2195.20,969.00,1259.35
2001-06-04,243574.00,2195.20,1031.00,1031.00
2001-06-05,243302.00,2195.10,1232.00,1094.87
2001-06-06,243036.00,2195.10,1328.00,1193.89
2001-06-07,242531.00,2194.90,1370.00,1115.40
2001-06-08,241952.38,2194.80,1332.00,1040.28
2001-06-09,241761.00,2194.70,1269.00,1172.52
2001-06-10,241566.00,2194.70,1158.00,1059.69
2001-06-11,241527.00,2194.70,1151.00,1131.34
2001-06-12,241410.00,2194.70,1102.00,1043.01
2001-06-13,241292.72,2194.60,964.00,904.87
2001-06-14,240906.00,2194.50,1047.00,852.03
2001-06-15,240250.00,2194.40,1167.00,836.27
2001-06-16,239480.00,2194.20,1244.00,855.79
2001-06-17,238406.00,2193.90,1328.00,786.52
2001-06-18,237104.00,2193.50,1444.00,787.57
2001-06-19,235497.63,2193.10,1573.00,763.12
2001-06-20,233818.00,2192.70,1669.00,822.19
2001-06-21,232296.19,2192.30,1725.00,957.75
2001-06-22,230786.00,2191.90,1775.00,1013.61
2001-06-23,229000.00,2191.40,1812.00,911.56
2001-06-24,227034.00,2190.90,1839.00,847.81
2001-06-25,224929.64,2190.30,1813.00,752.05
2001-06-26,222790.00,2189.80,1777.00,698.26
2001-06-27,221290.00,2189.40,1696.00,939.75
2001-06-28,219686.00,2188.90,1592.00,783.32
2001-06-29,218338.09,2188.60,1489.00,809.43
2001-06-30,216968.00,2188.20,1433.00,742.24
2001-07-01,215552.55,2187.80,1465.00,751.38
2001-07-02,213739.64,2187.30,1618.00,703.99
2001-07-03,211297.00,2186.70,1898.00,666.50
2001-07-04,208247.00,2185.80,2177.00,639.29
2001-07-05,204840.00,2184.90,2303.00,585.30
2001-07-06,201814.19,2184.10,2286.00,760.49
2001-07-07,198552.00,2183.20,2304.00,659.31
2001-07-08,195158.00,2182.20,2341.00,629.86
2001-07-09,191676.09,2181.30,2368.00,612.54
2001-07-10,188150.17,2180.30,2426.00,648.35
2001-07-11,184285.00,2179.20,2517.00,568.31
2001-07-12,180554.75,2178.10,2507.00,626.33
2001-07-13,176855.08,2177.10,2428.00,562.75
2001-07-14,173245.00,2176.00,2362.00,541.92
2001-07-15,169550.00,2175.00,2344.00,481.10
2001-07-16,166052.00,2173.90,2282.00,518.42
2001-07-17,162540.00,2172.90,2219.00,448.37
2001-07-18,159320.00,2172.00,2112.00,488.58
2001-07-19,156125.00,2171.00,2023.00,412.19
2001-07-20,153114.59,2170.10,1952.00,434.25
2001-07-21,150257.00,2169.20,1827.00,386.30
2001-07-22,147518.00,2168.40,1749.00,368.09
2001-07-23,144923.77,2167.60,1686.00,378.07
2001-07-24,142212.33,2166.80,1695.00,327.98
2001-07-25,139226.00,2165.90,1759.00,253.39
2001-07-26,135877.00,2164.80,1761.00,72.54
2001-07-27,132740.00,2163.90,1780.00,198.43
2001-07-28,129890.00,2163.00,1754.00,317.12
2001-07-29,126895.00,2162.00,1731.00,221.02
2001-07-30,124230.00,2161.20,1668.00,324.40
2001-07-31,121616.00,2160.30,1533.00,215.11
2001-08-01,119632.00,2159.70,1414.00,413.73
2001-08-02,117260.00,2158.90,1296.00,100.12
2001-08-03,114815.00,2158.10,1248.00,15.31
2001-08-04,112750.00,2157.40,1248.00,206.90
2001-08-05,110490.00,2156.70,1269.00,129.58
2001-08-06,108280.00,2155.90,1255.00,140.79
2001-08-07,106110.00,2155.20,1241.00,146.96
2001-08-08,104010.00,2154.50,1234.00,175.25
2001-08-09,101869.07,2153.80,1255.00,175.61
2001-08-10,99655.00,2153.00,1269.00,152.74
2001-08-11,97461.00,2152.20,1269.00,162.86
2001-08-12,95277.00,2151.50,1262.00,160.90
2001-08-13,93088.00,2150.70,1269.00,165.38
2001-08-14,90912.00,2149.90,1290.00,192.93
2001-08-15,88615.80,2149.10,1311.00,153.33
2001-08-16,86190.00,2148.30,1376.00,152.99
2001-08-17,83538.27,2147.30,1479.00,142.08
2001-08-18,80774.20,2146.30,1550.00,156.45
2001-08-19,78044.13,2145.30,1532.00,155.59
2001-08-20,75346.06,2144.30,1515.00,154.72
2001-08-21,72462.00,2143.20,1546.00,91.95
2001-08-22,69868.00,2142.20,1577.00,269.19
2001-08-23,67335.00,2141.20,1567.00,289.95
2001-08-24,64650.00,2140.20,1582.00,228.31
2001-08-25,61870.00,2139.10,1637.00,235.42
2001-08-26,58990.00,2137.90,1692.00,240.00
2001-08-27,56124.00,2136.70,1666.00,221.06
2001-08-28,53308.00,2135.50,1665.00,245.27
2001-08-29,50436.11,2134.30,1712.00,264.09
2001-08-30,47634.00,2133.00,1662.00,249.27
2001-08-31,45004.38,2131.80,1589.00,263.23
2001-09-01,42492.00,2130.70,1507.00,240.34
2001-09-02,40089.00,2129.50,1426.00,214.49
2001-09-03,37697.00,2128.40,1346.00,140.03
2001-09-04,35556.00,2127.40,1191.00,111.58
2001-09-05,33677.00,2126.50,1007.00,59.67
2001-09-06,32180.00,2125.80,816.00,61.26
2001-09-07,31094.00,2125.30,611.00,63.47
2001-09-08,30380.00,2125.00,425.00,65.02
2001-09-09,30086.00,2124.80,297.00,148.77
2001-09-10,29939.00,2124.70,217.00,142.89
2001-09-11,29855.00,2124.70,191.00,148.65
2001-09-12,29729.00,2124.60,185.00,121.47
2001-09-13,29624.00,2124.60,180.00,127.06
2001-09-14,29498.00,2124.50,177.00,113.47
2001-09-15,29372.00,2124.50,178.00,114.47
2001-09-16,29225.00,2124.40,181.00,106.89
2001-09-17,29080.00,2124.30,184.00,110.90
2001-09-18,28920.00,2124.30,182.00,101.33
2001-09-19,28752.00,2124.20,179.00,94.30
2001-09-20,28584.00,2124.10,179.00,94.30
2001-09-21,28416.00,2124.00,183.00,98.30
2001-09-22,28248.00,2123.90,186.00,101.30
2001-09-23,28060.00,2123.80,184.00,89.22
2001-09-24,27880.00,2123.80,181.00,90.25
2001-09-25,27712.00,2123.70,181.00,96.30
2001-09-26,27440.00,2123.50,182.00,44.87
2001-09-27,27271.00,2123.50,185.00,99.80
2001-09-28,27008.00,2123.30,185.00,52.40
2001-09-29,26860.00,2123.30,186.00,111.38
2001-09-30,26690.00,2123.20,186.00,100.29
2001-10-01,26550.00,2123.10,183.00,112.00
2001-10-02,26260.00,2123.00,183.00,36.79
2001-10-03,25970.00,2122.80,186.00,39.79
2001-10-04,25870.00,2122.80,189.00,138.58
2001-10-05,25640.00,2122.70,191.00,75.04
2001-10-06,25390.00,2122.60,191.00,64.96
2001-10-07,25190.00,2122.50,191.00,90.17
2001-10-08,25000.00,2122.40,190.00,94.21
2001-10-09,24700.00,2122.20,193.00,41.75
2001-10-10,24710.00,2122.20,199.00,204.04
2001-10-11,24710.00,2122.20,195.00,195.00
2001-10-12,24840.00,2122.30,183.00,248.54
2001-10-13,25270.00,2122.50,184.00,400.79
2001-10-14,25890.00,2122.80,184.00,496.58
2001-10-15,26470.00,2123.10,176.00,468.42
2001-10-16,26880.00,2123.30,161.00,367.71
2001-10-17,27170.00,2123.40,158.00,304.21
2001-10-18,27271.00,2123.50,174.00,224.92
2001-10-19,27502.10,2123.60,171.00,287.51
2001-10-20,27838.00,2123.70,171.00,340.35
2001-10-21,28353.00,2124.00,171.00,430.65
2001-10-22,29079.90,2124.30,171.00,537.48
2001-10-23,29750.00,2124.70,171.00,508.84
2001-10-24,30380.00,2125.00,171.00,488.63
2001-10-25,31094.21,2125.30,171.00,531.08
2001-10-26,31739.76,2125.60,171.00,496.46
2001-10-27,32370.00,2125.90,171.00,488.75
2001-10-28,33060.00,2126.20,171.00,518.88
2001-10-29,33700.00,2126.50,171.00,493.67
2001-10-30,34307.36,2126.80,174.00,480.21
2001-10-31,35598.00,2127.40,174.00,824.70
2001-11-01,37041.79,2128.10,171.00,898.91
2001-11-02,38379.00,2128.70,174.00,848.18
2001-11-03,39596.31,2129.30,174.00,787.73
2001-11-04,40666.31,2129.80,171.00,710.46
2001-11-05,41654.11,2130.30,171.00,669.02
2001-11-06,42536.00,2130.70,174.00,618.62
2001-11-07,43246.00,2131.00,174.00,531.96
2001-11-08,43833.15,2131.30,177.00,473.02
2001-11-09,44354.00,2131.50,174.00,436.59
2001-11-10,44766.00,2131.70,171.00,378.72
2001-11-11,45158.00,2131.90,171.00,368.63
2001-11-12,45510.00,2132.10,171.00,348.47
2001-11-13,46424.00,2132.50,171.00,631.81
2001-11-14,52841.39,2135.30,174.00,3409.44
2001-11-15,61520.00,2138.90,177.00,4552.47
2001-11-16,67210.00,2141.20,171.00,3039.71
2001-11-17,70705.00,2142.50,171.00,1933.06
2001-11-18,73173.00,2143.40,171.00,1415.28
2001-11-19,75050.00,2144.20,171.00,1117.32
2001-11-20,76972.00,2144.90,167.00,1136.01
2001-11-21,78907.60,2145.60,167.00,1142.87
2001-11-22,81051.00,2146.40,169.00,1249.63
2001-11-23,83014.67,2147.10,168.00,1158.02
2001-11-24,84614.00,2147.70,167.00,973.33
2001-11-25,85994.00,2148.20,167.00,862.75
2001-11-26,87159.66,2148.60,163.00,750.69
2001-11-27,88168.00,2149.00,159.00,667.37
2001-11-28,89316.00,2149.40,161.00,739.78
2001-11-29,90296.00,2149.70,157.00,651.08
2001-11-30,91136.00,2150.00,160.00,583.50
2001-12-01,91986.48,2150.30,156.00,584.78
2001-12-02,92717.21,2150.60,155.00,523.41
2001-12-03,93368.41,2150.80,155.00,483.32
2001-12-04,93966.00,2151.00,157.00,458.28
2001-12-05,94592.00,2151.20,156.00,471.61
2001-12-06,95480.00,2151.60,155.00,602.70
2001-12-07,95963.00,2151.70,157.00,400.51
2001-12-08,96508.00,2151.90,148.00,422.77
2001-12-09,97141.86,2152.10,144.00,463.57
2001-12-10,97316.00,2152.20,146.00,233.80
2001-12-11,97980.00,2152.40,146.00,480.77
2001-12-12,98780.00,2152.70,145.00,548.33
2001-12-13,99944.65,2153.10,156.00,743.18
2001-12-14,101134.00,2153.50,152.00,751.63
2001-12-15,102159.00,2153.90,145.00,661.77
2001-12-16,103774.00,2154.40,145.00,959.23
2001-12-17,105631.00,2155.00,150.00,1086.24
2001-12-18,107090.00,2155.50,153.00,888.58
2001-12-19,108340.00,2156.00,150.00,780.21
2001-12-20,109260.07,2156.30,150.00,613.87
2001-12-21,110100.00,2156.50,147.00,570.46
2001-12-22,110790.15,2156.80,144.00,491.95
2001-12-23,111390.00,2157.00,144.00,446.43
2001-12-24,111940.00,2157.20,144.00,421.29
2001-12-25,112360.30,2157.30,144.00,355.90
2001-12-26,112810.00,2157.40,144.00,370.73
2001-12-27,113140.00,2157.60,144.00,310.38
2001-12-28,113630.00,2157.70,141.00,388.04
2001-12-29,113960.52,2157.80,141.00,307.64
2001-12-30,114298.00,2157.90,141.00,311.15
2001-12-31,114570.00,2158.00,141.00,278.13
2002-01-01,114845.70,2158.10,141.00,280.00
2002-01-02,115180.00,2158.20,141.00,309.55
2002-01-03,115394.30,2158.30,141.00,249.05
2002-01-04,115670.00,2158.40,141.00,280.00
2002-01-05,115880.00,2158.50,141.00,246.88
2002-01-06,116309.56,2158.60,141.00,357.57
2002-01-07,118702.00,2159.40,144.00,1350.19
2002-01-08,125862.00,2161.70,150.00,3759.84
2002-01-09,131566.00,2163.50,159.00,3034.77
2002-01-10,135139.61,2164.60,165.00,1966.70
2002-01-11,137838.00,2165.40,168.00,1528.44
2002-01-12,140364.00,2166.20,174.00,1447.53
2002-01-13,142278.48,2166.80,180.00,1145.22
2002-01-14,143880.39,2167.30,174.00,981.63
2002-01-15,145185.00,2167.70,171.00,828.74
2002-01-16,146363.08,2168.10,171.00,764.95
2002-01-17,147386.00,2168.40,168.00,683.72
2002-01-18,148243.84,2168.60,165.00,597.50
2002-01-19,149267.00,2168.90,162.00,677.84
2002-01-20,150356.16,2169.30,165.00,714.12
2002-01-21,151181.00,2169.50,165.00,580.86
2002-01-22,152016.16,2169.80,165.00,586.06
2002-01-23,152980.00,2170.10,165.00,650.94
2002-01-24,154050.00,2170.40,177.00,716.46
2002-01-25,155250.00,2170.70,174.00,779.00
2002-01-26,156160.00,2171.00,171.00,629.79
2002-01-27,156960.00,2171.30,171.00,574.33
2002-01-28,157630.00,2171.50,171.00,508.79
2002-01-29,158310.00,2171.70,171.00,513.83
2002-01-30,159014.00,2171.90,171.00,525.93
2002-01-31,159694.08,2172.10,171.00,513.87
2002-02-01,160136.00,2172.20,171.00,393.80
2002-02-02,160604.64,2172.30,171.00,407.27
2002-02-03,161010.00,2172.50,171.00,375.37
2002-02-04,161350.00,2172.60,171.00,342.42
2002-02-05,161724.00,2172.70,171.00,359.56
2002-02-06,162098.17,2172.80,168.00,356.65
2002-02-07,162642.00,2172.90,168.00,442.18
2002-02-08,163016.00,2173.00,165.00,353.56
2002-02-09,163287.75,2173.10,168.00,305.01
2002-02-10,163832.25,2173.30,168.00,442.52
2002-02-11,163866.33,2173.30,168.00,185.18
2002-02-12,164070.00,2173.40,168.00,270.68
2002-02-13,164172.00,2173.40,167.00,218.43
2002-02-14,164410.00,2173.50,166.00,285.99
2002-02-15,164410.00,2173.50,165.00,165.00
2002-02-16,164512.00,2173.50,166.00,217.43
2002-02-17,164682.00,2173.50,165.00,250.71
2002-02-18,164889.48,2173.60,164.00,268.61
2002-02-19,165134.00,2173.70,163.00,286.28
2002-02-20,165236.00,2173.70,162.00,213.43
2002-02-21,165712.67,2173.80,167.00,407.32
2002-02-22,167455.92,2174.30,168.00,1046.89
2002-02-23,169830.00,2175.00,170.00,1366.93
2002-02-24,171925.92,2175.60,169.00,1225.69
2002-02-25,173587.75,2176.10,168.00,1005.84
2002-02-26,175080.00,2176.60,167.00,919.34
2002-02-27,176330.00,2176.90,166.00,796.21
2002-02-28,177415.00,2177.20,164.00,711.02
2002-03-01,178245.00,2177.50,163.00,581.46
2002-03-02,179120.00,2177.70,162.00,603.15
2002-03-03,179820.00,2177.90,161.00,513.92
2002-03-04,180519.66,2178.10,160.00,512.74
2002-03-05,181185.42,2178.30,162.00,497.66
2002-03-06,181850.00,2178.50,164.00,499.06
2002-03-07,182455.00,2178.70,162.00,467.02
2002-03-08,182980.52,2178.80,161.00,425.95
2002-03-09,183470.00,2179.00,160.00,406.78
2002-03-10,184035.64,2179.10,159.00,444.18
2002-03-11,185520.00,2179.50,167.00,915.36
2002-03-12,186475.42,2179.80,175.00,656.69
2002-03-13,187255.00,2180.00,170.00,563.04
2002-03-14,188044.00,2180.20,169.00,566.79
2002-03-15,188754.00,2180.40,168.00,525.96
2002-03-16,189283.47,2180.60,170.00,436.94
2002-03-17,189932.17,2180.80,169.00,496.05
2002-03-18,190606.00,2181.00,168.00,507.72
2002-03-19,191605.00,2181.20,169.00,672.66
2002-03-20,192180.00,2181.40,174.00,463.90
2002-03-21,192792.17,2181.60,161.00,469.64
2002-03-22,193260.00,2181.70,151.00,386.86
2002-03-23,193728.70,2181.80,150.00,386.30
2002-03-24,194196.00,2182.00,149.00,384.60
2002-03-25,194659.48,2182.10,156.00,389.67
2002-03-26,195194.00,2182.20,155.00,424.49
2002-03-27,195770.00,2182.40,157.00,447.40
2002-03-28,196320.00,2182.60,159.00,436.29
2002-03-29,196860.00,2182.70,163.00,435.25
2002-03-30,197508.00,2182.90,164.00,490.70
2002-03-31,198156.09,2183.10,165.00,491.75
2002-04-01,198984.36,2183.30,160.00,577.58
2002-04-02,199858.00,2183.50,155.00,595.46
2002-04-03,200804.36,2183.80,156.00,633.12
2002-04-04,201740.00,2184.10,154.00,625.72
2002-04-05,202984.00,2184.40,155.00,782.18
2002-04-06,204327.09,2184.80,153.00,830.14
2002-04-07,206157.09,2185.30,154.00,1076.63
2002-04-08,207950.00,2185.80,155.00,1058.92
2002-04-09,209716.00,2186.20,149.00,1039.36
2002-04-10,211741.27,2186.80,147.00,1168.07
2002-04-11,214035.00,2187.40,145.00,1301.43
2002-04-12,216781.91,2188.10,146.00,1530.90
2002-04-13,221698.00,2189.50,147.00,2625.53
2002-04-14,232334.28,2192.30,151.00,5513.46
2002-04-15,239214.28,2194.10,152.00,3620.67
2002-04-16,243652.00,2195.20,156.00,2393.35
2002-04-17,246879.09,2196.10,151.00,1777.99
2002-04-18,249492.00,2196.70,146.00,1463.34
2002-04-19,251803.67,2197.30,150.00,1315.47
2002-04-20,254080.00,2197.90,162.00,1309.65
2002-04-21,256445.00,2198.50,162.00,1354.35
2002-04-22,258931.81,2199.10,168.00,1421.77
2002-04-23,261110.00,2199.70,174.00,1272.17
2002-04-24,263100.00,2200.20,177.00,1180.29
2002-04-25,265010.00,2200.70,177.00,1139.96
2002-04-26,267000.00,2201.20,177.00,1180.29
2002-04-27,269010.00,2201.70,177.00,1190.38
2002-04-28,271010.00,2202.20,174.00,1182.33
2002-04-29,273267.00,2202.70,177.00,1314.90
2002-04-30,276210.00,2203.50,177.00,1660.76
2002-05-01,280506.00,2204.50,177.00,2342.90
2002-05-02,285720.41,2205.80,177.00,2805.93
2002-05-03,290419.00,2206.90,180.00,2548.88
2002-05-04,294108.91,2207.80,180.00,2040.33
2002-05-05,297357.81,2208.60,180.00,1817.99
2002-05-06,300043.31,2209.30,180.00,1533.94
2002-05-07,302113.31,2209.80,180.00,1223.63
2002-05-08,303855.00,2210.20,183.00,1061.10
2002-05-09,305519.50,2210.60,183.00,1022.19
2002-05-10,307022.00,2211.00,183.00,940.51
2002-05-11,308607.91,2211.30,216.00,1015.56
2002-05-12,310530.50,2211.80,244.00,1213.31
2002-05-13,313428.00,2212.50,244.00,1704.82
2002-05-14,316704.22,2213.30,248.00,1899.76
2002-05-15,319874.00,2214.00,248.00,1846.10
2002-05-16,323054.22,2214.80,248.00,1851.36
2002-05-17,326713.78,2215.60,248.00,2078.53
2002-05-18,330811.38,2216.60,248.00,2299.37
2002-05-19,334983.09,2217.60,248.00,2337.71
2002-05-20,340892.00,2218.90,251.00,3214.54
2002-05-21,346586.00,2220.20,251.00,3107.43
2002-05-22,351395.91,2221.30,251.00,2662.80
2002-05-23,355488.22,2222.30,255.00,2302.18
2002-05-24,359505.00,2223.20,255.00,2270.99
2002-05-25,363764.88,2224.10,255.00,2402.41
2002-05-26,368620.00,2225.20,255.00,2702.66
2002-05-27,373990.00,2226.40,258.00,2964.21
2002-05-28,381614.66,2228.10,258.00,4102.65
2002-05-29,390926.00,2230.20,283.00,4975.43
2002-05-30,398950.00,2231.90,484.00,4524.33
2002-05-31,404102.00,2233.00,1185.00,3782.47
2002-06-01,409040.00,2234.10,1832.00,4221.31
2002-06-02,411800.00,2234.70,2021.00,3269.30
2002-06-03,414520.00,2235.20,2300.00,3494.33
2002-06-04,416780.00,2235.70,2544.00,3633.10
2002-06-05,419710.00,2236.30,2558.00,4022.63
2002-06-06,422320.00,2236.90,2562.00,3867.70
2002-06-07,423080.00,2237.10,2577.00,2942.96
2002-06-08,422700.00,2237.00,2421.00,2213.26
2002-06-09,422600.00,2237.00,2098.00,2027.30
2002-06-10,423740.00,2237.20,1903.00,2450.34
2002-06-11,426030.00,2237.70,1862.00,2984.20
2002-06-12,429370.00,2238.40,2019.00,3671.59
2002-06-13,432480.00,2239.00,2622.00,4157.49
2002-06-14,434540.00,2239.50,3602.00,4609.12
2002-06-15,435510.00,2239.70,4336.00,4800.79
2002-06-16,435510.00,2239.70,4333.00,4335.88
2002-06-17,435070.00,2239.60,3694.00,3495.13
2002-06-18,435750.00,2239.70,3012.00,3357.96
2002-06-19,436180.00,2239.80,2860.00,3083.88
2002-06-20,436470.00,2239.90,2647.00,2809.65
2002-06-21,437040.00,2240.00,2605.00,2903.78
2002-06-22,437620.00,2240.10,2882.00,3194.03
2002-06-23,437570.00,2240.10,3265.00,3265.41
2002-06-24,436760.00,2239.90,3317.00,2939.68
2002-06-25,436470.00,2239.90,3064.00,2943.41
2002-06-26,436421.88,2239.80,3052.00,3059.67
2002-06-27,436518.00,2239.90,3243.00,3291.46
2002-06-28,436086.25,2239.80,3196.00,2978.33
2002-06-29,436806.00,2239.90,3215.00,3577.87
2002-06-30,436038.13,2239.80,3223.00,2835.86
2002-07-01,435118.25,2239.60,2559.00,2095.23
2002-07-02,435215.28,2239.60,1725.00,1773.92
2002-07-03,435510.00,2239.70,1451.00,1599.59
2002-07-04,435313.53,2239.60,1601.00,1501.95
2002-07-05,434972.00,2239.50,1599.00,1426.81
2002-07-06,434684.00,2239.50,1533.00,1387.80
2002-07-07,434492.00,2239.40,1635.00,1538.20
2002-07-08,434828.00,2239.50,1657.00,1826.40
2002-07-09,434924.00,2239.50,1758.00,1806.40
2002-07-10,434060.00,2239.40,1981.00,1545.40
2002-07-11,433292.00,2239.20,2105.00,1717.80
2002-07-12,432486.00,2239.00,2237.00,1830.64
2002-07-13,430565.66,2238.60,2379.00,1410.83
2002-07-14,429040.59,2238.30,2425.00,1656.11
2002-07-15,427125.00,2237.90,2503.00,1537.22
2002-07-16,424452.88,2237.30,2690.00,1342.80
2002-07-17,421321.00,2236.70,2830.00,1251.01
2002-07-18,417917.00,2236.00,2951.00,1234.82
2002-07-19,413911.53,2235.10,3091.00,1071.58
2002-07-20,409880.00,2234.30,3125.00,1092.44
2002-07-21,405774.00,2233.40,3114.00,1043.89
2002-07-22,401546.00,2232.50,3115.00,983.38
2002-07-23,397008.00,2231.50,3203.00,915.09
2002-07-24,392490.00,2230.50,3259.00,981.17
2002-07-25,387900.00,2229.50,3281.00,966.87
2002-07-26,383340.00,2228.50,3315.00,1016.00
2002-07-27,378670.00,2227.50,3315.00,960.54
2002-07-28,373765.00,2226.40,3316.00,843.06
2002-07-29,368974.66,2225.30,3305.00,889.87
2002-07-30,363854.00,2224.20,3339.00,757.33
2002-07-31,358578.00,2223.00,3339.00,679.02
2002-08-01,353332.31,2221.80,3285.00,640.30
2002-08-02,347890.00,2220.50,3252.00,508.17
2002-08-03,342192.00,2219.20,3275.00,402.26
2002-08-04,336660.00,2218.00,3253.00,463.95
2002-08-05,331242.00,2216.70,3232.00,500.42
2002-08-06,325856.00,2215.40,3188.00,472.56
2002-08-07,320549.00,2214.20,3112.00,436.39
2002-08-08,315192.00,2212.90,3090.00,389.18
2002-08-09,309773.69,2211.60,3178.00,446.27
2002-08-10,304186.31,2210.30,3223.00,406.03
2002-08-11,298596.00,2208.90,3223.00,404.55
2002-08-12,293240.00,2207.60,3158.00,457.68
2002-08-13,287764.41,2206.30,3180.00,419.39
2002-08-14,282095.00,2204.90,3225.00,366.67
2002-08-15,276497.00,2203.50,3269.00,446.67
2002-08-16,270809.59,2202.10,3259.00,391.60
2002-08-17,265010.00,2200.70,3259.00,335.04
2002-08-18,259250.00,2199.20,3282.00,378.00
2002-08-19,253568.19,2197.80,3227.00,362.42
2002-08-20,247932.77,2196.30,3151.00,309.81
2002-08-21,242414.00,2194.90,3085.00,302.62
2002-08-22,237180.00,2193.60,3026.00,387.19
2002-08-23,232030.00,2192.20,2947.00,350.54
2002-08-24,226958.00,2190.90,2897.00,339.87
2002-08-25,222002.00,2189.50,2857.00,358.35
2002-08-26,217005.00,2188.20,2838.00,318.68
2002-08-27,212000.00,2186.90,2888.00,364.64
2002-08-28,206887.00,2185.50,2919.00,341.19
2002-08-29,201668.00,2184.00,2949.00,317.75
2002-08-30,196392.17,2182.60,3000.00,340.10
2002-08-31,190860.00,2181.00,2970.00,180.86
2002-09-01,185520.00,2179.50,2786.00,93.75
2002-09-02,180905.00,2178.20,2461.00,134.27
2002-09-03,177240.00,2177.20,2045.00,197.23
2002-09-04,174460.00,2176.40,1642.00,240.42
2002-09-05,172380.00,2175.80,1309.00,260.33
2002-09-06,170550.00,2175.20,1012.00,89.37
2002-09-07,169380.00,2174.90,785.00,195.12
2002-09-08,168380.00,2174.60,627.00,122.83
2002-09-09,167626.00,2174.40,466.00,85.86
2002-09-10,167490.00,2174.40,324.00,239.43
2002-09-11,167252.25,2174.30,283.00,134.13
2002-09-12,166975.00,2174.20,283.00,143.22
2002-09-13,166731.83,2174.10,283.00,160.40
2002-09-14,166629.58,2174.10,279.00,227.45
2002-09-15,166324.00,2174.00,279.00,124.94
2002-09-16,165950.00,2173.90,276.00,87.44
2002-09-17,165570.00,2173.80,276.00,84.42
2002-09-18,165270.00,2173.70,272.00,120.75
2002-09-19,164924.58,2173.60,272.00,97.85
2002-09-20,164648.00,2173.50,272.00,132.56
2002-09-21,164410.00,2173.50,272.00,152.01
2002-09-22,164104.00,2173.40,272.00,117.72
2002-09-23,163764.08,2173.30,269.00,97.62
2002-09-24,163458.00,2173.20,269.00,114.69
2002-09-25,163152.25,2173.10,269.00,114.85
2002-09-26,162812.00,2173.00,269.00,97.46
2002-09-27,162472.00,2172.90,272.00,100.58
2002-09-28,162098.17,2172.80,276.00,87.53
2002-09-29,161758.00,2172.70,272.00,100.50
2002-09-30,161384.08,2172.60,272.00,83.48
2002-10-01,160942.00,2172.40,272.00,49.00
2002-10-02,160538.48,2172.30,274.00,70.56
2002-10-03,160272.00,2172.20,265.00,130.65
2002-10-04,160000.00,2172.20,256.00,118.87
2002-10-05,159660.00,2172.10,255.00,83.58
2002-10-06,159490.00,2172.00,256.00,170.29
2002-10-07,159116.00,2171.90,258.00,69.44
2002-10-08,158844.50,2171.80,259.00,122.12
2002-10-09,158541.00,2171.70,260.00,106.99
2002-10-10,158241.83,2171.60,262.00,111.17
2002-10-11,157902.00,2171.50,263.00,91.67
2002-10-12,157630.00,2171.50,264.00,126.87
2002-10-13,157232.67,2171.30,265.00,64.68
2002-10-14,156960.00,2171.30,263.00,125.53
2002-10-15,156630.00,2171.20,264.00,97.62
2002-10-16,156290.00,2171.10,265.00,93.58
2002-10-17,155993.00,2171.00,264.00,114.26
2002-10-18,155620.00,2170.90,263.00,74.95
2002-10-19,155290.00,2170.80,258.00,91.62
2002-10-20,154950.00,2170.70,257.00,85.58
2002-10-21,154620.00,2170.60,252.00,85.62
2002-10-22,154280.00,2170.50,244.00,72.58
2002-10-23,153950.00,2170.40,243.00,76.62
2002-10-24,153678.17,2170.30,231.00,93.95
2002-10-25,153346.00,2170.20,219.00,51.53
2002-10-26,152950.00,2170.10,248.00,48.35
2002-10-27,152610.00,2170.00,249.00,77.58
2002-10-28,152246.92,2169.80,250.00,66.95
2002-10-29,151884.00,2169.70,252.00,69.03
2002-10-30,151551.83,2169.60,249.71,82.24
2002-10-31,151150.00,2169.50,248.05,45.46
2002-11-01,150752.00,2169.40,247.79,47.13
2002-11-02,150389.23,2169.30,247.50,64.61
2002-11-03,150026.00,2169.20,247.50,64.37
2002-11-04,149696.16,2169.10,251.00,84.70
2002-11-05,149366.00,2169.00,251.00,84.55
2002-11-06,148970.00,2168.90,251.00,51.35
2002-11-07,148673.08,2168.80,251.00,101.30
2002-11-08,148376.00,2168.70,247.00,97.22
2002-11-09,148111.52,2168.60,247.00,113.66
2002-11-10,147782.00,2168.50,247.00,80.87
2002-11-11,147584.00,2168.40,247.00,147.17
2002-11-12,147452.00,2168.40,247.00,180.45
2002-11-13,147452.00,2168.40,247.00,247.00
2002-11-14,147386.00,2168.40,247.00,213.72
2002-11-15,147221.56,2168.30,247.00,164.10
2002-11-16,147188.48,2168.30,247.00,230.32
2002-11-17,147155.41,2168.30,244.00,227.32
2002-11-18,147221.56,2168.30,247.00,280.35
2002-11-19,147551.00,2168.40,244.00,410.09
2002-11-20,148772.33,2168.80,233.00,848.75
2002-11-21,149663.08,2169.10,230.00,679.09
2002-11-22,150323.08,2169.30,230.00,562.75
2002-11-23,150818.00,2169.40,230.00,479.52
2002-11-24,151082.00,2169.50,230.00,363.10
2002-11-25,151314.08,2169.60,230.00,347.01
2002-11-26,151415.50,2169.60,230.00,281.13
2002-11-27,151415.50,2169.60,230.00,230.00
2002-11-28,151348.17,2169.60,230.00,196.06
2002-11-29,151348.17,2169.60,226.00,226.00
2002-11-30,151214.00,2169.50,226.00,158.35
2002-12-01,151181.00,2169.50,226.00,209.36
2002-12-02,151016.00,2169.50,226.00,142.81
2002-12-03,150917.00,2169.40,226.00,176.09
2002-12-04,150818.00,2169.40,226.00,176.09
2002-12-05,150653.00,2169.40,209.00,125.81
2002-12-06,150554.64,2169.30,195.00,145.41
2002-12-07,150455.41,2169.30,198.00,147.97
2002-12-08,150257.00,2169.20,202.00,101.97
2002-12-09,150092.00,2169.20,202.00,118.81
2002-12-10,150191.00,2169.20,202.00,251.91
2002-12-11,150389.23,2169.30,202.00,301.94
2002-12-12,150422.33,2169.30,202.00,218.68
2002-12-13,150356.16,2169.30,202.00,168.64
2002-12-14,150554.64,2169.30,202.00,302.07
2002-12-15,150851.00,2169.40,202.00,351.41
2002-12-16,151348.17,2169.60,202.00,452.66
2002-12-17,151785.00,2169.70,202.00,422.23
2002-12-18,152082.33,2169.80,202.00,351.90
2002-12-19,152246.92,2169.80,202.00,284.98
2002-12-20,152346.00,2169.90,202.00,251.95
2002-12-21,152445.00,2169.90,202.00,251.91
2002-12-22,152478.00,2169.90,202.00,218.64
2002-12-23,152445.00,2169.90,202.00,185.36
2002-12-24,152478.00,2169.90,202.00,218.64
2002-12-25,152478.00,2169.90,202.00,202.00
2002-12-26,152511.00,2169.90,202.00,218.64
2002-12-27,152644.00,2170.00,202.00,269.05
2002-12-28,152644.00,2170.00,202.00,202.00
2002-12-29,152577.00,2169.90,198.00,164.22
2002-12-30,152780.00,2170.00,202.00,304.35
2002-12-31,152814.00,2170.00,202.00,219.14
2003-01-01,153016.16,2170.10,205.00,306.92
2003-01-02,153180.77,2170.10,202.00,284.99
2003-01-03,153313.00,2170.20,202.00,268.67
2003-01-04,153814.50,2170.30,205.00,457.84
2003-01-05,154214.00,2170.40,205.00,406.41
2003-01-06,154620.00,2170.60,209.00,413.69
2003-01-07,154950.00,2170.70,205.00,371.38
2003-01-08,155256.00,2170.70,202.00,356.28
2003-01-09,155455.41,2170.80,202.00,302.53
2003-01-10,155620.00,2170.90,202.00,284.98
2003-01-11,155790.00,2170.90,198.00,283.71
2003-01-12,155993.00,2171.00,198.00,300.35
2003-01-13,156158.00,2171.00,202.00,285.19
2003-01-14,156224.00,2171.00,202.00,235.28
2003-01-15,156257.00,2171.00,202.00,218.64
2003-01-16,156224.00,2171.00,202.00,185.36
2003-01-17,156224.00,2171.00,202.00,202.00
2003-01-18,156257.00,2171.00,202.00,218.64
2003-01-19,156224.00,2171.00,202.00,185.36
2003-01-20,156125.00,2171.00,202.00,152.09
2003-01-21,156224.00,2171.00,202.00,251.91
2003-01-22,156595.92,2171.10,202.00,389.51
2003-01-23,156595.92,2171.10,202.00,202.00
2003-01-24,156861.00,2171.20,204.00,337.64
2003-01-25,157198.58,2171.30,203.00,373.20
2003-01-26,160472.33,2172.30,205.00,1855.52
2003-01-27,165712.67,2173.80,208.00,2850.01
2003-01-28,169000.34,2174.80,210.00,1867.54
2003-01-29,171755.50,2175.60,205.00,1594.06
2003-01-30,174696.00,2176.40,208.00,1690.50
2003-01-31,183645.00,2179.00,228.00,4739.79
2003-02-01,190395.00,2180.90,209.00,3612.13
2003-02-02,194376.00,2182.00,194.00,2201.09
2003-02-03,197184.36,2182.80,196.00,1611.88
2003-02-04,199274.00,2183.40,198.00,1251.53
2003-02-05,200983.91,2183.80,202.00,1064.08
2003-02-06,202398.00,2184.20,202.00,914.94
2003-02-07,203597.09,2184.60,202.00,806.54
2003-02-08,204586.72,2184.80,202.00,700.94
2003-02-09,205537.45,2185.10,202.00,681.33
2003-02-10,206268.36,2185.30,202.00,570.50
2003-02-11,206998.00,2185.50,206.00,573.86
2003-02-12,207626.00,2185.70,206.00,522.62
2003-02-13,208172.55,2185.80,206.00,481.55
2003-02-14,208690.00,2186.00,206.00,466.88
2003-02-15,209275.64,2186.10,206.00,501.26
2003-02-16,209827.09,2186.30,206.00,484.02
2003-02-17,210345.00,2186.40,206.00,467.11
2003-02-18,210826.00,2186.50,206.00,448.50
2003-02-19,211260.00,2186.70,206.00,424.81
2003-02-20,212111.00,2186.90,206.00,635.05
2003-02-21,213739.64,2187.30,213.00,1034.11
2003-02-22,215071.00,2187.70,216.00,887.23
2003-02-23,216033.00,2187.90,216.00,701.01
2003-02-24,216820.00,2188.20,213.00,609.78
2003-02-25,217522.91,2188.30,209.00,563.38
2003-02-26,218041.00,2188.50,209.00,470.21
2003-02-27,218641.91,2188.60,209.00,511.96
2003-02-28,219124.19,2188.80,209.00,452.15
2003-03-01,219496.00,2188.90,209.00,396.46
2003-03-02,219911.00,2189.00,209.00,418.23
2003-03-03,220207.09,2189.10,209.00,358.28
2003-03-04,220540.00,2189.20,208.00,375.84
2003-03-05,221290.00,2189.40,207.00,585.13
2003-03-06,221850.00,2189.50,206.00,488.33
2003-03-07,222486.00,2189.70,205.00,525.65
2003-03-08,222901.27,2189.80,203.00,412.36
2003-03-09,223502.00,2189.90,206.00,508.87
2003-03-10,224067.45,2190.10,205.00,490.08
2003-03-11,225268.00,2190.40,207.00,812.28
2003-03-12,227072.00,2190.90,202.00,1111.52
2003-03-13,230900.00,2191.90,201.00,2130.95
2003-03-14,234586.00,2192.90,204.00,2062.36
2003-03-15,238026.19,2193.80,203.00,1937.43
2003-03-16,240906.00,2194.50,202.00,1653.91
2003-03-17,243263.81,2195.10,200.00,1388.73
2003-03-18,245203.81,2195.60,196.00,1174.08
2003-03-19,246918.19,2196.10,195.00,1059.33
2003-03-20,248361.00,2196.40,194.00,921.42
2003-03-21,250116.00,2196.90,196.00,1080.81
2003-03-22,252590.00,2197.50,192.00,1439.31
2003-03-23,254787.28,2198.10,191.00,1298.80
2003-03-24,256523.00,2198.50,193.00,1068.09
2003-03-25,258100.00,2198.90,192.00,987.07
2003-03-26,259449.09,2199.30,195.00,875.17
2003-03-27,260794.52,2199.60,195.00,873.32
2003-03-28,261868.00,2199.90,200.52,741.74
2003-03-29,263497.00,2200.30,198.77,1020.06
2003-03-30,265130.00,2200.70,200.23,1023.54
2003-03-31,267681.00,2201.30,201.42,1487.55
2003-04-01,271290.00,2202.20,202.82,2022.36
2003-04-02,273510.28,2202.80,205.50,1324.89
2003-04-03,275523.31,2203.30,205.50,1220.40
2003-04-04,277180.00,2203.70,202.00,1037.25
2003-04-05,278640.00,2204.10,202.00,938.08
2003-04-06,279980.00,2204.40,202.00,877.58
2003-04-07,281120.00,2204.70,205.00,779.75
2003-04-08,282218.00,2204.90,205.00,758.58
2003-04-09,283520.00,2205.30,205.00,861.43
2003-04-10,284863.31,2205.60,209.00,886.25
2003-04-11,286329.00,2205.90,209.00,947.95
2003-04-12,287928.81,2206.30,209.00,1015.57
2003-04-13,290091.00,2206.90,209.00,1299.10
2003-04-14,292260.00,2207.40,209.00,1302.54
2003-04-15,294355.00,2207.90,209.00,1265.23
2003-04-16,296200.00,2208.40,209.00,1139.19
2003-04-17,298096.59,2208.80,209.00,1165.20
2003-04-18,299668.00,2209.20,209.00,1001.25
2003-04-19,301201.09,2209.60,209.00,981.94
2003-04-20,302694.00,2209.90,209.00,961.67
2003-04-21,304312.63,2210.30,209.00,1025.06
2003-04-22,306224.22,2210.80,209.00,1172.76
2003-04-23,308398.41,2211.30,209.00,1305.15
2003-04-24,311370.00,2212.00,209.00,1707.18
2003-04-25,313973.69,2212.60,212.00,1524.69
2003-04-26,316242.00,2213.20,209.00,1352.61
2003-04-27,318310.00,2213.70,212.00,1254.62
2003-04-28,320167.38,2214.10,212.00,1148.43
2003-04-29,322120.00,2214.60,212.00,1196.45
2003-04-30,324198.00,2215.00,212.00,1259.66
2003-05-01,326884.00,2215.70,212.00,1566.19
2003-05-02,329746.91,2216.30,216.00,1659.38
2003-05-03,332704.00,2217.00,216.00,1706.87
2003-05-04,335456.00,2217.70,216.00,1603.47
2003-05-05,337907.00,2218.20,216.00,1451.71
2003-05-06,340024.00,2218.70,216.00,1283.32
2003-05-07,341840.00,2219.20,217.00,1132.57
2003-05-08,343492.00,2219.50,217.00,1049.88
2003-05-09,345012.00,2219.90,218.00,984.33
2003-05-10,346630.00,2220.30,218.00,1033.74
2003-05-11,348423.00,2220.70,219.00,1122.97
2003-05-12,350344.47,2221.10,220.00,1188.74
2003-05-13,352627.69,2221.60,220.00,1371.12
2003-05-14,355136.00,2222.20,221.00,1485.61
2003-05-15,358314.00,2222.90,225.00,1827.24
2003-05-16,360788.00,2223.50,226.00,1473.31
2003-05-17,362830.00,2223.90,226.00,1255.51
2003-05-18,364520.66,2224.30,227.00,1079.37
2003-05-19,366075.00,2224.70,227.00,1010.65
2003-05-20,367458.00,2225.00,228.00,925.26
2003-05-21,369510.00,2225.40,229.00,1263.55
2003-05-22,371300.88,2225.80,229.00,1131.90
2003-05-23,374260.00,2226.50,230.00,1721.89
2003-05-24,379802.00,2227.70,234.00,3028.09
2003-05-25,386622.00,2229.20,235.00,3673.42
2003-05-26,391938.00,2230.40,239.00,2919.15
2003-05-27,396640.00,2231.40,243.00,2613.59
2003-05-28,402288.66,2232.60,240.00,3087.87
2003-05-29,408204.00,2233.90,240.00,3222.32
2003-05-30,413489.00,2235.00,244.00,2908.52
2003-05-31,419376.25,2236.30,244.00,3212.16
2003-06-01,423838.00,2237.20,306.00,2555.47
2003-06-02,427600.00,2238.00,406.00,2302.68
2003-06-03,430565.66,2238.60,631.00,2126.19
2003-06-04,432771.34,2239.10,1064.00,2176.03
2003-06-05,434252.00,2239.40,1705.00,2451.50
2003-06-06,434876.00,2239.50,2556.00,2870.60
2003-06-07,434780.00,2239.50,3200.00,3151.60
2003-06-08,435118.25,2239.60,3070.00,3240.53
2003-06-09,435167.38,2239.60,2800.00,2824.77
2003-06-10,435215.28,2239.60,2475.00,2499.15
2003-06-11,435411.75,2239.60,2273.00,2372.05
2003-06-12,435411.75,2239.60,1855.00,1855.00
2003-06-13,435798.00,2239.70,1640.00,1834.73
2003-06-14,435606.00,2239.70,1612.00,1515.20
2003-06-15,435460.88,2239.60,1472.00,1398.83
2003-06-16,434732.00,2239.50,1350.00,982.53
2003-06-17,435411.75,2239.60,1290.00,1632.71
2003-06-18,435460.88,2239.60,1348.00,1372.77
2003-06-19,435313.53,2239.60,1435.00,1360.71
2003-06-20,434780.00,2239.50,1541.00,1272.01
2003-06-21,433724.34,2239.30,1663.00,1130.77
2003-06-22,432006.00,2238.90,1824.00,957.67
2003-06-23,429750.00,2238.50,1997.00,859.60
2003-06-24,426984.00,2237.90,2196.00,801.47
2003-06-25,423934.00,2237.20,2360.00,822.29
2003-06-26,420939.41,2236.60,2459.00,949.22
2003-06-27,418293.00,2236.00,2481.00,1146.77
2003-06-28,415886.00,2235.50,2494.00,1280.47
2003-06-29,413254.00,2235.00,2496.00,1169.03
2003-06-30,410209.81,2234.30,2638.00,1103.22
2003-07-01,406573.00,2233.50,2870.00,1036.44
2003-07-02,402430.00,2232.70,2993.00,904.24
2003-07-03,397984.00,2231.70,3067.00,825.47
2003-07-04,393318.00,2230.70,3145.00,792.56
2003-07-05,388497.78,2229.60,3204.00,773.80
2003-07-06,383794.44,2228.60,3207.00,835.73
2003-07-07,378985.00,2227.50,3200.00,775.24
2003-07-08,374215.00,2226.50,3215.00,810.12
2003-07-09,369330.00,2225.40,3218.00,755.14
2003-07-10,364295.13,2224.30,3211.00,672.58
2003-07-11,359281.78,2223.10,3248.00,720.44
2003-07-12,354300.00,2222.00,3218.00,706.35
2003-07-13,349161.78,2220.80,3288.00,697.48
2003-07-14,344010.00,2219.70,3369.00,771.64
2003-07-15,338556.00,2218.40,3449.00,699.27
2003-07-16,332876.22,2217.10,3508.00,644.44
2003-07-17,327052.00,2215.70,3556.00,619.62
2003-07-18,321102.63,2214.30,3581.00,581.52
2003-07-19,315066.00,2212.90,3607.00,563.53
2003-07-20,309019.00,2211.40,3622.00,573.30
2003-07-21,302984.00,2210.00,3625.00,582.35
2003-07-22,296825.00,2208.50,3640.00,534.84
2003-07-23,290501.00,2207.00,3712.00,523.65
2003-07-24,284130.00,2205.40,3760.00,547.95
2003-07-25,277707.69,2203.80,3748.00,510.08
2003-07-26,271290.00,2202.20,3688.00,452.41
2003-07-27,265010.00,2200.70,3664.00,497.83
2003-07-28,258620.00,2199.10,3688.00,466.37
2003-07-29,252154.00,2197.40,3736.00,476.06
2003-07-30,245592.00,2195.70,3749.06,440.72
2003-07-31,238710.00,2194.00,3739.31,269.64
2003-08-01,232068.00,2192.20,3719.31,370.64
2003-08-02,225648.00,2190.50,3661.00,424.25
2003-08-03,219346.72,2188.80,3612.00,435.10
2003-08-04,213184.00,2187.20,3554.00,446.96
2003-08-05,207109.00,2185.50,3507.00,444.19
2003-08-06,201020.00,2183.90,3460.00,390.13
2003-08-07,195086.00,2182.20,3413.00,421.27
2003-08-08,189176.09,2180.60,3355.00,375.42
2003-08-09,183330.00,2178.90,3308.00,360.59
2003-08-10,177656.33,2177.30,3250.00,389.52
2003-08-11,172030.00,2175.70,3202.00,365.39
2003-08-12,166358.00,2174.00,3199.00,339.36
2003-08-13,160738.00,2172.40,3174.00,340.58
2003-08-14,155222.00,2170.70,3116.00,335.02
2003-08-15,149696.16,2169.10,3061.00,275.05
2003-08-16,144238.00,2167.40,3018.00,266.18
2003-08-17,138936.23,2165.80,2966.00,293.02
2003-08-18,133764.00,2164.20,2923.00,315.33
2003-08-19,128620.00,2162.60,2870.00,276.57
2003-08-20,123610.00,2161.00,2809.00,283.12
2003-08-21,118609.93,2159.30,2757.00,236.13
2003-08-22,113780.07,2157.80,2728.13,293.07
2003-08-23,108940.00,2156.20,2670.63,230.42
2003-08-24,104190.00,2154.60,2618.85,224.06
2003-08-25,99510.00,2153.00,2566.41,206.91
2003-08-26,95134.00,2151.40,2505.99,299.76
2003-08-27,90744.00,2149.90,2443.39,230.09
2003-08-28,86360.00,2148.30,2389.16,178.89
2003-08-29,82060.00,2146.80,2337.41,169.49
2003-08-30,77910.00,2145.20,2278.02,185.72
2003-08-31,73960.00,2143.70,2211.73,220.27
2003-09-01,70050.00,2142.30,2153.23,181.94
2003-09-02,66230.00,2140.80,2102.80,176.88
2003-09-03,62550.00,2139.30,2038.63,183.29
2003-09-04,59020.00,2137.90,1970.70,190.99
2003-09-05,55910.00,2136.60,1746.35,178.39
2003-09-06,53400.00,2135.60,1432.60,167.15
2003-09-07,51460.00,2134.70,1143.58,165.50
2003-09-08,50093.84,2134.10,891.77,203.00
2003-09-09,49260.00,2133.80,521.00,100.61
2003-09-10,48886.16,2133.60,336.00,147.52
2003-09-11,48659.00,2133.50,273.00,158.47
2003-09-12,48370.00,2133.40,260.00,114.30
2003-09-13,48238.21,2133.30,265.00,198.56
2003-09-14,48040.00,2133.20,266.00,166.07
2003-09-15,47860.83,2133.10,260.00,169.67
2003-09-16,47723.05,2133.10,240.00,170.54
2003-09-17,47590.00,2133.00,224.00,156.92
2003-09-18,47436.00,2132.90,224.00,146.36
2003-09-19,47282.00,2132.90,221.00,143.36
2003-09-20,47128.21,2132.80,221.00,143.47
2003-09-21,47018.00,2132.70,222.00,166.43
2003-09-22,46886.00,2132.70,219.00,152.45
2003-09-23,46731.79,2132.60,223.00,145.25
2003-09-24,46578.00,2132.50,224.00,146.47
2003-09-25,46380.00,2132.50,224.00,124.17
2003-09-26,46226.00,2132.40,225.00,147.36
2003-09-27,46028.21,2132.30,221.00,121.28
2003-09-28,45830.00,2132.20,222.00,122.07
2003-09-29,45635.79,2132.10,222.00,124.09
2003-09-30,45444.00,2132.00,223.00,126.30
2003-10-01,45246.00,2131.90,223.00,124.00
2003-10-02,45070.00,2131.90,223.00,134.27
2003-10-03,44850.00,2131.80,224.00,113.08
2003-10-04,44617.95,2131.60,224.00,107.01
2003-10-05,44420.00,2131.60,224.00,124.20
2003-10-06,44178.00,2131.40,224.00,101.99
2003-10-07,43980.00,2131.40,225.00,125.17
2003-10-08,43812.10,2131.30,225.00,140.35
2003-10-09,43660.00,2131.20,225.00,148.32
2003-10-10,43572.00,2131.20,225.00,180.63
2003-10-11,43550.00,2131.20,226.00,214.91
2003-10-12,43594.00,2131.20,222.00,244.18
2003-10-13,43812.10,2131.30,226.00,335.96
2003-10-14,44046.00,2131.40,226.00,343.92
2003-10-15,44222.00,2131.50,227.00,315.73
2003-10-16,44850.00,2131.80,226.00,542.62
2003-10-17,46930.00,2132.70,228.00,1276.67
2003-10-18,49172.00,2133.70,224.00,1354.34
2003-10-19,50390.00,2134.30,224.00,838.08
2003-10-20,52795.28,2135.30,219.00,1431.66
2003-10-21,61520.00,2138.90,215.00,4613.71
2003-10-22,65592.00,2140.50,211.00,2263.97
2003-10-23,67824.00,2141.40,210.00,1335.30
2003-10-24,69350.00,2142.00,216.00,985.36
2003-10-25,70600.00,2142.50,219.00,849.21
2003-10-26,71540.00,2142.80,211.00,684.92
2003-10-27,72120.00,2143.00,207.00,499.42
2003-10-28,73300.00,2143.50,206.00,800.92
2003-10-29,75020.00,2144.10,209.00,1076.17
2003-10-30,76300.00,2144.60,216.00,861.33
2003-10-31,77315.00,2145.00,217.00,728.73
2003-11-01,78071.20,2145.30,217.00,598.25
2003-11-02,78719.00,2145.50,218.00,544.60
2003-11-03,79151.00,2145.70,218.00,435.80
2003-11-04,79502.40,2145.80,219.00,396.16
2003-11-05,79772.00,2145.90,219.00,354.92
2003-11-06,79988.00,2146.00,220.00,328.90
2003-11-07,80204.13,2146.10,220.00,328.97
2003-11-08,80365.87,2146.10,221.00,302.54
2003-11-09,80501.00,2146.20,221.00,289.13
2003-11-10,81078.00,2146.40,221.00,511.90
2003-11-11,82195.33,2146.80,222.00,785.32
2003-11-12,82987.60,2147.10,222.00,621.44
2003-11-13,83619.46,2147.30,226.00,544.56
2003-11-14,84115.00,2147.50,227.00,476.83
2003-11-15,84614.00,2147.70,227.00,478.58
2003-11-16,85388.00,2148.00,228.00,618.23
2003-11-17,86470.00,2148.40,228.00,773.51
2003-11-18,92490.00,2150.50,236.00,3271.08
2003-11-19,103097.00,2154.20,240.00,5587.70
2003-11-20,108640.00,2156.10,251.00,3045.60
2003-11-21,111940.00,2157.20,237.00,1900.75
2003-11-22,114112.00,2157.90,237.00,1332.05
2003-11-23,115911.00,2158.50,237.00,1144.00
2003-11-24,117503.00,2159.00,226.00,1028.63
2003-11-25,119105.00,2159.50,215.00,1022.68
2003-11-26,120283.00,2159.90,215.00,808.91
2003-11-27,121244.00,2160.20,215.00,699.50
2003-11-28,122825.00,2160.70,219.00,1016.09
2003-11-29,126048.00,2161.70,225.00,1849.93
2003-11-30,128843.77,2162.60,225.00,1634.53
2003-12-01,131150.00,2163.40,222.00,1384.73
2003-12-02,132900.00,2163.90,221.00,1103.29
2003-12-03,134468.00,2164.40,221.00,1011.53
2003-12-04,135684.16,2164.80,221.00,834.15
2003-12-05,136867.92,2165.10,214.00,810.82
2003-12-06,137966.00,2165.50,214.00,767.61
2003-12-07,138904.16,2165.80,214.00,686.99
2003-12-08,139682.00,2166.00,214.00,606.16
2003-12-09,140332.00,2166.20,213.00,540.71
2003-12-10,141077.00,2166.40,213.00,588.60
2003-12-11,141594.59,2166.60,217.00,477.95
2003-12-12,142245.41,2166.80,217.00,545.12
2003-12-13,143093.08,2167.10,216.00,643.37
2003-12-14,143621.00,2167.20,216.00,482.16
2003-12-15,144139.00,2167.40,216.00,477.16
2003-12-16,144568.00,2167.50,216.00,432.29
2003-12-17,144955.84,2167.60,216.00,411.54
2003-12-18,145185.00,2167.70,215.00,330.53
2003-12-19,145449.23,2167.80,215.00,348.22
2003-12-20,145812.00,2167.90,215.00,397.89
2003-12-21,146010.00,2168.00,215.00,314.83
2003-12-22,146202.00,2168.00,218.00,314.80
2003-12-23,146396.16,2168.10,218.00,315.89
2003-12-24,146593.84,2168.10,218.00,317.67
2003-12-25,146792.00,2168.20,214.00,313.90
2003-12-26,147120.00,2168.30,217.00,382.37
2003-12-27,147420.00,2168.40,217.00,368.25
2003-12-28,147750.00,2168.50,217.00,383.38
2003-12-29,148046.16,2168.60,216.00,365.31
2003-12-30,148079.23,2168.60,216.00,232.68
2003-12-31,148177.67,2168.60,216.00,265.63
2004-01-01,148276.92,2168.60,215.00,265.04
2004-01-02,148310.00,2168.70,215.00,231.68
2004-01-03,148508.00,2168.70,215.00,314.83
2004-01-04,148508.00,2168.70,215.00,215.00
2004-01-05,148442.00,2168.70,214.00,180.72
2004-01-06,148140.00,2168.60,214.00,62.00
2004-01-07,147947.00,2168.50,214.00,117.00
2004-01-08,148046.16,2168.60,214.00,263.99
2004-01-09,148111.52,2168.60,213.00,245.95
2004-01-10,148144.59,2168.60,213.00,229.68
2004-01-11,148270.00,2168.60,213.00,276.23
2004-01-12,148376.00,2168.70,213.00,266.44
2004-01-13,148409.00,2168.70,216.00,232.64
2004-01-14,148508.00,2168.70,216.00,265.91
2004-01-15,148904.64,2168.80,215.00,414.97
2004-01-16,149201.00,2168.90,215.00,364.41
2004-01-17,149465.00,2169.00,214.00,347.10
2004-01-18,149761.52,2169.10,214.00,363.49
2004-01-19,150026.00,2169.20,213.00,346.34
2004-01-20,150257.00,2169.20,213.00,329.46
2004-01-21,150422.33,2169.30,216.00,299.35
2004-01-22,150686.00,2169.40,216.00,348.93
2004-01-23,151016.00,2169.50,215.00,381.38
2004-01-24,151314.08,2169.60,215.00,365.28
2004-01-25,151517.75,2169.60,214.00,316.68
2004-01-26,151752.00,2169.70,214.00,332.10
2004-01-27,151950.00,2169.80,213.00,312.83
2004-01-28,152412.00,2169.90,213.00,445.93
2004-01-29,153950.00,2170.40,219.00,994.41
2004-01-30,156493.67,2171.10,219.00,1501.44
2004-01-31,158607.00,2171.70,219.00,1284.47
2004-02-01,160204.00,2172.20,222.00,1027.15
2004-02-02,161519.58,2172.60,221.00,884.27
2004-02-03,162574.00,2172.90,224.00,755.60
2004-02-04,163458.00,2173.20,217.00,662.68
2004-02-05,164206.00,2173.40,213.00,590.12
2004-02-06,164855.25,2173.60,213.00,540.33
2004-02-07,165474.08,2173.80,213.00,524.99
2004-02-08,165950.00,2173.90,213.00,452.94
2004-02-09,166426.00,2174.00,213.00,452.98
2004-02-10,166800.00,2174.20,213.00,401.56
2004-02-11,167184.08,2174.30,213.00,406.64
2004-02-12,167455.92,2174.30,213.00,350.05
2004-02-13,167762.00,2174.40,213.00,367.31
2004-02-14,168040.00,2174.50,213.00,353.16
2004-02-15,168349.58,2174.60,213.00,369.08
2004-02-16,168656.00,2174.70,213.00,367.49
2004-02-17,168965.25,2174.80,213.00,368.91
2004-02-18,169210.00,2174.90,213.00,336.39
2004-02-19,169380.00,2174.90,213.00,298.71
2004-02-20,169620.00,2175.00,213.00,334.00
2004-02-21,169795.00,2175.00,213.00,301.23
2004-02-22,169934.08,2175.10,213.00,283.12
2004-02-23,170035.50,2175.10,213.00,264.13
2004-02-24,170205.92,2175.10,213.00,298.92
2004-02-25,170512.00,2175.20,213.00,367.31
2004-02-26,170650.17,2175.30,213.00,282.66
2004-02-27,170755.42,2175.30,213.00,266.06
2004-02-28,170894.92,2175.30,213.00,283.33
2004-02-29,171032.00,2175.40,213.00,282.11
2004-03-01,171134.00,2175.40,216.00,267.43
2004-03-02,171236.00,2175.40,220.00,271.43
2004-03-03,171445.00,2175.50,226.00,331.37
2004-03-04,171722.25,2175.60,225.00,364.78
2004-03-05,172170.00,2175.70,224.00,449.74
2004-03-06,172450.34,2175.80,223.00,364.34
2004-03-07,172762.00,2175.90,222.00,379.13
2004-03-08,173350.00,2176.10,224.00,520.45
2004-03-09,174594.00,2176.40,227.00,854.18
2004-03-10,176225.00,2176.90,222.00,1044.30
2004-03-11,177895.00,2177.40,217.00,1058.96
2004-03-12,179505.59,2177.80,216.00,1028.01
2004-03-13,180975.00,2178.20,219.00,959.83
2004-03-14,182347.83,2178.60,221.00,913.13
2004-03-15,183856.09,2179.10,223.00,983.42
2004-03-16,185168.00,2179.40,222.00,883.42
2004-03-17,186866.00,2179.90,218.00,1074.08
2004-03-18,188682.00,2180.40,213.00,1128.57
2004-03-19,190430.00,2180.90,215.00,1096.28
2004-03-20,191963.91,2181.30,214.00,987.34
2004-03-21,193332.00,2181.70,217.00,906.75
2004-03-22,194799.83,2182.10,208.00,948.03
2004-03-23,196824.00,2182.70,204.00,1224.52
2004-03-24,199128.70,2183.30,206.00,1367.96
2004-03-25,201488.00,2184.00,209.00,1398.48
2004-03-26,203560.00,2184.60,204.00,1248.63
2004-03-27,205648.73,2185.10,199.00,1252.07
2004-03-28,207478.73,2185.60,202.00,1124.63
2004-03-29,209203.47,2186.10,204.00,1073.55
2004-03-30,211115.64,2186.60,203.00,1167.05
2004-03-31,212887.45,2187.10,202.00,1095.29
2004-04-01,214330.00,2187.50,204.00,932.00
2004-04-02,216070.00,2188.00,207.00,1084.00
2004-04-03,218190.00,2188.50,205.00,1273.00
2004-04-04,220320.00,2189.10,204.00,1278.00
2004-04-05,222486.00,2189.70,203.00,1295.03
2004-04-06,225002.91,2190.30,209.00,1477.94
2004-04-07,227907.63,2191.10,216.00,1680.46
2004-04-08,231090.00,2192.00,220.00,1824.45
2004-04-09,234206.19,2192.80,220.00,1791.08
2004-04-10,237369.53,2193.60,223.00,1817.85
2004-04-11,240868.00,2194.50,227.00,1990.81
2004-04-12,244938.09,2195.60,227.00,2279.01
2004-04-13,249765.48,2196.80,230.00,2663.81
2004-04-14,254080.00,2197.90,230.00,2405.24
2004-04-15,257508.19,2198.80,230.00,1958.38
2004-04-16,260360.00,2199.50,230.00,1667.79
2004-04-17,262779.50,2200.10,234.00,1453.83
2004-04-18,264970.00,2200.70,234.00,1338.38
2004-04-19,267000.00,2201.20,234.00,1257.46
2004-04-20,268970.00,2201.70,234.00,1227.21
2004-04-21,270849.72,2202.10,234.00,1181.69
2004-04-22,272620.09,2202.60,234.00,1126.56
2004-04-23,274600.00,2203.10,234.00,1232.20
2004-04-24,276579.00,2203.50,230.00,1227.75
2004-04-25,278560.00,2204.00,230.00,1228.75
2004-04-26,280956.69,2204.60,230.00,1438.33
2004-04-27,284371.00,2205.50,230.00,1951.38
2004-04-28,287928.81,2206.30,230.00,2023.73
2004-04-29,291115.59,2207.10,234.00,1840.67
2004-04-30,294273.00,2207.90,234.00,1825.86
2004-05-01,298096.59,2208.80,234.00,2161.73
2004-05-02,303066.00,2210.00,234.00,2739.41
2004-05-03,308272.09,2211.30,234.00,2858.74
2004-05-04,313050.00,2212.40,237.00,2645.86
2004-05-05,317250.00,2213.40,237.00,2354.50
2004-05-06,320678.00,2214.20,237.00,1965.28
2004-05-07,323820.00,2215.00,237.00,1821.09
2004-05-08,327220.00,2215.80,237.00,1951.17
2004-05-09,330430.00,2216.50,237.00,1855.38
2004-05-10,333220.00,2217.20,237.00,1643.63
2004-05-11,335800.00,2217.80,237.00,1537.75
2004-05-12,338122.41,2218.30,227.00,1399.88
2004-05-13,340496.91,2218.80,223.00,1424.14
2004-05-14,342753.00,2219.40,223.00,1366.45
2004-05-15,345188.00,2219.90,223.00,1459.65
2004-05-16,347632.00,2220.50,223.00,1466.18
2004-05-17,350259.31,2221.10,227.00,1563.60
2004-05-18,353024.00,2221.70,227.00,1634.86
2004-05-19,356324.00,2222.50,227.00,1907.75
2004-05-20,360304.00,2223.40,227.00,2252.58
2004-05-21,364162.00,2224.20,227.00,2193.08
2004-05-22,367855.13,2225.10,227.00,2111.95
2004-05-23,371255.78,2225.80,230.00,1970.50
2004-05-24,374080.00,2226.50,230.00,1681.88
2004-05-25,376645.00,2227.00,230.00,1553.19
2004-05-26,379756.00,2227.70,230.00,1830.46
2004-05-27,383929.78,2228.60,234.00,2372.28
2004-05-28,387578.00,2229.40,234.00,2109.31
2004-05-29,390420.00,2230.10,234.00,1704.84
2004-05-30,393318.00,2230.70,237.00,1738.08
2004-05-31,396272.78,2231.30,237.00,1769.70
2004-06-01,398673.88,2231.80,241.00,1495.55
2004-06-02,400853.00,2232.30,389.00,1516.64
2004-06-03,402937.00,2232.80,687.00,1693.92
2004-06-04,403636.00,2232.90,742.00,1094.41
2004-06-05,407320.00,2233.70,600.00,2457.35
2004-06-06,410160.00,2234.30,545.00,1976.83
2004-06-07,411800.00,2234.70,515.00,1341.83
2004-06-08,413490.00,2235.00,497.00,1349.04
2004-06-09,415040.00,2235.40,497.00,1278.46
2004-06-10,416497.00,2235.70,497.00,1231.57
2004-06-11,418105.00,2236.00,497.00,1307.70
2004-06-12,419233.00,2236.20,530.00,1098.70
2004-06-13,420136.00,2236.40,595.00,1050.26
2004-06-14,421509.00,2236.70,585.00,1277.22
2004-06-15,422318.00,2236.90,650.00,1057.87
2004-06-16,422600.00,2237.00,896.00,1038.18
2004-06-17,422224.00,2236.90,1108.00,918.43
2004-06-18,421746.25,2236.80,1284.00,1049.13
2004-06-19,420987.53,2236.60,1467.00,1089.48
2004-06-20,419854.00,2236.40,1660.00,1096.51
2004-06-21,418574.44,2236.10,1838.00,1204.89
2004-06-22,416873.00,2235.70,2146.00,1302.19
2004-06-23,414852.69,2235.30,2420.00,1421.43
2004-06-24,412831.00,2234.90,2489.00,1486.73
2004-06-25,410538.00,2234.40,2567.00,1424.95
2004-06-26,408158.00,2233.90,2556.00,1367.08
2004-06-27,405358.34,2233.30,2604.00,1201.51
2004-06-28,402101.34,2232.60,2743.00,1106.93
2004-06-29,398260.00,2231.80,2921.00,987.32
2004-06-30,394146.00,2230.90,3000.00,925.86
2004-07-01,389960.00,2230.00,3020.00,909.56
2004-07-02,385525.00,2229.00,3060.00,824.02
2004-07-03,381116.00,2228.00,3040.00,817.13
2004-07-04,376690.00,2227.00,3040.00,808.56
2004-07-05,372020.00,2226.00,3070.00,719.29
2004-07-06,367280.00,2224.90,3101.00,708.97
2004-07-07,362515.00,2223.90,3123.00,718.18
2004-07-08,357690.22,2222.80,3112.00,683.34
2004-07-09,352800.00,2221.70,3101.00,630.82
2004-07-10,347764.00,2220.50,3112.00,573.80
2004-07-11,342624.84,2219.30,3112.00,524.33
2004-07-12,337347.59,2218.10,3211.00,545.11
2004-07-13,331840.00,2216.80,3310.00,534.74
2004-07-14,326200.00,2215.50,3398.00,555.36
2004-07-15,320260.00,2214.10,3464.00,471.20
2004-07-16,314310.00,2212.70,3552.00,554.33
2004-07-17,308230.00,2211.30,3596.00,528.43
2004-07-18,302150.00,2209.80,3585.00,519.67
2004-07-19,296200.00,2208.40,3563.00,558.68
2004-07-20,290340.00,2206.90,3464.00,507.40
2004-07-21,284658.00,2205.50,3343.00,480.79
2004-07-22,278967.81,2204.10,3321.00,450.42
2004-07-23,273062.00,2202.70,3420.00,439.85
2004-07-24,266920.00,2201.10,3497.00,396.05
2004-07-25,260680.00,2199.60,3519.00,370.76
2004-07-26,254510.00,2198.00,3530.00,416.77
2004-07-27,248205.00,2196.40,3585.00,411.59
2004-07-28,241990.47,2194.80,3629.00,490.58
2004-07-29,235650.00,2193.20,3587.00,384.91
2004-07-30,229304.00,2191.50,3579.00,386.42
2004-07-31,222975.45,2189.80,3604.00,435.11
2004-08-01,216705.72,2188.10,3573.00,439.53
2004-08-02,210493.00,2186.40,3532.00,420.21
2004-08-03,204290.00,2184.80,3490.00,379.16
2004-08-04,198192.17,2183.10,3449.00,390.59
2004-08-05,192144.00,2181.40,3418.00,383.43
2004-08-06,186300.00,2179.80,3387.00,454.51
2004-08-07,180589.83,2178.10,3346.00,471.00
2004-08-08,174940.00,2176.50,3293.00,455.70
2004-08-09,169000.34,2174.80,3252.00,260.19
2004-08-10,163355.92,2173.10,3210.00,360.11
2004-08-11,157597.00,2171.40,3158.00,253.92
2004-08-12,152246.92,2169.80,3128.00,422.40
2004-08-13,146693.00,2168.20,3076.00,271.54
2004-08-14,141693.84,2166.60,3029.00,503.91
2004-08-15,136548.00,2165.00,2991.00,384.18
2004-08-16,131406.00,2163.40,2943.00,337.42
2004-08-17,126388.92,2161.80,2905.00,358.32
2004-08-18,121430.00,2160.30,2858.00,343.78
2004-08-19,116552.00,2158.70,2810.00,331.61
2004-08-20,111784.62,2157.10,2766.00,341.86
2004-08-21,107090.00,2155.50,2712.00,328.13
2004-08-22,102630.00,2154.00,2647.00,392.14
2004-08-23,98205.00,2152.50,2583.00,351.41
2004-08-24,94707.21,2151.30,2479.00,719.27
2004-08-25,92434.00,2150.50,2304.00,1161.61
2004-08-26,90996.00,2150.00,2201.00,1485.90
2004-08-27,88615.80,2149.10,2171.00,984.11
2004-08-28,85828.80,2148.10,2149.00,760.31
2004-08-29,82600.00,2147.00,2091.00,485.16
2004-08-30,79200.00,2145.70,2042.00,354.41
2004-08-31,75850.00,2144.50,1976.00,316.06
2004-09-01,73640.00,2143.60,1846.00,764.62
2004-09-02,70570.00,2142.50,1713.00,201.24
2004-09-03,68369.68,2141.60,1581.00,505.92
2004-09-04,66413.94,2140.80,1450.00,498.81
2004-09-05,64650.00,2140.20,1317.00,466.44
2004-09-06,63020.00,2139.50,1202.00,418.95
2004-09-07,61690.00,2139.00,1017.00,350.64
2004-09-08,60770.00,2138.60,771.00,341.85
2004-09-09,59930.00,2138.30,533.00,201.81
2004-09-10,59780.00,2138.20,352.00,288.72
2004-09-11,60048.41,2138.30,268.00,402.02
2004-09-12,60470.00,2138.50,244.00,450.96
2004-09-13,60995.00,2138.70,247.00,501.69
2004-09-14,62245.00,2139.20,242.00,870.01
2004-09-15,64442.13,2140.10,233.00,1339.03
2004-09-16,67002.13,2141.10,230.00,1518.55
2004-09-17,69192.00,2141.90,232.00,1329.61
2004-09-18,71021.81,2142.60,229.00,1145.53
2004-09-19,72462.00,2143.20,231.00,949.31
2004-09-20,73621.73,2143.60,232.00,807.70
2004-09-21,74412.00,2143.90,233.00,621.95
2004-09-22,75158.00,2144.20,234.00,600.04
2004-09-23,75742.00,2144.40,236.00,517.43
2004-09-24,76223.62,2144.60,237.00,469.75
2004-09-25,76623.00,2144.70,230.00,428.04
2004-09-26,76998.00,2144.90,226.00,413.32
2004-09-27,77261.00,2145.00,223.00,356.82
2004-09-28,77504.13,2145.10,223.00,346.42
2004-09-29,77692.94,2145.10,223.00,318.19
2004-09-30,77828.00,2145.20,223.00,291.09
2004-10-01,77963.00,2145.20,223.00,291.00
2004-10-02,78017.06,2145.30,220.00,250.26
2004-10-03,78044.13,2145.30,218.00,236.65
2004-10-04,78071.20,2145.30,215.00,236.64
2004-10-05,78098.27,2145.30,213.00,236.61
2004-10-06,78125.33,2145.30,213.00,236.10
2004-10-07,78152.40,2145.30,213.00,233.11
2004-10-08,78232.94,2145.30,213.00,256.61
2004-10-09,78368.00,2145.40,216.00,283.98
2004-10-10,78530.00,2145.50,220.00,297.68
2004-10-11,78719.00,2145.50,220.00,311.29
2004-10-12,78881.20,2145.60,220.00,297.77
2004-10-13,78988.80,2145.60,220.00,270.25
2004-10-14,79070.00,2145.70,220.00,256.94
2004-10-15,79070.00,2145.70,220.00,216.00
2004-10-16,79205.00,2145.70,220.00,284.06
2004-10-17,79556.53,2145.80,248.00,420.61
2004-10-18,80311.73,2146.10,241.00,617.99
2004-10-19,81078.00,2146.40,223.00,604.09
2004-10-20,81780.00,2146.70,220.00,580.43
2004-10-21,82465.00,2146.90,220.00,571.85
2004-10-22,83290.00,2147.20,216.00,640.30
2004-10-23,83980.00,2147.50,216.00,570.88
2004-10-24,84782.00,2147.70,216.00,627.47
2004-10-25,85388.00,2148.00,220.00,532.03
2004-10-26,85994.00,2148.20,216.00,529.38
2004-10-27,86441.93,2148.30,216.00,448.83
2004-10-28,86858.00,2148.50,216.00,432.81
2004-10-29,87243.86,2148.60,216.00,417.88
2004-10-30,87831.93,2148.80,216.00,520.05
2004-10-31,88336.00,2149.00,216.00,478.54
2004-11-01,89036.14,2149.30,220.00,579.49
2004-11-02,91443.86,2150.10,220.00,1440.39
2004-11-03,94649.07,2151.30,223.00,1845.47
2004-11-04,96794.00,2152.00,223.00,1309.91
2004-11-05,98437.21,2152.60,223.00,1058.45
2004-11-06,99742.00,2153.00,220.00,883.20
2004-11-07,100873.00,2153.40,220.00,796.44
2004-11-08,102014.42,2153.80,216.00,798.87
2004-11-09,103097.00,2154.20,213.00,765.30
2004-11-10,104100.00,2154.50,216.00,728.41
2004-11-11,104983.50,2154.80,216.00,668.43
2004-11-12,105750.22,2155.10,223.00,609.59
2004-11-13,106492.57,2155.30,230.00,597.67
2004-11-14,107090.00,2155.50,234.00,526.99
2004-11-15,107680.00,2155.70,230.00,524.10
2004-11-16,108280.00,2155.90,205.00,511.34
2004-11-17,108849.78,2156.10,198.00,489.34
2004-11-18,109470.59,2156.30,198.00,515.17
2004-11-19,109980.00,2156.50,198.00,458.90
2004-11-20,110399.93,2156.60,202.00,417.05
2004-11-21,110790.15,2156.80,202.00,402.24
2004-11-22,111150.00,2156.90,198.00,384.39
2004-11-23,111600.00,2157.00,198.00,428.88
2004-11-24,112660.00,2157.40,195.00,734.48
2004-11-25,117503.00,2159.00,198.00,2644.06
2004-11-26,120903.23,2160.10,198.00,1917.39
2004-11-27,123135.38,2160.80,198.00,1328.60
2004-11-28,124764.55,2161.30,198.00,1023.84
2004-11-29,126048.00,2161.70,198.00,849.18
2004-11-30,127143.23,2162.10,198.00,755.80
2004-12-01,128086.00,2162.40,189.00,667.37
2004-12-02,128907.92,2162.60,183.00,597.39
2004-12-03,129698.00,2162.90,183.00,581.33
2004-12-04,130359.61,2163.10,183.00,516.56
2004-12-05,130995.38,2163.30,183.00,503.54
2004-12-06,131566.00,2163.50,183.00,470.94
2004-12-07,132172.00,2163.70,183.00,489.09
2004-12-08,133028.00,2163.90,183.00,614.57
2004-12-09,133828.00,2164.20,183.00,586.54
2004-12-10,137390.39,2165.30,183.00,1980.38
2004-12-11,148442.00,2168.70,186.00,5757.93
2004-12-12,154650.00,2170.60,189.00,3318.87
2004-12-13,158207.75,2171.60,186.00,1981.00
2004-12-14,161078.00,2172.50,186.00,1633.09
2004-12-15,163424.00,2173.20,186.00,1368.78
2004-12-16,165372.00,2173.70,186.00,1169.32
2004-12-17,166940.00,2174.20,186.00,977.77
2004-12-18,168383.67,2174.60,183.00,911.80
2004-12-19,169900.00,2175.10,183.00,947.45
2004-12-20,171305.00,2175.50,183.00,891.35
2004-12-21,172555.59,2175.80,183.00,813.51
2004-12-22,173690.00,2176.20,183.00,754.93
2004-12-23,174696.00,2176.40,183.00,690.52
2004-12-24,175675.00,2176.70,186.00,679.52
2004-12-25,176505.00,2177.00,186.00,604.46
2004-12-26,177310.00,2177.20,186.00,591.85
2004-12-27,178105.00,2177.40,186.00,586.81
2004-12-28,178769.66,2177.60,183.00,519.14
2004-12-29,179574.92,2177.80,183.00,588.99
2004-12-30,180170.00,2178.00,183.00,483.02
2004-12-31,180660.00,2178.20,183.00,430.04
2005-01-01,181150.34,2178.30,183.00,430.22
2005-01-02,181570.00,2178.40,183.00,394.58
2005-01-03,181955.00,2178.50,183.00,377.10
2005-01-04,182275.64,2178.60,183.00,345.03
2005-01-05,182560.00,2178.70,186.00,329.01
2005-01-06,182840.17,2178.80,186.00,326.97
2005-01-07,183155.00,2178.90,186.00,344.73
2005-01-08,183400.00,2178.90,186.00,309.52
2005-01-09,183645.00,2179.00,186.00,309.52
2005-01-10,183820.00,2179.10,186.00,274.23
2005-01-11,183963.47,2179.10,186.00,258.14
2005-01-12,184460.00,2179.20,183.00,434.21
2005-01-13,184495.00,2179.20,186.00,203.35
2005-01-14,184600.17,2179.30,186.00,239.02
2005-01-15,184775.59,2179.30,186.00,274.44
2005-01-16,184952.00,2179.40,186.00,274.94
2005-01-17,186156.00,2179.70,186.00,793.02
2005-01-18,195842.00,2182.40,186.00,5070.50
2005-01-19,209420.00,2186.20,189.00,7033.89
2005-01-20,217449.64,2188.30,189.00,4235.90
2005-01-21,224328.00,2190.20,189.00,3655.33
2005-01-22,229380.00,2191.50,192.00,2735.88
2005-01-23,234320.47,2192.80,192.00,2680.46
2005-01-24,238905.00,2194.00,192.00,2499.96
2005-01-25,242609.00,2195.00,186.00,2053.50
2005-01-26,245709.09,2195.80,183.00,1746.92
2005-01-27,248283.00,2196.40,183.00,1481.91
2005-01-28,250510.00,2197.00,183.00,1306.06
2005-01-29,252390.00,2197.50,180.00,1127.83
2005-01-30,254040.00,2197.90,180.00,1012.80
2005-01-31,255616.38,2198.30,183.00,977.57
2005-02-01,256959.80,2198.60,183.00,860.31
2005-02-02,258220.00,2199.00,183.00,818.35
2005-02-03,259370.00,2199.20,183.00,762.79
2005-02-04,260755.42,2199.60,183.00,881.48
2005-02-05,262102.00,2199.90,183.00,861.90
2005-02-06,263380.00,2200.30,183.00,827.33
2005-02-07,264370.00,2200.50,183.00,682.13
2005-02-08,265290.00,2200.70,183.00,646.83
2005-02-09,266090.00,2200.90,183.00,585.52
2005-02-10,266842.72,2201.10,186.00,562.50
2005-02-11,267520.41,2201.30,186.00,524.67
2005-02-12,268120.00,2201.40,186.00,484.78
2005-02-13,268849.72,2201.60,186.00,549.45
2005-02-14,269450.19,2201.80,186.00,485.14
2005-02-15,269850.00,2201.90,186.00,384.57
2005-02-16,270290.00,2202.00,186.00,404.83
2005-02-17,270690.28,2202.10,186.00,384.81
2005-02-18,271010.00,2202.20,186.00,344.19
2005-02-19,271411.09,2202.30,186.00,385.22
2005-02-20,271657.69,2202.30,186.00,307.32
2005-02-21,272020.00,2202.40,186.00,365.67
2005-02-22,272220.00,2202.50,186.00,283.83
2005-02-23,272500.00,2202.50,186.00,324.17
2005-02-24,272660.19,2202.60,186.00,262.56
2005-02-25,273185.00,2202.70,183.00,444.59
2005-02-26,273430.09,2202.80,183.00,303.32
2005-02-27,273670.69,2202.80,183.00,301.17
2005-02-28,274030.00,2202.90,183.00,361.15
2005-03-01,274231.00,2203.00,183.00,281.34
2005-03-02,274477.00,2203.00,183.00,303.74
2005-03-03,274720.28,2203.10,183.00,302.65
2005-03-04,274959.91,2203.10,183.00,300.75
2005-03-05,275240.00,2203.20,183.00,321.21
2005-03-06,275441.09,2203.30,183.00,281.29
2005-03-07,275810.00,2203.40,183.00,365.90
2005-03-08,276170.00,2203.40,183.00,361.50
2005-03-09,276700.19,2203.60,183.00,447.30
2005-03-10,277340.00,2203.70,183.00,502.57
2005-03-11,278076.00,2203.90,183.00,551.07
2005-03-12,278967.81,2204.10,183.00,629.62
2005-03-13,279818.91,2204.30,183.00,609.09
2005-03-14,280629.00,2204.50,183.00,588.42
2005-03-15,281400.00,2204.70,183.00,568.71
2005-03-16,282340.00,2205.00,183.00,654.14
2005-03-17,282986.69,2205.10,183.00,506.04
2005-03-18,283643.31,2205.30,183.00,511.05
2005-03-19,284250.00,2205.40,183.00,485.87
2005-03-20,284822.19,2205.60,183.00,468.48
2005-03-21,285437.00,2205.70,183.00,489.97
2005-03-22,286001.00,2205.90,183.00,464.35
2005-03-23,286452.00,2206.00,183.00,407.38
2005-03-24,286862.19,2206.10,183.00,386.80
2005-03-25,287272.00,2206.20,183.00,386.61
2005-03-26,288210.00,2206.40,183.00,653.74
2005-03-27,289065.59,2206.60,180.00,608.75
2005-03-28,289886.59,2206.80,174.00,594.87
2005-03-29,291074.50,2207.10,174.00,778.90
2005-03-30,291854.41,2207.30,174.00,573.20
2005-03-31,292542.00,2207.50,177.00,529.46
2005-04-01,293288.91,2207.60,202.00,586.83
2005-04-02,293986.59,2207.80,240.00,597.88
2005-04-03,294560.00,2208.00,282.00,577.08
2005-04-04,295052.19,2208.10,282.00,536.81
2005-04-05,295421.00,2208.20,308.00,502.31
2005-04-06,295790.00,2208.30,344.00,539.85
2005-04-07,296494.00,2208.40,316.00,680.82
2005-04-08,297440.00,2208.70,251.00,733.54
2005-04-09,298344.00,2208.90,219.00,682.27
2005-04-10,299172.19,2209.10,222.00,647.96
2005-04-11,300207.69,2209.30,250.00,778.67
2005-04-12,300824.00,2209.50,326.00,646.12
2005-04-13,301076.00,2209.50,409.00,548.37
2005-04-14,301201.09,2209.60,472.00,548.45
2005-04-15,301283.31,2209.60,490.00,542.23
2005-04-16,301364.50,2209.60,489.00,542.43
2005-04-17,301528.91,2209.60,489.00,584.39
2005-04-18,301654.00,2209.70,484.00,561.17
2005-04-19,301822.00,2209.70,484.00,581.70
2005-04-20,302072.19,2209.80,483.00,623.14
2005-04-21,302568.00,2209.90,483.00,746.97
2005-04-22,303650.00,2210.20,483.00,1044.01
2005-04-23,305394.22,2210.60,487.00,1379.21
2005-04-24,308062.00,2211.20,428.00,1785.97
2005-04-25,311538.00,2212.00,330.00,2099.31
2005-04-26,315528.00,2213.00,295.00,2321.06
2005-04-27,319790.00,2214.00,263.00,2423.86
2005-04-28,323519.00,2214.90,235.00,2127.28
2005-04-29,326541.38,2215.60,220.00,1757.28
2005-04-30,328671.38,2216.10,305.00,1396.03
2005-05-01,330177.00,2216.40,434.00,1210.34
2005-05-02,331590.00,2216.80,429.00,1136.60
2005-05-03,332919.31,2217.10,425.00,1090.57
2005-05-04,334290.00,2217.40,483.00,1170.02
2005-05-05,335628.00,2217.70,515.00,1184.88
2005-05-06,337090.00,2218.10,483.00,1215.04
2005-05-07,338820.00,2218.50,470.00,1339.54
2005-05-08,339895.00,2218.70,506.00,1041.25
2005-05-09,341496.22,2219.10,488.00,1291.34
2005-05-10,343837.59,2219.60,402.00,1581.24
2005-05-11,346103.78,2220.10,332.00,1469.87
2005-05-12,348247.69,2220.60,275.00,1352.76
2005-05-13,350259.31,2221.10,244.00,1254.69
2005-05-14,352364.09,2221.60,244.00,1301.66
2005-05-15,354739.47,2222.10,244.00,1438.30
2005-05-16,357160.00,2222.70,240.00,1456.64
2005-05-17,359193.56,2223.10,233.00,1256.48
2005-05-18,360964.00,2223.50,237.00,1125.48
2005-05-19,362830.00,2223.90,237.00,1173.53
2005-05-20,364520.66,2224.30,237.00,1085.87
2005-05-21,366165.00,2224.70,237.00,1062.52
2005-05-22,367590.00,2225.00,237.00,951.94
2005-05-23,368930.53,2225.30,237.00,909.35
2005-05-24,369870.00,2225.50,298.00,770.50
2005-05-25,370454.88,2225.60,434.00,721.27
2005-05-26,370500.00,2225.70,702.00,713.45
2005-05-27,370140.22,2225.60,933.00,731.55
2005-05-28,369690.00,2225.50,1057.00,808.07
2005-05-29,369330.00,2225.40,1103.00,893.36
2005-05-30,369062.88,2225.30,1156.00,985.47
2005-05-31,368842.31,2225.30,1286.00,1137.02
2005-06-01,368124.66,2225.10,1408.00,1026.52
2005-06-02,367100.00,2224.90,1445.00,917.36
2005-06-03,365804.44,2224.60,1449.00,771.36
2005-06-04,364206.00,2224.20,1526.00,684.79
2005-06-05,362382.88,2223.80,1650.00,680.38
2005-06-06,360348.00,2223.40,1695.00,604.08
2005-06-07,356764.09,2222.60,2394.00,512.63
2005-06-08,352671.78,2221.60,2670.00,572.62
2005-06-09,349162.88,2220.80,2344.00,586.02
2005-06-10,346060.69,2220.10,2083.00,517.45
2005-06-11,343272.00,2219.50,1947.00,540.27
2005-06-12,340540.00,2218.90,1874.00,502.29
2005-06-13,337864.00,2218.20,1910.00,559.58
2005-06-14,334983.09,2217.60,1990.00,540.46
2005-06-15,331973.00,2216.90,2043.00,533.93
2005-06-16,328800.69,2216.10,2088.00,492.08
2005-06-17,325730.00,2215.40,2078.00,538.72
2005-06-18,322669.00,2214.70,2050.00,513.18
2005-06-19,319538.00,2213.90,2041.00,472.83
2005-06-20,316494.00,2213.20,2040.00,513.08
2005-06-21,313176.00,2212.40,2147.00,485.24
2005-06-22,309689.50,2211.60,2255.00,504.25
2005-06-23,306058.00,2210.70,2335.00,511.77
2005-06-24,302318.81,2209.80,2361.00,486.50
2005-06-25,298554.00,2208.90,2361.00,476.34
2005-06-26,294724.00,2208.00,2369.00,449.76
2005-06-27,290952.19,2207.10,2359.00,471.69
2005-06-28,287066.69,2206.10,2385.00,442.68
2005-06-29,282904.50,2205.10,2544.00,457.81
2005-06-30,278400.00,2204.00,2714.00,455.49
2005-07-01,273790.00,2202.90,2763.00,459.07
2005-07-02,269090.00,2201.70,2772.00,421.82
2005-07-03,264410.00,2200.50,2741.00,402.37
2005-07-04,259800.00,2199.40,2721.00,412.46
2005-07-05,255060.00,2198.20,2710.00,344.99
2005-07-06,250550.00,2197.00,2706.00,448.19
2005-07-07,245943.67,2195.80,2702.00,389.52
2005-07-08,241566.00,2194.70,2659.00,449.75
2005-07-09,237445.72,2193.60,2565.00,484.51
2005-07-10,233436.19,2192.60,2531.00,495.71
2005-07-11,229266.00,2191.50,2588.00,468.21
2005-07-12,224744.19,2190.30,2694.00,393.06
2005-07-13,219985.00,2189.00,2790.00,362.29
2005-07-14,215182.00,2187.70,2826.00,372.44
2005-07-15,210271.00,2186.40,2852.00,332.37
2005-07-16,205316.00,2185.00,2889.00,341.02
2005-07-17,200401.00,2183.70,2890.00,348.43
2005-07-18,195482.61,2182.30,2861.00,315.47
2005-07-19,190430.00,2180.90,2918.00,304.67
2005-07-20,185204.00,2179.40,3024.00,312.62
2005-07-21,179960.00,2178.00,3040.00,311.51
2005-07-22,174870.00,2176.50,3000.00,351.50
2005-07-23,169690.00,2175.00,2960.00,273.31
2005-07-24,164614.00,2173.50,2930.00,294.49
2005-07-25,159558.00,2172.00,2900.00,265.98
2005-07-26,154586.00,2170.50,2860.00,270.78
2005-07-27,149597.00,2169.00,2860.00,264.29
2005-07-28,144601.00,2167.50,2870.00,266.34
2005-07-29,139457.00,2165.90,2880.00,205.73
2005-07-30,134436.00,2164.40,2850.00,240.50
2005-07-31,129477.53,2162.80,2800.00,223.28
2005-08-01,124510.00,2161.20,2790.00,210.53
2005-08-02,119420.00,2159.60,2770.00,124.79
2005-08-03,114570.00,2158.00,2720.00,192.79
2005-08-04,109800.00,2156.40,2660.00,174.12
2005-08-05,105010.00,2154.80,2620.00,122.04
2005-08-06,100380.00,2153.30,2559.00,148.71
2005-08-07,95910.00,2151.70,2498.00,245.37
2005-08-08,91530.00,2150.20,2437.00,230.75
2005-08-09,87300.00,2148.70,2377.00,244.37
2005-08-10,83120.00,2147.10,2313.00,211.58
2005-08-11,79100.00,2145.70,2259.00,237.25
2005-08-12,75400.00,2144.30,2105.00,246.58
2005-08-13,72010.00,2143.00,1951.00,244.89
2005-08-14,68812.00,2141.80,1869.00,265.94
2005-08-15,65745.18,2140.60,1778.00,242.02
2005-08-16,62845.00,2139.40,1702.00,246.20
2005-08-17,60048.41,2138.30,1651.00,256.34
2005-08-18,57310.00,2137.20,1617.00,251.97
2005-08-19,54669.71,2136.10,1575.00,262.68
2005-08-20,52105.00,2135.00,1540.00,266.58
2005-08-21,49600.00,2133.90,1506.00,263.48
2005-08-22,47150.27,2132.80,1472.00,263.55
2005-08-23,44745.00,2131.70,1445.00,260.09
2005-08-24,42406.85,2130.60,1411.00,257.26
2005-08-25,40131.05,2129.60,1360.00,243.49
2005-08-26,37936.00,2128.50,1323.00,243.51
2005-08-27,35724.00,2127.50,1279.00,196.33
2005-08-28,33656.00,2126.50,1221.00,215.66
2005-08-29,31719.71,2125.60,1170.00,226.87
2005-08-30,29855.00,2124.70,1105.00,200.07
2005-08-31,28039.90,2123.80,1040.00,166.27
2005-09-01,26340.00,2123.00,980.00,162.38
2005-09-02,24730.00,2122.20,903.00,104.78
2005-09-03,23330.00,2121.60,826.00,144.34
2005-09-04,22068.00,2120.90,760.00,155.18
2005-09-05,20940.00,2120.40,673.00,147.35
2005-09-06,20070.00,2120.00,543.00,152.29
2005-09-07,19417.90,2119.60,423.00,147.93
2005-09-08,18990.00,2119.40,323.00,128.58
2005-09-09,18640.00,2119.30,254.00,70.28
2005-09-10,18419.95,2119.10,230.00,117.73
2005-09-11,18140.00,2119.00,227.00,85.36
2005-09-12,17872.00,2118.90,223.00,87.70
2005-09-13,17590.00,2118.70,220.00,75.74
2005-09-14,17387.90,2118.60,209.00,106.25
2005-09-15,17140.00,2118.50,198.00,74.89
2005-09-16,16900.00,2118.40,198.00,79.16
2005-09-17,16700.20,2118.30,198.00,98.09
2005-09-18,16440.00,2118.20,198.00,67.97
2005-09-19,16230.00,2118.10,195.00,90.69
2005-09-20,15870.00,2117.90,195.00,14.17
2005-09-21,15630.05,2117.80,195.00,72.92
2005-09-22,15359.90,2117.60,192.00,55.29
2005-09-23,15140.00,2117.50,189.00,79.10
2005-09-24,14880.00,2117.40,189.00,57.12
2005-09-25,14640.10,2117.30,186.00,65.05
2005-09-26,14390.00,2117.20,186.00,59.17
2005-09-27,14170.00,2117.00,183.00,72.08
2005-09-28,13970.00,2116.90,180.00,79.56
2005-09-29,14010.00,2117.00,180.00,200.17
2005-09-30,15589.00,2117.70,183.00,980.14
2005-10-01,17040.00,2118.50,192.00,921.00
2005-10-02,17970.00,2118.90,186.00,655.25
2005-10-03,18600.00,2119.20,186.00,502.88
2005-10-04,18990.00,2119.40,186.00,381.66
2005-10-05,19292.10,2119.60,183.00,336.11
2005-10-06,19580.00,2119.70,186.00,330.07
2005-10-07,19860.00,2119.90,183.00,325.31
2005-10-08,20270.00,2120.10,183.00,390.35
2005-10-09,20617.00,2120.20,183.00,358.81
2005-10-10,20859.95,2120.30,183.00,305.89
2005-10-11,21020.00,2120.40,183.00,263.69
2005-10-12,21248.00,2120.50,183.00,298.06
2005-10-13,21330.10,2120.60,183.00,225.19
2005-10-14,21389.76,2120.60,183.00,213.08
2005-10-15,21449.90,2120.60,183.00,213.32
2005-10-16,21490.00,2120.70,183.00,203.22
2005-10-17,21616.00,2120.70,183.00,246.53
2005-10-18,21879.95,2120.80,174.00,314.68
2005-10-19,22190.00,2121.00,180.00,336.80
2005-10-20,22720.00,2121.30,183.00,450.44
2005-10-21,23330.00,2121.60,183.00,491.37
2005-10-22,23761.05,2121.80,180.00,398.77
2005-10-23,24097.00,2121.90,183.00,351.11
2005-10-24,24300.00,2122.00,183.00,285.35
2005-10-25,24548.95,2122.10,180.00,306.53
2005-10-26,24570.00,2122.20,180.00,190.61
2005-10-27,24710.00,2122.20,180.00,250.80
2005-10-28,24750.00,2122.20,180.00,200.26
2005-10-29,24833.15,2122.30,183.00,223.85
2005-10-30,24896.31,2122.30,183.00,214.84
2005-10-31,25473.69,2122.60,183.00,473.19
2005-11-01,26157.00,2122.90,180.00,525.55
2005-11-02,26651.00,2123.20,180.00,429.06
2005-11-03,27190.00,2123.40,183.00,454.70
2005-11-04,27733.00,2123.70,186.00,458.90
2005-11-05,28311.00,2124.00,189.00,480.97
2005-11-06,28794.00,2124.20,192.00,435.42
2005-11-07,29162.00,2124.40,192.00,377.53
2005-11-08,29498.00,2124.50,192.00,356.60
2005-11-09,29792.00,2124.70,183.00,331.23
2005-11-10,30086.31,2124.80,182.00,331.38
2005-11-11,30632.10,2125.10,182.00,459.27
2005-11-12,31073.15,2125.30,184.00,408.29
2005-11-13,31759.80,2125.60,184.00,532.19
2005-11-14,32606.00,2126.00,183.00,611.31
2005-11-15,33257.36,2126.30,183.00,514.39
2005-11-16,33865.79,2126.60,182.00,492.75
2005-11-17,34475.00,2126.90,185.00,495.31
2005-11-18,35094.00,2127.20,181.00,498.94
2005-11-19,35766.00,2127.50,181.00,524.80
2005-11-20,36511.00,2127.90,180.00,562.68
2005-11-21,37256.00,2128.20,183.00,561.26
2005-11-22,37980.00,2128.60,183.00,548.02
2005-11-23,38662.00,2128.90,186.00,528.61
2005-11-24,39260.00,2129.20,186.00,487.49
2005-11-25,39900.00,2129.50,186.00,508.67
2005-11-26,40496.00,2129.70,186.00,487.56
2005-11-27,40926.00,2129.90,189.00,405.79
2005-11-28,41311.79,2130.10,186.00,381.55
2005-11-29,41830.00,2130.40,186.00,447.27
2005-11-30,42172.00,2130.50,186.00,358.43
2005-12-01,42492.00,2130.70,186.00,347.33
2005-12-02,42857.90,2130.80,186.00,370.47
2005-12-03,43098.00,2130.90,186.00,307.05
2005-12-04,43288.00,2131.00,186.00,281.99
2005-12-05,43461.79,2131.10,186.00,274.09
2005-12-06,43638.00,2131.20,189.00,277.84
2005-12-07,43770.00,2131.30,189.00,255.55
2005-12-08,43833.15,2131.30,186.00,217.03
2005-12-09,43917.36,2131.30,183.00,225.45
2005-12-10,44002.00,2131.40,183.00,225.67
2005-12-11,44046.00,2131.40,183.00,205.18
2005-12-12,44134.00,2131.40,183.00,227.37
2005-12-13,44156.00,2131.40,183.00,194.09
2005-12-14,44222.00,2131.50,183.00,216.28
2005-12-15,44244.00,2131.50,183.00,194.78
2005-12-16,44244.00,2131.50,183.00,183.00
2005-12-17,44200.00,2131.50,183.00,161.38
2005-12-18,44134.00,2131.40,183.00,150.98
2005-12-19,44178.00,2131.40,183.00,205.18
2005-12-20,44244.00,2131.50,183.00,216.28
2005-12-21,44310.00,2131.50,183.00,216.28
2005-12-22,44682.00,2131.70,183.00,371.32
2005-12-23,45378.00,2132.00,186.00,537.13
2005-12-24,47282.00,2132.90,186.00,1146.39
2005-12-25,50436.11,2134.30,186.00,1777.37
2005-12-26,53586.95,2135.60,186.00,1774.81
2005-12-27,56580.00,2136.90,186.00,1694.08
2005-12-28,59065.00,2137.90,183.00,1436.53
2005-12-29,60995.00,2138.70,186.00,1159.68
2005-12-30,62845.00,2139.40,189.00,1121.77
2005-12-31,64315.00,2140.00,192.00,933.13
2006-01-01,65540.00,2140.50,192.00,810.59
2006-01-02,66615.00,2140.90,195.00,736.98
2006-01-03,67642.45,2141.30,189.00,706.36
2006-01-04,68447.88,2141.60,180.00,586.07
2006-01-05,69244.00,2141.90,180.00,581.38
2006-01-06,70570.00,2142.50,183.00,851.23
2006-01-07,72357.88,2143.10,183.00,1084.39
2006-01-08,74172.45,2143.80,183.00,1098.96
2006-01-09,76327.88,2144.60,186.00,1273.43
2006-01-10,79286.00,2145.70,195.00,1687.70
2006-01-11,82960.54,2147.10,189.00,2042.25
2006-01-12,85720.54,2148.10,180.00,1571.50
2006-01-13,87916.00,2148.90,180.00,1287.52
2006-01-14,89708.00,2149.50,183.00,1086.47
2006-01-15,91136.00,2150.00,183.00,902.95
2006-01-16,92716.50,2150.60,183.00,979.84
2006-01-17,93882.00,2151.00,183.00,770.61
2006-01-18,94823.50,2151.30,183.00,657.67
2006-01-19,95731.93,2151.60,183.00,641.00
2006-01-20,96765.00,2152.00,183.00,703.84
2006-01-21,97546.14,2152.30,183.00,576.83
2006-01-22,98118.00,2152.50,183.00,471.31
2006-01-23,98785.00,2152.70,183.00,519.28
2006-01-24,99365.00,2152.90,183.00,475.42
2006-01-25,99886.50,2153.10,183.00,445.92
2006-01-26,100409.07,2153.30,183.00,446.46
2006-01-27,100960.00,2153.50,183.00,460.76
2006-01-28,101695.00,2153.70,183.00,553.56
2006-01-29,102600.00,2154.00,183.00,639.27
2006-01-30,103539.85,2154.30,183.00,657.11
2006-01-31,104480.00,2154.70,186.00,660.24
2006-02-01,105600.00,2155.00,186.00,751.31
2006-02-02,106520.00,2155.30,180.00,650.52
2006-02-03,107390.00,2155.60,183.00,621.19
2006-02-04,108190.00,2155.90,180.00,583.97
2006-02-05,109020.00,2156.20,180.00,599.69
2006-02-06,109680.00,2156.40,183.00,515.75
2006-02-07,110250.00,2156.60,183.00,470.38
2006-02-08,110880.00,2156.80,183.00,500.63
2006-02-09,111330.00,2157.00,183.00,409.88
2006-02-10,111780.00,2157.10,183.00,409.88
2006-02-11,112280.00,2157.30,183.00,435.08
2006-02-12,112600.00,2157.40,183.00,344.33
2006-02-13,112930.00,2157.50,183.00,349.38
2006-02-14,113330.00,2157.60,183.00,385.17
2006-02-15,113630.00,2157.70,183.00,334.25
2006-02-16,113900.00,2157.80,183.00,319.13
2006-02-17,114080.00,2157.90,183.00,273.63
2006-02-18,114300.00,2157.90,183.00,292.99
2006-02-19,114480.00,2158.00,180.00,271.19
2006-02-20,114660.00,2158.10,180.00,270.75
2006-02-21,115030.00,2158.20,180.00,367.60
2006-02-22,115240.00,2158.20,183.00,287.81
2006-02-23,115820.00,2158.40,183.00,476.10
2006-02-24,116000.00,2158.50,183.00,273.75
2006-02-25,116250.00,2158.60,183.00,309.04
2006-02-26,116400.00,2158.60,182.00,259.70
2006-02-27,116650.00,2158.70,185.00,310.76
2006-02-28,116986.45,2158.80,182.00,353.71
2006-03-01,117200.00,2158.90,185.00,292.34
2006-03-02,117441.00,2159.00,184.00,307.32
2006-03-03,117627.00,2159.00,184.00,279.78
2006-03-04,117843.55,2159.10,184.00,295.11
2006-03-05,118061.00,2159.20,183.00,295.63
2006-03-06,118278.00,2159.20,180.00,293.42
2006-03-07,118430.22,2159.30,180.00,259.74
2006-03-08,118764.00,2159.40,180.00,352.50
2006-03-09,119198.00,2159.50,182.00,404.20
2006-03-10,119353.23,2159.60,182.00,264.26
2006-03-11,119538.92,2159.60,182.00,279.62
2006-03-12,119663.00,2159.70,181.00,248.56
2006-03-13,119756.00,2159.70,181.00,232.89
2006-03-14,119880.00,2159.80,181.00,248.52
2006-03-15,120035.38,2159.80,178.00,261.65
2006-03-16,120190.00,2159.90,174.00,259.33
2006-03-17,120345.00,2159.90,174.00,259.54
2006-03-18,120469.00,2159.90,174.00,243.95
2006-03-19,120531.00,2160.00,176.00,214.26
2006-03-20,120624.00,2160.00,176.00,229.89
2006-03-21,120748.00,2160.00,176.00,244.03
2006-03-22,120872.15,2160.10,173.00,242.94
2006-03-23,120933.55,2160.10,175.00,213.69
2006-03-24,121151.00,2160.20,175.00,292.57
2006-03-25,121368.00,2160.20,175.00,292.33
2006-03-26,121616.45,2160.30,174.00,308.04
2006-03-27,121802.00,2160.40,177.00,278.31
2006-03-28,122112.00,2160.50,177.00,341.20
2006-03-29,122453.23,2160.60,174.00,355.86
2006-03-30,122918.00,2160.70,173.00,417.32
2006-03-31,123450.00,2160.90,176.00,454.01
2006-04-01,124447.00,2161.20,179.00,691.39
2006-04-02,125263.00,2161.50,178.00,601.79
2006-04-03,126048.00,2161.70,178.00,586.19
2006-04-04,126833.00,2162.00,178.00,584.13
2006-04-05,127742.15,2162.30,178.00,646.82
2006-04-06,128652.08,2162.60,177.00,647.96
2006-04-07,129794.00,2162.90,180.00,755.72
2006-04-08,130964.30,2163.30,180.00,770.03
2006-04-09,132296.00,2163.70,183.00,854.40
2006-04-10,133635.84,2164.10,183.00,870.50
2006-04-11,135044.16,2164.60,186.00,895.42
2006-04-12,136612.08,2165.10,186.00,976.49
2006-04-13,138223.08,2165.60,183.00,996.67
2006-04-14,140106.92,2166.10,180.00,1130.40
2006-04-15,141952.00,2166.70,180.00,1108.91
2006-04-16,143588.00,2167.20,180.00,1004.77
2006-04-17,144891.69,2167.60,180.00,837.28
2006-04-18,146138.00,2168.00,180.00,808.35
2006-04-19,147353.00,2168.40,180.00,793.72
2006-04-20,148706.16,2168.80,183.00,864.86
2006-04-21,150620.00,2169.40,183.00,1146.83
2006-04-22,152577.00,2169.90,183.00,1169.65
2006-04-23,154586.00,2170.50,183.00,1195.87
2006-04-24,156762.00,2171.20,186.00,1282.36
2006-04-25,159252.00,2171.90,186.00,1441.38
2006-04-26,162098.17,2172.80,186.00,1620.95
2006-04-27,165168.00,2173.70,186.00,1733.77
2006-04-28,169346.00,2174.90,189.00,2295.02
2006-04-29,175219.48,2176.60,189.00,3150.22
2006-04-30,180695.00,2178.20,192.00,2951.81
2006-05-01,185060.00,2179.40,192.00,2393.86
2006-05-02,188430.00,2180.40,195.00,1894.21
2006-05-03,191395.00,2181.20,189.00,1682.80
2006-05-04,194304.00,2182.00,189.00,1650.95
2006-05-05,197580.00,2182.90,195.00,1837.64
2006-05-06,201092.00,2183.90,195.00,1956.63
2006-05-07,204364.19,2184.80,308.00,1951.94
2006-05-08,207552.91,2185.60,269.00,1867.78
2006-05-09,210456.00,2186.40,195.00,1648.16
2006-05-10,213110.00,2187.20,192.00,1521.62
2006-05-11,215959.00,2187.90,192.00,1619.37
2006-05-12,219013.00,2188.70,192.00,1722.73
2006-05-13,221812.00,2189.50,192.00,1594.19
2006-05-14,224818.36,2190.30,192.00,1699.58
2006-05-15,229190.00,2191.50,195.00,2388.63
2006-05-16,237369.53,2193.60,195.00,4309.46
2006-05-17,249843.67,2196.80,199.00,6477.35
2006-05-18,264010.00,2200.40,202.00,7332.96
2006-05-19,276374.00,2203.50,206.00,6427.07
2006-05-20,287190.00,2206.20,209.00,5650.57
2006-05-21,295708.00,2208.20,213.00,4495.89
2006-05-22,303691.00,2210.20,213.00,4226.98
2006-05-23,311496.00,2212.00,213.00,4138.68
2006-05-24,318562.00,2213.70,216.00,3767.94
2006-05-25,325176.22,2215.30,209.00,3542.43
2006-05-26,330472.00,2216.50,202.00,2877.72
2006-05-27,334896.00,2217.50,202.00,2438.52
2006-05-28,338906.00,2218.50,202.00,2230.64
2006-05-29,342839.00,2219.40,202.00,2191.31
2006-05-30,346974.84,2220.30,202.00,2294.16
2006-05-31,351660.00,2221.40,202.00,2571.50
2006-06-01,357512.00,2222.70,199.00,3154.75
2006-06-02,365272.00,2224.50,195.00,4114.34
2006-06-03,372685.91,2226.10,195.00,3941.51
2006-06-04,379802.00,2227.70,199.00,3792.25
2006-06-05,387394.00,2229.40,199.00,4033.14
2006-06-06,394330.00,2230.90,189.00,3691.92
2006-06-07,401220.00,2232.40,189.00,3670.49
2006-06-08,406990.00,2233.60,195.00,3112.73
2006-06-09,411944.00,2234.70,206.00,2709.41
2006-06-10,416402.88,2235.60,206.00,2459.39
2006-06-11,420748.13,2236.60,202.00,2400.84
2006-06-12,427125.00,2237.90,223.00,3433.99
2006-06-13,433100.00,2239.20,565.00,3609.04
2006-06-14,434828.00,2239.50,1976.00,2812.59
2006-06-15,434972.00,2239.50,2500.00,2473.07
2006-06-16,435166.16,2239.60,2255.00,2267.01
2006-06-17,435750.00,2239.70,2156.00,2360.21
2006-06-18,435798.00,2239.70,2129.00,2066.29
2006-06-19,435798.00,2239.70,1895.00,1811.41
2006-06-20,435942.00,2239.70,1632.00,1627.89
2006-06-21,436086.25,2239.80,1560.00,1552.64
2006-06-22,436038.13,2239.80,1600.00,1574.99
2006-06-23,435942.00,2239.70,1600.00,1550.20
2006-06-24,436086.25,2239.80,1576.00,1645.89
2006-06-25,436566.00,2239.90,1600.00,1845.46
2006-06-26,435310.00,2239.60,2219.00,1600.81
2006-06-27,435313.53,2239.60,2255.00,2267.20
2006-06-28,435942.00,2239.70,1850.00,2167.24
2006-06-29,436550.00,2239.90,1868.00,2173.86
2006-06-30,436040.00,2239.80,1933.00,1675.00
2006-07-01,434930.00,2239.50,1962.00,1402.45
2006-07-02,433580.00,2239.30,2027.00,1339.16
2006-07-03,432054.00,2238.90,2155.00,1373.14
2006-07-04,430517.53,2238.60,2229.00,1446.66
2006-07-05,429088.72,2238.30,2257.00,1523.86
2006-07-06,427313.00,2237.90,2232.00,1324.16
2006-07-07,424932.00,2237.40,2288.00,1074.27
2006-07-08,422034.94,2236.80,2439.00,959.21
2006-07-09,418857.00,2236.20,2561.00,938.31
2006-07-10,415604.00,2235.50,2563.00,896.66
2006-07-11,412220.00,2234.80,2615.00,885.10
2006-07-12,408668.00,2234.00,2688.00,866.44
2006-07-13,404985.00,2233.20,2700.00,811.69
2006-07-14,401178.00,2232.40,2732.00,777.41
2006-07-15,396870.00,2231.50,2894.00,688.10
2006-07-16,392122.00,2230.40,3056.00,624.76
2006-07-17,387256.00,2229.40,3121.00,622.07
2006-07-18,381885.00,2228.20,3266.00,513.68
2006-07-19,376240.00,2226.90,3423.00,531.87
2006-07-20,370320.00,2225.60,3568.00,534.55
2006-07-21,364250.00,2224.30,3614.00,500.34
2006-07-22,358220.00,2222.90,3595.00,497.71
2006-07-23,352410.00,2221.60,3542.00,557.06
2006-07-24,346500.00,2220.20,3555.00,522.35
2006-07-25,340420.00,2218.80,3646.00,517.99
2006-07-26,334120.00,2217.40,3721.00,472.32
2006-07-27,327820.00,2215.90,3711.00,464.03
2006-07-28,321480.00,2214.40,3714.00,445.97
2006-07-29,314850.00,2212.80,3752.00,328.06
2006-07-30,308400.00,2211.30,3731.00,403.17
2006-07-31,301900.00,2209.70,3649.00,291.69
2006-08-01,295630.00,2208.20,3563.00,326.01
2006-08-02,289150.00,2206.60,3574.00,229.88
2006-08-03,282830.00,2205.10,3563.00,304.69
2006-08-04,276370.00,2203.50,3530.00,197.45
2006-08-05,269970.00,2201.90,3552.00,248.78
2006-08-06,263460.00,2200.30,3563.00,202.72
2006-08-07,257040.00,2198.70,3541.00,222.20
2006-08-08,250550.00,2197.00,3541.00,197.34
2006-08-09,244040.00,2195.30,3574.00,288.37
2006-08-10,237640.00,2193.70,3517.00,290.60
2006-08-11,231430.00,2192.00,3416.00,294.27
2006-08-12,225300.00,2190.40,3359.00,269.92
2006-08-13,219310.00,2188.80,3313.00,304.53
2006-08-14,213330.00,2187.20,3278.00,270.55
2006-08-15,207330.00,2185.60,3232.00,221.79
2006-08-16,201490.00,2184.00,3186.00,258.69
2006-08-17,195740.00,2182.40,3129.00,242.99
2006-08-18,190220.00,2180.90,3034.00,270.95
2006-08-19,184810.00,2179.30,2962.00,257.08
2006-08-20,179470.00,2177.80,2930.00,254.30
2006-08-21,174210.00,2176.30,2888.00,257.13
2006-08-22,168930.00,2174.80,2846.00,206.89
2006-08-23,163630.00,2173.20,2845.00,200.77
2006-08-24,158380.00,2171.70,2823.00,202.64
2006-08-25,153450.00,2170.20,2731.00,278.76
2006-08-26,148470.00,2168.70,2679.00,199.86
2006-08-27,143580.00,2167.20,2647.00,219.24
2006-08-28,139100.00,2165.80,2435.00,213.08
2006-08-29,135360.00,2164.70,2096.00,247.38
2006-08-30,131720.00,2163.50,1969.00,165.47
2006-08-31,128210.00,2162.40,1940.00,206.82
2006-09-01,124820.00,2161.30,1822.00,123.56
2006-09-02,121710.00,2160.30,1687.00,133.28
2006-09-03,118830.00,2159.40,1550.00,123.52
2006-09-04,116160.00,2158.50,1413.00,99.18
2006-09-05,113780.00,2157.80,1252.00,91.99
2006-09-06,111810.00,2157.10,1048.00,98.08
2006-09-07,110220.00,2156.60,868.00,114.48
2006-09-08,108900.00,2156.10,755.00,135.28
2006-09-09,107650.00,2155.70,646.00,66.76
2006-09-10,106700.00,2155.40,521.00,98.02
2006-09-11,106110.00,2155.20,364.00,121.32
2006-09-12,105780.00,2155.10,251.00,102.94
2006-09-13,105428.00,2155.00,223.00,45.13
2006-09-14,105190.00,2154.90,223.00,102.06
2006-09-15,105012.57,2154.80,223.00,131.96
2006-09-16,104720.00,2154.70,220.00,72.00
2006-09-17,104421.86,2154.60,220.00,69.19
2006-09-18,104248.14,2154.60,216.00,129.09
2006-09-19,104010.00,2154.50,216.00,94.24
2006-09-20,103745.00,2154.40,216.00,81.61
2006-09-21,103480.44,2154.30,216.00,82.58
2006-09-22,103242.00,2154.20,216.00,96.83
2006-09-23,103068.00,2154.20,220.00,130.85
2006-09-24,102864.65,2154.10,216.00,113.62
2006-09-25,102630.00,2154.00,247.00,97.70
2006-09-26,102450.00,2154.00,230.00,131.16
2006-09-27,102275.00,2153.90,219.00,134.81
2006-09-28,102043.50,2153.80,219.00,105.63
2006-09-29,101811.00,2153.70,219.00,105.78
2006-09-30,101637.00,2153.70,219.00,135.20
2006-10-01,101340.22,2153.60,216.00,73.34
2006-10-02,101076.00,2153.50,216.00,88.06
2006-10-03,100815.00,2153.40,213.00,87.99
2006-10-04,100583.50,2153.30,213.00,102.79
2006-10-05,100322.00,2153.20,213.00,87.66
2006-10-06,100090.00,2153.20,213.00,102.53
2006-10-07,99771.00,2153.00,213.00,58.45
2006-10-08,99481.00,2152.90,213.00,72.51
2006-10-09,99190.93,2152.80,213.00,73.89
2006-10-10,98930.00,2152.80,213.00,88.24
2006-10-11,98610.93,2152.60,213.00,58.64
2006-10-12,98350.00,2152.60,213.00,87.95
2006-10-13,98060.00,2152.50,213.00,73.29
2006-10-14,97828.00,2152.40,213.00,102.53
2006-10-15,97658.41,2152.30,213.00,134.00
2006-10-16,97403.00,2152.20,213.00,90.73
2006-10-17,97141.86,2152.10,213.00,87.84
2006-10-18,96881.00,2152.00,213.00,87.98
2006-10-19,96649.00,2152.00,213.00,100.91
2006-10-20,96452.00,2151.90,213.00,120.23
2006-10-21,96310.93,2151.80,216.00,151.37
2006-10-22,96137.21,2151.80,216.00,135.09
2006-10-23,95934.00,2151.70,213.00,118.43
2006-10-24,95905.00,2151.70,216.00,207.25
2006-10-25,95760.00,2151.70,213.00,147.73
2006-10-26,95591.59,2151.60,213.00,135.98
2006-10-27,95393.00,2151.50,213.00,120.64
2006-10-28,95190.00,2151.50,216.00,120.42
2006-10-29,95219.00,2151.50,216.00,236.51
2006-10-30,95022.00,2151.40,216.00,123.68
2006-10-31,94852.57,2151.30,216.00,137.21
2006-11-01,94678.14,2151.30,216.00,133.95
2006-11-02,94649.07,2151.30,213.00,205.30
2006-11-03,94649.07,2151.30,213.00,220.07
2006-11-04,95564.20,2151.60,213.00,682.21
2006-11-05,98785.00,2152.70,216.00,1847.13
2006-11-06,124043.55,2161.10,234.00,12973.62
2006-11-07,154552.00,2170.50,223.00,15612.72
2006-11-08,165848.00,2173.90,220.00,5920.04
2006-11-09,170755.42,2175.30,220.00,2684.60
2006-11-10,174180.34,2176.30,230.00,1945.81
2006-11-11,176890.17,2177.10,230.00,1585.71
2006-11-12,179330.17,2177.80,237.00,1456.07
2006-11-13,181885.00,2178.50,234.00,1512.46
2006-11-14,183575.00,2179.00,230.00,1071.54
2006-11-15,185660.17,2179.60,230.00,1271.18
2006-11-16,188825.00,2180.50,230.00,1815.10
2006-11-17,191325.00,2181.20,230.00,1480.65
2006-11-18,193152.00,2181.70,230.00,1140.61
2006-11-19,194870.00,2182.20,230.00,1086.97
2006-11-20,196428.27,2182.60,230.00,1005.13
2006-11-21,197868.00,2183.00,230.00,946.21
2006-11-22,199092.61,2183.30,230.00,836.91
2006-11-23,200768.27,2183.80,230.00,1064.86
2006-11-24,201961.64,2184.10,230.00,822.78
2006-11-25,202948.00,2184.40,230.00,717.74
2006-11-26,203892.91,2184.60,234.00,699.15
2006-11-27,204696.00,2184.90,230.00,624.87
2006-11-28,205242.00,2185.00,230.00,494.78
2006-11-29,205868.00,2185.20,230.00,535.67
2006-11-30,206598.00,2185.40,227.00,591.11
2006-12-01,207072.00,2185.50,223.00,461.98
2006-12-02,207515.81,2185.60,223.00,446.76
2006-12-03,207914.00,2185.70,223.00,423.75
2006-12-04,208394.00,2185.90,223.00,465.00
2006-12-05,208653.00,2185.90,223.00,353.58
2006-12-06,208986.00,2186.00,223.00,390.89
2006-12-07,209275.64,2186.10,223.00,369.03
2006-12-08,209753.00,2186.20,223.00,463.67
2006-12-09,209901.27,2186.30,223.00,297.75
2006-12-10,210049.64,2186.30,223.00,297.81
2006-12-11,210604.00,2186.50,223.00,502.67
2006-12-12,211187.83,2186.60,227.00,519.90
2006-12-13,212555.00,2187.00,223.00,915.18
2006-12-14,213812.91,2187.30,223.00,860.69
2006-12-15,214664.19,2187.60,220.00,652.41
2006-12-16,215219.00,2187.70,223.00,506.20
2006-12-17,215662.91,2187.80,223.00,449.08
2006-12-18,215996.00,2187.90,223.00,393.51
2006-12-19,216329.00,2188.00,220.00,392.33
2006-12-20,216629.53,2188.10,220.00,374.59
2006-12-21,217005.00,2188.20,220.00,412.30
2006-12-22,217227.09,2188.30,220.00,334.97
2006-12-23,217671.00,2188.40,220.00,447.53
2006-12-24,218041.00,2188.50,220.00,409.54
2006-12-25,218226.00,2188.50,220.00,316.27
2006-12-26,218603.81,2188.60,220.00,413.48
2006-12-27,218828.00,2188.70,216.00,334.00
2006-12-28,218939.00,2188.70,220.00,278.65
2006-12-29,219050.00,2188.80,220.00,278.96
2006-12-30,219124.19,2188.80,220.00,260.40
2006-12-31,219198.36,2188.80,220.00,260.40
2007-01-01,219420.00,2188.90,220.00,334.74
2007-01-02,220806.00,2189.20,220.00,923.49
2007-01-03,223616.00,2190.00,227.00,1647.66
2007-01-04,225837.09,2190.60,216.00,1347.36
2007-01-05,228021.91,2191.10,209.00,1326.84
2007-01-06,229570.00,2191.60,202.00,1005.78
2007-01-07,231878.00,2192.20,202.00,1395.88
2007-01-08,233549.53,2192.60,202.00,1076.39
2007-01-09,234966.00,2193.00,202.00,937.79
2007-01-10,236303.67,2193.30,216.00,896.06
2007-01-11,237218.09,2193.60,223.00,684.02
2007-01-12,237911.00,2193.70,223.00,572.34
2007-01-13,238596.00,2193.90,223.00,568.35
2007-01-14,239176.19,2194.10,223.00,515.51
2007-01-15,239675.00,2194.20,223.00,474.48
2007-01-16,240136.66,2194.30,223.00,455.75
2007-01-17,240601.00,2194.40,220.00,455.30
2007-01-18,241059.09,2194.60,220.00,450.46
2007-01-19,241488.00,2194.70,220.00,436.47
2007-01-20,241838.09,2194.80,220.00,396.01
2007-01-21,242104.75,2194.80,220.00,353.94
2007-01-22,242375.00,2194.90,220.00,355.75
2007-01-23,242687.00,2195.00,220.00,376.80
2007-01-24,242998.09,2195.10,223.00,378.11
2007-01-25,243263.81,2195.10,223.00,356.97
2007-01-26,243418.00,2195.20,223.00,300.74
2007-01-27,243691.00,2195.20,223.00,360.64
2007-01-28,243847.28,2195.30,223.00,301.79
2007-01-29,244120.00,2195.40,223.00,360.50
2007-01-30,244159.00,2195.40,223.00,242.77
2007-01-31,244315.00,2195.40,223.00,301.65
2007-02-01,244510.00,2195.50,223.00,321.31
2007-02-02,244549.00,2195.50,223.00,242.66
2007-02-03,244666.00,2195.50,223.00,281.99
2007-02-04,244783.00,2195.50,223.00,281.99
2007-02-05,244900.00,2195.60,223.00,281.99
2007-02-06,245089.53,2195.60,223.00,318.56
2007-02-07,245280.00,2195.70,223.00,319.03
2007-02-08,245514.00,2195.70,223.00,340.98
2007-02-09,245787.28,2195.80,223.00,360.78
2007-02-10,246099.00,2195.90,223.00,380.16
2007-02-11,246528.00,2196.00,223.00,439.29
2007-02-12,246840.00,2196.10,223.00,380.30
2007-02-13,247073.63,2196.10,223.00,340.79
2007-02-14,247464.00,2196.20,223.00,419.81
2007-02-15,248751.00,2196.50,230.00,877.71
2007-02-16,251061.81,2197.10,234.00,1400.18
2007-02-17,253256.00,2197.70,227.00,1332.74
2007-02-18,255300.00,2198.20,227.00,1257.02
2007-02-19,257430.00,2198.80,230.00,1302.60
2007-02-20,259566.38,2199.30,230.00,1306.85
2007-02-21,261190.00,2199.70,223.00,1041.58
2007-02-22,262540.00,2200.00,223.00,903.63
2007-02-23,263692.75,2200.30,220.00,801.43
2007-02-24,264729.41,2200.60,223.00,745.05
2007-02-25,265650.69,2200.80,223.00,686.11
2007-02-26,266648.19,2201.10,220.00,722.41
2007-02-27,267400.09,2201.30,220.00,598.59
2007-02-28,268040.00,2201.40,220.00,542.12
2007-03-01,268610.09,2201.60,220.00,506.92
2007-03-02,269170.00,2201.70,220.00,501.79
2007-03-03,269570.50,2201.80,220.00,421.42
2007-03-04,270050.00,2201.90,220.00,462.91
2007-03-05,270450.00,2202.00,223.00,424.67
2007-03-06,270929.91,2202.10,223.00,464.95
2007-03-07,271575.50,2202.30,227.00,550.44
2007-03-08,272180.00,2202.50,227.00,531.27
2007-03-09,272859.72,2202.60,227.00,569.19
2007-03-10,273830.00,2202.90,227.00,717.38
2007-03-11,276130.00,2203.40,225.00,1392.88
2007-03-12,287313.00,2206.20,226.00,5883.74
2007-03-13,295749.00,2208.20,221.00,4501.73
2007-03-14,300699.00,2209.40,216.00,2715.13
2007-03-15,304144.22,2210.30,220.00,1959.84
2007-03-16,306854.00,2210.90,224.00,1592.52
2007-03-17,309731.59,2211.60,227.00,1679.89
2007-03-18,313931.59,2212.60,228.00,2348.94
2007-03-19,318773.09,2213.80,231.00,2675.08
2007-03-20,322884.00,2214.70,235.00,2308.84
2007-03-21,326112.00,2215.50,235.00,1864.45
2007-03-22,328886.91,2216.10,239.00,1637.78
2007-03-23,331457.00,2216.70,239.00,1536.26
2007-03-24,337735.00,2218.20,247.00,3411.58
2007-03-25,347808.00,2220.50,254.00,5332.66
2007-03-26,353948.00,2221.90,258.00,3353.17
2007-03-27,358050.00,2222.90,283.00,2350.43
2007-03-28,360876.00,2223.50,372.00,1820.24
2007-03-29,363719.78,2224.10,426.00,1882.39
2007-03-30,365670.22,2224.60,426.00,1430.82
2007-03-31,367590.00,2225.00,427.00,1415.39
2007-04-01,369285.00,2225.40,427.00,1304.01
2007-04-02,370852.00,2225.70,432.00,1240.86
2007-04-03,372155.00,2226.00,423.00,1099.34
2007-04-04,373225.13,2226.30,419.00,979.94
2007-04-05,374215.00,2226.50,424.00,942.55
2007-04-06,375250.00,2226.70,424.00,966.64
2007-04-07,376780.00,2227.10,420.00,1211.09
2007-04-08,379254.44,2227.60,416.00,1683.31
2007-04-09,383020.00,2228.40,421.00,2336.18
2007-04-10,386253.88,2229.10,421.00,2068.40
2007-04-11,388680.00,2229.70,421.00,1662.21
2007-04-12,390558.34,2230.10,431.00,1394.38
2007-04-13,392168.00,2230.40,422.00,1252.26
2007-04-14,393778.34,2230.80,423.00,1250.38
2007-04-15,395249.44,2231.10,423.00,1179.15
2007-04-16,396686.00,2231.40,423.00,1163.49
2007-04-17,397984.00,2231.70,428.00,1096.47
2007-04-18,399088.00,2231.90,428.00,998.38
2007-04-19,400248.00,2232.20,429.00,1027.83
2007-04-20,401178.00,2232.40,429.00,911.88
2007-04-21,402101.34,2232.60,429.00,908.75
2007-04-22,402706.00,2232.70,576.00,873.96
2007-04-23,403125.56,2232.80,706.00,902.77
2007-04-24,403219.81,2232.80,1043.00,1065.53
2007-04-25,403266.91,2232.80,1157.00,1141.54
2007-04-26,403360.00,2232.90,1187.00,1181.80
2007-04-27,403590.00,2232.90,1154.00,1208.97
2007-04-28,404519.44,2233.10,1057.00,1459.97
2007-04-29,406197.00,2233.50,926.00,1708.91
2007-04-30,407879.81,2233.80,873.00,1651.33
2007-05-01,409420.00,2234.20,822.00,1522.15
2007-05-02,411290.00,2234.60,774.00,1635.91
2007-05-03,413207.00,2235.00,786.00,1757.59
2007-05-04,414617.13,2235.30,873.00,1587.67
2007-05-05,415369.00,2235.40,976.00,1361.57
2007-05-06,415933.00,2235.50,1020.00,1305.94
2007-05-07,417064.34,2235.80,1042.00,1618.41
2007-05-08,420136.00,2236.40,1114.00,2664.03
2007-05-09,423790.00,2237.20,1262.00,3104.26
2007-05-10,426170.00,2237.70,1545.00,2742.23
2007-05-11,427888.13,2238.10,1650.00,2514.85
2007-05-12,429609.00,2238.40,1659.00,2522.11
2007-05-13,431334.34,2238.80,1725.00,2592.65
2007-05-14,432246.00,2239.00,1875.00,2325.85
2007-05-15,432677.13,2239.10,2065.00,2271.31
2007-05-16,433580.00,2239.30,2291.00,2741.28
2007-05-17,433916.81,2239.30,2792.00,3005.49
2007-05-18,433532.00,2239.20,2854.00,2732.33
2007-05-19,433628.13,2239.30,2475.00,2598.57
2007-05-20,433772.47,2239.30,2315.00,2457.65
2007-05-21,433436.00,2239.20,2290.00,2182.11
2007-05-22,433100.00,2239.20,2066.00,1956.93
2007-05-23,432958.66,2239.10,1919.00,1902.82
2007-05-24,433052.88,2239.10,1790.00,1892.72
2007-05-25,433868.72,2239.30,1697.00,2145.29
2007-05-26,434732.00,2239.50,1821.00,2295.13
2007-05-27,435264.41,2239.60,2304.00,2620.03
2007-05-28,434732.00,2239.50,2632.00,2387.20
2007-05-29,434156.00,2239.40,2458.00,2186.58
2007-05-30,434204.00,2239.40,2359.00,2392.68
2007-05-31,434924.00,2239.50,2320.00,2693.05
2007-06-01,435313.53,2239.60,2769.00,2968.24
2007-06-02,435750.00,2239.70,3076.00,3290.52
2007-06-03,435990.00,2239.80,3704.00,3817.93
2007-06-04,435894.00,2239.70,4072.00,4002.04
2007-06-05,435846.00,2239.70,3282.00,3297.02
2007-06-06,436038.13,2239.80,2210.00,2367.03
2007-06-07,436374.94,2239.80,1576.00,1791.43
2007-06-08,436421.88,2239.80,1488.00,1549.71
2007-06-09,435942.00,2239.70,1778.00,1588.13
2007-06-10,435942.00,2239.70,1664.00,1711.91
2007-06-11,436421.88,2239.80,1424.00,1706.80
2007-06-12,436614.00,2239.90,1332.00,1462.99
2007-06-13,436470.00,2239.90,1332.00,1296.73
2007-06-14,436470.00,2239.90,1297.00,1334.28
2007-06-15,436614.00,2239.90,1269.00,1374.38
2007-06-16,436758.00,2239.90,1255.00,1360.74
2007-06-17,436518.00,2239.90,1262.00,1173.19
2007-06-18,436421.88,2239.80,1255.00,1239.24
2007-06-19,436326.81,2239.80,1241.00,1225.48
2007-06-20,435750.00,2239.70,1496.00,1245.61
2007-06-21,435264.41,2239.60,1635.00,1423.35
2007-06-22,434828.00,2239.50,1559.00,1372.65
2007-06-23,434156.00,2239.40,1570.00,1261.45
2007-06-24,432486.00,2239.00,1955.00,1146.07
2007-06-25,430374.34,2238.60,2165.00,1127.09
2007-06-26,427792.00,2238.00,2259.00,978.57
2007-06-27,424884.00,2237.40,2389.00,946.43
2007-06-28,421890.59,2236.80,2513.00,963.76
2007-06-29,418668.66,2236.10,2637.00,967.58
2007-06-30,415040.00,2235.40,2731.00,845.86
2007-07-01,411990.00,2234.70,2735.00,1140.68
2007-07-02,408574.00,2234.00,2759.00,974.43
2007-07-03,404938.00,2233.20,2883.00,989.66
2007-07-04,401224.00,2232.40,3007.00,1072.11
2007-07-05,397238.00,2231.50,3169.00,1088.72
2007-07-06,393456.00,2230.70,3305.00,1315.58
2007-07-07,389132.22,2229.80,3376.00,1102.76
2007-07-08,384525.13,2228.80,3369.00,956.72
2007-07-09,379710.00,2227.70,3429.00,899.39
2007-07-10,374620.22,2226.60,3532.00,868.34
2007-07-11,369285.00,2225.40,3647.00,848.58
2007-07-12,363810.00,2224.20,3712.00,880.35
2007-07-13,358358.00,2222.90,3700.00,937.97
2007-07-14,353024.00,2221.70,3652.00,947.58
2007-07-15,347500.00,2220.50,3676.00,881.36
2007-07-16,341796.91,2219.10,3700.00,813.19
2007-07-17,336101.75,2217.80,3664.00,784.14
2007-07-18,330388.00,2216.50,3552.00,656.53
2007-07-19,324964.00,2215.20,3409.00,658.01
2007-07-20,319706.00,2214.00,3277.00,617.95
2007-07-21,314562.09,2212.80,3189.00,588.05
2007-07-22,309354.00,2211.50,3156.00,518.91
2007-07-23,304102.09,2210.30,3178.00,516.81
2007-07-24,298640.00,2208.90,3277.00,507.44
2007-07-25,292960.00,2207.60,3365.00,488.67
2007-07-26,287230.00,2206.20,3343.00,440.72
2007-07-27,281440.00,2204.70,3365.00,435.85
2007-07-28,275440.00,2203.30,3453.00,415.34
2007-07-29,269250.00,2201.70,3497.00,370.36
2007-07-30,263180.00,2200.20,3464.00,393.62
2007-07-31,257040.00,2198.70,3497.00,386.35
2007-08-01,250780.00,2197.10,3453.00,287.92
2007-08-02,244822.00,2195.50,3387.00,373.03
2007-08-03,238905.00,2194.00,3354.00,360.02
2007-08-04,232980.00,2192.50,3321.00,321.78
2007-08-05,227148.00,2190.90,3332.00,377.66
2007-08-06,221290.00,2189.40,3321.00,360.60
2007-08-07,215478.36,2187.80,3277.00,334.59
2007-08-08,209975.45,2186.30,3156.00,367.59
2007-08-09,204622.91,2184.80,3040.00,333.97
2007-08-10,199274.00,2183.40,2990.00,282.48
2007-08-11,193944.00,2181.90,3000.00,302.37
2007-08-12,188574.00,2180.40,3030.00,308.30
2007-08-13,183470.00,2179.00,3010.00,426.21
2007-08-14,178210.00,2177.50,2970.00,310.06
2007-08-15,172864.00,2175.90,3000.00,290.14
2007-08-16,167388.58,2174.30,3050.00,278.17
2007-08-17,161928.00,2172.70,3030.00,271.85
2007-08-18,156527.75,2171.10,2990.00,254.77
2007-08-19,151314.08,2169.60,2940.00,304.10
2007-08-20,146234.00,2168.00,2880.00,306.40
2007-08-21,141463.08,2166.60,2640.00,222.00
2007-08-22,137230.00,2165.30,2440.00,295.87
2007-08-23,133124.00,2164.00,2372.00,297.20
2007-08-24,129004.00,2162.70,2327.00,243.55
2007-08-25,124860.00,2161.40,2327.00,232.01
2007-08-26,120686.00,2160.00,2345.00,228.00
2007-08-27,116280.22,2158.60,2291.00,64.41
2007-08-28,112450.52,2157.30,2174.00,232.27
2007-08-29,108760.30,2156.10,2075.00,206.26
2007-08-30,105130.00,2154.90,2039.00,204.18
2007-08-31,101519.93,2153.60,2021.00,187.56
2007-09-01,98234.00,2152.50,1868.00,198.17
2007-09-02,95306.00,2151.50,1664.00,176.56
2007-09-03,92803.72,2150.60,1464.00,195.14
2007-09-04,90660.68,2149.90,1255.00,166.12
2007-09-05,88924.00,2149.20,1036.00,168.90
2007-09-06,87356.00,2148.70,917.00,144.50
2007-09-07,85910.00,2148.20,838.00,143.57
2007-09-08,84586.00,2147.70,798.00,173.92
2007-09-09,83374.00,2147.20,697.00,144.50
2007-09-10,82384.00,2146.90,509.00,73.62
2007-09-11,81920.00,2146.70,338.00,121.17
2007-09-12,81644.67,2146.60,252.00,107.76
2007-09-13,81429.00,2146.50,220.00,111.62
2007-09-14,81186.00,2146.40,218.00,95.04
2007-09-15,80941.93,2146.30,216.00,91.14
2007-09-16,80636.00,2146.20,218.00,58.26
2007-09-17,80447.00,2146.20,220.00,116.77
2007-09-18,80123.00,2146.00,222.00,49.15
2007-09-19,79880.00,2146.00,224.00,89.99
2007-09-20,79637.00,2145.90,226.00,88.91
2007-09-21,79367.06,2145.80,224.00,74.55
2007-09-22,79070.00,2145.70,229.00,61.11
2007-09-23,78773.00,2145.50,231.00,62.69
2007-09-24,78476.00,2145.40,233.00,62.76
2007-09-25,78179.46,2145.30,235.00,62.99
2007-09-26,77855.00,2145.20,237.00,48.84
2007-09-27,77638.80,2145.10,239.00,103.34
2007-09-28,77288.00,2145.00,237.00,61.46
2007-09-29,77024.00,2144.90,239.00,106.90
2007-09-30,76839.46,2144.80,237.00,146.96
2007-10-01,76731.20,2144.80,237.00,182.42
2007-10-02,76998.00,2144.90,236.00,370.51
2007-10-03,77584.67,2145.10,236.00,531.78
2007-10-04,77990.00,2145.30,235.00,439.35
2007-10-05,78152.40,2145.30,234.00,315.88
2007-10-06,78206.53,2145.30,234.00,261.29
2007-10-07,78232.94,2145.30,233.00,246.31
2007-10-08,78530.00,2145.50,233.00,382.77
2007-10-09,78854.13,2145.60,232.00,395.41
2007-10-10,79070.00,2145.70,231.00,339.83
2007-10-11,79259.00,2145.70,231.00,326.29
2007-10-12,79502.40,2145.80,230.00,352.71
2007-10-13,79582.94,2145.80,230.00,270.60
2007-10-14,79637.00,2145.90,230.00,257.25
2007-10-15,79664.00,2145.90,230.00,243.61
2007-10-16,79691.00,2145.90,230.00,243.61
2007-10-17,79664.00,2145.90,229.00,215.39
2007-10-18,79664.00,2145.90,229.00,229.00
2007-10-19,79988.00,2146.00,229.00,392.35
2007-10-20,80392.94,2146.10,229.00,433.15
2007-10-21,80886.48,2146.30,229.00,477.82
2007-10-22,81321.00,2146.50,232.00,451.07
2007-10-23,81920.00,2146.70,236.00,537.99
2007-10-24,82987.60,2147.10,236.00,774.24
2007-10-25,83952.00,2147.40,236.00,722.21
2007-10-26,84614.00,2147.70,236.00,569.75
2007-10-27,85052.94,2147.80,235.00,456.30
2007-10-28,85388.00,2148.00,235.00,403.92
2007-10-29,85612.00,2148.00,235.00,347.93
2007-10-30,85721.20,2148.10,235.00,290.05
2007-10-31,85828.80,2148.10,235.00,289.25
2007-11-01,85855.87,2148.10,235.00,248.65
2007-11-02,85855.87,2148.10,235.00,235.00
2007-11-03,85855.87,2148.10,235.00,235.00
2007-11-04,85801.73,2148.10,235.00,207.70
2007-11-05,85747.60,2148.10,234.00,206.71
2007-11-06,85747.60,2148.10,234.00,234.00
2007-11-07,85721.20,2148.10,234.00,220.69
2007-11-08,85667.06,2148.10,234.00,206.70
2007-11-09,85640.00,2148.10,234.00,220.36
2007-11-10,85828.80,2148.10,234.00,329.19
2007-11-11,86022.00,2148.20,234.00,331.40
2007-11-12,86777.00,2148.50,234.00,614.64
2007-11-13,87300.00,2148.70,234.00,497.68
2007-11-14,87636.14,2148.80,237.00,406.47
2007-11-15,88028.00,2148.90,238.00,435.56
2007-11-16,89008.07,2149.30,239.00,733.11
2007-11-17,90352.00,2149.70,240.00,917.55
2007-11-18,91790.00,2150.30,244.00,968.98
2007-11-19,92861.86,2150.60,245.00,785.39
2007-11-20,93625.00,2150.90,246.00,630.74
2007-11-21,94194.65,2151.10,247.00,534.19
2007-11-22,94649.07,2151.30,248.00,477.10
2007-11-23,94966.00,2151.40,249.00,408.78
2007-11-24,95219.00,2151.50,250.00,377.55
2007-11-25,95422.00,2151.50,251.00,353.34
2007-11-26,95675.80,2151.60,252.00,379.96
2007-11-27,95905.00,2151.70,249.00,364.55
2007-11-28,96079.07,2151.80,250.00,337.76
2007-11-29,96195.35,2151.80,251.00,309.62
2007-11-30,96396.00,2151.90,252.00,353.16
2007-12-01,96340.00,2151.90,253.00,224.77
2007-12-02,96852.00,2152.00,254.00,512.13
2007-12-03,97944.00,2152.40,259.00,809.54
2007-12-04,105310.00,2154.90,260.00,3973.64
2007-12-05,112120.00,2157.20,261.00,3694.32
2007-12-06,115790.00,2158.40,262.00,2112.26
2007-12-07,118154.00,2159.20,258.00,1449.83
2007-12-08,119880.00,2159.80,258.00,1128.18
2007-12-09,121213.00,2160.20,262.00,934.04
2007-12-10,122267.00,2160.50,262.00,793.38
2007-12-11,123135.38,2160.80,258.00,695.80
2007-12-12,123920.00,2161.10,258.00,653.57
2007-12-13,124572.08,2161.30,258.00,586.75
2007-12-14,125139.00,2161.40,258.00,543.82
2007-12-15,125735.84,2161.60,258.00,558.90
2007-12-16,126172.15,2161.80,258.00,477.97
2007-12-17,126612.00,2161.90,258.00,479.75
2007-12-18,126957.00,2162.00,258.00,431.93
2007-12-19,127616.00,2162.20,251.00,583.24
2007-12-20,128022.00,2162.40,244.00,448.69
2007-12-21,128278.00,2162.40,248.00,377.06
2007-12-22,128652.08,2162.60,248.00,436.60
2007-12-23,129132.00,2162.70,248.00,489.96
2007-12-24,129415.38,2162.80,248.00,390.87
2007-12-25,129698.00,2162.90,248.00,390.49
2007-12-26,129921.00,2163.00,248.00,360.43
2007-12-27,130169.00,2163.00,248.00,373.03
2007-12-28,130487.92,2163.10,248.00,408.79
2007-12-29,130584.00,2163.20,248.00,296.44
2007-12-30,130933.23,2163.30,248.00,424.07
2007-12-31,131088.61,2163.30,248.00,326.34
2008-01-01,131118.92,2163.30,248.00,263.28
2008-01-02,131182.00,2163.40,248.00,279.80
2008-01-03,131246.00,2163.40,248.00,280.27
2008-01-04,131342.00,2163.40,248.00,296.40
2008-01-05,131470.00,2163.50,248.00,312.53
2008-01-06,131502.00,2163.50,248.00,264.13
2008-01-07,131502.00,2163.50,248.00,248.00
2008-01-08,131630.00,2163.50,248.00,312.53
2008-01-09,131694.00,2163.50,248.00,280.27
2008-01-10,131949.61,2163.60,248.00,376.87
2008-01-11,132110.00,2163.70,248.00,328.86
2008-01-12,132234.00,2163.70,248.00,310.52
2008-01-13,132296.00,2163.70,248.00,279.26
2008-01-14,132452.08,2163.80,251.00,329.69
2008-01-15,132452.08,2163.80,248.00,248.00
2008-01-16,132420.00,2163.80,248.00,231.83
2008-01-17,132420.00,2163.80,248.00,248.00
2008-01-18,132358.00,2163.70,248.00,216.74
2008-01-19,132389.00,2163.70,251.00,266.63
2008-01-20,132296.00,2163.70,248.00,201.11
2008-01-21,132172.00,2163.70,248.00,185.48
2008-01-22,132077.92,2163.60,248.00,200.57
2008-01-23,131917.53,2163.60,248.00,167.14
2008-01-24,131758.00,2163.50,248.00,167.57
2008-01-25,131598.00,2163.50,247.00,166.33
2008-01-26,131534.00,2163.50,246.00,213.73
2008-01-27,131502.00,2163.50,246.00,229.87
2008-01-28,131406.00,2163.40,245.00,196.60
2008-01-29,131598.00,2163.50,245.00,341.80
2008-01-30,131694.00,2163.50,241.00,289.40
2008-01-31,131822.08,2163.60,240.00,304.57
2008-02-01,131886.23,2163.60,240.00,272.34
2008-02-02,131917.53,2163.60,239.00,254.78
2008-02-03,131854.16,2163.60,239.00,207.05
2008-02-04,131790.00,2163.60,238.00,205.65
2008-02-05,131790.00,2163.60,238.00,238.00
2008-02-06,131949.61,2163.60,237.00,317.47
2008-02-07,132358.00,2163.70,237.00,442.89
2008-02-08,132612.47,2163.80,236.00,364.29
2008-02-09,132836.00,2163.90,239.00,351.69
2008-02-10,133124.00,2164.00,242.00,387.20
2008-02-11,133220.00,2164.00,242.00,290.40
2008-02-12,133444.16,2164.10,245.00,358.01
2008-02-13,133603.77,2164.10,244.00,324.47
2008-02-14,133635.84,2164.10,244.00,260.17
2008-02-15,133732.00,2164.20,243.00,291.48
2008-02-16,133764.00,2164.20,243.00,259.13
2008-02-17,133828.00,2164.20,242.00,274.27
2008-02-18,133828.00,2164.20,242.00,242.00
2008-02-19,133796.00,2164.20,241.00,224.87
2008-02-20,133828.00,2164.20,241.00,257.13
2008-02-21,133796.00,2164.20,240.00,223.87
2008-02-22,133796.00,2164.20,240.00,240.00
2008-02-23,133764.00,2164.20,239.00,222.87
2008-02-24,133828.00,2164.20,239.00,271.27
2008-02-25,133796.00,2164.20,238.00,221.87
2008-02-26,133828.00,2164.20,238.00,254.13
2008-02-27,133828.00,2164.20,237.00,237.00
2008-02-28,133924.00,2164.20,237.00,285.40
2008-02-29,134116.23,2164.30,240.00,336.91
2008-03-01,134564.00,2164.40,239.00,464.75
2008-03-02,134852.00,2164.50,239.00,384.20
2008-03-03,135332.00,2164.70,242.00,484.00
2008-03-04,135716.23,2164.80,241.00,434.71
2008-03-05,136036.00,2164.90,241.00,402.22
2008-03-06,136260.00,2165.00,240.00,352.93
2008-03-07,136516.00,2165.00,240.00,369.06
2008-03-08,136739.61,2165.10,239.00,351.74
2008-03-09,136999.00,2165.20,239.00,369.77
2008-03-10,137294.16,2165.30,242.00,390.81
2008-03-11,137774.00,2165.40,241.00,482.92
2008-03-12,138190.00,2165.60,241.00,450.73
2008-03-13,138680.00,2165.70,240.00,487.04
2008-03-14,139127.92,2165.80,240.00,465.82
2008-03-15,139522.00,2166.00,243.00,441.68
2008-03-16,139843.08,2166.10,242.00,403.88
2008-03-17,140236.00,2166.20,238.00,436.09
2008-03-18,140588.31,2166.30,234.00,411.62
2008-03-19,140912.00,2166.40,234.00,397.19
2008-03-20,141270.00,2166.50,233.00,413.49
2008-03-21,141529.23,2166.60,233.00,363.69
2008-03-22,141792.00,2166.70,232.00,364.48
2008-03-23,142113.08,2166.80,232.00,393.88
2008-03-24,142344.64,2166.80,231.00,347.74
2008-03-25,142575.00,2166.90,231.00,347.14
2008-03-26,142772.00,2167.00,233.00,332.32
2008-03-27,142964.00,2167.00,230.00,326.80
2008-03-28,143191.52,2167.10,233.00,347.71
2008-03-29,143290.77,2167.10,233.00,283.04
2008-03-30,143390.00,2167.20,233.00,283.03
2008-03-31,143456.00,2167.20,233.00,266.27
2008-04-01,143522.00,2167.20,233.00,266.27
2008-04-02,143555.00,2167.20,233.00,249.64
2008-04-03,143621.00,2167.20,233.00,266.27
2008-04-04,143720.00,2167.30,233.00,282.91
2008-04-05,143752.08,2167.30,233.00,249.17
2008-04-06,143816.23,2167.30,233.00,265.34
2008-04-07,143944.55,2167.30,233.00,297.69
2008-04-08,144040.00,2167.40,233.00,281.12
2008-04-09,143816.23,2167.30,376.00,263.18
2008-04-10,143489.00,2167.20,447.00,282.02
2008-04-11,143126.16,2167.10,465.00,282.07
2008-04-12,142964.00,2167.00,465.00,383.25
2008-04-13,143290.77,2167.10,465.00,629.74
2008-04-14,144601.00,2167.50,312.00,972.56
2008-04-15,146042.00,2168.00,240.00,966.49
2008-04-16,147386.00,2168.40,237.00,914.59
2008-04-17,148640.00,2168.80,240.00,872.22
2008-04-18,149926.92,2169.10,237.00,885.81
2008-04-19,151082.00,2169.50,240.00,822.34
2008-04-20,151686.00,2169.70,368.00,672.51
2008-04-21,152049.23,2169.80,456.00,639.13
2008-04-22,152246.92,2169.80,470.00,569.67
2008-04-23,152445.00,2169.90,461.00,560.86
2008-04-24,152577.00,2169.90,447.00,513.55
2008-04-25,152644.00,2170.00,452.00,485.78
2008-04-26,152746.00,2170.00,470.00,521.42
2008-04-27,152916.00,2170.00,465.00,550.71
2008-04-28,153445.00,2170.20,456.00,722.70
2008-04-29,154751.52,2170.60,360.00,1018.69
2008-04-30,156358.17,2171.10,279.00,1089.01
2008-05-01,157834.00,2171.50,261.00,1005.05
2008-05-02,159184.00,2171.90,261.00,941.62
2008-05-03,160538.48,2172.30,261.00,943.87
2008-05-04,162234.50,2172.80,261.00,1116.06
2008-05-05,164994.75,2173.60,254.00,1645.61
2008-05-06,168792.00,2174.70,254.00,2168.42
2008-05-07,173070.00,2176.00,258.00,2414.79
2008-05-08,176994.58,2177.10,261.00,2239.61
2008-05-09,180205.00,2178.00,265.00,1883.56
2008-05-10,183190.00,2178.90,265.00,1769.92
2008-05-11,186370.17,2179.80,268.00,1871.31
2008-05-12,189283.47,2180.60,268.00,1736.77
2008-05-13,192180.00,2181.40,272.00,1732.31
2008-05-14,195734.00,2182.40,272.00,2063.78
2008-05-15,202254.00,2184.20,268.00,3555.12
2008-05-16,212407.00,2187.00,268.00,5386.73
2008-05-17,225874.19,2190.60,276.00,7065.61
2008-05-18,240868.00,2194.50,279.00,7838.27
2008-05-19,253529.09,2197.80,286.00,6669.21
2008-05-20,264570.00,2200.60,283.00,5849.38
2008-05-21,273185.00,2202.70,279.00,4622.33
2008-05-22,279370.00,2204.20,283.00,3401.23
2008-05-23,284576.00,2205.50,283.00,2907.65
2008-05-24,289681.09,2206.80,283.00,2856.78
2008-05-25,296284.00,2208.40,283.00,3611.92
2008-05-26,304060.00,2210.30,286.00,4206.34
2008-05-27,312084.00,2212.20,283.00,4328.37
2008-05-28,320042.09,2214.10,279.00,4291.15
2008-05-29,327822.00,2215.90,271.00,4193.31
2008-05-30,335154.47,2217.60,270.00,3966.73
2008-05-31,341324.00,2219.00,272.00,3382.43
2008-06-01,347500.00,2220.50,275.00,3388.69
2008-06-02,353332.31,2221.80,281.00,3221.41
2008-06-03,359325.91,2223.10,283.00,3304.73
2008-06-04,364206.00,2224.20,285.00,2745.34
2008-06-05,368530.00,2225.20,288.00,2467.98
2008-06-06,372641.78,2226.10,297.00,2369.99
2008-06-07,375925.00,2226.90,344.00,1999.27
2008-06-08,378850.00,2227.50,387.00,1861.67
2008-06-09,381930.00,2228.20,422.00,1974.81
2008-06-10,384840.88,2228.80,434.00,1901.55
2008-06-11,387348.00,2229.40,452.00,1715.99
2008-06-12,389684.00,2229.90,448.00,1625.72
2008-06-13,392628.00,2230.50,452.00,1936.25
2008-06-14,396134.44,2231.30,452.00,2219.80
2008-06-15,399879.44,2232.10,452.00,2340.08
2008-06-16,403636.00,2232.90,452.00,2345.90
2008-06-17,407362.00,2233.70,466.00,2344.50
2008-06-18,410726.00,2234.40,520.00,2215.99
2008-06-19,413489.00,2235.00,585.00,1977.99
2008-06-20,415510.00,2235.50,932.00,1950.91
2008-06-21,418152.00,2236.00,1105.00,2436.99
2008-06-22,421321.00,2236.70,915.00,2512.68
2008-06-23,424124.22,2237.30,773.00,2186.27
2008-06-24,426458.13,2237.80,815.00,1991.66
2008-06-25,428368.00,2238.20,972.00,1934.88
2008-06-26,429846.00,2238.50,1131.00,1876.15
2008-06-27,431334.34,2238.80,1367.00,2117.36
2008-06-28,432438.00,2239.00,2033.00,2589.42
2008-06-29,433388.00,2239.20,2589.00,3067.95
2008-06-30,434540.00,2239.50,2595.00,3175.79
2008-07-01,435750.00,2239.70,2470.00,3080.03
2008-07-02,436326.81,2239.80,2518.00,2808.80
2008-07-03,436614.00,2239.90,2616.00,2760.79
2008-07-04,436278.72,2239.80,2704.00,2534.97
2008-07-05,435654.00,2239.70,2338.00,2023.04
2008-07-06,435510.00,2239.70,1823.00,1750.40
2008-07-07,435215.28,2239.60,1687.00,1538.41
2008-07-08,434588.00,2239.50,1749.00,1432.75
2008-07-09,433676.25,2239.30,1881.00,1421.33
2008-07-10,432294.00,2239.00,2087.00,1390.13
2008-07-11,430326.25,2238.60,2301.00,1308.94
2008-07-12,427360.00,2238.00,2579.00,1083.54
2008-07-13,423502.88,2237.10,2927.00,982.40
2008-07-14,419376.25,2236.30,3096.00,1015.52
2008-07-15,415275.00,2235.40,3043.00,975.32
2008-07-16,411196.00,2234.50,3021.00,964.53
2008-07-17,406803.31,2233.60,3080.00,865.38
2008-07-18,402288.66,2232.60,3131.00,854.90
2008-07-19,397752.88,2231.60,3118.00,831.24
2008-07-20,392949.44,2230.60,3193.00,771.30
2008-07-21,387946.00,2229.50,3257.00,734.47
2008-07-22,382705.00,2228.40,3376.00,733.70
2008-07-23,377365.00,2227.20,3423.00,730.79
2008-07-24,372065.00,2226.00,3404.00,731.96
2008-07-25,366744.66,2224.80,3396.00,713.70
2008-07-26,361319.34,2223.60,3378.00,642.77
2008-07-27,355840.00,2222.40,3403.00,640.54
2008-07-28,350344.47,2221.10,3406.00,635.38
2008-07-29,344708.63,2219.80,3420.00,578.64
2008-07-30,339207.00,2218.50,3368.00,594.30
2008-07-31,333865.53,2217.30,3294.00,601.05
2008-08-01,328416.00,2216.00,3319.00,571.57
2008-08-02,322884.00,2214.70,3312.00,522.99
2008-08-03,317418.00,2213.40,3304.00,548.27
2008-08-04,311915.78,2212.10,3285.00,511.00
2008-08-05,306140.00,2210.80,3398.00,486.09
2008-08-06,300084.41,2209.30,3511.00,458.02
2008-08-07,294108.91,2207.80,3514.00,501.40
2008-08-08,288210.00,2206.40,3473.00,499.01
2008-08-09,282540.00,2205.00,3334.00,475.42
2008-08-10,276859.59,2203.60,3337.00,473.17
2008-08-11,271370.00,2202.30,3230.00,462.37
2008-08-12,265930.00,2200.90,3167.00,424.37
2008-08-13,260200.00,2199.50,3301.00,412.17
2008-08-14,254120.00,2197.90,3501.00,435.71
2008-08-15,247854.58,2196.30,3591.00,432.23
2008-08-16,241488.00,2194.70,3661.00,451.23
2008-08-17,235118.00,2193.00,3663.00,451.51
2008-08-18,228810.00,2191.40,3619.00,438.76
2008-08-19,222864.19,2189.80,3489.00,491.36
2008-08-20,217522.91,2188.30,3249.00,556.14
2008-08-21,212887.45,2187.10,3006.00,668.99
2008-08-22,208579.00,2185.90,2838.00,665.85
2008-08-23,204290.00,2184.80,2700.00,537.66
2008-08-24,199966.09,2183.60,2642.00,462.06
2008-08-25,195842.00,2182.40,2524.00,444.80
2008-08-26,192144.00,2181.40,2269.00,404.62
2008-08-27,188965.00,2180.50,2046.00,443.28
2008-08-28,186335.08,2179.80,1849.00,523.10
2008-08-29,183928.27,2179.10,1697.00,483.58
2008-08-30,181675.00,2178.40,1578.00,441.99
2008-08-31,179470.52,2177.80,1468.00,356.59
2008-09-01,177485.00,2177.20,1365.00,363.98
2008-09-02,175570.00,2176.70,1268.00,302.53
2008-09-03,173830.00,2176.20,1178.00,300.76
2008-09-04,172240.00,2175.70,1052.00,250.39
2008-09-05,170790.52,2175.30,944.00,213.23
2008-09-06,169585.00,2175.00,825.00,217.23
2008-09-07,168554.00,2174.70,693.00,173.21
2008-09-08,167865.00,2174.50,530.00,182.63
2008-09-09,167388.58,2174.30,385.00,144.81
2008-09-10,167184.08,2174.30,286.00,182.90
2008-09-11,167045.00,2174.20,251.00,180.88
2008-09-12,166870.00,2174.20,241.00,152.77
2008-09-13,166731.83,2174.10,237.00,167.34
2008-09-14,166562.25,2174.10,237.00,151.50
2008-09-15,166392.00,2174.00,234.00,148.17
2008-09-16,166188.00,2174.00,234.00,131.15
2008-09-17,166018.00,2173.90,234.00,148.29
2008-09-18,165848.00,2173.90,230.00,144.29
2008-09-19,165644.50,2173.80,230.00,127.40
2008-09-20,165440.00,2173.80,230.00,126.90
2008-09-21,165236.00,2173.70,230.00,127.15
2008-09-22,165134.00,2173.70,230.00,178.58
2008-09-23,164994.75,2173.60,230.00,159.80
2008-09-24,164820.17,2173.60,230.00,141.98
2008-09-25,164682.00,2173.50,230.00,160.34
2008-09-26,164444.00,2173.50,230.00,110.01
2008-09-27,164308.00,2173.40,230.00,161.43
2008-09-28,164104.00,2173.40,230.00,127.15
2008-09-29,163900.42,2173.30,230.00,127.36
2008-09-30,163662.00,2173.20,230.00,109.80
2008-10-01,163458.00,2173.20,230.00,127.15
2008-10-02,163253.67,2173.10,231.00,127.99
2008-10-03,163152.25,2173.10,232.00,180.87
2008-10-04,163050.00,2173.10,232.00,180.45
2008-10-05,163185.50,2173.10,233.00,301.31
2008-10-06,163219.58,2173.10,234.00,251.18
2008-10-07,163526.00,2173.20,232.00,386.48
2008-10-08,163696.00,2173.20,236.00,321.71
2008-10-09,163832.25,2173.30,237.00,305.69
2008-10-10,163934.50,2173.30,234.00,285.55
2008-10-11,163900.42,2173.30,235.00,217.82
2008-10-12,163832.25,2173.30,236.00,201.63
2008-10-13,163832.25,2173.30,236.00,236.00
2008-10-14,163798.17,2173.30,237.00,219.82
2008-10-15,163934.50,2173.30,242.00,310.73
2008-10-16,164070.00,2173.40,242.00,310.31
2008-10-17,164104.00,2173.40,243.00,260.14
2008-10-18,164138.00,2173.40,241.00,258.14
2008-10-19,164172.00,2173.40,245.00,262.14
2008-10-20,164478.00,2173.50,246.00,400.27
2008-10-21,164512.00,2173.50,243.00,260.14
2008-10-22,164546.00,2173.50,244.00,261.14
2008-10-23,164444.00,2173.50,243.00,191.58
2008-10-24,164444.00,2173.50,231.00,231.00
2008-10-25,164342.00,2173.40,224.00,172.58
2008-10-26,164274.00,2173.40,222.00,187.72
2008-10-27,164138.00,2173.40,221.00,152.43
2008-10-28,164035.92,2173.30,220.00,168.54
2008-10-29,163934.50,2173.30,216.00,164.87
2008-10-30,163798.17,2173.30,218.00,149.27
2008-10-31,163696.00,2173.20,221.00,169.49
2008-11-01,163628.00,2173.20,220.00,185.72
2008-11-02,163560.00,2173.20,215.00,180.72
2008-11-03,163560.00,2173.20,218.00,218.00
2008-11-04,163730.00,2173.30,213.00,298.71
2008-11-05,163832.25,2173.30,216.00,267.55
2008-11-06,164478.00,2173.50,234.00,559.56
2008-11-07,168248.17,2174.60,234.00,2134.77
2008-11-08,172694.00,2175.90,230.00,2471.41
2008-11-09,175430.00,2176.70,231.00,1610.38
2008-11-10,177345.00,2177.20,231.00,1196.47
2008-11-11,179190.00,2177.70,231.00,1161.17
2008-11-12,196463.47,2182.60,259.00,8967.58
2008-11-13,210641.00,2186.50,242.00,7389.73
2008-11-14,216366.00,2188.00,235.00,3121.31
2008-11-15,219874.00,2189.00,238.00,2006.59
2008-11-16,222524.00,2189.70,239.00,1575.02
2008-11-17,224632.00,2190.20,239.00,1301.77
2008-11-18,226360.00,2190.70,239.00,1110.19
2008-11-19,227756.19,2191.10,239.00,942.90
2008-11-20,229114.00,2191.40,239.00,923.55
2008-11-21,230178.00,2191.70,236.00,772.43
2008-11-22,231127.00,2192.00,236.00,714.45
2008-11-23,231916.00,2192.20,236.00,633.78
2008-11-24,232561.91,2192.30,236.00,561.64
2008-11-25,233170.00,2192.50,236.00,542.57
2008-11-26,233625.72,2192.60,237.00,466.76
2008-11-27,234052.00,2192.70,237.00,451.91
2008-11-28,234510.00,2192.90,237.00,467.90
2008-11-29,234852.00,2192.90,237.00,409.42
2008-11-30,235346.00,2193.10,237.00,486.05
2008-12-01,236186.00,2193.30,237.00,660.49
2008-12-02,237104.00,2193.50,234.00,696.82
2008-12-03,237988.09,2193.80,238.00,683.72
2008-12-04,238749.00,2194.00,238.00,621.62
2008-12-05,239403.81,2194.10,238.00,568.13
2008-12-06,239984.28,2194.30,238.00,530.65
2008-12-07,240830.00,2194.50,242.00,668.38
2008-12-08,241292.72,2194.60,242.00,475.28
2008-12-09,241914.28,2194.80,242.00,555.37
2008-12-10,242492.00,2194.90,242.00,533.26
2008-12-11,243035.25,2195.10,242.00,515.88
2008-12-12,243847.28,2195.30,246.00,655.39
2008-12-13,244315.00,2195.40,243.00,478.81
2008-12-14,244666.00,2195.50,243.00,419.96
2008-12-15,244900.00,2195.60,243.00,360.97
2008-12-16,244975.25,2195.60,243.00,280.94
2008-12-17,245787.28,2195.80,243.00,652.39
2008-12-18,246138.00,2195.90,243.00,419.82
2008-12-19,246333.00,2195.90,243.00,341.31
2008-12-20,246645.00,2196.00,244.00,401.30
2008-12-21,246879.09,2196.10,247.00,365.02
2008-12-22,247034.52,2196.10,247.00,325.36
2008-12-23,247151.81,2196.10,247.00,306.13
2008-12-24,247425.00,2196.20,251.00,388.73
2008-12-25,247581.00,2196.20,247.00,325.65
2008-12-26,247776.38,2196.30,247.00,345.50
2008-12-27,248439.00,2196.50,251.00,585.07
2008-12-28,248790.00,2196.60,251.00,427.96
2008-12-29,249101.81,2196.60,251.00,408.20
2008-12-30,249258.00,2196.70,251.00,329.74
2008-12-31,249609.09,2196.80,251.00,428.01
2009-01-01,250272.00,2196.90,251.00,585.21
2009-01-02,250350.00,2197.00,247.00,286.32
2009-01-03,250470.00,2197.00,251.00,311.50
2009-01-04,250789.09,2197.10,251.00,411.87
2009-01-05,251100.91,2197.10,247.00,404.21
2009-01-06,252350.00,2197.50,254.00,883.74
2009-01-07,263850.00,2200.40,286.00,6083.83
2009-01-08,282218.00,2204.90,293.00,9553.40
2009-01-09,289926.69,2206.80,282.00,4168.41
2009-01-10,294396.00,2207.90,278.00,2531.24
2009-01-11,297563.00,2208.70,278.00,1874.67
2009-01-12,300206.69,2209.30,281.00,1613.84
2009-01-13,302526.00,2209.90,284.00,1453.30
2009-01-14,304606.00,2210.40,280.00,1328.65
2009-01-15,306350.50,2210.80,280.00,1159.51
2009-01-16,307768.91,2211.10,280.00,995.10
2009-01-17,309019.00,2211.40,276.00,906.24
2009-01-18,310110.00,2211.70,276.00,826.04
2009-01-19,311076.00,2211.90,275.00,762.02
2009-01-20,311873.69,2212.10,275.00,677.16
2009-01-21,312630.50,2212.30,275.00,656.55
2009-01-22,313260.00,2212.50,278.00,595.37
2009-01-23,313847.38,2212.60,278.00,574.13
2009-01-24,314394.00,2212.70,277.00,552.58
2009-01-25,314855.78,2212.80,277.00,509.81
2009-01-26,315192.00,2212.90,277.00,446.51
2009-01-27,315822.09,2213.10,276.00,593.67
2009-01-28,316073.69,2213.10,273.00,399.85
2009-01-29,316326.00,2213.20,272.00,399.20
2009-01-30,316536.00,2213.20,276.00,381.87
2009-01-31,316788.41,2213.30,272.00,399.25
2009-02-01,316955.78,2213.30,272.00,356.38
2009-02-02,317082.00,2213.40,271.00,334.63
2009-02-03,317208.00,2213.40,271.00,334.52
2009-02-04,317334.00,2213.40,271.00,334.52
2009-02-05,317418.00,2213.40,263.00,305.35
2009-02-06,317589.00,2213.50,253.00,339.21
2009-02-07,317675.00,2213.50,245.00,288.36
2009-02-08,317847.00,2213.50,241.00,327.72
2009-02-09,317932.09,2213.60,238.00,280.90
2009-02-10,318057.38,2213.60,237.00,300.17
2009-02-11,318141.59,2213.60,233.00,275.46
2009-02-12,318183.69,2213.60,234.00,255.23
2009-02-13,318225.78,2213.60,234.00,255.22
2009-02-14,318310.00,2213.70,234.00,276.46
2009-02-15,318352.00,2213.70,231.00,252.17
2009-02-16,318352.00,2213.70,231.00,231.00
2009-02-17,318394.00,2213.70,228.00,249.17
2009-02-18,318394.00,2213.70,230.00,230.00
2009-02-19,318394.00,2213.70,228.00,228.00
2009-02-20,318352.00,2213.70,229.00,207.83
2009-02-21,318352.00,2213.70,226.00,226.00
2009-02-22,318352.00,2213.70,226.00,226.00
2009-02-23,318394.00,2213.70,226.00,247.17
2009-02-24,318646.00,2213.70,226.00,353.05
2009-02-25,318816.22,2213.80,226.00,311.82
2009-02-26,318816.22,2213.80,224.00,224.00
2009-02-27,318730.00,2213.80,224.00,180.53
2009-02-28,318730.00,2213.80,225.00,225.00
2009-03-01,318816.22,2213.80,226.00,269.47
2009-03-02,318816.22,2213.80,227.00,227.00
2009-03-03,319073.78,2213.80,227.00,356.85
2009-03-04,319202.00,2213.90,230.00,294.64
2009-03-05,319706.00,2214.00,233.00,487.10
2009-03-06,319790.00,2214.00,233.00,275.35
2009-03-07,320125.28,2214.10,230.00,399.03
2009-03-08,320167.38,2214.10,231.00,252.23
2009-03-09,320209.50,2214.10,232.00,253.24
2009-03-10,320251.59,2214.10,229.00,250.22
2009-03-11,320293.69,2214.10,233.00,254.23
2009-03-12,320209.50,2214.10,230.00,187.55
2009-03-13,320209.50,2214.10,231.00,231.00
2009-03-14,320335.78,2214.10,234.00,297.67
2009-03-15,320592.00,2214.20,231.00,360.18
2009-03-16,320635.00,2214.20,231.00,252.68
2009-03-17,320764.00,2214.20,232.00,297.04
2009-03-18,320764.00,2214.20,232.00,232.00
2009-03-19,320807.00,2214.20,232.00,253.68
2009-03-20,320850.00,2214.30,233.00,254.68
2009-03-21,320892.09,2214.30,233.00,254.22
2009-03-22,320934.22,2214.30,233.00,254.24
2009-03-23,321060.50,2214.30,233.00,296.67
2009-03-24,321528.00,2214.40,237.00,472.69
2009-03-25,321657.00,2214.40,236.00,301.04
2009-03-26,321742.00,2214.50,236.00,278.85
2009-03-27,321910.00,2214.50,235.00,319.70
2009-03-28,322078.00,2214.50,238.00,322.70
2009-03-29,322162.09,2214.60,234.00,276.39
2009-03-30,322203.19,2214.60,237.00,257.72
2009-03-31,322798.00,2214.70,240.00,539.88
2009-04-01,323180.50,2214.80,240.00,432.84
2009-04-02,323605.00,2214.90,243.00,457.02
2009-04-03,323691.00,2214.90,242.00,285.36
2009-04-04,323862.00,2215.00,242.00,328.21
2009-04-05,323988.00,2215.00,241.00,304.52
2009-04-06,324283.09,2215.10,241.00,389.77
2009-04-07,324626.91,2215.10,244.00,417.34
2009-04-08,325305.53,2215.30,240.00,582.13
2009-04-09,326284.00,2215.50,240.00,733.30
2009-04-10,327349.31,2215.80,237.00,774.09
2009-04-11,328458.00,2216.00,237.00,795.96
2009-04-12,330048.00,2216.40,237.00,1038.61
2009-04-13,331715.53,2216.80,233.00,1073.70
2009-04-14,333133.78,2217.10,234.00,949.02
2009-04-15,334332.00,2217.40,234.00,838.09
2009-04-16,335499.00,2217.70,239.00,827.35
2009-04-17,336746.00,2218.00,243.00,871.69
2009-04-18,338250.69,2218.30,248.00,1006.60
2009-04-19,339895.00,2218.70,249.00,1077.99
2009-04-20,342104.00,2219.20,253.00,1366.69
2009-04-21,345540.00,2220.00,257.00,1989.29
2009-04-22,349690.00,2221.00,262.00,2354.26
2009-04-23,353332.31,2221.80,263.00,2099.30
2009-04-24,356104.00,2222.40,267.00,1664.37
2009-04-25,358314.00,2222.90,268.00,1382.19
2009-04-26,360260.00,2223.40,269.00,1250.09
2009-04-27,362074.09,2223.80,273.00,1187.59
2009-04-28,363810.00,2224.20,274.00,1149.18
2009-04-29,365360.00,2224.50,275.00,1056.45
2009-04-30,366787.69,2224.80,276.00,995.78
2009-05-01,368124.66,2225.10,277.00,951.05
2009-05-02,369825.00,2225.50,278.00,1135.24
2009-05-03,371615.00,2225.90,275.00,1177.45
2009-05-04,373900.00,2226.40,290.00,1442.00
2009-05-05,376735.00,2227.00,306.00,1735.29
2009-05-06,379985.13,2227.80,307.00,1945.58
2009-05-07,383202.00,2228.50,308.00,1929.81
2009-05-08,385886.13,2229.10,317.00,1670.23
2009-05-09,388405.56,2229.60,313.00,1583.19
2009-05-10,390833.88,2230.10,358.00,1582.26
2009-05-11,393916.69,2230.80,367.00,1921.23
2009-05-12,397238.00,2231.50,375.00,2049.47
2009-05-13,400156.00,2232.20,416.00,1887.14
2009-05-14,402706.00,2232.70,476.00,1761.61
2009-05-15,404750.00,2233.20,618.00,1648.50
2009-05-16,406244.00,2233.50,877.00,1630.21
2009-05-17,408621.00,2234.00,1025.00,2223.39
2009-05-18,412361.34,2234.80,1363.00,3248.73
2009-05-19,416355.78,2235.60,1784.00,3797.83
2009-05-20,418152.00,2236.00,1922.00,2827.58
2009-05-21,418810.00,2236.20,1970.00,2301.74
2009-05-22,419760.00,2236.40,1918.00,2396.95
2009-05-23,421180.00,2236.70,1939.00,2654.91
2009-05-24,423361.53,2237.10,2004.00,3103.84
2009-05-25,425601.34,2237.60,2097.00,3226.22
2009-05-26,427504.00,2238.00,2207.00,3166.24
2009-05-27,428704.00,2238.20,2363.00,2967.99
2009-05-28,429750.00,2238.50,2500.00,3027.35
2009-05-29,431814.00,2238.90,2600.00,3640.58
2009-05-30,433916.81,2239.30,3178.00,4238.15
2009-05-31,434252.00,2239.40,3808.00,3976.99
2009-06-01,434348.00,2239.40,3688.00,3736.40
2009-06-02,434540.00,2239.50,3563.00,3659.80
2009-06-03,434348.00,2239.40,3530.00,3433.20
2009-06-04,434396.00,2239.40,3266.00,3290.20
2009-06-05,435167.38,2239.60,3101.00,3489.90
2009-06-06,435990.00,2239.80,3222.00,3636.73
2009-06-07,435411.75,2239.60,3189.00,2897.47
2009-06-08,435020.00,2239.60,2690.00,2492.50
2009-06-09,435069.13,2239.60,2363.00,2387.77
2009-06-10,435264.41,2239.60,2255.00,2353.45
2009-06-11,435702.00,2239.70,2201.00,2421.62
2009-06-12,435942.00,2239.70,2219.00,2340.00
2009-06-13,436470.00,2239.90,2264.00,2530.20
2009-06-14,436374.94,2239.80,2440.00,2392.07
2009-06-15,436374.94,2239.80,2282.00,2282.00
2009-06-16,436421.88,2239.80,2155.00,2178.67
2009-06-17,436278.72,2239.80,1992.00,1919.82
2009-06-18,436326.81,2239.80,1741.00,1765.25
2009-06-19,436518.00,2239.90,1580.00,1676.39
2009-06-20,436566.00,2239.90,1539.00,1563.20
2009-06-21,436421.88,2239.80,1498.00,1425.34
2009-06-22,436278.72,2239.80,1319.00,1246.82
2009-06-23,436038.13,2239.80,1199.00,1077.70
2009-06-24,435606.00,2239.70,1212.00,994.14
2009-06-25,434732.00,2239.50,1478.00,1037.36
2009-06-26,433484.00,2239.20,1645.00,1015.81
2009-06-27,432006.00,2238.90,1715.00,969.85
2009-06-28,430182.00,2238.50,1862.00,942.41
2009-06-29,428175.66,2238.10,1960.00,948.49
2009-06-30,425647.31,2237.60,2147.00,872.31
2009-07-01,422648.00,2237.00,2380.00,867.87
2009-07-02,419045.00,2236.20,2618.00,801.51
2009-07-03,415181.00,2235.40,2827.00,878.93
2009-07-04,411290.00,2234.60,2885.00,923.32
2009-07-05,407268.00,2233.70,2914.00,886.27
2009-07-06,403125.56,2232.80,2923.00,834.55
2009-07-07,398858.00,2231.90,2921.00,769.47
2009-07-08,394284.00,2230.90,3010.00,703.98
2009-07-09,389316.69,2229.80,3142.00,637.68
2009-07-10,384296.00,2228.70,3193.00,661.77
2009-07-11,379345.00,2227.60,3212.00,715.91
2009-07-12,374170.00,2226.50,3274.00,664.98
2009-07-13,369106.00,2225.30,3271.00,717.94
2009-07-14,364030.00,2224.20,3213.00,653.89
2009-07-15,358886.00,2223.00,3264.00,670.60
2009-07-16,353244.09,2221.80,3459.00,614.58
2009-07-17,347368.00,2220.40,3599.00,636.51
2009-07-18,341367.00,2219.00,3651.00,625.54
2009-07-19,335326.91,2217.60,3647.00,601.83
2009-07-20,329360.00,2216.30,3632.00,623.73
2009-07-21,323347.91,2214.80,3629.00,597.95
2009-07-22,317250.00,2213.40,3596.00,521.68
2009-07-23,310950.00,2211.90,3712.00,535.80
2009-07-24,304480.00,2210.40,3844.00,582.09
2009-07-25,298056.00,2208.80,3868.00,629.28
2009-07-26,291526.00,2207.20,3844.00,551.84
2009-07-27,285191.00,2205.70,3772.00,578.15
2009-07-28,278968.00,2204.10,3664.00,526.62
2009-07-29,273021.00,2202.70,3607.00,608.76
2009-07-30,266804.00,2201.10,3629.00,494.64
2009-07-31,260480.00,2199.50,3676.00,487.70
2009-08-01,254120.00,2197.90,3688.00,481.55
2009-08-02,247776.00,2196.30,3688.00,489.61
2009-08-03,241175.00,2194.60,3712.00,384.04
2009-08-04,234700.00,2192.90,3676.00,411.57
2009-08-05,228326.00,2191.20,3629.00,415.49
2009-08-06,221926.00,2189.50,3585.00,358.38
2009-08-07,215552.00,2187.80,3530.00,316.49
2009-08-08,209240.00,2186.10,3486.00,303.75
2009-08-09,203164.00,2184.40,3442.00,378.73
2009-08-10,197076.00,2182.80,3409.00,339.68
2009-08-11,191110.00,2181.10,3365.00,357.19
2009-08-12,185275.00,2179.50,3321.00,379.23
2009-08-13,179470.00,2177.80,3266.00,339.36
2009-08-14,173795.00,2176.20,3222.00,360.90
2009-08-15,168145.00,2174.50,3178.00,329.50
2009-08-16,162540.00,2172.90,3123.00,297.19
2009-08-17,157062.00,2171.30,3080.00,318.22
2009-08-18,151620.00,2169.70,3030.00,286.37
2009-08-19,146330.00,2168.10,2970.00,303.00
2009-08-20,141142.00,2166.50,2900.00,284.42
2009-08-21,136100.00,2164.90,2840.00,298.03
2009-08-22,131182.00,2163.40,2770.00,290.54
2009-08-23,126296.00,2161.80,2720.00,256.68
2009-08-24,121678.00,2160.30,2600.00,271.79
2009-08-25,117260.00,2158.90,2440.00,212.62
2009-08-26,113110.00,2157.50,2345.00,252.74
2009-08-27,109260.00,2156.30,2165.00,223.99
2009-08-28,105720.00,2155.10,1985.00,200.28
2009-08-29,102420.00,2154.00,1851.00,187.27
2009-08-30,99452.00,2152.90,1691.00,194.66
2009-08-31,96707.00,2152.00,1564.00,180.08
2009-09-01,94223.72,2151.10,1389.00,137.03
2009-09-02,91986.48,2150.30,1289.00,161.07
2009-09-03,90071.93,2149.60,1136.00,170.76
2009-09-04,88280.00,2149.00,1025.00,121.58
2009-09-05,86939.00,2148.50,880.00,203.92
2009-09-06,85938.00,2148.20,728.00,223.34
2009-09-07,85388.00,2148.00,553.00,275.71
2009-09-08,85192.00,2147.90,420.00,321.18
2009-09-09,85108.00,2147.90,293.00,250.65
2009-09-10,85220.00,2147.90,199.00,255.47
2009-09-11,85248.00,2147.90,184.00,198.12
2009-09-12,85220.00,2147.90,185.00,170.88
2009-09-13,85136.00,2147.90,182.00,139.65
2009-09-14,85026.53,2147.80,186.00,130.81
2009-09-15,84945.33,2147.80,192.00,151.06
2009-09-16,84810.00,2147.80,193.00,124.77
2009-09-17,84558.00,2147.70,191.00,63.95
2009-09-18,84473.86,2147.60,191.00,148.58
2009-09-19,84389.66,2147.60,189.00,146.55
2009-09-20,84169.00,2147.50,189.00,77.75
2009-09-21,84061.00,2147.50,190.00,135.55
2009-09-22,83924.00,2147.40,184.00,114.93
2009-09-23,83756.00,2147.40,185.00,100.30
2009-09-24,83592.40,2147.30,186.00,103.52
2009-09-25,83430.00,2147.30,186.00,104.12
2009-09-26,83262.00,2147.20,184.00,99.30
2009-09-27,83041.73,2147.10,187.00,75.95
2009-09-28,82880.00,2147.10,188.00,106.46
2009-09-29,82740.00,2147.00,185.00,114.42
2009-09-30,82492.00,2146.90,186.00,60.97
2009-10-01,82357.00,2146.90,186.00,111.97
2009-10-02,82168.27,2146.80,186.00,84.85
2009-10-03,82004.00,2146.70,187.00,97.18
2009-10-04,81864.00,2146.70,187.00,109.42
2009-10-05,81671.73,2146.60,188.00,83.07
2009-10-06,81510.00,2146.60,188.00,96.97
2009-10-07,81294.00,2146.50,186.00,68.72
2009-10-08,81132.00,2146.40,186.00,95.32
2009-10-09,80914.55,2146.30,186.00,67.37
2009-10-10,80690.00,2146.30,190.00,65.49
2009-10-11,80447.00,2146.20,190.00,57.49
2009-10-12,80231.20,2146.10,191.00,71.20
2009-10-13,80069.00,2146.00,191.00,98.23
2009-10-14,79961.00,2146.00,189.00,123.72
2009-10-15,79826.00,2145.90,189.00,108.94
2009-10-16,79691.00,2145.90,189.00,110.02
2009-10-17,79691.00,2145.90,193.00,180.00
2009-10-18,79934.00,2146.00,193.00,302.51
2009-10-19,80338.80,2146.10,193.00,384.09
2009-10-20,80609.00,2146.20,193.00,316.22
2009-10-21,80858.41,2146.30,194.00,305.75
2009-10-22,80941.93,2146.30,194.00,222.11
2009-10-23,81537.06,2146.60,194.00,480.77
2009-10-24,83041.73,2147.10,195.00,938.61
2009-10-25,84061.00,2147.50,195.00,694.52
2009-10-26,86330.34,2148.30,202.00,1329.07
2009-10-27,88559.66,2149.10,203.00,1309.24
2009-10-28,89848.07,2149.60,203.00,835.58
2009-10-29,90772.00,2149.90,203.00,652.30
2009-10-30,93060.00,2150.70,207.00,1342.55
2009-10-31,98494.65,2152.60,208.00,2928.69
2009-11-01,102043.50,2153.80,204.00,1976.06
2009-11-02,104040.00,2154.50,208.00,1194.58
2009-11-03,105399.00,2155.00,209.00,874.10
2009-11-04,106376.28,2155.30,209.00,681.74
2009-11-05,107323.72,2155.60,195.00,663.82
2009-11-06,108400.00,2156.00,180.00,722.89
2009-11-07,109620.00,2156.40,183.00,797.38
2009-11-08,110640.00,2156.70,183.00,697.25
2009-11-09,111510.00,2157.00,183.00,621.63
2009-11-10,112330.22,2157.30,183.00,596.53
2009-11-11,113050.00,2157.50,183.00,545.89
2009-11-12,113690.00,2157.70,183.00,505.67
2009-11-13,114390.00,2158.00,183.00,535.92
2009-11-14,114876.77,2158.10,183.00,428.42
2009-11-15,115363.23,2158.30,183.00,428.25
2009-11-16,115850.00,2158.40,183.00,428.42
2009-11-17,116924.30,2158.80,183.00,724.63
2009-11-18,118030.00,2159.20,186.00,742.72
2009-11-19,119383.55,2159.60,183.00,866.21
2009-11-20,120469.00,2159.90,183.00,730.25
2009-11-21,121151.00,2160.20,183.00,526.84
2009-11-22,122143.00,2160.50,183.00,683.13
2009-11-23,122887.00,2160.70,183.00,558.52
2009-11-24,123920.00,2161.10,186.00,706.80
2009-11-25,125077.00,2161.40,183.00,765.13
2009-11-26,126484.00,2161.90,180.00,889.36
2009-11-27,128118.00,2162.40,180.00,1003.81
2009-11-28,129570.00,2162.90,180.00,912.05
2009-11-29,130840.00,2163.30,183.00,823.25
2009-11-30,132077.92,2163.60,183.00,807.12
2009-12-01,133188.00,2164.00,183.00,742.66
2009-12-02,134180.39,2164.30,183.00,683.33
2009-12-03,135012.08,2164.60,183.00,602.31
2009-12-04,135780.39,2164.80,183.00,570.36
2009-12-05,136420.00,2165.00,183.00,505.47
2009-12-06,137032.00,2165.20,186.00,494.03
2009-12-07,137486.63,2165.30,186.00,415.21
2009-12-08,137517.92,2165.30,186.00,201.78
2009-12-09,137870.00,2165.50,186.00,363.51
2009-12-10,138520.00,2165.70,186.00,513.71
2009-12-11,138744.00,2165.70,186.00,298.93
2009-12-12,139000.39,2165.80,186.00,315.26
2009-12-13,139226.00,2165.90,186.00,299.74
2009-12-14,139714.00,2166.00,186.00,432.03
2009-12-15,140172.00,2166.20,186.00,416.91
2009-12-16,140524.16,2166.30,186.00,363.55
2009-12-17,140747.92,2166.30,186.00,298.82
2009-12-18,140978.00,2166.40,189.00,303.79
2009-12-19,141302.00,2166.50,189.00,352.35
2009-12-20,141693.84,2166.60,189.00,386.55
2009-12-21,142113.08,2166.80,189.00,400.36
2009-12-22,142509.00,2166.90,189.00,388.61
2009-12-23,142868.00,2167.00,189.00,370.00
2009-12-24,143159.23,2167.10,189.00,335.83
2009-12-25,143489.00,2167.20,189.00,355.26
2009-12-26,143687.00,2167.20,189.00,288.83
2009-12-27,143912.47,2167.30,189.00,302.67
2009-12-28,144139.00,2167.40,189.00,303.21
2009-12-29,144337.00,2167.40,189.00,288.83
2009-12-30,144568.00,2167.50,189.00,305.46
2009-12-31,144987.92,2167.60,189.00,400.71
2010-01-01,145317.00,2167.70,189.00,354.91
2010-01-02,145614.64,2167.80,189.00,339.06
2010-01-03,145878.00,2167.90,189.00,321.78
2010-01-04,146396.16,2168.10,189.00,450.24
2010-01-05,146990.00,2168.30,186.00,484.69
2010-01-06,147518.00,2168.40,183.00,447.78
2010-01-07,148046.16,2168.60,183.00,449.28
2010-01-08,148640.00,2168.80,183.00,482.40
2010-01-09,149201.00,2168.90,182.00,465.84
2010-01-10,149564.00,2169.00,182.00,366.01
2010-01-11,149993.00,2169.20,182.00,399.29
2010-01-12,150488.48,2169.30,182.00,432.81
2010-01-13,151115.00,2169.50,181.00,498.87
2010-01-14,152049.23,2169.80,181.00,654.01
2010-01-15,152983.08,2170.10,181.00,654.55
2010-01-16,153814.50,2170.30,183.00,604.50
2010-01-17,154719.23,2170.60,180.00,640.18
2010-01-18,155554.64,2170.80,180.00,604.18
2010-01-19,156392.25,2171.10,180.00,603.87
2010-01-20,157198.58,2171.30,176.00,586.52
2010-01-21,157970.00,2171.60,176.00,568.97
2010-01-22,158674.08,2171.80,179.00,537.97
2010-01-23,159286.00,2171.90,179.00,491.51
2010-01-24,160034.00,2172.20,178.00,560.12
2010-01-25,160636.92,2172.30,178.00,486.97
2010-01-26,161112.00,2172.50,178.00,422.52
2010-01-27,161587.75,2172.60,177.00,422.86
2010-01-28,161962.00,2172.70,177.00,371.68
2010-01-29,162370.00,2172.90,177.00,388.70
2010-01-30,162778.00,2173.00,177.00,388.70
2010-01-31,163118.17,2173.10,176.00,354.50
2010-02-01,163458.00,2173.20,176.00,354.33
2010-02-02,163730.00,2173.30,176.00,320.13
2010-02-03,164002.67,2173.30,175.00,320.47
2010-02-04,164274.00,2173.40,175.00,319.79
2010-02-05,164614.00,2173.50,175.00,355.53
2010-02-06,164959.66,2173.60,178.00,360.27
2010-02-07,165270.00,2173.70,177.00,342.47
2010-02-08,165508.17,2173.80,177.00,304.72
2010-02-09,165814.00,2173.90,171.00,335.17
2010-02-10,166086.00,2173.90,171.00,317.13
2010-02-11,166494.08,2174.10,170.00,385.74
2010-02-12,166940.00,2174.20,170.00,404.82
2010-02-13,167354.50,2174.30,170.00,388.98
2010-02-14,167796.00,2174.40,169.00,402.59
2010-02-15,168315.50,2174.60,169.00,441.91
2010-02-16,168965.25,2174.80,169.00,507.58
2010-02-17,169585.00,2175.00,172.00,494.97
2010-02-18,170137.75,2175.10,171.00,461.68
2010-02-19,170685.25,2175.30,171.00,459.03
2010-02-20,171168.00,2175.40,171.00,426.39
2010-02-21,171620.00,2175.60,171.00,410.88
2010-02-22,172030.00,2175.70,171.00,389.71
2010-02-23,172485.42,2175.80,177.00,410.16
2010-02-24,172898.00,2175.90,183.00,388.01
2010-02-25,173280.00,2176.00,183.00,372.59
2010-02-26,173795.00,2176.20,183.00,439.65
2010-02-27,174215.42,2176.30,183.00,391.96
2010-02-28,174628.00,2176.40,183.00,388.01
2010-03-01,175080.00,2176.60,183.00,407.88
2010-03-02,175745.00,2176.70,183.00,515.27
2010-03-03,176610.00,2177.00,183.00,616.10
2010-03-04,177588.17,2177.30,186.00,675.65
2010-03-05,178525.00,2177.50,186.00,655.32
2010-03-06,179365.25,2177.80,186.00,607.74
2010-03-07,180205.00,2178.00,189.00,609.37
2010-03-08,181010.00,2178.30,183.00,588.51
2010-03-09,181745.00,2178.50,177.00,550.56
2010-03-10,182420.00,2178.70,177.00,520.31
2010-03-11,183190.00,2178.90,177.00,568.21
2010-03-12,183856.09,2179.10,177.00,515.82
2010-03-13,184460.00,2179.20,177.00,484.47
2010-03-14,184952.00,2179.40,177.00,428.05
2010-03-15,185450.00,2179.50,177.00,431.08
2010-03-16,185869.83,2179.60,177.00,391.66
2010-03-17,186440.34,2179.80,177.00,467.64
2010-03-18,186866.00,2179.90,177.00,394.60
2010-03-19,187360.00,2180.10,177.00,429.06
2010-03-20,187792.00,2180.20,177.00,397.80
2010-03-21,188325.59,2180.30,177.00,449.02
2010-03-22,188965.00,2180.50,177.00,502.37
2010-03-23,189608.00,2180.70,177.00,504.18
2010-03-24,190325.00,2180.90,177.00,541.49
2010-03-25,191073.47,2181.10,177.00,557.35
2010-03-26,192036.00,2181.40,177.00,665.28
2010-03-27,192863.47,2181.60,177.00,597.49
2010-03-28,193800.00,2181.90,177.00,652.87
2010-03-29,195122.00,2182.20,180.00,849.51
2010-03-30,195878.00,2182.40,316.00,709.06
2010-03-31,196535.64,2182.60,320.00,663.33
2010-04-01,197363.91,2182.80,177.00,598.19
2010-04-02,198299.56,2183.10,177.00,651.43
2010-04-03,199056.53,2183.30,174.00,558.64
2010-04-04,199642.00,2183.50,177.00,474.05
2010-04-05,200438.00,2183.70,174.00,579.16
2010-04-06,201056.00,2183.90,174.00,488.58
2010-04-07,201344.00,2183.90,323.00,480.50
2010-04-08,202035.81,2184.10,282.00,643.83
2010-04-09,202766.72,2184.30,173.00,546.72
2010-04-10,203272.00,2184.50,176.00,434.75
2010-04-11,203818.73,2184.60,176.00,455.65
2010-04-12,204290.00,2184.80,172.00,415.74
2010-04-13,204549.64,2184.80,273.00,419.61
2010-04-14,204696.00,2184.90,361.00,444.48
2010-04-15,205279.00,2185.00,210.00,511.84
2010-04-16,205976.00,2185.20,171.00,528.40
2010-04-17,207183.00,2185.50,171.00,786.90
2010-04-18,208912.00,2186.00,174.00,1051.44
2010-04-19,211151.73,2186.60,174.00,1309.20
2010-04-20,214774.55,2187.60,174.00,2006.50
2010-04-21,219911.00,2189.00,176.00,2771.65
2010-04-22,224141.64,2190.10,176.00,2317.15
2010-04-23,227680.00,2191.10,176.00,1966.89
2010-04-24,230634.75,2191.80,173.00,1670.36
2010-04-25,233170.00,2192.50,175.00,1461.19
2010-04-26,235346.19,2193.10,175.00,1280.16
2010-04-27,237833.00,2193.70,175.00,1436.77
2010-04-28,240289.00,2194.40,175.00,1421.23
2010-04-29,242687.00,2195.00,174.00,1391.99
2010-04-30,244627.00,2195.50,174.00,1161.16
2010-05-01,246294.00,2195.90,276.00,1130.15
2010-05-02,247932.77,2196.30,300.00,1137.64
2010-05-03,250550.00,2197.00,279.00,1607.53
2010-05-04,252630.00,2197.50,279.00,1338.17
2010-05-05,254240.00,2197.90,279.00,1101.21
2010-05-06,255460.00,2198.30,356.00,985.03
2010-05-07,256445.00,2198.50,385.00,883.93
2010-05-08,257547.28,2198.80,304.00,860.98
2010-05-09,258775.42,2199.10,265.00,883.08
2010-05-10,260080.00,2199.40,251.00,908.73
2010-05-11,261590.48,2199.80,223.00,985.58
2010-05-12,263653.66,2200.30,199.00,1238.65
2010-05-13,266530.00,2201.00,199.00,1648.66
2010-05-14,270170.00,2202.00,199.00,2033.67
2010-05-15,274959.91,2203.10,199.00,2613.41
2010-05-16,280752.19,2204.60,199.00,3120.40
2010-05-17,287764.41,2206.30,202.00,3737.44
2010-05-18,295995.50,2208.30,206.00,4353.80
2010-05-19,303066.00,2210.00,206.00,3770.25
2010-05-20,309270.00,2211.50,206.00,3333.95
2010-05-21,313638.00,2212.50,209.00,2411.20
2010-05-22,316914.72,2213.30,209.00,1861.01
2010-05-23,319580.00,2214.00,209.00,1552.75
2010-05-24,321868.00,2214.50,209.00,1362.53
2010-05-25,323862.00,2215.00,258.00,1263.91
2010-05-26,326413.09,2215.60,328.00,1612.24
2010-05-27,329618.63,2216.30,255.00,1870.17
2010-05-28,333176.91,2217.10,213.00,2006.47
2010-05-29,336574.00,2217.90,213.00,1926.17
2010-05-30,339680.00,2218.70,216.00,1781.94
2010-05-31,343054.00,2219.40,216.00,1917.06
2010-06-01,346888.63,2220.30,216.00,2149.29
2010-06-02,352452.31,2221.60,220.00,3022.83
2010-06-03,359730.00,2223.20,220.00,3888.61
2010-06-04,365448.00,2224.50,220.00,3102.33
2010-06-05,370409.78,2225.60,223.00,2722.93
2010-06-06,375250.00,2226.70,223.00,2663.11
2010-06-07,380075.34,2227.80,220.00,2652.44
2010-06-08,384750.66,2228.80,230.00,2586.24
2010-06-09,390328.00,2230.00,230.00,3041.97
2010-06-10,396272.78,2231.30,227.00,3225.01
2010-06-11,400805.56,2232.30,230.00,2513.66
2010-06-12,405542.78,2233.30,230.00,2618.31
2010-06-13,410867.00,2234.50,230.00,2913.66
2010-06-14,416167.31,2235.60,234.00,2902.42
2010-06-15,420089.00,2236.40,337.00,2312.09
2010-06-16,422792.00,2237.00,494.00,1840.33
2010-06-17,424884.00,2237.40,527.00,1560.86
2010-06-18,426937.00,2237.90,532.00,1541.77
2010-06-19,429088.72,2238.30,538.00,1591.22
2010-06-20,431670.00,2238.90,543.00,1809.37
2010-06-21,434252.00,2239.40,730.00,1986.81
2010-06-22,435654.00,2239.70,1455.00,2120.59
2010-06-23,436470.00,2239.90,2092.00,2403.48
2010-06-24,436421.88,2239.80,2440.00,2435.58
2010-06-25,436230.59,2239.80,2454.00,2365.82
2010-06-26,436278.72,2239.80,2182.00,2206.28
2010-06-27,436326.81,2239.80,1997.00,2016.47
2010-06-28,436518.00,2239.90,1874.00,1964.72
2010-06-29,436662.00,2239.90,1869.00,1929.26
2010-06-30,436470.00,2239.90,1717.00,1614.63
2010-07-01,436182.47,2239.80,1496.00,1338.54
2010-07-02,435750.00,2239.70,1411.00,1176.42
2010-07-03,434732.00,2239.50,1607.00,1072.05
2010-07-04,433148.00,2239.20,1880.00,1053.03
2010-07-05,431478.72,2238.80,1973.00,1101.03
2010-07-06,429280.00,2238.40,2238.00,1089.01
2010-07-07,426506.25,2237.80,2596.00,1157.30
2010-07-08,423790.00,2237.20,2740.00,1315.61
2010-07-09,421650.00,2236.80,2513.00,1472.49
2010-07-10,419948.00,2236.40,2395.00,1578.94
2010-07-11,418293.00,2236.00,2458.00,1665.92
2010-07-12,416497.00,2235.70,2411.00,1548.44
2010-07-13,414241.00,2235.20,2433.00,1337.36
2010-07-14,411008.00,2234.50,2676.00,1081.85
2010-07-15,407033.88,2233.60,2969.00,991.74
2010-07-16,402660.00,2232.70,3146.00,973.57
2010-07-17,398076.00,2231.70,3259.00,982.05
2010-07-18,393364.00,2230.70,3284.00,933.10
2010-07-19,388680.00,2229.70,3276.00,935.36
2010-07-20,383794.44,2228.60,3323.00,876.31
2010-07-21,378580.00,2227.50,3480.00,864.67
2010-07-22,373225.13,2226.30,3571.00,883.36
2010-07-23,367678.00,2225.00,3596.00,809.23
2010-07-24,362206.44,2223.80,3565.00,812.10
2010-07-25,356764.09,2222.60,3512.00,774.52
2010-07-26,351220.53,2221.30,3535.00,741.54
2010-07-27,345496.00,2220.00,3592.00,706.90
2010-07-28,339895.00,2218.70,3650.00,829.54
2010-07-29,333564.00,2217.20,3652.00,458.77
2010-07-30,327650.00,2215.90,3631.00,642.49
2010-07-31,321742.00,2214.50,3622.00,638.81
2010-08-01,315738.00,2213.00,3613.00,575.40
2010-08-02,309900.00,2211.70,3537.00,592.00
2010-08-03,304312.63,2210.30,3440.00,610.54
2010-08-04,298344.00,2208.90,3574.00,550.05
2010-08-05,292420.00,2207.40,3587.00,583.65
2010-08-06,286411.00,2206.00,3622.00,574.45
2010-08-07,280260.00,2204.50,3670.00,553.43
2010-08-08,274150.00,2202.90,3603.00,508.44
2010-08-09,268080.00,2201.40,3561.00,476.64
2010-08-10,262024.00,2199.90,3563.00,487.08
2010-08-11,255810.91,2198.30,3552.00,393.50
2010-08-12,249726.38,2196.80,3519.00,424.17
2010-08-13,243730.00,2195.30,3497.00,453.14
2010-08-14,237638.00,2193.70,3530.00,438.22
2010-08-15,231498.09,2192.10,3552.00,434.75
2010-08-16,225382.00,2190.40,3541.00,437.76
2010-08-17,219309.64,2188.80,3497.00,417.41
2010-08-18,213110.00,2187.20,3530.00,377.88
2010-08-19,206887.00,2185.50,3541.00,386.67
2010-08-20,200732.17,2183.80,3501.00,377.67
2010-08-21,194729.66,2182.10,3417.00,382.16
2010-08-22,188754.00,2180.40,3333.00,324.60
2010-08-23,183120.00,2178.90,3227.00,348.47
2010-08-24,177622.25,2177.30,3100.00,303.26
2010-08-25,172415.25,2175.80,2973.00,322.82
2010-08-26,167388.58,2174.30,2826.00,273.90
2010-08-27,162778.00,2173.00,2690.00,358.78
2010-08-28,158343.00,2171.70,2559.00,323.81
2010-08-29,154082.00,2170.40,2428.00,292.89
2010-08-30,150191.00,2169.20,2235.00,292.93
2010-08-31,146593.84,2168.10,1937.00,156.57
2010-09-01,144040.00,2167.40,1637.00,385.73
2010-09-02,141952.00,2166.70,1420.00,410.42
2010-09-03,140040.77,2166.10,1251.00,334.48
2010-09-04,138354.59,2165.60,1096.00,298.76
2010-09-05,136900.00,2165.20,933.00,255.98
2010-09-06,135780.39,2164.80,787.00,278.81
2010-09-07,135139.61,2164.60,650.00,384.21
2010-09-08,135044.16,2164.60,501.00,487.64
2010-09-09,135203.77,2164.60,366.00,459.51
2010-09-10,135492.00,2164.70,251.00,389.02
2010-09-11,135748.31,2164.80,223.00,323.01
2010-09-12,135876.63,2164.80,223.00,258.77
2010-09-13,135940.00,2164.90,223.00,225.87
2010-09-14,135972.00,2164.90,223.00,209.99
2010-09-15,136004.00,2164.90,223.00,210.90
2010-09-16,135620.00,2164.80,209.00,205.00
2010-09-17,135812.47,2164.80,189.00,286.04
2010-09-18,136068.00,2164.90,190.00,317.83
2010-09-19,136452.00,2165.00,193.00,385.98
2010-09-20,136999.00,2165.20,193.00,469.26
2010-09-21,137966.00,2165.50,194.00,680.94
2010-09-22,138744.00,2165.70,194.00,584.98
2010-09-23,139292.00,2165.90,195.00,468.28
2010-09-24,139810.00,2166.10,195.00,453.16
2010-09-25,140236.00,2166.20,196.00,406.78
2010-09-26,140652.47,2166.30,196.00,401.97
2010-09-27,140945.00,2166.40,197.00,339.48
2010-09-28,141238.00,2166.50,201.00,344.61
2010-09-29,141594.59,2166.60,208.00,383.15
2010-09-30,142080.00,2166.80,205.00,443.08
2010-10-01,142245.00,2166.80,202.00,285.19
2010-10-02,142377.00,2166.80,199.00,265.55
2010-10-03,142476.00,2166.90,199.00,248.91
2010-10-04,142476.00,2166.90,199.00,199.00
2010-10-05,142509.00,2166.90,199.00,215.64
2010-10-06,142509.00,2166.90,199.00,199.00
2010-10-07,142443.00,2166.90,196.00,162.73
2010-10-08,142410.00,2166.90,196.00,179.36
2010-10-09,142608.00,2166.90,197.00,296.82
2010-10-10,143323.84,2167.10,197.00,557.90
2010-10-11,144238.00,2167.40,197.00,657.88
2010-10-12,144859.61,2167.60,197.00,510.39
2010-10-13,145284.00,2167.70,197.00,410.96
2010-10-14,145613.84,2167.80,198.00,364.29
2010-10-15,145779.00,2167.90,194.00,277.27
2010-10-16,145944.00,2167.90,198.00,281.19
2010-10-17,146042.00,2168.00,195.00,244.41
2010-10-18,146074.00,2168.00,195.00,211.13
2010-10-19,146106.00,2168.00,195.00,211.13
2010-10-20,146138.00,2168.00,195.00,211.13
2010-10-21,146138.00,2168.00,196.00,196.00
2010-10-22,146106.00,2168.00,196.00,179.87
2010-10-23,146010.00,2168.00,197.00,148.60
2010-10-24,146330.00,2168.10,197.00,358.33
2010-10-25,146792.00,2168.20,194.00,426.92
2010-10-26,147353.00,2168.40,195.00,477.83
2010-10-27,147782.00,2168.50,195.00,411.28
2010-10-28,148210.77,2168.60,196.00,412.17
2010-10-29,148640.00,2168.80,196.00,412.40
2010-10-30,149102.00,2168.90,197.00,429.92
2010-10-31,149630.00,2169.10,197.00,463.20
2010-11-01,151115.00,2169.50,198.00,946.68
2010-11-02,154620.00,2170.60,202.00,1969.08
2010-11-03,156960.00,2171.30,202.00,1381.73
2010-11-04,158640.00,2171.80,203.00,1049.99
2010-11-05,160034.00,2172.20,203.00,905.80
2010-11-06,161350.00,2172.60,204.00,867.47
2010-11-07,163084.08,2173.10,204.00,1078.25
2010-11-08,164580.00,2173.50,205.00,959.18
2010-11-09,165882.00,2173.90,209.00,865.42
2010-11-10,166905.00,2174.20,205.00,720.75
2010-11-11,167830.00,2174.50,206.00,672.35
2010-11-12,168485.92,2174.60,206.00,536.69
2010-11-13,169139.83,2174.80,210.00,539.67
2010-11-14,169934.08,2175.10,206.00,606.43
2010-11-15,170580.00,2175.30,207.00,532.65
2010-11-16,173587.75,2176.10,210.00,1726.39
2010-11-17,175984.50,2176.80,211.00,1419.34
2010-11-18,177792.67,2177.30,207.00,1118.61
2010-11-19,179190.00,2177.70,207.00,911.48
2010-11-20,180380.17,2178.10,208.00,808.04
2010-11-21,181430.00,2178.40,208.00,737.28
2010-11-22,182490.00,2178.70,208.00,742.41
2010-11-23,183155.00,2178.90,205.00,540.27
2010-11-24,183820.00,2179.10,223.00,558.27
2010-11-25,184320.00,2179.20,233.00,485.08
2010-11-26,184916.00,2179.40,233.00,533.48
2010-11-27,185345.00,2179.50,237.00,453.28
2010-11-28,185695.25,2179.60,237.00,413.58
2010-11-29,186012.00,2179.70,223.00,382.69
2010-11-30,186758.00,2179.90,216.00,592.10
2010-12-01,187045.00,2180.00,212.00,356.69
2010-12-02,187360.00,2180.10,209.00,367.81
2010-12-03,187575.64,2180.10,209.00,317.72
2010-12-04,187792.00,2180.20,209.00,318.08
2010-12-05,188008.00,2180.20,209.00,317.90
2010-12-06,188044.00,2180.20,209.00,227.15
2010-12-07,188185.25,2180.30,209.00,280.21
2010-12-08,188466.00,2180.40,205.00,346.54
2010-12-09,189176.09,2180.60,202.00,560.00
2010-12-10,189355.64,2180.60,202.00,292.52
2010-12-11,190112.61,2180.80,202.00,583.63
2010-12-12,191640.00,2181.30,205.00,975.05
2010-12-13,197436.00,2182.90,205.00,3127.11
2010-12-14,202326.00,2184.20,205.00,2670.34
2010-12-15,205501.27,2185.10,205.00,1805.84
2010-12-16,207806.00,2185.70,205.00,1366.95
2010-12-17,209605.00,2186.20,205.00,1111.98
2010-12-18,211079.56,2186.60,205.00,948.41
2010-12-19,212333.00,2186.90,205.00,836.93
2010-12-20,213443.00,2187.20,205.00,764.62
2010-12-21,214368.00,2187.50,205.00,671.35
2010-12-22,215219.00,2187.70,205.00,634.04
2010-12-23,215996.00,2187.90,205.00,596.73
2010-12-24,216705.72,2188.10,209.00,566.81
2010-12-25,217375.45,2188.30,209.00,546.65
2010-12-26,217930.00,2188.50,209.00,488.58
2010-12-27,218717.00,2188.70,209.00,605.77
2010-12-28,219235.45,2188.80,209.00,470.38
2010-12-29,219724.00,2188.90,209.00,455.31
2010-12-30,220133.00,2189.00,209.00,415.20
2010-12-31,220317.45,2189.10,222.00,314.99
2011-01-01,220502.91,2189.10,229.00,322.50
2011-01-02,220654.00,2189.20,225.00,301.17
2011-01-03,220844.00,2189.20,221.00,316.79
2011-01-04,221031.27,2189.30,216.00,310.41
2011-01-05,221401.00,2189.40,212.00,398.40
2011-01-06,221888.00,2189.50,208.00,453.53
2011-01-07,222676.00,2189.70,208.00,605.28
2011-01-08,223426.00,2189.90,203.00,581.12
2011-01-09,224215.81,2190.10,199.00,597.19
2011-01-10,224781.27,2190.30,192.00,477.08
2011-01-11,225268.00,2190.40,186.00,431.39
2011-01-12,226132.91,2190.60,179.00,615.05
2011-01-13,226958.00,2190.90,173.00,588.98
2011-01-14,229646.19,2191.60,172.00,1527.28
2011-01-15,233701.91,2192.60,172.00,2216.73
2011-01-16,246918.19,2196.10,189.00,6852.11
2011-01-17,267400.09,2201.30,192.00,10518.14
2011-01-18,276538.00,2203.50,183.00,4789.96
2011-01-19,281644.41,2204.80,192.00,2766.44
2011-01-20,285191.00,2205.70,198.00,1986.05
2011-01-21,288615.00,2206.50,202.00,1928.24
2011-01-22,291485.00,2207.20,205.00,1651.94
2011-01-23,293945.50,2207.80,202.00,1442.48
2011-01-24,296284.00,2208.40,202.00,1380.98
2011-01-25,298762.00,2209.00,202.00,1451.31
2011-01-26,301034.00,2209.50,205.00,1350.45
2011-01-27,303148.00,2210.00,202.00,1267.79
2011-01-28,305146.00,2210.50,202.00,1209.31
2011-01-29,307400.00,2211.10,205.00,1341.38
2011-01-30,309438.00,2211.50,202.00,1229.48
2011-01-31,311202.00,2212.00,205.00,1094.34
2011-02-01,312673.00,2212.30,209.00,950.62
2011-02-02,314016.00,2212.60,209.00,886.09
2011-02-03,315402.00,2213.00,209.00,907.76
2011-02-04,317847.00,2213.50,212.00,1444.67
2011-02-05,320294.00,2214.10,216.00,1449.68
2011-02-06,322884.00,2214.70,216.00,1521.77
2011-02-07,325306.00,2215.30,223.00,1444.07
2011-02-08,327220.00,2215.80,223.00,1187.96
2011-02-09,328930.00,2216.20,223.00,1085.11
2011-02-10,330941.00,2216.60,216.00,1229.86
2011-02-11,331629.31,2216.80,209.00,556.02
2011-02-12,332833.09,2217.10,209.00,815.90
2011-02-13,334332.00,2217.40,209.00,964.69
2011-02-14,335585.00,2217.70,212.00,843.71
2011-02-15,336660.00,2218.00,212.00,753.97
2011-02-16,337692.00,2218.20,212.00,732.29
2011-02-17,338600.00,2218.40,212.00,669.78
2011-02-18,339379.31,2218.60,212.00,604.90
2011-02-19,340067.00,2218.70,216.00,562.71
2011-02-20,340716.00,2218.90,216.00,543.20
2011-02-21,341195.00,2219.00,216.00,457.49
2011-02-22,342280.00,2219.30,216.00,763.01
2011-02-23,342968.00,2219.40,219.00,565.86
2011-02-24,343492.00,2219.50,216.00,480.18
2011-02-25,343794.47,2219.60,219.00,371.49
2011-02-26,344186.00,2219.70,219.00,416.39
2011-02-27,344880.00,2219.90,219.00,568.89
2011-02-28,345672.00,2220.00,216.00,615.29
2011-03-01,346234.00,2220.20,216.00,499.34
2011-03-02,346630.00,2220.30,219.00,418.65
2011-03-03,347016.91,2220.30,219.00,414.06
2011-03-04,347236.00,2220.40,219.00,329.46
2011-03-05,347544.00,2220.50,219.00,374.28
2011-03-06,347764.00,2220.50,219.00,329.92
2011-03-07,347896.00,2220.50,216.00,282.55
2011-03-08,348203.56,2220.60,216.00,371.06
2011-03-09,348595.00,2220.70,215.00,412.35
2011-03-10,349250.00,2220.90,217.00,547.22
2011-03-11,349646.00,2220.90,216.00,415.65
2011-03-12,349954.00,2221.00,215.00,370.28
2011-03-13,350387.59,2221.10,214.00,432.60
2011-03-14,350604.00,2221.20,213.00,322.11
2011-03-15,351088.22,2221.30,216.00,460.12
2011-03-16,351484.00,2221.40,211.00,410.54
2011-03-17,351924.00,2221.50,214.00,435.83
2011-03-18,352583.56,2221.60,213.00,545.52
2011-03-19,352892.00,2221.70,212.00,367.50
2011-03-20,353288.22,2221.80,211.00,410.76
2011-03-21,353552.88,2221.80,210.00,343.43
2011-03-22,353860.00,2221.90,209.00,363.84
2011-03-23,354124.00,2222.00,208.00,341.10
2011-03-24,354520.00,2222.10,207.00,406.65
2011-03-25,355092.00,2222.20,209.00,497.38
2011-03-26,355576.44,2222.30,214.00,458.23
2011-03-27,356104.00,2222.40,219.00,484.97
2011-03-28,356456.00,2222.50,223.00,400.46
2011-03-29,357204.00,2222.70,232.00,609.11
2011-03-30,360656.00,2223.40,261.00,2001.36
2011-03-31,370095.13,2225.60,287.00,5045.83
2011-04-01,377139.78,2227.10,302.00,3853.63
2011-04-02,382246.13,2228.30,447.00,3021.41
2011-04-03,385252.00,2228.90,526.00,2041.44
2011-04-04,387486.00,2229.40,643.00,1769.29
2011-04-05,388451.66,2229.60,968.00,1454.85
2011-04-06,388313.31,2229.60,1269.00,1199.25
2011-04-07,387716.00,2229.50,1311.00,1009.86
2011-04-08,386850.22,2229.30,1311.00,874.51
2011-04-09,385932.22,2229.10,1297.00,834.18
2011-04-10,384930.00,2228.90,1262.00,756.72
2011-04-11,384020.00,2228.70,1255.00,796.22
2011-04-12,383065.00,2228.40,1255.00,773.53
2011-04-13,382522.78,2228.30,1052.00,778.63
2011-04-14,382568.91,2228.30,753.00,776.26
2011-04-15,382613.88,2228.30,660.00,682.67
2011-04-16,382795.00,2228.40,635.00,726.31
2011-04-17,383065.00,2228.40,640.00,776.12
2011-04-18,382522.78,2228.30,920.00,646.63
2011-04-19,380932.00,2228.00,1464.00,661.99
2011-04-20,378175.00,2227.40,1967.00,577.03
2011-04-21,375925.00,2226.90,1832.00,697.64
2011-04-22,374709.34,2226.60,1206.00,593.11
2011-04-23,374530.00,2226.60,709.00,618.58
2011-04-24,374709.34,2226.60,545.00,635.42
2011-04-25,375295.00,2226.70,540.00,835.27
2011-04-26,375430.00,2226.80,556.00,624.06
2011-04-27,375700.66,2226.80,572.00,708.46
2011-04-28,375970.00,2226.90,588.00,723.79
2011-04-29,376105.00,2226.90,594.00,662.06
2011-04-30,376195.00,2226.90,595.00,640.37
2011-05-01,376420.00,2227.00,601.00,714.44
2011-05-02,376780.00,2227.10,607.00,788.50
2011-05-03,377230.00,2227.20,614.00,840.87
2011-05-04,377680.00,2227.30,625.00,851.87
2011-05-05,378265.00,2227.40,636.00,930.93
2011-05-06,378985.00,2227.50,652.00,1014.99
2011-05-07,379940.00,2227.80,668.00,1149.47
2011-05-08,380840.00,2228.00,686.00,1139.74
2011-05-09,381840.00,2228.20,670.00,1174.16
2011-05-10,383248.00,2228.50,658.31,1385.86
2011-05-11,385344.00,2228.90,714.00,1770.72
2011-05-12,388038.00,2229.50,764.00,2122.21
2011-05-13,390098.00,2230.00,836.00,1874.57
2011-05-14,392766.13,2230.60,902.00,2247.16
2011-05-15,400617.13,2232.30,992.00,4950.15
2011-05-16,406987.78,2233.60,926.00,4137.82
2011-05-17,409788.00,2234.20,1290.00,2701.76
2011-05-18,410302.88,2234.30,1976.00,2235.58
2011-05-19,410302.88,2234.30,2192.00,2192.00
2011-05-20,410820.00,2234.50,2210.00,2470.71
2011-05-21,411898.00,2234.70,2390.00,2933.48
2011-05-22,412036.00,2234.70,2770.00,2839.57
2011-05-23,411337.13,2234.60,2870.00,2517.66
2011-05-24,410302.88,2234.30,3090.00,2568.57
2011-05-25,409788.00,2234.20,3040.00,2780.42
2011-05-26,409372.88,2234.10,2980.00,2770.71
2011-05-27,409044.22,2234.10,2580.00,2414.30
2011-05-28,409137.31,2234.10,2048.00,2094.93
2011-05-29,409420.00,2234.20,1728.00,1870.52
2011-05-30,410397.00,2234.40,1616.00,2108.56
2011-05-31,412174.00,2234.70,1576.00,2471.89
2011-06-01,414147.00,2235.20,1584.00,2578.71
2011-06-02,415651.00,2235.50,1648.00,2406.26
2011-06-03,417112.47,2235.80,1688.00,2424.81
2011-06-04,418668.66,2236.10,1796.00,2580.57
2011-06-05,420653.00,2236.50,2012.00,3012.42
2011-06-06,423080.00,2237.10,2237.00,3460.59
2011-06-07,425647.31,2237.60,2680.00,3974.33
2011-06-08,426698.72,2237.80,2890.00,3420.08
2011-06-09,427125.00,2237.90,2790.00,3004.91
2011-06-10,427984.34,2238.10,2720.00,3153.24
2011-06-11,428368.00,2238.20,3041.00,3234.43
2011-06-12,428464.00,2238.20,2932.00,2980.40
2011-06-13,428944.34,2238.30,2582.00,2824.17
2011-06-14,429703.00,2238.40,2433.00,2815.49
2011-06-15,430374.34,2238.60,2384.00,2722.46
2011-06-16,430661.88,2238.60,2223.00,2367.97
2011-06-17,431238.13,2238.80,1927.00,2217.52
2011-06-18,432294.00,2239.00,1856.00,2388.33
2011-06-19,433148.00,2239.20,2054.00,2484.55
2011-06-20,433868.72,2239.30,2379.00,2742.36
2011-06-21,434348.00,2239.40,2698.00,2939.63
2011-06-22,434732.00,2239.50,2919.00,3112.60
2011-06-23,435510.00,2239.70,2900.00,3292.24
2011-06-24,435411.75,2239.60,2715.00,2665.47
2011-06-25,435215.28,2239.60,2363.00,2263.95
2011-06-26,435313.53,2239.60,2062.00,2111.53
2011-06-27,435750.00,2239.70,1985.00,2205.05
2011-06-28,436374.94,2239.80,2161.00,2476.07
2011-06-29,436470.00,2239.90,2770.00,2817.93
2011-06-30,436134.34,2239.80,3045.00,2875.77
2011-07-01,435750.00,2239.70,2580.00,2386.23
2011-07-02,435654.00,2239.70,2260.00,2211.60
2011-07-03,436182.47,2239.80,2228.00,2494.43
2011-07-04,435990.00,2239.80,2405.00,2307.96
2011-07-05,435654.00,2239.70,2318.00,2148.60
2011-07-06,435846.00,2239.70,2242.00,2338.80
2011-07-07,436518.00,2239.90,2237.00,2575.80
2011-07-08,436758.00,2239.90,2336.00,2457.00
2011-07-09,436230.59,2239.80,2103.00,1837.10
2011-07-10,436134.34,2239.80,1617.00,1568.47
2011-07-11,436230.59,2239.80,1385.00,1433.53
2011-07-12,436710.00,2239.90,1319.00,1560.70
2011-07-13,436950.00,2240.00,1377.00,1498.00
2011-07-14,436662.00,2239.90,1562.00,1416.80
2011-07-15,436470.00,2239.90,1514.00,1417.20
2011-07-16,436518.00,2239.90,1386.00,1410.20
2011-07-17,436518.00,2239.90,1355.00,1355.00
2011-07-18,436470.00,2239.90,1403.00,1378.80
2011-07-19,436566.00,2239.90,1435.00,1483.40
2011-07-20,436614.00,2239.90,1349.00,1373.20
2011-07-21,436758.00,2239.90,1314.00,1386.60
2011-07-22,436614.00,2239.90,1328.00,1255.40
2011-07-23,436326.81,2239.80,1328.00,1183.21
2011-07-24,435558.00,2239.70,1476.00,1088.40
2011-07-25,435118.25,2239.60,1476.00,1254.30
2011-07-26,435313.53,2239.60,1161.00,1259.45
2011-07-27,435606.00,2239.70,1091.00,1238.45
2011-07-28,435702.00,2239.70,1315.00,1363.40
2011-07-29,434588.00,2239.50,1621.00,1059.37
2011-07-30,433292.00,2239.20,1775.00,1121.61
2011-07-31,431286.25,2238.80,2018.00,1006.78
2011-08-01,428608.00,2238.20,2343.00,992.74
2011-08-02,425316.00,2237.50,2548.00,888.31
2011-08-03,421509.00,2236.70,2708.00,788.67
2011-08-04,417494.00,2235.90,2848.00,823.80
2011-08-05,413207.00,2235.00,2959.00,797.67
2011-08-06,408950.00,2234.10,3009.00,862.79
2011-08-07,404657.78,2233.10,2989.00,825.04
2011-08-08,400110.00,2232.20,3079.00,786.19
2011-08-09,395249.44,2231.10,3156.00,705.50
2011-08-10,390006.00,2230.00,3277.00,633.47
2011-08-11,384705.56,2228.80,3301.00,628.73
2011-08-12,379434.88,2227.60,3292.00,634.74
2011-08-13,374170.00,2226.50,3272.00,617.66
2011-08-14,368886.44,2225.30,3252.00,588.24
2011-08-15,363539.34,2224.10,3232.00,536.21
2011-08-16,358138.00,2222.90,3223.00,499.86
2011-08-17,352715.91,2221.60,3203.00,469.40
2011-08-18,347368.00,2220.40,3183.00,486.80
2011-08-19,341840.00,2219.20,3218.00,431.01
2011-08-20,336273.00,2217.90,3264.00,457.35
2011-08-21,330683.09,2216.60,3266.00,447.79
2011-08-22,325176.22,2215.30,3246.00,469.66
2011-08-23,319664.00,2214.00,3259.00,479.96
2011-08-24,314142.00,2212.70,3283.00,499.03
2011-08-25,308607.91,2211.30,3296.00,505.94
2011-08-26,303025.00,2210.00,3287.00,472.32
2011-08-27,297398.91,2208.60,3267.00,430.55
2011-08-28,291854.41,2207.30,3269.00,473.69
2011-08-29,286534.00,2206.00,3055.00,372.67
2011-08-30,281931.00,2204.90,2716.00,395.35
2011-08-31,278035.00,2203.90,2307.00,342.80
2011-09-01,274759.41,2203.10,2012.00,360.58
2011-09-02,271780.00,2202.40,1818.00,315.90
2011-09-03,269130.00,2201.70,1623.00,286.98
2011-09-04,266842.72,2201.10,1403.00,249.85
2011-09-05,264970.00,2200.70,1177.00,232.85
2011-09-06,263458.19,2200.30,988.00,225.81
2011-09-07,262141.00,2199.90,864.00,199.93
2011-09-08,261070.00,2199.70,754.00,214.05
2011-09-09,260200.00,2199.50,648.00,209.38
2011-09-10,259566.38,2199.30,540.00,220.55
2011-09-11,259130.00,2199.20,445.00,224.99
2011-09-12,258853.63,2199.10,348.00,208.67
2011-09-13,258736.33,2199.10,277.00,217.86
2011-09-14,258698.19,2199.10,246.00,226.77
2011-09-15,258540.00,2199.00,237.00,157.25
2011-09-16,258460.00,2199.00,238.00,197.67
2011-09-17,258340.00,2199.00,238.00,177.50
2011-09-18,258500.00,2199.00,239.00,319.67
2011-09-19,258420.00,2199.00,236.00,195.67
2011-09-20,258380.00,2199.00,237.00,216.83
2011-09-21,258380.00,2199.00,234.00,234.00
2011-09-22,258260.00,2199.00,235.00,174.50
2011-09-23,258180.00,2198.90,236.00,195.67
2011-09-24,258060.00,2198.90,236.00,175.50
2011-09-25,257940.00,2198.90,237.00,176.50
2011-09-26,258180.00,2198.90,238.00,359.00
2011-09-27,258500.00,2199.00,238.00,399.33
2011-09-28,258892.72,2199.10,239.00,436.99
2011-09-29,259050.00,2199.20,240.00,319.29
2011-09-30,259090.00,2199.20,240.00,260.17
2011-10-01,259090.00,2199.20,237.00,228.09
2011-10-02,259090.00,2199.20,237.00,226.97
2011-10-03,259010.00,2199.20,238.00,186.17
2011-10-04,259050.00,2199.20,238.00,257.71
2011-10-05,259050.00,2199.20,238.00,237.26
2011-10-06,259050.00,2199.20,239.00,236.31
2011-10-07,258931.81,2199.10,239.00,177.38
2011-10-08,258892.72,2199.10,239.00,217.62
2011-10-09,258814.52,2199.10,240.00,197.57
2011-10-10,258931.81,2199.10,240.00,296.54
2011-10-11,259880.00,2199.40,241.00,715.23
2011-10-12,261230.00,2199.70,241.00,917.63
2011-10-13,261985.00,2199.90,241.00,617.68
2011-10-14,262500.00,2200.00,242.00,496.65
2011-10-15,262819.59,2200.10,242.00,398.13
2011-10-16,263020.00,2200.20,242.00,336.82
2011-10-17,263100.00,2200.20,239.00,275.36
2011-10-18,263180.00,2200.20,239.00,274.98
2011-10-19,263180.00,2200.20,240.00,233.55
2011-10-20,263140.00,2200.20,240.00,213.15
2011-10-21,263220.00,2200.20,237.00,271.23
2011-10-22,263970.00,2200.40,237.00,608.16
2011-10-23,265850.00,2200.90,234.00,1175.37
2011-10-24,267120.00,2201.20,235.00,866.79
2011-10-25,267920.00,2201.40,235.00,629.83
2011-10-26,268447.00,2201.50,235.00,491.65
2011-10-27,268849.72,2201.60,232.00,426.73
2011-10-28,269290.00,2201.70,233.00,446.65
2011-10-29,269689.81,2201.80,233.00,424.57
2011-10-30,270290.00,2202.00,234.00,525.59
2011-10-31,271090.00,2202.20,234.00,626.33
2011-11-01,271820.00,2202.40,234.00,591.04
2011-11-02,272300.00,2202.50,235.00,465.00
2011-11-03,272699.31,2202.60,235.00,424.32
2011-11-04,272939.91,2202.60,235.00,354.14
2011-11-05,273144.00,2202.70,236.00,335.90
2011-11-06,273267.00,2202.70,236.00,294.22
2011-11-07,273390.00,2202.80,233.00,292.26
2011-11-08,273430.09,2202.80,233.00,250.21
2011-11-09,273470.19,2202.80,234.00,250.21
2011-11-10,273510.28,2202.80,234.00,250.21
2011-11-11,273749.91,2202.80,235.00,350.88
2011-11-12,274110.00,2202.90,235.00,411.24
2011-11-13,274477.00,2203.00,235.00,414.43
2011-11-14,275040.00,2203.20,236.00,513.59
2011-11-15,275120.00,2203.20,233.00,268.11
2011-11-16,275482.19,2203.30,237.00,412.57
2011-11-17,275810.00,2203.40,234.00,392.05
2011-11-18,275930.00,2203.40,234.00,287.00
2011-11-19,275970.00,2203.40,234.00,246.67
2011-11-20,275930.00,2203.40,235.00,206.33
2011-11-21,275970.00,2203.40,235.00,246.67
2011-11-22,276497.00,2203.50,235.00,492.20
2011-11-23,276819.50,2203.60,236.00,389.09
2011-11-24,277420.00,2203.80,236.00,529.25
2011-11-25,277584.41,2203.80,236.00,309.39
2011-11-26,277871.00,2203.90,237.00,370.99
2011-11-27,278199.00,2203.90,237.00,391.87
2011-11-28,278480.00,2204.00,237.00,368.17
2011-11-29,278803.41,2204.10,238.00,389.55
2011-11-30,279008.91,2204.10,238.00,330.11
2011-12-01,279290.00,2204.20,238.00,368.22
2011-12-02,279330.00,2204.20,239.00,246.67
2011-12-03,279410.00,2204.20,239.00,266.83
2011-12-04,279491.09,2204.30,239.00,267.38
2011-12-05,279532.19,2204.30,240.00,247.22
2011-12-06,279614.41,2204.30,240.00,267.84
2011-12-07,279655.50,2204.30,241.00,247.22
2011-12-08,279655.50,2204.30,241.00,226.50
2011-12-09,279696.59,2204.30,241.00,247.22
2011-12-10,279696.59,2204.30,241.00,226.50
2011-12-11,279655.50,2204.30,241.00,205.78
2011-12-12,279614.41,2204.30,241.00,205.78
2011-12-13,279491.09,2204.30,241.00,164.33
2011-12-14,279491.09,2204.30,241.00,226.50
2011-12-15,279330.00,2204.20,241.00,144.24
2011-12-16,279330.00,2204.20,241.00,225.81
2011-12-17,279290.00,2204.20,241.00,227.84
2011-12-18,279170.00,2204.20,237.00,184.92
2011-12-19,279050.00,2204.20,237.00,183.50
2011-12-20,279050.00,2204.20,237.00,244.22
2011-12-21,278967.81,2204.10,237.00,202.56
2011-12-22,278803.41,2204.10,237.00,163.76
2011-12-23,278640.00,2204.10,237.00,165.12
2011-12-24,278640.00,2204.10,237.00,247.50
2011-12-25,278640.00,2204.10,237.00,247.24
2011-12-26,278600.00,2204.00,237.00,227.33
2011-12-27,279050.00,2204.20,237.00,475.56
2011-12-28,280629.00,2204.50,244.00,1048.98
2011-12-29,284210.00,2205.40,244.00,2060.85
2011-12-30,287025.59,2206.10,248.00,1677.80
2011-12-31,288533.00,2206.50,248.00,1017.98
2012-01-01,289722.19,2206.80,248.00,857.55
2012-01-02,290706.00,2207.00,248.00,754.01
2012-01-03,291526.00,2207.20,248.00,671.42
2012-01-04,292220.00,2207.40,248.00,607.89
2012-01-05,293412.00,2207.70,248.00,858.97
2012-01-06,294355.00,2207.90,248.00,733.43
2012-01-07,295174.50,2208.10,248.00,660.16
2012-01-08,295872.19,2208.30,248.00,598.75
2012-01-09,296452.00,2208.40,248.00,539.32
2012-01-10,296948.00,2208.50,248.00,497.07
2012-01-11,297440.00,2208.70,248.00,495.05
2012-01-12,297768.00,2208.70,248.00,412.74
2012-01-13,298137.69,2208.80,248.00,433.88
2012-01-14,298596.00,2208.90,248.00,479.00
2012-01-15,298885.00,2209.00,248.00,393.20
2012-01-16,299253.41,2209.10,248.00,433.31
2012-01-17,299794.00,2209.20,248.00,498.55
2012-01-18,300288.91,2209.30,251.00,475.52
2012-01-19,300740.00,2209.50,251.00,453.43
2012-01-20,300908.00,2209.50,251.00,310.70
2012-01-21,301405.59,2209.60,248.00,476.87
2012-01-22,301696.00,2209.70,251.00,372.41
2012-01-23,301738.00,2209.70,251.00,249.12
2012-01-24,302113.31,2209.80,251.00,419.22
2012-01-25,302694.00,2209.90,251.00,522.14
2012-01-26,303148.00,2210.00,251.00,458.34
2012-01-27,303272.09,2210.10,251.00,292.56
2012-01-28,303397.38,2210.10,251.00,293.16
2012-01-29,304144.22,2210.30,251.00,606.53
2012-01-30,305228.00,2210.50,251.00,776.41
2012-01-31,306224.22,2210.80,251.00,732.26
2012-02-01,307148.00,2211.00,251.00,695.74
2012-02-02,307810.00,2211.20,251.00,564.09
2012-02-03,308356.31,2211.30,251.00,506.87
2012-02-04,308855.00,2211.40,255.00,484.27
2012-02-05,309270.00,2211.50,255.00,442.73
2012-02-06,309647.38,2211.60,255.00,423.76
2012-02-07,309942.00,2211.70,255.00,382.04
2012-02-08,310278.00,2211.70,255.00,402.63
2012-02-09,310572.63,2211.80,255.00,381.73
2012-02-10,310908.00,2211.90,255.00,402.58
2012-02-11,310992.00,2211.90,255.00,275.85
2012-02-12,311202.00,2212.00,255.00,339.38
2012-02-13,311412.00,2212.00,255.00,339.38
2012-02-14,311538.00,2212.00,255.00,297.03
2012-02-15,311622.09,2212.10,255.00,275.90
2012-02-16,311747.38,2212.10,255.00,296.66
2012-02-17,311957.91,2212.10,255.00,340.55
2012-02-18,312504.22,2212.30,255.00,509.63
2012-02-19,312546.31,2212.30,255.00,255.07
2012-02-20,312672.63,2212.30,253.00,297.35
2012-02-21,314268.00,2212.70,263.00,1048.44
2012-02-22,318520.00,2213.70,308.00,2434.69
2012-02-23,320764.00,2214.20,288.00,1402.53
2012-02-24,322078.00,2214.50,280.00,927.02
2012-02-25,323222.63,2214.80,272.00,836.39
2012-02-26,324283.09,2215.10,270.00,793.75
2012-02-27,324964.00,2215.20,273.00,603.13
2012-02-28,325562.00,2215.40,272.00,562.99
2012-02-29,326198.00,2215.50,267.00,580.35
2012-03-01,326627.59,2215.60,266.00,474.51
2012-03-02,326968.00,2215.70,264.00,429.62
2012-03-03,327263.09,2215.80,263.00,406.78
2012-03-04,327736.00,2215.90,262.00,498.16
2012-03-05,328458.00,2216.00,264.00,625.98
2012-03-06,328886.91,2216.10,263.00,477.74
2012-03-07,329317.00,2216.20,262.00,478.34
2012-03-08,329661.75,2216.30,261.00,437.04
2012-03-09,330005.00,2216.40,263.00,438.06
2012-03-10,330472.00,2216.50,262.00,500.48
2012-03-11,330940.69,2216.60,260.00,502.24
2012-03-12,331500.00,2216.80,263.00,550.03
2012-03-13,331930.00,2216.90,262.00,484.89
2012-03-14,332446.00,2217.00,261.00,524.24
2012-03-15,332961.38,2217.10,330.00,600.61
2012-03-16,332747.00,2217.00,511.00,406.92
2012-03-17,332618.00,2217.00,510.00,451.71
2012-03-18,332317.00,2216.90,513.00,367.26
2012-03-19,332360.00,2217.00,361.00,399.43
2012-03-20,333133.78,2217.10,240.00,635.90
2012-03-21,333478.00,2217.20,236.00,417.07
2012-03-22,333822.41,2217.30,232.00,414.92
2012-03-23,334036.91,2217.30,231.00,348.64
2012-03-24,334290.00,2217.40,229.00,368.21
2012-03-25,334500.00,2217.50,228.00,346.67
2012-03-26,334676.00,2217.50,227.00,329.23
2012-03-27,334983.09,2217.60,230.00,397.90
2012-03-28,335283.78,2217.60,229.00,395.60
2012-03-29,336186.91,2217.80,228.00,700.22
2012-03-30,337304.47,2218.10,234.00,813.84
2012-03-31,338165.53,2218.30,233.00,685.12
2012-04-01,339121.00,2218.50,228.00,730.51
2012-04-02,339723.00,2218.70,231.00,553.98
2012-04-03,340368.63,2218.80,230.00,577.92
2012-04-04,340936.00,2218.90,229.00,538.42
2012-04-05,341410.00,2219.10,232.00,493.44
2012-04-06,341840.00,2219.20,231.00,442.79
2012-04-07,342280.00,2219.30,229.00,447.83
2012-04-08,342710.00,2219.40,228.00,442.88
2012-04-09,343228.00,2219.50,231.00,490.55
2012-04-10,343751.38,2219.60,230.00,493.87
2012-04-11,344836.91,2219.80,237.00,777.29
2012-04-12,346190.00,2220.20,247.00,914.65
2012-04-13,347544.00,2220.50,254.00,916.14
2012-04-14,348986.44,2220.80,261.00,960.73
2012-04-15,350473.78,2221.10,271.00,986.27
2012-04-16,352452.31,2221.60,278.00,1234.51
2012-04-17,354300.00,2222.00,284.00,1169.33
2012-04-18,355972.00,2222.40,295.00,1083.47
2012-04-19,357735.34,2222.80,302.00,1130.34
2012-04-20,359820.00,2223.30,350.00,1324.87
2012-04-21,362118.22,2223.80,467.00,1531.05
2012-04-22,365404.00,2224.50,591.00,2134.83
2012-04-23,370319.56,2225.60,1102.00,3455.04
2012-04-24,376600.00,2227.00,1617.00,4815.97
2012-04-25,381975.00,2228.20,1842.00,4564.46
2012-04-26,386668.00,2229.20,2138.00,4500.17
2012-04-27,388222.22,2229.60,2728.00,3521.71
2012-04-28,387716.00,2229.50,3027.00,2775.51
2012-04-29,386895.34,2229.30,3005.00,2600.47
2012-04-30,386895.34,2229.30,3003.00,3005.47
2012-05-01,386805.13,2229.30,2992.00,2956.08
2012-05-02,385615.00,2229.00,2970.00,2380.29
2012-05-03,384020.00,2228.70,2958.00,2166.74
2012-05-04,382384.44,2228.30,2827.00,2016.29
2012-05-05,380750.00,2227.90,2575.00,1763.16
2012-05-06,379526.00,2227.70,2249.00,1654.04
2012-05-07,378715.00,2227.50,2050.00,1660.40
2012-05-08,378895.00,2227.50,1922.00,2027.28
2012-05-09,380255.78,2227.80,1895.00,2595.83
2012-05-10,380886.00,2228.00,1913.00,2251.55
2012-05-11,381024.00,2228.00,1931.00,2015.29
2012-05-12,381024.00,2228.00,1931.00,1947.17
2012-05-13,381659.78,2228.10,1931.00,2273.48
2012-05-14,384112.00,2228.70,1967.00,3218.14
2012-05-15,388815.00,2229.70,2156.00,4548.99
2012-05-16,393272.00,2230.70,2480.00,4752.38
2012-05-17,396226.69,2231.30,2620.00,4126.53
2012-05-18,397752.88,2231.60,2610.00,3404.09
2012-05-19,398168.00,2231.70,2610.00,2843.09
2012-05-20,398260.00,2231.80,2620.00,2686.38
2012-05-21,398996.00,2231.90,2630.00,3023.20
2012-05-22,401132.00,2232.40,2600.00,3693.05
2012-05-23,403125.56,2232.80,2490.00,3511.81
2012-05-24,404102.00,2233.00,2354.00,2868.25
2012-05-25,404703.88,2233.10,2165.00,2490.01
2012-05-26,405450.56,2233.30,1904.00,2299.91
2012-05-27,406849.44,2233.60,1680.00,2407.94
2012-05-28,409184.44,2234.10,1520.00,2713.23
2012-05-29,411571.53,2234.60,1360.00,2586.83
2012-05-30,413911.53,2235.10,1157.00,2349.26
2012-05-31,416873.00,2235.70,1150.00,2654.92
2012-06-01,421603.00,2236.70,1227.00,3623.89
2012-06-02,426602.47,2237.80,1696.00,4243.37
2012-06-03,429231.88,2238.30,2255.00,3594.91
2012-06-04,431046.00,2238.70,2210.00,3146.61
2012-06-05,433436.00,2239.20,2174.00,3392.55
2012-06-06,434588.00,2239.50,2219.00,2814.10
2012-06-07,435264.41,2239.60,2165.00,2528.05
2012-06-08,435558.00,2239.70,2120.00,2286.72
2012-06-09,435654.00,2239.70,1985.00,2047.37
2012-06-10,435510.00,2239.70,1931.00,1880.20
2012-06-11,435750.00,2239.70,1940.00,2078.44
2012-06-12,436278.72,2239.80,2237.00,2528.39
2012-06-13,436662.00,2239.90,2750.00,2965.48
2012-06-14,435990.00,2239.80,3200.00,2885.02
2012-06-15,435411.75,2239.60,2700.00,2433.40
2012-06-16,435558.00,2239.70,2354.00,2451.81
2012-06-17,436566.00,2239.90,2840.00,3367.47
2012-06-18,436086.25,2239.80,3688.00,3483.33
2012-06-19,435510.00,2239.70,3139.58,2849.06
2012-06-20,435558.00,2239.70,2363.00,2409.41
2012-06-21,435894.00,2239.70,2309.00,2492.13
2012-06-22,436470.00,2239.90,2660.00,2972.27
2012-06-23,436374.94,2239.80,3299.00,3275.65
2012-06-24,435846.00,2239.70,3000.00,2767.55
2012-06-25,436086.25,2239.80,2237.00,2389.76
2012-06-26,436470.00,2239.90,2093.00,2307.90
2012-06-27,436421.88,2239.80,2174.00,2167.60
2012-06-28,436182.47,2239.80,2183.00,2078.66
2012-06-29,436134.34,2239.80,2327.00,2328.30
2012-06-30,436182.47,2239.80,2420.00,2468.39
2012-07-01,436566.00,2239.90,2540.00,2755.34
2012-07-02,436421.88,2239.80,2580.00,2527.34
2012-07-03,436374.94,2239.80,2291.00,2287.25
2012-07-04,436278.72,2239.80,2057.00,2025.60
2012-07-05,435990.00,2239.80,2003.00,1874.17
2012-07-06,436134.34,2239.80,1841.00,1935.90
2012-07-07,436421.88,2239.80,2066.00,2229.76
2012-07-08,436566.00,2239.90,2570.00,2666.72
2012-07-09,436566.00,2239.90,2820.00,2840.89
2012-07-10,436518.00,2239.90,2900.00,2894.24
2012-07-11,436182.47,2239.80,2570.00,2418.00
2012-07-12,436374.94,2239.80,2075.00,2193.69
2012-07-13,436758.00,2239.90,1994.00,2201.47
2012-07-14,436566.00,2239.90,2273.00,2192.70
2012-07-15,435990.00,2239.80,2256.00,1982.22
2012-07-16,435411.75,2239.60,2095.00,1821.06
2012-07-17,434396.00,2239.40,2195.00,1750.63
2012-07-18,433005.78,2239.10,2331.00,1701.70
2012-07-19,431286.25,2238.80,2359.00,1560.93
2012-07-20,429609.00,2238.40,2315.00,1537.20
2012-07-21,428127.53,2238.10,2172.00,1487.37
2012-07-22,425694.44,2237.60,2371.00,1215.20
2012-07-23,422744.00,2237.00,2630.00,1212.80
2012-07-24,419139.00,2236.20,2801.00,1048.62
2012-07-25,415134.00,2235.40,2962.00,1006.89
2012-07-26,410773.00,2234.40,3160.00,1033.62
2012-07-27,406244.00,2233.50,3249.00,967.62
2012-07-28,401730.00,2232.50,3250.00,973.75
2012-07-29,397100.00,2231.50,3196.00,863.01
2012-07-30,392306.00,2230.50,3209.00,796.32
2012-07-31,387348.00,2229.40,3265.00,764.28
2012-08-01,382065.00,2228.20,3398.00,712.94
2012-08-02,376510.00,2227.00,3552.00,690.80
2012-08-03,370896.00,2225.70,3608.00,706.08
2012-08-04,365228.00,2224.50,3597.00,672.21
2012-08-05,359505.00,2223.20,3619.00,661.67
2012-08-06,353860.00,2221.90,3609.00,693.83
2012-08-07,348203.56,2220.60,3587.00,668.01
2012-08-08,342148.00,2219.20,3762.00,636.04
2012-08-09,335843.09,2217.80,3883.00,626.59
2012-08-10,329446.22,2216.30,3871.00,575.59
2012-08-11,323012.09,2214.80,3848.00,526.13
2012-08-12,316578.00,2213.20,3812.00,493.46
2012-08-13,310152.00,2211.70,3776.00,463.66
2012-08-14,303773.00,2210.20,3753.00,453.92
2012-08-15,297234.50,2208.60,3837.00,465.32
2012-08-16,290747.00,2207.00,3837.00,491.59
2012-08-17,284250.00,2205.40,3802.00,450.11
2012-08-18,277748.81,2203.80,3766.00,409.38
2012-08-19,271250.00,2202.20,3730.00,370.23
2012-08-20,264929.91,2200.60,3683.00,424.17
2012-08-21,258620.00,2199.10,3613.00,360.38
2012-08-22,252390.00,2197.50,3526.00,315.19
2012-08-23,246255.00,2195.90,3449.00,282.36
2012-08-24,240484.00,2194.40,3350.00,365.33
2012-08-25,234776.00,2192.90,3296.00,338.77
2012-08-26,229114.00,2191.40,3230.00,296.54
2012-08-27,223692.00,2190.00,3078.00,280.32
2012-08-28,218902.00,2188.70,2788.00,304.26
2012-08-29,214737.45,2187.60,2418.00,263.62
2012-08-30,211008.27,2186.60,2191.00,246.43
2012-08-31,207770.00,2185.70,1975.00,280.19
2012-09-01,204732.00,2184.90,1795.00,204.98
2012-09-02,201998.73,2184.10,1632.00,256.02
2012-09-03,199606.00,2183.50,1472.00,264.95
2012-09-04,197508.00,2182.90,1311.00,255.58
2012-09-05,195698.00,2182.40,1150.00,249.27
2012-09-06,194196.00,2182.00,980.00,251.57
2012-09-07,192935.64,2181.60,830.00,228.41
2012-09-08,191928.70,2181.30,715.00,249.98
2012-09-09,191073.47,2181.10,610.00,229.71
2012-09-10,190395.00,2180.90,506.00,224.50
2012-09-11,189932.17,2180.80,416.00,146.67
2012-09-12,189608.00,2180.70,328.00,133.78
2012-09-13,189427.83,2180.60,272.00,160.00
2012-09-14,189392.00,2180.60,255.00,147.80
2012-09-15,189035.00,2180.50,251.00,132.65
2012-09-16,188790.00,2180.50,248.00,120.48
2012-09-17,188610.00,2180.40,233.00,146.89
2012-09-18,188394.92,2180.30,231.00,122.73
2012-09-19,188220.34,2180.30,233.00,143.53
2012-09-20,187936.00,2180.20,234.00,86.64
2012-09-21,187432.00,2180.10,235.00,139.25
2012-09-22,187255.00,2180.00,240.00,142.75
2012-09-23,187045.00,2180.00,242.00,127.59
2012-09-24,186830.00,2179.90,243.00,123.74
2012-09-25,186510.00,2179.80,241.00,69.20
2012-09-26,186192.00,2179.70,246.00,72.79
2012-09-27,185870.00,2179.60,243.00,69.04
2012-09-28,185660.17,2179.60,245.00,124.21
2012-09-29,185415.00,2179.50,243.00,104.33
2012-09-30,185132.00,2179.40,240.00,97.32
2012-10-01,184880.00,2179.40,244.00,114.57
2012-10-02,184565.08,2179.30,244.00,81.23
2012-10-03,184285.00,2179.20,237.00,95.53
2012-10-04,183999.56,2179.10,234.00,89.59
2012-10-05,183715.00,2179.00,234.00,90.03
2012-10-06,183400.00,2178.90,234.00,74.69
2012-10-07,183120.00,2178.90,235.00,91.91
2012-10-08,182805.08,2178.80,231.00,71.26
2012-10-09,182560.00,2178.70,232.00,106.44
2012-10-10,182239.56,2178.60,235.00,70.36
2012-10-11,181955.00,2178.50,235.00,90.29
2012-10-12,181640.00,2178.40,236.00,73.76
2012-10-13,181500.00,2178.40,232.00,159.96
2012-10-14,181500.00,2178.40,233.00,230.22
2012-10-15,181920.00,2178.50,233.00,442.15
2012-10-16,182875.25,2178.80,233.00,711.20
2012-10-17,183575.00,2179.00,233.00,582.79
2012-10-18,183999.56,2179.10,233.00,444.05
2012-10-19,184952.00,2179.40,234.00,710.19
2012-10-20,186510.52,2179.80,235.00,1015.72
2012-10-21,187432.17,2180.10,236.00,694.67
2012-10-22,188080.00,2180.30,238.00,555.50
2012-10-23,188466.00,2180.40,235.00,421.11
2012-10-24,188825.00,2180.50,237.00,407.50
2012-10-25,189000.00,2180.50,238.00,313.00
2012-10-26,189248.27,2180.60,239.00,350.65
2012-10-27,189752.00,2180.70,244.00,482.78
2012-10-28,190930.00,2181.10,246.00,824.15
2012-10-29,195230.00,2182.30,250.00,2400.20
2012-10-30,200804.36,2183.80,252.00,3043.91
2012-10-31,207109.00,2185.50,257.00,3414.59
2012-11-01,211115.64,2186.60,258.00,2257.02
2012-11-02,213998.00,2187.40,261.00,1690.19
2012-11-03,216329.00,2188.00,265.00,1412.21
2012-11-04,218754.00,2188.70,266.00,1460.21
2012-11-05,221179.64,2189.30,272.00,1462.77
2012-11-06,223236.00,2189.90,255.00,1274.50
2012-11-07,224855.45,2190.30,241.00,1046.47
2012-11-08,226170.00,2190.70,241.00,892.75
2012-11-09,227186.00,2190.90,241.00,742.23
2012-11-10,228021.91,2191.10,241.00,651.44
2012-11-11,228848.00,2191.40,241.00,646.49
2012-11-12,229684.28,2191.60,241.00,651.63
2012-11-13,230292.00,2191.70,241.00,536.39
2012-11-14,230938.00,2191.90,241.00,555.69
2012-11-15,231498.09,2192.10,241.00,512.38
2012-11-16,232030.00,2192.20,241.00,498.17
2012-11-17,232486.66,2192.30,241.00,460.23
2012-11-18,233018.00,2192.50,241.00,497.89
2012-11-19,234548.00,2192.90,244.00,1003.33
2012-11-20,236610.00,2193.40,244.00,1273.93
2012-11-21,238520.00,2193.90,244.00,1195.95
2012-11-22,240022.38,2194.30,244.00,990.95
2012-11-23,241761.00,2194.70,248.00,1112.70
2012-11-24,244042.77,2195.30,248.00,1387.39
2012-11-25,245943.67,2195.80,248.00,1195.37
2012-11-26,247464.00,2196.20,248.00,1003.50
2012-11-27,248712.00,2196.50,248.00,866.20
2012-11-28,249804.58,2196.80,248.00,787.84
2012-11-29,250590.00,2197.00,248.00,632.98
2012-11-30,251452.00,2197.20,248.00,681.59
2012-12-01,252350.00,2197.50,248.00,699.80
2012-12-02,253490.00,2197.80,248.00,822.98
2012-12-03,254787.28,2198.10,244.00,898.53
2012-12-04,256640.00,2198.60,233.00,1168.58
2012-12-05,258420.00,2199.00,228.00,1126.98
2012-12-06,260160.00,2199.40,231.00,1109.09
2012-12-07,261907.00,2199.90,230.00,1114.81
2012-12-08,262980.00,2200.20,230.00,775.80
2012-12-09,264050.00,2200.40,229.00,772.96
2012-12-10,264849.72,2200.60,228.00,636.69
2012-12-11,265690.78,2200.80,227.00,657.54
2012-12-12,266370.00,2201.00,227.00,575.94
2012-12-13,266960.00,2201.20,226.00,530.96
2012-12-14,267520.41,2201.30,225.00,516.04
2012-12-15,268080.00,2201.40,224.00,515.67
2012-12-16,268809.59,2201.60,223.00,602.59
2012-12-17,269530.41,2201.80,223.00,597.26
2012-12-18,269970.00,2201.90,222.00,455.13
2012-12-19,270410.00,2202.00,221.00,455.33
2012-12-20,270849.72,2202.10,220.00,455.19
2012-12-21,271130.00,2202.20,227.00,374.52
2012-12-22,271452.19,2202.30,233.00,397.47
2012-12-23,271780.00,2202.40,236.00,400.83
2012-12-24,271900.00,2202.40,232.00,294.66
2012-12-25,272180.00,2202.50,235.00,378.17
2012-12-26,272340.00,2202.50,235.00,317.67
2012-12-27,272460.00,2202.50,235.00,297.50
2012-12-28,272540.00,2202.50,234.00,277.33
2012-12-29,272580.00,2202.60,234.00,257.17
2012-12-30,272580.00,2202.60,233.00,237.00
2012-12-31,272580.00,2202.60,233.00,237.00
2013-01-01,272700.28,2202.60,233.00,297.64
2013-01-02,272580.00,2202.60,232.00,176.36
2013-01-03,272580.00,2202.60,232.00,237.00
2013-01-04,272580.00,2202.60,231.00,237.00
2013-01-05,272620.09,2202.60,231.00,257.21
2013-01-06,272540.00,2202.50,231.00,196.62
2013-01-07,273062.00,2202.70,230.00,498.81
2013-01-08,273390.00,2202.80,230.00,402.31
2013-01-09,273630.59,2202.80,229.00,358.30
2013-01-10,273790.00,2202.90,229.00,317.37
2013-01-11,273870.00,2202.90,229.00,277.33
2013-01-12,273990.00,2202.90,228.00,297.50
2013-01-13,274110.00,2202.90,228.00,297.50
2013-01-14,274150.00,2202.90,227.00,257.17
2013-01-15,274231.00,2203.00,227.00,277.84
2013-01-16,274313.00,2203.00,230.00,280.33
2013-01-17,274313.00,2203.00,230.00,240.50
2013-01-18,274231.00,2203.00,230.00,191.12
2013-01-19,274231.00,2203.00,230.00,230.00
2013-01-20,274272.00,2203.00,230.00,250.67
2013-01-21,274272.00,2203.00,230.00,230.00
2013-01-22,274640.09,2203.10,230.00,415.58
2013-01-23,274720.28,2203.10,230.00,269.94
2013-01-24,274759.41,2203.10,230.00,248.03
2013-01-25,274879.72,2203.10,230.00,290.66
2013-01-26,274919.81,2203.10,230.00,250.16
2013-01-27,275000.00,2203.20,230.00,269.64
2013-01-28,275240.00,2203.20,226.00,348.17
2013-01-29,275280.00,2203.20,226.00,247.60
2013-01-30,275360.00,2203.20,230.00,270.33
2013-01-31,275482.19,2203.30,230.00,293.12
2013-02-01,275564.41,2203.30,233.00,274.50
2013-02-02,275646.59,2203.30,233.00,273.86
2013-02-03,275768.91,2203.30,230.00,292.70
2013-02-04,275890.00,2203.40,230.00,292.75
2013-02-05,276050.00,2203.40,233.00,314.17
2013-02-06,276170.00,2203.40,233.00,294.00
2013-02-07,276374.00,2203.50,233.00,336.35
2013-02-08,276456.00,2203.50,233.00,274.84
2013-02-09,276538.00,2203.50,233.00,274.84
2013-02-10,276579.00,2203.50,232.00,254.17
2013-02-11,276700.19,2203.60,232.00,294.60
2013-02-12,276859.59,2203.60,232.00,313.87
2013-02-13,276939.81,2203.60,232.00,273.87
2013-02-14,277060.00,2203.70,231.00,294.09
2013-02-15,277140.00,2203.70,231.00,275.42
2013-02-16,277666.59,2203.80,231.00,500.65
2013-02-17,277707.69,2203.80,231.00,255.18
2013-02-18,277871.00,2203.90,234.00,319.34
2013-02-19,277994.00,2203.90,230.00,297.13
2013-02-20,278076.00,2203.90,230.00,275.52
2013-02-21,278240.00,2204.00,233.00,318.59
2013-02-22,278722.19,2204.10,233.00,479.06
2013-02-23,278967.81,2204.10,229.00,357.37
2013-02-24,279008.91,2204.10,232.00,256.50
2013-02-25,279370.00,2204.20,228.00,416.74
2013-02-26,279290.00,2204.20,228.00,194.75
2013-02-27,279370.00,2204.20,231.00,277.01
2013-02-28,279655.50,2204.30,231.00,380.94
2013-03-01,280060.00,2204.40,231.00,442.05
2013-03-02,280629.00,2204.50,234.00,527.37
2013-03-03,281280.00,2204.70,234.00,568.71
2013-03-04,281848.91,2204.80,233.00,524.30
2013-03-05,282420.00,2205.00,233.00,521.57
2013-03-06,282904.50,2205.10,233.00,479.01
2013-03-07,283356.00,2205.20,233.00,461.13
2013-03-08,283725.50,2205.30,233.00,420.37
2013-03-09,284050.00,2205.40,232.00,397.19
2013-03-10,284330.00,2205.50,236.00,378.17
2013-03-11,284658.00,2205.50,235.00,402.37
2013-03-12,285314.00,2205.70,239.00,570.05
2013-03-13,286411.00,2206.00,239.00,793.57
2013-03-14,288370.00,2206.40,238.00,1228.24
2013-03-15,290747.00,2207.00,242.00,1441.55
2013-03-16,293740.00,2207.80,241.00,1753.08
2013-03-17,296284.00,2208.40,245.00,1528.48
2013-03-18,298302.00,2208.90,244.00,1264.91
2013-03-19,299920.00,2209.30,244.00,1064.97
2013-03-20,301487.81,2209.60,248.00,1040.44
2013-03-21,302902.00,2210.00,248.00,963.57
2013-03-22,303855.00,2210.20,249.00,731.47
2013-03-23,304648.00,2210.40,249.00,650.80
2013-03-24,305105.00,2210.50,315.00,548.62
2013-03-25,305477.38,2210.60,347.00,535.49
2013-03-26,305771.00,2210.70,348.00,496.04
2013-03-27,306266.31,2210.80,269.00,519.78
2013-03-28,306854.00,2210.90,228.00,523.39
2013-03-29,307482.19,2211.10,230.00,543.17
2013-03-30,308356.31,2211.30,229.00,667.20
2013-03-31,309522.09,2211.60,229.00,814.25
2013-04-01,311496.00,2212.00,230.00,1221.68
2013-04-02,314226.00,2212.70,231.00,1603.44
2013-04-03,317250.00,2213.40,235.00,1754.60
2013-04-04,320592.00,2214.20,235.00,1915.76
2013-04-05,326155.00,2215.50,239.00,3038.05
2013-04-06,332403.00,2217.00,240.00,3384.46
2013-04-07,337347.59,2218.10,244.00,2731.41
2013-04-08,340804.00,2218.90,248.00,1981.57
2013-04-09,343272.00,2219.50,317.00,1557.08
2013-04-10,346146.91,2220.10,400.00,1838.53
2013-04-11,349954.00,2221.00,288.00,2201.16
2013-04-12,353332.31,2221.80,250.00,1943.48
2013-04-13,356412.00,2222.50,248.00,1790.39
2013-04-14,358754.00,2223.00,252.00,1421.88
2013-04-15,360612.00,2223.40,252.00,1177.32
2013-04-16,362206.44,2223.80,253.00,1044.36
2013-04-17,363539.34,2224.10,288.00,947.04
2013-04-18,364520.66,2224.30,367.00,845.81
2013-04-19,365759.34,2224.60,389.00,996.51
2013-04-20,367370.00,2225.00,393.00,1185.69
2013-04-21,369018.75,2225.30,401.00,1207.20
2013-04-22,370544.00,2225.70,428.00,1167.16
2013-04-23,371840.00,2226.00,464.00,1083.79
2013-04-24,372553.56,2226.10,667.00,995.64
2013-04-25,373000.00,2226.20,892.00,1059.08
2013-04-26,374260.00,2226.50,760.00,1345.41
2013-04-27,376645.00,2227.00,641.00,1785.02
2013-04-28,379209.34,2227.60,640.00,1871.52
2013-04-29,382660.00,2228.40,506.00,2186.64
2013-04-30,384615.34,2228.80,669.00,1591.16
2013-05-01,385344.00,2228.90,972.00,1268.76
2013-05-02,385435.00,2229.00,1224.00,1207.18
2013-05-03,385525.00,2229.00,1321.00,1322.35
2013-05-04,386484.00,2229.20,1341.00,1796.13
2013-05-05,388590.00,2229.70,1378.00,2431.66
2013-05-06,391570.56,2230.30,1513.00,3019.14
2013-05-07,395715.00,2231.20,1769.00,3856.90
2013-05-08,401178.00,2232.40,1994.00,4744.52
2013-05-09,406758.34,2233.60,2147.00,4955.22
2013-05-10,411431.34,2234.60,2282.00,4638.16
2013-05-11,415792.00,2235.50,2372.00,4575.17
2013-05-12,420136.00,2236.40,2450.00,4643.23
2013-05-13,423934.00,2237.20,2520.00,4434.15
2013-05-14,426554.34,2237.80,2480.00,3802.45
2013-05-15,427600.00,2238.00,2273.00,2797.61
2013-05-16,428752.00,2238.20,1720.00,2313.94
2013-05-17,430613.75,2238.60,1332.00,2275.82
2013-05-18,432342.00,2239.00,1220.00,2090.78
2013-05-19,434011.88,2239.30,1178.00,2020.44
2013-05-20,435411.75,2239.60,1325.00,2037.23
2013-05-21,436470.00,2239.90,1696.00,2232.08
2013-05-22,436614.00,2239.90,2102.00,2178.15
2013-05-23,436326.81,2239.80,2012.00,1871.85
2013-05-24,436230.59,2239.80,1624.00,1577.57
2013-05-25,436518.00,2239.90,1353.00,1381.17
2013-05-26,436614.00,2239.90,1276.00,1445.22
2013-05-27,436902.00,2239.90,1368.00,1524.19
2013-05-28,436566.00,2239.90,1760.00,1593.93
2013-05-29,436374.94,2239.80,1868.00,1771.11
2013-05-30,436374.94,2239.80,1769.00,1770.66
2013-05-31,436374.94,2239.80,1696.00,1698.17
2013-06-01,436230.59,2239.80,1760.00,1685.61
2013-06-02,436230.59,2239.80,1796.00,1791.64
2013-06-03,436421.88,2239.80,1796.00,1892.06
2013-06-04,436421.88,2239.80,2102.00,2099.00
2013-06-05,436566.00,2239.90,2282.00,2357.80
2013-06-06,436421.88,2239.80,2760.00,2689.92
2013-06-07,436326.81,2239.80,2710.00,2666.81
2013-06-08,436566.00,2239.90,2470.00,2593.72
2013-06-09,436470.00,2239.90,2363.00,2313.07
2013-06-10,436374.94,2239.80,2102.00,2053.32
2013-06-11,436470.00,2239.90,1744.00,1803.23
2013-06-12,436566.00,2239.90,1544.00,1592.86
2013-06-13,436470.00,2239.90,1488.00,1440.43
2013-06-14,436230.59,2239.80,1480.00,1360.51
2013-06-15,436038.13,2239.80,1480.00,1379.84
2013-06-16,436086.25,2239.80,1472.00,1499.14
2013-06-17,436278.72,2239.80,1480.00,1577.04
2013-06-18,436614.00,2239.90,1488.00,1654.66
2013-06-19,436566.00,2239.90,1624.00,1601.30
2013-06-20,436710.00,2239.90,1568.00,1640.60
2013-06-21,436662.00,2239.90,1608.00,1587.22
2013-06-22,436374.94,2239.80,1567.00,1427.23
2013-06-23,436278.72,2239.80,1494.00,1443.57
2013-06-24,436374.94,2239.80,1344.00,1400.31
2013-06-25,436662.00,2239.90,1231.00,1377.60
2013-06-26,436518.00,2239.90,1336.00,1270.13
2013-06-27,435894.00,2239.70,1587.00,1273.86
2013-06-28,434828.00,2239.50,1790.00,1263.37
2013-06-29,433820.59,2239.30,2005.00,1501.24
2013-06-30,433100.00,2239.20,2013.00,1655.08
2013-07-01,432582.00,2239.00,1958.00,1704.90
2013-07-02,431574.94,2238.80,2200.00,1701.76
2013-07-03,429798.00,2238.50,2498.00,1610.53
2013-07-04,426984.00,2237.90,2767.00,1365.08
2013-07-05,423080.00,2237.10,3141.00,1194.02
2013-07-06,418574.44,2236.10,3370.00,1115.10
2013-07-07,413817.31,2235.10,3435.00,1056.45
2013-07-08,408950.00,2234.10,3445.00,1010.69
2013-07-09,404055.00,2233.00,3477.00,1024.92
2013-07-10,398490.56,2231.80,3785.00,1008.76
2013-07-11,392306.00,2230.50,3976.00,855.82
2013-07-12,386023.31,2229.10,3976.00,807.10
2013-07-13,379664.00,2227.70,3952.00,739.34
2013-07-14,373135.00,2226.20,3952.00,653.79
2013-07-15,367055.00,2224.90,3724.00,659.74
2013-07-16,361008.00,2223.50,3607.00,558.13
2013-07-17,354783.56,2222.10,3700.00,558.07
2013-07-18,348423.00,2220.70,3832.00,629.28
2013-07-19,341928.00,2219.20,3868.00,588.25
2013-07-20,335413.00,2217.70,3844.00,562.60
2013-07-21,328843.78,2216.10,3820.00,510.20
2013-07-22,322371.59,2214.60,3784.00,526.06
2013-07-23,315864.22,2213.10,3820.00,544.88
2013-07-24,308937.00,2211.40,4000.00,502.46
2013-07-25,301990.00,2209.80,4012.00,514.93
2013-07-26,295011.09,2208.10,3976.00,454.59
2013-07-27,288090.00,2206.40,3928.00,436.18
2013-07-28,281160.00,2204.70,3880.00,388.81
2013-07-29,274436.00,2203.00,3784.00,397.48
2013-07-30,267880.00,2201.40,3712.00,401.24
2013-07-31,261350.00,2199.70,3700.00,407.60
2013-08-01,254942.72,2198.10,3607.00,378.41
2013-08-02,248829.09,2196.60,3432.00,349.40
2013-08-03,243036.19,2195.10,3313.00,384.37
2013-08-04,237331.44,2193.60,3281.00,398.16
2013-08-05,231611.44,2192.10,3261.00,376.21
2013-08-06,225686.00,2190.50,3339.00,342.53
2013-08-07,219534.00,2188.90,3440.00,333.15
2013-08-08,213295.00,2187.20,3474.00,323.89
2013-08-09,207331.27,2185.60,3465.00,443.42
2013-08-10,201524.00,2184.00,3422.00,480.25
2013-08-11,195590.00,2182.40,3380.00,369.26
2013-08-12,189752.00,2180.70,3326.00,368.97
2013-08-13,184035.64,2179.10,3284.00,388.35
2013-08-14,178385.00,2177.50,3241.00,372.68
2013-08-15,172796.00,2175.90,3188.00,354.31
2013-08-16,167422.67,2174.30,3050.00,317.66
2013-08-17,162370.00,2172.90,2875.00,315.84
2013-08-18,157597.00,2171.40,2740.00,321.63
2013-08-19,153016.16,2170.10,2605.00,289.76
2013-08-20,148574.00,2168.70,2490.00,249.32
2013-08-21,144271.00,2167.40,2455.00,287.08
2013-08-22,139941.52,2166.10,2440.00,270.71
2013-08-23,135396.00,2164.70,2415.00,140.59
2013-08-24,130902.15,2163.30,2390.00,147.11
2013-08-25,126580.00,2161.90,2359.00,205.71
2013-08-26,122453.23,2160.60,2300.00,247.31
2013-08-27,118490.37,2159.30,2179.00,214.07
2013-08-28,114938.92,2158.10,2003.00,244.96
2013-08-29,111877.85,2157.10,1783.00,279.29
2013-08-30,109320.22,2156.30,1568.00,320.69
2013-08-31,106970.00,2155.50,1420.00,280.39
2013-09-01,104750.00,2154.70,1318.00,242.49
2013-09-02,102630.00,2154.00,1230.00,208.88
2013-09-03,100786.00,2153.40,1122.00,193.23
2013-09-04,99133.50,2152.80,991.00,167.35
2013-09-05,97915.00,2152.40,871.00,270.36
2013-09-06,96997.21,2152.10,746.00,302.91
2013-09-07,96253.50,2151.80,613.00,261.07
2013-09-08,95647.73,2151.60,522.00,245.53
2013-09-09,95162.00,2151.40,431.00,215.25
2013-09-10,94852.57,2151.30,345.00,221.33
2013-09-11,94678.14,2151.30,279.00,195.94
2013-09-12,94536.00,2151.20,241.00,165.45
2013-09-13,94452.00,2151.20,230.00,183.20
2013-09-14,94340.00,2151.20,226.00,166.53
2013-09-15,94252.79,2151.10,226.00,178.28
2013-09-16,94079.07,2151.10,222.00,131.92
2013-09-17,93994.00,2151.00,215.00,177.05
2013-09-18,93882.00,2151.00,211.00,163.03
2013-09-19,93770.00,2151.00,211.00,163.43
2013-09-20,93654.00,2150.90,211.00,161.05
2013-09-21,93509.00,2150.90,211.00,146.40
2013-09-22,93451.93,2150.80,211.00,190.73
2013-09-23,93424.55,2150.80,210.00,205.69
2013-09-24,93538.00,2150.90,210.00,276.70
2013-09-25,93625.00,2150.90,210.00,263.36
2013-09-26,93654.00,2150.90,210.00,233.65
2013-09-27,93712.00,2150.90,210.00,248.74
2013-09-28,94396.00,2151.20,209.00,564.53
2013-09-29,96253.50,2151.80,209.00,1155.99
2013-09-30,99858.14,2153.10,212.00,2040.54
2013-10-01,102304.00,2153.90,212.00,1454.59
2013-10-02,104040.00,2154.50,213.00,1098.23
2013-10-03,105340.00,2154.90,214.00,878.42
2013-10-04,106376.28,2155.30,226.00,745.07
2013-10-05,107237.21,2155.60,230.00,657.05
2013-10-06,108040.00,2155.90,231.00,627.74
2013-10-07,109027.00,2156.20,232.00,720.54
2013-10-08,110610.00,2156.70,233.00,1021.13
2013-10-09,111940.00,2157.20,237.00,895.86
2013-10-10,112930.00,2157.50,238.00,724.35
2013-10-11,113720.00,2157.70,239.00,624.79
2013-10-12,114360.00,2158.00,240.00,549.17
2013-10-13,114845.70,2158.10,241.00,471.30
2013-10-14,115270.00,2158.30,241.00,440.42
2013-10-15,115610.00,2158.40,242.00,397.92
2013-10-16,115880.00,2158.50,240.00,360.27
2013-10-17,116128.00,2158.50,240.00,348.03
2013-10-18,116339.63,2158.60,241.00,329.70
2013-10-19,116521.00,2158.70,242.00,314.44
2013-10-20,116676.00,2158.70,243.00,300.73
2013-10-21,116831.08,2158.80,241.00,297.90
2013-10-22,116986.45,2158.80,241.00,297.83
2013-10-23,117140.00,2158.90,242.00,296.91
2013-10-24,117290.00,2158.90,243.00,295.13
2013-10-25,117410.00,2159.00,244.00,280.00
2013-10-26,117472.00,2159.00,245.00,250.76
2013-10-27,117534.00,2159.00,246.00,250.76
2013-10-28,117534.00,2159.00,247.00,219.50
2013-10-29,117503.00,2159.00,248.00,203.87
2013-10-30,117380.00,2158.90,248.00,155.94
2013-10-31,117410.00,2159.00,246.00,232.40
2013-11-01,117320.00,2158.90,247.00,172.32
2013-11-02,117627.00,2159.00,251.00,372.62
2013-11-03,117905.70,2159.10,248.00,357.49
2013-11-04,117967.85,2159.10,249.00,247.34
2013-11-05,118123.00,2159.20,250.00,294.22
2013-11-06,118247.00,2159.20,251.00,278.52
2013-11-07,118609.93,2159.30,255.00,401.73
2013-11-08,119105.00,2159.50,256.00,469.10
2013-11-09,119538.92,2159.60,257.00,438.16
2013-11-10,119880.00,2159.80,254.00,389.00
2013-11-11,120221.00,2159.90,255.00,387.92
2013-11-12,120593.00,2160.00,256.00,403.55
2013-11-13,121368.00,2160.20,257.00,607.29
2013-11-14,122236.00,2160.50,262.00,656.77
2013-11-15,123322.00,2160.90,262.00,767.06
2013-11-16,124416.00,2161.20,265.00,771.06
2013-11-17,125139.00,2161.40,264.00,584.05
2013-11-18,126388.92,2161.80,268.00,852.91
2013-11-19,129228.00,2162.70,273.00,1657.87
2013-11-20,131598.00,2163.50,274.00,1421.38
2013-11-21,133156.00,2164.00,275.00,1011.99
2013-11-22,134307.92,2164.30,276.00,807.26
2013-11-23,135267.92,2164.60,276.00,710.50
2013-11-24,136004.00,2164.90,277.00,597.61
2013-11-25,136612.08,2165.10,278.00,533.07
2013-11-26,137164.00,2165.20,279.00,504.76
2013-11-27,137710.00,2165.40,240.00,503.31
2013-11-28,138190.00,2165.60,225.00,467.72
2013-11-29,138616.00,2165.70,221.00,437.78
2013-11-30,139160.00,2165.90,220.00,497.39
2013-12-01,142245.41,2166.80,237.00,1796.39
2013-12-02,145878.00,2167.90,236.00,2073.63
2013-12-03,148276.92,2168.60,232.00,1446.46
2013-12-04,149893.84,2169.10,232.00,1052.20
2013-12-05,151247.00,2169.50,231.00,919.22
2013-12-06,152214.64,2169.80,230.00,724.85
2013-12-07,153114.59,2170.10,230.00,690.73
2013-12-08,153780.42,2170.30,229.00,572.69
2013-12-09,154450.00,2170.50,228.00,574.58
2013-12-10,154950.00,2170.70,228.00,489.08
2013-12-11,155455.41,2170.80,231.00,494.16
2013-12-12,155926.00,2170.90,230.00,477.23
2013-12-13,156358.17,2171.10,226.00,454.89
2013-12-14,156729.00,2171.20,225.00,423.96
2013-12-15,157130.42,2171.30,224.00,439.38
2013-12-16,157366.00,2171.40,224.00,355.77
2013-12-17,157630.00,2171.50,223.00,371.01
2013-12-18,157902.00,2171.50,221.00,360.13
2013-12-19,158139.58,2171.60,219.00,342.78
2013-12-20,158708.17,2171.80,221.00,511.45
2013-12-21,158844.50,2171.80,216.00,291.73
2013-12-22,159150.00,2171.90,214.00,377.26
2013-12-23,160000.00,2172.20,216.00,655.90
2013-12-24,160636.92,2172.30,217.00,551.11
2013-12-25,161146.00,2172.50,215.00,486.66
2013-12-26,161690.00,2172.70,214.00,504.27
2013-12-27,162166.33,2172.80,212.00,470.15
2013-12-28,162574.00,2172.90,210.00,435.53
2013-12-29,162948.00,2173.00,208.00,418.56
2013-12-30,163287.75,2173.10,206.00,401.29
2013-12-31,163730.00,2173.30,204.00,452.97
2014-01-01,164035.92,2173.30,203.00,384.24
2014-01-02,164682.00,2173.50,201.00,556.19
2014-01-03,165100.00,2173.70,199.00,441.38
2014-01-04,165542.00,2173.80,201.00,455.79
2014-01-05,165984.00,2173.90,199.00,456.34
2014-01-06,166561.00,2174.10,197.00,524.40
2014-01-07,166732.00,2174.10,195.00,459.87
2014-01-08,167115.00,2174.20,204.00,286.44
2014-01-09,167728.00,2174.40,209.00,519.64
2014-01-10,168349.58,2174.60,212.00,525.66
2014-01-11,169516.00,2174.90,216.00,804.07
2014-01-12,171100.00,2175.40,222.00,1021.05
2014-01-13,172830.00,2175.90,226.00,1097.47
2014-01-14,174628.00,2176.40,222.00,1131.15
2014-01-15,176085.92,2176.80,225.00,961.54
2014-01-16,177380.00,2177.20,225.00,878.93
2014-01-17,178455.00,2177.50,225.00,768.48
2014-01-18,179400.34,2177.80,230.00,705.13
2014-01-19,180205.00,2178.00,228.00,634.10
2014-01-20,180940.00,2178.20,224.00,597.76
2014-01-21,181570.00,2178.40,228.00,545.93
2014-01-22,182203.47,2178.60,224.00,545.87
2014-01-23,182700.00,2178.70,224.00,476.83
2014-01-24,183190.00,2178.90,224.00,473.54
2014-01-25,183540.00,2179.00,223.00,402.96
2014-01-26,183928.27,2179.10,223.00,422.32
2014-01-27,184250.00,2179.20,223.00,388.71
2014-01-28,184635.25,2179.30,223.00,418.51
2014-01-29,185310.00,2179.50,226.00,565.87
2014-01-30,185625.08,2179.60,222.00,381.85
2014-01-31,185904.92,2179.60,222.00,364.09
2014-02-01,186120.00,2179.70,225.00,333.24
2014-02-02,186335.08,2179.80,224.00,334.94
2014-02-03,186475.42,2179.80,224.00,296.18
2014-02-04,186614.92,2179.80,220.00,295.01
2014-02-05,186580.69,2179.80,223.00,208.57
2014-02-06,186580.69,2179.80,223.00,226.50
2014-02-07,186650.00,2179.90,223.00,261.45
2014-02-08,186794.00,2179.90,222.00,298.15
2014-02-09,186866.00,2179.90,222.00,262.80
2014-02-10,187185.00,2180.00,221.00,387.33
2014-02-11,187432.17,2180.10,221.00,352.26
2014-02-12,188080.00,2180.30,224.00,556.61
2014-02-13,188646.00,2180.40,224.00,515.36
2014-02-14,189212.17,2180.60,224.00,515.92
2014-02-15,189860.00,2180.80,223.00,557.58
2014-02-16,190290.00,2180.90,223.00,446.79
2014-02-17,191038.27,2181.10,222.00,607.25
2014-02-18,191535.00,2181.20,226.00,482.33
2014-02-19,192036.00,2181.40,222.00,483.41
2014-02-20,192720.00,2181.60,225.00,576.98
2014-02-21,192792.17,2181.60,225.00,269.72
2014-02-22,193007.83,2181.60,224.00,342.23
2014-02-23,193368.00,2181.70,224.00,415.09
2014-02-24,193656.53,2181.80,223.00,378.97
2014-02-25,193800.00,2181.90,223.00,305.83
2014-02-26,193836.00,2181.90,223.00,251.65
2014-02-27,193872.00,2181.90,222.00,251.65
2014-02-28,193908.00,2181.90,222.00,251.65
2014-03-01,193980.00,2181.90,222.00,269.80
2014-03-02,194160.00,2182.00,221.00,324.25
2014-03-03,194520.00,2182.10,221.00,414.51
2014-03-04,194906.00,2182.20,221.00,427.94
2014-03-05,196024.00,2182.50,220.00,798.85
2014-03-06,197976.00,2183.00,223.00,1221.81
2014-03-07,200217.83,2183.60,230.00,1372.67
2014-03-08,202729.64,2184.30,229.00,1510.46
2014-03-09,207914.00,2185.70,235.00,2864.24
2014-03-10,213628.36,2187.30,230.00,3115.83
2014-03-11,217708.00,2188.40,229.00,2289.39
2014-03-12,220768.00,2189.20,228.00,1777.55
2014-03-13,223160.00,2189.90,231.00,1442.02
2014-03-14,225947.45,2190.60,230.00,1643.31
2014-03-15,228625.45,2191.30,232.00,1592.35
2014-03-16,231312.00,2192.00,234.00,1599.22
2014-03-17,234168.09,2192.80,237.00,1686.90
2014-03-18,236496.00,2193.40,236.00,1421.15
2014-03-19,238710.00,2194.00,235.00,1364.31
2014-03-20,240367.00,2194.40,237.00,1086.37
2014-03-21,241838.09,2194.80,236.00,992.68
2014-03-22,243074.28,2195.10,235.00,875.98
2014-03-23,244276.00,2195.40,238.00,860.37
2014-03-24,245358.00,2195.70,226.00,788.72
2014-03-25,246567.00,2196.00,207.00,836.48
2014-03-26,247815.48,2196.30,203.00,852.39
2014-03-27,249023.63,2196.60,202.00,832.10
2014-03-28,250510.00,2197.00,201.00,972.38
2014-03-29,251842.77,2197.30,203.00,897.80
2014-03-30,253139.00,2197.70,202.00,879.84
2014-03-31,254358.00,2198.00,201.00,841.08
2014-04-01,255499.09,2198.30,200.00,801.80
2014-04-02,256562.00,2198.50,199.00,762.38
2014-04-03,257664.58,2198.80,198.00,783.77
2014-04-04,258775.42,2199.10,200.00,788.83
2014-04-05,260280.00,2199.50,199.00,987.79
2014-04-06,261829.00,2199.90,195.00,1005.92
2014-04-07,263770.00,2200.40,191.00,1201.59
2014-04-08,266530.00,2201.00,190.00,1614.50
2014-04-09,269930.00,2201.90,189.00,1937.17
2014-04-10,272739.41,2202.60,364.00,1765.25
2014-04-11,274559.00,2203.00,635.00,1552.90
2014-04-12,276130.00,2203.40,640.00,1432.05
2014-04-13,277666.59,2203.80,640.00,1414.80
2014-04-14,279655.50,2204.30,380.00,1387.84
2014-04-15,282013.00,2204.90,234.00,1418.68
2014-04-16,284453.00,2205.50,234.00,1461.84
2014-04-17,287231.00,2206.20,237.00,1634.08
2014-04-18,290008.91,2206.80,234.00,1631.73
2014-04-19,292961.09,2207.60,237.00,1720.49
2014-04-20,295380.00,2208.20,234.00,1449.53
2014-04-21,297645.00,2208.70,234.00,1372.89
2014-04-22,300043.31,2209.30,234.00,1439.15
2014-04-23,302652.00,2209.90,234.00,1545.27
2014-04-24,305477.38,2210.60,234.00,1655.17
2014-04-25,308230.00,2211.30,234.00,1617.78
2014-04-26,310740.00,2211.90,234.00,1495.46
2014-04-27,313008.00,2212.40,234.00,1373.45
2014-04-28,314897.91,2212.80,234.00,1182.83
2014-04-29,316662.09,2213.30,234.00,1118.84
2014-04-30,318646.00,2213.70,230.00,1227.96
2014-05-01,321399.00,2214.40,230.00,1614.54
2014-05-02,325688.00,2215.40,230.00,2388.87
2014-05-03,331457.00,2216.70,230.00,3136.19
2014-05-04,336703.00,2218.00,234.00,2874.86
2014-05-05,341195.00,2219.00,234.00,2494.72
2014-05-06,345232.00,2219.90,234.00,2265.32
2014-05-07,348986.44,2220.80,234.00,2122.86
2014-05-08,352804.00,2221.70,234.00,2155.93
2014-05-09,356808.22,2222.60,234.00,2248.50
2014-05-10,360436.00,2223.40,230.00,2057.08
2014-05-11,363674.66,2224.10,234.00,1862.77
2014-05-12,366744.66,2224.80,234.00,1777.79
2014-05-13,370095.13,2225.60,261.00,1933.61
2014-05-14,374350.00,2226.50,315.00,2429.22
2014-05-15,380750.00,2227.90,396.00,3572.38
2014-05-16,387854.00,2229.50,767.00,4463.60
2014-05-17,393410.00,2230.70,1195.00,4094.15
2014-05-18,397100.00,2231.50,1458.00,3397.83
2014-05-19,399650.00,2232.10,1633.00,2962.00
2014-05-20,402101.34,2232.60,1584.00,2836.37
2014-05-21,405126.00,2233.20,1425.00,2961.52
2014-05-22,408856.00,2234.00,1386.00,3281.38
2014-05-23,413724.22,2235.10,1403.00,3868.60
2014-05-24,417964.00,2236.00,1460.00,3605.93
2014-05-25,421035.66,2236.60,1494.00,3048.88
2014-05-26,423550.00,2237.20,1407.00,2684.82
2014-05-27,425835.78,2237.60,1368.00,2524.50
2014-05-28,427600.00,2238.00,1361.00,2260.50
2014-05-29,428992.47,2238.30,1370.00,2078.33
2014-05-30,430038.00,2238.50,1379.00,1911.21
2014-05-31,431238.13,2238.80,1380.00,1989.31
2014-06-01,433292.00,2239.20,1381.00,2421.16
2014-06-02,435362.63,2239.60,1750.00,2811.51
2014-06-03,436614.00,2239.90,2689.00,3347.39
2014-06-04,436518.00,2239.90,3124.00,3105.37
2014-06-05,436182.47,2239.80,2852.00,2712.07
2014-06-06,436421.88,2239.80,2330.00,2481.36
2014-06-07,436710.00,2239.90,2133.00,2300.14
2014-06-08,436758.00,2239.90,2252.00,2297.06
2014-06-09,436758.00,2239.90,2518.00,2536.55
2014-06-10,436710.00,2239.90,2599.00,2595.96
2014-06-11,436470.00,2239.90,2129.00,2030.96
2014-06-12,436326.81,2239.80,1942.00,1887.92
2014-06-13,436614.00,2239.90,1853.00,2016.31
2014-06-14,436614.00,2239.90,1740.00,1754.77
2014-06-15,436662.00,2239.90,1637.00,1673.70
2014-06-16,436566.00,2239.90,1582.00,1539.72
2014-06-17,436134.34,2239.80,1551.00,1342.04
2014-06-18,435798.00,2239.70,1544.00,1383.26
2014-06-19,435798.00,2239.70,1536.00,1544.42
2014-06-20,435846.00,2239.70,1537.00,1570.20
2014-06-21,435798.00,2239.70,1537.00,1520.05
2014-06-22,435460.88,2239.60,1537.00,1373.62
2014-06-23,435313.53,2239.60,1530.00,1463.42
2014-06-24,435362.63,2239.60,1666.00,1696.79
2014-06-25,434924.00,2239.50,1798.00,1586.30
2014-06-26,434108.00,2239.40,1961.00,1553.91
2014-06-27,433148.00,2239.20,2006.00,1528.09
2014-06-28,432534.00,2239.00,2006.00,1702.25
2014-06-29,432006.00,2238.90,2007.00,1744.11
2014-06-30,430854.00,2238.70,2061.00,1481.03
2014-07-01,428896.25,2238.30,2368.00,1391.03
2014-07-02,426314.00,2237.70,2715.00,1419.26
2014-07-03,423267.31,2237.10,2946.00,1417.24
2014-07-04,419901.00,2236.40,3006.00,1314.85
2014-07-05,416074.22,2235.60,3141.00,1215.36
2014-07-06,411712.88,2234.60,3340.00,1145.70
2014-07-07,407456.00,2233.70,3406.00,1262.31
2014-07-08,403406.00,2232.90,3362.00,1321.98
2014-07-09,398996.00,2231.90,3517.00,1299.41
2014-07-10,393962.78,2230.80,3758.00,1227.29
2014-07-11,388497.78,2229.60,3915.00,1166.35
2014-07-12,382795.00,2228.40,3939.00,1062.60
2014-07-13,377139.78,2227.10,3988.00,1138.08
2014-07-14,371390.00,2225.90,3988.00,1089.78
2014-07-15,365804.44,2224.60,3962.00,1145.88
2014-07-16,360084.66,2223.30,4007.00,1132.46
2014-07-17,354080.00,2222.00,4053.00,1035.40
2014-07-18,347852.00,2220.50,4050.00,924.67
2014-07-19,341796.91,2219.10,4000.00,961.35
2014-07-20,335843.09,2217.80,3974.00,985.22
2014-07-21,329919.00,2216.40,3851.00,881.27
2014-07-22,324114.00,2215.00,3741.00,827.75
2014-07-23,318478.00,2213.70,3609.00,792.86
2014-07-24,313134.00,2212.40,3519.00,849.94
2014-07-25,308062.00,2211.20,3418.00,886.41
2014-07-26,302984.00,2210.00,3295.00,761.13
2014-07-27,297768.00,2208.70,3259.00,660.44
2014-07-28,292500.00,2207.50,3235.00,613.20
2014-07-29,286984.50,2206.10,3354.00,607.70
2014-07-30,280670.00,2204.60,3605.00,458.82
2014-07-31,274518.00,2203.00,3803.00,536.73
2014-08-01,267760.00,2201.40,3789.00,419.03
2014-08-02,261430.09,2199.80,3666.00,520.98
2014-08-03,255300.00,2198.20,3618.00,577.72
2014-08-04,249140.91,2196.60,3550.00,495.16
2014-08-05,243149.53,2195.10,3471.00,499.38
2014-08-06,237142.00,2193.50,3424.00,447.69
2014-08-07,231201.00,2192.00,3389.00,441.70
2014-08-08,225382.00,2190.40,3343.00,463.45
2014-08-09,219572.00,2188.90,3308.00,438.43
2014-08-10,213850.00,2187.40,3273.00,448.93
2014-08-11,208098.36,2185.80,3237.00,401.96
2014-08-12,202802.91,2184.30,3202.00,593.17
2014-08-13,198263.47,2183.10,3134.00,832.85
2014-08-14,193836.00,2181.90,2998.00,760.79
2014-08-15,189427.83,2180.60,2786.00,555.77
2014-08-16,185310.00,2179.50,2654.00,575.18
2014-08-17,181185.00,2178.30,2612.00,527.45
2014-08-18,176680.00,2177.00,2560.00,284.77
2014-08-19,172415.25,2175.80,2478.00,334.18
2014-08-20,168282.25,2174.60,2425.00,348.83
2014-08-21,164138.00,2173.40,2402.00,315.76
2014-08-22,160068.00,2172.20,2372.00,326.23
2014-08-23,156059.00,2171.00,2343.00,332.00
2014-08-24,152016.16,2169.80,2313.00,288.17
2014-08-25,148276.92,2168.60,2140.00,272.35
2014-08-26,144987.92,2167.60,1913.00,270.54
2014-08-27,142048.00,2166.70,1686.00,226.39
2014-08-28,139522.00,2166.00,1492.00,237.18
2014-08-29,137326.23,2165.30,1320.00,236.98
2014-08-30,135428.00,2164.70,1213.00,273.55
2014-08-31,133635.84,2164.10,1106.00,226.07
2014-09-01,132110.00,2163.70,1010.00,264.68
2014-09-02,130902.15,2163.30,916.00,329.70
2014-09-03,129826.00,2162.90,759.00,238.48
2014-09-04,129291.08,2162.80,600.00,336.75
2014-09-05,128875.84,2162.60,502.00,300.39
2014-09-06,128527.00,2162.50,420.00,232.58
2014-09-07,128214.00,2162.40,368.00,203.07
2014-09-08,127958.92,2162.30,324.00,192.42
2014-09-09,127711.08,2162.30,308.00,183.05
2014-09-10,127424.00,2162.20,304.00,163.26
2014-09-11,127266.77,2162.10,277.00,198.42
2014-09-12,126988.00,2162.00,264.00,121.04
2014-09-13,126802.00,2162.00,266.00,166.47
2014-09-14,126580.00,2161.90,264.00,146.07
2014-09-15,126327.53,2161.80,265.00,130.71
2014-09-16,126141.08,2161.80,251.00,149.25
2014-09-17,125955.00,2161.70,241.00,139.69
2014-09-18,125800.00,2161.70,242.00,154.59
2014-09-19,125576.23,2161.60,239.00,117.64
2014-09-20,125387.00,2161.50,239.00,134.59
2014-09-21,125232.00,2161.50,240.00,151.85
2014-09-22,125077.00,2161.40,237.00,148.96
2014-09-23,124953.00,2161.40,237.00,163.98
2014-09-24,124953.00,2161.40,238.00,224.77
2014-09-25,124891.00,2161.40,235.00,191.74
2014-09-26,124953.00,2161.40,235.00,253.95
2014-09-27,124953.00,2161.40,232.00,219.50
2014-09-28,124984.00,2161.40,233.00,235.13
2014-09-29,124953.00,2161.40,233.00,205.46
2014-09-30,124860.00,2161.40,237.00,175.09
2014-10-01,124827.92,2161.30,221.56,205.39
2014-10-02,124891.00,2161.40,223.00,254.80
2014-10-03,124891.00,2161.40,223.00,223.00
2014-10-04,124860.00,2161.40,223.00,207.37
2014-10-05,124732.47,2161.30,222.82,158.52
2014-10-06,124636.23,2161.30,219.85,171.33
2014-10-07,124509.00,2161.20,219.50,155.35
2014-10-08,124385.00,2161.20,222.07,159.55
2014-10-09,124230.00,2161.20,222.93,144.78
2014-10-10,124074.62,2161.10,221.71,143.37
2014-10-11,124074.62,2161.10,223.98,223.98
2014-10-12,123889.00,2161.00,226.50,132.92
2014-10-13,123734.00,2161.00,226.50,148.35
2014-10-14,123546.00,2160.90,225.11,130.33
2014-10-15,123610.00,2161.00,224.33,256.60
2014-10-16,123610.00,2161.00,223.69,223.69
2014-10-17,123734.00,2161.00,240.00,285.52
2014-10-18,123951.08,2161.10,240.00,332.44
2014-10-19,124323.00,2161.20,240.00,410.51
2014-10-20,124827.92,2161.30,240.00,477.56
2014-10-21,125139.00,2161.40,240.00,379.84
2014-10-22,126141.08,2161.80,240.00,728.21
2014-10-23,128372.00,2162.50,240.00,1347.76
2014-10-24,130359.61,2163.10,240.00,1226.93
2014-10-25,132013.77,2163.60,240.00,1060.09
2014-10-26,134084.16,2164.30,241.46,1270.56
2014-10-27,135876.63,2164.80,243.83,1132.12
2014-10-28,137582.00,2165.40,247.00,1089.79
2014-10-29,139810.00,2166.10,247.00,1353.28
2014-10-30,142443.00,2166.90,247.10,1557.56
2014-10-31,146266.00,2168.00,251.00,2160.93
2014-11-01,149333.00,2169.00,251.00,1797.28
2014-11-02,151449.58,2169.60,251.00,1318.11
2014-11-03,153313.00,2170.20,253.98,1193.46
2014-11-04,156960.00,2171.30,254.00,2092.70
2014-11-05,160340.00,2172.30,254.00,1958.08
2014-11-06,162982.00,2173.00,254.00,1586.01
2014-11-07,166154.00,2174.00,246.55,1845.77
2014-11-08,168248.17,2174.60,235.43,1291.24
2014-11-09,170512.00,2175.20,235.51,1376.85
2014-11-10,172345.08,2175.80,233.61,1157.79
2014-11-11,173725.00,2176.20,233.50,929.21
2014-11-12,174800.00,2176.50,234.67,776.65
2014-11-13,175745.00,2176.70,234.38,710.81
2014-11-14,176435.00,2176.90,233.50,581.38
2014-11-15,177029.66,2177.10,233.50,533.31
2014-11-16,177485.00,2177.20,233.50,463.07
2014-11-17,177895.00,2177.40,233.50,440.21
2014-11-18,178245.00,2177.50,233.50,409.96
2014-11-19,178560.00,2177.60,233.50,392.31
2014-11-20,178839.83,2177.60,233.50,374.58
2014-11-21,179540.69,2177.80,234.19,587.54
2014-11-22,180065.00,2178.00,234.27,498.61
2014-11-23,180975.00,2178.20,239.72,698.51
2014-11-24,181675.00,2178.40,241.76,594.67
2014-11-25,185450.00,2179.50,261.24,2164.48
2014-11-26,194088.00,2181.90,242.18,4597.17
2014-11-27,203380.00,2184.50,233.50,4918.22
2014-11-28,215219.00,2187.70,232.57,6201.40
2014-11-29,223236.00,2189.90,230.13,4272.03
2014-11-30,227490.00,2191.00,233.50,2378.23
2014-12-01,230330.00,2191.80,233.50,1665.33
2014-12-02,232486.66,2192.30,233.50,1320.81
2014-12-03,234206.19,2192.80,233.50,1100.43
2014-12-04,235650.00,2193.20,233.50,961.42
2014-12-05,236876.00,2193.50,233.50,851.61
2014-12-06,238140.47,2193.80,233.50,871.00
2014-12-07,239100.00,2194.10,233.50,717.26
2014-12-08,239946.19,2194.30,233.50,660.12
2014-12-09,241059.09,2194.60,233.50,794.59
2014-12-10,243111.44,2195.10,228.54,1263.27
2014-12-11,245748.19,2195.80,228.75,1558.11
2014-12-12,248127.00,2196.40,228.73,1428.05
2014-12-13,249960.00,2196.90,230.00,1154.14
2014-12-14,251530.00,2197.30,232.02,1023.57
2014-12-15,252865.42,2197.60,225.93,899.21
2014-12-16,254080.00,2197.90,216.00,828.35
2014-12-17,255140.00,2198.20,216.00,750.42
2014-12-18,256170.00,2198.40,216.00,735.29
2014-12-19,257118.00,2198.70,216.31,694.26
2014-12-20,258659.09,2199.10,222.27,999.24
2014-12-21,260872.72,2199.60,237.57,1353.60
2014-12-22,263180.00,2200.20,233.70,1396.96
2014-12-23,265290.00,2200.70,233.50,1297.29
2014-12-24,267680.78,2201.30,231.88,1437.23
2014-12-25,269690.78,2201.80,230.93,1244.31
2014-12-26,271370.00,2202.30,233.43,1080.03
2014-12-27,273062.00,2202.70,233.50,1086.55
2014-12-28,274354.00,2203.00,233.50,884.88
2014-12-29,275482.19,2203.30,233.50,802.29
2014-12-30,276374.00,2203.50,233.50,683.12
2014-12-31,277100.00,2203.70,233.61,599.63
2015-01-01,277788.91,2203.80,233.50,580.82
2015-01-02,278480.00,2204.00,233.50,581.93
2015-01-03,279050.00,2204.20,233.50,520.88
2015-01-04,280180.00,2204.40,233.92,803.63
2015-01-05,285840.69,2205.80,251.09,3105.02
2015-01-06,292140.00,2207.40,248.74,3424.64
2015-01-07,295995.50,2208.30,249.49,2193.30
2015-01-08,298885.00,2209.00,251.00,1707.79
2015-01-09,301160.00,2209.60,253.93,1400.91
2015-01-10,303025.00,2210.00,254.50,1194.77
2015-01-11,304648.00,2210.40,254.50,1072.76
2015-01-12,306017.00,2210.70,254.50,944.70
2015-01-13,307274.00,2211.00,254.50,888.24
2015-01-14,308272.09,2211.30,254.50,757.71
2015-01-15,309312.00,2211.50,254.50,778.79
2015-01-16,310152.00,2211.70,264.85,688.35
2015-01-17,311202.00,2212.00,280.73,810.11
2015-01-18,312420.00,2212.30,282.88,896.96
2015-01-19,313722.09,2212.60,287.55,944.02
2015-01-20,314604.22,2212.80,289.50,734.24
2015-01-21,315444.00,2213.00,289.50,712.89
2015-01-22,316242.00,2213.20,271.22,673.54
2015-01-23,317208.00,2213.40,253.08,740.10
2015-01-24,320000.00,2214.10,249.91,1657.54
2015-01-25,323904.00,2215.00,252.08,2220.34
2015-01-26,327052.00,2215.70,254.50,1841.62
2015-01-27,329876.00,2216.40,254.50,1678.27
2015-01-28,332231.00,2216.90,256.12,1443.44
2015-01-29,334290.00,2217.40,252.79,1290.87
2015-01-30,336058.63,2217.80,251.00,1142.68
2015-01-31,337606.00,2218.20,251.00,1031.14
2015-02-01,339078.00,2218.50,254.26,996.40
2015-02-02,340496.91,2218.80,254.50,969.87
2015-02-03,341667.59,2219.10,254.50,844.72
2015-02-04,342925.00,2219.40,256.30,890.25
2015-02-05,344186.00,2219.70,258.00,893.75
2015-02-06,347104.00,2220.40,258.00,1729.16
2015-02-07,352188.00,2221.50,261.23,2824.41
2015-02-08,357292.00,2222.70,262.17,2835.44
2015-02-09,361499.78,2223.60,265.00,2386.42
2015-02-10,365580.00,2224.60,265.00,2322.11
2015-02-11,369240.00,2225.40,268.08,2113.33
2015-02-12,372290.00,2226.10,268.50,1806.21
2015-02-13,375070.00,2226.70,271.40,1672.98
2015-02-14,377590.00,2227.20,272.00,1542.50
2015-02-15,380030.22,2227.80,272.89,1503.17
2015-02-16,382020.00,2228.20,275.26,1278.44
2015-02-17,383839.56,2228.60,263.49,1180.85
2015-02-18,385344.00,2228.90,251.82,1010.31
2015-02-19,386805.13,2229.30,223.00,959.65
2015-02-20,388038.00,2229.50,223.00,844.57
2015-02-21,389132.22,2229.80,223.00,774.67
2015-02-22,390144.00,2230.00,223.80,733.91
2015-02-23,391110.00,2230.20,229.47,716.50
2015-02-24,391892.00,2230.40,234.30,628.56
2015-02-25,392628.00,2230.50,234.28,605.35
2015-02-26,393272.00,2230.70,237.00,561.68
2015-02-27,394192.00,2230.90,237.00,700.83
2015-02-28,394790.00,2231.00,237.00,538.49
2015-03-01,395341.66,2231.10,237.00,515.13
2015-03-02,395809.00,2231.20,237.00,472.62
2015-03-03,396272.78,2231.30,237.00,470.82
2015-03-04,396594.00,2231.40,237.00,398.95
2015-03-05,396962.00,2231.50,237.00,422.53
2015-03-06,397284.00,2231.50,237.00,399.34
2015-03-07,397611.53,2231.60,237.00,402.13
2015-03-08,397984.00,2231.70,237.00,424.79
2015-03-09,398260.00,2231.80,235.30,374.45
2015-03-10,398766.00,2231.90,233.50,488.61
2015-03-11,399134.00,2231.90,232.02,417.56
2015-03-12,399879.44,2232.10,230.35,606.17
2015-03-13,400664.22,2232.30,233.50,629.16
2015-03-14,403031.34,2232.80,233.50,1426.93
2015-03-15,408112.00,2233.90,236.09,2797.59
2015-03-16,412642.88,2234.80,247.14,2531.45
2015-03-17,415745.00,2235.50,255.50,1819.49
2015-03-18,418011.00,2236.00,253.88,1396.32
2015-03-19,419901.00,2236.40,239.95,1192.83
2015-03-20,421462.00,2236.70,259.73,1046.74
2015-03-21,423080.00,2237.10,253.66,1069.40
2015-03-22,424644.00,2237.40,256.78,1045.30
2015-03-23,425930.00,2237.70,256.18,904.54
2015-03-24,427266.00,2237.90,238.04,911.61
2015-03-25,428944.34,2238.30,252.93,1099.10
2015-03-26,430565.66,2238.60,260.37,1077.78
2015-03-27,432390.00,2239.00,267.52,1187.29
2015-03-28,434636.00,2239.50,311.14,1443.50
2015-03-29,435990.00,2239.80,568.62,1251.26
2015-03-30,436182.47,2239.80,1005.11,1102.15
2015-03-31,436326.81,2239.80,1131.44,1204.22
2015-04-01,436230.59,2239.80,1116.82,1068.31
2015-04-02,436566.00,2239.90,844.64,1013.74
2015-04-03,436614.00,2239.90,813.87,838.07
2015-04-04,436710.00,2239.90,749.71,798.11
2015-04-05,436518.00,2239.90,782.88,686.08
2015-04-06,436566.00,2239.90,643.62,667.82
2015-04-07,436566.00,2239.90,606.09,606.09
2015-04-08,436518.00,2239.90,601.35,577.15
2015-04-09,436518.00,2239.90,546.64,546.64
2015-04-10,436566.00,2239.90,525.00,549.20
2015-04-11,436710.00,2239.90,542.68,615.28
2015-04-12,436614.00,2239.90,632.45,584.05
2015-04-13,436278.72,2239.80,638.23,469.19
2015-04-14,436086.25,2239.80,634.45,537.42
2015-04-15,435702.00,2239.70,626.74,433.02
2015-04-16,435167.38,2239.60,699.65,430.11
2015-04-17,434540.00,2239.50,729.57,413.27
2015-04-18,434060.00,2239.40,777.69,535.69
2015-04-19,433772.47,2239.30,790.61,645.65
2015-04-20,433676.25,2239.30,786.00,737.49
2015-04-21,433628.13,2239.30,870.00,845.74
2015-04-22,433484.00,2239.20,987.95,915.29
2015-04-23,433148.00,2239.20,1049.56,880.16
2015-04-24,432677.13,2239.10,1062.32,824.92
2015-04-25,431958.00,2238.90,1051.78,689.22
2015-04-26,431142.00,2238.70,1037.78,626.38
2015-04-27,429990.00,2238.50,1191.13,610.32
2015-04-28,428368.00,2238.20,1426.59,608.83
2015-04-29,426841.88,2237.80,1512.67,743.24
2015-04-30,425460.00,2237.60,1487.00,790.30
2015-05-01,423838.00,2237.20,1569.96,752.20
2015-05-02,422271.00,2236.90,1587.62,797.60
2015-05-03,420559.00,2236.50,1616.46,753.32
2015-05-04,418951.00,2236.20,1608.33,797.63
2015-05-05,416685.00,2235.70,1996.07,853.63
2015-05-06,413442.00,2235.00,2460.36,825.35
2015-05-07,410302.88,2234.30,2267.30,684.66
2015-05-08,407926.91,2233.80,1884.45,686.57
2015-05-09,405868.00,2233.40,1706.60,668.57
2015-05-10,404196.00,2233.00,1548.96,705.99
2015-05-11,403452.00,2232.90,1237.04,861.94
2015-05-12,403498.00,2232.90,1006.03,1029.22
2015-05-13,403774.00,2232.90,768.04,907.19
2015-05-14,404382.22,2233.10,583.38,890.02
2015-05-15,404985.00,2233.20,517.19,821.09
2015-05-16,405542.78,2233.30,513.58,794.79
2015-05-17,406103.00,2233.40,556.46,838.90
2015-05-18,406620.00,2233.60,550.52,811.18
2015-05-19,407174.00,2233.70,561.98,841.29
2015-05-20,407597.13,2233.80,644.36,857.69
2015-05-21,407832.69,2233.80,778.48,897.24
2015-05-22,408158.00,2233.90,736.87,900.88
2015-05-23,408715.00,2234.00,641.44,922.26
2015-05-24,409278.66,2234.10,596.02,880.19
2015-05-25,409788.00,2234.20,572.32,829.11
2015-05-26,409834.00,2234.20,761.20,784.39
2015-05-27,409372.88,2234.10,932.44,699.95
2015-05-28,408809.00,2234.00,949.16,664.87
2015-05-29,408388.00,2233.90,955.53,743.28
2015-05-30,407926.91,2233.80,954.84,722.38
2015-05-31,406432.00,2233.50,1390.83,637.15
2015-06-01,404336.13,2233.10,1785.14,728.46
2015-06-02,402430.00,2232.70,1596.43,635.42
2015-06-03,400852.69,2232.30,1432.79,637.56
2015-06-04,399134.00,2231.90,1453.28,586.78
2015-06-05,397008.00,2231.50,1619.79,547.93
2015-06-06,394698.00,2231.00,1707.17,542.54
2015-06-07,392444.00,2230.50,1722.02,585.63
2015-06-08,390328.00,2230.00,1648.00,581.18
2015-06-09,388038.00,2229.50,1736.02,581.48
2015-06-10,385435.00,2229.00,1901.70,589.36
2015-06-11,382200.00,2228.30,2117.42,486.44
2015-06-12,378760.00,2227.50,2269.02,534.68
2015-06-13,375115.00,2226.70,2286.13,448.44
2015-06-14,371525.00,2225.90,2243.14,433.18
2015-06-15,367810.00,2225.10,2262.97,389.99
2015-06-16,363854.00,2224.20,2312.38,317.89
2015-06-17,359864.09,2223.30,2361.03,349.45
2015-06-18,355752.88,2222.30,2397.51,324.77
2015-06-19,351660.00,2221.40,2398.49,335.00
2015-06-20,347588.00,2220.50,2370.06,317.09
2015-06-21,343492.00,2219.50,2381.40,316.33
2015-06-22,339250.00,2218.60,2384.14,245.46
2015-06-23,334896.00,2217.50,2480.59,285.45
2015-06-24,330346.00,2216.50,2561.20,267.24
2015-06-25,325646.00,2215.40,2636.77,267.19
2015-06-26,320807.00,2214.20,2717.34,277.68
2015-06-27,315780.00,2213.10,2805.52,271.07
2015-06-28,310782.00,2211.90,2833.96,314.13
2015-06-29,305771.00,2210.70,2846.09,319.71
2015-06-30,300740.00,2209.50,2839.38,302.91
2015-07-01,295790.00,2208.30,2823.13,327.50
2015-07-02,290747.00,2207.00,2803.33,260.82
2015-07-03,285800.59,2205.80,2782.97,289.15
2015-07-04,280793.31,2204.60,2763.85,239.35
2015-07-05,275850.00,2203.40,2746.35,254.10
2015-07-06,270929.91,2202.10,2727.19,246.64
2015-07-07,265930.00,2200.90,2732.34,211.56
2015-07-08,260872.72,2199.60,2764.79,215.08
2015-07-09,255850.00,2198.40,2751.46,219.17
2015-07-10,250828.19,2197.10,2759.79,227.96
2015-07-11,245670.00,2195.80,2765.57,164.99
2015-07-12,240640.00,2194.50,2734.27,198.31
2015-07-13,235764.00,2193.20,2680.16,221.84
2015-07-14,230938.00,2191.90,2603.49,170.38
2015-07-15,226246.00,2190.70,2551.41,185.85
2015-07-16,221438.00,2189.40,2570.10,146.07
2015-07-17,216629.53,2188.10,2560.78,136.51
2015-07-18,211889.64,2186.80,2553.23,163.53
2015-07-19,207183.00,2185.50,2547.76,174.83
2015-07-20,202398.00,2184.20,2562.08,149.64
2015-07-21,197544.00,2182.90,2599.11,151.89
2015-07-22,192540.00,2181.50,2613.70,90.85
2015-07-23,187683.91,2180.10,2614.01,165.73
2015-07-24,182770.00,2178.80,2618.49,141.06
2015-07-25,177930.00,2177.40,2610.68,170.51
2015-07-26,172966.00,2175.90,2562.71,60.02
2015-07-27,168040.00,2174.50,2520.16,36.63
2015-07-28,163287.75,2173.10,2516.82,120.90
2015-07-29,158475.00,2171.70,2573.96,147.53
2015-07-30,153511.00,2170.20,2696.51,193.83
2015-07-31,148508.00,2168.70,2720.36,198.02
2015-08-01,143489.00,2167.20,2698.23,167.82
2015-08-02,138520.00,2165.70,2655.94,150.73
2015-08-03,133635.84,2164.10,2639.01,176.58
2015-08-04,128875.84,2162.60,2610.42,210.58
2015-08-05,124043.55,2161.10,2577.03,140.75
2015-08-06,119136.00,2159.50,2603.70,129.48
2015-08-07,114390.00,2158.00,2580.89,188.11
2015-08-08,109590.00,2156.40,2551.61,131.61
2015-08-09,104925.35,2154.80,2512.19,160.43
2015-08-10,100380.00,2153.30,2455.26,163.64
2015-08-11,95934.00,2151.70,2394.22,152.70
2015-08-12,91616.00,2150.20,2341.95,164.96
2015-08-13,87412.00,2148.70,2285.47,165.95
2015-08-14,83290.00,2147.20,2227.06,148.89
2015-08-15,79286.00,2145.70,2171.38,152.69
2015-08-16,75424.26,2144.30,2114.42,167.46
2015-08-17,71724.00,2142.90,2029.63,164.08
2015-08-18,68162.00,2141.50,1947.55,151.70
2015-08-19,64725.00,2140.20,1885.30,152.48
2015-08-20,61420.00,2138.90,1811.66,145.38
2015-08-21,58110.00,2137.50,1744.01,75.22
2015-08-22,55102.18,2136.30,1686.58,170.14
2015-08-23,52266.11,2135.10,1612.50,182.65
2015-08-24,49666.00,2133.90,1479.79,168.90
2015-08-25,47370.00,2132.90,1329.20,171.63
2015-08-26,45356.00,2132.00,1192.33,176.94
2015-08-27,43527.95,2131.10,1055.12,133.48
2015-08-28,41632.05,2130.30,1121.65,165.81
2015-08-29,39386.00,2129.20,1305.35,172.96
2015-08-30,37235.00,2128.20,1264.22,179.76
2015-08-31,35682.00,2127.50,985.32,202.35
2015-09-01,34646.00,2127.00,743.30,220.98
2015-09-02,33928.95,2126.60,601.10,239.59
2015-09-03,33341.00,2126.40,561.30,264.88
2015-09-04,32690.00,2126.10,552.42,224.21
2015-09-05,31994.00,2125.70,542.81,191.91
2015-09-06,31420.00,2125.50,534.69,245.30
2015-09-07,30736.85,2125.10,526.64,182.22
2015-09-08,30233.00,2124.90,403.32,149.30
2015-09-09,30023.15,2124.80,287.20,181.40
2015-09-10,29561.05,2124.60,224.88,170.00
2015-09-11,29456.00,2124.50,218.88,165.92
2015-09-12,29330.00,2124.50,219.50,155.97
2015-09-13,29162.00,2124.40,217.26,132.56
2015-09-14,28960.10,2124.30,215.85,114.06
2015-09-15,28773.00,2124.20,207.03,112.70
2015-09-16,28625.79,2124.10,193.57,119.35
2015-09-17,28500.00,2124.10,192.00,128.58
2015-09-18,28311.00,2124.00,187.70,92.42
2015-09-19,28143.00,2123.90,184.45,99.75
2015-09-20,28164.00,2123.90,182.14,192.73
2015-09-21,27940.15,2123.80,189.61,76.75
2015-09-22,27920.10,2123.80,194.76,184.65
2015-09-23,27838.00,2123.70,196.08,154.68
2015-09-24,27796.00,2123.70,195.00,173.82
2015-09-25,27670.00,2123.70,194.39,130.87
2015-09-26,27543.69,2123.60,191.50,127.82
2015-09-27,27439.00,2123.50,186.08,133.30
2015-09-28,27292.00,2123.50,183.00,108.89
2015-09-29,27150.00,2123.40,181.92,110.33
2015-09-30,26987.36,2123.30,180.00,98.00
2015-10-01,26819.00,2123.20,179.08,94.20
2015-10-02,26672.00,2123.20,181.06,106.95
2015-10-03,26462.10,2123.10,183.00,77.18
2015-10-04,26280.00,2123.00,183.00,91.19
2015-10-05,26073.00,2122.90,182.27,77.90
2015-10-06,25863.15,2122.80,180.00,74.20
2015-10-07,25842.10,2122.80,180.00,169.39
2015-10-08,25720.00,2122.70,180.00,118.44
2015-10-09,25620.00,2122.70,180.80,130.38
2015-10-10,25473.69,2122.60,181.84,108.08
2015-10-11,25680.00,2122.70,183.45,287.47
2015-10-12,25926.31,2122.80,186.41,310.59
2015-10-13,26136.00,2122.90,188.84,294.56
2015-10-14,26240.00,2123.00,189.61,242.04
2015-10-15,26300.00,2123.00,189.67,225.67
2015-10-16,26031.00,2122.90,183.00,47.38
2015-10-17,26031.00,2122.90,182.27,182.27
2015-10-18,26073.00,2122.90,180.16,201.33
2015-10-19,26052.00,2122.90,180.00,169.41
2015-10-20,26010.00,2122.90,180.00,158.82
2015-10-21,25947.36,2122.80,180.00,148.42
2015-10-22,25863.15,2122.80,179.61,137.16
2015-10-23,25800.00,2122.80,177.58,145.74
2015-10-24,25700.00,2122.70,177.00,126.58
2015-10-25,25640.00,2122.70,177.00,146.75
2015-10-26,25600.00,2122.70,174.67,154.51
2015-10-27,25536.85,2122.60,177.16,145.32
2015-10-28,25473.69,2122.60,182.20,150.36
2015-10-29,25600.00,2122.70,183.03,246.71
2015-10-30,27028.95,2123.30,184.17,904.60
2015-10-31,37151.00,2128.20,188.56,5291.77
2015-11-01,47952.00,,190.83,5636.33
2015-11-02,52588.00,,187.31,2524.63
2015-11-03,55316.00,,180.00,1555.37
2015-11-04,57139.88,,182.86,1102.40
2015-11-05,58625.00,,183.09,931.84
2015-11-06,59755.00,,184.02,753.72
2015-11-07,60744.70,,186.00,684.97
2015-11-08,61820.00,,186.00,728.13
2015-11-09,62845.00,,186.00,702.77
2015-11-10,63705.18,,186.00,619.68
2015-11-11,64700.00,,182.41,683.96
2015-11-12,65670.00,,180.70,669.75
2015-11-13,71490.32,,182.61,3117.02
2015-11-14,83484.13,,192.95,6239.83
2015-11-15,90184.00,,185.91,3563.76
2015-11-16,94452.00,,180.19,2331.97
2015-11-17,111722.47,,204.09,8911.29
2015-11-18,127927.85,,184.09,8354.31
2015-11-19,134468.00,,185.05,3482.37
2015-11-20,138420.77,,184.42,2177.28
2015-11-21,141302.00,,186.00,1638.62
2015-11-22,143489.00,,186.00,1288.61
2015-11-23,145317.00,,186.00,1107.62
2015-11-24,146891.00,,183.89,977.45
2015-11-25,148177.67,,183.00,831.70
2015-11-26,149201.00,,183.00,698.93
2015-11-27,150125.00,,183.00,648.85
2015-11-28,150917.00,,183.00,582.30
2015-11-29,151585.92,,183.00,520.25
2015-11-30,152181.56,,183.00,483.30
2015-12-01,152848.00,,182.44,518.43
2015-12-02,153412.00,,183.00,467.35
2015-12-03,153983.00,,183.00,470.88
2015-12-04,154518.00,,180.44,450.17
2015-12-05,155018.00,,183.00,435.08
2015-12-06,155756.00,,183.17,555.25
2015-12-07,156960.00,,188.73,795.75
2015-12-08,161826.00,,200.41,2653.69
2015-12-09,178980.00,,230.75,8879.23
2015-12-10,187150.00,,200.76,4319.80
2015-12-11,191820.44,,186.39,2541.07
2015-12-12,195338.27,,187.22,1960.79
2015-12-13,198192.17,,186.00,1624.85
2015-12-14,200364.00,,187.64,1282.60
2015-12-15,202182.00,,189.00,1105.58
2015-12-16,203818.73,,189.00,1014.19
2015-12-17,205611.64,,189.00,1092.92
2015-12-18,207109.00,,187.14,942.06
2015-12-19,208282.91,,186.00,777.84
2015-12-20,209605.00,,187.56,854.12
2015-12-21,210863.00,,188.91,823.15
2015-12-22,211925.81,,187.14,722.98
2015-12-23,213147.00,,187.88,803.56
2015-12-24,214146.00,,180.66,684.32
2015-12-25,214885.81,,177.00,549.99
2015-12-26,215552.55,,177.00,513.15
2015-12-27,216292.00,,177.00,549.81
2015-12-28,216857.00,,177.00,461.85
2015-12-29,217412.55,,177.00,457.09
2015-12-30,217930.00,,177.00,437.88
2015-12-31,218338.09,,177.00,382.75
2016-01-01,218767.47,,177.00,393.48
2016-01-02,219178.63,,177.41,384.70
2016-01-03,219589.78,,178.55,385.84
2016-01-04,219985.00,,183.81,383.07
2016-01-05,220391.64,,191.92,396.94
2016-01-06,220730.00,,192.00,362.59
2016-01-07,221068.36,,189.45,360.04
2016-01-08,221327.00,,190.92,321.32
2016-01-09,221623.00,,189.98,339.22
2016-01-10,221888.00,,189.00,322.60
2016-01-11,222187.45,,189.00,339.97
2016-01-12,222486.00,,190.45,340.97
2016-01-13,222864.19,,189.77,380.44
2016-01-14,223122.91,,188.97,319.41
2016-01-15,223388.00,,188.69,322.34
2016-01-16,223806.00,,184.61,395.35
2016-01-17,224104.55,,188.39,338.91
2016-01-18,224290.00,,187.97,281.47
2016-01-19,224518.00,,188.83,303.78
2016-01-20,224744.19,,186.52,300.55
2016-01-21,225268.00,,189.00,453.09
2016-01-22,225458.00,,190.84,286.64
2016-01-23,225837.09,,197.37,388.50
2016-01-24,226095.81,,196.70,327.13
2016-01-25,226284.00,,198.50,293.38
2016-01-26,226587.09,,198.50,351.31
2016-01-27,226845.81,,198.50,328.94
2016-01-28,228060.00,,199.76,811.91
2016-01-29,230064.00,,205.04,1215.39
2016-01-30,231725.72,,205.50,1043.28
2016-01-31,233056.00,,205.50,876.18
2016-02-01,234206.19,,205.50,785.39
2016-02-02,235156.00,,205.50,684.36
2016-02-03,236147.28,,205.50,705.27
2016-02-04,237104.00,,205.32,687.66
2016-02-05,237911.00,,206.34,613.20
2016-02-06,238827.00,,208.76,670.58
2016-02-07,239519.00,,210.70,559.58
2016-02-08,240136.66,,211.66,523.06
2016-02-09,240792.00,,212.50,542.90
2016-02-10,241449.00,,210.33,541.57
2016-02-11,242297.00,,210.37,637.90
2016-02-12,243379.00,,212.50,758.01
2016-02-13,245051.44,,214.01,1057.20
2016-02-14,247620.00,,219.43,1514.41
2016-02-15,257625.48,,222.96,5267.39
2016-02-16,267640.69,,219.46,5268.80
2016-02-17,274313.00,,215.96,3579.92
2016-02-18,279370.00,,212.50,2762.07
2016-02-19,283520.00,,212.50,2304.79
2016-02-20,286698.00,,212.50,1814.74
2016-02-21,289312.00,,212.50,1530.39
2016-02-22,291526.00,,212.50,1328.73
2016-02-23,293330.00,,212.50,1122.02
2016-02-24,294888.00,,212.50,997.99
2016-02-25,296326.00,,212.50,937.49
2016-02-26,297563.00,,212.50,836.15
2016-02-27,298844.00,,212.50,858.34
2016-02-28,300535.00,,212.50,1065.05
2016-02-29,301906.00,,212.50,903.71
2016-03-01,303978.00,,212.50,1257.13
2016-03-02,305603.69,,212.50,1032.12
2016-03-03,307316.00,,212.50,1075.79
2016-03-04,308978.00,,274.32,1112.24
2016-03-05,310824.00,,223.00,1153.69
2016-03-06,313344.00,,223.00,1493.50
2016-03-07,315864.22,,223.58,1494.19
2016-03-08,318015.28,,225.53,1310.03
2016-03-09,320125.28,,226.50,1290.29
2016-03-10,322078.00,,226.50,1211.00
2016-03-11,323777.00,,226.50,1083.08
2016-03-12,325433.78,,226.50,1061.79
2016-03-13,326884.00,,226.50,957.65
2016-03-14,328290.00,,226.50,935.36
2016-03-15,329532.41,,226.50,852.88
2016-03-16,330598.00,,226.50,763.74
2016-03-17,331586.22,,226.50,724.73
2016-03-18,332446.00,,226.50,659.97
2016-03-19,333220.00,,226.50,616.73
2016-03-20,333993.78,,226.50,616.61
2016-03-21,334852.00,,226.50,659.19
2016-03-22,335714.00,,226.50,661.09
2016-03-23,336789.00,,226.50,768.48
2016-03-24,338079.31,,226.50,877.03
2016-03-25,339250.00,,226.50,816.72
2016-03-26,340368.63,,226.50,790.47
2016-03-27,341624.47,,226.50,859.65
2016-03-28,342710.00,,226.50,773.79
2016-03-29,343794.47,,226.50,773.25
2016-03-30,344880.00,,226.50,773.79
2016-03-31,346278.00,,226.50,931.33
2016-04-01,348466.00,,226.50,1329.62
2016-04-02,351792.00,,226.50,1903.36
2016-04-03,355751.78,,226.50,2222.89
2016-04-04,360215.91,,226.50,2477.16
2016-04-05,363898.00,,226.50,2082.89
2016-04-06,366920.00,,226.50,1750.09
2016-04-07,370500.00,,257.71,2062.63
2016-04-08,373945.00,,623.48,2360.33
2016-04-09,378490.00,,918.74,3210.18
2016-04-10,383156.00,,1173.01,3525.45
2016-04-11,386668.00,,1262.95,3033.58
2016-04-12,389178.34,,1355.56,2621.20
2016-04-13,390649.44,,1449.83,2191.51
2016-04-14,391800.00,,1537.46,2117.53
2016-04-15,391800.00,,1716.18,1716.18
2016-04-16,390603.31,,2261.61,1658.28
2016-04-17,388860.00,,2527.40,1648.48
2016-04-18,388084.00,,2419.95,2028.71
2016-04-19,389500.00,,2183.14,2897.04
2016-04-20,393272.00,,1906.36,3808.08
2016-04-21,399042.00,,1651.02,4560.06
2016-04-22,405173.00,,1423.05,4514.10
2016-04-23,410209.81,,1249.90,3789.29
2016-04-24,413911.53,,1196.48,3062.77
2016-04-25,416027.13,,1463.97,2530.59
2016-04-26,416497.00,,1840.65,2077.54
2016-04-27,415369.00,,2425.58,1856.88
2016-04-28,413207.00,,2764.27,1674.26
2016-04-29,410867.00,,2881.88,1702.12
2016-04-30,408574.00,,2874.95,1718.89
2016-05-01,406666.13,,2852.03,1890.14
2016-05-02,405821.00,,2665.10,2239.02
2016-05-03,407033.88,,2311.65,2923.14
2016-05-04,410209.81,,1992.08,3593.28
2016-05-05,413630.00,,1753.75,3478.10
2016-05-06,416685.00,,1667.58,3207.81
2016-05-07,420465.00,,1658.13,3563.88
2016-05-08,424740.00,,1679.44,3834.75
2016-05-09,427408.00,,1776.58,3121.70
2016-05-10,428656.00,,1799.61,2428.81
2016-05-11,429374.00,,1769.38,2131.37
2016-05-12,430373.19,,1638.96,2142.72
2016-05-13,431766.00,,1562.46,2264.67
2016-05-14,433532.00,,1590.54,2480.90
2016-05-15,435118.25,,1785.01,2584.74
2016-05-16,435798.00,,2034.03,2376.74
2016-05-17,436902.00,,2163.85,2720.45
2016-05-18,436374.94,,2444.05,2178.32
2016-05-19,436086.25,,2380.74,2235.20
2016-05-20,435460.88,,2170.20,1854.91
2016-05-21,435510.00,,1905.92,1930.69
2016-05-22,435460.88,,1732.64,1707.87
2016-05-23,435460.88,,1640.00,1640.00
2016-05-24,435411.75,,1514.88,1490.11
2016-05-25,435702.00,,1328.32,1474.66
2016-05-26,436326.81,,1311.53,1626.54
2016-05-27,436470.00,,1436.46,1508.65
2016-05-28,436230.59,,1422.25,1301.55
2016-05-29,436326.81,,1211.24,1259.75
2016-05-30,436566.00,,1119.63,1240.22
2016-05-31,436518.00,,1252.59,1228.39
2016-06-01,436662.00,,1329.85,1402.45
2016-06-02,436710.00,,1740.09,1764.43
2016-06-03,436230.59,,2143.81,1902.11
2016-06-04,436134.34,,1959.78,1911.26
2016-06-05,436518.00,,1933.95,2127.38
2016-06-06,436566.00,,2241.97,2266.17
2016-06-07,436374.94,,2305.16,2208.83
2016-06-08,436134.34,,2045.00,1923.70
2016-06-09,435942.00,,1764.52,1667.54
2016-06-10,435313.53,,1646.67,1329.81
2016-06-11,434492.00,,1597.46,1183.27
2016-06-12,433388.00,,1576.00,1019.40
2016-06-13,432054.00,,1642.67,970.11
2016-06-14,430517.53,,1754.09,979.46
2016-06-15,428560.00,,1897.91,910.98
2016-06-16,426266.00,,1960.81,804.25
2016-06-17,423934.00,,1897.86,722.14
2016-06-18,422224.00,,1801.63,939.50
2016-06-19,420465.00,,1700.96,814.13
2016-06-20,418715.78,,1666.71,784.81
2016-06-21,416968.13,,1752.20,871.09
2016-06-22,414852.69,,1948.44,881.90
2016-06-23,412502.69,,2145.73,960.94
2016-06-24,410256.91,,2184.69,1052.44
2016-06-25,407785.56,,2232.55,986.58
2016-06-26,405079.00,,2310.17,945.61
2016-06-27,402007.13,,2428.93,880.19
2016-06-28,398398.34,,2795.16,975.73
2016-06-29,394468.00,,3026.41,1044.86
2016-06-30,390512.22,,3034.32,1039.95
2016-07-01,386484.00,,3011.04,980.15
2016-07-02,382384.44,,3003.23,936.37
2016-07-03,378130.00,,2985.63,840.68
2016-07-04,373900.00,,2923.33,790.71
2016-07-05,369690.00,,2877.45,754.91
2016-07-06,364610.88,,3255.84,695.12
2016-07-07,358402.00,,3889.88,759.57
2016-07-08,352100.00,,3863.81,686.55
2016-07-09,346366.00,,3628.91,738.02
2016-07-10,341238.00,,3285.42,700.05
2016-07-11,336230.00,,3101.63,576.76
2016-07-12,331457.00,,2996.20,589.81
2016-07-13,326842.00,,2931.61,604.88
2016-07-14,322246.31,,2887.24,570.25
2016-07-15,317546.00,,2894.22,524.48
2016-07-16,312588.41,,3002.71,503.25
2016-07-17,307563.41,,3061.98,528.54
2016-07-18,302610.00,,3065.05,567.71
2016-07-19,297604.00,,3040.57,516.71
2016-07-20,292500.00,,3054.79,481.52
2016-07-21,287600.00,,2988.39,517.97
2016-07-22,282863.41,,2862.55,474.52
2016-07-23,278240.00,,2786.67,455.70
2016-07-24,273670.69,,2803.49,499.74
2016-07-25,268769.50,,2909.48,438.46
2016-07-26,263458.19,,3106.02,428.23
2016-07-27,258140.00,,3193.35,512.10
2016-07-28,252670.00,,3248.93,491.13
2016-07-29,247151.81,,3249.21,467.13
2016-07-30,241605.00,,3275.11,478.59
2016-07-31,235916.00,,3266.86,398.65
2016-08-01,230330.00,,3259.35,443.08
2016-08-02,224892.55,,3174.73,433.35
2016-08-03,219458.00,,3129.24,389.33
2016-08-04,213961.00,,3130.96,359.56
2016-08-05,208320.00,,3163.10,319.10
2016-08-06,202840.00,,3123.34,360.51
2016-08-07,197292.61,,3085.10,288.29
2016-08-08,192036.00,,2999.90,349.69
2016-08-09,186830.00,,2907.24,282.55
2016-08-10,181745.00,,2883.75,320.06
2016-08-11,176680.00,,2890.94,337.33
2016-08-12,171550.00,,2891.25,304.87
2016-08-13,166494.08,,2874.43,325.40
2016-08-14,161418.17,,2834.58,275.48
2016-08-15,156324.08,,2842.92,274.64
2016-08-16,151214.00,,2845.36,269.03
2016-08-17,146202.00,,2818.96,292.07
2016-08-18,141142.00,,2817.71,266.62
2016-08-19,136068.00,,2831.04,272.90
2016-08-20,130933.23,,2849.90,261.11
2016-08-21,125800.00,,2809.32,221.32
2016-08-22,120624.00,,2756.77,147.20
2016-08-23,115548.92,,2706.72,147.98
2016-08-24,110670.00,,2653.59,193.80
2016-08-25,105869.78,,2597.60,177.49
2016-08-26,101221.00,,2541.41,197.64
2016-08-27,96649.00,,2482.55,177.50
2016-08-28,92406.00,,2350.97,211.79
2016-08-29,88671.93,,2151.97,269.37
2016-08-30,85136.00,,1966.11,183.41
2016-08-31,81948.00,,1794.25,186.97
2016-09-01,78988.80,,1665.42,173.49
2016-09-02,76461.00,,1489.50,215.06
2016-09-03,74331.00,,1245.96,172.08
2016-09-04,72618.00,,1074.23,210.59
2016-09-05,71204.00,,897.75,184.86
2016-09-06,70076.06,,775.77,207.10
2016-09-07,69140.00,,616.32,144.39
2016-09-08,68343.62,,485.68,84.17
2016-09-09,67746.00,,393.44,92.14
2016-09-10,67310.00,,326.60,106.79
2016-09-11,66872.00,,294.32,73.50
2016-09-12,66565.00,,275.04,120.26
2016-09-13,66258.19,,252.29,97.61
2016-09-14,65972.00,,244.89,100.61
2016-09-15,65670.00,,241.32,89.06
2016-09-16,65385.00,,240.50,96.81
2016-09-17,65285.00,,230.20,179.78
2016-09-18,65235.00,,222.87,197.66
2016-09-19,65360.00,,220.03,283.05
2016-09-20,65436.00,,219.99,258.31
2016-09-21,65436.00,,219.50,219.50
2016-09-22,65360.00,,218.84,180.52
2016-09-23,65285.00,,233.50,195.69
2016-09-24,65160.00,,233.50,170.48
2016-09-25,65004.25,,232.62,154.10
2016-09-26,64825.00,,231.60,141.23
2016-09-27,64650.00,,228.76,140.53
2016-09-28,64468.19,,217.49,125.83
2016-09-29,64240.00,,219.50,104.45
2016-09-30,63984.00,,219.01,89.94
2016-10-01,63755.30,,216.88,101.57
2016-10-02,63505.00,,216.00,89.80
2016-10-03,63249.68,,220.89,92.16
2016-10-04,62970.00,,223.00,81.99
2016-10-05,62720.00,,223.00,96.96
2016-10-06,62445.18,,223.00,84.45
2016-10-07,62395.06,,221.54,196.27
2016-10-08,62445.00,,223.00,248.18
2016-10-09,63405.00,,222.13,706.14
2016-10-10,64290.00,,223.00,669.19
2016-10-11,64800.00,,223.00,480.13
2016-10-12,65030.32,,223.00,339.12
2016-10-13,65488.00,,224.44,455.19
2016-10-14,67235.00,,224.39,1105.17
2016-10-15,69790.00,,228.27,1516.41
2016-10-16,72644.00,,227.21,1666.10
2016-10-17,75077.00,,227.54,1454.18
2016-10-18,77342.00,,232.17,1374.11
2016-10-19,79232.00,,228.41,1181.29
2016-10-20,84417.73,,228.65,2843.12
2016-10-21,90212.00,,230.89,3152.17
2016-10-22,93312.27,,226.50,1789.56
2016-10-23,95335.00,,227.98,1247.77
2016-10-24,96794.00,,225.08,960.66
2016-10-25,98060.00,,221.69,859.96
2016-10-26,99713.00,,223.07,1056.46
2016-10-27,103242.00,,224.99,2004.21
2016-10-28,105960.00,,226.54,1596.86
2016-10-29,108040.00,,230.00,1278.67
2016-10-30,109740.00,,249.42,1106.50
2016-10-31,111877.85,,244.56,1322.39
2016-11-01,114420.00,,247.00,1528.67
2016-11-02,116800.00,,248.56,1448.48
2016-11-03,118857.00,,250.96,1288.03
2016-11-04,120562.00,,241.61,1101.22
2016-11-05,122205.00,,226.57,1054.92
2016-11-06,123889.00,,226.50,1075.52
2016-11-07,125544.16,,224.33,1058.81
2016-11-08,126644.00,,223.00,777.50
2016-11-09,128022.00,,219.43,914.17
2016-11-10,129164.00,,216.58,792.34
2016-11-11,130138.00,,220.56,711.62
2016-11-12,131182.00,,216.62,742.97
2016-11-13,132327.00,,218.01,795.28
2016-11-14,134820.00,,221.18,1478.07
2016-11-15,138030.00,,223.11,1841.49
2016-11-16,140492.08,,225.30,1466.60
2016-11-17,142542.00,,226.50,1260.00
2016-11-18,144172.00,,222.05,1043.84
2016-11-19,145646.92,,212.50,956.11
2016-11-20,146858.00,,212.50,823.09
2016-11-21,147914.00,,212.50,744.90
2016-11-22,148970.00,,212.50,744.90
2016-11-23,149893.84,,212.50,678.27
2016-11-24,150785.00,,212.50,661.79
2016-11-25,151653.00,,212.50,650.12
2016-11-26,152412.00,,212.50,595.16
2016-11-27,153511.00,,213.12,767.20
2016-11-28,154348.00,,212.76,634.75
2016-11-29,155120.00,,212.50,601.72
2016-11-30,155993.00,,213.30,653.44
2016-12-01,156795.00,,225.01,629.35
2016-12-02,157498.00,,226.50,580.93
2016-12-03,158310.00,,226.01,635.39
2016-12-04,159388.00,,233.26,776.76
2016-12-05,160102.00,,233.50,593.48
2016-12-06,160670.00,,226.96,513.32
2016-12-07,161316.00,,220.10,545.79
2016-12-08,161826.00,,221.69,478.81
2016-12-09,162438.00,,219.50,528.05
2016-12-10,162948.00,,219.50,476.63
2016-12-11,163458.00,,219.50,476.63
2016-12-12,163832.25,,219.50,408.18
2016-12-13,164138.00,,219.50,373.65
2016-12-14,164410.00,,219.50,356.63
2016-12-15,164648.00,,219.50,339.49
2016-12-16,164820.17,,219.50,306.30
2016-12-17,164959.66,,219.50,289.82
2016-12-18,165100.00,,219.50,290.26
2016-12-19,165542.25,,219.50,442.47
2016-12-20,166018.00,,219.50,459.36
2016-12-21,166222.00,,216.66,319.51
2016-12-22,166358.00,,213.96,282.53
2016-12-23,166528.17,,213.85,299.64
2016-12-24,166629.58,,212.50,263.63
2016-12-25,166663.67,,212.50,229.69
2016-12-26,166870.00,,212.50,316.52
2016-12-27,167184.08,,212.50,370.85
2016-12-28,167320.42,,212.50,281.24
2016-12-29,167558.00,,212.50,332.28
2016-12-30,167660.00,,218.70,270.13
2016-12-31,167796.00,,219.50,288.07
2017-01-01,167865.00,,219.50,254.29
2017-01-02,167900.00,,219.50,237.15
2017-01-03,167830.00,,219.50,184.21
2017-01-04,167728.00,,219.50,168.07
2017-01-05,167694.00,,218.11,200.97
2017-01-06,167660.00,,216.46,199.31
2017-01-07,167592.00,,217.20,182.92
2017-01-08,167694.00,,218.48,269.91
2017-01-09,167694.00,,219.50,219.50
2017-01-10,167728.00,,219.50,236.64
2017-01-11,167626.00,,219.50,168.07
2017-01-12,167592.00,,219.50,202.36
2017-01-13,167455.92,,219.50,150.89
2017-01-14,167388.58,,219.50,185.55
2017-01-15,167286.33,,219.50,167.95
2017-01-16,167184.08,,219.50,167.95
2017-01-17,167184.08,,219.50,219.50
2017-01-18,167252.25,,219.35,253.72
2017-01-19,167150.00,,216.00,164.45
2017-01-20,167115.00,,217.68,200.03
2017-01-21,167080.00,,214.51,196.86
2017-01-22,167080.00,,215.96,215.96
2017-01-23,166975.00,,214.29,161.35
2017-01-24,166870.00,,213.92,160.98
2017-01-25,166765.92,,213.92,161.45
2017-01-26,166629.58,,212.57,143.83
2017-01-27,166528.17,,212.50,161.37
2017-01-28,166392.00,,213.01,144.36
2017-01-29,166188.00,,213.99,111.14
2017-01-30,166120.00,,212.50,178.22
2017-01-31,166052.00,,212.50,178.22
2017-02-01,165916.00,,212.54,143.97
2017-02-02,165832.73,,212.50,170.52
2017-02-03,165765.56,,212.50,178.64
2017-02-04,165679.67,,219.50,176.20
2017-02-05,165611.61,,219.50,185.19
2017-02-06,165549.66,,219.50,188.27
2017-02-07,165452.38,,219.50,170.45
2017-02-08,165521.81,,219.50,254.50
2017-02-09,165725.83,,219.50,322.36
2017-02-10,166163.45,,212.50,433.13
2017-02-11,166221.80,,212.50,241.92
2017-02-12,166366.38,,212.50,285.39
2017-02-13,166348.61,,212.50,203.54
2017-02-14,166417.02,,212.50,246.99
2017-02-15,166768.23,,223.00,400.07
2017-02-16,167807.78,,212.50,736.61
2017-02-17,168627.47,,223.00,636.26
2017-02-18,169428.70,,223.00,626.96
2017-02-19,170240.00,,223.00,632.03
2017-02-20,171066.00,,223.00,639.44
2017-02-21,171620.00,,223.00,502.31
2017-02-22,172170.00,,237.00,514.29
2017-02-23,172590.69,,237.00,449.10
2017-02-24,172966.00,,236.74,425.96
2017-02-25,173280.00,,237.00,395.31
2017-02-26,173655.92,,237.00,426.53
2017-02-27,174005.00,,236.74,412.74
2017-02-28,174320.69,,236.45,395.61
2017-03-01,174560.00,,236.12,356.78
2017-03-02,174800.00,,237.00,358.00
2017-03-03,175290.52,,236.09,483.39
2017-03-04,175500.00,,231.55,337.16
2017-03-05,175814.08,,232.13,390.48
2017-03-06,176086.75,2176.89,229.82,367.29
2017-03-07,176540.00,2177.02,231.39,459.90
2017-03-08,176855.08,2177.11,230.00,388.85
2017-03-09,177310.00,2177.24,231.40,460.76
2017-03-10,177690.42,2177.35,235.01,426.81
2017-03-11,178175.00,2177.49,238.31,482.62
2017-03-12,178805.59,2177.67,239.21,557.13
2017-03-13,179855.00,2177.97,243.22,772.29
2017-03-14,182560.00,2178.74,252.06,1615.83
2017-03-15,187360.00,2180.10,253.08,2673.08
2017-03-16,192756.09,2181.61,245.60,2966.14
2017-03-17,196716.00,2182.71,235.00,2231.45
2017-03-18,199858.00,2183.58,228.89,1812.98
2017-03-19,202470.00,2184.30,231.55,1548.43
2017-03-20,204732.88,2184.92,233.50,1374.37
2017-03-21,206670.00,2185.45,233.50,1210.13
2017-03-22,208394.91,2185.92,234.28,1103.92
2017-03-23,209975.45,2186.35,238.33,1035.19
2017-03-24,211667.09,2186.81,240.46,1093.33
2017-03-25,213258.00,2187.24,238.18,1040.27
2017-03-26,214849.64,2187.67,236.74,1039.20
2017-03-27,216255.00,2188.05,234.36,942.89
2017-03-28,217856.00,2188.48,237.00,1044.17
2017-03-29,220022.00,2189.06,243.76,1335.79
2017-03-30,222372.91,2189.69,249.96,1435.21
2017-03-31,224556.00,2190.27,212.87,1313.52
2017-04-01,226587.09,2190.81,219.21,1243.22
2017-04-02,228588.36,2191.34,221.60,1230.57
2017-04-03,230368.09,2191.81,226.30,1123.58
2017-04-04,232030.00,2192.25,226.50,1064.38
2017-04-05,233474.28,2192.63,228.85,957.01
2017-04-06,235346.19,2193.12,233.68,1177.44
2017-04-07,238216.66,2193.87,240.26,1687.46
2017-04-08,240982.00,2194.59,240.35,1634.55
2017-04-09,243379.00,2195.21,241.28,1449.77
2017-04-10,245475.00,2195.75,244.00,1300.73
2017-04-11,247269.00,2196.21,243.89,1148.37
2017-04-12,249180.00,2196.70,247.28,1210.74
2017-04-13,251491.00,2197.29,247.28,1412.41
2017-04-14,253529.09,2197.81,247.28,1274.82
2017-04-15,255420.00,2198.29,247.06,1200.39
2017-04-16,257196.00,2198.74,250.69,1146.09
2017-04-17,258815.48,2199.15,250.74,1067.24
2017-04-18,260360.00,2199.54,418.97,1197.66
2017-04-19,260200.00,2199.50,1365.35,1284.68
2017-04-20,259410.00,2199.30,1842.31,1444.02
2017-04-21,259683.67,2199.37,1390.38,1528.36
2017-04-22,261590.48,2199.85,623.54,1584.89
2017-04-23,264130.00,2200.49,336.52,1616.86
2017-04-24,266609.09,2201.11,257.88,1507.75
2017-04-25,268201.00,2201.51,654.82,1457.41
2017-04-26,268729.41,2201.64,1424.60,1691.00
2017-04-27,268529.00,2201.59,1826.33,1725.29
2017-04-28,268889.81,2201.68,1377.25,1559.16
2017-04-29,270650.19,2202.12,596.32,1483.84
2017-04-30,272899.81,2202.68,263.09,1397.27
2017-05-01,275120.00,2203.23,261.50,1380.85
2017-05-02,277140.00,2203.73,257.84,1276.25
2017-05-03,279818.91,2204.39,258.00,1608.62
2017-05-04,285919.91,2205.89,258.00,3333.92
2017-05-05,298177.81,2208.88,258.00,6438.03
2017-05-06,307482.19,2211.12,258.00,4948.96
2017-05-07,313008.00,2212.44,257.71,3043.64
2017-05-08,318057.38,2213.64,252.33,2798.06
2017-05-09,322036.00,2214.58,247.50,2253.39
2017-05-10,326968.00,2215.74,247.50,2734.05
2017-05-11,333693.09,2217.31,247.50,3638.07
2017-05-12,339766.00,2218.72,247.50,3309.26
2017-05-13,344406.00,2219.79,247.50,2586.83
2017-05-14,347940.00,2220.60,247.50,2029.23
2017-05-15,350912.00,2221.28,247.50,1745.88
2017-05-16,353904.00,2221.96,246.93,1755.40
2017-05-17,356236.00,2222.49,244.00,1419.72
2017-05-18,358622.00,2223.03,244.00,1446.94
2017-05-19,361409.56,2223.66,244.00,1649.40
2017-05-20,365492.00,2224.58,244.00,2302.23
2017-05-21,371480.00,2225.92,244.00,3262.95
2017-05-22,377950.66,2227.36,749.74,4012.03
2017-05-23,384884.88,2228.89,1381.19,4877.20
2017-05-24,391110.00,2230.25,1602.38,4740.88
2017-05-25,394284.00,2230.94,1692.00,3292.23
2017-05-26,396548.00,2231.43,1620.25,2761.68
2017-05-27,399650.00,2232.10,1611.50,3175.43
2017-05-28,404102.00,2233.06,1702.12,3946.68
2017-05-29,409834.00,2234.29,1695.50,4585.38
2017-05-30,416073.09,2235.62,1721.29,4866.84
2017-05-31,421746.25,2236.82,1409.89,4270.10
2017-06-01,427266.00,2237.98,823.36,3606.24
2017-06-02,431142.00,2238.79,1191.96,3146.11
2017-06-03,433772.47,2239.34,1559.52,2885.71
2017-06-04,435264.41,2239.65,2015.47,2767.65
2017-06-05,435460.88,2239.69,2272.06,2371.12
2017-06-06,435411.75,2239.68,2187.41,2162.64
2017-06-07,435894.00,2239.78,2091.41,2334.54
2017-06-08,437046.00,2240.02,2600.42,3181.22
2017-06-09,436518.00,2239.91,3291.21,3025.01
2017-06-10,435606.00,2239.72,2675.47,2215.67
2017-06-11,435702.00,2239.74,1729.44,1777.84
2017-06-12,436566.00,2239.92,1115.20,1550.80
2017-06-13,437142.00,2240.04,1347.59,1637.99
2017-06-14,436950.00,2240.00,1584.08,1487.28
2017-06-15,436902.00,2239.99,1580.25,1556.05
2017-06-16,437334.00,2240.08,1936.94,2154.74
2017-06-17,436758.00,2239.96,2324.68,2034.28
2017-06-18,436421.88,2239.89,1957.15,1787.68
2017-06-19,436902.00,2239.99,1612.92,1854.98
2017-06-20,437238.00,2240.06,1993.48,2162.88
2017-06-21,436950.00,2240.00,2209.91,2064.71
2017-06-22,436662.00,2239.94,1767.69,1622.49
2017-06-23,436518.00,2239.91,1423.75,1351.15
2017-06-24,436518.00,2239.91,1368.00,1368.00
2017-06-25,436710.00,2239.95,1369.17,1465.97
2017-06-26,437094.00,2240.03,1343.81,1537.41
2017-06-27,437382.00,2240.09,1498.58,1643.78
2017-06-28,437142.00,2240.04,1555.83,1434.83
2017-06-29,436758.00,2239.96,1621.75,1428.15
2017-06-30,435510.00,2239.70,1929.50,1300.30
2017-07-01,434108.00,2239.41,2043.83,1336.99
2017-07-02,432534.00,2239.08,2155.77,1362.21
2017-07-03,430421.28,2238.64,2280.83,1215.67
2017-07-04,427888.13,2238.11,2435.74,1158.61
2017-07-05,424788.00,2237.46,2578.18,1015.20
2017-07-06,421180.00,2236.66,2788.28,969.25
2017-07-07,417303.75,2235.84,2912.14,957.86
2017-07-08,413254.00,2235.00,2920.99,879.24
2017-07-09,409326.00,2234.13,2916.46,936.09
2017-07-10,404752.07,2233.26,2965.57,988.45
2017-07-11,400743.21,2232.39,3009.58,994.71
2017-07-12,396501.48,2231.46,3133.25,961.30
2017-07-13,391983.13,2230.47,3239.30,1054.31
2017-07-14,387567.78,2229.50,3280.38,919.80
2017-07-15,382823.49,2228.45,3311.72,-827.03
2017-07-16,374608.82,2226.62,3314.53,600.46
2017-07-17,369257.49,2225.42,3298.43,584.36
2017-07-18,367458.00,2225.02,3336.93,2429.69
2017-07-19,361140.00,2223.60,3338.76,153.43
2017-07-20,354916.00,2222.19,3319.74,181.80
2017-07-21,348681.00,2220.77,3374.40,230.92
2017-07-22,342539.00,2219.36,3502.39,405.80
2017-07-23,336402.00,2217.94,3468.70,374.63
2017-07-24,330346.00,2216.53,3483.02,429.79
2017-07-25,324283.00,2215.11,3571.36,514.60
2017-07-26,318310.00,2213.70,3585.34,573.95
2017-07-27,312084.00,2212.22,3587.06,448.12
2017-07-28,305894.00,2210.74,3595.71,474.92
2017-07-29,299584.00,2209.22,3599.09,417.80
2017-07-30,293247.81,2207.68,3645.70,451.20
2017-07-31,286739.00,2206.09,3669.81,388.28
2017-08-01,280301.00,2204.51,3670.56,424.73
2017-08-02,273870.00,2202.92,3672.94,430.64
2017-08-03,267360.00,2201.30,3674.50,392.37
2017-08-04,260872.72,2199.67,3655.90,385.22
2017-08-05,254436.00,2198.04,3652.24,407.06
2017-08-06,248049.00,2196.41,3612.56,392.44
2017-08-07,241838.09,2194.81,3499.18,367.84
2017-08-08,235802.00,2193.24,3430.31,387.11
2017-08-09,229797.63,2191.66,3393.36,366.15
2017-08-10,223882.00,2190.09,3350.91,368.44
2017-08-11,218004.00,2188.52,3292.70,329.20
2017-08-12,212370.00,2187.00,3237.70,397.22
2017-08-13,206706.00,2185.46,3136.29,280.69
2017-08-14,200983.91,2183.89,3004.74,119.85
2017-08-15,195806.00,2182.46,2893.54,283.01
2017-08-16,190325.00,2180.93,2851.20,87.86
2017-08-17,185694.41,2179.63,2863.02,528.43
2017-08-18,180624.92,2178.19,2864.11,308.25
2017-08-19,175570.00,2176.74,2823.44,274.91
2017-08-20,170685.25,2175.33,2733.18,270.45
2017-08-21,166018.00,2173.97,2650.63,297.55
2017-08-22,161418.17,2172.62,2602.34,283.26
2017-08-23,156861.00,2171.27,2557.92,260.34
2017-08-24,152379.00,2169.93,2494.79,235.12
2017-08-25,148078.44,2168.63,2411.79,243.59
2017-08-26,143944.55,2167.37,2328.13,243.95
2017-08-27,140073.84,2166.18,2209.02,257.54
2017-08-28,136484.00,2165.07,2039.23,229.35
2017-08-29,133092.00,2164.01,1921.63,211.49
2017-08-30,129983.00,2163.03,1806.22,238.76
2017-08-31,126612.00,2161.96,1671.13,-28.42
2017-09-01,123920.00,2161.10,1544.13,186.91
2017-09-02,121430.00,2160.30,1429.50,174.12
2017-09-03,119167.00,2159.57,1312.24,171.31
2017-09-04,117110.00,2158.90,1206.84,169.77
2017-09-05,115332.15,2158.32,1087.22,190.88
2017-09-06,113720.00,2157.79,907.25,94.46
2017-09-07,112360.30,2157.34,861.77,176.25
2017-09-08,111180.00,2156.95,714.00,156.39
2017-09-09,110249.56,2156.64,562.00,92.90
2017-09-10,109590.00,2156.42,460.00,127.47
2017-09-11,109114.00,2156.26,362.00,122.02
2017-09-12,108670.07,2156.11,318.00,94.19
2017-09-13,108340.00,2156.00,295.00,128.59
2017-09-14,108040.00,2155.90,257.00,105.75
2017-09-15,107830.22,2155.83,234.13,128.37
2017-09-16,107560.00,2155.74,228.43,92.20
2017-09-17,107323.72,2155.66,226.03,106.90
2017-09-18,107150.00,2155.60,223.00,135.42
2017-09-19,107090.00,2155.58,220.36,190.11
2017-09-20,106880.00,2155.51,220.59,114.72
2017-09-21,106700.00,2155.45,220.39,129.64
2017-09-22,106491.86,2155.38,223.00,118.06
2017-09-23,106260.00,2155.30,221.41,104.52
2017-09-24,106020.00,2155.22,219.50,98.50
2017-09-25,105779.56,2155.14,219.50,98.28
2017-09-26,105544.00,2155.06,219.21,100.45
2017-09-27,105340.00,2154.99,218.83,115.98
2017-09-28,105070.00,2154.90,220.37,84.25
2017-09-29,104896.28,2154.84,223.00,135.42
2017-09-30,104630.00,2154.75,223.20,88.95
2017-10-01,104363.72,2154.66,223.02,89.00
2017-10-02,104160.00,2154.59,222.51,119.80
2017-10-03,103980.00,2154.53,219.50,128.75
2017-10-04,103745.00,2154.45,219.50,101.02
2017-10-05,103510.52,2154.37,218.90,100.68
2017-10-06,103360.15,2154.32,219.59,143.78
2017-10-07,103271.00,2154.29,220.32,175.37
2017-10-08,103097.00,2154.23,219.50,131.77
2017-10-09,102951.86,2154.18,219.50,146.32
2017-10-10,102835.58,2154.14,218.81,160.18
2017-10-11,102749.07,2154.11,217.15,173.53
2017-10-12,102778.14,2154.12,217.04,231.70
2017-10-13,102749.07,2154.11,218.44,203.79
2017-10-14,102540.00,2154.04,219.50,114.09
2017-10-15,102362.00,2153.98,219.32,129.58
2017-10-16,102159.00,2153.91,219.32,116.97
2017-10-17,101898.14,2153.82,218.44,86.93
2017-10-18,102043.50,2153.87,219.61,292.89
2017-10-19,103803.00,2154.47,222.18,1109.26
2017-10-20,105720.15,2155.12,219.50,1186.06
2017-10-21,107830.22,2155.83,228.94,1292.77
2017-10-22,114205.00,2157.95,250.49,3464.44
2017-10-23,118278.00,2159.28,234.36,2287.83
2017-10-24,120593.00,2160.03,233.50,1400.65
2017-10-25,122329.00,2160.59,233.50,1108.73
2017-10-26,124105.70,2161.16,233.50,1129.25
2017-10-27,125639.61,2161.65,233.43,1006.78
2017-10-28,126864.00,2162.04,233.50,850.80
2017-10-29,127897.53,2162.37,232.59,753.66
2017-10-30,128715.45,2162.63,232.86,645.23
2017-10-31,129446.45,2162.86,233.37,601.92
2017-11-01,130014.00,2163.04,231.62,517.76
2017-11-02,130680.00,2163.25,233.50,569.28
2017-11-03,131214.00,2163.42,226.24,495.47
2017-11-04,131662.00,2163.56,219.50,445.37
2017-11-05,132234.00,2163.74,218.39,506.77
2017-11-06,132580.39,2163.85,216.00,390.64
2017-11-07,132836.00,2163.93,216.62,345.49
2017-11-08,133028.00,2163.99,216.36,313.16
2017-11-09,133348.00,2164.09,238.30,399.64
2017-11-10,133603.77,2164.17,230.89,359.84
2017-11-11,133764.00,2164.22,230.00,310.78
2017-11-12,133892.00,2164.26,229.85,294.39
2017-11-13,134275.84,2164.38,228.63,422.15
2017-11-14,134660.00,2164.50,227.36,421.04
2017-11-15,135171.69,2164.66,229.34,487.32
2017-11-16,135492.00,2164.76,226.70,388.19
2017-11-17,135972.00,2164.91,225.84,467.84
2017-11-18,136292.00,2165.01,228.49,389.82
2017-11-19,136835.84,2165.18,230.04,504.22
2017-11-20,137902.00,2165.51,243.38,780.90
2017-11-21,139586.00,2166.03,227.67,1076.68
2017-11-22,146234.00,2168.07,233.23,3584.93
2017-11-23,161418.17,2172.62,239.84,7895.20
2017-11-24,172100.00,2175.74,253.68,5639.10
2017-11-25,177205.00,2177.21,255.54,2829.31
2017-11-26,177415.00,2177.27,257.03,362.91
2017-11-27,178699.48,2177.64,255.94,903.53
2017-11-28,186510.52,2179.86,258.58,4196.65
2017-11-29,188538.00,2180.43,257.98,1280.17
2017-11-30,190325.00,2180.93,254.43,1155.37
2017-12-01,191784.36,2181.34,247.43,983.19
2017-12-02,193080.00,2181.70,232.73,885.95
2017-12-03,194196.00,2182.01,220.17,782.82
2017-12-04,195050.00,2182.25,223.29,653.85
2017-12-05,195806.00,2182.46,223.00,604.15
2017-12-06,196499.56,2182.65,222.91,572.58
2017-12-07,197148.27,2182.83,222.96,550.02
2017-12-08,197652.00,2182.97,221.89,475.85
2017-12-09,198120.00,2183.10,219.61,455.56
2017-12-10,198516.00,2183.21,219.50,419.15
2017-12-11,198876.09,2183.31,219.50,401.05
2017-12-12,199200.00,2183.40,219.50,382.80
2017-12-13,199533.00,2183.49,219.50,387.39
2017-12-14,199786.00,2183.56,219.50,347.05
2017-12-15,200109.56,2183.65,219.46,382.59
2017-12-16,200327.00,2183.71,219.46,329.09
2017-12-17,200876.53,2183.86,219.92,496.97
2017-12-18,202507.09,2184.31,223.66,1045.73
2017-12-19,204146.00,2184.76,228.65,1054.93
2017-12-20,205205.00,2185.05,227.28,761.20
2017-12-21,206048.00,2185.28,231.91,656.93
2017-12-22,206742.00,2185.47,231.11,581.00
2017-12-23,207404.55,2185.65,229.85,563.89
2017-12-24,207878.00,2185.78,232.86,471.56
2017-12-25,208357.00,2185.91,231.18,472.68
2017-12-26,208764.00,2186.02,231.84,437.04
2017-12-27,209167.39,2186.13,230.75,434.12
2017-12-28,209790.00,2186.30,232.86,546.76
2017-12-29,210863.00,2186.59,233.99,774.96
2017-12-30,211667.09,2186.81,234.50,639.90
2017-12-31,212185.00,2186.95,236.78,497.89
2018-01-01,212629.00,2187.07,236.78,460.63
2018-01-02,213035.81,2187.18,236.56,441.66
2018-01-03,213369.00,2187.27,236.78,404.76
2018-01-04,213702.55,2187.36,234.23,402.39
2018-01-05,214109.00,2187.47,229.29,434.21
2018-01-06,214479.00,2187.57,226.50,413.04
2018-01-07,214848.73,2187.67,227.67,414.07
2018-01-08,215145.00,2187.75,227.96,377.33
2018-01-09,215478.36,2187.84,227.68,395.75
2018-01-10,215848.00,2187.94,226.50,412.86
2018-01-11,216743.81,2188.18,229.16,680.80
2018-01-12,217338.36,2188.34,227.94,527.69
2018-01-13,218004.00,2188.52,232.21,567.80
2018-01-14,218791.00,2188.73,235.27,632.05
2018-01-15,219686.00,2188.97,237.00,688.23
2018-01-16,220654.00,2189.23,237.82,725.85
2018-01-17,221698.00,2189.51,244.02,770.37
2018-01-18,222752.00,2189.79,245.49,776.89
2018-01-19,223730.00,2190.05,244.69,737.77
2018-01-20,224594.00,2190.28,239.99,675.59
2018-01-21,225458.00,2190.51,239.77,675.37
2018-01-22,226208.00,2190.71,237.00,615.13
2018-01-23,227148.00,2190.96,240.08,714.00
2018-01-24,227869.53,2191.15,240.50,604.27
2018-01-25,228551.27,2191.33,239.21,582.91
2018-01-26,229228.00,2191.51,237.66,578.84
2018-01-27,229911.91,2191.69,238.70,583.50
2018-01-28,230520.47,2191.85,238.97,545.79
2018-01-29,231312.00,2192.06,243.65,642.72
2018-01-30,232144.00,2192.28,247.72,667.19
2018-01-31,232828.00,2192.46,249.85,594.70
2018-02-01,233625.72,2192.67,249.38,651.56
2018-02-02,234776.00,2192.97,256.12,836.06
2018-02-03,236496.00,2193.42,281.41,1148.57
2018-02-04,239984.28,2194.33,227.04,1985.72
2018-02-05,245358.00,2195.72,223.64,2932.89
2018-02-06,249180.00,2196.70,221.92,2148.84
2018-02-07,252271.00,2197.49,223.00,1781.38
2018-02-08,255300.00,2198.26,223.03,1750.15
2018-02-09,258500.00,2199.07,225.11,1838.44
2018-02-10,261190.00,2199.75,227.90,1584.10
2018-02-11,263300.00,2200.28,230.81,1294.60
2018-02-12,265090.00,2200.73,229.33,1131.79
2018-02-13,266530.00,2201.09,232.58,958.58
2018-02-14,267960.00,2201.45,234.73,955.69
2018-02-15,269050.00,2201.72,234.78,784.32
2018-02-16,270210.00,2202.01,237.00,821.83
2018-02-17,271980.00,2202.45,239.35,1131.73
2018-02-18,272819.59,2202.66,240.04,663.34
2018-02-19,273630.59,2202.86,240.32,649.20
2018-02-20,274130.00,2202.98,240.50,492.28
2018-02-21,274759.41,2203.14,240.50,557.83
2018-02-22,275320.00,2203.28,240.50,523.13
2018-02-23,275810.00,2203.40,240.32,487.36
2018-02-24,276210.00,2203.50,240.50,442.17
2018-02-25,277260.00,2203.76,240.32,769.69
2018-02-26,277584.41,2203.84,239.81,403.36
2018-02-27,278076.00,2203.96,240.50,488.35
2018-02-28,278360.00,2204.03,240.50,383.68
2018-03-01,278681.09,2204.11,240.50,402.38
2018-03-02,279008.91,2204.19,237.64,402.91
2018-03-03,279250.00,2204.25,237.00,358.55
2018-03-04,279532.19,2204.32,237.00,379.27
2018-03-05,279737.69,2204.37,237.00,340.61
2018-03-06,279860.00,2204.40,237.00,298.67
2018-03-07,280100.00,2204.46,237.00,358.00
2018-03-08,280220.00,2204.49,237.00,297.50
2018-03-09,280588.00,2204.58,234.54,420.07
2018-03-10,280792.31,2204.63,234.34,337.35
2018-03-11,280916.00,2204.48,233.50,295.86
2018-03-12,281080.00,2204.70,233.50,316.18
2018-03-13,281400.00,2204.78,233.50,394.83
2018-03-14,281972.00,2204.92,233.39,521.77
2018-03-15,282340.00,2205.01,232.75,418.29
2018-03-16,282700.00,2205.10,229.93,411.43
2018-03-17,283151.00,2205.21,229.85,457.23
2018-03-18,283397.00,2205.27,229.93,353.95
2018-03-19,283766.59,2205.36,229.93,416.26
2018-03-20,284130.00,2205.45,230.00,413.22
2018-03-21,284494.00,2205.54,230.00,413.52
2018-03-22,285067.81,2205.68,228.85,518.15
2018-03-23,285560.00,2205.80,228.52,476.67
2018-03-24,286042.00,2205.92,227.39,470.40
2018-03-25,286370.00,2206.00,226.50,391.87
2018-03-26,286780.00,2206.10,226.50,433.21
2018-03-27,287682.19,2206.32,226.46,681.32
2018-03-28,288050.00,2206.41,226.10,411.54
2018-03-29,288574.00,2206.54,226.50,490.68
2018-03-30,289353.00,2206.73,226.46,619.21
2018-03-31,290132.00,2206.92,226.50,619.25
2018-04-01,291115.59,2207.16,227.05,722.94
2018-04-02,291936.59,2207.36,226.50,640.42
2018-04-03,292626.00,2207.53,226.50,574.08
2018-04-04,293330.00,2207.70,294.79,649.73
2018-04-05,292878.00,2207.59,769.59,541.70
2018-04-06,292017.81,2207.38,1026.26,592.58
2018-04-07,293124.50,2207.65,808.38,1366.34
2018-04-08,296536.00,2208.48,436.94,2156.90
2018-04-09,299752.00,2209.26,246.26,1867.66
2018-04-10,302694.00,2209.97,240.50,1723.76
2018-04-11,305519.50,2210.65,240.50,1665.02
2018-04-12,308104.00,2211.27,237.13,1540.15
2018-04-13,310404.22,2211.82,237.00,1396.69
2018-04-14,312840.00,2212.40,238.70,1466.74
2018-04-15,315528.00,2213.04,240.50,1595.70
2018-04-16,318394.00,2213.72,239.84,1684.79
2018-04-17,320934.22,2214.32,240.10,1520.79
2018-04-18,322927.00,2214.79,240.50,1245.19
2018-04-19,324670.00,2215.20,240.50,1119.26
2018-04-20,326241.00,2215.57,240.50,1032.55
2018-04-21,327994.00,2215.98,240.50,1124.30
2018-04-22,329575.53,2216.35,240.50,1037.86
2018-04-23,330683.09,2216.61,459.99,1018.38
2018-04-24,330854.47,2216.65,893.96,980.36
2018-04-25,331285.00,2216.75,1242.86,1459.92
2018-04-26,333650.00,2217.30,855.83,2048.18
2018-04-27,338293.78,2218.38,377.01,2718.25
2018-04-28,344536.22,2219.82,258.44,3405.67
2018-04-29,349822.00,2221.03,237.71,2902.63
2018-04-30,354124.00,2222.01,235.30,2404.23
2018-05-01,358094.00,2222.91,233.57,2235.12
2018-05-02,362162.31,2223.83,234.96,2286.07
2018-05-03,366700.53,2224.85,233.94,2521.96
2018-05-04,371975.00,2226.03,647.59,3306.80
2018-05-05,376645.00,2227.07,1307.24,3661.70
2018-05-06,382020.00,2228.26,1363.24,4073.14
2018-05-07,388860.00,2229.76,1439.50,4888.00
2018-05-08,396088.34,2231.33,1613.75,5258.04
2018-05-09,405633.88,2233.39,1711.63,6524.17
2018-05-10,411571.53,2234.66,1746.48,4740.05
2018-05-11,414898.66,2235.37,1867.58,3545.00
2018-05-12,417255.66,2235.87,2149.50,3337.82
2018-05-13,419568.72,2236.36,2720.99,3887.16
2018-05-14,421746.25,2236.82,3417.28,4515.12
2018-05-15,423790.00,2237.25,3966.50,4996.89
2018-05-16,426362.00,2237.79,4157.06,5453.78
2018-05-17,427935.06,2238.12,4390.07,5183.16
2018-05-18,427600.00,2238.05,4602.73,4433.81
2018-05-19,425882.88,2237.69,4653.18,3787.46
2018-05-20,424836.00,2237.47,4276.37,3748.57
2018-05-21,424358.66,2237.37,3721.27,3480.60
2018-05-22,424265.56,2237.35,3440.85,3393.92
2018-05-23,425507.13,2237.61,3133.34,3759.30
2018-05-24,427552.00,2238.04,2977.50,4008.46
2018-05-25,429280.00,2238.40,2806.56,3677.76
2018-05-26,430325.06,2238.62,2555.36,3082.25
2018-05-27,431286.25,2238.82,2199.83,2684.43
2018-05-28,432864.44,2239.15,1925.28,2720.95
2018-05-29,434108.00,2239.41,1846.91,2473.87
2018-05-30,434444.00,2239.48,1811.82,1981.22
2018-05-31,434972.00,2239.59,1606.71,1872.91
2018-06-01,435264.41,2239.65,1468.17,1615.59
2018-06-02,435510.00,2239.70,1375.45,1499.27
2018-06-03,435846.00,2239.77,1406.41,1575.81
2018-06-04,436325.66,2239.87,1451.71,1693.54
2018-06-05,436518.00,2239.91,1463.92,1560.89
2018-06-06,436518.00,2239.91,1468.38,1468.38
2018-06-07,436421.88,2239.89,1498.08,1449.62
2018-06-08,435750.00,2239.75,1951.83,1613.09
2018-06-09,434156.00,2239.42,2250.64,1447.00
2018-06-10,432630.00,2239.10,2230.02,1460.66
2018-06-11,430758.00,2238.71,2213.70,1269.90
2018-06-12,429040.59,2238.35,1997.66,1131.80
2018-06-13,427696.00,2238.07,1756.71,1078.81
2018-06-14,426698.72,2237.86,1656.04,1153.25
2018-06-15,425788.66,2237.67,1674.88,1216.05
2018-06-16,424644.00,2237.43,1772.93,1195.83
2018-06-17,423598.00,2237.21,1802.42,1275.06
2018-06-18,422744.00,2237.03,1815.45,1384.89
2018-06-19,421985.66,2236.87,1970.28,1587.95
2018-06-20,421321.00,2236.73,2072.42,1737.32
2018-06-21,420653.00,2236.59,2084.52,1747.73
2018-06-22,420230.00,2236.50,1942.58,1729.32
2018-06-23,419472.47,2236.34,1953.55,1571.62
2018-06-24,418387.13,2236.11,2027.00,1479.81
2018-06-25,417016.25,2235.82,2152.16,1461.01
2018-06-26,415228.00,2235.44,2260.34,1358.77
2018-06-27,412737.00,2234.91,2417.71,1161.83
2018-06-28,409372.88,2234.19,2661.25,965.17
2018-06-29,405727.00,2233.41,2784.43,946.30
2018-06-30,401868.00,2232.58,2823.44,877.86
2018-07-01,398076.00,2231.76,2869.38,957.57
2018-07-02,394284.00,2230.94,2846.04,934.24
2018-07-03,390420.00,2230.10,2854.58,906.48
2018-07-04,386161.66,2229.17,2943.59,796.68
2018-07-05,381885.00,2228.23,3001.72,845.57
2018-07-06,377545.00,2227.27,3034.95,846.86
2018-07-07,373225.13,2226.31,3072.84,894.91
2018-07-08,368798.22,2225.32,3085.47,853.57
2018-07-09,364030.00,2224.25,3068.85,664.88
2018-07-10,359505.00,2223.23,3113.13,831.77
2018-07-11,354695.34,2222.14,3164.71,739.84
2018-07-12,349778.00,2221.02,3202.69,723.53
2018-07-13,344750.69,2219.87,3230.36,695.76
2018-07-14,339723.00,2218.71,3267.15,732.35
2018-07-15,334458.00,2217.49,3337.61,683.18
2018-07-16,329188.00,2216.26,3354.63,697.67
2018-07-17,323777.00,2214.99,3378.86,650.82
2018-07-18,318183.69,2213.67,3437.70,617.74
2018-07-19,312546.31,2212.33,3468.30,626.12
2018-07-20,306686.00,2210.93,3506.85,552.28
2018-07-21,300658.00,2209.48,3533.61,494.49
2018-07-22,294683.00,2208.03,3536.19,523.79
2018-07-23,288779.00,2206.59,3445.84,469.24
2018-07-24,282904.50,2205.15,3406.02,444.29
2018-07-25,276660.09,2203.61,3542.83,394.61
2018-07-26,270290.00,2202.03,3737.00,525.41
2018-07-27,263970.00,2200.45,3730.56,544.23
2018-07-28,257703.67,2198.87,3693.13,533.85
2018-07-29,251569.09,2197.31,3653.20,560.35
2018-07-30,245475.00,2195.75,3573.60,501.16
2018-07-31,239519.00,2194.21,3479.58,476.76
2018-08-01,233663.81,2192.68,3450.77,498.77
2018-08-02,227756.19,2191.12,3473.51,495.08
2018-08-03,221850.00,2189.55,3411.81,434.10
2018-08-04,216107.00,2188.01,3360.53,465.10
2018-08-05,210419.00,2186.47,3333.09,465.39
2018-08-06,204696.00,2184.91,3330.97,445.62
2018-08-07,198984.36,2183.34,3313.21,433.59
2018-08-08,193224.00,2181.74,3358.93,454.75
2018-08-09,187396.09,2180.11,3347.13,408.89
2018-08-10,181640.00,2178.48,3294.02,391.98
2018-08-11,176018.58,2176.87,3243.43,409.29
2018-08-12,170580.00,2175.30,3191.12,449.17
2018-08-13,165134.00,2173.71,3143.85,398.16
2018-08-14,159761.42,2172.13,3093.83,385.15
2018-08-15,154416.00,2170.54,3044.32,349.34
2018-08-16,149168.00,2168.96,2997.81,351.94
2018-08-17,144007.92,2167.39,2927.40,325.85
2018-08-18,139064.55,2165.87,2838.44,346.15
2018-08-19,134307.92,2164.39,2746.93,348.79
2018-08-20,129698.00,2162.94,2643.28,319.11
2018-08-21,125356.00,2161.56,2516.93,327.83
2018-08-22,120933.55,2160.14,2509.95,280.29
2018-08-23,116490.00,2158.70,2525.26,284.97
2018-08-24,112060.00,2157.24,2467.40,233.94
2018-08-25,107920.44,2155.86,2376.98,289.95
2018-08-26,104010.00,2154.54,2247.59,276.08
2018-08-27,100583.50,2153.37,1980.83,253.30
2018-08-28,97546.14,2152.32,1738.75,207.41
2018-08-29,94736.28,2151.34,1624.83,208.20
2018-08-30,92041.93,2150.39,1545.63,187.22
2018-08-31,89624.00,2149.53,1436.25,217.21
2018-09-01,87187.73,2148.66,1352.71,124.42
2018-09-02,84837.00,2147.87,1325.00,139.84
2018-09-03,82852.00,2147.10,1220.00,219.23
2018-09-04,81213.00,2146.49,965.69,139.36
2018-09-05,79610.00,2145.90,915.44,107.26
2018-09-06,78179.46,2145.37,842.07,120.84
2018-09-07,76972.00,2144.92,738.59,129.83
2018-09-08,75958.00,2144.54,632.72,121.50
2018-09-09,75131.00,2144.23,553.62,136.67
2018-09-10,74412.00,2143.96,475.43,112.93
2018-09-11,73834.00,2143.74,397.20,105.79
2018-09-12,73514.13,2143.62,279.92,118.65
2018-09-13,73330.00,2143.55,231.33,138.50
2018-09-14,73119.00,2143.47,215.14,108.76
2018-09-15,72903.94,2143.39,212.50,104.07
2018-09-16,72774.26,2143.34,209.78,144.40
2018-09-17,72566.00,2143.26,208.11,103.11
2018-09-18,72383.94,2143.19,205.50,113.71
2018-09-19,72150.00,2143.10,203.88,85.93
2018-09-20,71880.00,2143.00,205.46,69.34
2018-09-21,71672.00,2142.92,210.29,105.43
2018-09-22,71438.19,2142.83,210.26,92.38
2018-09-23,71178.00,2142.73,209.00,77.82
2018-09-24,70995.74,2142.66,209.57,117.68
2018-09-25,70786.00,2142.58,211.79,106.04
2018-09-26,70570.00,2142.50,209.00,100.10
2018-09-27,70336.00,2142.41,209.00,91.02
2018-09-28,70076.06,2142.31,207.23,76.18
2018-09-29,69790.00,2142.20,205.50,61.28
2018-09-30,69556.06,2142.11,205.50,87.56
2018-10-01,69270.00,2142.00,203.37,59.00
2018-10-02,69036.00,2141.91,233.08,115.11
2018-10-03,68802.13,2141.82,226.50,108.59
2018-10-04,68575.00,2141.73,224.04,109.53
2018-10-05,68525.00,2141.71,223.00,197.79
2018-10-06,68317.55,2141.63,220.32,115.73
2018-10-07,68136.00,2141.56,219.50,127.97
2018-10-08,68032.00,2141.52,219.50,167.07
2018-10-09,68006.00,2141.51,220.08,206.98
2018-10-10,67954.00,2141.49,219.50,193.28
2018-10-11,67876.00,2141.46,219.50,180.17
2018-10-12,67772.00,2141.42,218.75,166.32
2018-10-13,67616.38,2141.36,215.56,137.11
2018-10-14,67435.00,2141.29,215.78,124.33
2018-10-15,67235.00,2141.21,216.00,115.17
2018-10-16,67027.55,2141.13,215.76,111.18
2018-10-17,66898.00,2141.08,212.50,147.18
2018-10-18,66590.00,2140.96,212.32,57.03
2018-10-19,66362.45,2140.87,212.32,97.59
2018-10-20,66206.00,2140.81,212.50,133.63
2018-10-21,65946.00,2140.71,212.50,81.42
2018-10-22,65894.00,2140.69,212.50,186.28
2018-10-23,65618.00,2140.58,212.50,73.35
2018-10-24,65410.00,2140.50,212.50,107.63
2018-10-25,65133.00,2140.39,212.50,72.85
2018-10-26,64978.00,2140.33,212.45,134.30
2018-10-27,65514.00,2140.54,208.98,479.21
2018-10-28,66540.00,2140.94,209.00,726.28
2018-10-29,67512.13,2141.32,208.78,698.89
2018-10-30,68110.00,2141.55,209.71,511.14
2018-10-31,68625.00,2141.75,211.42,471.07
2018-11-01,70232.45,2142.37,211.13,1021.55
2018-11-02,73964.00,2143.79,213.38,2094.70
2018-11-03,78017.06,2145.31,220.08,2263.50
2018-11-04,83511.20,2147.33,233.41,3003.37
2018-11-05,87916.00,2148.92,235.58,2456.33
2018-11-06,91248.07,2150.11,240.39,1920.31
2018-11-07,93480.00,2150.90,231.37,1356.63
2018-11-08,95050.00,2151.45,220.21,1011.75
2018-11-09,96310.93,2151.89,213.08,848.80
2018-11-10,97258.00,2152.22,212.50,689.98
2018-11-11,97973.00,2152.47,212.50,572.98
2018-11-12,98581.86,2152.68,212.50,519.47
2018-11-13,99075.35,2152.85,212.50,461.30
2018-11-14,99510.00,2153.00,211.75,430.89
2018-11-15,99944.65,2153.15,211.22,430.36
2018-11-16,100351.00,2153.29,209.31,414.18
2018-11-17,100786.00,2153.44,209.33,428.64
2018-11-18,101163.00,2153.57,208.85,398.93
2018-11-19,101489.85,2153.68,209.00,373.79
2018-11-20,101753.00,2153.77,209.00,341.67
2018-11-21,101956.28,2153.84,209.00,311.49
2018-11-22,102246.00,2153.94,208.95,355.01
2018-11-23,102720.00,2154.10,209.11,448.08
2018-11-24,102951.86,2154.18,208.34,325.24
2018-11-25,103097.00,2154.23,209.00,282.18
2018-11-26,103390.22,2154.33,208.85,356.69
2018-11-27,104720.00,2154.78,209.80,880.23
2018-11-28,106790.00,2155.48,211.75,1255.38
2018-11-29,108580.00,2156.08,212.32,1114.78
2018-11-30,110010.00,2156.56,213.94,934.90
2018-12-01,111210.00,2156.96,216.00,821.00
2018-12-02,112150.00,2157.27,215.67,689.59
2018-12-03,112900.00,2157.52,215.78,593.91
2018-12-04,113540.00,2157.73,217.88,540.54
2018-12-05,114019.93,2157.89,217.40,459.37
2018-12-06,114420.00,2158.02,216.00,417.70
2018-12-07,114752.47,2158.13,215.78,383.40
2018-12-08,115030.00,2158.22,216.00,355.92
2018-12-09,115301.08,2158.31,215.78,352.45
2018-12-10,115580.00,2158.40,216.00,356.62
2018-12-11,116429.85,2158.68,218.83,647.29
2018-12-12,116955.38,2158.85,220.83,485.79
2018-12-13,117472.00,2159.02,222.71,483.17
2018-12-14,117751.08,2159.11,225.04,365.74
2018-12-15,118092.00,2159.22,222.60,394.48
2018-12-16,118430.22,2159.33,225.26,395.78
2018-12-17,118826.00,2159.46,224.71,424.25
2018-12-18,119787.00,2159.77,243.93,728.43
2018-12-19,120686.00,2160.06,254.43,707.67
2018-12-20,121492.15,2160.32,248.65,654.86
2018-12-21,121895.00,2160.45,236.78,439.89
2018-12-22,122391.08,2160.61,226.41,476.52
2018-12-23,123011.08,2160.81,221.56,534.14
2018-12-24,123354.00,2160.92,219.50,392.39
2018-12-25,123672.00,2161.02,219.50,379.83
2018-12-26,124012.47,2161.13,217.18,388.84
2018-12-27,124198.92,2161.19,218.10,312.10
2018-12-28,124354.00,2161.24,232.90,311.08
2018-12-29,125639.61,2161.65,241.98,890.14
2018-12-30,127424.00,2162.22,257.13,1156.76
2018-12-31,128779.61,2162.65,252.11,935.57
2019-01-01,129826.00,2162.98,250.78,778.34
2019-01-02,130648.00,2163.24,250.78,665.21
2019-01-03,132045.84,2163.68,253.46,958.21
2019-01-04,134372.00,2164.41,254.50,1427.27
2019-01-05,136452.00,2165.06,259.18,1307.85
2019-01-06,138158.00,2165.59,258.05,1118.16
2019-01-07,139618.00,2166.04,250.00,986.08
2019-01-08,140879.00,2166.43,234.94,870.69
2019-01-09,141856.00,2166.73,226.85,719.42
2019-01-10,142836.00,2167.03,226.50,720.58
2019-01-11,143654.00,2167.28,223.84,636.25
2019-01-12,144337.00,2167.49,219.50,563.85
2019-01-13,144955.84,2167.68,219.50,531.50
2019-01-14,145515.41,2167.85,219.50,501.61
2019-01-15,146010.00,2168.00,219.23,468.58
2019-01-16,146428.44,2168.13,216.71,427.67
2019-01-17,146990.00,2168.30,216.77,499.89
2019-01-18,147518.00,2168.46,214.20,480.40
2019-01-19,148078.44,2168.63,223.00,505.55
2019-01-20,148508.00,2168.76,224.93,441.50
2019-01-21,148838.48,2168.86,222.27,388.89
2019-01-22,149531.00,2169.07,224.80,573.95
2019-01-23,150257.00,2169.29,226.68,592.71
2019-01-24,150983.00,2169.51,231.24,597.26
2019-01-25,151620.00,2169.70,226.01,547.16
2019-01-26,152246.92,2169.89,222.47,538.54
2019-01-27,152983.08,2170.11,223.58,594.73
2019-01-28,153746.33,2170.34,224.80,609.61
2019-01-29,154518.00,2170.57,226.50,615.55
2019-01-30,155222.00,2170.78,226.50,581.43
2019-01-31,155858.00,2170.97,226.50,547.15
2019-02-01,156561.83,2171.18,228.65,583.50
2019-02-02,157231.83,2171.38,229.25,567.04
2019-02-03,157800.00,2171.55,229.74,516.20
2019-02-04,158442.00,2171.74,227.58,551.25
2019-02-05,158911.83,2171.88,226.50,463.37
2019-02-06,159286.00,2171.99,226.50,415.15
2019-02-07,159660.00,2172.10,226.65,415.20
2019-02-08,160102.00,2172.23,228.89,451.73
2019-02-09,160472.33,2172.34,227.61,414.32
2019-02-10,160840.00,2172.45,226.50,411.87
2019-02-11,161485.50,2172.64,226.24,551.68
2019-02-12,161996.00,2172.79,226.50,483.88
2019-02-13,162404.00,2172.91,226.50,432.20
2019-02-14,162744.00,2173.01,227.30,398.72
2019-02-15,162982.00,2173.08,226.50,346.49
2019-02-16,163219.58,2173.15,226.50,346.28
2019-02-17,163390.00,2173.20,226.50,312.42
2019-02-18,163560.00,2173.25,226.50,312.21
2019-02-19,163730.00,2173.30,226.50,312.21
2019-02-20,163866.33,2173.34,225.72,294.45
2019-02-21,163968.58,2173.37,220.98,272.53
2019-02-22,164206.00,2173.44,213.74,333.44
2019-02-23,164342.00,2173.48,216.00,284.57
2019-02-24,164478.00,2173.52,216.00,284.57
2019-02-25,164512.00,2173.53,215.51,232.65
2019-02-26,164512.00,2173.53,213.65,213.65
2019-02-27,164546.00,2173.54,222.87,240.01
2019-02-28,164546.00,2173.54,226.50,226.50
2019-03-01,164546.00,2173.54,225.57,225.57
2019-03-02,164478.00,2173.52,222.98,188.70
2019-03-03,164444.00,2173.51,223.36,206.22
2019-03-04,164376.00,2173.49,223.00,188.72
2019-03-05,164376.00,2173.49,223.00,223.00
2019-03-06,164410.00,2173.50,222.65,239.80
2019-03-07,164342.00,2173.48,221.05,186.77
2019-03-08,164274.00,2173.46,222.58,188.30
2019-03-09,164172.00,2173.43,220.48,169.06
2019-03-10,164070.00,2173.40,219.79,168.37
2019-03-11,163968.58,2173.37,221.23,170.10
2019-03-12,163934.50,2173.36,220.61,203.43
2019-03-13,163798.17,2173.32,219.50,150.77
2019-03-14,163662.00,2173.28,219.50,150.85
2019-03-15,163560.00,2173.25,220.59,169.17
2019-03-16,163492.00,2173.23,219.24,184.96
2019-03-17,163390.00,2173.20,220.94,169.52
2019-03-18,163355.92,2173.19,221.40,204.21
2019-03-19,163355.92,2173.19,220.41,220.41
2019-03-20,163526.00,2173.24,220.41,306.16
2019-03-21,163832.25,2173.33,221.63,376.03
2019-03-22,164001.83,2173.38,368.74,454.24
2019-03-23,164104.00,2173.41,561.35,612.87
2019-03-24,164410.00,2173.50,568.93,723.21
2019-03-25,164785.08,2173.61,574.19,763.29
2019-03-26,165338.00,2173.77,490.26,769.02
2019-03-27,166358.00,2174.07,305.35,819.60
2019-03-28,167455.92,2174.39,229.91,783.44
2019-03-29,168520.00,2174.70,233.46,769.94
2019-03-30,169585.00,2175.01,234.41,771.35
2019-03-31,170755.42,2175.35,235.41,825.50
2019-04-01,172135.00,2175.75,238.11,933.65
2019-04-02,173655.92,2176.19,240.39,1007.19
2019-04-03,175535.00,2176.73,240.39,1187.76
2019-04-04,177724.50,2177.36,244.18,1348.06
2019-04-05,180240.00,2178.08,234.00,1515.55
2019-04-06,182805.08,2178.81,234.00,1540.75
2019-04-07,185345.00,2179.53,237.00,1531.89
2019-04-08,187503.47,2180.14,230.00,1333.54
2019-04-09,189860.00,2180.80,220.00,1421.59
2019-04-10,192396.00,2181.51,223.00,1514.51
2019-04-11,194870.00,2182.20,220.00,1481.14
2019-04-12,197327.83,2182.88,213.00,1465.66
2019-04-13,199894.00,2183.59,213.00,1521.26
2019-04-14,202254.00,2184.24,216.00,1418.43
2019-04-15,204218.00,2184.78,220.00,1222.24
2019-04-16,205868.00,2185.23,216.00,1063.50
2019-04-17,207552.91,2185.69,220.00,1084.41
2019-04-18,209383.91,2186.19,227.00,1163.28
2019-04-19,211260.00,2186.70,583.00,1555.78
2019-04-20,213554.19,2187.32,1038.00,2137.90
2019-04-21,215774.00,2187.92,1045.00,2107.25
2019-04-22,217745.00,2188.45,1052.00,1986.74
2019-04-23,219762.00,2188.99,1002.00,2085.42
2019-04-24,222372.91,2189.69,869.00,2292.61
2019-04-25,225268.00,2190.46,503.00,2055.87
2019-04-26,228477.09,2191.31,230.00,1897.73
2019-04-27,231687.63,2192.16,198.00,1864.69
2019-04-28,234358.56,2192.86,205.00,1601.10
2019-04-29,236648.00,2193.46,219.00,1422.37
2019-04-30,238520.00,2193.95,230.00,1173.80
2019-05-01,240211.91,2194.39,230.00,1083.00
2019-05-02,241876.19,2194.82,226.00,1066.03
2019-05-03,243613.00,2195.27,226.00,1102.14
2019-05-04,245592.00,2195.78,226.00,1224.25
2019-05-05,248088.00,2196.42,226.00,1484.90
2019-05-06,251569.09,2197.31,226.00,1981.55
2019-05-07,255890.00,2198.41,226.00,2404.96
2019-05-08,260678.19,2199.62,226.00,2640.55
2019-05-09,265930.00,2200.94,226.00,2874.29
2019-05-10,271090.00,2202.23,323.00,2931.27
2019-05-11,275930.00,2203.43,694.00,3116.25
2019-05-12,281120.00,2204.71,715.00,3302.45
2019-05-13,285840.69,2205.87,497.00,2862.00
2019-05-14,289886.59,2206.86,304.00,2359.74
2019-05-15,293412.00,2207.72,213.00,1994.42
2019-05-16,297275.59,2208.66,205.00,2156.53
2019-05-17,301822.00,2209.76,202.00,2498.10
2019-05-18,306099.00,2210.79,209.00,2367.45
2019-05-19,309605.28,2211.63,209.00,1980.25
2019-05-20,312966.00,2212.43,209.00,1906.86
2019-05-21,316452.00,2213.26,209.00,1970.03
2019-05-22,319538.00,2213.99,209.00,1768.36
2019-05-23,322413.69,2214.67,209.00,1662.33
2019-05-24,324712.00,2215.21,538.00,1748.89
2019-05-25,326370.00,2215.60,974.00,1810.97
2019-05-26,327779.00,2215.93,980.00,1690.37
2019-05-27,329919.00,2216.43,560.00,1655.59
2019-05-28,333263.00,2217.21,251.00,1936.02
2019-05-29,337133.09,2218.11,230.00,2179.93
2019-05-30,340980.00,2219.00,223.00,2162.70
2019-05-31,344836.91,2219.89,219.00,2164.02
2019-06-01,348681.00,2220.77,219.00,2157.53
2019-06-02,352232.00,2221.58,219.00,2009.80
2019-06-03,355136.00,2222.24,326.00,1758.48
2019-06-04,357160.00,2222.70,456.00,1403.04
2019-06-05,358314.00,2222.96,756.00,1202.92
2019-06-06,358798.00,2223.07,986.00,1030.62
2019-06-07,358842.00,2223.08,1131.00,932.62
2019-06-08,358314.00,2222.96,1301.00,797.63
2019-06-09,357160.00,2222.70,1496.00,652.19
2019-06-10,355795.91,2222.39,1602.00,640.11
2019-06-11,354388.00,2222.07,1733.00,1015.01
2019-06-12,352892.00,2221.73,1885.00,1125.20
2019-06-13,351528.00,2221.42,1942.00,1247.35
2019-06-14,350215.16,2221.12,1972.00,1295.73
2019-06-15,348638.00,2220.76,2011.00,1197.58
2019-06-16,346586.00,2220.29,2139.00,1085.36
2019-06-17,344450.00,2219.80,2205.00,1102.72
2019-06-18,342148.00,2219.27,2316.00,1128.54
2019-06-19,339378.25,2218.63,2471.00,1040.72
2019-06-20,336531.00,2217.97,2474.00,1008.63
2019-06-21,333306.00,2217.22,2527.00,861.00
2019-06-22,329618.63,2216.36,2701.00,804.39
2019-06-23,325562.00,2215.41,2864.00,772.65
2019-06-24,321485.00,2214.45,2877.00,778.63
2019-06-25,317166.00,2213.43,2960.00,737.03
2019-06-26,312924.00,2212.42,2987.00,804.08
2019-06-27,308937.00,2211.47,2835.00,779.37
2019-06-28,304982.00,2210.52,2752.00,718.62
2019-06-29,300866.00,2209.53,2780.00,660.16
2019-06-30,296578.00,2208.49,2797.00,602.66
2019-07-01,292300.00,2207.45,2795.00,599.37
2019-07-02,288050.00,2206.41,2752.00,577.66
2019-07-03,283766.59,2205.36,2800.00,608.26
2019-07-04,279330.00,2204.27,2838.00,569.67
2019-07-05,274839.59,2203.16,2865.00,572.23
2019-07-06,270370.00,2202.05,2863.00,586.27
2019-07-07,265850.00,2200.92,2860.00,562.10
2019-07-08,261230.00,2199.76,2898.00,546.74
2019-07-09,256367.00,2198.53,3015.00,544.28
2019-07-10,251179.00,2197.21,3043.00,415.58
2019-07-11,246372.00,2195.98,3000.00,564.02
2019-07-12,241566.00,2194.74,2951.00,515.36
2019-07-13,236838.00,2193.51,2931.00,534.32
2019-07-14,231992.00,2192.24,2972.00,515.66
2019-07-15,227148.00,2190.96,2962.00,511.15
2019-07-16,222335.81,2189.68,2943.00,503.13
2019-07-17,217522.91,2188.39,2915.00,488.49
2019-07-18,212850.36,2187.13,2944.00,579.20
2019-07-19,208209.64,2185.87,2944.00,586.76
2019-07-20,203524.00,2184.59,2955.00,574.22
2019-07-21,198696.00,2183.26,2986.00,532.91
2019-07-22,193763.91,2181.89,2956.00,456.89
2019-07-23,188394.92,2180.39,3196.00,472.27
2019-07-24,182840.17,2178.82,3296.00,481.58
2019-07-25,177275.00,2177.23,3242.00,410.78
2019-07-26,171823.67,2175.66,3198.00,431.45
2019-07-27,166324.00,2174.06,3221.00,427.36
2019-07-28,160772.00,2172.43,3243.00,418.91
2019-07-29,155256.00,2170.79,3200.00,400.68
2019-07-30,149827.67,2169.16,3140.00,388.39
2019-07-31,144469.00,2167.53,3081.00,369.39
2019-08-01,139259.00,2165.93,3027.00,394.38
2019-08-02,134084.16,2164.32,2973.00,361.17
2019-08-03,129036.00,2162.73,2919.00,374.37
2019-08-04,124074.62,2161.15,2864.00,367.65
2019-08-05,119105.00,2159.55,2800.00,307.97
2019-08-06,114267.00,2157.97,2746.00,318.65
2019-08-07,109560.00,2156.41,2681.00,329.23
2019-08-08,104954.42,2154.86,2627.00,327.76
2019-08-09,100554.42,2153.36,2513.00,326.41
2019-08-10,96536.00,2151.97,2353.00,356.53
2019-08-11,92832.79,2150.67,2169.00,332.89
2019-08-12,89260.00,2149.40,2075.00,312.25
2019-08-13,85774.67,2148.15,2042.00,313.55
2019-08-14,82411.00,2146.93,1982.00,312.40
2019-08-15,79070.00,2145.70,1923.00,264.39
2019-08-16,75742.00,2144.46,1908.00,250.65
2019-08-17,72436.00,2143.21,1920.00,275.52
2019-08-18,69114.00,2141.94,1914.00,260.52
2019-08-19,65819.76,2140.66,1899.00,250.79
2019-08-20,62645.00,2139.41,1840.00,250.52
2019-08-21,59529.75,2138.16,1816.00,251.13
2019-08-22,56244.06,2136.81,1909.00,258.80
2019-08-23,53071.00,2135.47,1876.00,279.64
2019-08-24,50093.84,2134.17,1808.00,302.89
2019-08-25,47260.00,2132.90,1725.00,291.53
2019-08-26,44808.00,2131.78,1528.00,279.78
2019-08-27,42514.00,2130.72,1423.00,265.90
2019-08-28,40298.95,2129.69,1366.00,261.75
2019-08-29,38063.69,2128.64,1309.00,198.35
2019-08-30,36060.00,2127.70,1224.00,234.89
2019-08-31,34223.15,2126.83,1126.00,234.31
2019-09-01,32436.00,2125.98,1076.00,211.24
2019-09-02,30715.79,2125.16,1026.00,207.59
2019-09-03,29162.00,2124.42,921.00,185.65
2019-09-04,28020.34,2123.87,743.00,215.84
2019-09-05,27007.90,2123.38,650.00,191.80
2019-09-06,26115.00,2122.95,580.00,191.24
2019-09-07,25473.69,2122.64,497.00,241.62
2019-09-08,24937.90,2122.38,393.00,194.14
2019-09-09,24548.95,2122.19,332.00,134.61
2019-09-10,24300.00,2122.07,279.00,163.60
2019-09-11,24076.00,2121.96,223.00,110.72
2019-09-12,23992.00,2121.92,198.00,154.43
2019-09-13,23824.21,2121.84,191.00,100.75
2019-09-14,23782.10,2121.82,184.00,156.73
2019-09-15,23660.00,2121.76,184.00,113.86
2019-09-16,23580.00,2121.72,186.00,144.68
2019-09-17,23620.00,2121.74,184.00,203.17
2019-09-18,23660.00,2121.76,181.00,201.56
2019-09-19,23700.00,2121.78,182.00,200.04
2019-09-20,23660.00,2121.76,183.00,158.35
2019-09-21,23660.00,2121.76,180.00,177.00
2019-09-22,23580.00,2121.72,181.00,136.49
2019-09-23,23660.00,2121.76,178.00,214.33
2019-09-24,23660.00,2121.76,179.00,173.61
2019-09-25,23560.00,2121.71,180.00,124.16
2019-09-26,23740.00,2121.80,186.00,270.75
2019-09-27,23782.10,2121.82,187.00,201.23
2019-09-28,24034.00,2121.94,188.00,307.00
2019-09-29,24180.00,2122.01,188.00,253.61
2019-09-30,24280.00,2122.06,189.00,230.42
2019-10-01,24340.00,2122.09,179.88,210.13
2019-10-02,24340.00,2122.09,178.17,178.17
2019-10-03,24320.00,2122.08,177.00,166.92
2019-10-04,24240.00,2122.04,176.91,136.57
2019-10-05,24160.00,2122.00,175.48,135.15
2019-10-06,24097.00,2121.97,174.00,142.24
2019-10-07,24076.00,2121.96,174.00,163.41
2019-10-08,24812.10,2122.32,174.00,545.12
2019-10-09,25536.85,2122.67,174.00,539.39
2019-10-10,26031.00,2122.91,175.39,424.53
2019-10-11,26360.00,2123.07,177.00,342.87
2019-10-12,26566.85,2123.17,177.00,281.28
2019-10-13,26756.00,2123.26,177.00,272.37
2019-10-14,26882.10,2123.32,177.00,240.58
2019-10-15,26987.36,2123.37,177.00,230.07
2019-10-16,27070.00,2123.41,177.00,218.66
2019-10-17,27230.00,2123.49,177.00,257.57
2019-10-18,27796.00,2123.76,177.48,462.84
2019-10-19,28646.85,2124.17,182.23,611.05
2019-10-20,29477.00,2124.57,183.00,601.54
2019-10-21,30778.95,2125.19,190.39,846.64
2019-10-22,37445.26,2128.35,205.30,3566.23
2019-10-23,41505.00,2130.25,211.79,2258.58
2019-10-24,43748.00,2131.29,205.63,1336.47
2019-10-25,45531.05,2132.11,209.07,1108.03
2019-10-26,47260.00,2132.90,208.54,1074.29
2019-10-27,48682.00,2133.54,198.61,915.53
2019-10-28,49779.00,2134.03,189.22,742.29
2019-10-29,50596.95,2134.39,190.64,603.02
2019-10-30,51230.83,2134.67,189.73,509.32
2019-10-31,51783.00,2134.91,186.00,464.38
2019-11-01,52266.11,2135.12,186.00,429.57
2019-11-02,52657.00,2135.29,187.33,384.40
2019-11-03,53025.00,2135.45,187.64,373.17
2019-11-04,53332.00,2135.58,186.00,340.78
2019-11-05,53610.00,2135.70,186.00,326.16
2019-11-06,53821.95,,186.00,292.86
2019-11-07,54033.89,2135.88,186.00,292.85
2019-11-08,54176.00,2135.94,186.00,257.65
2019-11-09,54366.00,2136.02,185.94,281.73
2019-11-10,54481.00,2136.07,186.00,243.98
2019-11-11,54598.12,2136.12,186.00,245.05
2019-11-12,54765.94,2136.19,186.00,270.61
2019-11-13,54934.00,2136.26,186.00,270.73
2019-11-14,55054.06,2136.31,186.00,246.53
2019-11-15,55293.00,2136.41,186.00,306.47
2019-11-16,55548.00,2136.52,186.00,314.56
2019-11-17,55980.00,2136.70,186.00,403.80
2019-11-18,56748.00,2137.02,186.00,573.20
2019-11-19,57670.00,2137.40,185.33,650.17
2019-11-20,58425.00,2137.71,184.36,565.01
2019-11-21,59015.00,2137.95,184.14,481.60
2019-11-22,59529.75,2138.16,180.39,439.91
2019-11-23,59928.12,2138.32,180.00,380.84
2019-11-24,60445.00,2138.53,180.00,440.60
2019-11-25,60920.00,2138.72,180.00,419.48
2019-11-26,61295.43,2138.87,181.55,370.83
2019-11-27,61545.00,2138.97,182.97,308.79
2019-11-28,61795.00,2139.07,183.00,309.04
2019-11-29,61969.63,2139.14,182.97,271.01
2019-11-30,62069.88,2139.18,183.00,233.54
2019-12-01,62245.00,2139.25,182.97,271.26
2019-12-02,62370.00,2139.30,182.94,245.96
2019-12-03,62520.37,2139.36,183.19,259.00
2019-12-04,62770.00,2139.46,182.48,308.34
2019-12-05,63070.00,2139.58,183.97,335.22
2019-12-06,63405.00,2139.71,186.00,354.90
2019-12-07,63780.37,2139.86,185.75,375.00
2019-12-08,64062.00,2139.97,182.59,324.58
2019-12-09,64340.00,2140.08,180.00,320.16
2019-12-10,64597.87,2140.18,180.00,309.82
2019-12-11,64926.06,2140.31,180.00,345.46
2019-12-12,65436.00,2140.51,180.00,437.09
2019-12-13,65794.70,2140.65,181.45,362.30
2019-12-14,66102.00,2140.77,183.00,337.93
2019-12-15,66336.38,2140.86,183.00,301.17
2019-12-16,66465.00,2140.91,183.00,247.84
2019-12-17,66640.00,2140.98,183.00,271.23
2019-12-18,66820.00,2141.05,183.00,273.75
2019-12-19,67260.00,2141.22,183.00,404.83
2019-12-20,68058.00,2141.53,186.75,589.08
2019-12-21,70154.26,2142.34,191.38,1248.24
2019-12-22,72202.13,2143.12,194.08,1226.55
2019-12-23,73730.00,2143.70,195.00,965.30
2019-12-24,74887.60,2144.14,193.67,777.30
2019-12-25,75850.00,2144.50,192.00,677.21
2019-12-26,76623.00,2144.79,192.00,581.72
2019-12-27,77369.00,2145.07,192.00,568.11
2019-12-28,77936.00,2145.28,190.39,476.25
2019-12-29,78449.00,2145.47,188.36,447.00
2019-12-30,78907.60,2145.64,186.00,417.21
2019-12-31,80015.00,2146.05,193.51,751.83
2020-01-01,84417.73,2147.66,238.64,2458.35
2020-01-02,88559.66,2149.15,232.42,2320.65
2020-01-03,91359.66,2150.15,227.90,1639.57
2020-01-04,93910.00,2151.05,226.50,1512.30
2020-01-05,96050.00,2151.80,229.58,1308.50
2020-01-06,98901.00,2152.79,245.70,1683.08
2020-01-07,103390.22,2154.33,260.52,2523.83
2020-01-08,107381.86,2155.68,213.58,2226.03
2020-01-09,110219.48,2156.63,208.43,1639.07
2020-01-10,112660.00,2157.44,203.42,1433.85
2020-01-11,114783.55,2158.14,195.75,1266.37
2020-01-12,116614.00,2158.74,194.33,1117.18
2020-01-13,118030.00,2159.20,187.64,901.54
2020-01-14,119322.15,2159.62,182.70,834.16
2020-01-15,120376.00,2159.96,180.00,711.32
2020-01-16,121337.00,2160.27,179.33,663.83
2020-01-17,122143.00,2160.53,178.08,584.44
2020-01-18,122949.00,2160.79,180.00,586.36
2020-01-19,123641.00,2161.01,180.00,528.88
2020-01-20,124230.00,2161.20,180.00,476.95
2020-01-21,124891.00,2161.41,178.36,511.61
2020-01-22,125671.69,2161.66,189.84,583.44
2020-01-23,126644.00,2161.97,187.03,677.24
2020-01-24,127835.38,2162.35,191.11,791.77
2020-01-25,129353.23,2162.83,194.26,959.50
2020-01-26,130840.00,2163.30,200.96,950.54
2020-01-27,132389.00,2163.79,202.00,982.95
2020-01-28,133764.00,2164.22,202.00,895.23
2020-01-29,135075.45,2164.63,203.40,864.59
2020-01-30,136228.00,2164.99,190.19,771.26
2020-01-31,138030.00,2165.55,188.66,1097.17
2020-02-01,147419.00,2168.43,220.30,4953.93
2020-02-02,155756.00,2170.94,226.63,4429.87
2020-02-03,160472.33,2172.34,218.63,2596.44
2020-02-04,163900.42,2173.35,216.00,1944.33
2020-02-05,167455.92,2174.39,221.69,2014.25
2020-02-06,172932.00,2175.98,268.40,3029.26
2020-02-07,180870.00,2178.26,312.69,4314.76
2020-02-08,186794.00,2179.94,303.85,3290.54
2020-02-09,190606.00,2181.01,293.07,2214.96
2020-02-10,193476.09,2181.81,283.08,1730.09
2020-02-11,195698.00,2182.43,279.00,1399.21
2020-02-12,197688.00,2182.98,277.98,1281.27
2020-02-13,199385.00,2183.45,275.06,1130.63
2020-02-14,200912.61,2183.87,267.41,1037.58
2020-02-15,202398.00,2184.28,270.27,1019.15
2020-02-16,203781.64,2184.66,275.70,973.29
2020-02-17,204840.00,2184.95,278.71,812.30
2020-02-18,205722.91,2185.19,279.00,724.13
2020-02-19,206526.00,2185.41,188.75,593.64
2020-02-20,207257.09,2185.61,189.00,557.59
2020-02-21,207878.00,2185.78,190.39,503.43
2020-02-22,208579.00,2185.97,192.00,545.42
2020-02-23,209642.00,2186.26,192.00,727.93
2020-02-24,210197.00,2186.41,192.00,471.81
2020-02-25,210641.00,2186.53,192.00,415.85
2020-02-26,211187.83,2186.68,192.00,467.69
2020-02-27,211667.09,2186.81,192.00,433.63
2020-02-28,212148.00,2186.94,192.00,434.18
2020-02-29,212666.00,2187.08,190.33,451.49
2020-03-01,213184.00,2187.22,189.00,449.91
2020-03-02,213850.00,2187.40,189.00,524.78
2020-03-03,214405.00,2187.55,188.75,468.56
2020-03-04,215071.00,2187.73,189.00,524.78
2020-03-05,215700.00,2187.90,189.00,506.12
2020-03-06,216403.00,2188.09,189.00,543.43
2020-03-07,217005.00,2188.25,187.30,490.81
2020-03-08,217597.00,2188.41,186.00,484.47
2020-03-09,218152.00,2188.56,185.02,464.83
2020-03-10,218717.00,2188.71,183.00,467.85
2020-03-11,219198.36,2188.84,183.00,425.69
2020-03-12,219686.00,2188.97,183.00,428.85
2020-03-13,220207.09,2189.11,183.00,445.72
2020-03-14,220616.00,2189.22,180.80,386.95
2020-03-15,221068.36,2189.34,180.00,408.06
2020-03-16,221364.00,2189.42,179.88,328.93
2020-03-17,221736.00,2189.52,178.58,366.13
2020-03-18,222077.09,2189.61,183.00,354.97
2020-03-19,222486.00,2189.72,181.14,387.30
2020-03-20,222864.19,2189.82,180.06,370.73
2020-03-21,223388.00,2189.96,179.91,444.00
2020-03-22,223994.19,2190.12,180.00,485.62
2020-03-23,224670.00,2190.30,180.00,520.72
2020-03-24,225382.00,2190.49,180.00,538.97
2020-03-25,226095.81,2190.68,181.36,541.24
2020-03-26,226661.27,2190.83,185.17,470.25
2020-03-27,227262.00,2190.99,184.08,486.95
2020-03-28,227793.34,2191.13,183.00,450.89
2020-03-29,228514.19,2191.32,183.00,546.43
2020-03-30,229418.00,2191.56,183.09,638.77
2020-03-31,230292.00,2191.79,183.00,623.64
2020-04-01,230976.00,2191.97,183.00,527.85
2020-04-02,231649.53,2192.15,183.00,522.57
2020-04-03,232258.09,2192.31,183.00,489.82
2020-04-04,232828.00,2192.46,183.00,470.33
2020-04-05,233322.00,2192.59,183.00,432.06
2020-04-06,233779.00,2192.71,180.08,410.48
2020-04-07,234168.09,2192.81,180.00,376.17
2020-04-08,234662.00,2192.94,180.94,429.95
2020-04-09,234776.00,2192.97,474.55,532.02
2020-04-10,233974.00,2192.76,1195.21,790.87
2020-04-11,233701.91,2192.69,1224.30,1087.12
2020-04-12,234282.38,2192.84,930.32,1222.98
2020-04-13,235802.00,2193.24,322.58,1088.73
2020-04-14,237407.63,2193.66,205.12,1014.62
2020-04-15,239138.09,2194.11,207.27,1079.71
2020-04-16,241136.33,2194.63,205.46,1212.91
2020-04-17,243187.63,2195.16,205.50,1239.70
2020-04-18,245514.00,2195.76,204.39,1377.27
2020-04-19,248010.00,2196.40,196.59,1454.99
2020-04-20,250983.63,2197.16,187.20,1686.41
2020-04-21,254240.00,2197.99,183.00,1824.76
2020-04-22,257586.38,2198.84,216.24,1903.37
2020-04-23,260360.00,2199.54,931.10,2329.47
2020-04-24,262580.00,2200.10,1292.95,2412.20
2020-04-25,265250.00,2200.77,983.11,2329.23
2020-04-26,268610.09,2201.61,410.28,2104.33
2020-04-27,272540.00,2202.59,254.92,2236.25
2020-04-28,276660.09,2203.61,251.13,2328.34
2020-04-29,280547.00,2204.57,245.13,2204.78
2020-04-30,285640.19,2205.82,229.16,2796.98
2020-05-01,290337.00,2206.97,223.00,2590.98
2020-05-02,294519.00,2207.99,222.78,2331.21
2020-05-03,298428.00,2208.94,223.00,2193.79
2020-05-04,301822.00,2209.76,223.00,1934.14
2020-05-05,304900.00,2210.50,223.00,1774.83
2020-05-06,308272.09,2211.31,223.00,1923.10
2020-05-07,311454.00,2212.07,223.00,1827.21
2020-05-08,314520.00,2212.80,223.00,1768.78
2020-05-09,317761.00,2213.57,360.04,1994.05
2020-05-10,321442.00,2214.44,865.44,2721.28
2020-05-11,325730.00,2215.45,1060.79,3222.65
2020-05-12,330768.25,2216.63,785.36,3325.48
2020-05-13,336143.78,2217.88,379.42,3089.59
2020-05-14,341023.00,2219.01,260.01,2719.95
2020-05-15,345188.00,2219.97,233.03,2332.88
2020-05-16,349117.69,2220.87,230.00,2211.22
2020-05-17,353728.00,2221.92,230.00,2554.37
2020-05-18,358666.00,2223.04,230.00,2719.58
2020-05-19,363316.00,2224.09,230.00,2574.38
2020-05-20,368034.44,2225.15,230.00,2608.88
2020-05-21,372820.00,2226.22,249.54,2662.26
2020-05-22,376420.00,2227.02,292.22,2107.22
2020-05-23,379164.22,2227.63,333.44,1716.98
2020-05-24,381659.78,2228.18,376.93,1635.11
2020-05-25,384342.00,2228.77,395.46,1747.75
2020-05-26,387762.00,2229.52,497.70,2221.95
2020-05-27,390695.56,2230.16,1117.45,2596.45
2020-05-28,392674.00,2230.59,1464.67,2462.13
2020-05-29,396088.34,2231.33,1196.05,2917.45
2020-05-30,401960.00,2232.60,715.96,3676.25
2020-05-31,408856.00,2234.08,473.70,3950.43
2020-06-01,412925.00,2234.95,503.93,2555.39
2020-06-02,415839.00,2235.57,484.47,1953.61
2020-06-03,418199.00,2236.07,492.38,1682.22
2020-06-04,420465.00,2236.55,493.96,1636.40
2020-06-05,422648.00,2237.01,477.64,1578.24
2020-06-06,424836.00,2237.47,487.26,1590.38
2020-06-07,426218.00,2237.76,772.03,1468.79
2020-06-08,426650.59,2237.85,1406.40,1624.50
2020-06-09,427696.00,2238.07,1266.48,1793.54
2020-06-10,429088.72,2238.36,1274.10,1976.27
2020-06-11,430710.00,2238.70,1288.25,2105.65
2020-06-12,432294.00,2239.03,1195.46,1994.06
2020-06-13,434060.00,2239.40,933.87,1824.23
2020-06-14,435606.00,2239.72,883.08,1662.52
2020-06-15,436373.75,2239.88,1046.00,1433.07
2020-06-16,436806.00,2239.97,1114.53,1332.45
2020-06-17,436998.00,2240.01,1177.23,1274.03
2020-06-18,436998.00,2240.01,1464.60,1464.60
2020-06-19,436998.00,2240.01,1648.67,1648.67
2020-06-20,436950.00,2240.00,1855.81,1831.61
2020-06-21,436902.00,2239.99,1854.73,1830.53
2020-06-22,437046.00,2240.02,1752.04,1824.64
2020-06-23,437046.00,2240.02,1887.57,1887.57
2020-06-24,436854.00,2239.98,2167.53,2070.73
2020-06-25,436421.88,2239.89,2172.78,1954.92
2020-06-26,436182.47,2239.84,1974.03,1853.33
2020-06-27,435846.00,2239.77,1892.09,1722.46
2020-06-28,435166.16,2239.63,1938.64,1595.89
2020-06-29,433676.25,2239.32,2105.33,1354.17
2020-06-30,431766.00,2238.92,2330.16,1367.08
2020-07-01,429280.00,2238.40,2519.01,1265.65
2020-07-02,426458.13,2237.81,2672.24,1249.54
2020-07-03,423032.00,2237.09,2801.30,1073.96
2020-07-04,419280.00,2236.30,2885.31,993.68
2020-07-05,415275.00,2235.45,2932.40,913.21
2020-07-06,411337.13,2234.61,2945.78,960.44
2020-07-07,407268.00,2233.74,3015.16,963.64
2020-07-08,402937.13,2232.81,3116.80,933.32
2020-07-09,398444.44,2231.84,3189.29,924.22
2020-07-10,393916.69,2230.86,3201.26,918.52
2020-07-11,389224.44,2229.84,3227.39,861.71
2020-07-12,384525.13,2228.81,3226.87,857.63
2020-07-13,379940.00,2227.80,3158.74,847.07
2020-07-14,375655.56,2226.85,2966.30,806.23
2020-07-15,371299.78,2225.88,2922.81,726.77
2020-07-16,367055.00,2224.93,2962.03,821.95
2020-07-17,362560.00,2223.92,3155.53,889.30
2020-07-18,357336.00,2222.74,3472.71,838.94
2020-07-19,351968.00,2221.52,3557.67,851.30
2020-07-20,346498.00,2220.27,3575.60,817.81
2020-07-21,340980.00,2219.00,3626.71,844.72
2020-07-22,334544.00,2217.51,3676.69,431.87
2020-07-23,328586.22,2216.12,3737.06,733.35
2020-07-24,322497.91,2214.69,3776.38,706.85
2020-07-25,316284.00,2213.22,3770.44,637.59
2020-07-26,309942.00,2211.71,3793.75,596.32
2020-07-27,303607.91,2210.19,3788.25,594.81
2020-07-28,297071.09,2208.61,3843.25,547.61
2020-07-29,290542.00,2207.02,3874.31,582.56
2020-07-30,284010.00,2205.42,3872.88,579.66
2020-07-31,277543.31,2203.83,3844.63,584.33
2020-08-01,270929.91,2202.19,3801.19,466.93
2020-08-02,264570.00,2200.60,3757.38,550.92
2020-08-03,258220.00,2199.00,3770.50,509.04
2020-08-04,251880.91,2197.39,3668.75,472.79
2020-08-05,245592.00,2195.78,3623.68,453.02
2020-08-06,239289.53,2194.15,3581.85,404.35
2020-08-07,233246.00,2192.57,3538.94,491.99
2020-08-08,227186.00,2190.97,3532.52,477.27
2020-08-09,221252.91,2189.39,3458.10,466.83
2020-08-10,215182.00,2187.76,3435.24,374.49
2020-08-11,209203.47,2186.14,3442.86,428.68
2020-08-12,203164.00,2184.49,3441.03,396.13
2020-08-13,197256.53,2182.86,3398.63,420.28
2020-08-14,191360.00,2181.22,3347.30,374.46
2020-08-15,185625.08,2179.61,3304.16,412.80
2020-08-16,179890.00,2177.98,3254.89,363.45
2020-08-17,174424.00,2176.41,3205.61,449.84
2020-08-18,168758.00,2174.77,3232.20,375.59
2020-08-19,163118.17,2173.12,3212.32,368.90
2020-08-20,157630.00,2171.50,3160.24,393.28
2020-08-21,152181.56,2169.87,3102.36,355.44
2020-08-22,146858.00,2168.26,3051.67,367.70
2020-08-23,141627.67,2166.66,3004.58,367.62
2020-08-24,136484.00,2165.07,2940.26,346.99
2020-08-25,131438.00,2163.49,2862.71,318.68
2020-08-26,126548.00,2161.94,2789.69,324.31
2020-08-27,121771.00,2160.41,2728.39,319.98
2020-08-28,117047.85,2158.88,2673.54,292.29
2020-08-29,112420.44,2157.36,2613.75,280.76
2020-08-30,107950.52,2155.87,2521.25,267.66
2020-08-31,103774.00,2154.46,2369.68,264.02
2020-09-01,100060.93,2153.19,2139.92,267.91
2020-09-02,96765.00,2152.05,1930.77,269.07
2020-09-03,93938.00,2151.06,1699.39,274.11
2020-09-04,91529.00,2150.21,1490.50,275.96
2020-09-05,89400.00,2149.45,1320.88,247.51
2020-09-06,87496.00,2148.77,1208.22,248.29
2020-09-07,85774.67,2148.15,1092.29,224.45
2020-09-08,84250.00,2147.60,984.84,216.15
2020-09-09,82960.54,2147.13,855.60,205.50
2020-09-10,81892.00,2146.74,741.80,203.08
2020-09-11,80941.93,2146.39,625.18,146.19
2020-09-12,80069.00,2146.07,549.38,109.27
2020-09-13,79394.13,2145.82,451.50,111.25
2020-09-14,78934.67,2145.65,360.48,128.83
2020-09-15,78665.00,2145.55,275.15,139.19
2020-09-16,78395.00,2145.45,247.14,111.01
2020-09-17,78098.27,2145.34,242.96,93.36
2020-09-18,77855.00,2145.25,239.53,116.89
2020-09-19,77584.67,2145.15,237.00,100.71
2020-09-20,77342.00,2145.06,237.00,114.65
2020-09-21,76972.00,2144.92,234.68,48.14
2020-09-22,76704.13,2144.82,233.50,98.45
2020-09-23,76596.00,2144.78,233.41,178.89
2020-09-24,76812.40,2144.86,230.00,339.10
2020-09-25,77530.54,2145.13,230.33,592.39
2020-09-26,78422.00,2145.46,227.21,676.66
2020-09-27,79367.06,2145.81,227.98,704.45
2020-09-28,79961.00,2146.03,230.00,529.44
2020-09-29,80284.67,2146.15,229.54,392.73
2020-09-30,80474.00,2146.22,226.50,321.95
2020-10-01,80555.00,2146.25,226.50,267.34
2020-10-02,80528.00,2146.24,226.50,212.89
2020-10-03,80474.00,2146.22,226.50,199.27
2020-10-04,80365.87,2146.18,224.77,170.25
2020-10-05,80230.54,2146.13,223.00,154.77
2020-10-06,80069.00,2146.07,223.00,141.56
2020-10-07,79880.00,2146.00,223.00,127.71
2020-10-08,79691.00,2145.93,222.78,127.49
2020-10-09,79502.40,2145.86,223.00,127.91
2020-10-10,79529.46,2145.87,221.09,234.73
2020-10-11,80177.06,2146.11,224.55,551.05
2020-10-12,82004.00,2146.78,224.28,1145.36
2020-10-13,85220.00,2147.95,226.74,1848.14
2020-10-14,89624.00,2149.53,223.44,2443.79
2020-10-15,92406.00,2150.52,225.75,1628.35
2020-10-16,94368.00,2151.21,226.86,1216.04
2020-10-17,97025.00,2152.14,226.50,1566.07
2020-10-18,99568.00,2153.02,230.00,1512.10
2020-10-19,102159.00,2153.91,230.78,1537.08
2020-10-20,103803.00,2154.47,344.84,1173.69
2020-10-21,104160.00,2154.59,751.97,931.96
2020-10-22,103980.00,2154.53,984.88,894.12
2020-10-23,104130.00,2154.58,929.66,1005.28
2020-10-24,104305.58,2154.64,919.50,1008.02
2020-10-25,104276.50,2154.63,919.50,904.84
2020-10-26,104070.00,2154.56,889.41,785.30
2020-10-27,103890.00,2154.50,825.52,734.77
2020-10-28,103920.00,2154.51,707.61,722.73
2020-10-29,104450.93,2154.69,421.57,689.25
2020-10-30,105280.00,2154.97,270.58,688.57
2020-10-31,106200.00,2155.28,234.39,698.23
2020-11-01,107000.00,2155.55,230.24,633.57
2020-11-02,107650.00,2155.77,230.00,557.71
2020-11-03,108670.07,2156.11,229.78,744.07
2020-11-04,111540.00,2157.07,229.82,1676.74
2020-11-05,117320.00,2158.97,233.50,3147.58
2020-11-06,122236.00,2160.56,234.47,2712.95
2020-11-07,125201.00,2161.51,233.50,1728.35
2020-11-08,127235.70,2162.16,233.50,1259.33
2020-11-09,128811.69,2162.66,233.23,1027.79
2020-11-10,130359.61,2163.15,229.85,1010.27
2020-11-11,131438.00,2163.49,230.60,774.29
2020-11-12,132296.00,2163.76,231.77,664.34
2020-11-13,133571.69,2164.16,233.46,876.62
2020-11-14,134596.00,2164.48,239.66,756.09
2020-11-15,135716.23,2164.83,245.68,810.46
2020-11-16,136612.08,2165.11,245.62,697.28
2020-11-17,137485.84,2165.38,235.21,675.74
2020-11-18,138486.92,2165.69,225.88,730.59
2020-11-19,139457.00,2165.99,254.30,743.39
2020-11-20,140396.00,2166.28,255.01,728.42
2020-11-21,141206.00,2166.53,254.50,662.88
2020-11-22,141920.00,2166.75,256.61,616.59
2020-11-23,142575.00,2166.95,254.39,584.62
2020-11-24,143257.67,2167.16,254.50,598.68
2020-11-25,143944.55,2167.37,253.68,599.98
2020-11-26,144403.00,2167.51,253.39,484.52
2020-11-27,144795.45,2167.63,254.39,452.25
2020-11-28,145284.00,2167.78,253.10,499.41
2020-11-29,145646.92,2167.89,254.50,437.47
2020-11-30,146106.00,2168.03,253.24,484.69
2020-12-01,146461.52,2168.14,253.46,432.70
2020-12-02,146759.00,2168.23,254.50,404.48
2020-12-03,146990.00,2168.30,254.39,370.85
2020-12-04,147221.56,2168.37,254.50,371.25
2020-12-05,147419.00,2168.43,254.39,353.93
2020-12-06,147617.00,2168.49,253.26,353.09
2020-12-07,147815.00,2168.55,254.50,354.33
2020-12-08,148144.59,2168.65,254.50,420.67
2020-12-09,148970.00,2168.90,253.15,669.29
2020-12-10,149926.92,2169.19,254.50,736.95
2020-12-11,150818.00,2169.46,254.50,703.75
2020-12-12,151483.67,2169.66,254.96,590.57
2020-12-13,152148.48,2169.86,257.58,592.76
2020-12-14,152712.00,2170.03,256.49,540.59
2020-12-15,153412.00,2170.24,257.89,610.81
2020-12-16,153950.00,2170.40,259.66,530.90
2020-12-17,154620.00,2170.60,260.72,598.51
2020-12-18,155455.41,2170.85,262.70,683.89
2020-12-19,156092.00,2171.04,265.29,586.24
2020-12-20,157333.00,2171.41,273.35,899.02
2020-12-21,158810.42,2171.85,268.35,1013.22
2020-12-22,160204.00,2172.26,266.91,969.51
2020-12-23,161384.08,2172.61,271.47,866.43
2020-12-24,162335.92,2172.89,272.44,752.33
2020-12-25,163321.83,2173.18,273.90,770.96
2020-12-26,164104.00,2173.41,271.85,666.20
2020-12-27,164750.00,2173.60,272.00,597.69
2020-12-28,165372.00,2173.78,271.14,584.74
2020-12-29,165916.00,2173.94,268.41,542.68
2020-12-30,166663.67,2174.16,271.43,648.39
2020-12-31,167388.58,2174.37,268.50,633.97
2021-01-01,167935.00,2174.53,269.52,545.01
2021-01-02,168588.00,2174.72,271.05,600.27
2021-01-03,169655.00,2175.03,276.58,814.52
2021-01-04,170478.00,2175.27,279.62,694.55
2021-01-05,171445.00,2175.55,282.14,769.66
2021-01-06,172310.00,2175.80,278.95,715.05
2021-01-07,172966.00,2175.99,268.74,599.47
2021-01-08,173553.67,2176.16,263.92,560.21
2021-01-09,174005.00,2176.29,247.50,475.04
2021-01-10,174390.00,2176.40,247.46,441.57
2021-01-11,175045.00,2176.59,248.32,578.55
2021-01-12,176330.00,2176.96,253.95,901.81
2021-01-13,179225.00,2177.79,274.48,1734.04
2021-01-14,181920.00,2178.56,272.00,1630.73
2021-01-15,184143.91,2179.19,270.91,1392.13
2021-01-16,185799.66,2179.66,269.79,1104.57
2021-01-17,187325.00,2180.09,271.71,1040.74
2021-01-18,188610.00,2180.45,272.00,919.85
2021-01-19,189680.00,2180.75,272.00,811.46
2021-01-20,190642.00,2181.02,270.85,755.86
2021-01-21,191535.00,2181.27,268.50,718.72
2021-01-22,192252.00,2181.47,267.90,629.39
2021-01-23,192935.64,2181.66,265.98,610.65
2021-01-24,193584.36,2181.84,266.37,593.43
2021-01-25,194124.00,2181.99,265.00,537.07
2021-01-26,194590.17,2182.12,265.00,500.03
2021-01-27,195050.00,2182.25,264.67,496.50
2021-01-28,195482.61,2182.37,265.00,483.11
2021-01-29,195878.00,2182.48,264.78,464.12
2021-01-30,196135.00,2182.55,265.00,394.57
2021-01-31,196499.56,2182.65,265.00,448.80
2021-02-01,196788.00,2182.73,265.00,410.20
2021-02-02,197112.17,2182.82,265.00,428.44
2021-02-03,197436.00,2182.91,264.53,427.79
2021-02-04,197724.00,2182.99,265.00,410.20
2021-02-05,198407.83,2183.18,271.40,616.16
2021-02-06,199385.00,2183.45,275.37,768.03
2021-02-07,200253.91,2183.69,273.42,711.50
2021-02-08,200947.83,2183.88,268.50,618.35
2021-02-09,201524.00,2184.04,267.99,558.48
2021-02-10,202035.81,2184.18,268.30,526.34
2021-02-11,202470.00,2184.30,268.19,487.09
2021-02-12,202912.00,2184.42,268.50,491.34
2021-02-13,203272.00,2184.52,267.06,448.56
2021-02-14,203670.36,2184.63,266.70,467.53
2021-02-15,204218.00,2184.78,267.13,543.24
2021-02-16,204696.00,2184.91,265.00,505.99
2021-02-17,204984.00,2184.99,264.78,409.98
2021-02-18,205316.00,2185.08,265.00,432.38
2021-02-19,205574.55,2185.15,265.00,395.35
2021-02-20,205796.00,2185.21,262.79,374.44
2021-02-21,206305.45,2185.35,266.26,523.11
2021-02-22,208468.00,2185.94,293.35,1383.63
2021-02-23,210085.81,2186.38,293.62,1109.27
2021-02-24,211187.83,2186.68,254.77,838.56
2021-02-25,212148.00,2186.94,255.08,767.53
2021-02-26,213406.00,2187.28,282.72,916.96
2021-02-27,214109.00,2187.47,253.43,607.86
2021-02-28,214700.36,2187.63,255.19,553.34
2021-03-01,215256.00,2187.78,254.94,535.07
2021-03-02,215774.00,2187.92,255.63,516.79
2021-03-03,216144.00,2188.02,255.27,441.81
2021-03-04,216553.34,2188.13,254.50,460.84
2021-03-05,216931.00,2188.23,254.50,444.90
2021-03-06,217338.36,2188.34,254.50,459.88
2021-03-07,217708.00,2188.44,254.61,440.97
2021-03-08,218078.00,2188.54,256.87,443.41
2021-03-09,218376.19,2188.62,255.27,405.60
2021-03-10,218641.91,2188.69,254.97,388.94
2021-03-11,218939.00,2188.77,254.46,404.25
2021-03-12,219161.27,2188.83,254.46,366.52
2021-03-13,219420.00,2188.90,256.38,386.82
2021-03-14,219724.00,2188.98,257.93,411.19
2021-03-15,219911.00,2189.03,255.87,350.15
2021-03-16,220207.09,2189.11,257.95,407.23
2021-03-17,220428.73,2189.17,258.00,369.74
2021-03-18,220806.00,2189.27,258.00,448.20
2021-03-19,221179.64,2189.37,258.00,446.38
2021-03-20,221623.00,2189.49,258.00,481.53
2021-03-21,222077.09,2189.61,258.00,486.94
2021-03-22,222600.00,2189.75,258.00,521.63
2021-03-23,222975.45,2189.85,258.00,447.29
2021-03-24,223540.00,2190.00,260.01,544.63
2021-03-25,223994.19,2190.12,258.00,486.99
2021-03-26,224480.00,2190.25,258.00,502.93
2021-03-27,224965.81,2190.38,258.00,502.93
2021-03-28,225837.09,2190.61,260.99,700.26
2021-03-29,226550.00,2190.80,258.97,618.39
2021-03-30,227186.00,2190.97,259.33,579.98
2021-03-31,227793.34,2191.13,261.85,568.05
2021-04-01,228440.00,2191.30,261.50,587.52
2021-04-02,228735.81,2191.38,443.80,592.94
2021-04-03,227793.34,2191.13,1255.04,779.87
2021-04-04,226882.91,2190.89,1296.85,837.84
2021-04-05,226772.55,2190.86,1014.38,958.74
2021-04-06,227680.00,2191.10,336.22,793.73
2021-04-07,228924.00,2191.43,272.16,899.35
2021-04-08,230178.00,2191.76,269.32,901.55
2021-04-09,231201.00,2192.03,268.50,784.26
2021-04-10,232258.09,2192.31,267.33,800.29
2021-04-11,233094.00,2192.53,266.39,687.82
2021-04-12,233818.00,2192.72,265.00,630.02
2021-04-13,234510.00,2192.90,265.00,613.88
2021-04-14,235194.00,2193.08,265.00,609.85
2021-04-15,236030.00,2193.30,265.00,686.48
2021-04-16,237104.00,2193.58,370.21,911.68
2021-04-17,237599.00,2193.71,1046.86,1296.42
2021-04-18,238749.00,2194.01,1262.29,1842.08
2021-04-19,241331.81,2194.68,1002.43,2304.60
2021-04-20,244744.00,2195.56,482.35,2202.67
2021-04-21,248322.00,2196.48,270.05,2073.96
2021-04-22,252310.00,2197.50,265.00,2275.62
2021-04-23,256562.00,2198.58,265.00,2408.72
2021-04-24,260600.00,2199.60,264.78,2300.61
2021-04-25,264250.00,2200.52,265.00,2105.21
2021-04-26,266530.00,2201.09,720.63,1870.13
2021-04-27,267520.41,2201.34,1388.00,1887.33
2021-04-28,268447.00,2201.57,1390.00,1857.16
2021-04-29,270889.81,2202.18,790.26,2021.85
2021-04-30,275320.00,2203.28,273.42,2506.98
2021-05-01,280301.00,2204.51,268.63,2779.88
2021-05-02,284903.41,2205.64,265.42,2585.80
2021-05-03,289065.59,2206.66,265.00,2363.44
2021-05-04,292878.00,2207.59,265.00,2187.09
2021-05-05,296536.00,2208.48,436.74,2280.99
2021-05-06,299376.69,2209.17,1074.42,2506.60
2021-05-07,302358.91,2209.89,1088.20,2591.74
2021-05-08,305561.59,2210.66,611.82,2226.50
2021-05-09,308691.00,2211.41,279.93,1857.67
2021-05-10,311747.38,2212.14,276.72,1817.64
2021-05-11,314940.00,2212.90,275.50,1885.12
2021-05-12,318604.00,2213.77,274.06,2121.33
2021-05-13,322970.00,2214.80,272.00,2473.19
2021-05-14,328206.00,2216.03,272.00,2911.82
2021-05-15,334122.00,2217.41,272.00,3254.65
2021-05-16,340848.00,2218.97,272.00,3663.03
2021-05-17,348071.25,2220.63,274.86,3916.59
2021-05-18,354739.47,2222.15,275.50,3637.40
2021-05-19,359460.00,2223.22,344.08,2724.02
2021-05-20,362162.31,2223.83,849.83,2212.25
2021-05-21,364030.00,2224.25,986.66,1928.28
2021-05-22,365759.34,2224.64,993.84,1865.72
2021-05-23,367678.00,2225.07,997.94,1965.26
2021-05-24,370005.00,2225.59,1033.20,2206.40
2021-05-25,372290.00,2226.10,1247.34,2399.37
2021-05-26,374485.00,2226.59,1537.28,2643.92
2021-05-27,376735.00,2227.09,1679.83,2814.21
2021-05-28,379480.00,2227.70,1506.77,2890.71
2021-05-29,381975.00,2228.25,1257.23,2515.13
2021-05-30,384570.22,2228.82,1055.39,2363.81
2021-05-31,388130.00,2229.60,929.57,2724.30
2021-06-01,394053.88,2230.89,693.86,3680.48
2021-06-02,401868.00,2232.58,660.84,4600.46
2021-06-03,410679.00,2234.47,556.72,4998.94
2021-06-04,417917.00,2236.01,664.70,4313.86
2021-06-05,423127.13,2237.11,722.21,3348.98
2021-06-06,426937.00,2237.91,729.75,2650.57
2021-06-07,429609.00,2238.47,691.98,2039.12
2021-06-08,431573.75,2238.88,662.54,1653.10
2021-06-09,432817.31,2239.14,797.92,1424.89
2021-06-10,433196.00,2239.22,1336.24,1527.16
2021-06-11,433244.00,2239.23,1591.79,1615.99
2021-06-12,433148.00,2239.21,1678.42,1630.02
2021-06-13,433628.13,2239.31,1760.88,2002.94
2021-06-14,435313.53,2239.66,2170.01,3019.73
2021-06-15,435654.00,2239.73,2753.07,2924.73
2021-06-16,435264.41,2239.65,2660.52,2464.10
2021-06-17,435117.03,2239.62,2313.99,2239.69
2021-06-18,435117.03,2239.62,2206.86,2206.86
2021-06-19,435411.75,2239.68,2245.63,2394.21
2021-06-20,435894.00,2239.78,2315.97,2559.10
2021-06-21,435942.00,2239.79,2659.90,2684.10
2021-06-22,435846.00,2239.77,2861.51,2813.11
2021-06-23,435606.00,2239.72,2889.74,2768.74
2021-06-24,435362.63,2239.67,2656.67,2533.97
2021-06-25,435654.00,2239.73,2470.73,2617.63
2021-06-26,436086.25,2239.82,2511.88,2729.80
2021-06-27,436134.34,2239.83,2622.24,2646.49
2021-06-28,436373.75,2239.88,2536.88,2657.58
2021-06-29,436421.88,2239.89,2503.13,2527.39
2021-06-30,435558.00,2239.71,2663.85,2228.32
2021-07-01,433820.59,2239.35,2903.91,2027.96
2021-07-02,431190.00,2238.80,3052.43,1726.17
2021-07-03,427888.13,2238.11,3222.92,1558.22
2021-07-04,424171.34,2237.33,3335.84,1461.96
2021-07-05,420042.00,2236.46,3418.51,1336.63
2021-07-06,415557.00,2235.51,3510.58,1249.39
2021-07-07,410585.00,2234.45,3642.87,1136.15
2021-07-08,405404.44,2233.34,3676.13,1064.26
2021-07-09,400202.00,2232.22,3658.94,1036.04
2021-07-10,394744.00,2231.04,3674.94,923.19
2021-07-11,389270.56,2229.85,3702.69,943.16
2021-07-12,383704.22,2228.63,3702.75,896.38
2021-07-13,377950.66,2227.36,3736.25,835.49
2021-07-14,372110.00,2226.06,3824.44,879.77
2021-07-15,365894.66,2224.67,3920.25,786.68
2021-07-16,359685.00,2223.27,3906.56,775.86
2021-07-17,353507.69,2221.87,3882.63,768.23
2021-07-18,347236.00,2220.44,3874.69,712.71
2021-07-19,340848.00,2218.97,3872.19,651.57
2021-07-20,334416.00,2217.48,3892.38,649.57
2021-07-21,328290.00,2216.05,3918.25,829.72
2021-07-22,321270.00,2214.40,3900.94,361.69
2021-07-23,314646.31,2212.83,3882.94,543.49
2021-07-24,308020.00,2211.25,3894.81,554.04
2021-07-25,301323.41,2209.64,3900.69,524.49
2021-07-26,294683.00,2208.03,3917.69,569.81
2021-07-27,287887.69,2206.37,3956.44,530.47
2021-07-28,281120.00,2204.71,3961.50,549.46
2021-07-29,274354.00,2203.04,3919.88,508.68
2021-07-30,267560.50,2201.35,3958.44,533.38
2021-07-31,260755.42,2199.64,3949.63,518.73
2021-08-01,254200.00,2197.98,3853.06,548.04
2021-08-02,247854.58,2196.36,3728.25,529.10
2021-08-03,241952.38,2194.84,3562.73,587.03
2021-08-04,236108.19,2193.32,3460.39,513.94
2021-08-05,230406.19,2191.82,3362.71,487.95
2021-08-06,224781.27,2190.33,3269.32,433.42
2021-08-07,219345.81,2188.88,3193.93,453.55
2021-08-08,213961.00,2187.43,3151.76,436.92
2021-08-09,208690.00,2186.00,3135.20,477.74
2021-08-10,203200.00,2184.50,3219.82,451.95
2021-08-11,197688.00,2182.98,3216.21,437.25
2021-08-12,192288.00,2181.48,3157.49,434.99
2021-08-13,186974.00,2179.99,3110.63,431.48
2021-08-14,181745.00,2178.51,3047.86,411.58
2021-08-15,176680.00,2177.06,2970.05,416.45
2021-08-16,171654.08,2175.61,2914.64,380.73
2021-08-17,166663.67,2174.16,2857.14,341.14
2021-08-18,161962.00,2172.78,2724.06,353.63
2021-08-19,157432.00,2171.44,2545.89,262.01
2021-08-20,153246.92,2170.19,2440.94,330.96
2021-08-21,149333.00,2169.01,2288.83,315.56
2021-08-22,145680.00,2167.90,2141.66,299.93
2021-08-23,142179.23,2166.83,2058.78,293.81
2021-08-24,138840.00,2165.80,1993.63,310.09
2021-08-25,135364.00,2164.72,2028.64,276.16
2021-08-26,131790.00,2163.60,2086.53,284.64
2021-08-27,128118.00,2162.44,2095.44,244.14
2021-08-28,124668.31,2161.34,2016.83,277.61
2021-08-29,121430.00,2160.30,1900.77,268.12
2021-08-30,118460.30,2159.34,1750.35,253.12
2021-08-31,115610.00,2158.41,1633.00,195.97
2021-09-01,113020.00,2157.56,1532.42,226.62
2021-09-02,110640.00,2156.77,1431.08,231.17
2021-09-03,108400.00,2156.02,1339.21,209.87
2021-09-04,106347.21,2155.33,1266.96,232.01
2021-09-05,104248.14,2154.62,1229.99,171.71
2021-09-06,102333.00,2153.97,1179.35,213.80
2021-09-07,100583.50,2153.37,1091.23,209.19
2021-09-08,99104.42,2152.86,950.14,204.44
2021-09-09,97770.00,2152.40,872.41,199.63
2021-09-10,96564.00,2151.98,735.43,127.40
2021-09-11,95619.66,2151.65,580.99,104.88
2021-09-12,94823.50,2151.37,494.67,93.28
2021-09-13,94194.65,2151.15,390.35,73.31
2021-09-14,93770.00,2151.00,304.76,90.67
2021-09-15,93480.00,2150.90,256.74,110.54
2021-09-16,93172.00,2150.79,256.34,101.06
2021-09-17,92890.93,2150.69,252.80,111.10
2021-09-18,92774.65,2150.65,248.94,190.31
2021-09-19,92861.86,2150.68,245.62,289.59
2021-09-20,93032.00,2150.74,244.00,329.78
2021-09-21,93144.00,2150.78,243.54,300.01
2021-09-22,93088.00,2150.76,240.50,212.27
2021-09-23,93004.00,2150.73,259.64,217.29
2021-09-24,92890.93,2150.69,258.00,200.99
2021-09-25,92688.14,2150.62,256.71,154.47
2021-09-26,92490.00,2150.55,254.50,154.60
2021-09-27,92378.00,2150.51,254.45,197.98
2021-09-28,92434.00,2150.53,245.80,274.04
2021-09-29,92602.00,2150.59,238.00,322.70
2021-09-30,92861.86,2150.68,229.76,360.78
2021-10-01,93340.34,2150.85,226.46,467.70
2021-10-02,93683.00,2150.97,226.50,399.26
2021-10-03,93854.00,2151.03,226.50,312.71
2021-10-04,93910.00,2151.05,226.50,254.73
2021-10-05,93882.00,2151.04,225.10,210.98
2021-10-06,93826.00,2151.02,223.00,194.77
2021-10-07,93741.00,2150.99,223.00,180.15
2021-10-08,93567.00,2150.93,222.11,134.38
2021-10-09,93423.86,2150.88,219.18,147.02
2021-10-10,93480.00,2150.90,219.97,248.28
2021-10-11,93451.93,2150.89,219.50,205.35
2021-10-12,93423.86,2150.88,220.23,206.08
2021-10-13,93368.41,2150.86,219.50,191.55
2021-10-14,93368.41,2150.86,219.50,219.50
2021-10-15,93340.34,2150.85,218.72,204.56
2021-10-16,93284.20,2150.83,217.85,189.55
2021-10-17,93312.27,2150.84,216.58,230.73
2021-10-18,93256.14,2150.82,216.07,187.77
2021-10-19,93200.00,2150.80,215.72,187.41
2021-10-20,93200.00,2150.80,213.68,213.68
2021-10-21,93200.00,2150.80,216.00,216.00
2021-10-22,93312.27,2150.84,215.78,272.39
2021-10-23,93396.48,2150.87,216.00,258.45
2021-10-24,93654.00,2150.96,215.98,345.82
2021-10-25,93854.00,2151.03,212.26,313.09
2021-10-26,94424.00,2151.23,213.74,501.11
2021-10-27,95364.00,2151.56,215.84,689.75
2021-10-28,97229.00,2152.21,218.83,1159.10
2021-10-29,102510.00,2154.03,219.50,2882.01
2021-10-30,105130.00,2154.92,222.25,1543.17
2021-10-31,106670.00,2155.44,223.00,999.42
2021-11-01,107710.00,2155.79,223.00,747.33
2021-11-02,108580.00,2156.08,223.00,661.63
2021-11-03,109290.15,2156.32,232.55,590.59
2021-11-04,110399.93,2156.69,234.76,794.27
2021-11-05,112509.93,2157.39,234.39,777.86
2021-11-06,114236.00,2157.96,237.00,761.45
2021-11-07,115640.00,2158.42,237.00,745.03
2021-11-08,116614.00,2158.74,237.57,728.62
2021-11-09,117627.00,2159.07,238.08,748.80
2021-11-10,118400.15,2159.32,237.13,626.92
2021-11-11,119849.00,2159.79,244.00,974.46
2021-11-12,129353.23,2162.83,264.49,5056.21
2021-11-13,138453.84,2165.68,265.38,4853.61
2021-11-14,150620.00,2169.40,274.42,6408.20
2021-11-15,163321.83,2173.18,278.84,6682.68
2021-11-16,170376.00,2175.24,284.51,3840.99
2021-11-17,174354.92,2176.39,281.02,2287.06
2021-11-18,177240.00,2177.22,268.50,1723.06
2021-11-19,179435.42,2177.85,265.97,1372.83
2021-11-20,181045.08,2178.31,265.00,1076.54
2021-11-21,182347.83,2178.68,266.99,923.79
2021-11-22,183470.00,2179.00,268.50,834.26
2021-11-23,184565.08,2179.31,266.08,818.18
2021-11-24,185345.00,2179.53,251.78,644.99
2021-11-25,186405.25,2179.83,239.01,773.55
2021-11-26,188754.00,2180.49,240.76,1424.92
2021-11-27,192036.00,2181.41,245.00,1899.68
2021-11-28,198732.00,2183.27,252.93,3628.83
2021-11-29,204364.19,2184.82,252.59,3092.15
2021-11-30,208838.00,2186.04,254.17,2509.72
2021-12-01,213147.00,2187.21,257.47,2429.93
2021-12-02,216667.63,2188.16,258.24,2033.22
2021-12-03,219382.91,2188.89,254.39,1623.35
2021-12-04,221698.00,2189.51,240.65,1407.84
2021-12-05,223464.00,2189.98,234.76,1125.12
2021-12-06,225116.00,2190.42,235.03,1067.92
2021-12-07,226398.00,2190.76,231.51,877.86
2021-12-08,227718.09,2191.11,222.11,887.65
2021-12-09,228848.00,2191.41,222.80,792.46
2021-12-10,229911.91,2191.69,222.89,759.28
2021-12-11,231423.00,2192.09,225.28,987.12
2021-12-12,232334.28,2192.33,226.50,685.94
2021-12-13,233170.00,2192.55,226.65,647.99
2021-12-14,233818.00,2192.72,225.66,552.36
2021-12-15,234433.81,2192.88,226.50,536.97
2021-12-16,235004.00,2193.03,225.28,512.75
2021-12-17,235459.53,2193.15,223.49,453.16
2021-12-18,236264.58,2193.36,226.45,632.32
2021-12-19,236610.00,2193.45,223.00,397.15
2021-12-20,237180.00,2193.60,223.55,510.92
2021-12-21,237521.91,2193.69,225.39,397.77
2021-12-22,237988.09,2193.81,226.50,461.39
2021-12-23,238482.00,2193.94,224.48,473.38
2021-12-24,238905.00,2194.05,225.62,438.89
2021-12-25,239403.81,2194.18,225.35,476.84
2021-12-26,239675.00,2194.25,225.32,362.04
2021-12-27,239831.00,2194.29,224.88,303.53
2021-12-28,239984.28,2194.33,226.50,303.78
2021-12-29,240136.66,2194.37,225.15,301.97
2021-12-30,240367.00,2194.43,225.64,341.77
2021-12-31,240445.00,2194.45,223.20,262.53
2022-01-01,240562.00,2194.48,225.72,284.70
2022-01-02,240716.00,2194.52,228.01,305.65
2022-01-03,241020.00,2194.60,228.01,381.28
2022-01-04,241370.91,2194.69,226.50,403.42
2022-01-05,241644.00,2194.76,226.45,364.13
2022-01-06,242687.00,2195.03,230.00,755.85
2022-01-07,243263.81,2195.18,228.20,519.01
2022-01-08,243652.00,2195.28,226.92,422.63
2022-01-09,243925.48,2195.35,230.00,367.88
2022-01-10,244159.00,2195.41,229.82,347.55
2022-01-11,244744.00,2195.56,237.73,532.67
2022-01-12,246216.00,2195.94,249.16,991.29
2022-01-13,248829.09,2196.61,253.17,1570.60
2022-01-14,251061.81,2197.18,254.50,1380.16
2022-01-15,252749.09,2197.61,254.43,1105.10
2022-01-16,254120.00,2197.96,255.94,947.11
2022-01-17,255260.00,2198.25,257.89,832.64
2022-01-18,256484.00,2198.56,256.91,874.01
2022-01-19,257586.38,2198.84,258.00,813.78
2022-01-20,259605.48,2199.35,263.34,1281.31
2022-01-21,261946.00,2199.94,268.77,1448.78
2022-01-22,263970.00,2200.45,271.74,1292.18
2022-01-23,265810.00,2200.91,274.35,1202.02
2022-01-24,267240.00,2201.27,274.53,995.49
2022-01-25,268610.09,2201.61,275.50,966.26
2022-01-26,269850.00,2201.92,275.21,900.33
2022-01-27,270929.91,2202.19,275.50,819.95
2022-01-28,271860.00,2202.42,275.50,744.42
2022-01-29,272739.41,2202.64,275.36,718.73
2022-01-30,273510.28,2202.83,275.21,663.86
2022-01-31,274518.00,2203.08,273.79,781.84
2022-02-01,275120.00,2203.23,275.15,578.66
2022-02-02,275646.59,2203.36,274.50,539.99
2022-02-03,276170.00,2203.49,272.71,536.34
2022-02-04,276579.00,2203.59,274.19,480.39
2022-02-05,277100.00,2203.72,274.17,536.55
2022-02-06,277502.19,2203.82,275.50,478.27
2022-02-07,277871.00,2203.91,276.63,463.87
2022-02-08,278240.00,2204.00,268.23,466.62
2022-02-09,278640.00,2204.10,263.41,490.71
2022-02-10,279290.00,2204.26,263.19,628.07
2022-02-11,280220.00,2204.49,264.45,772.56
2022-02-12,281200.00,2204.73,258.00,794.08
2022-02-13,282054.00,2204.94,257.04,729.72
2022-02-14,282822.31,2205.13,255.56,685.22
2022-02-15,283643.31,2205.33,254.00,710.28
2022-02-16,284250.00,2205.48,254.17,602.12
2022-02-17,284985.59,2205.66,255.77,668.91
2022-02-18,285600.09,2205.81,260.73,570.54
2022-02-19,286452.00,2206.02,265.00,694.50
2022-02-20,287190.00,2206.20,267.13,639.21
2022-02-21,287805.50,2206.35,267.39,577.70
2022-02-22,288330.00,2206.48,265.00,529.44
2022-02-23,288697.00,2206.57,265.00,450.03
2022-02-24,289147.81,2206.68,249.00,487.33
2022-02-25,289476.00,2206.76,243.00,423.46
2022-02-26,289886.59,2206.86,242.00,465.01
2022-02-27,290583.00,2207.03,240.00,608.67
2022-02-28,292626.00,2207.53,252.00,1300.57
2022-03-01,297152.31,2208.63,253.00,2557.52
2022-03-02,302113.31,2209.83,248.00,2771.70
2022-03-03,305561.59,2210.66,239.00,2003.51
2022-03-04,308188.00,2211.29,234.00,1584.95
2022-03-05,310362.09,2211.81,229.00,1353.96
2022-03-06,312210.00,2212.25,227.00,1191.17
2022-03-07,313680.00,2212.60,228.00,1003.96
2022-03-08,315192.00,2212.96,230.00,1027.30
2022-03-09,316452.00,2213.26,228.00,900.34
2022-03-10,317546.00,2213.52,227.00,816.81
2022-03-11,318520.00,2213.75,232.00,743.94
2022-03-12,319370.00,2213.95,235.00,682.71
2022-03-13,320251.59,2214.16,234.00,698.64
2022-03-14,321356.00,2214.42,233.00,812.53
2022-03-15,322798.00,2214.76,235.00,985.01
2022-03-16,324156.00,2215.08,237.00,946.16
2022-03-17,325305.53,2215.35,233.00,838.78
2022-03-18,326456.22,2215.62,232.00,838.14
2022-03-19,327521.75,2215.87,231.00,795.21
2022-03-20,328458.00,2216.09,229.00,730.03
2022-03-21,329489.31,2216.33,228.00,778.54
2022-03-22,330472.00,2216.56,231.00,755.46
2022-03-23,331672.41,2216.84,230.00,866.18
2022-03-24,333392.00,2217.24,229.00,1128.26
2022-03-25,335068.25,2217.63,227.00,1106.57
2022-03-26,336703.00,2218.01,226.00,1085.65
2022-03-27,338468.00,2218.42,225.00,1151.35
2022-03-28,340804.00,2218.96,224.00,1439.20
2022-03-29,343492.00,2219.58,223.00,1618.03
2022-03-30,346410.00,2220.25,227.00,1736.16
2022-03-31,348942.31,2220.83,227.00,1541.64
2022-04-01,351132.31,2221.33,227.00,1369.13
2022-04-02,353068.00,2221.77,227.00,1240.84
2022-04-03,354783.56,2222.16,230.00,1133.27
2022-04-04,357204.00,2222.71,230.00,1489.72
2022-04-05,359017.13,2223.12,230.00,1182.51
2022-04-06,360436.00,2223.44,230.00,983.85
2022-04-07,361766.00,2223.74,234.00,941.56
2022-04-08,363052.00,2224.03,234.00,920.21
2022-04-09,364564.66,2224.37,234.00,1035.82
2022-04-10,365849.56,2224.66,237.00,923.12
2022-04-11,366965.00,2224.91,237.00,838.05
2022-04-12,367944.22,2225.13,237.00,769.19
2022-04-13,368842.31,2225.33,237.00,728.29
2022-04-14,369645.00,2225.51,237.00,680.19
2022-04-15,370409.78,2225.68,234.00,659.02
2022-04-16,370940.00,2225.80,234.00,540.92
2022-04-17,371525.00,2225.93,234.00,566.94
2022-04-18,371705.00,2225.97,397.00,567.05
2022-04-19,371210.66,2225.86,628.00,469.18
2022-04-20,370764.00,2225.76,617.00,481.00
2022-04-21,370454.88,2225.69,621.00,545.76
2022-04-22,370229.34,2225.64,525.00,490.13
2022-04-23,370319.56,2225.66,415.00,525.49
2022-04-24,370544.00,2225.71,423.00,596.21
2022-04-25,370808.00,2225.77,485.00,680.51
2022-04-26,370852.00,2225.78,677.00,762.15
2022-04-27,370896.00,2225.79,681.00,764.18
2022-04-28,370852.00,2225.78,686.00,722.22
2022-04-29,370808.00,2225.77,690.00,722.25
2022-04-30,371210.66,2225.86,632.00,879.49
2022-05-01,372155.00,2226.07,526.00,1043.37
2022-05-02,373945.00,2226.47,501.00,1437.43
2022-05-03,376150.00,2226.96,487.00,1628.75
2022-05-04,378625.00,2227.51,508.00,1782.17
2022-05-05,381345.13,2228.11,826.00,2390.80
2022-05-06,384112.00,2228.72,1291.00,3006.76
2022-05-07,386253.88,2229.19,1338.00,2732.07
2022-05-08,387486.00,2229.46,1316.00,2246.57
2022-05-09,387992.00,2229.57,1342.00,1904.44
2022-05-10,387854.00,2229.54,1370.00,1602.43
2022-05-11,387578.00,2229.48,1333.00,1481.60
2022-05-12,387992.00,2229.57,1044.00,1512.65
2022-05-13,389270.56,2229.85,583.00,1423.03
2022-05-14,391018.00,2230.23,414.00,1457.30
2022-05-15,393133.88,2230.69,390.00,1613.79
2022-05-16,396226.69,2231.36,470.00,1994.62
2022-05-17,399088.00,2231.98,692.00,2205.91
2022-05-18,401040.00,2232.40,1224.00,2415.33
2022-05-19,402706.00,2232.76,1279.00,2331.32
2022-05-20,403728.00,2232.98,1271.00,1985.93
2022-05-21,404473.31,2233.14,1290.00,1863.97
2022-05-22,405032.00,2233.26,1282.00,1756.01
2022-05-23,405868.00,2233.44,1336.00,1951.90
2022-05-24,406757.22,2233.63,1491.00,2129.40
2022-05-25,408020.00,2233.90,1538.00,2354.11
2022-05-26,410068.47,2234.34,1520.00,2726.44
2022-05-27,412878.00,2234.94,1490.00,3083.68
2022-05-28,415745.00,2235.55,1501.00,3116.74
2022-05-29,417541.00,2235.93,1519.00,2595.90
2022-05-30,418762.88,2236.19,1529.00,2309.11
2022-05-31,419854.00,2236.42,1531.00,2248.78
2022-06-01,421462.00,2236.76,1638.00,2614.98
2022-06-02,424030.00,2237.30,1832.00,3306.61
2022-06-03,427219.00,2237.97,2104.00,3883.23
2022-06-04,429468.00,2238.44,2277.00,3570.52
2022-06-05,433580.00,2239.30,2536.00,4777.45
2022-06-06,434636.00,2239.52,3926.00,4644.49
2022-06-07,432864.44,2239.15,4336.00,3617.69
2022-06-08,430661.88,2238.69,4348.00,3412.31
2022-06-09,428560.00,2238.25,4324.00,3437.89
2022-06-10,430854.00,2238.73,4084.00,5415.51
2022-06-11,432486.00,2239.07,3726.00,4725.05
2022-06-12,432770.19,2239.13,3478.00,3805.56
2022-06-13,433100.00,2239.20,2855.00,3198.52
2022-06-14,433820.59,2239.35,2324.00,2853.85
2022-06-15,433820.59,2239.35,2226.00,2387.33
2022-06-16,433772.47,2239.34,2011.00,2155.55
2022-06-17,434684.00,2239.53,1561.00,2192.69
2022-06-18,435654.00,2239.73,1410.00,2062.08
2022-06-19,436325.66,2239.87,1467.00,1975.67
2022-06-20,436854.00,2239.98,1724.00,2191.00
2022-06-21,436806.00,2239.97,2198.00,2389.95
2022-06-22,436998.00,2240.01,2388.00,2723.73
2022-06-23,436421.88,2239.89,2720.00,2675.79
2022-06-24,435510.00,2239.70,2622.00,2411.10
2022-06-25,434732.00,2239.54,2394.00,2247.19
2022-06-26,434732.00,2239.54,2179.00,2398.24
2022-06-27,435215.28,2239.64,2145.00,2606.65
2022-06-28,436421.88,2239.89,1958.00,2786.40
2022-06-29,437286.00,2240.07,1897.00,2550.09
2022-06-30,436662.00,2239.94,2142.00,2038.18
2022-07-01,436710.00,2239.95,1828.00,2062.59
2022-07-02,436902.00,2239.99,1718.00,2015.38
2022-07-03,437046.00,2240.02,1752.00,2030.69
2022-07-04,436902.00,2239.99,1916.19,1843.59
2022-07-05,436278.72,2239.86,1755.00,1643.57
2022-07-06,435411.75,2239.68,1756.00,1521.00
2022-07-07,434492.00,2239.49,1758.00,1491.01
2022-07-08,433484.00,2239.28,1752.00,1442.63
2022-07-09,432390.00,2239.05,1754.00,1397.44
2022-07-10,431094.00,2238.78,1818.00,1361.08
2022-07-11,429468.00,2238.44,1927.00,1303.88
2022-07-12,427696.00,2238.07,2046.00,1340.38
2022-07-13,425507.13,2237.61,2300.00,1395.95
2022-07-14,422696.00,2237.02,2551.00,1339.60
2022-07-15,419376.25,2236.32,2652.00,1182.23
2022-07-16,415698.00,2235.54,2833.00,1182.21
2022-07-17,411618.66,2234.67,2944.00,1097.83
2022-07-18,407409.00,2233.77,2965.00,1057.58
2022-07-19,403218.66,2232.87,2956.00,908.66
2022-07-20,398950.00,2231.95,3017.00,914.15
2022-07-21,394330.00,2230.95,3110.00,841.70
2022-07-22,389316.69,2229.86,3265.00,797.98
2022-07-23,383386.00,2228.56,3332.00,826.87
2022-07-24,377500.00,2227.26,3311.00,848.52
2022-07-25,371660.00,2225.96,3290.00,807.32
2022-07-26,365804.00,2224.65,3401.00,765.43
2022-07-27,360040.00,2223.35,3457.00,722.33
2022-07-28,354300.00,2222.05,3535.00,771.57
2022-07-29,348595.00,2220.75,3580.00,756.83
2022-07-30,342925.00,2219.45,3592.00,777.86
2022-07-31,337304.00,2218.15,3593.00,803.84
2022-08-01,331672.00,2216.84,3583.00,790.78
2022-08-02,326112.00,2215.54,3562.00,804.18
2022-08-03,320251.59,2214.16,3542.00,627.11
2022-08-04,314015.78,2212.68,3510.00,410.75
2022-08-05,307978.00,2211.24,3412.00,407.17
2022-08-06,301990.00,2209.80,3336.00,361.52
2022-08-07,295995.50,2208.35,3348.00,367.24
2022-08-08,290008.91,2206.89,3327.00,345.38
2022-08-09,284170.00,2205.46,3273.00,371.43
2022-08-10,278320.00,2204.02,3241.00,328.77
2022-08-11,272500.00,2202.58,3209.00,312.96
2022-08-12,266648.19,2201.12,3254.00,342.41
2022-08-13,260678.19,2199.62,3255.00,281.96
2022-08-14,254709.09,2198.11,3278.00,301.21
2022-08-15,248634.00,2196.56,3290.00,253.50
2022-08-16,242648.00,2195.02,3291.00,308.21
2022-08-17,236534.00,2193.43,3348.00,296.79
2022-08-18,230444.28,2191.83,3338.00,289.32
2022-08-19,224442.00,2190.24,3295.00,296.85
2022-08-20,218565.72,2188.67,3230.00,287.16
2022-08-21,212740.00,2187.10,3165.00,251.06
2022-08-22,207109.00,2185.57,3089.00,271.31
2022-08-23,201560.00,2184.05,3020.00,240.19
2022-08-24,196135.00,2182.55,2982.00,265.31
2022-08-25,190822.00,2181.07,2894.00,231.83
2022-08-26,185764.58,2179.65,2737.00,195.79
2022-08-27,181010.00,2178.30,2609.00,220.92
2022-08-28,176470.00,2177.00,2511.00,235.82
2022-08-29,172170.00,2175.76,2393.00,233.42
2022-08-30,168075.00,2174.57,2269.00,210.64
2022-08-31,164342.00,2173.48,2064.00,184.55
2022-09-01,160976.00,2172.49,1895.00,194.79
2022-09-02,157868.00,2171.57,1744.00,169.41
2022-09-03,155052.00,2170.73,1584.00,144.85
2022-09-04,152644.00,2170.01,1424.00,188.49
2022-09-05,150389.23,2169.33,1269.00,107.61
2022-09-06,148574.00,2168.78,1080.00,132.01
2022-09-07,146924.00,2168.28,955.00,107.56
2022-09-08,145482.33,2167.84,852.00,121.54
2022-09-09,144337.00,2167.49,701.00,131.84
2022-09-10,143390.00,2167.20,587.00,125.63
2022-09-11,142707.00,2166.99,448.00,130.80
2022-09-12,142278.48,2166.86,364.00,138.96
2022-09-13,141920.00,2166.75,303.00,100.62
2022-09-14,141594.59,2166.65,284.00,89.69
2022-09-15,141270.00,2166.55,273.00,77.91
2022-09-16,140945.00,2166.45,265.00,67.33
2022-09-17,140652.47,2166.36,264.00,81.62
2022-09-18,140364.00,2166.27,260.00,79.92
2022-09-19,140106.92,2166.19,255.00,91.95
2022-09-20,139778.00,2166.09,247.00,66.18
2022-09-21,139424.00,2165.98,237.00,48.06
2022-09-22,139127.92,2165.89,230.00,70.25
2022-09-23,138840.00,2165.80,226.00,82.19
2022-09-24,138520.00,2165.70,226.00,65.17
2022-09-25,138256.16,2165.62,226.00,92.80
2022-09-26,137966.00,2165.53,223.00,76.71
2022-09-27,137678.00,2165.44,223.00,77.23
2022-09-28,137390.39,2165.35,219.00,74.50
2022-09-29,137032.00,2165.24,216.00,36.93
2022-09-30,136771.69,2165.16,216.00,84.76
2022-10-01,136484.00,2165.07,215.96,70.92
2022-10-02,136196.00,2164.98,215.43,70.23
2022-10-03,135940.00,2164.90,212.50,83.43
2022-10-04,135620.00,2164.80,209.00,47.67
2022-10-05,135332.00,2164.71,216.00,70.80
2022-10-06,135012.08,2164.61,216.00,54.71
2022-10-07,134660.00,2164.50,219.50,41.99
2022-10-08,134340.00,2164.40,219.50,58.17
2022-10-09,133988.00,2164.29,219.50,42.03
2022-10-10,133700.00,2164.20,219.50,74.30
2022-10-11,133316.00,2164.08,223.00,29.40
2022-10-12,132932.00,2163.96,223.00,29.40
2022-10-13,132612.47,2163.86,223.00,61.90
2022-10-14,132234.00,2163.74,223.00,32.19
2022-10-15,131885.45,2163.63,223.00,47.27
2022-10-16,131566.00,2163.53,223.00,61.94
2022-10-17,131182.00,2163.41,223.00,29.40
2022-10-18,130840.00,2163.30,223.00,50.57
2022-10-19,130487.92,2163.19,226.50,48.99
2022-10-20,130169.00,2163.09,226.50,65.71
2022-10-21,129762.00,2162.96,226.50,21.30
2022-10-22,129384.30,2162.84,223.00,32.58
2022-10-23,128972.00,2162.71,223.00,15.13
2022-10-24,129004.00,2162.72,209.00,225.13
2022-10-25,128843.77,2162.67,223.00,142.22
2022-10-26,128589.00,2162.59,223.00,94.55
2022-10-27,128310.00,2162.50,223.00,82.34
2022-10-28,128054.00,2162.42,226.50,97.43
2022-10-29,127773.23,2162.33,244.00,102.45
2022-10-30,127680.00,2162.30,247.50,200.50
2022-10-31,128496.00,2162.56,251.00,662.40
2022-11-01,129260.00,2162.80,251.00,636.18
2022-11-02,129538.92,2162.89,251.00,391.62
2022-11-03,129794.00,2162.97,251.00,379.60
2022-11-04,133444.16,2164.12,272.00,2112.29
2022-11-05,142868.00,2167.04,265.00,5016.19
2022-11-06,146330.00,2168.10,261.50,2006.93
2022-11-07,148144.59,2168.65,258.00,1172.86
2022-11-08,149267.00,2168.99,258.00,823.88
2022-11-09,150059.00,2169.23,261.50,660.80
2022-11-10,150586.92,2169.39,261.50,527.66
2022-11-11,151049.00,2169.53,261.50,494.47
2022-11-12,151348.17,2169.62,265.00,415.83
2022-11-13,151585.92,2169.69,261.50,381.37
2022-11-14,151785.00,2169.75,261.50,361.87
2022-11-15,151884.00,2169.78,265.00,314.91
2022-11-16,151983.08,2169.81,265.00,314.95
2022-11-17,152016.16,2169.82,265.00,281.68
2022-11-18,151983.08,2169.81,261.50,244.82
2022-11-19,151950.00,2169.80,265.00,248.32
2022-11-20,151917.00,2169.79,265.00,248.36
2022-11-21,151851.00,2169.77,265.00,231.72
2022-11-22,152049.23,2169.83,268.50,368.44
2022-11-23,152082.33,2169.84,265.00,281.69
2022-11-24,151950.00,2169.80,268.50,201.78
2022-11-25,151950.00,2169.80,261.50,261.50
2022-11-26,152016.16,2169.82,247.50,280.86
2022-11-27,152346.00,2169.92,240.50,406.79
2022-11-28,152412.00,2169.94,230.00,263.28
2022-11-29,152610.00,2170.00,226.50,326.33
2022-11-30,152950.00,2170.10,226.50,397.92
2022-12-01,153081.52,2170.14,226.50,292.81
2022-12-02,153114.59,2170.15,223.00,239.67
2022-12-03,153114.59,2170.15,223.00,223.00
2022-12-04,153081.52,2170.14,226.50,209.83
2022-12-05,153114.59,2170.15,223.00,239.67
2022-12-06,153016.16,2170.12,223.00,173.37
2022-12-07,152983.08,2170.11,223.00,206.32
2022-12-08,152916.00,2170.09,223.00,189.18
2022-12-09,152983.08,2170.11,223.00,256.82
2022-12-10,152950.00,2170.10,223.00,206.32
2022-12-11,152882.00,2170.08,219.50,185.22
2022-12-12,152814.00,2170.06,219.50,185.22
2022-12-13,152712.00,2170.03,219.50,168.07
2022-12-14,152610.00,2170.00,219.50,168.07
2022-12-15,152478.00,2169.96,219.50,152.95
2022-12-16,152412.00,2169.94,219.50,186.22
2022-12-17,152246.92,2169.89,219.50,136.27
2022-12-18,152181.56,2169.87,219.50,186.55
2022-12-19,151950.00,2169.80,216.00,99.26
2022-12-20,152280.00,2169.90,219.50,385.88
2022-12-21,152082.33,2169.84,216.00,116.34
2022-12-22,151917.00,2169.79,219.50,136.15
2022-12-23,151884.00,2169.78,219.50,202.86
2022-12-24,152016.16,2169.82,216.00,282.63
2022-12-25,152313.00,2169.91,216.00,365.66
2022-12-26,153511.00,2170.27,219.50,823.49
2022-12-27,156358.17,2171.12,223.00,1658.45
2022-12-28,158708.17,2171.82,226.50,1411.29
2022-12-29,160340.00,2172.30,230.00,1052.71
2022-12-30,161724.00,2172.71,230.00,927.77
2022-12-31,162778.00,2173.02,230.00,761.39
2023-01-01,163628.00,2173.27,230.00,658.54
2023-01-02,164342.00,2173.48,233.50,593.48
2023-01-03,164959.66,2173.66,233.50,544.90
2023-01-04,165474.08,2173.81,230.00,489.35
2023-01-05,165984.00,2173.96,230.00,487.08
2023-01-06,166358.00,2174.07,226.50,415.06
2023-01-07,166697.75,2174.17,230.00,401.29
2023-01-08,167115.00,2174.29,226.50,436.86
2023-01-09,167524.00,2174.41,230.00,436.20
2023-01-10,167830.00,2174.50,230.00,384.28
2023-01-11,168110.00,2174.58,226.50,367.67
2023-01-12,168520.00,2174.70,230.00,436.71
2023-01-13,168930.17,2174.82,230.00,436.79
2023-01-14,169516.00,2174.99,233.50,528.86
2023-01-15,170205.92,2175.19,233.50,581.33
2023-01-16,170825.59,2175.37,237.00,549.42
2023-01-17,171410.00,2175.54,237.00,531.64
2023-01-18,171995.00,2175.71,237.00,531.94
2023-01-19,172485.42,2175.85,230.00,477.25
2023-01-20,172898.00,2175.97,233.50,441.51
2023-01-21,173384.08,2176.11,233.50,478.57
2023-01-22,173655.92,2176.19,230.00,367.05
2023-01-23,173900.00,2176.26,230.00,353.06
2023-01-24,174215.42,2176.35,230.00,389.02
2023-01-25,174424.00,2176.41,233.50,338.66
2023-01-26,174696.00,2176.49,233.50,370.63
2023-01-27,174940.00,2176.56,237.00,360.02
2023-01-28,175150.17,2176.62,240.50,346.46
2023-01-29,175324.75,2176.67,237.00,325.02
2023-01-30,175430.00,2176.70,237.00,290.06
2023-01-31,175570.00,2176.74,237.00,307.58
2023-02-01,175710.00,2176.78,237.00,307.58
2023-02-02,175814.08,2176.81,237.00,289.47
2023-02-03,175950.42,2176.85,237.00,305.74
2023-02-04,176155.00,2176.91,237.00,340.14
2023-02-05,176330.00,2176.96,237.00,325.23
2023-02-06,176505.00,2177.01,237.00,325.23
2023-02-07,176924.41,2177.13,240.50,451.95
2023-02-08,177205.00,2177.21,237.00,378.46
2023-02-09,177415.00,2177.27,226.50,332.38
2023-02-10,177622.25,2177.33,226.50,330.99
2023-02-11,177758.58,2177.37,226.50,295.23
2023-02-12,177895.00,2177.41,226.50,295.28
2023-02-13,178420.00,2177.56,226.50,491.19
2023-02-14,178630.17,2177.62,226.50,332.46
2023-02-15,178769.66,2177.66,226.50,296.83
2023-02-16,178910.00,2177.70,226.50,297.25
2023-02-17,179085.00,2177.75,226.50,314.73
2023-02-18,179260.00,2177.80,226.50,314.73
2023-02-19,179539.83,2177.88,223.00,364.08
2023-02-20,179785.00,2177.95,226.50,350.11
2023-02-21,180414.41,2178.13,230.00,547.33
2023-02-22,180695.00,2178.21,226.50,367.96
2023-02-23,180940.00,2178.28,219.50,343.02
2023-02-24,181080.17,2178.32,219.50,290.17
2023-02-25,181255.59,2178.37,219.50,307.94
2023-02-26,181570.00,2178.46,219.50,378.02
2023-02-27,181780.00,2178.52,223.00,328.88
2023-02-28,181955.00,2178.57,223.00,311.23
2023-03-01,181955.00,2178.57,219.50,219.50
2023-03-02,182239.56,2178.65,223.00,366.47
2023-03-03,182455.00,2178.71,219.50,328.12
2023-03-04,182560.00,2178.74,219.50,272.44
2023-03-05,182630.00,2178.76,219.50,254.79
2023-03-06,182700.00,2178.78,219.50,254.79
2023-03-07,182735.00,2178.79,219.50,237.15
2023-03-08,182805.08,2178.81,219.50,254.83
2023-03-09,182840.17,2178.82,219.50,237.19
2023-03-10,182875.25,2178.83,219.50,237.19
2023-03-11,182875.25,2178.83,219.50,219.50
2023-03-12,182840.17,2178.82,219.50,201.81
2023-03-13,182980.52,2178.86,219.50,290.26
2023-03-14,182980.52,2178.86,219.50,219.50
2023-03-15,182980.52,2178.86,216.00,216.00
2023-03-16,182945.42,2178.85,219.50,201.80
2023-03-17,182910.34,2178.84,219.50,201.81
2023-03-18,182910.34,2178.84,219.50,219.50
2023-03-19,182980.52,2178.86,219.50,254.88
2023-03-20,182980.52,2178.86,219.50,219.50
2023-03-21,183049.83,2178.88,219.50,254.44
2023-03-22,183155.00,2178.91,219.50,272.52
2023-03-23,183330.00,2178.96,219.50,307.73
2023-03-24,183400.00,2178.98,219.50,254.79
2023-03-25,183610.00,2179.04,219.50,325.38
2023-03-26,183715.00,2179.07,219.50,272.44
2023-03-27,183785.00,2179.09,219.50,254.79
2023-03-28,183999.56,2179.15,223.00,331.17
2023-03-29,184107.83,2179.18,219.50,274.09
2023-03-30,184285.00,2179.23,219.50,308.82
2023-03-31,184495.00,2179.29,219.50,325.38
2023-04-01,184809.83,2179.38,223.00,381.73
2023-04-02,184988.00,2179.43,223.00,312.83
2023-04-03,185096.00,2179.46,223.00,277.45
2023-04-04,185240.00,2179.50,223.00,295.60
2023-04-05,185345.00,2179.53,223.00,275.94
2023-04-06,185450.00,2179.56,223.00,275.94
2023-04-07,185694.41,2179.63,226.50,349.72
2023-04-08,185625.08,2179.61,384.50,349.55
2023-04-09,185310.00,2179.52,645.00,486.15
2023-04-10,185485.00,2179.57,731.00,819.23
2023-04-11,186264.00,2179.79,687.00,1079.75
2023-04-12,187150.00,2180.04,535.00,981.69
2023-04-13,188255.42,2180.35,320.00,877.32
2023-04-14,189355.64,2180.66,237.00,791.69
2023-04-15,190395.00,2180.95,233.50,757.51
2023-04-16,191360.00,2181.22,230.00,716.52
2023-04-17,192324.00,2181.49,230.00,716.02
2023-04-18,193188.00,2181.73,226.50,662.10
2023-04-19,194052.00,2181.97,226.50,662.10
2023-04-20,194870.00,2182.20,230.00,642.41
2023-04-21,195553.91,2182.39,230.00,574.80
2023-04-22,195914.00,2182.49,348.00,529.55
2023-04-23,195914.00,2182.49,595.00,595.00
2023-04-24,196135.00,2182.55,709.00,820.42
2023-04-25,196535.64,2182.66,714.50,916.49
2023-04-26,197688.00,2182.98,550.00,1130.98
2023-04-27,200768.27,2183.83,328.00,1880.97
2023-04-28,205427.09,2185.11,251.00,2599.82
2023-04-29,211334.00,2186.72,240.50,3218.57
2023-04-30,219124.19,2188.82,233.50,4161.06
2023-05-01,226624.19,2190.82,230.00,4011.25
2023-05-02,233322.00,2192.59,212.50,3589.31
2023-05-03,242882.00,2195.08,216.00,5035.84
2023-05-04,253646.38,2197.84,219.50,5646.54
2023-05-05,263100.00,2200.23,223.00,4989.20
2023-05-06,269370.00,2201.80,223.00,3384.13
2023-05-07,274150.00,2202.99,223.00,2632.92
2023-05-08,278480.00,2204.06,223.00,2406.04
2023-05-09,282500.00,2205.05,223.00,2249.75
2023-05-10,286370.00,2206.00,226.50,2177.63
2023-05-11,290296.00,2206.96,226.50,2205.86
2023-05-12,294806.00,2208.06,226.50,2500.29
2023-05-13,300576.00,2209.46,226.50,3135.54
2023-05-14,308020.00,2211.25,226.50,3979.52
2023-05-15,316704.22,2213.32,230.00,4608.30
2023-05-16,325433.78,2215.38,230.00,4631.16
2023-05-17,333908.63,2217.36,233.50,4506.24
2023-05-18,341884.00,2219.21,233.50,4254.42
2023-05-19,349514.00,2220.96,233.50,4080.29
2023-05-20,356983.56,2222.66,233.50,3999.41
2023-05-21,363898.00,2224.22,237.00,3723.03
2023-05-22,369240.00,2225.42,254.50,2947.76
2023-05-23,372685.91,2226.19,368.00,2105.31
2023-05-24,373990.00,2226.48,998.00,1655.48
2023-05-25,374754.44,2226.65,1164.00,1549.41
2023-05-26,375385.00,2226.79,1213.00,1530.91
2023-05-27,376420.00,2227.02,992.00,1513.81
2023-05-28,378445.00,2227.47,681.50,1702.44
2023-05-29,380705.00,2227.97,540.00,1679.42
2023-05-30,382975.00,2228.47,407.00,1551.46
2023-05-31,384839.78,2228.88,380.00,1320.16
2023-06-01,386300.00,2229.20,376.00,1112.19
2023-06-02,386850.22,2229.32,692.50,969.90
2023-06-03,387348.00,2229.43,742.00,992.96
2023-06-04,387808.00,2229.53,714.50,946.42
2023-06-05,388267.22,2229.63,753.00,984.52
2023-06-06,388497.78,2229.68,786.00,902.24
2023-06-07,388543.88,2229.69,813.50,836.74
2023-06-08,388725.00,2229.73,836.00,927.31
2023-06-09,389178.34,2229.83,842.00,1070.56
2023-06-10,389500.00,2229.90,854.00,1016.17
2023-06-11,389684.00,2229.94,872.00,964.77
2023-06-12,389638.00,2229.93,884.00,860.81
2023-06-13,389592.00,2229.92,944.00,920.81
2023-06-14,389270.56,2229.85,968.00,805.94
2023-06-15,388815.00,2229.75,968.00,738.32
2023-06-16,388130.00,2229.60,974.00,628.65
2023-06-17,387440.00,2229.45,980.00,632.12
2023-06-18,386760.00,2229.30,986.00,643.17
2023-06-19,385570.00,2229.04,1143.00,543.04
2023-06-20,383432.00,2228.57,1616.00,538.09
2023-06-21,380570.00,2227.94,2012.00,569.07
2023-06-22,377094.66,2227.17,2264.00,511.85
2023-06-23,373315.34,2226.33,2420.00,514.59
2023-06-24,369555.00,2225.49,2440.00,544.16
2023-06-25,365804.44,2224.65,2460.00,569.09
2023-06-26,361854.00,2223.76,2610.00,618.32
2023-06-27,357735.34,2222.83,2700.00,623.51
2023-06-28,353507.69,2221.87,2750.00,618.56
2023-06-29,349030.53,2220.85,2880.00,622.76
2023-06-30,344098.00,2219.72,3060.00,573.18
2023-07-01,338863.00,2218.51,3244.00,604.69
2023-07-02,333478.00,2217.26,3321.00,606.06
2023-07-03,328037.00,2215.99,3310.00,566.83
2023-07-04,322583.00,2214.71,3321.00,571.27
2023-07-05,317040.00,2213.40,3354.00,559.40
2023-07-06,311328.00,2212.04,3420.00,540.20
2023-07-07,305477.38,2210.64,3519.00,569.31
2023-07-08,299542.00,2209.21,3541.00,548.58
2023-07-09,293740.00,2207.80,3530.00,604.82
2023-07-10,288010.00,2206.40,3420.00,531.12
2023-07-11,282500.00,2205.05,3321.00,543.04
2023-07-12,277020.00,2203.70,3288.00,525.17
2023-07-13,271493.31,2202.33,3288.00,501.63
2023-07-14,265890.00,2200.93,3343.00,518.00
2023-07-15,260200.00,2199.50,3387.00,518.29
2023-07-16,254514.00,2198.06,3376.00,509.31
2023-07-17,248712.00,2196.58,3299.00,373.82
2023-07-18,243111.44,2195.14,3321.00,497.38
2023-07-19,237369.53,2193.65,3409.00,514.12
2023-07-20,231498.09,2192.11,3420.00,459.81
2023-07-21,225496.00,2190.52,3519.00,492.94
2023-07-22,219235.45,2188.85,3618.00,461.64
2023-07-23,213072.91,2187.19,3574.00,467.05
2023-07-24,206998.00,2185.54,3519.00,456.23
2023-07-25,201020.00,2183.90,3453.00,439.09
2023-07-26,195194.00,2182.29,3387.00,449.72
2023-07-27,189391.73,2180.67,3321.00,395.69
2023-07-28,183575.00,2179.03,3354.00,421.40
2023-07-29,177656.33,2177.34,3409.00,425.00
2023-07-30,171755.50,2175.64,3365.00,390.00
2023-07-31,165984.00,2173.96,3310.00,400.20
2023-08-01,160272.00,2172.28,3233.00,353.20
2023-08-02,154686.16,2170.62,3134.00,317.80
2023-08-03,149201.00,2168.97,3101.00,335.56
2023-08-04,143720.00,2167.30,3050.00,286.66
2023-08-05,138453.84,2165.68,3010.00,354.98
2023-08-06,133188.00,2164.04,2980.00,325.14
2023-08-07,128054.00,2162.42,2880.00,291.61
2023-08-08,123197.53,2160.87,2750.00,301.53
2023-08-09,118340.00,2159.30,2740.00,290.99
2023-08-10,113356.77,2157.67,2720.00,207.62
2023-08-11,108580.00,2156.08,2670.00,261.71
2023-08-12,103861.00,2154.49,2600.00,220.84
2023-08-13,99365.00,2152.95,2540.00,273.27
2023-08-14,95190.00,2151.50,2470.00,365.10
2023-08-15,90603.86,2149.88,2420.00,107.82
2023-08-16,86358.41,2148.36,2372.00,231.58
2023-08-17,82222.40,2146.86,2309.00,223.76
2023-08-18,78179.47,2145.37,2246.00,207.69
2023-08-19,74331.00,2143.93,2174.00,233.73
2023-08-20,70570.00,2142.50,2111.00,214.83
2023-08-21,66949.99,2141.10,2021.00,195.91
2023-08-22,63380.00,2139.70,1967.00,167.13
2023-08-23,59976.24,2138.34,1886.00,169.94
2023-08-24,56820.00,2137.05,1769.00,177.73
2023-08-25,53873.05,2135.81,1680.00,194.25
2023-08-26,51138.60,2134.63,1584.00,205.38
2023-08-27,48524.00,2133.47,1528.00,209.81
2023-08-28,45940.00,2132.30,1504.00,201.23
2023-08-29,43461.78,2131.16,1456.00,206.56
2023-08-30,41096.00,2130.06,1376.00,183.25
2023-08-31,38893.00,2129.03,1311.00,200.32
2023-09-01,36847.00,2128.07,1213.00,181.47
2023-09-02,35010.00,2127.20,1094.00,167.85
2023-09-03,33257.36,2126.37,980.00,96.38
2023-09-04,31719.70,2125.64,902.00,126.76
2023-09-05,30317.00,2124.97,824.50,117.31
2023-09-06,29020.25,2124.35,775.00,121.22
2023-09-07,27775.00,2123.75,714.50,86.69
2023-09-08,26693.00,2123.23,660.00,114.49
2023-09-09,25660.00,2122.73,595.00,74.20
2023-09-10,24770.00,2122.30,525.00,76.29
2023-09-11,23680.00,2121.77,447.50,-102.04
2023-09-12,23004.00,2121.44,364.00,23.18
2023-09-13,22580.00,2121.23,296.50,82.73
2023-09-14,22210.00,2121.05,242.58,56.04
2023-09-15,22068.00,2120.98,198.50,126.91
2023-09-16,21740.10,2120.82,193.81,28.49
2023-09-17,21449.90,2120.68,190.56,44.25
2023-09-18,21206.00,2120.56,189.00,66.03
2023-09-19,20960.00,2120.44,186.00,61.97
2023-09-20,20659.00,2120.29,187.22,35.47
2023-09-21,20512.00,2120.22,187.37,113.26
2023-09-22,20450.00,2120.19,186.97,155.71
2023-09-23,20349.00,2120.14,189.66,138.74
2023-09-24,20270.00,2120.10,189.31,149.48
2023-09-25,20170.00,2120.05,194.28,143.86
2023-09-26,20070.00,2120.00,192.00,141.58
2023-09-27,19965.00,2119.95,192.00,139.06
2023-09-28,19881.00,2119.91,189.00,146.65
2023-09-29,19819.00,2119.88,189.00,157.74
2023-09-30,19800.00,2119.87,189.00,179.42
2023-10-01,19780.00,2119.86,183.00,172.92
2023-10-02,19720.00,2119.83,183.00,152.75
2023-10-03,19620.00,2119.78,180.00,129.58
2023-10-04,19540.00,2119.74,183.00,142.67
2023-10-05,19439.00,2119.69,183.00,132.08
2023-10-06,19333.00,2119.64,183.00,129.56
2023-10-07,19230.00,2119.59,183.00,131.07
2023-10-08,19130.00,2119.54,183.00,132.58
2023-10-09,19050.00,2119.50,187.09,146.76
2023-10-10,18950.00,2119.45,183.00,132.58
2023-10-11,18890.00,2119.42,180.00,149.75
2023-10-12,18850.00,2119.40,183.00,162.83
2023-10-13,18745.00,2119.35,186.00,133.06
2023-10-14,18640.00,2119.30,183.00,130.06
2023-10-15,18540.00,2119.25,180.00,129.58
2023-10-16,18420.00,2119.19,186.00,125.50
2023-10-17,18399.00,2119.18,183.00,172.41
2023-10-18,18460.00,2119.21,183.00,213.75
2023-10-19,18460.00,2119.21,186.00,186.00
2023-10-20,18460.00,2119.21,189.00,189.00
2023-10-21,18460.00,2119.21,189.00,189.00
2023-10-22,18460.00,2119.21,186.00,186.00
2023-10-23,18460.00,2119.21,186.00,186.00
2023-10-24,18280.00,2120.18,189.00,98.25
2023-10-25,18100.00,2119.03,186.00,95.25
2023-10-26,18040.00,2119.00,186.00,155.75
2023-10-27,17914.00,2118.94,183.91,120.38
2023-10-28,17789.00,2118.88,182.50,119.48
2023-10-29,17670.00,2118.82,180.00,120.00
2023-10-30,17550.00,2118.76,177.88,117.38
2023-10-31,17387.00,2118.68,175.59,93.41
2023-11-01,17408.95,2118.69,175.91,186.98
2023-11-02,17690.15,2118.83,177.13,318.90
2023-11-03,18500.00,2119.23,178.44,586.74
2023-11-04,20210.00,2120.07,187.03,1049.16
2023-11-05,22456.85,2121.17,194.91,1327.70
2023-11-06,23950.00,2121.90,207.94,960.74
2023-11-07,25557.90,2122.68,216.58,1027.23
2023-11-08,26903.15,2123.33,220.16,898.39
2023-11-09,27880.00,2123.80,198.54,691.04
2023-11-10,28688.95,2124.19,195.00,602.85
2023-11-11,29897.00,2124.77,206.89,815.95
2023-11-12,31052.10,2125.32,210.60,792.96
2023-11-13,31928.00,2125.74,206.67,648.27
2023-11-14,32669.00,2126.09,200.58,574.17
2023-11-15,33298.95,2126.39,197.11,514.71
2023-11-16,33802.64,2126.63,192.00,445.94
2023-11-17,34223.15,2126.83,192.00,404.01
2023-11-18,34580.00,2127.00,192.75,372.66
2023-11-19,34925.79,2127.16,194.62,368.96
2023-11-20,35304.21,2127.34,195.18,385.97
2023-11-21,35535.00,2127.45,198.46,314.82
2023-11-22,35787.00,2127.57,197.95,325.00
2023-11-23,35996.85,2127.67,198.50,304.30
2023-11-24,36192.00,2127.76,195.00,293.39
2023-11-25,36343.15,2127.83,188.59,264.79
2023-11-26,36511.00,2127.91,182.47,267.09
2023-11-27,36637.00,2127.97,180.00,243.53
2023-11-28,36742.00,2128.02,180.00,232.94
2023-11-29,36847.00,2128.07,180.00,232.94
2023-11-30,36889.00,2128.09,180.00,201.18
2023-12-01,37151.00,2128.21,180.00,312.09
2023-12-02,37507.90,2128.38,177.44,357.38
2023-12-03,37697.00,2128.47,177.00,272.34
2023-12-04,38042.64,2128.63,180.06,354.32
2023-12-05,42343.69,2130.64,195.44,2363.89
2023-12-06,51736.95,2134.89,206.34,4942.11
2023-12-07,57310.00,2137.25,191.06,3000.81
2023-12-08,60819.88,2138.68,196.71,1966.28
2023-12-09,63530.00,2139.76,201.96,1568.31
2023-12-10,66050.00,2140.75,206.89,1477.39
2023-12-11,68473.94,2141.69,208.53,1430.60
2023-12-12,70570.00,2142.50,207.14,1263.90
2023-12-13,72305.75,2143.16,209.44,1084.55
2023-12-14,73808.00,2143.73,199.08,956.46
2023-12-15,75104.00,2144.22,186.00,839.40
2023-12-16,76249.68,2144.65,186.00,763.61
2023-12-17,77261.00,2145.03,184.28,694.15
2023-12-18,78125.33,2145.35,186.00,621.77
2023-12-19,78934.67,2145.65,183.72,591.76
2023-12-20,79637.01,2145.91,183.00,537.10
2023-12-21,80311.74,2146.16,183.00,523.18
2023-12-22,80970.01,2146.40,184.25,516.13
2023-12-23,81509.99,2146.60,183.00,455.24
2023-12-24,82032.00,2146.79,184.25,447.43
2023-12-25,82519.00,2146.97,182.09,427.62
2023-12-26,82987.60,2147.14,182.00,418.25
2023-12-27,83402.00,2147.29,182.09,391.02
2023-12-28,83812.00,2147.44,180.00,386.71
2023-12-29,84195.99,2147.58,182.94,376.54
2023-12-30,84558.00,2147.71,180.03,362.54
2023-12-31,84918.26,2147.84,180.00,361.63
2024-01-01,85220.00,2147.95,180.94,333.07
2024-01-02,85639.99,2148.10,180.00,391.75
2024-01-03,85994.00,2148.23,176.25,354.73
2024-01-04,86330.34,2148.35,171.00,340.57
2024-01-05,86694.00,2148.48,171.88,355.23
2024-01-06,87131.59,2148.64,172.38,393.00
2024-01-07,87412.00,2148.74,171.12,312.49
2024-01-08,87916.01,2148.92,174.03,428.14
2024-01-09,88615.79,2149.17,174.75,527.56
2024-01-10,88952.00,2149.29,171.00,340.51
2024-01-11,89372.00,2149.44,172.69,384.44
2024-01-12,89624.00,2149.53,171.00,298.05
2024-01-13,89736.00,2149.57,173.28,229.75
2024-01-14,89848.06,2149.61,171.00,227.50
2024-01-15,89959.66,2149.65,171.00,227.27
2024-01-16,90100.00,2149.70,171.00,241.75
2024-01-17,90380.00,2149.80,167.22,308.39
2024-01-18,90688.01,2149.91,166.34,321.63
2024-01-19,90884.00,2149.98,168.00,266.81
2024-01-20,91052.00,2150.04,168.00,252.70
2024-01-21,91248.06,2150.11,168.00,266.85
2024-01-22,91443.86,2150.18,169.03,267.75
2024-01-23,91616.00,2150.24,168.00,254.79
2024-01-24,91874.21,2150.33,169.72,299.90
2024-01-25,92041.94,2150.39,165.00,249.56
2024-01-26,92294.00,2150.48,166.50,293.58
2024-01-27,92629.99,2150.60,168.00,337.40
2024-01-28,93538.01,2150.92,169.28,627.07
2024-01-29,95563.52,2151.63,172.94,1194.14
2024-01-30,98147.00,2152.53,175.69,1478.20
2024-01-31,101753.00,2153.77,179.47,1997.50
2024-02-01,106520.93,2155.39,178.53,2582.36
2024-02-02,110460.00,2156.71,172.53,2158.48
2024-02-03,113450.00,2157.70,176.19,1683.65
2024-02-04,115850.00,2158.49,182.16,1392.16
2024-02-05,117812.47,2159.13,186.00,1175.41
2024-02-06,119507.85,2159.68,188.09,1042.84
2024-02-07,120933.54,2160.14,190.47,909.26
2024-02-08,122174.00,2160.54,192.75,818.15
2024-02-09,123290.01,2160.90,192.66,755.32
2024-02-10,124230.00,2161.20,191.31,665.22
2024-02-11,125139.00,2161.49,192.00,650.29
2024-02-12,126017.00,2161.77,190.91,633.57
2024-02-13,126802.00,2162.02,189.94,585.71
2024-02-14,127520.00,2162.25,186.94,548.93
2024-02-15,128214.00,2162.47,183.78,533.67
2024-02-16,128779.61,2162.65,183.00,468.16
2024-02-17,129291.07,2162.81,184.12,441.98
2024-02-18,129826.00,2162.98,183.00,452.69
2024-02-19,130295.45,2163.13,183.00,419.68
2024-02-20,130776.00,2163.28,182.53,424.81
2024-02-21,131214.01,2163.42,181.28,402.11
2024-02-22,131630.00,2163.55,181.72,391.45
2024-02-23,132013.77,2163.67,184.16,377.64
2024-02-24,132420.00,2163.80,185.09,389.90
2024-02-25,133412.07,2164.11,194.16,694.33
2024-02-26,134596.00,2164.48,201.49,798.39
2024-02-27,135556.00,2164.78,195.69,679.69
2024-02-28,136579.99,2165.10,199.34,715.60
2024-02-29,137774.00,2165.47,197.95,799.93
2024-03-01,138712.00,2165.76,197.04,669.95
2024-03-02,139618.00,2166.04,192.47,649.25
2024-03-03,140332.00,2166.26,192.00,551.98
2024-03-04,140978.00,2166.46,188.53,514.22
2024-03-05,141561.51,2166.64,186.00,480.19
2024-03-06,142048.00,2166.79,186.00,431.27
2024-03-07,142509.01,2166.93,186.00,418.43
2024-03-08,142900.00,2167.05,185.25,382.37
2024-03-09,143290.76,2167.17,183.50,380.51
2024-03-10,143752.08,2167.31,183.00,415.58
2024-03-11,144139.01,2167.43,183.00,378.08
2024-03-12,144600.99,2167.57,183.00,415.92
2024-03-13,144987.92,2167.69,183.00,378.08
2024-03-14,145383.08,2167.81,184.88,384.11
2024-03-15,145746.01,2167.92,186.00,368.98
2024-03-16,146202.00,2168.06,186.00,415.90
2024-03-17,146891.00,2168.27,186.44,533.81
2024-03-18,148013.07,2168.61,188.53,754.24
2024-03-19,149960.00,2169.20,186.44,1168.02
2024-03-20,152445.00,2169.95,187.19,1440.04
2024-03-21,154984.00,2170.71,189.84,1469.92
2024-03-22,157300.01,2171.40,192.35,1360.01
2024-03-23,159931.84,2172.18,194.50,1521.38
2024-03-24,162335.92,2172.89,192.00,1404.06
2024-03-25,164478.00,2173.52,195.87,1275.84
2024-03-26,166425.99,2174.09,195.00,1177.11
2024-03-27,168281.41,2174.63,194.91,1130.35
2024-03-28,169829.99,2175.08,195.00,975.74
2024-03-29,171168.00,2175.47,195.00,869.58
2024-03-30,172415.26,2175.83,195.48,824.31
2024-03-31,173519.58,2176.15,195.00,751.76
2024-04-01,174628.00,2176.47,195.00,753.83
2024-04-02,176051.84,2176.88,196.53,914.38
2024-04-03,178315.00,2177.53,191.37,1332.38
2024-04-04,180484.57,2178.15,186.00,1279.83
2024-04-05,182383.91,2178.69,184.03,1141.61
2024-04-06,183927.38,2179.13,183.00,961.17
2024-04-07,185310.00,2179.52,184.16,881.23
2024-04-08,186722.01,2179.92,186.00,897.89
2024-04-09,188150.17,2180.32,185.38,905.41
2024-04-10,189644.00,2180.74,186.00,939.14
2024-04-11,191073.47,2181.14,186.00,906.69
2024-04-12,192611.99,2181.57,186.00,961.67
2024-04-13,193800.01,2181.90,358.67,957.63
2024-04-14,195014.00,2182.24,617.03,1229.08
2024-04-15,196607.83,2182.68,691.58,1495.14
2024-04-16,198624.00,2183.24,450.78,1467.27
2024-04-17,200623.00,2183.79,261.97,1269.80
2024-04-18,202434.00,2184.29,202.66,1115.71
2024-04-19,204002.00,2184.72,186.00,976.53
2024-04-20,205500.36,2185.13,182.69,938.11
2024-04-21,206924.00,2185.52,180.00,897.75
2024-04-22,208320.01,2185.90,183.50,887.32
2024-04-23,209642.00,2186.26,190.44,856.94
2024-04-24,211667.09,2186.81,200.69,1221.67
2024-04-25,212702.99,2187.09,400.34,922.61
2024-04-26,213258.00,2187.24,832.88,1112.70
2024-04-27,213812.92,2187.39,995.81,1275.58
2024-04-28,214811.64,2187.66,807.26,1310.78
2024-04-29,216516.18,2188.12,394.06,1253.43
2024-04-30,218262.99,2188.59,220.41,1101.09
2024-05-01,219837.00,2189.01,185.27,978.83
2024-05-02,221290.01,2189.40,181.12,913.68
2024-05-03,222638.00,2189.76,180.00,859.61
2024-05-04,224252.91,2190.19,179.50,993.68
2024-05-05,226170.00,2190.70,175.34,1141.87
2024-05-06,228060.00,2191.20,174.00,1126.88
2024-05-07,229911.91,2191.69,174.00,1107.67
2024-05-08,231498.09,2192.11,188.37,988.07
2024-05-09,233094.00,2192.53,254.61,1059.22
2024-05-10,234928.00,2193.01,379.42,1304.06
2024-05-11,237677.00,2193.73,691.76,2077.71
2024-05-12,241838.09,2194.81,687.92,2785.80
2024-05-13,246683.99,2196.06,501.17,2944.31
2024-05-14,251296.00,2197.24,198.09,2523.31
2024-05-15,255810.91,2198.39,185.22,2461.49
2024-05-16,260833.62,2199.66,182.72,2715.00
2024-05-17,264929.91,2200.69,180.00,2245.21
2024-05-18,268080.00,2201.48,180.00,1768.17
2024-05-19,270569.99,2202.10,180.00,1435.37
2024-05-20,272660.19,2202.62,180.00,1233.81
2024-05-21,274680.19,2203.12,225.70,1244.12
2024-05-22,276333.00,2203.53,371.75,1205.04
2024-05-23,277220.00,2203.75,628.07,1075.27
2024-05-24,277994.01,2203.94,625.05,1015.28
2024-05-25,279008.90,2204.19,498.64,1010.31
2024-05-26,280260.00,2204.50,385.16,1015.92
2024-05-27,281400.00,2204.78,368.00,942.75
2024-05-28,282782.19,2205.12,372.00,1068.85
2024-05-29,284250.00,2205.48,449.00,1189.02
2024-05-30,285273.00,2205.73,530.00,1045.76
2024-05-31,286083.01,2205.93,581.20,989.58
2024-06-01,286656.99,2206.07,622.61,911.99
2024-06-02,287846.61,2206.36,614.27,1214.04
2024-06-03,290705.99,2207.06,808.57,2250.17
2024-06-04,293494.00,2207.74,976.87,2382.49
2024-06-05,296117.81,2208.38,910.69,2233.53
2024-06-06,298512.00,2208.96,655.10,1862.17
2024-06-07,300824.00,2209.52,506.00,1671.63
2024-06-08,303065.99,2210.06,505.95,1636.29
2024-06-09,305645.80,2210.68,510.22,1810.87
2024-06-10,308020.00,2211.25,536.72,1733.71
2024-06-11,309942.00,2211.71,599.84,1568.85
2024-06-12,311411.99,2212.06,641.56,1382.68
2024-06-13,312210.00,2212.25,767.67,1170.00
2024-06-14,312588.41,2212.34,861.37,1052.15
2024-06-15,312840.01,2212.40,898.81,1025.66
2024-06-16,312882.01,2212.41,944.94,966.11
2024-06-17,312462.10,2212.31,983.12,771.42
2024-06-18,311831.59,2212.16,1115.58,797.70
2024-06-19,311034.00,2211.97,1148.76,746.64
2024-06-20,310194.00,2211.77,1143.95,720.45
2024-06-21,309019.00,2211.49,1428.75,836.35
2024-06-22,307645.60,2211.16,1651.42,959.00
2024-06-23,305976.00,2210.76,1743.75,901.99
2024-06-24,304102.10,2210.31,1812.59,867.83
2024-06-25,301990.00,2209.80,1940.28,875.43
2024-06-26,299542.00,2209.21,2106.78,872.58
2024-06-27,297112.19,2208.62,2165.75,940.72
2024-06-28,294969.99,2208.10,2182.91,1102.88
2024-06-29,292500.00,2207.50,2225.56,980.27
2024-06-30,289927.71,2206.87,2249.19,952.33
2024-07-01,287272.00,2206.22,2251.91,912.99
2024-07-02,284210.00,2205.47,2366.00,822.24
2024-07-03,280792.29,2204.63,2549.27,826.17
2024-07-04,276859.61,2203.66,2721.25,738.52
2024-07-05,272660.19,2202.62,2847.71,730.50
2024-07-06,268040.00,2201.47,3046.11,716.76
2024-07-07,263260.00,2200.27,3163.45,753.53
2024-07-08,258340.00,2199.03,3168.83,688.33
2024-07-09,253490.00,2197.80,3191.29,746.08
2024-07-10,248400.00,2196.50,3246.29,680.08
2024-07-11,243187.63,2195.16,3320.08,692.18
2024-07-12,238140.47,2193.85,3260.27,715.66
2024-07-13,233094.00,2192.53,3245.83,701.57
2024-07-14,227945.72,2191.17,3247.09,651.50
2024-07-15,222714.00,2189.78,3256.60,618.94
2024-07-16,217375.45,2188.35,3312.52,621.00
2024-07-17,211815.45,2186.85,3395.94,592.77
2024-07-18,206305.45,2185.35,3369.35,591.39
2024-07-19,200768.26,2183.83,3335.67,544.00
2024-07-20,195122.00,2182.27,3408.43,561.77
2024-07-21,189427.83,2180.68,3411.43,540.62
2024-07-22,183749.99,2179.08,3359.39,496.81
2024-07-23,178105.00,2177.47,3309.31,463.29
2024-07-24,172589.83,2175.88,3261.19,480.62
2024-07-25,167045.00,2174.27,3208.94,413.42
2024-07-26,161553.67,2172.66,3156.69,388.14
2024-07-27,156158.00,2171.06,3103.29,382.97
2024-07-28,150752.00,2169.44,3054.69,329.16
2024-07-29,145581.57,2167.87,2980.94,374.18
2024-07-30,140524.15,2166.32,2916.04,366.26
2024-07-31,135492.00,2164.76,2918.54,381.50
2024-08-01,130520.00,2163.20,2890.94,384.22
2024-08-02,125607.53,2161.64,2835.73,359.03
2024-08-03,120716.99,2160.07,2779.27,313.62
2024-08-04,115942.00,2158.52,2721.88,314.49
2024-08-05,111270.00,2156.98,2665.79,310.32
2024-08-06,106640.00,2155.43,2604.63,270.34
2024-08-07,102130.01,2153.90,2547.08,273.29
2024-08-08,97741.94,2152.39,2490.62,278.30
2024-08-09,93538.01,2150.92,2428.13,308.65
2024-08-10,89428.00,2149.46,2372.66,300.53
2024-08-11,85360.00,2148.00,2318.47,267.52
2024-08-12,81375.00,2146.55,2262.22,253.11
2024-08-13,77477.06,2145.11,2204.28,239.07
2024-08-14,73730.00,2143.70,2148.71,259.57
2024-08-15,70076.06,2142.31,2089.06,246.86
2024-08-16,66465.01,2140.91,2039.97,219.40
2024-08-17,63119.99,2139.60,1981.25,294.80
2024-08-18,59904.06,2138.31,1932.13,310.76
2024-08-19,56748.00,2137.02,1868.66,277.48
2024-08-20,53778.00,2135.77,1804.72,307.34
2024-08-21,50886.00,2134.52,1750.33,292.28
2024-08-22,48216.16,2133.33,1692.33,346.28
2024-08-23,45572.64,2132.13,1625.75,292.97
2024-08-24,43183.00,2131.03,1558.83,354.05
2024-08-25,41054.00,2130.04,1404.00,330.63
2024-08-26,39019.00,2129.09,1236.77,210.79
2024-08-27,37487.36,2128.37,1054.92,282.72
2024-08-28,36038.95,2127.69,990.56,260.32
2024-08-29,34580.00,2127.00,968.25,232.70
2024-08-30,33110.00,2126.30,952.81,211.68
2024-08-31,31660.04,2125.61,930.06,199.04
2024-09-01,30254.00,2124.94,870.75,161.87
2024-09-02,28940.05,2124.31,804.73,142.28
2024-09-03,27796.00,2123.76,749.39,172.60
2024-09-04,26672.00,2123.22,694.33,127.65
2024-09-05,25640.00,2122.72,646.05,125.75
2024-09-06,24650.00,2122.24,605.00,105.87
2024-09-07,23845.26,2121.85,554.90,149.18
2024-09-08,23067.00,2121.47,486.27,93.90
2024-09-09,22393.69,2121.14,450.12,110.66
2024-09-10,21720.05,2120.81,429.97,90.34
2024-09-11,21248.00,2120.58,394.62,156.63
2024-09-12,20760.20,2120.34,310.67,64.74
2024-09-13,20190.00,2120.06,267.66,-19.82
2024-09-14,19902.00,2119.92,225.08,79.88
2024-09-15,19620.00,2119.78,201.26,59.08
2024-09-16,19417.90,2119.68,195.18,93.29
2024-09-17,19210.00,2119.58,190.41,85.59
2024-09-18,19010.00,2119.48,188.94,88.11
2024-09-19,18787.36,2119.37,184.87,72.62
2024-09-20,18640.00,2119.30,180.69,106.40
2024-09-21,18399.90,2119.18,188.69,67.64
2024-09-22,18080.00,2119.02,183.16,21.88
2024-09-23,17851.00,2118.91,182.78,67.33
2024-09-24,17650.05,2118.81,189.66,88.35
2024-09-25,17470.00,2118.72,190.75,99.97
2024-09-26,17324.74,2118.65,194.87,121.63
2024-09-27,17120.00,2118.55,194.31,91.09
2024-09-28,16900.00,2118.44,200.10,89.18
2024-09-29,16660.10,2118.32,198.50,77.55
2024-09-30,16398.95,2118.19,202.00,70.34
2024-10-01,16130.00,2118.06,202.00,66.40
2024-10-02,16030.00,2118.01,201.27,150.85
2024-10-03,15870.00,2117.93,196.31,115.64
2024-10-04,15589.00,2117.79,190.50,48.83
2024-10-05,15400.00,2117.70,189.00,93.71
2024-10-06,15200.00,2117.60,189.00,88.17
2024-10-07,14940.00,2117.47,189.00,57.92
2024-10-08,14720.30,2117.36,187.34,76.57
2024-10-09,14495.00,2117.25,185.44,71.85
2024-10-10,14269.70,2117.14,183.00,69.41
2024-10-11,14070.00,2117.04,180.87,80.19
2024-10-12,13870.00,2116.94,180.00,79.17
2024-10-13,13690.25,2116.85,179.09,88.47
2024-10-14,13510.00,2116.76,178.87,87.99
2024-10-15,13305.79,2116.66,178.13,75.17
2024-10-16,13120.00,2116.57,177.25,83.58
2024-10-17,12940.00,2116.48,174.97,84.22
2024-10-18,12780.00,2116.40,177.84,97.17
2024-10-19,12700.30,2116.36,161.66,121.48
2024-10-20,13140.00,2116.58,159.34,381.02
2024-10-21,13590.00,2116.80,163.19,390.07
2024-10-22,13790.00,2116.90,169.16,269.99
2024-10-23,13990.00,2117.00,171.00,271.83
2024-10-24,14190.00,2117.10,172.31,273.14
2024-10-25,14390.00,2117.20,178.62,279.45
2024-10-26,14600.00,2117.30,189.00,294.88
2024-10-27,14800.00,2117.40,189.41,290.24
2024-10-28,15100.00,2117.55,193.03,344.28
2024-10-29,15526.00,2117.76,201.20,415.98
2024-10-30,15810.00,2117.90,207.32,350.50
2024-10-31,15990.00,2117.99,209.51,300.26
2024-11-01,16190.00,2118.09,212.50,313.33
2024-11-02,16398.95,2118.19,212.50,317.85
2024-11-03,16620.00,2118.30,213.01,324.46
2024-11-04,17060.00,2118.52,218.95,440.78
2024-11-05,17610.00,2118.79,220.41,497.70
2024-11-06,18040.00,2119.00,208.27,425.06
2024-11-07,18120.00,2119.04,205.50,245.83
2024-11-08,18220.00,2119.09,205.50,255.92
2024-11-09,18299.66,2119.13,204.19,244.35
2024-11-10,18399.90,2119.18,208.64,259.18
2024-11-11,18828.95,2119.39,204.26,420.57
2024-11-12,19354.74,2119.65,207.03,472.12
2024-11-13,20070.00,2120.00,208.53,569.14
2024-11-14,21164.00,2120.54,211.15,762.71
2024-11-15,22026.00,2120.96,204.44,639.03
2024-11-16,22560.00,2121.22,199.85,469.08
2024-11-17,23600.00,2121.73,202.58,726.91
2024-11-18,24937.90,2122.38,201.05,875.57
2024-11-19,25536.85,2122.67,206.30,508.27
2024-11-20,26094.00,2122.94,212.50,493.40
2024-11-21,26566.85,2123.17,215.93,454.33
2024-11-22,27130.00,2123.44,212.79,496.71
2024-11-23,27606.85,2123.67,200.40,440.81
2024-11-24,28039.91,2123.88,200.03,418.36
2024-11-25,28416.00,2124.06,202.00,391.61
2024-11-26,28667.90,2124.18,205.50,332.50
2024-11-27,28980.15,2124.33,205.50,362.93
2024-11-28,29162.00,2124.42,207.54,299.22
2024-11-29,29351.00,2124.51,206.41,301.70
2024-11-30,29477.00,2124.57,206.81,270.34
2024-12-01,29602.64,2124.63,207.18,270.52
2024-12-02,29686.85,2124.67,207.94,250.40
2024-12-03,29750.00,2124.70,205.68,237.52
2024-12-04,29792.00,2124.72,210.20,231.38
2024-12-05,29813.00,2124.73,208.20,218.79
2024-12-06,29834.00,2124.74,190.12,200.71
2024-12-07,30086.31,2124.86,91.25,218.46
2024-12-08,30590.00,2125.10,96.02,349.96
2024-12-09,31010.00,2125.30,171.78,383.53
2024-12-10,31340.00,2125.46,222.89,389.27
2024-12-11,31660.04,2125.61,206.74,368.09
2024-12-12,31950.00,2125.75,180.66,326.85
2024-12-13,32260.01,2125.90,184.20,340.50
2024-12-14,32501.00,2126.01,186.35,307.85
2024-12-15,32752.64,2126.13,188.97,315.84
2024-12-16,33005.00,2126.25,189.00,316.23
2024-12-17,33425.00,2126.45,189.00,400.75
2024-12-18,34013.00,2126.73,193.09,489.54
2024-12-19,34778.00,2127.09,195.80,581.49
2024-12-20,35472.00,2127.42,194.72,544.61
2024-12-21,36192.00,2127.76,197.66,560.66
2024-12-22,36954.10,2128.12,200.18,584.41
2024-12-23,37718.00,2128.48,202.40,587.53
2024-12-24,38510.27,2128.85,205.50,604.94
2024-12-25,39302.00,2129.22,209.29,608.45
2024-12-26,40320.00,2129.70,216.36,729.60
2024-12-27,41311.78,2130.16,211.37,711.39
2024-12-28,42259.99,2130.60,193.69,671.75
2024-12-29,43395.62,2131.13,197.95,770.50
2024-12-30,44354.00,2131.57,191.81,674.99
2024-12-31,45224.00,2131.97,186.00,624.63
2025-01-01,45918.00,2132.29,186.00,535.89
2025-01-02,46578.00,2132.59,186.00,518.75
2025-01-03,47215.90,2132.88,185.84,507.45
2025-01-04,47791.66,2133.14,183.00,473.28
2025-01-05,48436.00,2133.43,183.00,507.85
2025-01-06,48885.62,2133.63,183.00,409.68
2025-01-07,49306.11,2133.82,167.63,379.63
2025-01-08,49688.00,2133.99,110.22,302.76
2025-01-09,50027.68,2134.14,90.76,262.02
2025-01-10,50482.23,2134.34,112.66,341.83
2025-01-11,50932.00,2134.54,130.44,357.20
2025-01-12,51323.00,2134.71,156.59,353.72
2025-01-13,51668.34,2134.86,188.31,362.42
2025-01-14,51990.00,2135.00,183.69,345.86
2025-01-15,52311.66,2135.14,126.13,288.30
2025-01-16,52588.00,2135.26,135.56,274.88
2025-01-17,52841.40,2135.37,190.16,317.92
2025-01-18,53048.00,2135.46,258.88,363.04
2025-01-19,53260.00,2135.55,275.54,382.42
2025-01-20,53448.60,2135.63,276.23,371.32
2025-01-21,53586.95,2135.69,266.64,336.39
2025-01-22,53730.00,2135.75,256.76,328.88
2025-01-23,53919.17,2135.83,251.36,346.73
2025-01-24,54080.01,2135.90,253.30,334.39
2025-01-25,54176.00,2135.94,246.37,294.76
2025-01-26,54296.00,2135.99,237.15,297.65
2025-01-27,54389.00,2136.03,225.92,272.81
2025-01-28,54458.00,2136.06,218.70,253.49
2025-01-29,54504.00,2136.08,208.20,231.39
2025-01-30,54621.59,2136.13,198.97,258.26
2025-01-31,54886.00,2136.24,195.07,328.38
2025-02-01,55102.18,2136.33,178.97,287.96
2025-02-02,55198.41,2136.37,175.16,223.68
2025-02-03,55316.00,2136.42,172.25,231.53
2025-02-04,55385.00,2136.45,171.19,205.98
2025-02-05,55477.00,2136.49,171.09,217.47
2025-02-06,55524.00,2136.51,169.47,193.17
2025-02-07,55548.00,2136.52,172.13,184.23
2025-02-08,55620.00,2136.55,171.00,207.30
2025-02-09,55644.00,2136.56,171.00,183.10
2025-02-10,55644.00,2136.56,168.88,168.88
2025-02-11,55596.00,2136.54,168.69,144.49
2025-02-12,55500.00,2136.50,168.97,120.57
2025-02-13,55477.00,2136.49,168.00,156.40
2025-02-14,55477.00,2136.49,169.19,169.19
2025-02-15,55524.00,2136.51,168.59,192.29
2025-02-16,55596.00,2136.54,170.97,207.27
2025-02-17,55620.00,2136.55,173.16,185.26
2025-02-18,55620.00,2136.55,171.09,171.09
2025-02-19,55739.99,2136.60,171.94,232.43
2025-02-20,55715.99,2136.59,173.00,160.90
2025-02-21,55739.99,2136.60,183.97,196.07
2025-02-22,55907.82,2136.67,189.00,273.61
2025-02-23,56796.00,2137.04,188.69,636.48
2025-02-24,58327.82,2137.67,189.00,961.29
2025-02-25,60345.00,2138.49,188.19,1205.19
2025-02-26,62094.94,2139.19,191.78,1074.04
2025-02-27,63530.00,2139.76,189.94,913.45
2025-02-28,64800.00,2140.26,196.02,836.31
2025-03-01,66076.00,2140.76,200.98,844.30
2025-03-02,67460.00,2141.30,198.83,896.60
2025-03-03,68983.94,2141.89,203.93,972.25
2025-03-04,70624.00,2142.52,210.71,1037.57
2025-03-05,72122.99,2143.09,206.01,961.75
2025-03-06,73408.00,2143.58,203.60,851.46
2025-03-07,74624.00,2144.04,167.27,780.34
2025-03-08,75715.00,2144.45,174.13,724.18
2025-03-09,76785.33,2144.85,174.00,713.62
2025-03-10,77801.00,2145.23,175.03,687.10
2025-03-11,78799.99,2145.60,177.94,681.60
2025-03-12,79826.00,2145.98,180.31,697.59
2025-03-13,80830.34,2146.35,179.66,686.02
2025-03-14,81698.80,2146.67,181.06,618.91
2025-03-15,82628.00,2147.01,182.27,650.74
2025-03-16,83430.00,2147.30,183.00,587.34
2025-03-17,84169.00,2147.57,184.06,556.64
2025-03-18,84810.00,2147.80,186.81,509.98
2025-03-19,85332.00,2147.99,189.00,452.18
2025-03-20,85966.00,2148.22,184.72,504.36
2025-03-21,86858.00,2148.54,186.91,636.63
2025-03-22,87664.21,2148.83,187.44,593.90
2025-03-23,88784.00,2149.23,182.78,747.34
2025-03-24,93826.00,2151.02,182.68,2724.69
2025-03-25,102835.57,2154.14,204.52,4746.85
2025-03-26,111877.85,2157.18,209.95,4768.77
2025-03-27,122205.00,2160.55,216.18,5422.79
2025-03-28,129698.00,2162.94,204.84,3982.56
2025-03-29,135012.07,2164.61,197.01,2876.19
2025-03-30,139000.39,2165.85,193.69,2204.47
2025-03-31,142179.24,2166.83,201.38,1804.05
2025-04-01,144795.45,2167.63,198.94,1517.95
2025-04-02,147056.16,2168.32,198.21,1337.99
2025-04-03,149036.01,2168.92,200.51,1198.68
2025-04-04,150785.00,2169.45,200.36,1082.14
2025-04-05,152511.00,2169.97,204.92,1075.11
2025-04-06,154280.00,2170.50,207.65,1099.52
2025-04-07,156630.00,2171.20,207.80,1392.59
2025-04-08,159694.08,2172.11,205.17,1749.98
2025-04-09,162642.00,2172.98,210.39,1696.63
2025-04-10,165338.00,2173.77,212.32,1571.55
2025-04-11,168248.16,2174.62,212.94,1680.15
2025-04-12,170894.92,2175.39,209.98,1544.39
2025-04-13,173244.99,2176.07,213.27,1398.10
2025-04-14,175289.66,2176.66,214.47,1245.33
2025-04-15,177345.00,2177.25,221.18,1257.41
2025-04-16,179855.00,2177.97,221.40,1486.86
2025-04-17,182383.91,2178.69,221.18,1496.17
2025-04-18,185024.01,2179.44,212.50,1543.55
2025-04-19,187828.00,2180.23,204.41,1618.09
2025-04-20,190929.99,2181.10,201.67,1765.59
2025-04-21,193763.92,2181.89,202.58,1631.35
2025-04-22,196171.99,2182.56,208.49,1422.56
2025-04-23,198119.99,2183.10,285.45,1267.57
2025-04-24,199785.99,2183.56,440.33,1280.27
2025-04-25,201560.00,2184.05,449.09,1343.49
2025-04-26,203930.00,2184.70,449.70,1644.58
2025-04-27,207108.99,2185.57,447.36,2050.10
2025-04-28,210604.00,2186.52,331.50,2093.57
2025-04-29,214331.00,2187.53,204.95,2083.98
2025-04-30,217967.00,2188.51,210.57,2043.72
2025-05-01,221179.64,2189.37,313.42,1933.13
2025-05-02,224632.00,2190.29,456.97,2197.54
2025-05-03,228848.01,2191.41,454.44,2580.01
2025-05-04,232372.37,2192.34,455.37,2232.24
2025-05-05,235269.99,2193.10,348.83,1809.71
2025-05-06,238102.37,2193.84,219.72,1647.71
2025-05-07,241136.33,2194.63,205.43,1735.05
2025-05-08,244471.00,2195.49,194.06,1875.29
2025-05-09,247581.00,2196.29,196.82,1764.78
2025-05-10,250669.99,2197.08,197.52,1754.89
2025-05-11,253607.29,2197.83,196.79,1677.68
2025-05-12,255810.91,2198.39,373.25,1484.24
2025-05-13,257235.00,2198.75,773.51,1491.49
2025-05-14,258659.09,2199.11,770.88,1488.86
2025-05-15,260599.99,2199.60,516.09,1494.63
2025-05-16,262819.61,2200.16,318.58,1437.64
2025-05-17,265090.00,2200.73,214.72,1359.38
2025-05-18,267520.39,2201.34,208.67,1433.99
2025-05-19,269770.01,2201.90,193.91,1328.09
2025-05-20,270970.00,2202.20,479.09,1084.09
2025-05-21,270970.00,2202.20,1267.83,1267.83
2025-05-22,271411.10,2202.31,959.00,1181.39
2025-05-23,272380.00,2202.55,740.63,1229.12
2025-05-24,273630.59,2202.86,738.28,1368.79
2025-05-25,275360.00,2203.29,744.12,1616.03
2025-05-26,278599.99,2204.09,470.89,2104.39
2025-05-27,281890.01,2204.90,185.06,1843.78
2025-05-28,285150.00,2205.70,185.66,1829.24
2025-05-29,288410.00,2206.50,447.55,2091.13
2025-05-30,290542.00,2207.02,794.31,1869.19
2025-05-31,292180.01,2207.42,1015.69,1841.52
2025-06-01,293945.50,2207.85,910.81,1800.91
2025-06-02,295338.90,2208.19,819.00,1521.51
2025-06-03,296200.01,2208.40,896.87,1331.01
2025-06-04,296158.91,2208.39,1314.35,1293.63
2025-06-05,295256.70,2208.17,1827.88,1373.02
2025-06-06,294601.00,2208.01,1940.19,1609.61
2025-06-07,294560.00,2208.00,1831.34,1810.67
2025-06-08,294969.99,2208.10,1699.33,1906.03
2025-06-09,295872.20,2208.32,1545.08,1999.94
2025-06-10,297071.09,2208.61,1338.64,1943.08
2025-06-11,297973.30,2208.83,1267.03,1721.89
2025-06-12,298137.71,2208.87,1423.75,1506.64
2025-06-13,297316.70,2208.67,1662.75,1248.82
2025-06-14,295790.00,2208.30,1817.38,1047.67
2025-06-15,293904.40,2207.84,1891.53,940.87
2025-06-16,291731.10,2207.31,1934.38,838.67
2025-06-17,289106.70,2206.67,2114.75,791.61
2025-06-18,286083.01,2205.93,2246.56,722.12
2025-06-19,282782.19,2205.12,2352.12,687.96
2025-06-20,279250.00,2204.25,2375.47,594.66
2025-06-21,275850.01,2203.41,2309.37,595.21
2025-06-22,272660.19,2202.62,2196.22,588.02
2025-06-23,269570.49,2201.85,2158.72,601.00
2025-06-24,266170.00,2201.00,2240.84,526.43
2025-06-25,262699.31,2200.13,2337.12,587.31
2025-06-26,258931.81,2199.18,2424.27,524.82
2025-06-27,255060.00,2198.20,2473.44,521.40
2025-06-28,251100.91,2197.19,2535.62,539.58
2025-06-29,246995.42,2196.14,2589.17,519.32
2025-06-30,242765.00,2195.05,2638.13,505.29
2025-07-01,238406.01,2193.92,2712.92,515.26
2025-07-02,233857.00,2192.73,2803.02,509.56
2025-07-03,229038.00,2191.46,2886.04,456.46
2025-07-04,224104.55,2190.15,2916.88,429.60
2025-07-05,219272.55,2188.86,2865.42,429.29
2025-07-06,214515.99,2187.58,2831.35,433.25
2025-07-07,209753.00,2186.29,2812.71,411.37
2025-07-08,205057.00,2185.01,2779.79,412.22
2025-07-09,200327.00,2183.71,2785.10,400.39
2025-07-10,195590.01,2182.40,2801.56,413.33
2025-07-11,190893.99,2181.09,2811.77,444.19
2025-07-12,186048.00,2179.73,2828.75,385.56
2025-07-13,181255.60,2178.37,2834.37,418.20
2025-07-14,176540.00,2177.02,2786.46,409.01
2025-07-15,171891.84,2175.68,2750.42,406.97
2025-07-16,167115.00,2174.29,2760.83,352.51
2025-07-17,162268.59,2172.87,2774.79,331.39
2025-07-18,157366.01,2171.42,2776.25,304.53
2025-07-19,152412.00,2169.94,2783.23,285.58
2025-07-20,147353.01,2168.41,2784.58,234.00
2025-07-21,142509.01,2166.93,2736.87,294.69
2025-07-22,137806.00,2165.48,2677.81,306.71
2025-07-23,133060.00,2164.00,2682.19,289.41
2025-07-24,128182.00,2162.46,2707.60,248.27
2025-07-25,123258.93,2160.89,2723.12,241.07
2025-07-26,118340.00,2159.30,2687.60,207.64
2025-07-27,113480.00,2157.71,2655.10,204.85
2025-07-28,108759.56,2156.14,2601.25,221.36
2025-07-29,104129.99,2154.58,2545.21,211.13
2025-07-30,99539.00,2153.01,2512.71,198.08
2025-07-31,95106.00,2151.47,2473.75,238.78
2025-08-01,90744.00,2149.93,2423.54,224.36
2025-08-02,86526.01,2148.42,2370.12,243.55
2025-08-03,82411.00,2146.93,2311.44,236.79
2025-08-04,78368.00,2145.44,2259.69,221.34
2025-08-05,74412.00,2143.96,2213.94,219.46
2025-08-06,70651.00,2142.53,2155.62,259.45
2025-08-07,67027.55,2141.13,2096.84,270.02
2025-08-08,63480.00,2139.74,2047.34,258.78
2025-08-09,60071.89,2138.38,1981.44,263.18
2025-08-10,56772.00,2137.03,1921.81,258.11
2025-08-11,53658.00,2135.72,1854.50,284.52
2025-08-12,50664.00,2134.42,1782.88,273.40
2025-08-13,47814.72,2133.15,1714.25,277.74
2025-08-14,45114.00,2131.92,1644.08,282.47
2025-08-15,42580.00,2130.75,1558.92,281.36
2025-08-16,40342.00,2129.71,1453.75,325.42
2025-08-17,38337.00,2128.77,1372.92,362.07
2025-08-18,36322.10,2127.82,1319.24,303.39
2025-08-19,34327.90,2126.88,1256.90,251.49
2025-08-20,32370.00,2125.95,1188.50,201.39
2025-08-21,30590.00,2125.10,1119.67,222.25
2025-08-22,28836.00,2124.26,1045.51,161.20
2025-08-23,27210.00,2123.48,987.19,167.41
2025-08-24,25680.00,2122.74,921.19,149.81
2025-08-25,24320.00,2122.08,848.75,163.08
2025-08-26,23190.00,2121.53,742.63,172.92
2025-08-27,22190.00,2121.04,634.64,130.47
2025-08-28,21490.00,2120.70,527.81,174.89
2025-08-29,20920.00,2120.42,434.66,147.28
2025-08-30,20470.00,2120.20,328.79,101.91
2025-08-31,20190.00,2120.06,290.05,148.88
2025-09-01,19902.00,2119.92,280.02,134.82
2025-09-02,19580.00,2119.76,283.81,121.47
2025-09-03,19230.00,2119.59,275.57,99.11
2025-09-04,18970.00,2119.46,250.96,119.88
2025-09-05,18828.95,2119.39,193.62,122.51
2025-09-06,18745.26,2119.35,176.09,133.90
2025-09-07,18620.00,2119.29,170.78,107.63
2025-09-08,18560.00,2119.26,172.16,141.91
2025-09-09,18620.00,2119.29,79.19,109.44
2025-09-10,18640.00,2119.30,92.34,102.42
2025-09-11,18520.00,2119.24,158.47,97.97
2025-09-12,18379.85,2119.17,160.34,89.68
2025-09-13,18280.09,2119.12,164.25,113.95
2025-09-14,18180.00,2119.07,157.97,107.51
2025-09-15,18060.00,2119.01,159.41,98.91
2025-09-16,17935.00,2118.95,154.56,91.54
2025-09-17,17809.96,2118.89,156.53,93.49
2025-09-18,17710.20,2118.84,149.56,99.26
2025-09-19,17630.00,2118.80,143.50,103.07
2025-09-20,17530.00,2118.75,140.16,89.74
2025-09-21,17430.00,2118.70,135.56,85.14
2025-09-22,17345.79,2118.66,138.03,95.57
2025-09-23,17220.00,2118.60,138.44,75.02
2025-09-24,17100.00,2118.54,137.00,76.50
2025-09-25,16980.00,2118.48,131.91,71.41
2025-09-26,16840.00,2118.41,132.41,61.83
2025-09-27,16740.30,2118.36,137.72,87.45
2025-09-28,16620.00,2118.30,135.09,74.44
2025-09-29,16540.00,2118.26,131.09,90.76
2025-09-30,16420.00,2118.20,125.00,64.50
2025-10-01,16335.79,2118.16,122.47,80.01
2025-10-02,16210.00,2118.10,133.56,70.14
2025-10-03,16110.00,2118.05,131.22,80.80
2025-10-04,16010.00,2118.00,133.31,82.89
2025-10-05,15890.00,2117.94,129.47,68.97
2025-10-06,15810.00,2117.90,128.63,88.30
2025-10-07,15710.25,2117.85,127.19,76.90
2025-10-08,15589.00,2117.79,128.47,67.34
2025-10-09,15442.00,2117.72,131.34,57.23
2025-10-10,15259.66,2117.63,126.44,34.51
2025-10-11,15200.00,2117.60,122.50,92.42
2025-10-12,15180.00,2117.59,122.63,112.55
2025-10-13,15160.00,2117.58,119.09,109.01
2025-10-14,15140.00,2117.57,121.78,111.70
2025-10-15,15100.00,2117.55,126.47,106.30
2025-10-16,15040.00,2117.52,129.59,99.34
2025-10-17,14920.00,2117.46,126.00,65.50
2025-10-18,14840.00,2117.42,126.66,86.33
2025-10-19,15000.00,2117.50,122.09,202.76
2025-10-20,15359.90,2117.68,133.78,315.23
2025-10-21,15463.00,2117.73,134.34,186.32
2025-10-22,15568.00,2117.78,136.09,189.03
2025-10-23,15670.15,2117.83,140.81,192.31
2025-10-24,15850.00,2117.92,136.19,226.86
2025-10-25,16335.79,2118.16,137.69,382.61
2025-10-26,16940.00,2118.46,138.69,443.31
2025-10-27,17387.90,2118.68,146.63,372.45
2025-10-28,17690.15,2118.83,150.53,302.91
2025-10-29,18280.09,2119.12,152.53,449.96
2025-10-30,18520.00,2119.24,151.72,272.67
2025-10-31,18990.00,2119.47,149.19,386.15
2025-11-01,21040.00,2120.48,149.22,1182.76
2025-11-02,26340.00,2123.06,169.63,2841.71
2025-11-03,28646.85,2124.17,163.81,1326.85
2025-11-04,30127.90,2124.88,154.25,900.95
2025-11-05,31699.66,2125.63,149.94,942.36
2025-11-06,34712.00,2127.06,164.03,1682.75
2025-11-07,39407.00,2129.27,184.28,2551.35
2025-11-08,42238.00,2130.59,196.75,1624.04
2025-11-09,44090.00,2131.45,205.17,1138.89
2025-11-10,45572.64,2132.13,200.51,948.00
2025-11-11,46974.00,2132.77,197.08,903.60
2025-11-12,48260.27,2133.35,193.75,842.25
2025-11-13,49688.00,2133.99,187.03,906.84
2025-11-14,53682.00,2135.73,186.84,2200.49
2025-11-15,58940.00,2137.92,197.70,2848.61
2025-11-16,62970.00,2139.54,206.05,2237.84
2025-11-17,65869.88,2140.68,197.19,1659.21
2025-11-18,68136.00,2141.56,186.69,1329.19
2025-11-19,69894.00,2142.24,186.09,1072.42
2025-11-20,71334.00,2142.79,186.72,912.72
2025-11-21,72488.00,2143.23,184.25,766.06
2025-11-22,73487.06,2143.61,187.25,690.94
2025-11-23,74466.00,2143.98,188.81,682.36
2025-11-24,75346.06,2144.31,181.88,625.57
2025-11-25,76327.87,2144.68,183.09,678.09
2025-11-26,77102.00,2144.97,186.62,576.91
2025-11-27,77936.00,2145.28,186.78,607.25
2025-11-28,78611.00,2145.53,188.22,528.53
2025-11-29,79205.00,2145.75,187.81,487.29
2025-11-30,79718.00,2145.94,185.62,444.26
2025-12-01,80177.06,2146.11,186.97,418.41
2025-12-02,80636.00,2146.28,184.37,415.75
2025-12-03,81051.00,2146.43,179.16,388.39
2025-12-04,81509.99,2146.60,182.78,414.19
2025-12-05,82330.01,2146.90,178.38,591.80
2025-12-06,84530.00,2147.70,173.84,1283.01
2025-12-07,87552.00,2148.79,181.88,1705.46
2025-12-08,95335.00,2151.55,175.06,4098.99
2025-12-09,116399.78,2158.67,179.72,10799.89
2025-12-10,145680.01,2167.90,184.03,14946.15
2025-12-11,177064.74,2177.17,200.18,16023.32
2025-12-12,190465.00,2180.97,211.70,6967.67
2025-12-13,198119.99,2183.10,211.70,4071.09
2025-12-14,203056.00,2184.46,215.27,2703.84
2025-12-15,212185.00,2186.95,218.99,4821.53
2025-12-16,224442.00,2190.24,238.06,6417.63
2025-12-17,238520.00,2193.95,234.34,7332.00
2025-12-18,246606.00,2196.04,244.33,4321.02
2025-12-19,252193.00,2197.47,241.67,3058.45
2025-12-20,256210.00,2198.49,248.27,2273.50
2025-12-21,259250.00,2199.26,248.85,1781.52
2025-12-22,261790.01,2199.90,251.33,1531.92
2025-12-23,263890.01,2200.43,239.04,1297.79
2025-12-24,265890.01,2200.93,227.45,1235.78
2025-12-25,267520.39,2201.34,228.65,1050.64
2025-12-26,269250.00,2201.77,226.50,1098.51
2025-12-27,270650.19,2202.12,229.53,935.46
2025-12-28,271738.91,2202.39,225.01,773.90
2025-12-29,272779.51,2202.65,225.01,749.64
2025-12-30,273709.81,2202.88,223.95,692.98
2025-12-31,274599.99,2203.10,223.11,671.91
2026-01-01,275400.00,2203.30,223.00,626.34
2026-01-02,276210.00,2203.50,222.93,631.31
2026-01-03,277060.00,2203.71,222.64,651.18
2026-01-04,278076.00,2203.96,222.78,735.01
2026-01-05,278967.80,2204.18,222.71,672.33
2026-01-06,280100.00,2204.46,223.84,794.66
2026-01-07,281038.90,2204.69,220.05,693.41
2026-01-08,281848.91,2204.89,207.91,616.28
2026-01-09,282699.99,2205.10,207.21,636.30
2026-01-10,283274.00,2205.24,205.76,495.15
2026-01-11,284290.00,2205.49,207.69,719.92
2026-01-12,285840.69,2205.87,207.36,989.17
2026-01-13,289640.00,2206.80,203.13,2118.62
2026-01-14,293658.00,2207.78,200.18,2225.92
2026-01-15,296825.00,2208.55,202.15,1798.84
2026-01-16,299458.90,2209.19,200.21,1528.14
2026-01-17,301738.00,2209.74,199.30,1348.35
2026-01-18,303650.00,2210.20,199.41,1163.38
2026-01-19,305186.99,2210.57,199.67,974.57
2026-01-20,306644.01,2210.92,200.87,935.45
2026-01-21,307894.00,2211.22,201.49,831.70
2026-01-22,308978.00,2211.48,200.18,746.70
2026-01-23,309984.00,2211.72,199.52,706.71
2026-01-24,310866.01,2211.93,194.84,639.52
2026-01-25,311622.09,2212.11,197.41,578.60
2026-01-26,312294.00,2212.27,197.08,535.83
2026-01-27,313008.01,2212.44,202.73,562.71
2026-01-28,313637.99,2212.59,207.25,524.87
2026-01-29,314478.00,2212.79,204.70,628.20
2026-01-30,315360.00,2213.00,201.20,645.88
2026-01-31,316326.00,2213.23,201.27,688.30
2026-02-01,317460.00,2213.50,199.96,771.68
2026-02-02,318816.21,2213.82,197.92,881.68
2026-02-03,320209.48,2214.15,196.93,899.37
2026-02-04,321657.00,2214.49,196.46,926.25
2026-02-05,323012.10,2214.81,200.94,884.14
2026-02-06,324411.37,2215.14,204.55,910.02
2026-02-07,325940.00,2215.50,203.49,974.18
2026-02-08,327392.42,2215.84,204.92,937.18
2026-02-09,328843.79,2216.18,205.03,936.76
2026-02-10,330220.00,2216.50,200.83,894.67
2026-02-11,331285.00,2216.75,207.98,744.92
2026-02-12,332360.00,2217.00,210.60,752.58
2026-02-13,333392.00,2217.24,211.37,731.67
2026-02-14,334248.01,2217.44,212.61,644.18
2026-02-15,335068.26,2217.63,211.19,624.73
2026-02-16,335714.00,2217.78,204.73,530.29
2026-02-17,336359.01,2217.93,204.48,529.67
2026-02-18,336917.99,2218.06,205.94,487.76
2026-02-19,337476.90,2218.19,205.94,487.72
2026-02-20,337907.00,2218.29,204.22,421.06
2026-02-21,338336.90,2218.39,201.27,418.02
2026-02-22,338776.00,2218.49,211.48,432.86
2026-02-23,339293.10,2218.61,209.80,470.50
2026-02-24,339723.00,2218.71,206.78,423.52
2026-02-25,340067.00,2218.79,201.64,375.06
2026-02-26,340325.53,2218.85,200.94,331.29
2026-02-27,340628.01,2218.92,205.03,357.53
2026-02-28,340936.00,2218.99,208.16,363.44
2026-03-01,341152.00,2219.04,206.34,315.24
2026-03-02,341366.99,2219.09,209.69,318.09
2026-03-03,341581.37,2219.14,220.37,328.46
2026-03-04,342016.00,2219.24,198.68,417.81
2026-03-05,342452.42,2219.34,198.54,418.57
2026-03-06,342968.00,2219.46,207.40,467.34
2026-03-07,343579.99,2219.60,206.89,515.43
2026-03-08,345100.01,2219.95,199.68,966.02
2026-03-09,347324.00,2220.46,197.59,1318.85
2026-03-10,348942.32,2220.83,206.12,1022.02
2026-03-11,351395.90,2221.39,211.22,1448.23
2026-03-12,353816.01,2221.94,206.30,1426.44
2026-03-13,356719.99,2222.60,223.62,1687.71
2026-03-14,358402.00,2222.98,223.58,1071.60
2026-03-15,359775.00,2223.29,225.41,917.62
2026-03-16,361319.34,2223.64,234.99,1013.60
2026-03-17,363764.89,2224.19,234.56,1467.53
2026-03-18,370544.00,2225.71,261.90,3679.70
2026-03-19,381253.99,2228.09,266.20,5665.82
2026-03-20,397517.31,2231.64,203.82,8403.25
2026-03-21,409044.22,2234.12,206.56,6018.05
2026-03-22,415228.01,2235.44,211.73,3329.39
2026-03-23,419520.59,2236.35,212.03,2376.20
2026-03-24,421649.99,2236.80,1105.30,2178.87
2026-03-25,419328.11,2236.31,4244.88,3074.26
2026-03-26,414476.00,2235.28,4863.75,2417.47
2026-03-27,410538.01,2234.44,3766.00,1780.60
2026-03-28,409512.00,2234.22,1878.41,1361.13
2026-03-29,410491.01,2234.43,619.37,1112.96
2026-03-30,412549.81,2234.87,246.95,1284.93
2026-03-31,414241.00,2235.23,211.26,1063.90
2026-04-01,415744.99,2235.55,218.04,976.30
2026-04-02,417112.47,2235.84,222.67,912.11
2026-04-03,418387.11,2236.11,231.17,873.80
2026-04-04,419568.71,2236.36,218.26,813.99
2026-04-05,420796.23,2236.62,203.46,822.33
2026-04-06,422318.01,2236.94,221.10,988.34
2026-04-07,424265.58,2237.35,210.06,1191.96
2026-04-08,426266.00,2237.77,244.95,1253.49
2026-04-09,428079.41,2238.15,292.56,1206.83
2026-04-10,429703.00,2238.49,345.04,1163.60
2026-04-11,431334.35,2238.83,407.61,1230.08
2026-04-12,432677.11,2239.11,471.27,1148.24
2026-04-13,434011.89,2239.39,492.88,1165.83
2026-04-14,435558.00,2239.71,447.97,1227.47
2026-04-15,437046.00,2240.02,529.38,1279.57
2026-04-16,437142.00,2240.04,798.09,846.49
2026-04-17,436566.01,2239.92,1012.33,721.94
2026-04-18,435750.00,2239.75,1051.85,640.45
2026-04-19,434827.99,2239.56,1075.77,610.92
2026-04-20,433820.59,2239.35,1162.91,655.01
2026-04-21,433052.89,2239.19,1224.52,837.47
2026-04-22,432294.00,2239.03,1501.50,1118.89
2026-04-23,431286.23,2238.82,1631.67,1123.59
2026-04-24,431862.01,2238.94,888.31,1178.60
2026-04-25,433244.00,2239.23,482.75,1179.51
2026-04-26,434396.00,2239.47,494.09,1074.89
2026-04-27,435166.16,2239.63,545.36,933.65
2026-04-28,435411.76,2239.68,715.36,839.19
2026-04-29,435362.64,2239.67,839.75,814.98
2026-04-30,434827.99,2239.56,1061.70,792.15
2026-05-01,433916.83,2239.37,1328.94,869.56
2026-05-02,433436.00,2239.27,1345.27,1102.85
2026-05-03,433772.47,2239.34,1240.71,1410.35
2026-05-04,434779.99,2239.55,1176.61,1684.57
2026-05-05,435702.00,2239.74,1355.19,1820.03
2026-05-06,435894.00,2239.78,1655.50,1752.30
2026-05-07,436086.23,2239.82,1545.17,1642.09
2026-05-08,436134.35,2239.83,1328.50,1352.76
2026-05-09,435989.99,2239.80,1200.24,1127.46
2026-05-10,435846.00,2239.77,1066.88,994.28
2026-05-11,435846.00,2239.77,1014.38,1014.38
2026-05-12,435798.00,2239.76,955.75,931.55
2026-05-13,435702.00,2239.74,1278.62,1230.23
2026-05-14,435313.52,2239.66,1584.17,1388.31
2026-05-15,435702.00,2239.74,989.12,1184.98
2026-05-16,436758.00,2239.96,620.10,1152.51
2026-05-17,436902.00,2239.99,782.68,855.28
2026-05-18,436566.01,2239.92,865.06,695.66
2026-05-19,436182.47,2239.84,837.00,643.63
2026-05-20,435606.00,2239.72,891.69,601.05
2026-05-21,434875.99,2239.57,984.75,616.70
2026-05-22,434348.00,2239.46,946.44,680.24
2026-05-23,433100.01,2239.20,1433.17,803.97
2026-05-24,431142.00,2238.79,2076.03,1088.87
2026-05-25,428944.35,2238.33,2082.78,974.80
2026-05-26,427743.99,2238.08,1357.45,752.27
2026-05-27,427219.00,2237.97,892.75,628.07
2026-05-28,427078.01,2237.94,787.03,715.95
2026-05-29,427647.99,2238.06,737.19,1024.56
2026-05-30,427408.00,2238.01,952.44,831.44
2026-05-31,426650.59,2237.85,1024.66,642.80
2026-06-01,425315.99,2237.57,1148.10,475.24
2026-06-02,423502.89,2237.19,1341.84,427.73
2026-06-03,421227.00,2236.71,1595.42,447.99
2026-06-04,418434.22,2236.12,1996.91,588.88
2026-06-05,414664.23,2235.32,2573.44,672.73
2026-06-06,411337.11,2234.61,2258.84,626.42
2026-06-07,408997.11,2234.11,1537.17,357.42
2026-06-08,406757.21,2233.63,1450.50,321.22
2026-06-09,405358.34,2233.33,1479.08,773.82
2026-06-10,404427.21,2233.13,1355.41,885.97
2026-06-11,403078.46,2232.84,1366.26,686.26
2026-06-12,400852.69,2232.36,1758.83,636.67
2026-06-13,398076.00,2231.76,2197.34,797.42
2026-06-14,395157.21,2231.13,2245.06,773.50
2026-06-15,392168.00,2230.48,2313.87,806.81
2026-06-16,388995.00,2229.79,2396.56,796.84
2026-06-17,385704.99,2229.07,2463.12,804.41
2026-06-18,382199.99,2228.30,2522.50,755.40
2026-06-19,378445.00,2227.47,2573.44,680.30
2026-06-20,374484.99,2226.59,2650.21,653.70
2026-06-21,370454.89,2225.69,2682.19,650.35
2026-06-22,366831.79,2224.88,2507.50,680.85
2026-06-23,363271.99,2224.08,2436.88,642.14
2026-06-24,359370.01,2223.20,2547.40,580.14
2026-06-25,355180.00,2222.25,2663.75,551.29
2026-06-26,350736.00,2221.24,2728.54,488.02
2026-06-27,346278.00,2220.22,2726.67,479.09
2026-06-28,341753.79,2219.18,2715.94,434.98
2026-06-29,337433.79,2218.18,2611.77,433.77
2026-06-30,333133.79,2217.18,2607.08,439.17
2026-07-01,328499.99,2216.10,2708.02,371.81
2026-07-02,323734.00,2214.98,2796.35,393.50
2026-07-03,318773.10,2213.81,2846.35,345.23
2026-07-04,313764.20,2212.62,2880.62,355.30
2026-07-05,308607.91,2211.39,2914.69,315.06
2026-07-06,303481.59,2210.16,2887.19,302.67
2026-07-07,298302.01,2208.91,2903.02,291.65
2026-07-08,292835.99,2207.58,3011.04,255.26
2026-07-09,287313.00,2206.23,3050.73,266.22
2026-07-10,281848.91,2204.89,3032.50,277.68
2026-07-11,276333.00,2203.53,3013.85,232.91
2026-07-12,270929.91,2202.19,2992.92,268.86
2026-07-13,265650.69,2200.87,2961.46,299.85
2026-07-14,260320.00,2199.53,2936.35,248.80
2026-07-15,254942.71,2198.17,2953.96,242.91
2026-07-16,249492.00,2196.78,2958.54,210.47
2026-07-17,244041.82,2195.38,2976.77,228.97
2026-07-18,238558.00,2193.96,2995.31,230.56
2026-07-19,233056.00,2192.52,2992.19,218.26
2026-07-20,227641.99,2191.09,2967.81,238.25
2026-07-21,222224.55,2189.65,2947.81,216.52
2026-07-22,216894.00,2188.22,2960.10,272.61
2026-07-23,211297.00,2186.71,2971.04,149.22
2026-07-24,205796.00,2185.21,2976.67,203.25
2026-07-25,200253.91,2183.69,3021.61,227.47
2026-07-26,194624.40,2182.13,3025.83,187.62
2026-07-27,189139.99,2180.60,2967.92,202.86
2026-07-28,183749.99,2179.08,2909.79,192.33
2026-07-29,178385.00,2177.55,2881.77,176.92
2026-07-30,172932.00,2175.98,2906.56,157.34
2026-07-31,167421.84,2174.38,2933.12,155.08
2026-08-01,161894.00,2172.76,2915.10,128.15
2026-08-02,156391.41,2171.13,2889.69,115.47
2026-08-03,151148.00,2169.56,2816.46,172.91
2026-08-04,145977.00,2167.99,2769.90,162.85
2026-08-05,140780.01,2166.40,2789.06,168.91
2026-08-06,135460.00,2164.75,2807.50,125.33
2026-08-07,130168.99,2163.09,2798.02,130.47
2026-08-08,124984.00,2161.44,2765.31,151.21
2026-08-09,119880.00,2159.80,2715.94,142.67
2026-08-10,114845.70,2158.16,2668.85,130.73
2026-08-11,109920.00,2156.53,2620.00,136.63
2026-08-12,105100.01,2154.91,2571.77,141.69
2026-08-13,100496.28,2153.34,2521.25,200.21
2026-08-14,96021.00,2151.79,2469.27,212.98
2026-08-15,91616.00,2150.24,2416.25,195.40
2026-08-16,87328.00,2148.71,2377.34,215.48
2026-08-17,83290.00,2147.25,2261.28,225.45
2026-08-18,79475.33,2145.85,2166.50,243.27
2026-08-19,75715.00,2144.45,2106.03,210.20
2026-08-20,72149.99,2143.10,2041.16,243.80
2026-08-21,68675.00,2141.77,1980.31,228.33
2026-08-22,65235.00,2140.43,1915.53,181.20
2026-08-23,61895.06,2139.11,1845.59,161.70
2026-08-24,58841.89,2137.88,1740.75,201.44
2026-08-25,56028.00,2136.72,1629.33,210.66
2026-08-26,53355.99,2135.59,1556.25,209.11
2026-08-27,50886.00,2134.52,1485.92,240.63
2026-08-28,48613.00,2133.51,1380.83,234.86
2026-08-29,46578.00,2132.59,1267.03,241.05
2026-08-30,44703.00,2131.73,1173.92,228.61
2026-08-31,43010.00,2130.95,1053.09,199.54
2026-09-01,41568.00,2130.28,931.44,204.43
2026-09-02,40298.95,2129.69,828.34,188.53
2026-09-03,39193.84,2129.17,754.43,197.27
2026-09-04,38147.90,2128.68,728.14,200.81
2026-09-05,37151.00,2128.21,716.85,214.25
2026-09-06,36082.00,2127.71,712.90,173.95
2026-09-07,35052.00,2127.22,712.55,193.26
2026-09-08,34118.00,2126.78,661.46,190.57
2026-09-09,33341.00,2126.41,527.03,135.29
2026-09-10,,,,
2026-09-11,,,,
