DateTime,kac_af,kac_fb,kac_qd,kac_qu
1990-01-01,110608.00,2230.58,8.00,259.08
1990-01-02,110752.18,2230.62,8.00,80.69
1990-01-03,111148.00,2230.73,8.00,207.56
1990-01-04,111760.00,2230.90,9.00,317.55
1990-01-05,112202.00,2231.02,9.00,231.84
1990-01-06,112886.00,2231.21,10.00,354.85
1990-01-07,114408.27,2231.63,12.00,779.48
1990-01-08,115966.00,2232.06,14.00,799.36
1990-01-09,119642.00,2233.07,23.00,1876.32
1990-01-10,121960.00,2233.70,19.00,1187.66
1990-01-11,122885.00,2233.95,13.00,479.35
1990-01-12,123587.46,2234.14,12.00,366.16
1990-01-13,124143.00,2234.29,11.00,291.08
1990-01-14,125179.00,2234.57,10.00,532.32
1990-01-15,125808.00,2234.74,10.00,327.12
1990-01-16,126252.54,2234.86,10.00,234.12
1990-01-17,126622.00,2234.96,9.00,195.27
1990-01-18,126918.00,2235.04,9.00,158.23
1990-01-19,127435.82,2235.18,9.00,270.07
1990-01-20,127472.91,2235.19,9.00,27.70
1990-01-21,127806.00,2235.28,9.00,176.93
1990-01-22,128810.00,2235.55,10.00,516.18
1990-01-23,129408.00,2235.71,10.00,311.49
1990-01-24,129560.00,2235.75,10.00,86.63
1990-01-25,130386.00,2235.97,10.00,426.44
1990-01-26,130685.00,2236.05,10.00,160.75
1990-01-27,131435.00,2236.25,10.00,388.13
1990-01-28,132790.00,2236.61,10.00,693.15
1990-01-29,133463.00,2236.79,11.00,350.30
1990-01-30,134032.00,2236.94,11.00,297.87
1990-01-31,134108.00,2236.96,11.00,49.32
1990-02-01,134593.00,2237.09,10.00,254.52
1990-02-02,135162.00,2237.24,11.00,297.87
1990-02-03,135352.00,2237.29,11.00,106.79
1990-02-04,135618.56,2237.36,11.00,145.39
1990-02-05,136188.00,2237.51,10.00,297.09
1990-02-06,136264.00,2237.53,10.00,48.32
1990-02-07,137062.00,2237.74,11.00,413.33
1990-02-08,137252.00,2237.79,10.00,105.79
1990-02-09,138667.63,2238.16,11.00,724.71
1990-02-10,141461.91,2238.89,25.00,1433.78
1990-02-11,143498.00,2239.42,27.00,1053.53
1990-02-12,144658.00,2239.72,19.00,603.83
1990-02-13,145633.00,2239.97,15.00,506.56
1990-02-14,146443.81,2240.18,13.00,421.78
1990-02-15,146715.00,2240.25,13.00,149.72
1990-02-16,147456.00,2240.44,12.00,385.59
1990-02-17,148080.00,2240.60,11.00,325.60
1990-02-18,148430.91,2240.69,11.00,187.92
1990-02-19,148743.00,2240.77,11.00,168.35
1990-02-20,149796.00,2241.04,11.00,541.89
1990-02-21,149835.00,2241.05,11.00,30.66
1990-02-22,150537.00,2241.23,11.00,364.93
1990-02-23,150654.00,2241.26,10.00,68.99
1990-02-24,151160.91,2241.39,10.00,265.57
1990-02-25,151834.00,2241.56,11.00,350.35
1990-02-26,152029.09,2241.61,11.00,109.36
1990-02-27,152184.52,2241.65,11.00,89.36
1990-02-28,152936.38,2241.84,11.00,390.06
1990-03-01,153290.00,2241.93,11.00,189.29
1990-03-02,153765.00,2242.05,11.00,250.48
1990-03-03,153960.00,2242.10,11.00,109.31
1990-03-04,154633.00,2242.27,11.00,350.30
1990-03-05,155030.69,2242.37,11.00,211.50
1990-03-06,155350.00,2242.45,11.00,171.99
1990-03-07,156259.80,2242.68,11.00,469.69
1990-03-08,156460.00,2242.73,11.00,111.94
1990-03-09,157140.00,2242.90,11.00,353.83
1990-03-10,157740.00,2243.05,11.00,313.50
1990-03-11,158060.30,2243.13,11.00,172.48
1990-03-12,158299.91,2243.19,10.00,130.80
1990-03-13,158940.48,2243.35,10.00,332.96
1990-03-14,159500.00,2243.49,10.00,292.09
1990-03-15,159660.00,2243.53,11.00,91.67
1990-03-16,160299.91,2243.69,11.00,333.62
1990-03-17,160460.00,2243.73,11.00,91.71
1990-03-18,160620.00,2243.77,11.00,91.67
1990-03-19,161390.00,2243.96,12.00,400.21
1990-03-20,162109.41,2244.14,12.00,374.70
1990-03-21,163119.91,2244.39,12.00,521.46
1990-03-22,163690.00,2244.53,12.00,299.42
1990-03-23,164780.00,2244.80,12.00,561.54
1990-03-24,165354.00,2244.94,11.00,300.39
1990-03-25,166050.09,2245.11,11.00,361.95
1990-03-26,166492.00,2245.22,11.00,233.79
1990-03-27,167107.70,2245.37,11.00,321.42
1990-03-28,167476.00,2245.46,11.00,196.68
1990-03-29,168213.41,2245.64,11.00,382.78
1990-03-30,169034.41,2245.84,12.00,425.92
1990-03-31,170059.00,2246.09,13.00,529.57
1990-04-01,171412.00,2246.42,13.00,695.14
1990-04-02,172980.00,2246.80,13.00,803.53
1990-04-03,174262.11,2247.11,13.00,659.40
1990-04-04,175880.00,2247.50,13.00,828.69
1990-04-05,177130.00,2247.80,12.00,642.21
1990-04-06,178715.80,2248.18,12.00,811.51
1990-04-07,180637.39,2248.64,12.00,980.80
1990-04-08,182108.00,2248.99,11.00,752.43
1990-04-09,183452.11,2249.31,11.00,688.66
1990-04-10,184586.00,2249.58,11.00,582.67
1990-04-11,185897.89,2249.89,11.00,672.41
1990-04-12,187378.00,2250.24,11.00,757.22
1990-04-13,189287.89,2250.69,11.00,973.90
1990-04-14,191330.69,2251.17,11.00,1040.91
1990-04-15,193513.80,2251.68,11.00,1111.65
1990-04-16,196213.11,2252.31,11.00,1371.90
1990-04-17,198793.00,2252.91,10.00,1310.70
1990-04-18,200814.84,2253.38,10.00,1029.35
1990-04-19,202372.00,2253.74,10.00,795.07
1990-04-20,204018.22,2254.12,10.00,839.97
1990-04-21,205627.00,2254.49,10.00,821.09
1990-04-22,207281.73,2254.87,10.00,844.26
1990-04-23,209072.00,2255.28,10.00,912.59
1990-04-24,210599.31,2255.63,10.00,780.02
1990-04-25,212396.00,2256.04,11.00,916.83
1990-04-26,213584.11,2256.31,11.00,610.01
1990-04-27,215035.36,2256.64,11.00,742.67
1990-04-28,216048.75,2256.87,11.00,521.92
1990-04-29,216928.00,2257.07,11.00,454.29
1990-04-30,217544.00,2257.21,208.00,518.57
1990-05-01,217500.00,2257.20,515.00,492.82
1990-05-02,217500.00,2257.20,510.00,510.00
1990-05-03,217588.00,2257.22,506.00,550.37
1990-05-04,217940.00,2257.30,505.00,682.47
1990-05-05,219270.00,2257.60,510.00,1180.54
1990-05-06,220864.00,2257.96,306.00,1109.64
1990-05-07,221930.00,2258.20,112.00,649.44
1990-05-08,222685.77,2258.37,112.00,493.03
1990-05-09,223440.00,2258.54,202.00,582.26
1990-05-10,223710.00,2258.60,291.00,427.13
1990-05-11,224395.00,2258.77,294.00,639.35
1990-05-12,225265.00,2258.95,290.00,728.63
1990-05-13,225578.00,2259.02,293.00,450.80
1990-05-14,226154.45,2259.15,293.00,583.63
1990-05-15,226830.00,2259.30,293.00,633.59
1990-05-16,227094.64,2259.36,293.00,426.42
1990-05-17,227225.89,2259.39,293.00,359.17
1990-05-18,227810.00,2259.52,292.00,586.49
1990-05-19,228035.00,2259.57,292.00,405.44
1990-05-20,228700.00,2259.72,292.00,627.27
1990-05-21,228925.00,2259.77,292.00,405.44
1990-05-22,229645.00,2259.93,295.00,658.00
1990-05-23,230589.34,2260.14,231.00,707.11
1990-05-24,230814.89,2260.19,190.00,303.71
1990-05-25,231040.00,2260.24,190.00,303.49
1990-05-26,231535.55,2260.35,190.00,439.84
1990-05-27,232075.00,2260.47,192.00,463.97
1990-05-28,233200.00,2260.72,192.00,759.19
1990-05-29,233830.66,2260.86,272.00,589.96
1990-05-30,233920.88,2260.88,413.00,458.49
1990-05-31,235224.67,2261.17,363.00,1020.33
1990-06-01,235765.00,2261.29,186.00,458.42
1990-06-02,236485.00,2261.45,117.00,480.00
1990-06-03,238208.34,2261.83,89.00,957.85
1990-06-04,239295.00,2262.07,61.00,608.86
1990-06-05,239843.89,2262.27,330.00,606.73
1990-06-06,240205.00,2262.29,621.00,803.06
1990-06-07,240340.00,2262.39,594.00,662.06
1990-06-08,240845.00,2262.41,585.00,839.60
1990-06-09,241296.00,2262.46,649.00,876.38
1990-06-10,241342.00,2262.52,694.00,717.19
1990-06-11,241296.00,2262.51,862.00,838.81
1990-06-12,240890.00,2262.42,1109.00,904.31
1990-06-13,239476.11,2262.11,1174.00,461.16
1990-06-14,238890.00,2261.98,778.00,482.50
1990-06-15,238890.00,2261.98,538.00,538.00
1990-06-16,238890.00,2261.98,537.00,537.00
1990-06-17,238845.00,2261.97,533.00,510.31
1990-06-18,238800.00,2261.96,537.00,514.31
1990-06-19,238800.00,2261.96,537.00,537.00
1990-06-20,238800.00,2261.96,536.00,536.00
1990-06-21,239250.00,2262.06,563.00,789.88
1990-06-22,239430.00,2262.10,640.00,730.75
1990-06-23,239115.00,2262.03,695.00,536.19
1990-06-24,238845.00,2261.97,694.00,557.87
1990-06-25,238392.78,2261.87,664.00,436.01
1990-06-26,238254.45,2261.84,561.00,491.26
1990-06-27,238025.00,2261.79,530.00,414.32
1990-06-28,237890.00,2261.76,445.00,376.94
1990-06-29,237935.00,2261.77,342.00,364.69
1990-06-30,237935.00,2261.77,342.00,342.00
1990-07-01,238162.22,2261.82,341.00,455.56
1990-07-02,237890.00,2261.76,341.00,203.76
1990-07-03,237980.00,2261.78,341.00,386.38
1990-07-04,237665.00,2261.71,341.00,182.19
1990-07-05,237620.00,2261.70,341.00,318.31
1990-07-06,237620.00,2261.70,340.00,340.00
1990-07-07,237529.78,2261.68,340.00,294.51
1990-07-08,237439.56,2261.66,340.00,294.51
1990-07-09,237305.33,2261.63,340.00,272.32
1990-07-10,237078.00,2261.58,339.00,224.39
1990-07-11,236620.00,2261.48,339.00,108.09
1990-07-12,236575.00,2261.47,339.00,316.31
1990-07-13,236395.00,2261.43,339.00,248.25
1990-07-14,235945.33,2261.33,338.00,111.29
1990-07-15,235810.00,2261.30,338.00,269.77
1990-07-16,235540.00,2261.24,338.00,201.87
1990-07-17,234955.11,2261.11,338.00,43.12
1990-07-18,234640.00,2261.04,330.00,171.13
1990-07-19,234145.00,2260.93,330.00,80.44
1990-07-20,233695.33,2260.83,330.00,103.29
1990-07-21,233245.00,2260.73,330.00,102.96
1990-07-22,232700.00,2260.61,330.00,55.23
1990-07-23,232165.00,2260.49,329.00,59.27
1990-07-24,231620.00,2260.37,329.00,54.23
1990-07-25,231085.00,2260.25,329.00,59.27
1990-07-26,230500.22,2260.12,329.00,34.17
1990-07-27,230050.00,2260.02,328.00,101.01
1990-07-28,229555.00,2259.91,328.00,78.44
1990-07-29,229015.00,2259.79,328.00,55.75
1990-07-30,228565.89,2259.69,328.00,101.57
1990-07-31,228125.00,2259.59,327.00,104.72
1990-08-01,227500.00,2259.45,327.00,11.90
1990-08-02,226960.00,2259.33,327.00,54.75
1990-08-03,226380.00,2259.20,327.00,34.58
1990-08-04,225798.00,2259.07,327.00,33.57
1990-08-05,225220.00,2258.94,326.00,34.59
1990-08-06,224690.00,2258.82,326.00,58.79
1990-08-07,224110.00,2258.69,326.00,33.58
1990-08-08,223530.00,2258.56,326.00,33.58
1990-08-09,222952.00,2258.43,325.00,33.59
1990-08-10,222330.00,2258.29,325.00,11.41
1990-08-11,221710.00,2258.15,325.00,12.42
1990-08-12,221128.00,2258.02,325.00,31.57
1990-08-13,220550.00,2257.89,324.00,32.59
1990-08-14,219930.00,2257.75,324.00,11.42
1990-08-15,219310.00,2257.61,324.00,11.42
1990-08-16,218688.00,2257.47,324.00,10.41
1990-08-17,218072.33,2257.33,323.00,12.60
1990-08-18,217455.89,2257.19,327.00,16.21
1990-08-19,216884.00,2257.06,326.00,37.67
1990-08-20,216400.00,2256.95,323.00,78.98
1990-08-21,216356.00,2256.94,326.00,303.82
1990-08-22,215740.00,2256.80,326.00,15.43
1990-08-23,215160.00,2256.67,322.00,29.58
1990-08-24,214590.00,2256.54,325.00,37.62
1990-08-25,214020.00,2256.41,325.00,37.62
1990-08-26,213400.00,2256.27,325.00,12.42
1990-08-27,212879.47,2256.15,325.00,62.57
1990-08-28,212352.00,2256.03,321.00,55.07
1990-08-29,211868.00,2255.92,321.00,76.98
1990-08-30,211252.00,2255.78,320.00,9.43
1990-08-31,210944.00,2255.71,320.00,164.72
1990-09-01,210338.00,2255.57,320.00,14.47
1990-09-02,209720.00,2255.43,320.00,8.42
1990-09-03,209110.00,2255.29,319.00,11.46
1990-09-04,208368.22,2255.12,407.00,33.02
1990-09-05,206936.00,2254.79,755.00,32.92
1990-09-06,204930.00,2254.33,1072.00,60.64
1990-09-07,202590.00,2253.79,1231.00,51.25
1990-09-08,200260.00,2253.25,1231.00,56.29
1990-09-09,197933.00,2252.71,1237.00,63.80
1990-09-10,195567.58,2252.16,1270.00,77.43
1990-09-11,193120.00,2251.59,1288.00,54.01
1990-09-12,190690.00,2251.02,1282.00,56.87
1990-09-13,188312.00,2250.46,1276.00,77.09
1990-09-14,185856.83,2249.88,1270.00,32.18
1990-09-15,183410.00,2249.30,1264.00,30.39
1990-09-16,181140.00,2248.76,1259.00,114.54
1990-09-17,178800.00,2248.20,1270.00,90.25
1990-09-18,176423.30,2247.63,1276.00,77.74
1990-09-19,173970.00,2247.04,1306.00,69.13
1990-09-20,171490.00,2246.44,1330.00,79.67
1990-09-21,169030.00,2246.84,1324.00,83.75
1990-09-22,166580.00,2246.24,1318.00,82.79
1990-09-23,164174.50,2244.65,1306.00,93.23
1990-09-24,161710.00,2244.04,1324.00,81.48
1990-09-25,159300.00,2243.44,1330.00,114.96
1990-09-26,156740.00,2242.80,1324.00,33.33
1990-09-27,154319.91,2242.19,1318.00,97.87
1990-09-28,151795.00,2241.55,1312.00,39.03
1990-09-29,149445.00,2240.95,1306.00,121.21
1990-09-30,146988.19,2240.32,1294.00,55.36
1990-10-01,144658.00,2239.72,1306.00,132.00
1990-10-02,142650.00,2239.20,1312.00,299.63
1990-10-03,140740.00,2238.70,1282.00,319.04
1990-10-04,139010.00,2238.25,1220.00,347.79
1990-10-05,136990.00,2237.72,1165.00,146.58
1990-10-06,134933.81,2237.18,1143.00,106.34
1990-10-07,133090.00,2236.69,1154.00,224.41
1990-10-08,130984.28,2236.13,1159.00,97.37
1990-10-09,129408.00,2235.71,1115.00,320.29
1990-10-10,127472.91,2235.19,1099.00,123.39
1990-10-11,125660.00,2234.70,1088.00,173.99
1990-10-12,124476.73,2234.38,1032.00,435.43
1990-10-13,122959.00,2233.97,988.00,222.81
1990-10-14,121701.27,2233.63,983.00,348.90
1990-10-15,121701.27,2233.63,588.00,588.00
1990-10-16,122293.00,2233.79,126.00,424.33
1990-10-17,122959.00,2233.97,14.00,349.78
1990-10-18,123810.00,2234.20,14.00,443.05
1990-10-19,124291.27,2234.33,15.00,257.64
1990-10-20,124883.00,2234.49,15.00,313.33
1990-10-21,127324.55,2235.15,16.00,1246.95
1990-10-22,128848.00,2235.56,16.00,784.07
1990-10-23,129712.00,2235.79,15.00,450.60
1990-10-24,130348.00,2235.96,15.00,335.65
1990-10-25,131250.00,2236.20,15.00,469.76
1990-10-26,132114.00,2236.43,16.00,451.60
1990-10-27,132750.00,2236.60,15.00,335.65
1990-10-28,133352.00,2236.76,16.00,319.51
1990-10-29,134297.00,2237.01,16.00,492.44
1990-10-30,134857.63,2237.16,16.00,298.65
1990-10-31,135390.00,2237.30,16.00,284.41
1990-11-01,135694.75,2237.38,16.00,169.64
1990-11-02,136454.00,2237.58,16.00,398.79
1990-11-03,137252.00,2237.79,17.00,419.33
1990-11-04,138478.09,2238.11,18.00,636.16
1990-11-05,139395.48,2238.35,20.00,482.52
1990-11-06,139856.00,2238.47,18.00,250.18
1990-11-07,140622.72,2238.67,18.00,404.55
1990-11-08,141928.00,2239.01,18.00,676.08
1990-11-09,147495.00,2240.45,27.00,2833.70
1990-11-10,149991.00,2241.09,36.00,1294.40
1990-11-11,154990.59,2242.36,22.00,2542.63
1990-11-12,156540.00,2242.75,20.00,801.16
1990-11-13,158460.00,2243.23,20.00,988.00
1990-11-14,160100.00,2243.64,20.00,846.83
1990-11-15,160986.59,2243.86,20.00,466.99
1990-11-16,162309.91,2244.19,18.00,685.17
1990-11-17,163040.69,2244.37,18.00,386.44
1990-11-18,163488.00,2244.48,18.00,243.52
1990-11-19,164338.91,2244.69,17.00,446.00
1990-11-20,164985.50,2244.85,17.00,342.99
1990-11-21,166130.30,2245.13,17.00,594.17
1990-11-22,170304.50,2246.15,36.00,2140.50
1990-11-23,176300.00,2247.60,31.00,3053.73
1990-11-24,191330.69,2251.17,73.00,7650.98
1990-11-25,197417.00,2252.59,39.00,3107.52
1990-11-26,200126.00,2253.22,25.00,1390.79
1990-11-27,201638.00,2253.57,22.00,784.30
1990-11-28,202544.00,2253.78,200.00,656.78
1990-11-29,202544.00,2253.78,680.00,680.00
1990-11-30,202415.00,2253.75,874.00,808.96
1990-12-01,201856.20,2253.62,1061.00,779.27
1990-12-02,200642.42,2253.34,1056.00,444.05
1990-12-03,199008.00,2252.96,1056.00,231.98
1990-12-04,198277.00,2252.79,1050.00,681.45
1990-12-05,197030.00,2252.50,1050.00,421.30
1990-12-06,195610.69,2252.17,1045.00,329.43
1990-12-07,193852.00,2251.76,1039.00,152.33
1990-12-08,192267.89,2251.39,1039.00,240.34
1990-12-09,190946.00,2251.08,1034.00,367.55
1990-12-10,190180.00,2250.90,1028.00,641.81
1990-12-11,188824.00,2250.58,1028.00,344.35
1990-12-12,187041.59,2250.16,1023.00,124.37
1990-12-13,185856.83,2249.88,1017.00,419.68
1990-12-14,184082.00,2249.46,1012.00,117.19
1990-12-15,182650.00,2249.12,1012.00,290.03
1990-12-16,181394.20,2248.82,1006.00,372.87
1990-12-17,179882.00,2248.46,1006.00,243.60
1990-12-18,179714.00,2248.42,1012.00,927.30
1990-12-19,178884.00,2248.22,540.00,121.54
1990-12-20,178884.00,2248.22,287.00,287.00
1990-12-21,178884.00,2248.22,290.00,290.00
1990-12-22,178884.00,2248.22,293.00,293.00
1990-12-23,178842.00,2248.21,296.00,274.82
1990-12-24,178800.00,2248.20,299.00,277.82
1990-12-25,178673.69,2248.17,299.00,235.32
1990-12-26,178422.11,2248.11,302.00,175.16
1990-12-27,178128.00,2248.04,188.00,39.72
1990-12-28,178128.00,2248.04,77.00,77.00
1990-12-29,178170.00,2248.05,77.00,98.18
1990-12-30,178589.48,2248.15,77.00,288.49
1990-12-31,178842.00,2248.21,79.00,206.31
1991-01-01,178968.00,2248.24,79.00,142.53
1991-01-02,179010.00,2248.25,79.00,100.18
1991-01-03,179136.00,2248.28,79.00,142.53
1991-01-04,179136.00,2248.28,79.00,79.00
1991-01-05,179178.00,2248.29,79.00,100.18
1991-01-06,179384.41,2248.34,77.00,181.06
1991-01-07,179924.00,2248.47,77.00,349.05
1991-01-08,180386.00,2248.58,79.00,311.93
1991-01-09,180470.00,2248.60,79.00,121.35
1991-01-10,180763.69,2248.67,79.00,227.07
1991-01-11,181268.00,2248.79,79.00,333.26
1991-01-12,181814.00,2248.92,80.00,355.28
1991-01-13,183914.00,2249.42,82.00,1140.75
1991-01-14,185940.00,2249.90,86.00,1107.44
1991-01-15,187716.20,2250.32,90.00,985.50
1991-01-16,188695.00,2250.55,86.00,579.48
1991-01-17,189502.00,2250.74,85.00,491.86
1991-01-18,190481.00,2250.97,85.00,578.58
1991-01-19,191159.31,2251.13,83.00,424.98
1991-01-20,191244.47,2251.15,83.00,125.93
1991-01-21,192267.89,2251.39,82.00,597.98
1991-01-22,192525.00,2251.45,82.00,211.63
1991-01-23,192912.00,2251.54,82.00,277.11
1991-01-24,193127.00,2251.59,82.00,190.40
1991-01-25,193550.00,2251.69,82.00,295.26
1991-01-26,193978.00,2251.79,82.00,297.78
1991-01-27,194020.00,2251.80,82.00,103.18
1991-01-28,194063.11,2251.81,82.00,103.73
1991-01-29,194106.20,2251.82,82.00,103.73
1991-01-30,194321.73,2251.87,82.00,190.66
1991-01-31,194794.00,2251.98,82.00,320.10
1991-02-01,194837.00,2251.99,82.00,103.68
1991-02-02,195481.38,2252.14,82.00,406.87
1991-02-03,195783.00,2252.21,82.00,234.07
1991-02-04,196471.73,2252.37,82.00,429.24
1991-02-05,197631.38,2252.64,83.00,667.65
1991-02-06,198492.42,2252.84,83.00,517.11
1991-02-07,199180.00,2253.00,83.00,429.65
1991-02-08,199650.00,2253.11,83.00,319.96
1991-02-09,200212.00,2253.24,83.00,366.34
1991-02-10,200856.89,2253.39,83.00,408.13
1991-02-11,201158.00,2253.46,83.00,234.81
1991-02-12,201941.38,2253.64,85.00,479.95
1991-02-13,202762.33,2253.83,86.00,499.90
1991-02-14,203500.00,2254.00,88.00,459.91
1991-02-15,204585.00,2254.25,88.00,635.02
1991-02-16,205412.00,2254.44,88.00,504.95
1991-02-17,206367.58,2254.66,88.00,569.77
1991-02-18,207109.31,2254.83,88.00,461.96
1991-02-19,211780.00,2255.90,114.00,2468.81
1991-02-20,214948.22,2256.62,112.00,1709.31
1991-02-21,216664.00,2257.01,98.00,963.04
1991-02-22,218028.22,2257.32,95.00,782.79
1991-02-23,219000.00,2257.54,93.00,582.94
1991-02-24,219621.78,2257.68,92.00,405.48
1991-02-25,220285.33,2257.83,92.00,426.54
1991-02-26,220952.00,2257.98,92.00,428.11
1991-02-27,221216.00,2258.04,92.00,225.10
1991-02-28,221974.00,2258.21,92.00,474.16
1991-03-01,222150.00,2258.25,92.00,180.73
1991-03-02,223084.00,2258.46,92.00,562.89
1991-03-03,223973.56,2258.66,92.00,540.49
1991-03-04,224185.00,2258.71,93.00,199.60
1991-03-05,224770.66,2258.85,205.00,500.27
1991-03-06,224770.66,2258.85,371.00,371.00
1991-03-07,224662.39,2258.83,371.00,316.42
1991-03-08,224554.13,2258.81,371.00,316.42
1991-03-09,224325.00,2258.75,370.00,254.48
1991-03-10,223929.47,2258.65,370.00,170.59
1991-03-11,223842.33,2258.63,370.00,326.07
1991-03-12,223710.00,2258.60,370.00,303.28
1991-03-13,223084.00,2258.46,369.00,53.39
1991-03-14,222680.00,2258.37,369.00,165.32
1991-03-15,222370.00,2258.30,369.00,212.71
1991-03-16,222018.00,2258.22,368.00,190.53
1991-03-17,221704.45,2258.15,365.00,206.92
1991-03-18,221216.00,2258.04,368.00,121.74
1991-03-19,220952.00,2257.98,368.00,234.90
1991-03-20,220330.44,2257.84,367.00,53.63
1991-03-21,220195.11,2257.81,364.00,295.77
1991-03-22,219621.78,2257.68,363.00,73.95
1991-03-23,219270.00,2257.60,363.00,185.64
1991-03-24,219225.00,2257.59,363.00,340.31
1991-03-25,218955.00,2257.53,362.00,225.87
1991-03-26,218292.86,2257.38,362.00,28.17
1991-03-27,218204.64,2257.36,362.00,317.52
1991-03-28,217632.00,2257.23,362.00,73.29
1991-03-29,217190.00,2257.13,361.00,138.16
1991-03-30,216710.00,2257.02,361.00,119.00
1991-03-31,216268.00,2256.92,361.00,138.16
1991-04-01,216135.89,2256.89,360.00,293.39
1991-04-02,215916.44,2256.84,360.00,249.36
1991-04-03,215828.22,2256.82,360.00,315.52
1991-04-04,216708.00,2257.02,367.00,810.56
1991-04-05,218644.00,2257.46,370.00,1346.07
1991-04-06,219402.33,2257.63,366.00,748.32
1991-04-07,219798.00,2257.72,366.00,565.48
1991-04-08,219974.00,2257.76,365.00,453.73
1991-04-09,220420.66,2257.86,365.00,590.19
1991-04-10,220420.66,2257.86,365.00,365.00
1991-04-11,220420.66,2257.86,365.00,365.00
1991-04-12,220375.55,2257.85,361.00,338.26
1991-04-13,220330.44,2257.84,361.00,338.26
1991-04-14,220330.44,2257.84,360.00,360.00
1991-04-15,220330.44,2257.84,343.00,343.00
1991-04-16,220330.44,2257.84,311.00,311.00
1991-04-17,220330.44,2257.84,310.00,310.00
1991-04-18,220375.55,2257.85,310.00,332.74
1991-04-19,220510.88,2257.88,310.00,378.23
1991-04-20,221128.00,2258.02,310.00,621.13
1991-04-21,221884.89,2258.19,309.00,690.60
1991-04-22,222908.00,2258.42,313.00,828.82
1991-04-23,223798.22,2258.62,312.00,760.82
1991-04-24,224608.27,2258.82,312.00,720.40
1991-04-25,224933.06,2258.88,312.00,475.75
1991-04-26,225265.00,2258.95,311.00,478.35
1991-04-27,225534.00,2259.01,311.00,446.62
1991-04-28,225622.00,2259.03,311.00,355.37
1991-04-29,225842.00,2259.08,311.00,421.92
1991-04-30,225842.00,2259.08,310.00,310.00
1991-05-01,225886.00,2259.09,310.00,332.18
1991-05-02,225975.11,2259.11,310.00,354.93
1991-05-03,226340.00,2259.19,309.00,492.97
1991-05-04,226830.00,2259.30,309.00,556.04
1991-05-05,227580.00,2259.47,309.00,687.13
1991-05-06,228170.00,2259.60,312.00,609.46
1991-05-07,228835.00,2259.75,312.00,647.27
1991-05-08,229600.00,2259.92,315.00,700.69
1991-05-09,230230.00,2260.06,315.00,632.63
1991-05-10,230320.00,2260.08,315.00,360.38
1991-05-11,230455.11,2260.11,314.00,382.12
1991-05-12,231085.00,2260.25,310.00,627.57
1991-05-13,231400.22,2260.32,310.00,468.92
1991-05-14,232075.00,2260.47,310.00,650.20
1991-05-15,232165.00,2260.49,310.00,355.38
1991-05-16,232480.00,2260.56,309.00,467.81
1991-05-17,233335.00,2260.75,309.00,740.06
1991-05-18,234010.00,2260.90,309.00,649.31
1991-05-19,234730.00,2261.06,308.00,671.00
1991-05-20,235675.00,2261.27,308.00,784.44
1991-05-21,236260.00,2261.40,311.00,605.94
1991-05-22,237032.00,2261.57,311.00,700.22
1991-05-23,237574.89,2261.69,382.00,655.71
1991-05-24,237755.00,2261.73,498.00,588.81
1991-05-25,237755.00,2261.73,538.00,538.00
1991-05-26,237710.00,2261.72,537.00,514.31
1991-05-27,237620.00,2261.70,537.00,491.62
1991-05-28,237124.00,2261.59,559.00,308.93
1991-05-29,236350.00,2261.42,586.00,195.77
1991-05-30,236080.66,2261.36,586.00,450.21
1991-05-31,235990.44,2261.34,585.00,539.51
1991-06-01,235900.22,2261.32,585.00,539.51
1991-06-02,235855.11,2261.31,584.00,561.26
1991-06-03,235765.00,2261.29,584.00,538.57
1991-06-04,234910.00,2261.10,584.00,152.94
1991-06-05,234235.00,2260.95,583.00,242.69
1991-06-06,234145.00,2260.93,583.00,537.63
1991-06-07,233830.66,2260.86,578.00,419.52
1991-06-08,233290.00,2260.74,578.00,305.42
1991-06-09,233155.00,2260.71,577.00,508.94
1991-06-10,232705.11,2260.61,577.00,350.18
1991-06-11,232660.00,2260.60,581.00,558.26
1991-06-12,232615.00,2260.59,581.00,558.31
1991-06-13,232480.00,2260.56,576.00,507.94
1991-06-14,231985.00,2260.45,576.00,326.44
1991-06-15,231400.22,2260.32,575.00,280.17
1991-06-16,230769.78,2260.18,575.00,257.15
1991-06-17,230365.00,2260.09,575.00,370.92
1991-06-18,229600.00,2259.92,574.00,188.31
1991-06-19,229375.77,2259.87,574.00,460.95
1991-06-20,229195.33,2259.83,510.00,419.03
1991-06-21,229150.22,2259.82,396.00,373.26
1991-06-22,229150.22,2259.82,348.00,348.00
1991-06-23,229150.22,2259.82,348.00,348.00
1991-06-24,229240.44,2259.84,347.00,392.49
1991-06-25,229330.66,2259.86,333.00,378.49
1991-06-26,229330.66,2259.86,305.00,305.00
1991-06-27,229330.66,2259.86,305.00,305.00
1991-06-28,229464.89,2259.89,304.00,371.68
1991-06-29,229735.00,2259.95,304.00,440.18
1991-06-30,229735.00,2259.95,304.00,304.00
1991-07-01,229735.00,2259.95,303.00,303.00
1991-07-02,229915.00,2259.99,307.00,397.75
1991-07-03,230185.00,2260.05,306.00,442.13
1991-07-04,230185.00,2260.05,306.00,306.00
1991-07-05,230230.00,2260.06,306.00,328.69
1991-07-06,230185.00,2260.05,306.00,283.31
1991-07-07,230140.00,2260.04,305.00,282.31
1991-07-08,229915.00,2259.99,305.00,191.56
1991-07-09,229464.89,2259.89,303.00,76.07
1991-07-10,229375.77,2259.87,304.00,259.07
1991-07-11,229285.55,2259.85,305.00,259.51
1991-07-12,229105.11,2259.81,306.00,215.03
1991-07-13,229015.00,2259.79,307.00,261.57
1991-07-14,228835.00,2259.75,308.00,217.25
1991-07-15,228655.00,2259.71,309.00,218.25
1991-07-16,228170.00,2259.60,310.00,65.48
1991-07-17,228345.36,2259.64,311.00,399.41
1991-07-18,228080.00,2259.58,312.00,178.21
1991-07-19,227855.00,2259.53,313.00,199.56
1991-07-20,227410.00,2259.43,314.00,89.65
1991-07-21,227000.00,2259.34,312.00,105.29
1991-07-22,226605.00,2259.25,313.00,113.85
1991-07-23,226160.00,2259.15,314.00,89.65
1991-07-24,225670.00,2259.04,315.00,67.96
1991-07-25,225265.00,2258.95,316.00,111.81
1991-07-26,224820.00,2258.85,317.00,92.65
1991-07-27,224420.00,2258.76,318.00,116.33
1991-07-28,223929.47,2258.65,319.00,71.69
1991-07-29,223480.00,2258.55,320.00,93.39
1991-07-30,223000.00,2258.44,321.00,79.00
1991-07-31,222774.89,2258.39,322.00,208.51
1991-08-01,222150.00,2258.25,323.00,7.95
1991-08-02,221570.00,2258.12,324.00,31.58
1991-08-03,221000.00,2257.99,325.00,37.62
1991-08-04,220420.00,2257.86,326.00,33.58
1991-08-05,219842.00,2257.73,327.00,35.59
1991-08-06,219220.00,2257.59,328.00,14.41
1991-08-07,218644.00,2257.46,330.00,39.60
1991-08-08,218070.00,2257.33,331.00,41.61
1991-08-09,217500.00,2257.20,332.00,44.62
1991-08-10,216930.00,2257.07,333.00,45.62
1991-08-11,216350.00,2256.94,334.00,41.58
1991-08-12,215740.00,2256.80,335.00,27.46
1991-08-13,215123.56,2256.66,332.00,21.21
1991-08-14,214684.00,2256.56,333.00,111.39
1991-08-15,214060.00,2256.42,334.00,19.40
1991-08-16,213450.00,2256.28,335.00,27.46
1991-08-17,212791.25,2256.13,336.00,3.88
1991-08-18,212264.00,2256.01,338.00,72.18
1991-08-19,211650.00,2255.87,339.00,29.44
1991-08-20,211040.00,2255.73,340.00,32.46
1991-08-21,210420.00,2255.59,341.00,28.42
1991-08-22,209810.00,2255.45,338.00,30.46
1991-08-23,209203.11,2255.31,339.00,33.03
1991-08-24,208630.00,2255.18,340.00,51.06
1991-08-25,208020.00,2255.04,341.00,33.46
1991-08-26,207238.63,2254.86,462.00,68.06
1991-08-27,205326.00,2254.42,984.00,19.72
1991-08-28,203758.00,2254.06,947.00,156.47
1991-08-29,202156.89,2253.69,818.00,10.77
1991-08-30,200728.63,2253.36,754.00,33.92
1991-08-31,199824.47,2253.15,751.00,295.15
1991-09-01,198449.31,2252.83,753.00,59.69
1991-09-02,196987.00,2252.49,754.00,16.75
1991-09-03,195653.80,2252.18,750.00,77.84
1991-09-04,194278.63,2251.86,843.00,149.68
1991-09-05,191847.00,2251.29,1242.00,16.06
1991-09-06,189080.00,2250.64,1414.00,18.97
1991-09-07,186400.00,2250.01,1371.00,19.83
1991-09-08,183830.00,2249.40,1334.00,38.29
1991-09-09,181220.00,2248.78,1327.00,11.12
1991-09-10,179470.00,2248.36,901.00,18.71
1991-09-11,176920.00,2247.75,1307.00,21.37
1991-09-12,174430.00,2247.15,1300.00,44.62
1991-09-13,171904.00,2246.54,1287.00,13.47
1991-09-14,169444.00,2245.94,1280.00,39.75
1991-09-15,166943.30,2245.33,1285.00,24.23
1991-09-16,164460.00,2244.72,1320.00,68.00
1991-09-17,161990.00,2244.11,1337.00,91.71
1991-09-18,159660.00,2243.53,1330.00,155.29
1991-09-19,157100.00,2242.89,1317.00,26.33
1991-09-20,154520.00,2242.24,1328.00,27.25
1991-09-21,151910.00,2241.58,1345.00,29.12
1991-09-22,149320.00,2240.92,1332.00,26.21
1991-09-23,146720.00,2240.25,1325.00,14.17
1991-09-24,144160.00,2239.59,1312.00,21.33
1991-09-25,141656.00,2238.94,1305.00,42.57
1991-09-26,139130.00,2238.28,1292.00,18.47
1991-09-27,136610.00,2237.62,1279.00,8.50
1991-09-28,134140.00,2236.87,1272.00,26.71
1991-09-29,131660.00,2236.31,1260.00,9.67
1991-09-30,129110.00,2235.63,1300.00,14.37
1991-10-01,126580.00,2234.95,1366.00,91.00
1991-10-02,123990.00,2234.25,1329.00,23.21
1991-10-03,121480.00,2233.57,1292.00,26.54
1991-10-04,118980.00,2232.89,1278.00,17.58
1991-10-05,116510.00,2232.21,1260.00,14.71
1991-10-06,114080.00,2231.54,1248.00,22.87
1991-10-07,111660.00,2230.87,1230.00,9.92
1991-10-08,109290.00,2230.21,1212.00,17.12
1991-10-09,106970.00,2229.56,1189.00,19.33
1991-10-10,104760.00,2228.94,1161.00,46.79
1991-10-11,102460.00,2228.39,1171.00,11.42
1991-10-12,100170.00,2227.64,1169.00,14.46
1991-10-13,98030.00,2227.03,1119.00,40.08
1991-10-14,95900.00,2226.42,1079.00,5.12
1991-10-15,94470.00,2226.01,815.00,94.04
1991-10-16,93330.00,2225.68,589.00,14.25
1991-10-17,92220.00,2225.36,588.00,28.37
1991-10-18,91150.00,2225.05,583.00,43.54
1991-10-19,90040.00,2224.68,577.00,17.37
1991-10-20,89260.00,2224.41,460.00,66.75
1991-10-21,89578.00,2224.52,1.00,161.33
1991-10-22,89896.50,2224.63,1.00,161.58
1991-10-23,89954.65,2224.65,1.00,30.32
1991-10-24,89983.72,2224.66,1.00,15.66
1991-10-25,90129.00,2224.71,1.00,74.25
1991-10-26,90129.00,2224.71,1.00,1.00
1991-10-27,90129.00,2224.71,1.00,1.00
1991-10-28,90158.00,2224.72,1.00,15.62
1991-10-29,90158.00,2224.72,1.00,1.00
1991-10-30,90187.00,2224.73,1.00,15.62
1991-10-31,90593.50,2224.87,1.00,205.94
1991-11-01,90593.50,2224.87,1.00,1.00
1991-11-02,90593.50,2224.87,1.00,1.00
1991-11-03,90621.86,2224.88,1.00,15.30
1991-11-04,91116.00,2225.04,1.00,250.13
1991-11-05,91424.40,2225.13,1.00,156.48
1991-11-06,92255.60,2225.37,1.00,420.07
1991-11-07,92289.83,2225.38,1.00,18.26
1991-11-08,92770.00,2225.52,35.00,277.09
1991-11-09,92770.00,2225.52,73.00,73.00
1991-11-10,92805.00,2225.53,73.00,90.65
1991-11-11,92875.00,2225.55,75.00,110.29
1991-11-12,94019.83,2225.88,75.00,652.18
1991-11-13,94954.57,2226.15,54.00,525.27
1991-11-14,95655.43,2226.35,44.00,397.35
1991-11-15,95725.60,2226.37,47.00,82.38
1991-11-16,96390.00,2226.56,48.00,382.97
1991-11-17,96425.00,2226.57,49.00,66.65
1991-11-18,96880.00,2226.70,50.00,279.40
1991-11-19,97825.00,2226.97,50.00,526.44
1991-11-20,99050.17,2227.32,51.00,668.69
1991-11-21,99190.52,2227.36,51.00,121.76
1991-11-22,99470.00,2227.44,51.00,191.91
1991-11-23,99680.00,2227.50,51.00,156.88
1991-11-24,99925.00,2227.57,51.00,174.52
1991-11-25,101929.48,2228.14,29.00,1039.59
1991-11-26,102779.83,2228.38,7.00,435.72
1991-11-27,103699.48,2228.64,7.00,470.66
1991-11-28,104515.60,2228.87,7.00,418.46
1991-11-29,105120.00,2229.04,7.00,311.72
1991-11-30,105190.00,2229.06,7.00,42.29
1991-12-01,106544.00,2229.44,6.00,688.64
1991-12-02,107325.65,2229.66,7.00,401.08
1991-12-03,107785.00,2229.79,7.00,238.59
1991-12-04,108180.00,2229.90,6.00,205.15
1991-12-05,110464.00,2230.54,9.00,1160.52
1991-12-06,112958.00,2231.23,10.00,1267.39
1991-12-07,114804.00,2231.74,11.00,941.69
1991-12-08,116074.00,2232.09,12.00,652.29
1991-12-09,117930.00,2232.60,11.00,946.73
1991-12-10,119242.00,2232.96,10.00,671.47
1991-12-11,120336.00,2233.26,11.00,562.56
1991-12-12,121960.00,2233.70,14.00,832.77
1991-12-13,123477.09,2234.11,11.00,775.87
1991-12-14,123624.55,2234.15,9.00,83.34
1991-12-15,123995.00,2234.25,8.00,194.77
1991-12-16,125771.00,2234.73,7.00,902.40
1991-12-17,125808.00,2234.74,7.00,25.65
1991-12-18,126030.00,2234.80,7.00,118.93
1991-12-19,126178.36,2234.84,7.00,81.80
1991-12-20,126437.00,2234.91,7.00,137.40
1991-12-21,126585.00,2234.95,7.00,81.62
1991-12-22,127140.00,2235.10,7.00,286.81
1991-12-23,127658.00,2235.24,7.00,268.16
1991-12-24,127843.00,2235.29,7.00,100.27
1991-12-25,128028.36,2235.34,7.00,100.45
1991-12-26,128330.00,2235.42,6.00,158.08
1991-12-27,128583.00,2235.49,6.00,133.55
1991-12-28,128886.00,2235.57,6.00,158.76
1991-12-29,129147.46,2235.64,6.00,137.82
1991-12-30,129295.82,2235.68,6.00,80.80
1991-12-31,129446.00,2235.72,6.00,81.72
1992-01-01,129710.00,2235.79,6.00,139.10
1992-01-02,130680.00,2236.05,6.00,495.04
1992-01-03,130946.19,2236.12,6.00,140.20
1992-01-04,130983.35,2236.13,6.00,24.74
1992-01-05,131021.45,2236.14,6.00,25.21
1992-01-06,131059.54,2236.15,6.00,25.21
1992-01-07,131097.63,2236.16,6.00,25.20
1992-01-08,131734.28,2236.33,6.00,326.98
1992-01-09,131772.38,2236.34,6.00,25.21
1992-01-10,131848.56,2236.36,6.00,44.41
1992-01-11,131961.91,2236.39,6.00,63.14
1992-01-12,132000.00,2236.40,6.00,25.21
1992-01-13,132228.00,2236.46,6.00,120.95
1992-01-14,132528.00,2236.54,6.00,157.25
1992-01-15,133130.00,2236.70,6.00,309.51
1992-01-16,133204.00,2236.72,6.00,43.31
1992-01-17,133315.00,2236.75,6.00,61.96
1992-01-18,133426.00,2236.78,6.00,61.96
1992-01-19,133500.00,2236.80,6.00,43.31
1992-01-20,133614.28,2236.83,6.00,63.62
1992-01-21,134706.19,2237.12,6.00,556.50
1992-01-22,135390.00,2237.30,6.00,350.76
1992-01-23,136112.00,2237.49,7.00,371.01
1992-01-24,137826.00,2237.94,10.00,874.14
1992-01-25,139200.00,2238.30,9.00,701.73
1992-01-26,140428.19,2238.62,9.00,628.21
1992-01-27,141500.00,2238.90,9.00,549.37
1992-01-28,143040.00,2239.30,11.00,787.42
1992-01-29,145360.00,2239.90,13.00,1182.67
1992-01-30,146910.00,2240.30,12.00,793.46
1992-01-31,148274.52,2240.65,11.00,698.94
1992-02-01,149445.00,2240.95,10.00,600.12
1992-02-02,150420.00,2241.20,9.00,500.56
1992-02-03,151560.00,2241.49,9.00,583.75
1992-02-04,152029.09,2241.61,8.00,244.50
1992-02-05,152620.00,2241.76,8.00,305.92
1992-02-06,153330.00,2241.94,8.00,365.96
1992-02-07,153765.00,2242.05,7.00,226.31
1992-02-08,154279.80,2242.18,7.00,266.54
1992-02-09,154790.09,2242.31,7.00,264.27
1992-02-10,155150.00,2242.40,7.00,188.45
1992-02-11,155510.00,2242.49,7.00,188.50
1992-02-12,155980.09,2242.61,7.00,244.01
1992-02-13,156179.61,2242.66,7.00,107.59
1992-02-14,156740.00,2242.80,7.00,289.53
1992-02-15,157180.00,2242.91,7.00,228.83
1992-02-16,157380.00,2242.96,7.00,107.83
1992-02-17,157740.00,2243.05,7.00,188.50
1992-02-18,158540.00,2243.25,7.00,410.33
1992-02-19,158620.00,2243.27,7.00,47.33
1992-02-20,159300.00,2243.44,7.00,349.83
1992-02-21,160020.20,2243.62,8.00,371.10
1992-02-22,160219.70,2243.67,9.00,109.58
1992-02-23,160904.41,2243.84,9.00,354.20
1992-02-24,161430.00,2243.97,9.00,273.99
1992-02-25,162350.00,2244.20,9.00,472.83
1992-02-26,162637.00,2244.27,8.00,152.70
1992-02-27,163488.00,2244.48,8.00,437.05
1992-02-28,164052.20,2244.62,8.00,292.45
1992-02-29,164903.30,2244.83,8.00,437.09
1992-03-01,165313.00,2244.93,8.00,214.56
1992-03-02,165928.00,2245.08,8.00,318.06
1992-03-03,166697.00,2245.27,8.00,395.70
1992-03-04,167188.91,2245.39,8.00,256.00
1992-03-05,167886.00,2245.56,8.00,359.45
1992-03-06,168624.00,2245.74,8.00,380.08
1992-03-07,169034.41,2245.84,8.00,214.91
1992-03-08,169526.00,2245.96,7.00,254.85
1992-03-09,170386.70,2246.17,7.00,440.94
1992-03-10,171084.41,2246.34,7.00,358.76
1992-03-11,171740.00,2246.50,7.00,337.53
1992-03-12,172192.11,2246.61,7.00,234.94
1992-03-13,172939.00,2246.79,7.00,383.56
1992-03-14,173974.00,2247.04,7.00,528.81
1992-03-15,175427.89,2247.39,7.00,740.00
1992-03-16,176422.30,2247.63,7.00,508.35
1992-03-17,177507.89,2247.89,7.00,554.32
1992-03-18,178296.00,2248.08,7.00,404.34
1992-03-19,178968.00,2248.24,7.00,345.80
1992-03-20,179466.59,2248.36,7.00,258.37
1992-03-21,179840.00,2248.45,7.00,195.26
1992-03-22,180890.00,2248.70,7.00,536.38
1992-03-23,181562.61,2248.86,7.00,346.11
1992-03-24,181856.00,2248.93,7.00,154.92
1992-03-25,182654.20,2249.12,7.00,409.43
1992-03-26,183326.00,2249.28,7.00,345.70
1992-03-27,184124.00,2249.47,7.00,409.33
1992-03-28,184713.11,2249.61,7.00,304.01
1992-03-29,185226.00,2249.73,7.00,265.58
1992-03-30,185855.80,2249.88,7.00,324.52
1992-03-31,186403.00,2250.01,7.00,282.88
1992-04-01,187252.00,2250.21,7.00,435.04
1992-04-02,188270.00,2250.45,7.00,520.24
1992-04-03,189502.00,2250.74,7.00,628.13
1992-04-04,190438.00,2250.96,7.00,478.90
1992-04-05,191373.80,2251.18,7.00,478.80
1992-04-06,191890.00,2251.30,7.00,267.25
1992-04-07,192353.00,2251.41,7.00,240.43
1992-04-08,192955.00,2251.55,7.00,310.51
1992-04-09,193600.00,2251.70,7.00,332.19
1992-04-10,193978.00,2251.79,7.00,197.58
1992-04-11,194406.89,2251.89,7.00,223.23
1992-04-12,194665.00,2251.95,7.00,137.13
1992-04-13,195095.00,2252.05,7.00,223.79
1992-04-14,195653.80,2252.18,7.00,288.73
1992-04-15,196428.63,2252.36,7.00,397.64
1992-04-16,196858.00,2252.46,7.00,223.48
1992-04-17,198793.00,2252.91,7.00,982.56
1992-04-18,200255.00,2253.25,8.00,745.09
1992-04-19,201462.00,2253.53,8.00,616.53
1992-04-20,202200.00,2253.70,7.00,379.08
1992-04-21,202938.75,2253.87,7.00,379.45
1992-04-22,203930.00,2254.10,7.00,506.76
1992-04-23,204105.36,2254.14,7.00,95.41
1992-04-24,204628.00,2254.26,7.00,270.50
1992-04-25,205326.00,2254.42,7.00,358.91
1992-04-26,205670.00,2254.50,7.00,180.43
1992-04-27,207109.31,2254.83,7.00,732.65
1992-04-28,207979.00,2255.03,7.00,445.47
1992-04-29,209942.00,2255.48,7.00,996.68
1992-04-30,211120.00,2255.75,7.00,600.91
1992-05-01,211912.00,2255.93,7.00,406.30
1992-05-02,212748.22,2256.12,7.00,428.59
1992-05-03,213496.00,2256.29,56.00,433.01
1992-05-04,214288.00,2256.47,128.00,527.30
1992-05-05,214991.25,2256.63,127.00,481.56
1992-05-06,216268.00,2256.92,125.00,768.70
1992-05-07,217016.00,2257.09,124.00,501.12
1992-05-08,217940.00,2257.30,122.00,587.85
1992-05-09,218424.00,2257.41,121.00,365.02
1992-05-10,219090.00,2257.56,119.00,454.78
1992-05-11,219180.00,2257.58,118.00,163.38
1992-05-12,219358.22,2257.62,116.00,205.85
1992-05-13,219489.47,2257.65,116.00,182.17
1992-05-14,219930.00,2257.75,117.00,339.10
1992-05-15,220062.00,2257.78,117.00,183.55
1992-05-16,220240.22,2257.82,118.00,207.85
1992-05-17,220509.78,2257.88,118.00,253.90
1992-05-18,220952.00,2257.98,118.00,340.95
1992-05-19,221172.00,2258.03,145.00,255.92
1992-05-20,221704.45,2258.15,166.00,434.45
1992-05-21,221749.56,2258.16,189.00,211.74
1992-05-22,221704.45,2258.15,216.00,193.26
1992-05-23,221704.45,2258.15,243.00,243.00
1992-05-24,221659.34,2258.14,271.00,248.26
1992-05-25,221659.34,2258.14,272.00,272.00
1992-05-26,221659.34,2258.14,272.00,272.00
1992-05-27,221348.00,2258.07,273.00,116.03
1992-05-28,221260.00,2258.05,274.00,229.63
1992-05-29,221172.00,2258.03,274.00,229.63
1992-05-30,221084.00,2258.01,275.00,230.63
1992-05-31,220996.00,2257.99,335.00,290.63
1992-06-01,220240.22,2257.82,566.00,184.96
1992-06-02,218820.00,2257.50,820.00,103.97
1992-06-03,217455.89,2257.19,771.00,83.26
1992-06-04,216708.00,2257.02,583.00,205.94
1992-06-05,215652.00,2256.78,584.00,51.60
1992-06-06,214684.00,2256.56,581.00,92.97
1992-06-07,213935.89,2256.39,582.00,204.83
1992-06-08,213144.00,2256.21,583.00,183.75
1992-06-09,212088.00,2255.97,584.00,51.60
1992-06-10,211296.00,2255.79,581.00,181.70
1992-06-11,210162.00,2255.53,582.00,10.27
1992-06-12,209503.80,2255.38,583.00,251.16
1992-06-13,208720.00,2255.20,584.00,188.84
1992-06-14,207893.00,2255.01,585.00,168.05
1992-06-15,207109.31,2254.83,582.00,186.89
1992-06-16,206153.11,2254.61,583.00,100.91
1992-06-17,205108.75,2254.37,584.00,57.47
1992-06-18,204105.36,2254.14,581.00,75.12
1992-06-19,203020.00,2253.89,605.00,57.80
1992-06-20,201941.38,2253.64,619.00,75.19
1992-06-21,200856.89,2253.39,654.00,107.24
1992-06-22,199696.20,2253.12,706.00,120.82
1992-06-23,198277.00,2252.79,762.00,46.48
1992-06-24,196729.00,2252.43,788.00,7.55
1992-06-25,195310.00,2252.10,810.00,94.59
1992-06-26,193852.00,2251.76,826.00,90.92
1992-06-27,192310.00,2251.40,822.00,44.57
1992-06-28,190990.00,2251.09,823.00,157.50
1992-06-29,189459.00,2250.73,820.00,48.12
1992-06-30,188060.00,2250.40,821.00,115.67
1992-07-01,186490.00,2250.03,904.00,112.46
1992-07-02,184334.00,2249.52,1142.00,55.02
1992-07-03,182234.00,2249.02,1176.00,117.25
1992-07-04,180050.00,2248.50,1172.00,70.90
1992-07-05,177880.00,2247.98,1168.00,73.96
1992-07-06,175720.00,2247.46,1170.00,81.00
1992-07-07,173560.00,2246.94,1160.00,71.00
1992-07-08,171150.00,2246.36,1278.00,62.96
1992-07-09,168340.00,2245.67,1442.00,25.29
1992-07-10,165395.00,2244.95,1540.00,55.23
1992-07-11,162514.00,2244.24,1572.00,119.49
1992-07-12,159660.00,2243.53,1573.00,134.11
1992-07-13,156700.00,2242.79,1576.00,83.67
1992-07-14,153450.00,2241.97,1656.00,17.46
1992-07-15,150030.00,2241.10,1788.00,63.75
1992-07-16,146450.00,2240.18,1874.00,69.08
1992-07-17,142730.00,2239.22,1928.00,52.50
1992-07-18,139010.00,2238.25,1950.00,74.50
1992-07-19,135090.00,2237.22,2036.00,59.67
1992-07-20,131140.00,2236.17,2083.00,91.54
1992-07-21,127250.00,2235.13,2043.00,81.79
1992-07-22,123360.00,2234.08,2009.00,47.79
1992-07-23,119640.00,2233.07,1975.00,99.50
1992-07-24,116110.00,2232.10,1934.00,154.29
1992-07-25,112810.00,2231.19,1887.00,223.25
1992-07-26,109500.00,2230.27,1847.00,178.21
1992-07-27,106040.00,2229.30,1748.00,3.58
1992-07-28,102880.00,2228.41,1688.00,94.83
1992-07-29,100030.00,2227.60,1563.00,126.12
1992-07-30,97190.00,2226.79,1460.00,28.17
1992-07-31,94510.00,2226.02,1398.00,46.83
1992-08-01,91910.00,2225.27,1355.00,44.17
1992-08-02,89460.00,2224.48,1329.00,93.79
1992-08-03,87200.00,2223.70,1304.00,164.58
1992-08-04,84960.00,2222.93,1273.00,143.67
1992-08-05,82740.00,2222.16,1238.00,118.75
1992-08-06,80550.00,2221.40,1215.00,110.87
1992-08-07,78420.00,2220.66,1180.00,106.12
1992-08-08,76260.00,2219.91,1163.00,74.00
1992-08-09,74080.00,2219.15,1134.00,34.92
1992-08-10,72040.00,2218.44,1105.00,76.50
1992-08-11,69920.00,2217.70,1083.00,14.17
1992-08-12,68020.00,2217.04,1061.00,103.08
1992-08-13,66250.00,2216.42,1034.00,141.62
1992-08-14,64360.00,2215.76,1012.00,59.12
1992-08-15,62450.00,2215.09,984.00,21.04
1992-08-16,60600.00,2214.44,962.00,29.29
1992-08-17,58860.00,2213.83,940.00,62.75
1992-08-18,57100.00,2213.21,912.00,24.67
1992-08-19,55370.00,2212.60,885.00,12.79
1992-08-20,53680.00,2212.00,863.00,10.96
1992-08-21,52120.00,2211.45,836.00,49.50
1992-08-22,50540.00,2210.89,815.00,18.42
1992-08-23,49020.00,2210.35,795.00,28.67
1992-08-24,47550.00,2209.84,775.00,33.87
1992-08-25,46140.00,2209.33,750.00,39.12
1992-08-26,44760.00,2208.84,725.00,29.25
1992-08-27,43490.00,2208.39,700.00,59.71
1992-08-28,42260.00,2207.95,675.00,54.87
1992-08-29,41080.00,2207.53,650.00,55.08
1992-08-30,39900.00,2207.11,625.00,30.08
1992-08-31,38740.00,2206.70,603.00,18.17
1992-09-01,37650.00,2206.31,581.00,31.46
1992-09-02,36780.00,2206.00,558.00,119.37
1992-09-03,35880.00,2205.68,536.00,82.25
1992-09-04,34960.00,2205.35,518.00,54.17
1992-09-05,34030.00,2205.02,495.00,26.12
1992-09-06,33110.00,2204.69,471.00,7.17
1992-09-07,32270.00,2204.39,447.00,23.50
1992-09-08,31510.00,2204.12,435.00,51.83
1992-09-09,30760.00,2203.85,415.00,36.87
1992-09-10,30090.00,2203.61,387.00,49.21
1992-09-11,29500.00,2203.40,365.00,67.54
1992-09-12,28890.00,2203.18,323.00,15.46
1992-09-13,28360.00,2202.99,358.00,90.79
1992-09-14,27770.00,2202.78,312.00,14.54
1992-09-15,27270.00,2202.60,274.00,21.92
1992-09-16,26800.00,2202.43,246.00,9.04
1992-09-17,26430.00,2202.30,216.00,29.46
1992-09-18,26070.00,2202.17,198.00,16.50
1992-09-19,25750.00,2202.06,183.00,21.67
1992-09-20,25430.00,2201.94,165.00,3.67
1992-09-21,25150.00,2201.84,152.00,10.83
1992-09-22,24930.00,2201.76,142.00,31.08
1992-09-23,24900.00,2201.75,136.00,120.87
1992-09-24,25320.00,2201.90,146.00,357.75
1992-09-25,25760.00,2202.06,156.00,377.83
1992-09-26,25820.00,2202.08,168.00,198.25
1992-09-27,25880.00,2202.10,165.00,195.25
1992-09-28,25900.00,2202.11,163.00,173.08
1992-09-29,25880.00,2202.10,158.00,147.92
1992-09-30,25650.00,2202.02,152.00,36.04
1992-10-01,25430.00,2201.94,146.00,36.00
1992-10-02,25260.00,2201.89,140.00,54.29
1992-10-03,25070.00,2201.81,134.00,38.21
1992-10-04,25040.00,2201.80,64.00,48.87
1992-10-05,25200.00,2201.86,1.00,81.67
1992-10-06,25320.00,2201.90,1.00,61.50
1992-10-07,25430.00,2201.94,1.00,56.46
1992-10-08,25540.00,2201.98,1.00,56.46
1992-10-09,25480.00,2201.96,82.00,51.75
1992-10-10,25260.00,2201.88,144.00,33.08
1992-10-11,25040.00,2201.80,142.00,31.08
1992-10-12,24870.00,2201.74,140.00,54.29
1992-10-13,24650.00,2201.66,138.00,27.08
1992-10-14,24420.00,2201.58,136.00,20.04
1992-10-15,24200.00,2201.50,132.00,21.08
1992-10-16,24120.00,2201.47,98.00,57.67
1992-10-17,24090.00,2201.46,79.00,63.87
1992-10-18,24090.00,2201.46,77.00,77.00
1992-10-19,24030.00,2201.44,52.00,21.75
1992-10-20,24030.00,2201.44,25.00,25.00
1992-10-21,24030.00,2201.44,8.00,8.00
1992-10-22,24280.00,2201.53,1.00,127.04
1992-10-23,24540.00,2201.62,1.00,132.08
1992-10-24,24650.00,2201.66,1.00,56.46
1992-10-25,24730.00,2201.69,1.00,41.33
1992-10-26,24820.00,2201.72,1.00,46.38
1992-10-27,24980.00,2201.78,1.00,81.67
1992-10-28,25120.00,2201.83,1.00,71.58
1992-10-29,25260.00,2201.88,1.00,71.58
1992-10-30,25400.00,2201.93,1.00,71.58
1992-10-31,25570.00,2201.99,1.00,86.71
1992-11-01,25900.00,2202.11,1.00,167.38
1992-11-02,26350.00,2202.27,1.00,227.88
1992-11-03,26680.00,2202.39,1.00,167.38
1992-11-04,26990.00,2202.50,2.00,158.29
1992-11-05,27300.00,2202.61,2.00,158.29
1992-11-06,27690.00,2202.75,1.00,197.63
1992-11-07,28390.00,2203.00,2.00,354.92
1992-11-08,29220.00,2203.30,3.00,421.46
1992-11-09,29780.00,2203.50,3.00,285.33
1992-11-10,30340.00,2203.70,3.00,285.33
1992-11-11,30900.00,2203.90,4.00,286.33
1992-11-12,31400.00,2204.08,3.00,255.08
1992-11-13,31820.00,2204.23,4.00,215.75
1992-11-14,32270.00,2204.39,3.00,229.88
1992-11-15,32690.00,2204.54,3.00,214.75
1992-11-16,33110.00,2204.69,3.00,214.75
1992-11-17,33500.00,2204.83,3.00,199.63
1992-11-18,33950.00,2204.99,3.00,229.88
1992-11-19,34340.00,2205.13,4.00,200.63
1992-11-20,34840.00,2205.31,3.00,255.08
1992-11-21,35400.00,2205.51,4.00,286.33
1992-11-22,35940.00,2205.70,4.00,276.25
1992-11-23,36300.00,2205.83,4.00,185.50
1992-11-24,36640.00,2205.95,4.00,175.42
1992-11-25,36920.00,2206.05,4.00,145.17
1992-11-26,37200.00,2206.15,4.00,145.17
1992-11-27,37480.00,2206.25,4.00,145.17
1992-11-28,37730.00,2206.34,4.00,130.04
1992-11-29,38040.00,2206.45,3.00,159.29
1992-11-30,38380.00,2206.57,4.00,175.42
1992-12-01,38630.00,2206.66,4.00,130.04
1992-12-02,38800.00,2206.72,3.00,88.71
1992-12-03,38940.00,2206.77,3.00,73.58
1992-12-04,39050.00,2206.81,3.00,58.46
1992-12-05,39190.00,2206.86,3.00,73.58
1992-12-06,39300.00,2206.90,3.00,58.46
1992-12-07,39610.00,2207.01,3.00,159.29
1992-12-08,40040.00,2207.16,3.00,219.79
1992-12-09,40430.00,2207.30,3.00,199.63
1992-12-10,40790.00,2207.43,3.00,184.50
1992-12-11,41100.00,2207.54,3.00,159.29
1992-12-12,41300.00,2207.61,3.00,103.83
1992-12-13,41500.00,2207.68,3.00,103.83
1992-12-14,41720.00,2207.76,3.00,113.92
1992-12-15,41890.00,2207.82,3.00,88.71
1992-12-16,42090.00,2207.89,3.00,103.83
1992-12-17,42310.00,2207.97,3.00,113.92
1992-12-18,42620.00,2208.08,3.00,159.29
1992-12-19,43100.00,2208.25,3.00,245.00
1992-12-20,43550.00,2208.41,4.00,230.88
1992-12-21,44030.00,2208.58,4.00,246.00
1992-12-22,44420.00,2208.72,4.00,200.63
1992-12-23,44810.00,2208.86,4.00,200.63
1992-12-24,45150.00,2208.98,4.00,175.42
1992-12-25,45520.00,2209.11,4.00,190.54
1992-12-26,45940.00,2209.26,4.00,215.75
1992-12-27,46280.00,2209.38,4.00,175.42
1992-12-28,46590.00,2209.49,4.00,160.29
1992-12-29,46790.00,2209.56,4.00,104.83
1992-12-30,46980.00,2209.63,4.00,99.79
1992-12-31,47180.00,2209.70,4.00,104.83
1993-01-01,47410.00,2209.78,4.00,119.96
1993-01-02,47600.00,2209.85,4.00,99.79
1993-01-03,47800.00,2209.93,4.00,104.83
1993-01-04,48080.00,2210.02,4.00,145.17
1993-01-05,48310.00,2210.10,4.00,119.96
1993-01-06,48590.00,2210.20,4.00,145.17
1993-01-07,48820.00,2210.28,4.00,119.96
1993-01-08,49020.00,2210.35,4.00,104.83
1993-01-09,49180.00,2210.41,4.00,84.67
1993-01-10,49350.00,2210.47,4.00,89.71
1993-01-11,49550.00,2210.54,4.00,104.83
1993-01-12,49720.00,2210.60,4.00,89.71
1993-01-13,49890.00,2210.66,4.00,89.71
1993-01-14,50030.00,2210.71,4.00,74.58
1993-01-15,50230.00,2210.78,4.00,104.83
1993-01-16,50370.00,2210.83,4.00,74.58
1993-01-17,50570.00,2210.90,4.00,104.83
1993-01-18,50740.00,2210.96,4.00,89.71
1993-01-19,50900.00,2211.02,4.00,84.67
1993-01-20,51130.00,2211.10,4.00,119.96
1993-01-21,51330.00,2211.17,4.00,104.83
1993-01-22,51520.00,2211.24,4.00,99.79
1993-01-23,51720.00,2211.31,4.00,104.83
1993-01-24,51950.00,2211.39,4.00,119.96
1993-01-25,52460.00,2211.57,5.00,262.13
1993-01-26,54180.00,2212.18,6.00,873.17
1993-01-27,55910.00,2212.79,6.00,878.21
1993-01-28,56900.00,2213.14,6.00,505.13
1993-01-29,57300.00,2213.28,5.00,206.67
1993-01-30,57640.00,2213.40,5.00,176.42
1993-01-31,58010.00,2213.53,5.00,191.54
1993-02-01,58150.00,2213.58,5.00,75.58
1993-02-02,59205.00,2213.95,5.00,536.90
1993-02-03,59434.00,2214.03,5.00,120.45
1993-02-04,59832.79,2214.17,5.00,206.06
1993-02-05,60258.14,2214.32,5.00,219.45
1993-02-06,60403.50,2214.37,5.00,78.28
1993-02-07,60630.00,2214.45,4.00,118.20
1993-02-08,61002.00,2214.58,4.00,191.55
1993-02-09,61116.14,2214.62,4.00,61.54
1993-02-10,61543.00,2214.77,4.00,219.21
1993-02-11,61630.00,2214.80,4.00,47.86
1993-02-12,61968.00,2214.92,4.00,174.41
1993-02-13,62171.00,2214.99,4.00,106.35
1993-02-14,62256.00,2215.02,4.00,46.85
1993-02-15,62711.86,2215.18,4.00,233.83
1993-02-16,62770.00,2215.20,4.00,33.31
1993-02-17,62798.00,2215.21,4.00,18.12
1993-02-18,62826.00,2215.22,4.00,18.12
1993-02-19,62938.00,2215.26,4.00,60.47
1993-02-20,63224.43,2215.36,4.00,148.41
1993-02-21,63480.00,2215.45,4.00,132.85
1993-02-22,63592.00,2215.49,4.00,60.47
1993-02-23,63765.00,2215.55,4.00,91.22
1993-02-24,63881.00,2215.59,4.00,62.48
1993-02-25,63938.07,2215.61,4.00,32.77
1993-02-26,63993.52,2215.63,4.00,31.96
1993-02-27,64077.73,2215.66,4.00,46.45
1993-02-28,64133.86,2215.68,4.00,32.30
1993-03-01,64393.00,2215.77,4.00,134.65
1993-03-02,64508.07,2215.81,4.00,62.01
1993-03-03,65134.00,2216.03,4.00,319.57
1993-03-04,65218.00,2216.06,4.00,46.35
1993-03-05,65532.79,2216.17,5.00,163.71
1993-03-06,65788.00,2216.26,5.00,133.67
1993-03-07,65900.00,2216.30,5.00,61.47
1993-03-08,66451.00,2216.49,4.00,281.80
1993-03-09,66676.00,2216.57,5.00,118.44
1993-03-10,67050.00,2216.70,5.00,193.56
1993-03-11,67475.35,2216.85,5.00,219.45
1993-03-12,67678.00,2216.92,5.00,107.17
1993-03-13,68022.00,2217.04,5.00,178.43
1993-03-14,68712.00,2217.28,5.00,352.88
1993-03-15,69774.65,2217.65,7.00,542.75
1993-03-16,70088.00,2217.76,7.00,164.98
1993-03-17,71060.00,2218.10,6.00,496.05
1993-03-18,71553.00,2218.27,6.00,254.55
1993-03-19,72065.00,2218.45,6.00,264.13
1993-03-20,72442.00,2218.58,6.00,196.07
1993-03-21,73070.00,2218.80,6.00,322.62
1993-03-22,74074.65,2219.15,7.00,513.51
1993-03-23,75828.00,2219.76,9.00,892.98
1993-03-24,77002.79,2220.17,8.00,600.29
1993-03-25,78044.00,2220.53,7.00,531.94
1993-03-26,78762.00,2220.78,7.00,368.99
1993-03-27,79512.00,2221.04,6.00,384.13
1993-03-28,80086.00,2221.24,6.00,295.39
1993-03-29,80724.00,2221.46,6.00,327.66
1993-03-30,81380.93,2221.69,6.00,337.20
1993-03-31,81931.86,2221.88,6.00,283.76
1993-04-01,82532.00,2222.09,6.00,308.57
1993-04-02,83227.21,2222.33,6.00,356.50
1993-04-03,84154.65,2222.65,7.00,474.58
1993-04-04,85257.00,2223.03,6.00,561.77
1993-04-05,85662.79,2223.17,6.00,210.59
1993-04-06,86765.00,2223.55,6.00,561.70
1993-04-07,87345.00,2223.75,6.00,298.42
1993-04-08,88418.14,2224.12,6.00,547.04
1993-04-09,89404.00,2224.46,7.00,504.04
1993-04-10,90303.00,2224.77,6.00,459.25
1993-04-11,91184.00,2225.06,6.00,450.17
1993-04-12,91840.00,2225.25,6.00,336.73
1993-04-13,92805.00,2225.53,6.00,492.52
1993-04-14,93294.74,2225.67,6.00,252.91
1993-04-15,93950.52,2225.86,6.00,336.62
1993-04-16,94644.00,2226.06,5.00,354.63
1993-04-17,95725.60,2226.37,5.00,550.31
1993-04-18,96110.00,2226.48,5.00,198.80
1993-04-19,97230.00,2226.80,5.00,569.67
1993-04-20,97755.00,2226.95,5.00,269.69
1993-04-21,98770.00,2227.24,5.00,516.73
1993-04-22,99400.00,2227.42,5.00,322.63
1993-04-23,100415.00,2227.71,5.00,516.73
1993-04-24,101404.00,2227.99,5.00,503.62
1993-04-25,102779.83,2228.38,5.00,698.65
1993-04-26,104126.00,2228.76,5.00,683.70
1993-04-27,105085.00,2229.03,5.00,488.50
1993-04-28,106184.35,2229.34,5.00,559.26
1993-04-29,107575.00,2229.73,5.00,706.12
1993-04-30,109177.82,2230.18,5.00,813.09
1993-05-01,110716.09,2230.61,6.00,781.54
1993-05-02,112019.00,2230.97,6.00,662.89
1993-05-03,113497.82,2231.38,6.00,751.57
1993-05-04,114623.91,2231.69,6.00,573.74
1993-05-05,116002.00,2232.07,6.00,700.79
1993-05-06,117416.00,2232.46,6.00,718.89
1993-05-07,118623.00,2232.79,6.00,614.53
1993-05-08,119934.55,2233.15,6.00,667.24
1993-05-09,121035.00,2233.45,6.00,560.81
1993-05-10,122219.00,2233.77,65.00,661.93
1993-05-11,124328.36,2234.34,121.00,1184.47
1993-05-12,126918.00,2235.04,121.00,1426.61
1993-05-13,129408.00,2235.71,87.00,1342.38
1993-05-14,131361.00,2236.23,122.00,1106.64
1993-05-15,132676.00,2236.58,266.00,928.98
1993-05-16,133500.00,2236.80,400.00,815.43
1993-05-17,134146.00,2236.97,491.00,816.69
1993-05-18,134819.53,2237.15,549.00,888.57
1993-05-19,135618.56,2237.36,563.00,965.85
1993-05-20,136454.00,2237.58,563.00,984.20
1993-05-21,136871.91,2237.69,599.00,809.69
1993-05-22,136910.00,2237.70,612.00,631.21
1993-05-23,136871.91,2237.69,680.00,660.79
1993-05-24,136681.44,2237.64,725.00,628.97
1993-05-25,136530.00,2237.60,745.00,668.65
1993-05-26,136112.00,2237.49,770.00,559.26
1993-05-27,135428.09,2237.31,805.00,460.20
1993-05-28,135314.00,2237.28,820.00,762.48
1993-05-29,134556.00,2237.08,815.00,432.84
1993-05-30,133803.81,2236.88,830.00,450.77
1993-05-31,133690.47,2236.85,836.00,778.86
1993-06-01,132826.19,2236.62,790.00,354.26
1993-06-02,132190.00,2236.45,690.00,369.26
1993-06-03,131472.00,2236.26,645.00,283.01
1993-06-04,131324.00,2236.22,621.00,546.38
1993-06-05,130722.00,2236.06,563.00,259.49
1993-06-06,130500.00,2236.00,540.00,428.07
1993-06-07,130310.00,2235.95,527.00,431.21
1993-06-08,129787.09,2235.81,509.00,245.37
1993-06-09,129712.00,2235.79,509.00,471.14
1993-06-10,129147.46,2235.64,479.00,194.38
1993-06-11,129037.09,2235.61,459.00,403.36
1993-06-12,128962.00,2235.59,459.00,421.14
1993-06-13,128287.00,2235.41,459.00,118.69
1993-06-14,127620.00,2235.23,475.00,138.72
1993-06-15,126992.00,2235.06,504.00,187.38
1993-06-16,126210.00,2234.85,599.00,204.74
1993-06-17,125290.00,2234.60,665.00,201.17
1993-06-18,124143.00,2234.29,695.00,116.72
1993-06-19,123144.00,2234.02,720.00,216.34
1993-06-20,121997.00,2233.71,735.00,156.72
1993-06-21,121072.00,2233.46,785.00,318.65
1993-06-22,120156.00,2233.21,810.00,348.18
1993-06-23,119279.00,2232.97,805.00,362.85
1993-06-24,118002.18,2232.62,800.00,156.27
1993-06-25,116618.00,2232.24,800.00,102.14
1993-06-26,115343.91,2231.89,825.00,182.65
1993-06-27,113718.00,2231.44,868.00,48.27
1993-06-28,112310.00,2231.05,885.00,175.13
1993-06-29,110895.65,2230.66,879.00,165.93
1993-06-30,109322.00,2230.22,868.00,74.62
1993-07-01,107900.00,2229.82,863.00,146.07
1993-07-02,107150.00,2229.61,852.00,473.87
1993-07-03,105940.00,2229.27,847.00,236.96
1993-07-04,104660.00,2228.91,841.00,195.67
1993-07-05,103450.00,2228.57,868.00,257.96
1993-07-06,102140.00,2228.20,879.00,218.54
1993-07-07,100840.00,2227.83,863.00,207.58
1993-07-08,99440.00,2227.43,868.00,162.17
1993-07-09,97930.00,2227.00,935.00,173.71
1993-07-10,96280.00,2226.53,946.00,114.12
1993-07-11,94640.00,2226.06,929.00,102.17
1993-07-12,92810.00,2225.53,951.00,28.37
1993-07-13,91040.00,2225.02,1012.00,119.62
1993-07-14,89320.00,2224.43,1017.00,149.83
1993-07-15,87750.00,2223.89,1006.00,214.46
1993-07-16,86060.00,2223.30,995.00,142.96
1993-07-17,84270.00,2222.69,979.00,76.54
1993-07-18,82560.00,2222.10,973.00,110.87
1993-07-19,81070.00,2221.58,962.00,210.79
1993-07-20,79480.00,2221.03,951.00,149.37
1993-07-21,77930.00,2220.49,935.00,153.54
1993-07-22,76260.00,2219.91,929.00,87.04
1993-07-23,74620.00,2219.34,912.00,85.17
1993-07-24,73020.00,2218.78,929.00,122.33
1993-07-25,71410.00,2218.22,940.00,128.29
1993-07-26,69830.00,2217.67,924.00,127.42
1993-07-27,68250.00,2217.12,912.00,115.42
1993-07-28,66730.00,2216.59,918.00,151.67
1993-07-29,65050.00,2216.00,940.00,93.00
1993-07-30,63390.00,2215.42,924.00,87.08
1993-07-31,61740.00,2214.84,907.00,75.12
1993-08-01,60120.00,2214.27,890.00,73.25
1993-08-02,58380.00,2213.66,935.00,57.75
1993-08-03,56510.00,2213.00,1006.00,63.21
1993-08-04,54640.00,2212.34,1012.00,69.21
1993-08-05,52830.00,2211.70,984.00,71.46
1993-08-06,51130.00,2211.10,946.00,88.92
1993-08-07,49410.00,2210.49,924.00,56.83
1993-08-08,47750.00,2209.90,890.00,53.08
1993-08-09,46050.00,2209.30,863.00,5.92
1993-08-10,44530.00,2208.76,830.00,63.67
1993-08-11,43070.00,2208.24,800.00,63.92
1993-08-12,41660.00,2207.74,775.00,64.12
1993-08-13,40230.00,2207.23,745.00,24.04
1993-08-14,38910.00,2206.76,715.00,49.50
1993-08-15,37680.00,2206.32,680.00,59.87
1993-08-16,36520.00,2205.91,645.00,60.17
1993-08-17,35540.00,2205.56,608.00,113.92
1993-08-18,34540.00,2205.20,576.00,71.83
1993-08-19,33500.00,2204.83,541.00,16.67
1993-08-20,32600.00,2204.51,505.00,51.25
1993-08-21,31760.00,2204.21,465.00,41.50
1993-08-22,30980.00,2203.93,437.00,43.75
1993-08-23,30260.00,2203.67,402.00,39.00
1993-08-24,29610.00,2203.44,364.00,36.29
1993-08-25,29030.00,2203.23,329.00,36.58
1993-08-26,28500.00,2203.04,298.00,30.79
1993-08-27,28000.00,2202.86,274.00,21.92
1993-08-28,27630.00,2202.73,247.00,60.46
1993-08-29,27270.00,2202.60,221.00,39.50
1993-08-30,26960.00,2202.49,202.00,45.71
1993-08-31,26600.00,2202.36,187.00,5.50
1993-09-01,26350.00,2202.27,172.00,45.96
1993-09-02,26070.00,2202.17,160.00,18.83
1993-09-03,25820.00,2202.08,150.00,23.96
1993-09-04,25570.00,2201.99,143.00,16.96
1993-09-05,25370.00,2201.92,133.00,32.17
1993-09-06,25200.00,2201.86,127.00,41.29
1993-09-07,24950.00,2201.77,156.00,29.96
1993-09-08,24620.00,2201.65,200.00,33.62
1993-09-09,24310.00,2201.54,183.00,26.71
1993-09-10,24060.00,2201.45,166.00,39.96
1993-09-11,23840.00,2201.37,153.00,42.08
1993-09-12,23620.00,2201.29,143.00,32.08
1993-09-13,23390.00,2201.21,133.00,17.04
1993-09-14,23200.00,2201.14,126.00,30.21
1993-09-15,23030.00,2201.08,120.00,34.29
1993-09-16,22840.00,2201.01,114.00,18.21
1993-09-17,22670.00,2200.95,108.00,22.29
1993-09-18,22500.00,2200.89,103.00,17.29
1993-09-19,22340.00,2200.83,96.00,15.33
1993-09-20,22170.00,2200.77,109.00,23.29
1993-09-21,21950.00,2200.69,115.00,4.08
1993-09-22,21780.00,2200.63,106.00,20.29
1993-09-23,21640.00,2200.58,97.00,26.42
1993-09-24,21500.00,2200.53,90.00,19.42
1993-09-25,21360.00,2200.48,82.00,11.42
1993-09-26,21250.00,2200.44,78.00,22.54
1993-09-27,21170.00,2200.41,73.00,32.67
1993-09-28,21060.00,2200.37,71.00,15.54
1993-09-29,20970.00,2200.34,68.00,22.62
1993-09-30,20890.00,2200.31,64.00,23.67
1993-10-01,20810.00,2200.28,61.00,21.00
1993-10-02,20700.00,2200.24,58.00,2.54
1993-10-03,20610.00,2200.21,56.00,10.62
1993-10-04,20530.00,2200.18,64.00,23.67
1993-10-05,20440.00,2200.15,70.00,24.62
1993-10-06,20360.00,2200.12,66.00,25.67
1993-10-07,20280.00,2200.09,64.00,23.67
1993-10-08,20220.00,2200.07,62.00,31.75
1993-10-09,20110.00,2200.03,60.00,4.54
1993-10-10,20030.00,2200.00,59.00,18.67
1993-10-11,19940.00,2199.97,56.00,10.62
1993-10-12,19860.00,2199.93,55.00,14.67
1993-10-13,19780.00,2199.92,53.00,12.67
1993-10-14,19720.00,2199.89,53.00,22.75
1993-10-15,19690.00,2199.88,52.00,36.87
1993-10-16,19670.00,2199.87,51.00,40.92
1993-10-17,19640.00,2199.87,48.00,32.87
1993-10-18,19640.00,2199.87,37.00,37.00
1993-10-19,19640.00,2199.87,27.00,27.00
1993-10-20,19640.00,2199.86,27.00,27.00
1993-10-21,19670.00,2199.87,28.00,43.13
1993-10-22,19670.00,2199.87,28.00,28.00
1993-10-23,19640.00,2199.86,28.00,12.87
1993-10-24,19610.00,2199.85,28.00,12.87
1993-10-25,19580.00,2199.84,28.00,12.87
1993-10-26,19560.00,2199.83,27.00,16.92
1993-10-27,19530.00,2199.83,27.00,11.87
1993-10-28,19500.00,2199.81,42.00,26.87
1993-10-29,19440.00,2199.79,54.00,23.75
1993-10-30,19390.00,2199.77,52.00,26.79
1993-10-31,19360.00,2199.76,50.00,34.87
1993-11-01,19360.00,2199.76,47.00,47.00
1993-11-02,19420.00,2199.78,44.00,74.25
1993-11-03,19560.00,2199.83,46.00,116.58
1993-11-04,19780.00,2199.91,38.00,148.92
1993-11-05,19860.00,2199.94,27.00,67.33
1993-11-06,20000.00,2199.99,27.00,97.58
1993-11-07,20080.00,2200.02,27.00,67.33
1993-11-08,20170.00,2200.05,35.00,80.38
1993-11-09,20200.00,2200.06,42.00,57.13
1993-11-10,20200.00,2200.07,42.00,42.00
1993-11-11,20280.00,2200.09,42.00,82.33
1993-11-12,20280.00,2200.09,42.00,42.00
1993-11-13,20250.00,2200.08,42.00,26.87
1993-11-14,20220.00,2200.07,42.00,26.87
1993-11-15,20220.00,2200.07,42.00,42.00
1993-11-16,20250.00,2200.08,42.00,57.13
1993-11-17,20310.00,2200.10,42.00,72.25
1993-11-18,20330.00,2200.11,42.00,52.08
1993-11-19,20360.00,2200.12,42.00,57.13
1993-11-20,20390.00,2200.13,42.00,57.13
1993-11-21,20420.00,2200.14,42.00,57.13
1993-11-22,20470.00,2200.16,42.00,67.21
1993-11-23,20470.00,2200.16,42.00,42.00
1993-11-24,20500.00,2200.17,42.00,57.13
1993-11-25,20500.00,2200.17,42.00,42.00
1993-11-26,20530.00,2200.18,42.00,57.13
1993-11-27,20560.00,2200.19,41.00,56.13
1993-11-28,20580.00,2200.20,42.00,52.08
1993-11-29,20700.00,2200.24,42.00,102.50
1993-11-30,20920.00,2200.32,42.00,152.92
1993-12-01,21170.00,2200.41,43.00,169.04
1993-12-02,21420.00,2200.50,6.00,132.04
1993-12-03,21780.00,2200.63,0.00,181.50
1993-12-04,22220.00,2200.79,1.00,222.83
1993-12-05,22640.00,2200.94,0.00,211.75
1993-12-06,22980.00,2201.06,0.00,171.42
1993-12-07,23250.00,2201.16,0.00,136.13
1993-12-08,23480.00,2201.24,0.00,115.96
1993-12-09,23840.00,2201.37,0.00,181.50
1993-12-10,24170.00,2201.49,0.00,166.38
1993-12-11,24480.00,2201.60,1.00,157.29
1993-12-12,24820.00,2201.72,1.00,172.42
1993-12-13,25090.00,2201.82,1.00,137.13
1993-12-14,25320.00,2201.90,1.00,116.96
1993-12-15,25510.00,2201.97,0.00,95.79
1993-12-16,25680.00,2202.03,0.00,85.71
1993-12-17,25880.00,2202.10,0.00,100.83
1993-12-18,26070.00,2202.17,0.00,95.79
1993-12-19,26210.00,2202.22,0.00,70.58
1993-12-20,26380.00,2202.28,0.00,85.71
1993-12-21,26520.00,2202.33,0.00,70.58
1993-12-22,26660.00,2202.38,0.00,70.58
1993-12-23,26770.00,2202.42,0.00,55.46
1993-12-24,26880.00,2202.46,0.00,55.46
1993-12-25,26960.00,2202.49,0.00,40.33
1993-12-26,27080.00,2202.53,0.00,60.50
1993-12-27,27190.00,2202.57,0.00,55.46
1993-12-28,27240.00,2202.59,0.00,25.21
1993-12-29,27300.00,2202.61,0.00,30.25
1993-12-30,27330.00,2202.62,0.00,15.13
1993-12-31,27490.00,2202.68,0.00,80.67
1994-01-01,27770.00,2202.78,1.00,142.17
1994-01-02,28160.00,2202.92,1.00,197.63
1994-01-03,28800.00,2203.15,1.00,323.67
1994-01-04,29500.00,2203.40,2.00,354.92
1994-01-05,30060.00,2203.60,2.00,284.33
1994-01-06,30530.00,2203.77,2.00,238.96
1994-01-07,30950.00,2203.92,2.00,213.75
1994-01-08,31400.00,2204.08,2.00,228.88
1994-01-09,31790.00,2204.22,2.00,198.63
1994-01-10,32240.00,2204.38,2.00,228.88
1994-01-11,32770.00,2204.57,2.00,269.21
1994-01-12,33390.00,2204.79,3.00,315.58
1994-01-13,34000.00,2205.01,3.00,310.54
1994-01-14,34620.00,2205.23,3.00,315.58
1994-01-15,35240.00,2205.45,3.00,315.58
1994-01-16,35850.00,2205.67,3.00,310.54
1994-01-17,36470.00,2205.89,3.00,315.58
1994-01-18,36970.00,2206.07,3.00,255.08
1994-01-19,37390.00,2206.22,2.00,213.75
1994-01-20,37840.00,2206.38,2.00,228.88
1994-01-21,38260.00,2206.53,2.00,213.75
1994-01-22,38720.00,2206.69,2.00,233.92
1994-01-23,39140.00,2206.84,2.00,213.75
1994-01-24,39590.00,2207.00,2.00,228.88
1994-01-25,40090.00,2207.18,2.00,254.08
1994-01-26,40570.00,2207.35,2.00,244.00
1994-01-27,40960.00,2207.49,2.00,198.63
1994-01-28,41300.00,2207.61,2.00,173.42
1994-01-29,41640.00,2207.73,2.00,173.42
1994-01-30,42000.00,2207.86,2.00,183.50
1994-01-31,42310.00,2207.97,2.00,158.29
1994-02-01,42590.00,2208.07,2.00,143.17
1994-02-02,42900.00,2208.18,2.00,158.29
1994-02-03,43160.00,2208.27,2.00,133.08
1994-02-04,43320.00,2208.33,2.00,82.67
1994-02-05,43520.00,2208.40,2.00,102.83
1994-02-06,43720.00,2208.47,2.00,102.83
1994-02-07,43940.00,2208.55,2.00,112.92
1994-02-08,44220.00,2208.65,2.00,143.17
1994-02-09,44530.00,2208.76,2.00,158.29
1994-02-10,44810.00,2208.86,2.00,143.17
1994-02-11,45120.00,2208.97,2.00,158.29
1994-02-12,45430.00,2209.08,2.00,158.29
1994-02-13,45770.00,2209.20,2.00,173.42
1994-02-14,46080.00,2209.31,2.00,158.29
1994-02-15,46310.00,2209.39,2.00,117.96
1994-02-16,46500.00,2209.46,2.00,97.79
1994-02-17,46700.00,2209.53,2.00,102.83
1994-02-18,46980.00,2209.63,2.00,143.17
1994-02-19,47270.00,2209.73,2.00,148.21
1994-02-20,47490.00,2209.81,2.00,112.92
1994-02-21,47770.00,2209.91,2.00,143.17
1994-02-22,48030.00,2210.00,2.00,133.08
1994-02-23,48310.00,2210.10,2.00,143.17
1994-02-24,48590.00,2210.20,2.00,143.17
1994-02-25,48870.00,2210.30,2.00,143.17
1994-02-26,49320.00,2210.46,2.00,228.88
1994-02-27,49720.00,2210.60,2.00,203.67
1994-02-28,50120.00,2210.74,2.00,203.67
1994-03-01,50540.00,2210.89,2.00,213.75
1994-03-02,50960.00,2211.04,3.00,214.75
1994-03-03,51640.00,2211.28,3.00,345.83
1994-03-04,52490.00,2211.58,4.00,432.54
1994-03-05,53340.00,2211.88,4.00,432.54
1994-03-06,53930.00,2212.09,4.00,301.46
1994-03-07,54860.00,2212.42,3.00,471.88
1994-03-08,55460.00,2212.63,3.00,305.50
1994-03-09,56000.00,2212.82,3.00,275.25
1994-03-10,56590.00,2213.03,3.00,300.46
1994-03-11,57270.00,2213.27,3.00,345.83
1994-03-12,57900.00,2213.49,3.00,320.63
1994-03-13,58610.00,2213.74,3.00,360.96
1994-03-14,59230.00,2213.96,4.00,316.58
1994-03-15,59890.00,2214.19,4.00,336.75
1994-03-16,60540.00,2214.42,4.00,331.71
1994-03-17,61002.00,2214.58,4.00,236.93
1994-03-18,62026.00,2214.94,5.00,521.27
1994-03-19,62740.93,2215.19,4.00,364.44
1994-03-20,63592.00,2215.49,4.00,433.08
1994-03-21,63910.00,2215.60,4.00,164.33
1994-03-22,64508.07,2215.81,4.00,305.53
1994-03-23,64992.00,2215.98,3.00,246.98
1994-03-24,65561.86,2216.18,3.00,290.30
1994-03-25,65676.00,2216.22,3.00,60.55
1994-03-26,66335.00,2216.45,3.00,335.25
1994-03-27,66818.14,2216.62,3.00,246.58
1994-03-28,67417.21,2216.83,3.00,305.03
1994-03-29,68022.00,2217.04,3.00,307.91
1994-03-30,68966.48,2217.37,4.00,480.17
1994-03-31,69803.72,2217.66,4.00,426.11
1994-04-01,70920.00,2218.05,4.00,566.79
1994-04-02,72181.00,2218.49,4.00,639.75
1994-04-03,73330.93,2218.89,4.00,583.76
1994-04-04,74423.00,2219.27,4.00,554.59
1994-04-05,75572.79,2219.67,3.00,582.69
1994-04-06,76915.58,2220.14,3.00,679.99
1994-04-07,77496.28,2220.34,3.00,295.77
1994-04-08,78100.00,2220.55,3.00,307.38
1994-04-09,78384.65,2220.65,3.00,146.51
1994-04-10,79284.00,2220.96,3.00,456.42
1994-04-11,80028.00,2221.22,3.00,378.10
1994-04-12,80579.00,2221.41,3.00,280.80
1994-04-13,81729.07,2221.81,3.00,582.83
1994-04-14,82420.00,2222.05,3.00,351.34
1994-04-15,83400.93,2222.39,3.00,497.55
1994-04-16,84096.50,2222.63,3.00,353.68
1994-04-17,85228.00,2223.02,3.00,573.46
1994-04-18,86417.00,2223.43,3.00,602.45
1994-04-19,89200.93,2224.39,3.00,1406.57
1994-04-20,91355.09,2225.11,3.00,1089.05
1994-04-21,93468.00,2225.72,3.00,1068.26
1994-04-22,95445.00,2226.29,3.00,999.74
1994-04-23,96565.09,2226.61,3.00,567.71
1994-04-24,97755.00,2226.95,3.00,602.92
1994-04-25,98665.00,2227.21,3.00,461.79
1994-04-26,99995.00,2227.59,3.00,673.54
1994-04-27,100940.52,2227.86,3.00,479.70
1994-04-28,101500.00,2228.02,168.00,450.07
1994-04-29,101450.00,2228.00,499.00,473.79
1994-04-30,101720.00,2228.08,347.00,483.13
1994-05-01,102212.00,2228.22,255.00,503.05
1994-05-02,102392.00,2228.27,308.00,398.75
1994-05-03,102850.00,2228.40,451.00,681.91
1994-05-04,102960.00,2228.43,517.00,572.46
1994-05-05,102810.00,2228.39,535.00,459.37
1994-05-06,102850.00,2228.40,535.00,555.17
1994-05-07,103270.00,2228.52,535.00,746.75
1994-05-08,103770.00,2228.66,535.00,787.08
1994-05-09,104870.00,2228.97,504.00,1058.58
1994-05-10,105260.00,2229.08,483.00,679.63
1994-05-11,105510.00,2229.15,483.00,609.04
1994-05-12,105720.00,2229.21,483.00,588.88
1994-05-13,106040.00,2229.30,508.00,669.33
1994-05-14,105690.00,2229.20,576.00,399.54
1994-05-15,105400.00,2229.12,612.00,465.79
1994-05-16,104900.00,2228.98,612.00,359.92
1994-05-17,104410.00,2228.84,608.00,360.96
1994-05-18,103980.00,2228.72,608.00,391.21
1994-05-19,103700.00,2228.64,603.00,461.83
1994-05-20,103380.00,2228.55,572.00,410.67
1994-05-21,103060.00,2228.46,549.00,387.67
1994-05-22,102740.00,2228.37,549.00,387.67
1994-05-23,102420.00,2228.28,545.00,383.67
1994-05-24,102210.00,2228.22,545.00,439.12
1994-05-25,102040.00,2228.17,545.00,459.29
1994-05-26,101750.00,2228.09,545.00,398.79
1994-05-27,101300.00,2227.96,545.00,318.12
1994-05-28,100800.00,2227.82,540.00,287.92
1994-05-29,100380.00,2227.70,540.00,328.25
1994-05-30,99930.00,2227.57,540.00,313.12
1994-05-31,99330.00,2227.40,535.00,232.50
1994-06-01,98910.00,2227.28,535.00,323.25
1994-06-02,98800.00,2227.25,531.00,475.54
1994-06-03,97930.00,2227.00,526.00,87.37
1994-06-04,97470.00,2226.87,526.00,294.08
1994-06-05,96950.00,2226.72,522.00,259.83
1994-06-06,96390.00,2226.56,517.00,234.67
1994-06-07,95790.00,2226.39,517.00,214.50
1994-06-08,95270.00,2226.24,513.00,250.83
1994-06-09,94710.00,2226.08,513.00,230.67
1994-06-10,94020.00,2225.88,548.00,200.12
1994-06-11,93330.00,2225.68,591.00,243.12
1994-06-12,92600.00,2225.47,590.00,221.96
1994-06-13,92120.00,2225.33,607.00,365.00
1994-06-14,91390.00,2225.12,648.00,279.96
1994-06-15,90390.00,2224.80,641.00,136.83
1994-06-16,89460.00,2224.48,640.00,171.12
1994-06-17,88790.00,2224.25,634.00,296.21
1994-06-18,88180.00,2224.04,627.00,319.46
1994-06-19,87460.00,2223.79,626.00,263.00
1994-06-20,86640.00,2223.51,620.00,206.58
1994-06-21,85890.00,2223.25,619.00,240.87
1994-06-22,85250.00,2223.03,613.00,290.33
1994-06-23,84620.00,2222.81,612.00,294.37
1994-06-24,83630.00,2222.47,611.00,111.87
1994-06-25,82740.00,2222.16,605.00,156.29
1994-06-26,81790.00,2221.83,599.00,120.04
1994-06-27,80890.00,2221.52,593.00,139.25
1994-06-28,80030.00,2221.22,588.00,154.42
1994-06-29,79080.00,2220.89,586.00,107.04
1994-06-30,78160.00,2220.57,590.00,126.17
1994-07-01,77290.00,2220.27,586.00,147.37
1994-07-02,76400.00,2219.96,573.00,124.29
1994-07-03,75540.00,2219.66,569.00,135.42
1994-07-04,74710.00,2219.37,570.00,151.54
1994-07-05,73760.00,2219.04,566.00,87.04
1994-07-06,72930.00,2218.75,630.00,211.54
1994-07-07,71640.00,2218.30,701.00,50.62
1994-07-08,70320.00,2217.84,726.00,60.50
1994-07-09,69050.00,2217.40,737.00,96.71
1994-07-10,67710.00,2216.93,733.00,57.42
1994-07-11,66360.00,2216.46,769.00,88.37
1994-07-12,64850.00,2215.93,835.00,73.71
1994-07-13,63150.00,2215.34,913.00,55.92
1994-07-14,61510.00,2214.76,925.00,98.17
1994-07-15,59740.00,2214.14,964.00,71.62
1994-07-16,57870.00,2213.48,987.00,44.21
1994-07-17,56050.00,2212.84,960.00,42.42
1994-07-18,54300.00,2212.22,939.00,56.71
1994-07-19,52630.00,2211.63,918.00,76.04
1994-07-20,51020.00,2211.06,908.00,96.29
1994-07-21,49350.00,2210.47,892.00,50.04
1994-07-22,47720.00,2209.89,871.00,49.21
1994-07-23,46170.00,2209.34,844.00,62.54
1994-07-24,44700.00,2208.82,814.00,72.87
1994-07-25,43210.00,2208.29,790.00,38.79
1994-07-26,41750.00,2207.77,761.00,24.92
1994-07-27,40370.00,2207.28,736.00,40.25
1994-07-28,39000.00,2206.79,702.00,11.29
1994-07-29,37760.00,2206.35,668.00,42.83
1994-07-30,36550.00,2205.92,639.00,28.96
1994-07-31,35400.00,2205.51,603.00,23.21
1994-08-01,34280.00,2205.11,567.00,2.33
1994-08-02,33220.00,2204.73,541.00,6.58
1994-08-03,32240.00,2204.38,501.00,6.92
1994-08-04,31340.00,2204.06,473.00,19.25
1994-08-05,30560.00,2203.78,442.00,48.75
1994-08-06,29810.00,2203.51,402.00,23.87
1994-08-07,29140.00,2203.27,365.00,27.21
1994-08-08,28550.00,2203.06,330.00,32.54
1994-08-09,28020.00,2202.87,299.00,31.79
1994-08-10,27550.00,2202.70,268.00,31.04
1994-08-11,27100.00,2202.54,248.00,21.12
1994-08-12,26680.00,2202.39,230.00,18.25
1994-08-13,26290.00,2202.25,207.00,10.37
1994-08-14,25960.00,2202.13,190.00,23.62
1994-08-15,25650.00,2202.02,176.00,19.71
1994-08-16,25370.00,2201.92,166.00,24.83
1994-08-17,25090.00,2201.82,157.00,15.83
1994-08-18,24820.00,2201.72,147.00,10.87
1994-08-19,24590.00,2201.64,140.00,24.04
1994-08-20,24420.00,2201.58,132.00,46.29
1994-08-21,24200.00,2201.50,124.00,13.08
1994-08-22,23950.00,2201.41,151.00,24.96
1994-08-23,23700.00,2201.32,159.00,32.96
1994-08-24,23480.00,2201.24,153.00,42.08
1994-08-25,23250.00,2201.16,146.00,30.04
1994-08-26,23030.00,2201.08,136.00,25.08
1994-08-27,22810.00,2201.00,125.00,14.08
1994-08-28,22610.00,2200.93,117.00,16.17
1994-08-29,22420.00,2200.86,106.00,10.21
1994-08-30,22280.00,2200.81,98.00,27.42
1994-08-31,22170.00,2200.77,89.00,33.54
1994-09-01,22030.00,2200.72,82.00,11.42
1994-09-02,21890.00,2200.67,75.00,4.42
1994-09-03,21750.00,2200.62,73.00,2.42
1994-09-04,21670.00,2200.59,79.00,38.67
1994-09-05,21610.00,2200.57,83.00,52.75
1994-09-06,21530.00,2200.54,82.00,41.67
1994-09-07,21420.00,2200.50,79.00,23.54
1994-09-08,21310.00,2200.46,74.00,18.54
1994-09-09,21200.00,2200.42,69.00,13.54
1994-09-10,21080.00,2200.38,64.00,3.50
1994-09-11,21060.00,2200.37,61.00,50.92
1994-09-12,21030.00,2200.36,58.00,42.87
1994-09-13,21030.00,2200.36,34.00,34.00
1994-09-14,21060.00,2200.37,17.00,32.13
1994-09-15,21110.00,2200.39,24.00,49.21
1994-09-16,21140.00,2200.40,23.00,38.13
1994-09-17,21140.00,2200.40,23.00,23.00
1994-09-18,21140.00,2200.40,23.00,23.00
1994-09-19,21140.00,2200.40,23.00,23.00
1994-09-20,21110.00,2200.39,30.00,14.87
1994-09-21,21030.00,2200.36,49.00,8.67
1994-09-22,20920.00,2200.32,67.00,11.54
1994-09-23,20810.00,2200.28,71.00,15.54
1994-09-24,20670.00,2200.23,76.00,5.42
1994-09-25,20530.00,2200.18,80.00,9.42
1994-09-26,20390.00,2200.13,74.00,3.42
1994-09-27,20280.00,2200.09,68.00,12.54
1994-09-28,20200.00,2200.06,64.00,23.67
1994-09-29,20140.00,2200.04,60.00,29.75
1994-09-30,20110.00,2200.03,54.00,38.87
1994-10-01,20110.00,2200.03,52.00,51.00
1994-10-02,19890.00,2199.95,43.00,14.43
1994-10-03,19830.00,2199.93,35.00,5.07
1994-10-04,19780.00,2199.91,32.00,6.85
1994-10-05,19690.00,2199.88,32.00,6.75
1994-10-06,19640.00,2199.86,30.00,5.06
1994-10-07,19580.00,2199.84,42.00,13.24
1994-10-08,19530.00,2199.82,49.00,23.78
1994-10-09,19470.00,2199.80,44.00,14.59
1994-10-10,19390.00,2199.77,42.00,1.44
1994-10-11,19330.00,2199.75,39.00,8.61
1994-10-12,19280.00,2199.73,36.00,10.62
1994-10-13,19220.00,2199.71,34.00,3.87
1994-10-14,19170.00,2199.69,39.00,13.43
1994-10-15,19080.00,2199.66,37.00,2.91
1994-10-16,19030.00,2199.64,36.00,10.41
1994-10-17,18970.00,2199.62,34.00,3.95
1994-10-18,18920.00,2199.60,32.00,6.75
1994-10-19,19080.00,2199.66,31.00,111.58
1994-10-20,19220.00,2199.71,32.00,102.96
1994-10-21,19390.00,2199.77,41.00,126.96
1994-10-22,19560.00,2199.83,46.00,131.22
1994-10-23,19690.00,2199.88,48.00,113.28
1994-10-24,19860.00,2199.94,23.00,118.61
1994-10-25,20030.00,2200.00,1.00,86.53
1994-10-26,20860.00,2200.30,2.00,419.44
1994-10-27,22340.00,2200.83,2.00,747.27
1994-10-28,23480.00,2201.24,2.00,575.69
1994-10-29,24590.00,2201.64,2.00,560.48
1994-10-30,25710.00,2202.04,2.00,565.56
1994-10-31,26910.00,2202.47,2.00,606.56
1994-11-01,27880.00,2202.82,3.00,491.01
1994-11-02,28860.00,2203.17,2.00,495.63
1994-11-03,29530.00,2203.41,2.00,339.15
1994-11-04,30000.00,2203.58,2.00,238.79
1994-11-05,30450.00,2203.74,2.00,229.04
1994-11-06,30920.00,2203.91,2.00,239.40
1994-11-07,31370.00,2204.07,3.00,229.50
1994-11-08,31740.00,2204.20,3.00,189.23
1994-11-09,32040.00,2204.31,3.00,153.95
1994-11-10,32350.00,2204.42,3.00,158.97
1994-11-11,32580.00,2204.50,3.00,118.67
1994-11-12,32800.00,2204.58,3.00,113.76
1994-11-13,33050.00,2204.67,3.00,128.90
1994-11-14,33300.00,2204.76,3.00,128.90
1994-11-15,33580.00,2204.86,3.00,144.18
1994-11-16,33860.00,2204.96,3.00,144.41
1994-11-17,34200.00,2205.08,3.00,174.49
1994-11-18,34560.00,2205.21,3.00,184.55
1994-11-19,34900.00,2205.33,4.00,175.00
1994-11-20,35260.00,2205.46,5.00,186.20
1994-11-21,35600.00,2205.58,4.00,175.23
1994-11-22,35940.00,2205.70,3.00,174.91
1994-11-23,36300.00,2205.83,3.00,184.91
1994-11-24,36610.00,2205.94,3.00,159.53
1994-11-25,36970.00,2206.07,3.00,184.75
1994-11-26,37280.00,2206.18,3.00,159.53
1994-11-27,37620.00,2206.30,3.00,174.66
1994-11-28,37960.00,2206.42,3.00,174.59
1994-11-29,38490.00,2206.61,4.00,270.77
1994-11-30,40600.00,2207.36,11.00,1075.54
1994-12-01,43380.00,2208.35,9.00,1410.93
1994-12-02,44140.00,2208.62,6.00,389.28
1994-12-03,44900.00,2208.89,5.00,387.75
1994-12-04,45720.00,2209.18,4.00,417.24
1994-12-05,46530.00,2209.47,4.00,411.89
1994-12-06,46980.00,2209.63,4.00,230.22
1994-12-07,47490.00,2209.81,3.00,260.17
1994-12-08,47920.00,2209.96,3.00,219.80
1994-12-09,48280.00,2210.09,3.00,184.50
1994-12-10,48590.00,2210.20,3.00,159.15
1994-12-11,48960.00,2210.33,3.00,189.40
1994-12-12,49160.00,2210.40,3.00,103.69
1994-12-13,49690.00,2210.59,3.00,269.89
1994-12-14,50120.00,2210.74,3.00,219.48
1994-12-15,50540.00,2210.89,3.00,214.45
1994-12-16,50990.00,2211.05,3.00,229.73
1994-12-17,51470.00,2211.22,3.00,245.11
1994-12-18,51980.00,2211.40,4.00,260.62
1994-12-19,52710.00,2211.66,4.00,371.78
1994-12-20,53760.00,2212.03,4.00,533.60
1994-12-21,54810.00,2212.40,4.00,533.79
1994-12-22,55660.00,2212.70,4.00,432.47
1994-12-23,56450.00,2212.98,4.00,402.01
1994-12-24,57160.00,2213.23,4.00,361.58
1994-12-25,57930.00,2213.50,4.00,391.82
1994-12-26,58610.00,2213.74,4.00,346.72
1994-12-27,59370.00,2214.01,7.00,389.64
1994-12-28,60290.00,2214.33,6.00,469.87
1994-12-29,61080.00,2214.61,5.00,402.96
1994-12-30,61540.00,2214.77,5.00,236.16
1994-12-31,62000.00,2214.93,4.00,235.86
1995-01-01,62420.00,2215.08,4.00,215.54
1995-01-02,62880.00,2215.24,4.00,235.54
1995-01-03,63340.00,2215.40,4.00,235.43
1995-01-04,63740.00,2215.54,4.00,205.10
1995-01-05,64080.00,2215.66,4.00,174.85
1995-01-06,64420.00,2215.78,4.00,174.76
1995-01-07,64730.00,2215.89,3.00,159.53
1995-01-08,65050.00,2216.00,3.00,164.62
1995-01-09,65390.00,2216.12,4.00,174.82
1995-01-10,65820.00,2216.27,4.00,220.22
1995-01-11,66250.00,2216.42,4.00,220.22
1995-01-12,66760.00,2216.60,4.00,260.56
1995-01-13,67080.00,2216.71,4.00,164.76
1995-01-14,67330.00,2216.80,4.00,129.47
1995-01-15,67620.00,2216.90,4.00,149.64
1995-01-16,67940.00,2217.01,4.00,164.76
1995-01-17,68280.00,2217.13,4.00,174.85
1995-01-18,68680.00,2217.27,4.00,205.10
1995-01-19,69000.00,2217.38,4.00,164.75
1995-01-20,69280.00,2217.48,4.00,144.52
1995-01-21,69480.00,2217.55,3.00,104.12
1995-01-22,69660.00,2217.61,3.00,93.99
1995-01-23,69920.00,2217.70,3.00,134.32
1995-01-24,70170.00,2217.79,3.00,129.28
1995-01-25,70430.00,2217.88,3.00,134.36
1995-01-26,70660.00,2217.96,3.00,119.20
1995-01-27,70860.00,2218.03,3.00,104.07
1995-01-28,71120.00,2218.12,3.00,134.37
1995-01-29,71350.00,2218.20,4.00,119.43
1995-01-30,71980.00,2218.42,4.00,321.32
1995-01-31,74360.00,2219.25,6.00,1205.60
1995-02-01,77030.00,2220.18,9.00,1355.09
1995-02-02,78617.00,2220.73,8.00,807.82
1995-02-03,80028.00,2221.22,7.00,717.86
1995-02-04,81206.50,2221.63,6.00,600.02
1995-02-05,81931.86,2221.88,6.00,371.05
1995-02-06,82532.00,2222.09,5.00,307.70
1995-02-07,83633.00,2222.47,5.00,559.99
1995-02-08,84329.00,2222.71,5.00,355.79
1995-02-09,84938.00,2222.92,5.00,311.64
1995-02-10,85402.00,2223.08,5.00,238.81
1995-02-11,86098.14,2223.32,5.00,355.98
1995-02-12,87809.00,2223.91,5.00,867.37
1995-02-13,88244.00,2224.06,5.00,223.86
1995-02-14,88591.86,2224.18,5.00,179.67
1995-02-15,89839.07,2224.61,5.00,633.18
1995-02-16,89896.50,2224.63,5.00,33.28
1995-02-17,90830.00,2224.95,5.00,474.99
1995-02-18,91564.74,2225.17,5.00,375.29
1995-02-19,95200.00,2226.22,15.00,1848.22
1995-02-20,99540.00,2227.46,14.00,2201.45
1995-02-21,102320.00,2228.25,11.00,1412.08
1995-02-22,103874.91,2228.69,9.00,792.39
1995-02-23,105402.18,2229.12,8.00,777.28
1995-02-24,106900.00,2229.54,7.00,761.70
1995-02-25,107575.00,2229.73,7.00,346.84
1995-02-26,108785.00,2230.07,7.00,616.44
1995-02-27,109790.44,2230.35,6.00,512.78
1995-02-28,110356.00,2230.51,6.00,290.65
1995-03-01,111080.00,2230.71,6.00,370.24
1995-03-02,111910.00,2230.94,5.00,423.18
1995-03-03,112490.00,2231.10,5.00,297.17
1995-03-04,113180.00,2231.29,5.00,352.54
1995-03-05,113720.00,2231.44,5.00,276.85
1995-03-06,114230.00,2231.58,5.00,261.73
1995-03-07,114620.00,2231.69,5.00,200.99
1995-03-08,115020.00,2231.80,5.00,206.19
1995-03-09,115380.00,2231.90,5.00,186.14
1995-03-10,116110.00,2232.10,5.00,372.89
1995-03-11,116940.00,2232.33,6.00,423.75
1995-03-12,117930.00,2232.60,6.00,504.63
1995-03-13,118660.00,2232.80,6.00,373.54
1995-03-14,119390.00,2233.00,6.00,373.96
1995-03-15,120120.00,2233.20,7.00,374.33
1995-03-16,120850.00,2233.40,7.00,374.14
1995-03-17,121770.00,2233.65,7.00,469.83
1995-03-18,122700.00,2233.90,7.00,475.13
1995-03-19,123620.00,2234.15,7.00,470.67
1995-03-20,124510.00,2234.39,8.00,455.71
1995-03-21,125320.00,2234.61,7.00,414.97
1995-03-22,126250.00,2234.86,7.00,474.85
1995-03-23,126880.00,2235.03,6.00,323.27
1995-03-24,127470.00,2235.19,6.00,302.90
1995-03-25,127990.00,2235.33,6.00,267.30
1995-03-26,128590.00,2235.49,5.00,307.40
1995-03-27,129070.00,2235.62,5.00,246.90
1995-03-28,129630.00,2235.77,5.00,287.23
1995-03-29,130120.00,2235.90,6.00,252.18
1995-03-30,130650.00,2236.04,6.00,272.41
1995-03-31,131250.00,2236.20,6.00,307.70
1995-04-01,131920.00,2236.38,6.00,342.99
1995-04-02,132640.00,2236.57,6.00,368.20
1995-04-03,133320.00,2236.75,6.00,348.06
1995-04-04,134220.00,2236.99,6.00,458.95
1995-04-05,135160.00,2237.24,6.00,479.12
1995-04-06,136110.00,2237.49,6.00,484.16
1995-04-07,137020.00,2237.73,6.00,463.99
1995-04-08,137900.00,2237.96,6.00,448.87
1995-04-09,138710.00,2238.17,6.00,413.58
1995-04-10,139470.00,2238.37,6.00,388.37
1995-04-11,140290.00,2238.58,6.00,418.62
1995-04-12,141040.00,2238.78,6.00,383.33
1995-04-13,141810.00,2238.98,6.00,393.41
1995-04-14,142380.00,2239.13,6.00,292.58
1995-04-15,142960.00,2239.28,6.00,297.34
1995-04-16,143500.00,2239.42,6.00,277.15
1995-04-17,143960.00,2239.54,6.00,236.82
1995-04-18,144470.00,2239.67,6.00,262.03
1995-04-19,144890.00,2239.78,5.00,216.35
1995-04-20,145280.00,2239.88,5.00,201.23
1995-04-21,145900.00,2240.04,6.00,317.64
1995-04-22,146600.00,2240.22,6.00,358.42
1995-04-23,147300.00,2240.40,6.00,358.42
1995-04-24,148080.00,2240.60,6.00,398.75
1995-04-25,148820.00,2240.79,6.00,378.58
1995-04-26,149680.00,2241.01,6.00,439.08
1995-04-27,150730.00,2241.28,6.00,534.88
1995-04-28,151870.00,2241.57,6.00,580.25
1995-04-29,152900.00,2241.83,6.00,524.79
1995-04-30,153960.00,2242.10,6.00,539.92
1995-05-01,154990.00,2242.36,6.00,524.79
1995-05-02,156220.00,2242.67,6.00,625.63
1995-05-03,157460.00,2242.98,7.00,630.83
1995-05-04,158660.00,2243.28,7.00,610.80
1995-05-05,159820.00,2243.57,7.00,590.63
1995-05-06,160900.00,2243.84,7.00,550.30
1995-05-07,162030.00,2244.12,7.00,575.51
1995-05-08,163890.00,2244.58,7.00,943.55
1995-05-09,166010.00,2245.10,7.00,1074.62
1995-05-10,167930.00,2245.57,7.00,973.80
1995-05-11,169850.00,2246.04,7.00,973.80
1995-05-12,171290.00,2246.39,6.00,731.60
1995-05-13,172440.00,2246.67,7.00,585.44
1995-05-14,173600.00,2246.95,7.00,590.63
1995-05-15,175010.00,2247.29,6.00,716.51
1995-05-16,176710.00,2247.70,6.00,862.58
1995-05-17,178670.00,2248.17,6.00,993.67
1995-05-18,180220.00,2248.54,6.00,786.96
1995-05-19,181480.00,2248.84,6.00,640.75
1995-05-20,182690.00,2249.13,6.00,615.54
1995-05-21,183960.00,2249.42,6.00,645.79
1995-05-22,185220.00,2249.73,6.00,640.75
1995-05-23,186490.00,2250.03,6.00,645.79
1995-05-24,187800.00,2250.34,6.00,665.96
1995-05-25,189030.00,2250.63,6.00,625.63
1995-05-26,190350.00,2250.94,6.00,671.00
1995-05-27,191800.00,2251.28,6.00,736.54
1995-05-28,193170.00,2251.60,6.00,696.21
1995-05-29,194493.00,2251.91,6.00,672.51
1995-05-30,195998.00,2252.26,6.00,764.27
1995-05-31,197410.00,2252.59,6.00,717.12
1995-06-01,198830.00,2252.92,6.00,721.12
1995-06-02,199870.00,2253.16,6.00,529.53
1995-06-03,200642.42,2253.34,6.00,394.63
1995-06-04,201510.00,2253.54,6.00,442.60
1995-06-05,202243.00,2253.71,6.00,374.75
1995-06-06,202890.00,2253.86,6.00,331.40
1995-06-07,203540.00,2254.01,6.00,332.91
1995-06-08,204240.00,2254.17,6.00,358.12
1995-06-09,204890.00,2254.32,6.00,332.91
1995-06-10,205670.00,2254.50,6.00,398.45
1995-06-11,206500.00,2254.69,6.00,423.66
1995-06-12,207020.00,2254.81,6.00,267.37
1995-06-13,207500.00,2254.92,6.00,247.20
1995-06-14,208110.00,2255.06,6.00,312.74
1995-06-15,208588.00,2255.17,6.00,246.49
1995-06-16,209072.00,2255.28,6.00,250.12
1995-06-17,209634.00,2255.41,6.00,289.44
1995-06-18,210030.00,2255.50,6.00,205.75
1995-06-19,210556.20,2255.62,6.00,271.39
1995-06-20,210900.00,2255.70,6.00,179.43
1995-06-21,211428.22,2255.82,8.00,276.07
1995-06-22,212040.00,2255.96,7.00,315.44
1995-06-23,212350.00,2256.03,7.00,163.29
1995-06-24,212920.00,2256.16,8.00,295.09
1995-06-25,213450.00,2256.28,9.00,276.40
1995-06-26,213840.00,2256.37,9.00,205.91
1995-06-27,214280.00,2256.47,10.00,231.54
1995-06-28,214500.00,2256.52,10.00,120.96
1995-06-29,215030.00,2256.64,10.00,277.47
1995-06-30,215300.00,2256.70,11.00,146.85
1995-07-01,215652.00,2256.78,11.00,188.51
1995-07-02,216048.75,2256.87,10.00,210.66
1995-07-03,216400.00,2256.95,9.00,186.00
1995-07-04,216708.00,2257.02,9.00,164.73
1995-07-05,216928.00,2257.07,10.00,120.98
1995-07-06,217191.25,2257.13,7.00,139.59
1995-07-07,217808.00,2257.27,4.00,315.24
1995-07-08,218072.33,2257.33,4.00,137.57
1995-07-09,218468.00,2257.42,4.00,203.78
1995-07-10,218644.00,2257.46,4.00,92.96
1995-07-11,218820.00,2257.50,4.00,92.73
1995-07-12,218820.00,2257.50,4.00,4.00
1995-07-13,218910.00,2257.52,6.00,51.70
1995-07-14,219225.00,2257.59,10.00,168.47
1995-07-15,219445.36,2257.64,10.00,120.93
1995-07-16,219489.47,2257.65,10.00,32.44
1995-07-17,219842.00,2257.73,10.00,187.92
1995-07-18,219930.00,2257.75,10.00,54.57
1995-07-19,219930.00,2257.75,10.00,10.22
1995-07-20,220018.00,2257.77,10.00,54.42
1995-07-21,220062.00,2257.78,10.00,32.40
1995-07-22,220106.00,2257.79,10.00,32.48
1995-07-23,220240.22,2257.82,10.00,77.99
1995-07-24,220240.00,2257.82,10.00,10.20
1995-07-25,220280.00,2257.83,10.00,30.59
1995-07-26,220330.00,2257.84,10.00,35.63
1995-07-27,220370.00,2257.85,10.00,30.40
1995-07-28,220420.00,2257.86,10.00,34.87
1995-07-29,220460.00,2257.87,10.00,29.83
1995-07-30,220510.00,2257.88,10.00,34.87
1995-07-31,220550.00,2257.89,10.00,30.35
1995-08-01,220600.00,2257.90,11.00,36.05
1995-08-02,220640.00,2257.91,13.00,33.70
1995-08-03,220330.00,2257.84,111.00,42.69
1995-08-04,219090.00,2257.56,657.00,37.76
1995-08-05,217150.00,2257.12,1084.00,92.03
1995-08-06,215079.47,2256.65,1204.00,142.48
1995-08-07,212835.36,2256.14,1198.00,48.52
1995-08-08,210900.00,2255.70,1187.00,194.79
1995-08-09,208764.00,2255.21,1182.00,87.15
1995-08-10,206628.00,2254.72,1171.00,80.14
1995-08-11,204456.00,2254.22,1160.00,48.61
1995-08-12,202329.00,2253.73,1171.00,83.69
1995-08-13,200169.00,2253.23,1209.00,102.26
1995-08-14,197933.00,2252.71,1220.00,76.19
1995-08-15,195610.69,2252.17,1215.00,26.49
1995-08-16,193513.80,2251.68,1193.00,117.10
1995-08-17,191416.89,2251.19,1116.00,41.93
1995-08-18,189545.00,2250.75,1061.00,99.11
1995-08-19,187546.00,2250.28,1045.00,21.25
1995-08-20,185730.52,2249.85,1045.00,110.81
1995-08-21,183704.72,2249.37,1039.00,2.31
1995-08-22,181645.80,2248.88,1039.00,10.59
1995-08-23,179798.00,2248.44,1034.00,86.06
1995-08-24,177919.00,2247.99,1028.00,65.52
1995-08-25,175922.00,2247.51,1028.00,3.72
1995-08-26,173974.00,2247.04,1023.00,22.99
1995-08-27,172109.00,2246.59,1017.00,59.80
1995-08-28,170263.41,2246.14,1017.00,67.70
1995-08-29,168418.91,2245.69,1006.00,62.30
1995-08-30,167147.80,2245.38,1006.00,310.24
1995-08-31,165354.00,2244.94,1001.00,78.47
1995-09-01,163610.00,2244.51,995.00,81.28
1995-09-02,161830.00,2244.07,990.00,44.65
1995-09-03,160059.31,2243.63,984.00,44.28
1995-09-04,158340.00,2243.20,984.00,22.12
1995-09-05,156299.91,2242.69,1012.00,14.43
1995-09-06,154119.41,2242.14,1187.00,30.33
1995-09-07,152068.19,2241.62,1300.00,189.53
1995-09-08,149523.00,2240.97,1324.00,25.96
1995-09-09,147221.81,2240.38,1348.00,170.32
1995-09-10,144619.00,2239.71,1360.00,31.23
1995-09-11,142080.00,2239.05,1384.00,87.47
1995-09-12,139550.91,2238.39,1390.00,97.73
1995-09-13,136910.00,2237.70,1378.00,27.96
1995-09-14,134371.00,2237.03,1366.00,66.08
1995-09-15,131848.56,2236.36,1354.00,62.94
1995-09-16,129258.73,2235.67,1366.00,41.65
1995-09-17,126840.00,2235.02,1372.00,136.75
1995-09-18,124360.00,2234.35,1360.00,92.93
1995-09-19,121920.00,2233.69,1360.00,111.12
1995-09-20,119500.00,2233.03,1354.00,113.56
1995-09-21,117090.00,2232.37,1354.00,123.02
1995-09-22,114700.00,2231.71,1348.00,127.98
1995-09-23,112240.00,2231.03,1366.00,106.47
1995-09-24,109890.00,2230.38,1366.00,162.42
1995-09-25,107540.00,2229.72,1354.00,154.17
1995-09-26,104980.00,2229.00,1354.00,43.53
1995-09-27,102500.00,2228.30,1342.00,72.66
1995-09-28,100210.00,2227.65,1336.00,165.99
1995-09-29,97930.00,2227.00,1348.00,183.30
1995-09-30,95580.00,2226.33,1348.00,144.49
1995-10-01,93360.00,2225.69,1324.00,205.00
1995-10-02,91360.00,2225.11,1254.00,245.67
1995-10-03,89640.00,2224.54,1211.00,343.83
1995-10-04,87980.00,2223.97,1200.00,363.08
1995-10-05,86180.00,2223.35,1190.00,282.50
1995-10-06,84300.00,2222.70,1174.00,226.17
1995-10-07,82360.00,2222.03,1164.00,185.92
1995-10-08,80810.00,2221.49,1153.00,371.54
1995-10-09,79370.00,2220.99,1137.00,411.00
1995-10-10,77930.00,2220.49,1133.00,407.00
1995-10-11,77670.00,2220.40,1072.00,940.92
1995-10-12,77120.00,2220.21,896.00,618.71
1995-10-13,76540.00,2220.01,745.00,452.58
1995-10-14,75910.00,2219.79,680.00,362.37
1995-10-15,75310.00,2219.58,675.00,372.50
1995-10-16,75110.00,2219.51,435.00,334.17
1995-10-17,75660.00,2219.70,106.00,383.29
1995-10-18,76520.00,2220.00,8.00,441.58
1995-10-19,77210.00,2220.24,7.00,354.88
1995-10-20,77870.00,2220.47,8.00,340.75
1995-10-21,78560.00,2220.71,8.00,355.88
1995-10-22,79020.00,2220.87,7.00,238.92
1995-10-23,79450.00,2221.02,7.00,223.79
1995-10-24,79770.00,2221.13,7.00,168.33
1995-10-25,80580.00,2221.41,8.00,416.38
1995-10-26,81530.00,2221.74,8.00,486.96
1995-10-27,82336.00,2222.02,8.00,414.36
1995-10-28,82908.00,2222.22,8.00,296.38
1995-10-29,83459.00,2222.41,8.00,285.80
1995-10-30,83894.00,2222.56,8.00,227.31
1995-10-31,84330.00,2222.71,8.00,227.82
1995-11-01,84532.00,2222.78,8.00,109.84
1995-11-02,84735.35,2222.85,8.00,110.52
1995-11-03,85054.00,2222.96,8.00,168.65
1995-11-04,85546.50,2223.13,8.00,256.30
1995-11-05,85982.00,2223.28,8.00,227.56
1995-11-06,86388.00,2223.42,9.00,213.69
1995-11-07,87403.00,2223.77,9.00,520.73
1995-11-08,92496.00,2225.44,14.00,2581.72
1995-11-09,96809.83,2226.68,14.00,2188.89
1995-11-10,98594.91,2227.19,12.00,911.98
1995-11-11,102675.43,2228.35,20.00,2077.26
1995-11-12,104728.00,2228.93,14.00,1048.84
1995-11-13,107040.00,2229.58,15.00,1180.63
1995-11-14,109538.00,2230.28,14.00,1273.41
1995-11-15,111400.00,2230.80,12.00,950.76
1995-11-16,112886.00,2231.21,11.00,760.19
1995-11-17,114192.00,2231.57,10.00,668.44
1995-11-18,115750.00,2232.00,10.00,795.49
1995-11-19,116618.00,2232.24,9.00,446.62
1995-11-20,117671.00,2232.53,8.00,538.89
1995-11-21,118438.00,2232.74,8.00,394.70
1995-11-22,119353.00,2232.99,7.00,468.31
1995-11-23,120924.00,2233.42,8.00,800.05
1995-11-24,123033.00,2233.99,10.00,1073.29
1995-11-25,126215.45,2234.85,13.00,1617.49
1995-11-26,127917.09,2235.31,12.00,869.91
1995-11-27,131059.54,2236.15,13.00,1597.32
1995-11-28,138705.72,2238.17,33.00,3887.95
1995-11-29,152897.28,2241.83,46.00,7200.92
1995-11-30,159380.00,2243.46,26.00,3294.37
1995-12-01,162637.00,2244.27,20.00,1662.07
1995-12-02,165477.00,2244.97,15.00,1446.83
1995-12-03,167558.00,2245.48,12.00,1061.17
1995-12-04,167804.00,2245.54,11.00,441.62
1995-12-05,169197.80,2245.88,9.00,711.71
1995-12-06,170182.20,2246.12,9.00,505.31
1995-12-07,170756.00,2246.26,8.00,297.29
1995-12-08,171494.00,2246.44,7.00,379.08
1995-12-09,172401.59,2246.66,7.00,464.58
1995-12-10,173144.41,2246.84,7.00,381.50
1995-12-11,173892.00,2247.02,7.00,383.91
1995-12-12,174845.00,2247.25,8.00,488.47
1995-12-13,175757.00,2247.47,9.00,468.80
1995-12-14,176794.00,2247.72,9.00,531.82
1995-12-15,177424.72,2247.87,8.00,325.99
1995-12-16,178170.00,2248.05,7.00,382.75
1995-12-17,178800.00,2248.20,7.00,324.63
1995-12-18,179343.30,2248.33,7.00,280.91
1995-12-19,179882.00,2248.46,7.00,278.60
1995-12-20,180386.00,2248.58,7.00,261.10
1995-12-21,180763.69,2248.67,7.00,197.42
1995-12-22,181226.00,2248.78,7.00,240.08
1995-12-23,181645.80,2248.88,7.00,218.65
1995-12-24,181940.00,2248.95,7.00,155.33
1995-12-25,182276.00,2249.03,7.00,176.40
1995-12-26,182612.11,2249.11,7.00,176.46
1995-12-27,182947.89,2249.19,6.00,175.29
1995-12-28,183284.00,2249.27,6.00,175.46
1995-12-29,184040.00,2249.45,6.00,387.15
1995-12-30,184970.69,2249.67,7.00,476.22
1995-12-31,185982.00,2249.91,9.00,518.87
1996-01-01,186790.00,2250.10,9.00,416.37
1996-01-02,187716.20,2250.32,9.00,475.96
1996-01-03,190095.80,2250.88,14.00,1213.71
1996-01-04,191718.00,2251.26,11.00,828.86
1996-01-05,192912.00,2251.54,10.00,611.98
1996-01-06,193894.00,2251.77,9.00,504.09
1996-01-07,195998.00,2252.26,12.00,1072.77
1996-01-08,197760.69,2252.67,12.00,900.69
1996-01-09,199309.00,2253.03,10.00,790.61
1996-01-10,200341.00,2253.27,10.00,530.30
1996-01-11,201201.00,2253.47,9.00,442.58
1996-01-12,202070.69,2253.67,9.00,447.47
1996-01-13,202981.78,2253.88,9.00,468.34
1996-01-14,204585.00,2254.25,10.00,818.29
1996-01-15,207410.00,2254.90,13.00,1437.27
1996-01-16,209289.31,2255.33,13.00,960.49
1996-01-17,210684.47,2255.65,11.00,714.39
1996-01-18,211648.75,2255.87,10.00,496.16
1996-01-19,212923.56,2256.16,10.00,652.72
1996-01-20,213891.78,2256.38,9.00,497.14
1996-01-21,214640.00,2256.55,8.00,385.23
1996-01-22,215123.56,2256.66,76.00,319.80
1996-01-23,215211.78,2256.68,390.00,434.48
1996-01-24,215300.00,2256.70,385.00,429.48
1996-01-25,215035.36,2256.64,368.00,234.58
1996-01-26,214904.11,2256.61,344.00,277.83
1996-01-27,214684.00,2256.56,344.00,233.03
1996-01-28,214640.00,2256.55,345.00,322.82
1996-01-29,214288.00,2256.47,345.00,167.53
1996-01-30,214024.00,2256.41,304.00,170.90
1996-01-31,213891.78,2256.38,263.00,196.34
1996-02-01,213496.00,2256.29,205.00,76.45
1996-02-02,213804.64,2256.36,154.00,309.61
1996-02-03,213760.53,2256.35,154.00,131.76
1996-02-04,213804.64,2256.36,154.00,176.24
1996-02-05,214288.00,2256.47,155.00,398.69
1996-02-06,215476.00,2256.74,157.00,755.95
1996-02-07,218204.64,2257.36,164.00,1539.69
1996-02-08,228035.00,2259.57,192.00,5148.14
1996-02-09,232525.00,2260.57,190.00,2453.71
1996-02-10,234640.00,2261.04,178.00,1244.31
1996-02-11,235810.00,2261.30,173.00,762.88
1996-02-12,235945.33,2261.33,408.00,476.23
1996-02-13,235269.78,2261.18,1047.00,706.41
1996-02-14,232750.22,2260.62,1507.00,236.72
1996-02-15,230589.34,2260.14,1490.00,400.56
1996-02-16,228521.78,2259.68,1484.00,441.60
1996-02-17,226515.00,2259.23,1485.00,473.25
1996-02-18,225534.00,2259.01,1480.00,985.41
1996-02-19,224395.00,2258.77,1481.00,906.75
1996-02-20,222864.00,2258.41,1475.00,703.12
1996-02-21,221040.00,2258.00,1410.00,490.40
1996-02-22,219710.00,2257.70,1229.00,558.46
1996-02-23,219000.00,2257.54,872.00,514.04
1996-02-24,218512.00,2257.43,654.00,407.97
1996-02-25,217896.00,2257.29,654.00,343.43
1996-02-26,217367.67,2257.17,558.00,291.63
1996-02-27,217104.11,2257.11,455.00,322.12
1996-02-28,216532.00,2256.98,351.00,167.74
1996-02-29,216576.00,2256.99,208.00,230.18
1996-03-01,216664.00,2257.01,208.00,252.37
1996-03-02,216664.00,2257.01,208.00,208.00
1996-03-03,217016.00,2257.09,209.00,386.47
1996-03-04,217235.36,2257.14,212.00,322.59
1996-03-05,217279.47,2257.15,212.00,234.24
1996-03-06,217323.56,2257.16,209.00,231.23
1996-03-07,217411.78,2257.18,212.00,256.48
1996-03-08,217455.89,2257.19,210.00,232.24
1996-03-09,217500.00,2257.20,213.00,235.24
1996-03-10,217632.00,2257.23,213.00,279.55
1996-03-11,217940.00,2257.30,213.00,368.28
1996-03-12,218204.64,2257.36,214.00,347.42
1996-03-13,218512.00,2257.43,214.00,368.96
1996-03-14,218955.00,2257.53,214.00,437.35
1996-03-15,219533.56,2257.66,214.00,505.69
1996-03-16,220062.00,2257.78,218.00,484.42
1996-03-17,220285.33,2257.83,218.00,330.59
1996-03-18,220776.00,2257.94,218.00,465.38
1996-03-19,221040.00,2258.00,218.00,351.10
1996-03-20,221260.00,2258.05,269.00,379.92
1996-03-21,221260.00,2258.05,340.00,340.00
1996-03-22,221304.00,2258.06,340.00,362.18
1996-03-23,221304.00,2258.06,341.00,341.00
1996-03-24,221216.00,2258.04,341.00,296.63
1996-03-25,221084.00,2258.01,342.00,275.45
1996-03-26,220908.00,2257.97,342.00,253.27
1996-03-27,220776.00,2257.94,342.00,275.45
1996-03-28,220600.00,2257.90,312.00,223.27
1996-03-29,220688.00,2257.92,280.00,324.37
1996-03-30,220554.89,2257.89,281.00,213.89
1996-03-31,220465.77,2257.87,281.00,236.07
1996-04-01,219000.00,2257.87,253.00,167.74
1996-04-02,219090.00,2257.88,161.00,206.38
1996-04-03,219270.00,2257.89,113.00,203.75
1996-04-04,219445.36,2257.89,114.00,202.41
1996-04-05,219710.00,2257.90,114.00,247.42
1996-04-06,220195.11,2257.98,114.00,358.58
1996-04-07,221260.00,2258.15,116.00,652.88
1996-04-08,222996.00,2258.50,116.00,991.23
1996-04-09,225085.00,2258.91,116.00,1169.20
1996-04-10,226830.00,2259.30,116.00,995.77
1996-04-11,228258.22,2259.62,116.00,836.06
1996-04-12,229330.66,2259.86,116.00,656.69
1996-04-13,230320.00,2260.08,116.00,614.79
1996-04-14,230769.78,2260.18,119.00,345.76
1996-04-15,231490.44,2260.34,167.00,530.33
1996-04-16,232435.00,2260.55,302.00,778.22
1996-04-17,232750.22,2260.62,454.00,612.92
1996-04-18,232705.11,2260.61,608.00,585.26
1996-04-19,232570.00,2260.58,657.00,588.88
1996-04-20,232255.00,2260.51,659.00,500.19
1996-04-21,231850.00,2260.42,656.00,451.81
1996-04-22,231940.00,2260.44,611.00,656.38
1996-04-23,232750.22,2260.62,576.00,984.49
1996-04-24,234460.00,2261.00,578.00,1440.02
1996-04-25,235224.67,2261.17,635.00,1020.52
1996-04-26,235675.00,2261.27,672.00,899.04
1996-04-27,235630.00,2261.26,674.00,651.31
1996-04-28,235360.00,2261.20,676.00,539.87
1996-04-29,235540.00,2261.24,596.00,686.75
1996-04-30,235179.56,2261.16,540.00,358.28
1996-05-01,235134.45,2261.15,533.00,510.26
1996-05-02,234865.00,2261.09,530.00,394.15
1996-05-03,234640.00,2261.04,532.00,418.56
1996-05-04,234280.00,2260.96,534.00,352.50
1996-05-05,234010.00,2260.90,531.00,394.87
1996-05-06,233335.00,2260.75,907.00,566.69
1996-05-07,230769.78,2260.18,1546.00,252.70
1996-05-08,228565.89,2259.69,1570.00,458.87
1996-05-09,226199.56,2259.16,1534.00,340.98
1996-05-10,223798.22,2258.62,1498.00,287.32
1996-05-11,221480.00,2258.10,1450.00,281.23
1996-05-12,219842.00,2257.73,1366.00,540.17
1996-05-13,218248.75,2257.37,1426.00,622.74
1996-05-14,217016.00,2257.09,1522.00,900.49
1996-05-15,215432.00,2256.73,1468.00,669.40
1996-05-16,214112.00,2256.43,1402.00,736.50
1996-05-17,212791.25,2256.13,1288.00,622.12
1996-05-18,212000.00,2255.95,1204.00,805.08
1996-05-19,210900.00,2255.70,1133.00,578.42
1996-05-20,209986.00,2255.49,1061.00,600.19
1996-05-21,209203.11,2255.31,1001.00,606.29
1996-05-22,208499.47,2255.15,951.00,596.25
1996-05-23,207542.00,2254.93,907.00,424.28
1996-05-24,207152.42,2254.84,869.00,672.59
1996-05-25,206804.00,2254.76,841.00,665.34
1996-05-26,206672.00,2254.73,836.00,769.45
1996-05-27,206496.89,2254.69,825.00,736.72
1996-05-28,205846.00,2254.54,805.00,476.84
1996-05-29,205584.00,2254.48,790.00,657.91
1996-05-30,204932.33,2254.33,775.00,446.45
1996-05-31,203930.00,2254.10,979.00,473.66
1996-06-01,202329.00,2253.73,1215.00,407.83
1996-06-02,201158.00,2253.46,1210.00,619.62
1996-06-03,200513.11,2253.31,1210.00,884.87
1996-06-04,199309.00,2253.03,1210.00,602.93
1996-06-05,198148.00,2252.76,1210.00,624.66
1996-06-06,196987.00,2252.49,1210.00,624.66
1996-06-07,195524.47,2252.15,1210.00,472.64
1996-06-08,194794.00,2251.98,1204.00,835.72
1996-06-09,193298.27,2251.63,1204.00,449.90
1996-06-10,191589.00,2251.23,1330.00,468.24
1996-06-11,189161.59,2250.66,1564.00,340.18
1996-06-12,186489.00,2250.03,1733.00,385.57
1996-06-13,183578.41,2249.34,1791.00,323.57
1996-06-14,180595.28,2248.63,1785.00,281.01
1996-06-15,177878.00,2247.98,1681.00,311.04
1996-06-16,175344.72,2247.37,1616.00,338.80
1996-06-17,172611.00,2246.71,1603.00,224.75
1996-06-18,170018.00,2246.08,1597.00,289.70
1996-06-19,167188.91,2245.39,1586.00,159.66
1996-06-20,164580.00,2244.75,1581.00,265.68
1996-06-21,162069.31,2244.13,1569.00,303.19
1996-06-22,159300.00,2243.44,1565.00,168.80
1996-06-23,157180.00,2242.91,1554.00,485.17
1996-06-24,154438.00,2242.22,1550.00,167.57
1996-06-25,152106.33,2241.63,1539.00,363.45
1996-06-26,149757.00,2241.03,1528.00,343.55
1996-06-27,147066.38,2240.34,1518.00,161.48
1996-06-28,144503.81,2239.68,1510.00,218.04
1996-06-29,141660.00,2238.94,1588.00,154.24
1996-06-30,138710.00,2238.42,1648.00,160.71
1996-07-01,135808.00,2237.69,1740.00,276.91
1996-07-02,132417.00,2236.75,1820.00,110.37
1996-07-03,129260.00,2235.87,1802.00,210.34
1996-07-04,126250.00,2235.02,1745.00,227.46
1996-07-05,125320.00,2234.27,1629.00,154.70
1996-07-06,121220.00,2233.58,1566.00,154.70
1996-07-07,118950.00,2232.92,1477.00,332.54
1996-07-08,116650.00,2232.25,1419.00,259.42
1996-07-09,114410.00,2231.63,1408.00,278.67
1996-07-10,112130.00,2231.00,1388.00,238.50
1996-07-11,109890.00,2230.38,1363.00,233.67
1996-07-12,107470.00,2229.70,1409.00,188.92
1996-07-13,104870.00,2228.97,1468.00,157.17
1996-07-14,102390.00,2228.27,1508.00,257.67
1996-07-15,99680.00,2227.50,1471.00,104.71
1996-07-16,96980.00,2226.73,1481.00,119.75
1996-07-17,94440.00,2226.00,1443.00,162.42
1996-07-18,91840.00,2225.25,1412.00,101.17
1996-07-19,89520.00,2224.50,1386.00,216.33
1996-07-20,87220.00,2223.71,1361.00,201.42
1996-07-21,85020.00,2222.95,1335.00,225.83
1996-07-22,82770.00,2222.17,1310.00,175.62
1996-07-23,80520.00,2221.39,1302.00,167.62
1996-07-24,78130.00,2220.56,1289.00,84.04
1996-07-25,75830.00,2219.76,1264.00,104.42
1996-07-26,73730.00,2219.03,1240.00,181.25
1996-07-27,71580.00,2218.28,1211.00,127.04
1996-07-28,69400.00,2217.52,1188.00,88.92
1996-07-29,67450.00,2216.84,1164.00,180.87
1996-07-30,65420.00,2216.13,1135.00,111.54
1996-07-31,63310.00,2215.39,1106.00,76.45
1996-08-01,61370.00,2214.71,1083.00,104.92
1996-08-02,59520.00,2214.06,1054.00,121.29
1996-08-03,57840.00,2213.47,1025.00,178.00
1996-08-04,56220.00,2212.90,1002.00,185.25
1996-08-05,54550.00,2212.31,984.00,142.04
1996-08-06,52740.00,2211.67,988.00,75.46
1996-08-07,51040.00,2211.07,964.00,106.92
1996-08-08,49070.00,2210.45,935.00,102.53
1996-08-09,47690.00,2209.88,907.00,211.25
1996-08-10,46200.00,2209.35,878.00,126.79
1996-08-11,44700.00,2208.82,849.00,92.75
1996-08-12,43210.00,2208.29,831.00,79.79
1996-08-13,41750.00,2207.77,829.00,92.92
1996-08-14,40340.00,2207.27,803.00,37.32
1996-08-15,39870.00,2207.10,145.00,50.36
1996-08-16,40090.00,2207.18,2.00,112.92
1996-08-17,40180.00,2207.21,3.00,48.38
1996-08-18,40260.00,2207.24,2.00,42.33
1996-08-19,40430.00,2207.30,1.00,86.71
1996-08-20,40430.00,2207.30,1.00,37.32
1996-08-21,40510.00,2207.33,1.00,41.33
1996-08-22,40680.00,2207.37,1.00,86.71
1996-08-23,40340.00,2207.37,42.00,50.36
1996-08-24,40340.00,2207.19,267.00,89.49
1996-08-25,39470.00,2207.01,264.00,76.45
1996-08-26,39020.00,2206.81,261.00,34.12
1996-08-27,38550.00,2206.63,257.00,20.04
1996-08-28,38120.00,2206.48,257.00,40.21
1996-08-29,37730.00,2206.34,257.00,60.37
1996-08-30,37310.00,2206.19,254.00,42.25
1996-08-31,36890.00,2206.04,251.00,39.25
1996-09-01,36500.00,2205.90,247.00,50.37
1996-09-02,36130.00,2205.77,247.00,60.46
1996-09-03,35680.00,2205.61,244.00,17.12
1996-09-04,35380.00,2205.50,241.00,89.75
1996-09-05,35100.00,2205.40,241.00,99.83
1996-09-06,34700.00,2205.26,237.00,35.33
1996-09-07,34280.00,2205.11,237.00,25.25
1996-09-08,33920.00,2204.99,234.00,52.50
1996-09-09,33500.00,2204.83,234.00,22.25
1996-09-10,33080.00,2204.68,230.00,18.25
1996-09-11,32740.00,2204.56,227.00,55.58
1996-09-12,32350.00,2204.42,224.00,27.37
1996-09-13,31990.00,2204.29,224.00,42.50
1996-09-14,31710.00,2204.19,221.00,79.83
1996-09-15,31430.00,2204.09,217.00,75.83
1996-09-16,31180.00,2204.00,217.00,90.96
1996-09-17,30920.00,2203.91,214.00,82.92
1996-09-18,30670.00,2203.82,211.00,84.96
1996-09-19,30370.00,2203.71,208.00,56.75
1996-09-20,30090.00,2203.61,205.00,63.83
1996-09-21,30000.00,2203.58,205.00,128.61
1996-09-22,29920.00,2203.53,203.00,115.57
1996-09-23,29780.00,2203.51,30.00,11.24
1996-09-24,29750.00,2203.51,2.00,50.36
1996-09-25,29840.00,2203.52,1.00,46.38
1996-09-26,29980.00,2203.57,0.00,70.58
1996-09-27,30090.00,2203.61,0.00,55.46
1996-09-28,30260.00,2203.67,0.00,85.71
1996-09-29,30420.00,2203.73,0.00,80.67
1996-09-30,30510.00,2203.76,0.00,45.38
1996-10-01,30560.00,2203.78,0.00,25.00
1996-10-02,30620.00,2203.80,0.00,30.25
1996-10-03,30730.00,2203.84,0.00,55.46
1996-10-04,30810.00,2203.87,0.00,40.33
1996-10-05,30900.00,2203.90,0.00,45.38
1996-10-06,30980.00,2203.93,0.00,40.33
1996-10-07,31060.00,2203.96,0.00,40.33
1996-10-08,31120.00,2203.98,0.00,30.25
1996-10-09,31180.00,2204.00,0.00,30.25
1996-10-10,31260.00,2204.03,0.00,40.33
1996-10-11,31340.00,2204.06,0.00,40.33
1996-10-12,31430.00,2204.09,0.00,45.38
1996-10-13,31480.00,2204.11,0.00,25.21
1996-10-14,31790.00,2204.22,0.00,156.29
1996-10-15,32380.00,2204.43,0.00,297.46
1996-10-16,32580.00,2204.50,0.00,100.83
1996-10-17,32860.00,2204.60,0.00,141.17
1996-10-18,33300.00,2204.76,0.00,221.83
1996-10-19,33700.00,2204.90,0.00,201.67
1996-10-20,33920.00,2204.98,0.00,110.92
1996-10-21,34090.00,2205.04,0.00,85.71
1996-10-22,34590.00,2205.22,0.00,252.08
1996-10-23,35240.00,2205.45,0.00,327.71
1996-10-24,35880.00,2205.68,0.00,322.67
1996-10-25,36500.00,2205.90,0.00,312.58
1996-10-26,37140.00,2206.13,0.00,322.67
1996-10-27,37620.00,2206.30,0.00,242.00
1996-10-28,38600.00,2206.65,0.00,494.08
1996-10-29,39610.00,2207.01,0.00,509.21
1996-10-30,40460.00,2207.31,0.00,428.54
1996-10-31,41080.00,2207.53,0.00,312.58
1996-11-01,41610.00,2207.72,0.00,267.21
1996-11-02,42200.00,2207.93,0.00,297.46
1996-11-03,42760.00,2208.13,0.00,282.33
1996-11-04,42960.00,2208.20,1.00,101.83
1996-11-05,43830.00,2208.51,1.00,439.63
1996-11-06,44590.00,2208.78,14.00,397.17
1996-11-07,45240.00,2209.01,4.00,331.71
1996-11-08,45880.00,2209.24,3.00,325.67
1996-11-09,46620.00,2209.50,2.00,375.08
1996-11-10,47300.00,2209.74,1.00,343.83
1996-11-11,48030.00,2210.00,1.00,369.04
1996-11-12,48870.00,2210.30,1.00,424.50
1996-11-13,50140.00,2210.75,3.00,643.29
1996-11-14,50900.00,2211.02,2.00,385.17
1996-11-15,51700.00,2211.30,2.00,405.33
1996-11-16,52540.00,2211.60,2.00,425.50
1996-11-17,53420.00,2211.91,2.00,445.67
1996-11-18,53990.00,2212.11,2.00,289.38
1996-11-19,54440.00,2212.27,2.00,228.88
1996-11-20,54840.00,2212.41,2.00,203.67
1996-11-21,55290.00,2212.57,2.00,228.88
1996-11-22,55680.00,2212.71,2.00,198.63
1996-11-23,56110.00,2212.86,1.00,217.79
1996-11-24,56510.00,2213.00,2.00,203.67
1996-11-25,56650.00,2213.05,6.00,76.58
1996-11-26,57440.00,2213.33,6.00,404.29
1996-11-27,58240.00,2213.61,12.00,415.33
1996-11-28,59350.00,2214.00,17.00,576.63
1996-11-29,60400.00,2214.37,4.00,533.38
1996-11-30,61510.00,2214.76,2.00,561.63
1996-12-01,62570.00,2215.13,3.00,537.42
1996-12-02,62940.00,2215.26,2.00,188.54
1996-12-03,64280.00,2215.73,1.00,676.58
1996-12-04,65020.00,2215.99,1.00,374.08
1996-12-05,65680.00,2216.22,1.00,333.75
1996-12-06,66280.00,2216.43,1.00,303.50
1996-12-07,66850.00,2216.63,1.00,288.38
1996-12-08,67420.00,2216.83,1.00,288.38
1996-12-09,67590.00,2216.89,1.00,86.71
1996-12-10,67910.00,2217.00,1.00,162.33
1996-12-11,68140.00,2217.08,1.00,116.96
1996-12-12,68390.00,2217.17,1.00,127.04
1996-12-13,68740.00,2217.29,1.00,177.46
1996-12-14,69110.00,2217.42,0.00,186.54
1996-12-15,69460.00,2217.54,1.00,177.46
1996-12-16,69770.00,2217.65,1.00,157.29
1996-12-17,70090.00,2217.76,1.00,162.33
1996-12-18,70400.00,2217.87,1.00,157.29
1996-12-19,70860.00,2218.03,0.00,231.92
1996-12-20,71240.00,2218.16,1.00,192.58
1996-12-21,71550.00,2218.27,1.00,157.29
1996-12-22,71840.00,2218.37,0.00,146.21
1996-12-23,72210.00,2218.50,0.00,186.54
1996-12-24,72700.00,2218.67,0.00,247.04
1996-12-25,73130.00,2218.82,0.00,216.79
1996-12-26,73650.00,2219.00,1.00,263.17
1996-12-27,74100.00,2219.16,1.00,227.88
1996-12-28,74510.00,2219.30,1.00,207.71
1996-12-29,74910.00,2219.44,4.00,205.67
1996-12-30,75420.00,2219.62,6.00,263.13
1996-12-31,75860.00,2219.77,5.00,226.83
1997-01-01,76320.00,2219.93,7.00,238.92
1997-01-02,77350.00,2220.29,13.00,532.29
1997-01-03,78560.00,2220.71,11.00,621.04
1997-01-04,79800.00,2221.14,5.00,630.17
1997-01-05,80610.00,2221.42,2.00,410.38
1997-01-06,81580.00,2221.76,2.00,491.04
1997-01-07,82770.00,2222.17,34.00,633.96
1997-01-08,83810.00,2222.53,28.00,552.33
1997-01-09,84590.00,2222.80,11.00,404.25
1997-01-10,85280.00,2223.04,10.00,357.88
1997-01-11,85920.00,2223.26,8.00,330.67
1997-01-12,86470.00,2223.45,4.00,281.29
1997-01-13,86850.00,2223.58,3.00,194.58
1997-01-14,87310.00,2223.74,2.00,233.92
1997-01-15,87690.00,2223.87,2.00,193.58
1997-01-16,88120.00,2224.02,2.00,218.79
1997-01-17,88560.00,2224.17,2.00,223.83
1997-01-18,89030.00,2224.33,1.00,237.96
1997-01-19,89460.00,2224.48,1.00,217.79
1997-01-20,89930.00,2224.64,1.00,237.96
1997-01-21,90390.00,2224.80,1.00,232.92
1997-01-22,90830.00,2224.95,1.00,222.83
1997-01-23,91220.00,2225.07,1.00,197.63
1997-01-24,91530.00,2225.16,1.00,157.29
1997-01-25,91870.00,2225.26,0.00,171.42
1997-01-26,92250.00,2225.37,0.00,191.58
1997-01-27,92740.00,2225.51,0.00,247.04
1997-01-28,93330.00,2225.68,0.00,297.46
1997-01-29,93880.00,2225.84,0.00,277.29
1997-01-30,94710.00,2226.08,1.00,419.46
1997-01-31,95790.00,2226.39,2.00,546.50
1997-02-01,96770.00,2226.67,1.00,495.08
1997-02-02,97400.00,2226.85,1.00,318.63
1997-02-03,98070.00,2227.04,1.00,338.79
1997-02-04,98520.00,2227.17,0.00,226.88
1997-02-05,98840.00,2227.26,0.00,161.33
1997-02-06,99260.00,2227.38,0.00,211.75
1997-02-07,99680.00,2227.50,0.00,211.75
1997-02-08,99960.00,2227.58,0.00,141.17
1997-02-09,100415.00,2227.71,0.00,229.40
1997-02-10,100730.00,2227.80,0.00,158.81
1997-02-11,101116.00,2227.91,0.00,194.61
1997-02-12,101929.48,2228.14,0.00,410.13
1997-02-13,102356.00,2228.26,0.00,215.04
1997-02-14,103874.91,2228.69,2.00,767.79
1997-02-15,105690.00,2229.20,10.00,925.11
1997-02-16,107040.00,2229.58,4.00,684.63
1997-02-17,108252.00,2229.92,2.00,613.05
1997-02-18,109538.00,2230.28,3.00,651.36
1997-02-19,110787.38,2230.63,2.00,631.90
1997-02-20,111652.62,2230.87,2.00,438.22
1997-02-21,112310.00,2231.05,1.00,332.43
1997-02-22,112777.82,2231.18,1.00,236.86
1997-02-23,113426.53,2231.36,1.00,328.06
1997-02-24,113866.00,2231.48,1.00,222.57
1997-02-25,114443.47,2231.64,1.00,292.14
1997-02-26,114912.00,2231.77,1.00,237.22
1997-02-27,115454.00,2231.92,1.00,274.26
1997-02-28,115858.00,2232.03,1.00,204.68
1997-03-01,116729.00,2232.27,1.00,440.13
1997-03-02,117272.00,2232.42,1.00,274.76
1997-03-03,117560.00,2232.50,0.00,145.20
1997-03-04,118109.56,2232.65,0.00,277.07
1997-03-05,118512.00,2232.76,0.00,202.90
1997-03-06,119020.00,2232.90,0.00,256.12
1997-03-07,119606.00,2233.06,1.00,296.44
1997-03-08,119860.37,2233.13,1.00,129.24
1997-03-09,120850.00,2233.40,1.00,499.94
1997-03-10,121257.00,2233.51,1.00,206.20
1997-03-11,121553.00,2233.59,1.00,150.23
1997-03-12,122034.00,2233.72,1.00,243.50
1997-03-13,122441.27,2233.83,0.00,205.33
1997-03-14,122700.00,2233.90,0.00,130.44
1997-03-15,123587.46,2234.14,0.00,447.43
1997-03-16,123884.00,2234.22,0.00,149.51
1997-03-17,124439.63,2234.37,0.00,280.13
1997-03-18,125808.00,2234.74,1.00,690.89
1997-03-19,130424.00,2235.98,4.00,2331.23
1997-03-20,134260.00,2237.00,2.00,1935.98
1997-03-21,136378.00,2237.56,1.00,1068.83
1997-03-22,137748.00,2237.92,1.00,691.71
1997-03-23,139239.09,2238.31,1.00,752.76
1997-03-24,140350.00,2238.60,1.00,561.08
1997-03-25,141272.38,2238.84,1.00,466.03
1997-03-26,142421.44,2239.14,1.00,580.32
1997-03-27,143927.00,2239.53,1.00,760.05
1997-03-28,145281.81,2239.88,1.00,684.05
1997-03-29,146023.00,2240.07,1.00,374.68
1997-03-30,146871.00,2240.29,1.00,428.53
1997-03-31,148002.00,2240.58,0.00,570.21
1997-04-01,148587.00,2240.73,0.00,294.94
1997-04-02,149406.00,2240.94,0.00,412.91
1997-04-03,150185.42,2241.14,0.00,392.96
1997-04-04,150810.00,2241.30,0.00,314.89
1997-04-05,151360.00,2241.44,0.00,277.29
1997-04-06,151834.00,2241.56,0.00,238.98
1997-04-07,152540.00,2241.74,0.00,355.94
1997-04-08,153130.91,2241.89,0.00,297.92
1997-04-09,153804.00,2242.06,1.00,340.35
1997-04-10,154516.00,2242.24,1.00,359.97
1997-04-11,155109.91,2242.39,0.00,299.43
1997-04-12,155862.00,2242.58,0.00,379.18
1997-04-13,156780.09,2242.81,1.00,463.87
1997-04-14,157580.00,2243.01,1.00,404.29
1997-04-15,158420.00,2243.22,1.00,424.50
1997-04-16,159380.00,2243.46,1.00,485.00
1997-04-17,160500.00,2243.74,1.00,565.67
1997-04-18,161670.00,2244.03,1.00,590.88
1997-04-19,163079.80,2244.38,1.00,711.77
1997-04-20,166492.00,2245.22,3.00,1723.32
1997-04-21,168665.00,2245.75,2.00,1097.55
1997-04-22,170345.59,2246.16,1.00,848.30
1997-04-23,172317.39,2246.64,2.00,996.11
1997-04-24,174015.00,2247.05,1.00,856.88
1997-04-25,175593.00,2247.43,1.00,796.58
1997-04-26,177507.89,2247.89,1.00,966.42
1997-04-27,180092.00,2248.51,1.00,1303.82
1997-04-28,182192.00,2249.01,1.00,1059.75
1997-04-29,183956.00,2249.43,1.00,890.35
1997-04-30,185897.89,2249.89,1.00,980.04
1997-05-01,187546.00,2250.28,1.00,831.92
1997-05-02,188824.00,2250.58,1.00,645.33
1997-05-03,190137.89,2250.89,1.00,663.42
1997-05-04,191330.69,2251.17,1.00,602.37
1997-05-05,192826.00,2251.52,1.00,754.89
1997-05-06,195009.00,2252.03,22.00,1122.60
1997-05-07,196170.00,2252.30,150.00,735.34
1997-05-08,197460.00,2252.60,150.00,800.38
1997-05-09,199438.00,2253.06,150.00,1147.24
1997-05-10,201726.00,2253.59,150.00,1303.53
1997-05-11,204370.00,2254.20,150.00,1483.02
1997-05-12,207630.00,2254.95,38.00,1681.58
1997-05-13,211780.00,2255.90,1.00,2093.29
1997-05-14,215960.53,2256.85,1.00,2108.69
1997-05-15,220018.00,2257.77,1.00,2046.64
1997-05-16,223440.00,2258.54,108.00,1833.26
1997-05-17,226154.45,2259.15,550.00,1918.54
1997-05-18,227495.00,2259.45,823.00,1498.86
1997-05-19,227900.00,2259.54,1193.00,1397.19
1997-05-20,227810.00,2259.52,1306.00,1260.63
1997-05-21,227050.53,2259.35,1300.00,917.10
1997-05-22,226154.45,2259.15,1306.00,854.23
1997-05-23,225842.00,2259.08,1300.00,1142.47
1997-05-24,224878.92,2258.87,1300.00,814.45
1997-05-25,224325.00,2258.75,1294.00,1014.73
1997-05-26,223575.00,2258.57,1294.00,915.87
1997-05-27,222952.00,2258.43,1294.00,979.90
1997-05-28,222685.77,2258.37,1300.00,1165.77
1997-05-29,222729.78,2258.38,1300.00,1322.19
1997-05-30,222996.00,2258.44,1300.00,1434.22
1997-05-31,223350.00,2258.52,1300.00,1478.48
1997-06-01,223929.47,2258.65,1300.00,1592.15
1997-06-02,223710.00,2258.60,1300.00,1189.35
1997-06-03,223665.00,2258.59,1300.00,1277.31
1997-06-04,223485.00,2258.55,1294.00,1203.25
1997-06-05,222996.00,2258.44,1300.00,1053.46
1997-06-06,222640.66,2258.36,1182.00,1002.85
1997-06-07,222505.33,2258.33,1037.00,968.77
1997-06-08,222194.00,2258.26,1018.00,861.04
1997-06-09,222326.00,2258.29,895.00,961.55
1997-06-10,223350.00,2258.52,489.00,1005.27
1997-06-11,224931.73,2258.88,264.00,1061.46
1997-06-12,226425.00,2259.21,264.00,1016.86
1997-06-13,227675.00,2259.49,264.00,894.21
1997-06-14,228925.00,2259.77,264.00,894.21
1997-06-15,230275.00,2260.07,267.00,947.63
1997-06-16,231669.78,2260.38,267.00,970.20
1997-06-17,233605.11,2260.81,268.00,1243.73
1997-06-18,235089.34,2261.14,272.00,1020.30
1997-06-19,235810.00,2261.30,335.00,698.33
1997-06-20,236260.00,2261.40,382.00,608.88
1997-06-21,236848.00,2261.53,383.00,679.45
1997-06-22,237349.34,2261.64,384.00,636.76
1997-06-23,237755.00,2261.73,381.00,585.52
1997-06-24,237304.23,2261.63,382.00,594.47
1997-06-25,237800.00,2261.74,383.00,632.95
1997-06-26,238070.00,2261.80,436.00,572.13
1997-06-27,238025.00,2261.79,551.00,528.31
1997-06-28,237935.00,2261.77,592.00,546.63
1997-06-29,237980.00,2261.78,593.00,615.69
1997-06-30,237800.00,2261.74,599.00,508.25
1997-07-01,237620.00,2261.70,550.00,459.25
1997-07-02,237529.78,2261.68,515.00,469.51
1997-07-03,238890.00,2261.98,498.00,1183.78
1997-07-04,239025.00,2262.01,483.00,551.06
1997-07-05,239205.00,2262.05,484.00,574.75
1997-07-06,239340.00,2262.08,515.00,583.06
1997-07-07,239295.00,2262.07,538.00,515.31
1997-07-08,239340.00,2262.08,539.00,561.69
1997-07-09,239840.00,2262.19,540.00,792.08
1997-07-10,239935.00,2262.21,572.00,619.90
1997-07-11,239705.55,2262.16,635.00,519.32
1997-07-12,239295.00,2262.07,680.00,473.02
1997-07-13,238845.00,2261.97,680.00,453.12
1997-07-14,238392.78,2261.87,680.00,452.01
1997-07-15,237710.00,2261.72,680.00,335.76
1997-07-16,237215.11,2261.61,680.00,430.49
1997-07-17,236665.00,2261.49,670.00,392.65
1997-07-18,236080.66,2261.36,616.00,321.39
1997-07-19,235585.00,2261.25,608.00,358.11
1997-07-20,235089.34,2261.14,608.00,358.11
1997-07-21,234460.00,2261.00,558.00,240.71
1997-07-22,233875.77,2260.87,466.00,171.45
1997-07-23,233605.11,2260.81,385.00,248.54
1997-07-24,233605.11,2260.81,330.00,330.00
1997-07-25,233470.00,2260.78,243.00,174.88
1997-07-26,233380.00,2260.76,240.00,194.62
1997-07-27,233290.00,2260.74,240.00,194.62
1997-07-28,233019.78,2260.68,240.00,103.76
1997-07-29,232884.45,2260.65,243.00,174.77
1997-07-30,232660.00,2260.60,243.00,129.84
1997-07-31,232435.00,2260.55,240.00,126.56
1997-08-01,231985.00,2260.45,243.00,16.12
1997-08-02,231805.00,2260.41,243.00,152.25
1997-08-03,231535.55,2260.35,240.00,104.15
1997-08-04,231310.00,2260.30,243.00,129.29
1997-08-05,231085.00,2260.25,243.00,129.56
1997-08-06,230633.00,2260.15,243.00,15.12
1997-08-07,230230.00,2260.06,240.00,36.82
1997-08-08,229960.00,2260.00,240.00,103.87
1997-08-09,229645.00,2259.93,240.00,81.19
1997-08-10,229419.78,2259.88,240.00,126.45
1997-08-11,229825.00,2259.97,240.00,444.30
1997-08-12,229330.00,2259.86,258.00,8.44
1997-08-13,228970.00,2259.78,298.00,116.50
1997-08-14,228521.78,2259.68,322.00,96.02
1997-08-15,227900.00,2259.54,325.00,11.52
1997-08-16,227270.00,2259.40,329.00,11.37
1997-08-17,226785.00,2259.29,332.00,87.48
1997-08-18,226160.00,2259.15,349.00,33.90
1997-08-19,225622.00,2259.03,363.00,91.76
1997-08-20,224931.73,2258.88,366.00,17.99
1997-08-21,224360.00,2258.76,372.00,83.75
1997-08-22,223754.11,2258.61,380.00,74.53
1997-08-23,222952.00,2258.43,415.00,10.60
1997-08-24,222150.00,2258.25,439.00,34.66
1997-08-25,221480.00,2258.10,512.00,174.21
1997-08-26,220150.00,2257.80,774.00,103.46
1997-08-27,218380.00,2257.40,949.00,56.62
1997-08-28,216752.00,2257.03,1130.00,194.29
1997-08-29,214332.00,2256.48,1279.00,58.92
1997-08-30,211780.00,2255.90,1362.00,75.37
1997-08-31,209203.11,2255.31,1374.00,74.82
1997-09-01,206760.00,2254.75,1385.00,153.27
1997-09-02,204018.22,2254.12,1385.00,24.65
1997-09-03,200813.80,2253.38,1378.00,20.30
1997-09-04,198277.00,2252.79,1366.00,87.03
1997-09-05,195783.00,2252.21,1360.00,102.61
1997-09-06,193341.38,2251.64,1354.00,33.35
1997-09-07,190652.00,2251.01,1342.00,11.60
1997-09-08,188312.00,2250.46,1324.00,144.25
1997-09-09,185855.80,2249.88,1294.00,55.66
1997-09-10,183452.11,2249.31,1276.00,64.14
1997-09-11,181058.00,2248.74,1282.00,74.97
1997-09-12,178338.00,2248.09,1312.00,15.95
1997-09-13,176174.00,2247.57,1330.00,238.98
1997-09-14,173684.00,2246.97,1324.00,68.62
1997-09-15,171371.00,2246.41,1312.00,145.86
1997-09-16,169362.00,2245.92,1306.00,293.13
1997-09-17,167476.00,2245.46,1270.00,394.38
1997-09-18,166289.70,2245.17,1248.00,394.38
1997-09-19,164256.70,2244.67,1248.00,223.03
1997-09-20,161870.00,2244.08,1264.00,60.70
1997-09-21,159900.00,2243.59,1276.00,282.79
1997-09-22,157580.00,2243.01,1306.00,136.33
1997-09-23,155270.00,2242.43,1318.00,153.37
1997-09-24,152819.09,2241.81,1318.00,82.33
1997-09-25,150615.00,2241.25,1318.00,206.77
1997-09-26,148430.91,2240.69,1312.00,210.85
1997-09-27,146559.00,2240.21,1300.00,356.25
1997-09-28,144313.34,2239.63,1264.00,131.81
1997-09-29,142535.72,2239.17,1237.00,340.78
1997-09-30,140312.00,2238.59,1231.00,109.87
1997-10-01,138250.00,2238.05,1182.00,143.00
1997-10-02,136643.34,2237.63,1174.00,363.98
1997-10-03,135010.00,2237.20,1167.00,343.52
1997-10-04,135124.00,2237.23,1170.00,1227.47
1997-10-05,134408.00,2237.04,1135.00,774.02
1997-10-06,133389.00,2236.77,1022.00,508.25
1997-10-07,132114.00,2236.43,956.00,313.19
1997-10-08,130833.00,2236.09,989.00,343.16
1997-10-09,129295.82,2235.68,1010.00,235.00
1997-10-10,127510.00,2235.20,1048.00,147.65
1997-10-11,126104.18,2234.82,1081.00,372.23
1997-10-12,124439.63,2234.37,1036.00,196.79
1997-10-13,123107.00,2234.01,904.00,232.13
1997-10-14,122515.45,2233.85,573.00,274.76
1997-10-15,122625.82,2233.88,150.00,205.64
1997-10-16,123070.00,2234.00,30.00,253.94
1997-10-17,123218.00,2234.04,16.00,90.62
1997-10-18,123550.37,2234.13,15.00,182.57
1997-10-19,123847.00,2234.21,15.00,164.55
1997-10-20,124069.00,2234.27,12.00,123.93
1997-10-21,124328.36,2234.34,9.00,139.76
1997-10-22,124512.91,2234.39,9.00,102.04
1997-10-23,124809.00,2234.47,9.00,158.28
1997-10-24,124920.00,2234.50,9.00,64.96
1997-10-25,125142.00,2234.56,9.00,120.93
1997-10-26,125437.46,2234.64,9.00,157.96
1997-10-27,125622.91,2234.69,9.00,102.50
1997-10-28,126141.27,2234.83,5.00,266.34
1997-10-29,127361.64,2235.16,6.00,621.27
1997-10-30,132190.00,2236.45,7.00,2441.30
1997-10-31,134895.72,2237.17,9.00,1373.13
1997-11-01,136492.00,2237.59,8.00,812.79
1997-11-02,137518.56,2237.86,7.00,524.56
1997-11-03,138629.53,2238.15,7.00,567.11
1997-11-04,139395.48,2238.35,7.00,393.17
1997-11-05,139970.00,2238.50,6.00,295.65
1997-11-06,140778.00,2238.71,6.00,413.37
1997-11-07,141310.47,2238.85,6.00,274.45
1997-11-08,141695.00,2238.95,6.00,199.87
1997-11-09,142080.00,2239.05,6.00,200.10
1997-11-10,142497.63,2239.16,6.00,216.55
1997-11-11,142845.00,2239.25,6.00,181.13
1997-11-12,143230.00,2239.35,6.00,200.10
1997-11-13,143770.00,2239.49,6.00,278.25
1997-11-14,144200.00,2239.60,6.00,222.79
1997-11-15,144427.63,2239.66,6.00,120.76
1997-11-16,144658.00,2239.72,6.00,122.15
1997-11-17,144970.00,2239.80,6.00,163.30
1997-11-18,145090.00,2239.83,85.36,145.86
1997-11-19,145516.00,2239.94,291.00,505.78
1997-11-20,145711.00,2239.99,291.00,389.31
1997-11-21,145633.00,2239.97,371.00,331.67
1997-11-22,144736.00,2239.74,800.00,347.76
1997-11-23,143615.00,2239.45,800.00,234.83
1997-11-24,142845.00,2239.25,715.00,326.79
1997-11-25,142308.09,2239.11,471.00,200.31
1997-11-26,142194.00,2239.08,228.00,170.48
1997-11-27,142232.00,2239.09,130.00,149.16
1997-11-28,142421.44,2239.14,128.00,223.51
1997-11-29,142689.00,2239.21,128.00,262.90
1997-11-30,142962.00,2239.28,128.00,265.64
1997-12-01,143078.09,2239.31,112.00,170.53
1997-12-02,143154.28,2239.33,100.00,138.41
1997-12-03,143654.00,2239.46,38.00,289.94
1997-12-04,143693.00,2239.47,38.00,57.66
1997-12-05,143966.00,2239.54,15.00,152.64
1997-12-06,144200.00,2239.60,6.00,123.98
1997-12-07,144736.00,2239.74,6.00,276.23
1997-12-08,144931.00,2239.79,6.00,104.31
1997-12-09,145165.48,2239.85,6.00,124.22
1997-12-10,145360.00,2239.90,6.00,104.07
1997-12-11,145470.00,2239.93,6.00,61.46
1997-12-12,145590.00,2239.96,6.00,66.50
1997-12-13,145750.00,2240.00,6.00,86.67
1997-12-14,146250.00,2240.13,6.00,258.08
1997-12-15,146637.00,2240.23,6.00,201.11
1997-12-16,147807.00,2240.53,6.00,595.88
1997-12-17,148235.42,2240.64,7.00,223.00
1997-12-18,148430.00,2240.69,6.38,104.48
1997-12-19,148587.00,2240.73,6.00,85.15
1997-12-20,148899.09,2240.81,6.00,163.35
1997-12-21,149250.00,2240.90,6.00,182.92
1997-12-22,149523.00,2240.97,6.00,143.64
1997-12-23,149757.00,2241.03,6.00,123.98
1997-12-24,149952.00,2241.08,6.00,104.31
1997-12-25,150108.19,2241.12,6.00,84.74
1997-12-26,150537.00,2241.23,6.00,222.19
1997-12-27,150810.00,2241.30,6.00,143.64
1997-12-28,151600.00,2241.50,7.00,405.29
1997-12-29,152145.42,2241.64,8.00,282.98
1997-12-30,152700.00,2241.78,8.00,287.60
1997-12-31,153210.00,2241.91,7.00,264.13
1998-01-01,154000.09,2242.11,7.00,405.34
1998-01-02,154555.00,2242.25,7.00,286.77
1998-01-03,154870.30,2242.33,7.00,165.96
1998-01-04,155350.00,2242.45,7.00,248.85
1998-01-05,155820.00,2242.57,7.00,243.96
1998-01-06,156340.00,2242.70,7.00,269.17
1998-01-07,156740.00,2242.80,7.00,208.67
1998-01-08,157140.00,2242.90,7.00,208.67
1998-01-09,157700.00,2243.04,6.00,288.33
1998-01-10,158260.00,2243.18,6.00,288.33
1998-01-11,158740.00,2243.30,6.00,248.00
1998-01-12,159140.00,2243.40,6.00,207.67
1998-01-13,159540.00,2243.50,6.00,207.67
1998-01-14,159940.00,2243.60,6.00,207.67
1998-01-15,160340.00,2243.70,6.00,207.67
1998-01-16,160740.00,2243.80,6.00,207.67
1998-01-17,161190.00,2243.91,7.00,233.88
1998-01-18,161790.00,2244.06,7.00,309.50
1998-01-19,162270.00,2244.18,7.00,249.00
1998-01-20,162720.00,2244.29,7.00,233.88
1998-01-21,163160.00,2244.40,7.00,228.83
1998-01-22,163490.00,2244.48,7.00,173.38
1998-01-23,163770.00,2244.55,7.00,148.17
1998-01-24,164180.00,2244.65,7.00,213.71
1998-01-25,164460.00,2244.72,7.00,148.17
1998-01-26,164780.00,2244.80,7.00,168.33
1998-01-27,165026.59,2244.86,7.00,131.32
1998-01-28,165272.00,2244.92,7.00,130.73
1998-01-29,165518.00,2244.98,7.00,131.03
1998-01-30,165846.00,2245.06,7.00,172.37
1998-01-31,166090.20,2245.12,7.00,130.12
1998-02-01,166329.80,2245.18,7.00,127.80
1998-02-02,166533.00,2245.23,7.00,109.45
1998-02-03,166779.00,2245.29,7.00,131.03
1998-02-04,166990.00,2245.34,7.00,113.38
1998-02-05,167190.00,2245.39,7.00,107.83
1998-02-06,167360.00,2245.43,8.00,93.71
1998-02-07,167720.00,2245.52,8.00,189.50
1998-02-08,168010.00,2245.59,8.00,154.21
1998-02-09,168540.00,2245.72,8.00,275.21
1998-02-10,168790.00,2245.78,8.00,134.04
1998-02-11,169070.00,2245.85,8.00,149.17
1998-02-12,169360.00,2245.92,8.00,154.21
1998-02-13,169560.00,2245.97,9.00,109.83
1998-02-14,169890.00,2246.05,9.00,175.38
1998-02-15,170380.00,2246.17,8.00,255.04
1998-02-16,170920.00,2246.30,8.00,280.25
1998-02-17,171660.00,2246.48,8.00,381.08
1998-02-18,172320.00,2246.64,8.00,340.75
1998-02-19,172860.00,2246.77,8.00,280.25
1998-02-20,173103.30,2246.83,8.00,130.66
1998-02-21,173642.00,2246.96,9.00,280.60
1998-02-22,173974.00,2247.04,8.00,175.38
1998-02-23,174262.11,2247.11,8.00,153.26
1998-02-24,174555.80,2247.18,8.00,156.07
1998-02-25,175092.11,2247.31,8.00,278.39
1998-02-26,175427.89,2247.39,8.00,177.29
1998-02-27,175675.00,2247.45,8.00,132.58
1998-02-28,176006.00,2247.53,7.00,173.88
1998-03-01,176341.09,2247.61,7.00,175.94
1998-03-02,176710.00,2247.70,7.00,192.99
1998-03-03,176920.00,2247.75,7.00,112.88
1998-03-04,177130.00,2247.80,7.00,112.88
1998-03-05,177298.41,2247.84,7.00,91.90
1998-03-06,177465.80,2247.88,7.00,91.39
1998-03-07,177632.00,2247.92,7.00,90.79
1998-03-08,177837.00,2247.97,7.00,110.35
1998-03-09,178422.11,2248.11,7.00,301.99
1998-03-10,178800.00,2248.20,8.00,198.52
1998-03-11,178968.00,2248.24,8.00,92.70
1998-03-12,179261.09,2248.31,8.00,155.77
1998-03-13,179630.00,2248.40,8.00,193.99
1998-03-14,180134.00,2248.52,9.00,263.10
1998-03-15,180847.89,2248.69,9.00,368.92
1998-03-16,181645.80,2248.88,9.00,411.28
1998-03-17,182360.00,2249.05,9.00,369.08
1998-03-18,182863.69,2249.17,8.00,261.94
1998-03-19,183368.00,2249.29,8.00,262.26
1998-03-20,183745.80,2249.38,8.00,198.47
1998-03-21,184502.00,2249.56,8.00,389.25
1998-03-22,185646.31,2249.83,9.00,585.92
1998-03-23,186874.20,2250.12,9.00,628.06
1998-03-24,188102.00,2250.41,9.00,628.01
1998-03-25,189161.59,2250.66,9.00,543.21
1998-03-26,190223.00,2250.91,9.00,544.13
1998-03-27,191030.00,2251.10,9.00,415.86
1998-03-28,191675.00,2251.25,8.00,333.19
1998-03-29,192353.00,2251.41,7.00,348.83
1998-03-30,192869.00,2251.53,7.00,267.15
1998-03-31,193341.38,2251.64,7.00,245.16
1998-04-01,193852.00,2251.76,7.00,264.44
1998-04-02,194363.80,2251.88,7.00,265.03
1998-04-03,194751.00,2251.97,7.00,202.22
1998-04-04,195267.00,2252.09,7.00,267.15
1998-04-05,195783.00,2252.21,7.00,267.15
1998-04-06,196256.20,2252.32,7.00,245.57
1998-04-07,196686.00,2252.42,7.00,223.69
1998-04-08,197202.00,2252.54,7.00,267.15
1998-04-09,197760.69,2252.67,7.00,288.67
1998-04-10,198363.11,2252.81,7.00,310.72
1998-04-11,199051.00,2252.97,7.00,353.81
1998-04-12,199481.00,2253.07,7.00,223.79
1998-04-13,199910.69,2253.17,7.00,223.63
1998-04-14,200255.00,2253.25,7.00,180.59
1998-04-15,200771.73,2253.37,7.00,267.52
1998-04-16,201244.00,2253.48,7.00,245.10
1998-04-17,201506.00,2253.54,48.00,180.09
1998-04-18,201856.20,2253.62,110.00,286.56
1998-04-19,202156.89,2253.69,110.00,261.60
1998-04-20,202587.00,2253.79,110.00,326.85
1998-04-21,203113.00,2253.91,110.00,375.19
1998-04-22,203844.00,2254.08,110.00,478.55
1998-04-23,205670.00,2254.50,110.00,1030.61
1998-04-24,207195.53,2254.85,112.00,881.12
1998-04-25,208280.00,2255.10,112.00,658.75
1998-04-26,209072.00,2255.28,112.00,511.30
1998-04-27,209854.00,2255.46,112.00,506.26
1998-04-28,210813.80,2255.68,112.00,595.90
1998-04-29,212440.00,2256.05,112.00,931.88
1998-04-30,213935.89,2256.39,114.00,868.18
1998-05-01,216796.00,2257.04,114.00,1555.97
1998-05-02,219445.36,2257.64,116.00,1451.72
1998-05-03,221974.00,2258.21,116.00,1390.86
1998-05-04,224150.00,2258.70,116.00,1213.07
1998-05-05,226244.67,2259.17,116.00,1172.06
1998-05-06,228345.36,2259.64,118.00,1177.10
1998-05-07,230230.00,2260.06,118.00,1068.17
1998-05-08,231535.55,2260.35,118.00,776.21
1998-05-09,232660.00,2260.60,118.00,684.91
1998-05-10,233830.66,2260.86,118.00,708.21
1998-05-11,234730.00,2261.06,118.00,571.42
1998-05-12,235765.00,2261.29,152.00,673.81
1998-05-13,236530.00,2261.46,208.00,593.69
1998-05-14,237349.34,2261.64,208.00,621.09
1998-05-15,237935.00,2261.77,208.00,503.27
1998-05-16,238346.67,2261.86,208.00,415.55
1998-05-17,238665.00,2261.93,295.00,455.49
1998-05-18,238800.00,2261.96,362.00,430.06
1998-05-19,238890.00,2261.98,362.00,407.38
1998-05-20,239160.00,2262.04,362.00,498.13
1998-05-21,239430.00,2262.10,362.00,498.13
1998-05-22,239659.44,2262.15,369.00,484.67
1998-05-23,239797.78,2262.18,376.00,445.75
1998-05-24,240295.00,2262.29,401.00,651.68
1998-05-25,240753.89,2262.39,528.00,759.36
1998-05-26,240386.11,2262.31,647.00,461.58
1998-05-27,240115.00,2262.25,667.00,530.32
1998-05-28,239659.44,2262.15,619.00,389.32
1998-05-29,239250.00,2262.06,574.00,367.58
1998-05-30,238935.00,2261.99,529.00,370.19
1998-05-31,238890.00,2261.98,511.00,488.31
1998-06-01,238980.00,2262.00,489.00,534.38
1998-06-02,238980.00,2262.00,469.00,469.00
1998-06-03,239160.00,2262.04,469.00,559.75
1998-06-04,239250.00,2262.06,469.00,514.38
1998-06-05,239250.00,2262.06,470.00,470.00
1998-06-06,239205.00,2262.05,470.00,447.31
1998-06-07,239205.00,2262.05,470.00,470.00
1998-06-08,239295.00,2262.07,470.00,515.38
1998-06-09,239250.00,2262.06,470.00,447.31
1998-06-10,239160.00,2262.04,486.00,440.62
1998-06-11,238437.78,2261.88,704.00,339.88
1998-06-12,238346.67,2261.86,418.00,372.07
1998-06-13,238116.11,2261.81,394.00,277.76
1998-06-14,238116.11,2261.81,353.00,353.00
1998-06-15,238162.22,2261.82,315.00,338.25
1998-06-16,238208.34,2261.83,261.00,284.25
1998-06-17,238300.56,2261.85,210.00,256.49
1998-06-18,238300.56,2261.85,202.00,202.00
1998-06-19,238254.45,2261.84,202.00,178.75
1998-06-20,238346.67,2261.86,202.00,248.49
1998-06-21,238392.78,2261.87,202.00,225.25
1998-06-22,238437.78,2261.88,202.00,224.69
1998-06-23,238437.78,2261.88,203.00,203.00
1998-06-24,238483.89,2261.89,195.00,218.25
1998-06-25,238437.78,2261.88,200.00,176.75
1998-06-26,238392.78,2261.87,201.00,178.31
1998-06-27,238346.67,2261.86,201.00,177.75
1998-06-28,238300.56,2261.85,201.00,177.75
1998-06-29,238208.34,2261.83,204.00,157.51
1998-06-30,238116.11,2261.81,201.00,154.50
1998-07-01,237800.00,2261.74,248.00,88.63
1998-07-02,237665.00,2261.71,293.00,224.94
1998-07-03,237260.22,2261.62,293.00,88.92
1998-07-04,236894.00,2261.54,294.00,109.36
1998-07-05,236350.00,2261.42,294.00,19.73
1998-07-06,236169.78,2261.38,294.00,203.14
1998-07-07,235810.00,2261.30,294.00,112.61
1998-07-08,235269.78,2261.18,340.00,67.64
1998-07-09,234640.00,2261.04,365.00,47.49
1998-07-10,234280.00,2260.96,365.00,183.50
1998-07-11,233695.33,2260.83,365.00,70.23
1998-07-12,233060.00,2260.69,366.00,45.69
1998-07-13,232390.00,2260.54,366.00,28.21
1998-07-14,231714.89,2260.39,366.00,25.63
1998-07-15,230995.00,2260.23,393.00,30.05
1998-07-16,230410.00,2260.10,417.00,122.06
1998-07-17,229690.00,2259.94,418.00,55.00
1998-07-18,228880.00,2259.76,418.00,9.62
1998-07-19,228170.00,2259.60,418.00,60.04
1998-07-20,227450.00,2259.44,450.00,87.00
1998-07-21,226650.00,2259.26,471.00,67.67
1998-07-22,225760.00,2259.06,471.00,22.29
1998-07-23,224985.88,2258.89,513.00,122.71
1998-07-24,223973.56,2258.66,545.00,34.63
1998-07-25,222950.00,2258.43,545.00,28.95
1998-07-26,221970.00,2258.21,540.00,45.92
1998-07-27,221040.00,2258.00,541.00,72.12
1998-07-28,220060.00,2257.78,541.00,46.92
1998-07-29,219090.00,2257.56,541.00,51.96
1998-07-30,218160.00,2257.35,541.00,72.12
1998-07-31,217150.00,2257.12,541.00,31.79
1998-08-01,216130.00,2256.89,537.00,22.75
1998-08-02,215080.00,2256.65,537.00,7.62
1998-08-03,214060.00,2256.42,541.00,26.75
1998-08-04,213050.00,2256.19,541.00,31.79
1998-08-05,212130.00,2255.98,496.00,32.17
1998-08-06,211300.00,2255.79,428.00,9.54
1998-08-07,210510.00,2255.61,424.00,25.71
1998-08-08,209680.00,2255.42,425.00,6.54
1998-08-09,208850.00,2255.23,425.00,6.54
1998-08-10,208020.00,2255.04,425.00,6.54
1998-08-11,207190.00,2254.85,425.00,6.54
1998-08-12,206370.00,2254.66,425.00,11.58
1998-08-13,205540.00,2254.47,425.00,6.54
1998-08-14,204720.00,2254.28,425.00,11.58
1998-08-15,203890.00,2254.09,425.00,6.54
1998-08-16,203070.00,2253.90,425.00,11.58
1998-08-17,202290.00,2253.72,421.00,27.75
1998-08-18,201510.00,2253.54,421.00,27.75
1998-08-19,200690.00,2253.35,422.00,8.58
1998-08-20,199870.00,2253.16,422.00,8.58
1998-08-21,199140.00,2252.99,398.00,29.96
1998-08-22,198490.00,2252.84,367.00,39.29
1998-08-23,197800.00,2252.68,364.00,16.12
1998-08-24,197110.00,2252.52,371.00,23.12
1998-08-25,196250.00,2252.32,450.00,16.42
1998-08-26,194970.00,2252.02,679.00,33.67
1998-08-27,193210.00,2251.61,911.00,23.67
1998-08-28,190990.00,2251.09,1137.00,17.75
1998-08-29,188480.00,2250.50,1281.00,15.54
1998-08-30,185860.00,2249.88,1335.00,14.08
1998-08-31,183200.00,2249.25,1353.00,11.92
1998-09-01,180600.00,2248.63,1342.00,31.17
1998-09-02,177960.00,2248.00,1336.00,5.00
1998-09-03,175340.00,2247.37,1330.00,9.08
1998-09-04,172730.00,2246.74,1324.00,8.12
1998-09-05,170140.00,2246.11,1321.00,15.21
1998-09-06,167560.00,2245.48,1319.00,18.25
1998-09-07,164990.00,2244.85,1316.00,20.29
1998-09-08,162440.00,2244.22,1314.00,28.37
1998-09-09,159940.00,2243.60,1287.00,26.58
1998-09-10,157580.00,2243.01,1234.00,44.17
1998-09-11,155190.00,2242.41,1231.00,26.04
1998-09-12,152700.00,2241.78,1264.00,8.62
1998-09-13,150340.00,2241.18,1306.00,116.17
1998-09-14,147890.00,2240.55,1330.00,94.79
1998-09-15,145470.00,2239.93,1324.00,103.92
1998-09-16,142960.00,2239.28,1318.00,52.54
1998-09-17,140510.00,2238.64,1324.00,88.79
1998-09-18,137940.00,2237.97,1329.00,33.29
1998-09-19,135390.00,2237.30,1322.00,36.37
1998-09-20,132830.00,2236.62,1309.00,18.33
1998-09-21,130310.00,2235.95,1302.00,31.50
1998-09-22,127954.18,2235.32,1289.00,101.27
1998-09-23,125622.91,2234.69,1276.00,100.65
1998-09-24,123144.00,2234.02,1264.00,14.22
1998-09-25,120850.00,2233.40,1258.00,101.44
1998-09-26,118400.00,2232.73,1257.20,22.00
1998-09-27,115960.00,2232.06,1240.00,9.83
1998-09-28,113570.00,2231.40,1233.00,28.04
1998-09-29,111328.00,2230.78,1221.00,90.66
1998-09-30,109033.47,2230.14,1226.00,69.17
1998-10-01,106688.00,2229.48,1226.00,44.00
1998-10-02,104549.83,2228.88,1237.00,159.00
1998-10-03,102392.00,2228.27,1237.00,149.09
1998-10-04,100030.00,2227.60,1226.00,35.16
1998-10-05,97825.00,2226.97,1220.00,25.70
1998-10-06,95445.00,2226.29,1204.00,8.30
1998-10-07,93502.00,2225.73,1193.00,213.40
1998-10-08,91218.00,2225.07,1182.00,30.48
1998-10-09,89259.00,2224.41,1187.00,199.34
1998-10-10,87287.00,2223.73,1187.00,192.78
1998-10-11,84996.00,2222.94,1176.00,20.95
1998-10-12,83082.00,2222.28,1160.00,195.02
1998-10-13,81206.50,2221.63,1072.00,126.43
1998-10-14,79680.00,2221.10,885.00,115.39
1998-10-15,78907.21,2220.83,599.00,209.39
1998-10-16,78471.86,2220.68,284.00,64.51
1998-10-17,78442.79,2220.67,150.00,135.34
1998-10-18,78269.07,2220.61,122.00,34.42
1998-10-19,78240.00,2220.60,104.00,89.34
1998-10-20,78184.00,2220.58,104.00,75.77
1998-10-21,78100.00,2220.55,104.00,8.30
1998-10-22,77902.00,2220.48,90.00,22.22
1998-10-23,77988.00,2220.51,68.00,111.36
1998-10-24,77960.00,2220.50,60.00,45.88
1998-10-25,77988.00,2220.51,60.00,74.12
1998-10-26,77931.00,2220.49,61.00,32.26
1998-10-27,77988.00,2220.51,42.00,70.74
1998-10-28,78044.00,2220.53,23.00,51.23
1998-10-29,78072.00,2220.54,11.00,25.12
1998-10-30,78128.00,2220.56,8.00,36.23
1998-10-31,78212.00,2220.59,8.00,50.35
1998-11-01,78269.07,2220.61,8.00,36.77
1998-11-02,78298.14,2220.62,8.00,22.66
1998-11-03,78384.65,2220.65,9.00,52.61
1998-11-04,78500.93,2220.69,9.00,67.63
1998-11-05,78646.00,2220.74,9.00,82.14
1998-11-06,78704.00,2220.76,9.00,38.24
1998-11-07,78762.00,2220.78,9.00,38.24
1998-11-08,78820.00,2220.80,9.00,38.24
1998-11-09,78907.21,2220.83,9.00,52.97
1998-11-10,79023.50,2220.87,9.00,67.63
1998-11-11,79110.00,2220.90,9.00,22.22
1998-11-12,79051.86,2220.88,9.00,84.87
1998-11-13,81264.65,2221.65,10.00,1125.62
1998-11-14,83749.00,2222.51,10.00,1262.53
1998-11-15,85199.00,2223.01,10.00,741.04
1998-11-16,85837.00,2223.23,10.00,331.66
1998-11-17,86649.00,2223.51,10.00,419.38
1998-11-18,87141.86,2223.68,10.00,258.48
1998-11-19,87693.50,2223.87,10.00,288.12
1998-11-20,88766.00,2224.24,10.00,550.72
1998-11-21,90187.00,2224.73,11.00,727.42
1998-11-22,91184.00,2225.06,12.00,514.65
1998-11-23,91942.00,2225.28,11.00,393.16
1998-11-24,92805.00,2225.53,11.00,446.10
1998-11-25,94125.00,2225.91,13.00,678.50
1998-11-26,95550.17,2226.32,15.00,733.52
1998-11-27,96530.00,2226.60,13.00,507.00
1998-11-28,97160.00,2226.78,12.00,329.63
1998-11-29,97860.00,2226.98,11.00,363.92
1998-11-30,98280.00,2227.10,11.00,222.75
1998-12-01,99294.91,2227.39,11.00,522.69
1998-12-02,100030.00,2227.60,13.00,383.61
1998-12-03,100450.00,2227.72,13.00,224.75
1998-12-04,100800.17,2227.82,12.00,188.55
1998-12-05,101116.00,2227.91,10.16,170.23
1998-12-06,101440.00,2228.00,11.00,174.35
1998-12-07,101929.48,2228.14,11.00,257.78
1998-12-08,102176.00,2228.21,11.00,135.29
1998-12-09,102500.00,2228.30,11.00,174.35
1998-12-10,102675.43,2228.35,11.00,99.45
1998-12-11,103130.00,2228.48,11.00,240.18
1998-12-12,103734.57,2228.65,12.00,316.80
1998-12-13,104234.00,2228.79,12.00,263.80
1998-12-14,104375.26,2228.83,12.00,83.22
1998-12-15,105190.00,2229.06,12.00,422.77
1998-12-16,105545.65,2229.16,12.00,191.31
1998-12-17,106220.44,2229.35,12.00,352.21
1998-12-18,106580.00,2229.45,12.00,193.28
1998-12-19,106970.00,2229.56,12.00,208.63
1998-12-20,107289.56,2229.65,12.00,173.11
1998-12-21,107680.00,2229.76,11.00,207.85
1998-12-22,108216.00,2229.91,12.00,282.23
1998-12-23,108324.00,2229.94,12.00,66.45
1998-12-24,109250.00,2230.20,12.00,478.86
1998-12-25,109933.91,2230.39,12.00,356.81
1998-12-26,110716.09,2230.61,12.00,406.35
1998-12-27,112166.00,2231.01,12.00,743.00
1998-12-28,113570.00,2231.40,14.00,721.85
1998-12-29,117452.00,2232.47,29.00,1986.18
1998-12-30,121294.00,2233.52,28.00,1965.01
1998-12-31,123329.00,2234.07,21.00,1046.98
1999-01-01,124661.00,2234.43,18.00,689.55
1999-01-02,125697.00,2234.71,16.00,538.32
1999-01-03,126585.00,2234.95,14.00,461.70
1999-01-04,127435.82,2235.18,14.00,442.96
1999-01-05,128028.36,2235.34,13.00,311.74
1999-01-06,128509.00,2235.47,13.00,255.32
1999-01-07,129110.37,2235.63,13.00,316.19
1999-01-08,129560.00,2235.75,13.00,239.69
1999-01-09,130120.00,2235.90,13.00,295.33
1999-01-10,131211.91,2236.19,15.00,565.50
1999-01-11,132152.00,2236.44,16.00,489.96
1999-01-12,133167.00,2236.71,15.00,526.73
1999-01-13,134146.00,2236.97,15.00,508.58
1999-01-14,136871.91,2237.69,21.00,1395.31
1999-01-15,139550.91,2238.39,20.00,1370.66
1999-01-16,141461.91,2238.89,17.00,980.46
1999-01-17,142923.00,2239.27,16.00,752.64
1999-01-18,143810.00,2239.50,15.00,462.20
1999-01-19,144736.00,2239.74,15.00,481.86
1999-01-20,145555.00,2239.95,14.00,426.91
1999-01-21,146520.00,2240.20,14.00,500.52
1999-01-22,147105.48,2240.35,15.00,310.18
1999-01-23,147729.00,2240.51,14.00,328.36
1999-01-24,148235.42,2240.64,13.00,268.32
1999-01-25,148626.00,2240.74,13.00,209.92
1999-01-26,149016.38,2240.84,13.00,209.81
1999-01-27,149835.00,2241.05,13.00,425.72
1999-01-28,150888.19,2241.32,13.00,543.98
1999-01-29,150966.38,2241.34,13.00,52.42
1999-01-30,151600.00,2241.50,13.00,332.45
1999-01-31,152068.19,2241.62,13.00,249.04
1999-02-01,152620.00,2241.76,13.00,291.21
1999-02-02,153450.00,2241.97,14.00,432.46
1999-02-03,154159.52,2242.15,15.00,372.71
1999-02-04,154750.00,2242.30,14.00,311.70
1999-02-05,155069.80,2242.38,14.00,175.23
1999-02-06,155745.00,2242.55,14.00,354.42
1999-02-07,156340.00,2242.70,14.00,313.98
1999-02-08,156660.00,2242.78,14.00,175.33
1999-02-09,156900.39,2242.84,13.00,134.20
1999-02-10,157380.00,2242.96,13.00,254.80
1999-02-11,157660.00,2243.03,13.00,154.17
1999-02-12,158059.31,2243.13,13.00,214.32
1999-02-13,158139.52,2243.15,13.00,53.44
1999-02-14,158420.00,2243.22,13.00,154.41
1999-02-15,158500.00,2243.24,13.00,53.33
1999-02-16,159140.00,2243.40,13.00,335.67
1999-02-17,159460.00,2243.48,13.00,174.33
1999-02-18,159740.00,2243.55,13.40,154.17
1999-02-19,160099.41,2243.64,13.00,194.20
1999-02-20,160380.00,2243.71,13.00,154.47
1999-02-21,160620.00,2243.77,13.00,134.00
1999-02-22,161310.00,2243.94,13.00,360.88
1999-02-23,161830.00,2244.07,13.00,275.17
1999-02-24,162514.00,2244.24,13.00,357.85
1999-02-25,162880.30,2244.33,14.00,198.67
1999-02-26,163201.00,2244.41,14.00,175.69
1999-02-27,164133.41,2244.64,14.00,484.09
1999-02-28,164620.00,2244.76,14.00,259.32
1999-03-01,164944.41,2244.84,14.00,177.55
1999-03-02,165272.00,2244.92,14.00,179.16
1999-03-03,165641.00,2245.01,14.00,200.04
1999-03-04,166010.00,2245.10,14.00,200.04
1999-03-05,166169.41,2245.14,13.00,93.37
1999-03-06,166329.80,2245.18,13.00,93.86
1999-03-07,166574.00,2245.24,13.00,136.12
1999-03-08,166820.00,2245.30,13.00,137.03
1999-03-09,167147.80,2245.38,13.00,178.26
1999-03-10,167271.00,2245.41,36.00,98.11
1999-03-11,167394.00,2245.44,71.00,133.01
1999-03-12,167435.00,2245.45,71.00,91.67
1999-03-13,167394.00,2245.44,69.00,48.33
1999-03-14,167640.00,2245.50,69.00,32.66
1999-03-15,167394.00,2245.44,71.00,46.58
1999-03-16,167558.00,2245.48,70.00,152.68
1999-03-17,167599.00,2245.49,70.00,90.67
1999-03-18,168050.00,2245.60,70.00,297.38
1999-03-19,168132.20,2245.62,70.00,111.44
1999-03-20,168213.41,2245.64,70.00,110.94
1999-03-21,168583.00,2245.73,70.00,256.34
1999-03-22,169034.41,2245.84,71.00,298.58
1999-03-23,169403.00,2245.93,73.00,258.83
1999-03-24,169690.00,2246.00,95.00,239.70
1999-03-25,170182.20,2246.12,165.00,413.15
1999-03-26,170920.00,2246.30,165.00,536.97
1999-03-27,170920.00,2246.30,163.00,163.00
1999-03-28,171288.91,2246.39,162.00,347.99
1999-03-29,171658.00,2246.48,162.00,348.08
1999-03-30,171740.00,2246.50,162.00,203.34
1999-03-31,171904.00,2246.54,162.00,244.68
1999-04-01,172068.00,2246.58,162.00,244.68
1999-04-02,172150.00,2246.60,162.00,203.34
1999-04-03,172234.20,2246.62,162.00,204.45
1999-04-04,172275.28,2246.63,161.00,181.71
1999-04-05,172359.48,2246.65,161.00,203.45
1999-04-06,172359.48,2246.65,161.00,161.00
1999-04-07,172443.69,2246.67,161.00,203.45
1999-04-08,172485.80,2246.68,161.00,182.23
1999-04-09,172611.00,2246.71,161.00,224.12
1999-04-10,172611.00,2246.71,161.00,161.00
1999-04-11,172652.00,2246.72,161.00,181.67
1999-04-12,172693.00,2246.73,160.00,180.67
1999-04-13,172734.00,2246.74,160.00,180.67
1999-04-14,172816.00,2246.76,160.00,201.34
1999-04-15,172939.00,2246.79,160.00,222.01
1999-04-16,173103.30,2246.83,162.00,244.83
1999-04-17,173726.00,2246.98,165.00,478.95
1999-04-18,174429.48,2247.15,165.00,519.67
1999-04-19,175511.00,2247.41,164.00,709.26
1999-04-20,176341.09,2247.61,167.00,585.51
1999-04-21,177130.00,2247.80,164.00,561.74
1999-04-22,177673.00,2247.93,164.00,437.76
1999-04-23,178464.20,2248.12,164.00,562.90
1999-04-24,179550.00,2248.38,164.00,711.42
1999-04-25,180974.00,2248.72,166.00,883.93
1999-04-26,182150.00,2249.00,166.00,758.90
1999-04-27,183070.00,2249.22,166.00,737.73
1999-04-28,184210.00,2249.49,166.00,632.86
1999-04-29,185140.00,2249.71,166.00,634.88
1999-04-30,186020.00,2249.92,165.00,608.67
1999-05-01,187000.00,2250.15,165.00,659.08
1999-05-02,187890.00,2250.36,165.00,613.71
1999-05-03,188740.00,2250.56,165.00,593.54
1999-05-04,189500.00,2250.74,165.00,548.17
1999-05-05,190310.00,2250.93,165.00,573.38
1999-05-06,190946.00,2251.08,165.00,485.65
1999-05-07,191416.89,2251.19,164.00,401.41
1999-05-08,191974.20,2251.32,164.00,444.98
1999-05-09,192568.00,2251.46,164.00,463.37
1999-05-10,192998.00,2251.56,164.00,380.79
1999-05-11,193384.47,2251.65,189.00,383.84
1999-05-12,193894.00,2251.77,212.00,468.89
1999-05-13,194235.53,2251.85,211.00,383.19
1999-05-14,194665.00,2251.95,211.00,427.52
1999-05-15,195052.00,2252.04,211.00,406.11
1999-05-16,195567.58,2252.16,211.00,470.94
1999-05-17,196127.00,2252.29,214.00,496.04
1999-05-18,196987.00,2252.49,214.00,647.58
1999-05-19,198062.00,2252.74,213.00,754.98
1999-05-20,199008.00,2252.96,213.00,689.94
1999-05-21,200083.00,2253.21,213.00,754.98
1999-05-22,201506.00,2253.54,213.00,930.43
1999-05-23,203328.00,2253.96,216.00,1134.59
1999-05-24,206453.80,2254.68,216.00,1791.92
1999-05-25,209590.00,2255.40,215.00,1796.17
1999-05-26,211691.78,2255.88,218.00,1277.65
1999-05-27,213496.00,2256.29,218.00,1127.63
1999-05-28,215300.00,2256.70,221.00,1130.52
1999-05-29,216840.00,2257.05,221.00,997.42
1999-05-30,218424.00,2257.41,221.00,1019.60
1999-05-31,220195.11,2257.81,223.00,1115.93
1999-06-01,221884.89,2258.19,223.00,1074.93
1999-06-02,223395.00,2258.53,223.00,984.35
1999-06-03,224554.13,2258.81,226.00,810.39
1999-06-04,226154.45,2259.15,226.00,1032.83
1999-06-05,228125.00,2259.59,226.00,1219.48
1999-06-06,229690.00,2259.94,225.00,1014.02
1999-06-07,230679.56,2260.16,264.00,762.90
1999-06-08,231040.00,2260.24,407.00,588.72
1999-06-09,231355.11,2260.31,455.00,613.87
1999-06-10,231760.00,2260.40,457.00,661.13
1999-06-11,232480.00,2260.56,459.00,822.00
1999-06-12,233110.00,2260.70,461.00,778.63
1999-06-13,234910.00,2261.10,462.00,1369.50
1999-06-14,236710.00,2261.50,591.00,1498.50
1999-06-15,238116.11,2261.81,1027.00,1735.91
1999-06-16,238437.78,2261.88,1470.00,1632.18
1999-06-17,238025.00,2261.79,1526.00,1317.89
1999-06-18,237620.00,2261.70,1379.00,1174.81
1999-06-19,237215.11,2261.61,1175.00,970.87
1999-06-20,237032.00,2261.57,952.00,859.68
1999-06-21,237124.00,2261.59,778.00,824.38
1999-06-22,237710.00,2261.72,660.00,955.44
1999-06-23,238254.45,2261.84,718.00,992.50
1999-06-24,238665.00,2261.93,912.00,1118.98
1999-06-25,238346.67,2261.86,1133.00,972.51
1999-06-26,237394.45,2261.65,1215.00,734.92
1999-06-27,236260.00,2261.40,1209.00,637.05
1999-06-28,235314.89,2261.19,1028.00,551.51
1999-06-29,235134.45,2261.15,680.00,589.03
1999-06-30,235675.00,2261.27,504.00,776.53
1999-07-01,235990.44,2261.34,554.00,713.03
1999-07-02,236305.00,2261.41,572.00,730.59
1999-07-03,236485.00,2261.45,536.00,626.75
1999-07-04,236530.00,2261.46,536.00,558.69
1999-07-05,236440.00,2261.44,536.00,490.62
1999-07-06,236575.00,2261.47,594.00,662.06
1999-07-07,236575.00,2261.47,720.00,720.00
1999-07-08,236440.00,2261.44,715.00,646.94
1999-07-09,236395.00,2261.43,660.00,637.31
1999-07-10,236665.00,2261.49,621.00,757.13
1999-07-11,236894.00,2261.54,621.00,736.45
1999-07-12,237078.00,2261.58,621.00,713.77
1999-07-13,237124.00,2261.59,621.00,644.19
1999-07-14,236986.00,2261.56,621.00,551.42
1999-07-15,236710.00,2261.50,621.00,481.85
1999-07-16,236530.00,2261.46,621.00,530.25
1999-07-17,236214.89,2261.39,621.00,462.13
1999-07-18,235990.44,2261.34,621.00,507.84
1999-07-19,235855.11,2261.31,603.00,534.77
1999-07-20,235495.00,2261.23,509.00,327.44
1999-07-21,235990.44,2261.34,349.00,598.78
1999-07-22,236350.00,2261.42,201.00,382.28
1999-07-23,236756.00,2261.51,172.00,376.69
1999-07-24,236940.00,2261.55,171.00,263.77
1999-07-25,237260.22,2261.62,170.00,331.44
1999-07-26,237574.89,2261.69,162.00,320.65
1999-07-27,237980.00,2261.78,142.00,346.24
1999-07-28,238254.45,2261.84,132.00,270.37
1999-07-29,238620.00,2261.92,133.00,317.30
1999-07-30,238845.00,2261.97,134.00,247.44
1999-07-31,239025.00,2262.01,133.00,223.75
1999-08-01,239160.00,2262.04,144.00,212.06
1999-08-02,239295.00,2262.07,180.00,248.06
1999-08-03,239476.11,2262.11,203.00,294.31
1999-08-04,239567.22,2262.13,228.00,273.93
1999-08-05,239567.22,2262.13,283.00,283.00
1999-08-06,239476.11,2262.11,313.00,267.07
1999-08-07,239567.22,2262.13,318.00,363.93
1999-08-08,239476.11,2262.11,320.00,274.07
1999-08-09,239295.00,2262.07,319.00,227.69
1999-08-10,238935.00,2261.99,286.00,29.18
1999-08-11,238392.78,2261.87,274.00,11.78
1999-08-12,238300.56,2261.85,283.00,236.51
1999-08-13,237980.00,2261.78,282.00,120.38
1999-08-14,237529.78,2261.68,281.00,54.01
1999-08-15,237215.11,2261.61,279.00,120.35
1999-08-16,236940.00,2261.55,278.00,139.30
1999-08-17,236575.00,2261.47,276.00,91.98
1999-08-18,236080.66,2261.36,275.00,25.77
1999-08-19,235720.00,2261.28,274.00,92.17
1999-08-20,235314.89,2261.19,272.00,67.76
1999-08-21,234640.00,2261.04,271.00,8.30
1999-08-22,234370.00,2260.98,269.00,132.87
1999-08-23,234100.00,2260.92,271.00,134.87
1999-08-24,233391.66,2260.76,288.00,11.78
1999-08-25,232416.50,2260.55,423.00,11.78
1999-08-26,231441.31,2260.33,685.00,193.34
1999-08-27,230095.00,2260.03,901.00,222.23
1999-08-28,228207.19,2259.61,1034.00,82.23
1999-08-29,226228.30,2259.17,1050.00,52.31
1999-08-30,224360.00,2258.76,1138.00,196.07
1999-08-31,222018.00,2258.22,1282.00,101.24
1999-09-01,219621.78,2257.68,1348.00,139.91
1999-09-02,217236.44,2257.14,1339.00,136.39
1999-09-03,214772.00,2256.58,1347.00,104.51
1999-09-04,212352.00,2256.03,1344.00,123.92
1999-09-05,210030.00,2255.50,1334.00,163.32
1999-09-06,207674.00,2254.96,1331.00,143.18
1999-09-07,205283.00,2254.41,1321.00,115.54
1999-09-08,202938.75,2253.87,1312.00,130.11
1999-09-09,200427.00,2253.29,1329.00,62.66
1999-09-10,197933.00,2252.71,1347.00,89.61
1999-09-11,195524.47,2252.15,1340.00,125.70
1999-09-12,193084.00,2251.58,1334.00,103.60
1999-09-13,190610.00,2251.00,1339.00,91.69
1999-09-14,188144.00,2250.42,1345.00,101.72
1999-09-15,185688.41,2249.84,1338.00,99.97
1999-09-16,183242.00,2249.26,1332.00,98.60
1999-09-17,180763.69,2248.67,1343.00,93.52
1999-09-18,178254.00,2248.07,1361.00,95.70
1999-09-19,175757.00,2247.47,1354.00,95.10
1999-09-20,173308.80,2246.88,1347.00,112.70
1999-09-21,170840.00,2246.28,1353.00,108.31
1999-09-22,168295.59,2245.66,1364.00,88.35
1999-09-23,165846.00,2245.06,1376.00,123.15
1999-09-24,163040.69,2244.37,1375.00,39.62
1999-09-25,160986.59,2243.86,1375.00,84.87
1999-09-26,158259.80,2243.18,1362.00,50.06
1999-09-27,155706.00,2242.54,1356.00,95.31
1999-09-28,153290.00,2241.93,1343.00,124.93
1999-09-29,150849.09,2241.31,1337.00,106.38
1999-09-30,148274.52,2240.65,1348.00,49.98
1999-10-01,145906.00,2240.04,1354.00,161.00
1999-10-02,143344.75,2239.38,1348.00,56.70
1999-10-03,140968.00,2238.76,1342.00,143.72
1999-10-04,138516.19,2238.12,1330.00,93.88
1999-10-05,136188.00,2237.51,1318.00,144.20
1999-10-06,133956.00,2236.92,1139.00,13.70
1999-10-07,132602.00,2236.56,843.00,160.36
1999-10-08,132788.09,2236.61,421.00,514.82
1999-10-09,132788.09,2236.61,185.00,185.00
1999-10-10,132565.00,2236.55,152.00,39.52
1999-10-11,132454.00,2236.52,152.00,96.04
1999-10-12,132491.00,2236.53,152.00,170.65
1999-10-13,132228.00,2236.46,152.00,19.40
1999-10-14,132076.00,2236.42,152.00,75.37
1999-10-15,131772.38,2236.34,159.00,5.92
1999-10-16,131583.00,2236.29,179.00,83.52
1999-10-17,131320.00,2236.22,179.00,46.40
1999-10-18,131021.45,2236.14,179.00,28.48
1999-10-19,130760.00,2236.07,179.00,47.19
1999-10-20,130574.00,2236.02,178.00,84.22
1999-10-21,130310.00,2235.95,178.00,44.90
1999-10-22,130050.00,2235.88,145.00,13.92
1999-10-23,129861.27,2235.83,126.00,30.85
1999-10-24,129750.00,2235.80,126.00,69.90
1999-10-25,129787.09,2235.81,120.00,138.70
1999-10-26,129710.00,2235.79,98.00,59.13
1999-10-27,129598.00,2235.76,74.00,17.53
1999-10-28,129750.00,2235.80,55.00,131.63
1999-10-29,130082.91,2235.89,54.00,221.84
1999-10-30,130082.91,2235.89,54.00,54.00
1999-10-31,130685.00,2236.05,55.00,358.56
1999-11-01,131135.72,2236.17,55.00,282.24
1999-11-02,131135.72,2236.17,55.00,55.00
1999-11-03,131398.00,2236.24,55.00,187.23
1999-11-04,131583.00,2236.29,55.00,148.27
1999-11-05,131848.56,2236.36,55.00,188.89
1999-11-06,132000.00,2236.40,54.00,130.35
1999-11-07,132454.00,2236.52,54.00,282.89
1999-11-08,132304.00,2236.48,110.00,34.37
1999-11-09,132565.00,2236.55,208.00,339.59
1999-11-10,132491.00,2236.53,200.00,162.69
1999-11-11,133278.00,2236.74,188.00,584.78
1999-11-12,135618.56,2237.36,175.00,1355.03
1999-11-13,137709.00,2237.91,156.00,1209.93
1999-11-14,138743.81,2238.18,158.00,679.72
1999-11-15,139317.28,2238.33,140.00,429.12
1999-11-16,139704.00,2238.43,125.00,319.97
1999-11-17,140122.00,2238.54,115.00,325.74
1999-11-18,140389.09,2238.61,103.00,237.66
1999-11-19,140661.81,2238.68,103.00,240.50
1999-11-20,141006.00,2238.77,103.00,276.53
1999-11-21,141310.47,2238.85,103.00,256.50
1999-11-22,141656.00,2238.94,94.00,268.21
1999-11-23,141656.00,2238.94,80.00,80.00
1999-11-24,143230.47,2239.35,80.00,873.80
1999-11-25,146291.44,2240.14,87.00,1630.24
1999-11-26,149133.67,2240.87,90.00,1522.96
1999-11-27,150498.00,2241.22,85.00,772.85
1999-11-28,151280.00,2241.42,85.00,479.26
1999-11-29,151990.00,2241.60,63.00,420.96
1999-11-30,152660.00,2241.77,47.00,384.79
1999-12-01,153410.00,2241.96,47.00,425.13
1999-12-02,154319.91,2242.19,48.00,506.74
1999-12-03,154910.39,2242.34,48.00,345.70
1999-12-04,155070.78,2242.38,48.00,128.86
1999-12-05,155706.00,2242.54,48.00,368.26
1999-12-06,156620.00,2242.77,48.00,508.81
1999-12-07,156940.48,2242.85,50.00,211.58
1999-12-08,157340.00,2242.95,49.00,250.42
1999-12-09,157700.00,2243.04,49.00,230.50
1999-12-10,158060.30,2243.13,48.00,229.65
1999-12-11,159460.00,2243.48,54.00,759.68
1999-12-12,161390.00,2243.96,55.00,1028.04
1999-12-13,162678.00,2244.28,54.00,703.37
1999-12-14,163970.00,2244.60,53.00,704.38
1999-12-15,167681.00,2245.51,70.00,1940.96
1999-12-16,171494.00,2246.44,67.00,1989.39
1999-12-17,174179.00,2247.09,61.00,1414.69
1999-12-18,176962.00,2247.76,68.00,1471.10
1999-12-19,178506.31,2248.13,61.00,839.59
1999-12-20,179672.00,2248.41,57.00,644.70
1999-12-21,180470.00,2248.60,55.00,457.33
1999-12-22,181142.00,2248.76,54.00,392.80
1999-12-23,181730.00,2248.90,54.00,350.45
1999-12-24,182234.00,2249.02,53.00,307.10
1999-12-25,182654.20,2249.12,53.00,264.85
1999-12-26,183074.00,2249.22,53.00,264.65
1999-12-27,183368.00,2249.29,53.00,201.23
1999-12-28,183662.61,2249.36,53.00,201.53
1999-12-29,183998.00,2249.44,53.00,222.09
1999-12-30,184292.00,2249.51,53.00,201.23
1999-12-31,184799.31,2249.63,53.00,308.77
2000-01-01,185226.00,2249.73,53.00,268.12
2000-01-02,185604.20,2249.82,53.00,243.68
2000-01-03,186150.00,2249.95,53.00,328.17
2000-01-04,186874.20,2250.12,53.00,418.12
2000-01-05,187041.59,2250.16,53.00,137.39
2000-01-06,187210.00,2250.20,53.00,137.90
2000-01-07,187420.00,2250.25,53.00,158.88
2000-01-08,188102.00,2250.41,53.00,396.84
2000-01-09,188609.00,2250.53,53.00,308.61
2000-01-10,188952.11,2250.61,53.00,225.98
2000-01-11,189245.80,2250.68,53.00,201.07
2000-01-12,189502.00,2250.74,53.00,182.17
2000-01-13,189760.00,2250.80,53.00,183.08
2000-01-14,190054.72,2250.87,53.00,201.59
2000-01-15,190096.83,2250.88,53.00,74.23
2000-01-16,190481.00,2250.97,53.00,246.69
2000-01-17,190481.00,2250.97,53.00,53.00
2000-01-18,190610.00,2251.00,53.00,118.04
2000-01-19,190694.00,2251.02,53.00,95.35
2000-01-20,190904.00,2251.07,53.00,158.88
2000-01-21,191116.20,2251.12,53.00,159.99
2000-01-22,191159.31,2251.13,53.00,74.73
2000-01-23,191244.47,2251.15,53.00,95.93
2000-01-24,191287.58,2251.16,53.00,74.73
2000-01-25,191460.00,2251.20,53.00,139.93
2000-01-26,191503.00,2251.21,53.00,74.68
2000-01-27,191546.00,2251.22,53.00,74.68
2000-01-28,191589.00,2251.23,53.00,74.68
2000-01-29,191675.00,2251.25,53.00,96.36
2000-01-30,191675.00,2251.25,53.00,53.00
2000-01-31,191974.20,2251.32,53.00,203.85
2000-02-01,192912.00,2251.54,53.00,525.81
2000-02-02,192998.00,2251.56,53.00,96.36
2000-02-03,193084.00,2251.58,53.00,96.36
2000-02-04,193170.00,2251.60,53.00,96.36
2000-02-05,193213.11,2251.61,53.00,74.73
2000-02-06,193299.31,2251.63,53.00,96.46
2000-02-07,193427.58,2251.66,53.00,117.67
2000-02-08,193600.00,2251.70,53.00,139.93
2000-02-09,193642.00,2251.71,53.00,74.18
2000-02-10,193768.00,2251.74,53.00,116.53
2000-02-11,193768.00,2251.74,53.00,53.00
2000-02-12,193894.00,2251.77,53.00,116.53
2000-02-13,193936.00,2251.78,53.00,74.18
2000-02-14,194106.20,2251.82,53.00,138.81
2000-02-15,194192.42,2251.84,53.00,96.47
2000-02-16,194235.53,2251.85,53.00,74.73
2000-02-17,194278.63,2251.86,53.00,74.73
2000-02-18,194278.63,2251.86,67.00,67.00
2000-02-19,194149.31,2251.83,88.00,22.80
2000-02-20,194106.20,2251.82,88.00,66.27
2000-02-21,194192.42,2251.84,88.00,131.47
2000-02-22,194192.42,2251.84,88.00,88.00
2000-02-23,194149.31,2251.83,88.00,66.27
2000-02-24,194106.20,2251.82,88.00,66.27
2000-02-25,194149.31,2251.83,88.00,109.73
2000-02-26,194278.63,2251.86,88.00,153.20
2000-02-27,194235.53,2251.85,88.00,66.27
2000-02-28,194235.53,2251.85,88.00,88.00
2000-02-29,194278.63,2251.86,88.00,109.73
2000-03-01,194278.63,2251.86,88.00,88.00
2000-03-02,194278.63,2251.86,88.00,88.00
2000-03-03,194406.89,2251.89,88.00,152.67
2000-03-04,194450.00,2251.90,88.00,109.73
2000-03-05,194493.00,2251.91,88.00,109.68
2000-03-06,194536.00,2251.92,88.00,109.68
2000-03-07,194493.00,2251.91,88.00,66.32
2000-03-08,194493.00,2251.91,88.00,88.00
2000-03-09,194536.00,2251.92,88.00,109.68
2000-03-10,194708.00,2251.96,88.00,174.72
2000-03-11,194751.00,2251.97,90.00,111.68
2000-03-12,194794.00,2251.98,90.00,111.68
2000-03-13,195095.00,2252.05,90.00,241.75
2000-03-14,195267.00,2252.09,92.00,178.72
2000-03-15,195267.00,2252.09,92.00,92.00
2000-03-16,195610.69,2252.17,92.00,265.28
2000-03-17,195869.00,2252.23,92.00,222.23
2000-03-18,196342.42,2252.34,92.00,330.68
2000-03-19,196556.89,2252.39,92.00,200.13
2000-03-20,196643.00,2252.41,92.00,135.41
2000-03-21,196772.00,2252.44,92.00,157.04
2000-03-22,196987.00,2252.49,92.00,200.40
2000-03-23,197202.00,2252.54,92.00,200.40
2000-03-24,197331.00,2252.57,92.00,157.04
2000-03-25,197460.00,2252.60,92.00,157.04
2000-03-26,197589.31,2252.63,92.00,157.20
2000-03-27,197760.69,2252.67,92.00,178.40
2000-03-28,198019.00,2252.73,92.00,222.23
2000-03-29,198148.00,2252.76,92.00,157.04
2000-03-30,198234.00,2252.78,92.00,135.36
2000-03-31,198406.20,2252.82,92.00,178.82
2000-04-01,198836.00,2252.92,93.00,309.69
2000-04-02,199438.00,2253.06,95.00,398.51
2000-04-03,200427.00,2253.29,95.00,593.62
2000-04-04,201726.00,2253.59,95.00,749.91
2000-04-05,202630.00,2253.80,95.00,550.77
2000-04-06,203586.00,2254.02,95.00,576.98
2000-04-07,203974.11,2254.11,170.00,365.67
2000-04-08,204062.33,2254.13,298.00,342.48
2000-04-09,204237.67,2254.17,295.00,383.40
2000-04-10,204844.11,2254.31,160.00,465.75
2000-04-11,205670.00,2254.50,92.00,508.39
2000-04-12,206760.00,2254.75,93.00,642.54
2000-04-13,208280.00,2255.10,92.00,858.33
2000-04-14,210426.00,2255.59,93.00,1174.94
2000-04-15,212132.00,2255.98,93.00,953.11
2000-04-16,213408.00,2256.27,93.00,736.32
2000-04-17,214464.00,2256.51,93.00,625.40
2000-04-18,215652.00,2256.78,88.00,686.95
2000-04-19,216884.00,2257.06,92.00,713.13
2000-04-20,218072.33,2257.33,103.00,702.12
2000-04-21,219270.00,2257.60,150.00,753.83
2000-04-22,220420.66,2257.86,171.00,751.12
2000-04-23,221392.00,2258.08,169.00,658.72
2000-04-24,221930.00,2258.20,216.00,487.24
2000-04-25,222326.00,2258.29,268.00,467.65
2000-04-26,222685.77,2258.37,301.00,482.38
2000-04-27,223040.00,2258.45,327.00,505.59
2000-04-28,223350.00,2258.52,325.00,481.29
2000-04-29,223575.00,2258.57,323.00,436.44
2000-04-30,223842.33,2258.63,324.00,458.78
2000-05-01,224105.89,2258.69,343.00,475.88
2000-05-02,224500.00,2258.80,358.00,556.70
2000-05-03,225622.00,2259.03,360.00,925.68
2000-05-04,226199.56,2259.16,298.00,589.19
2000-05-05,227006.44,2259.34,141.00,547.80
2000-05-06,227675.00,2259.49,103.00,440.07
2000-05-07,228346.44,2259.64,104.00,442.52
2000-05-08,229015.00,2259.79,145.00,482.07
2000-05-09,229465.98,2259.89,283.00,510.37
2000-05-10,229735.00,2259.95,371.00,506.63
2000-05-11,229735.00,2259.95,456.00,456.00
2000-05-12,229510.00,2259.90,485.00,371.56
2000-05-13,229195.33,2259.83,526.00,367.35
2000-05-14,229150.22,2259.82,527.00,504.26
2000-05-15,229375.77,2259.87,497.00,610.71
2000-05-16,230185.00,2260.05,430.00,837.99
2000-05-17,231130.00,2260.26,376.00,852.44
2000-05-18,231805.00,2260.41,366.00,706.31
2000-05-19,232884.45,2260.65,390.00,934.22
2000-05-20,233875.77,2260.87,403.00,902.79
2000-05-21,235675.00,2261.27,405.00,1312.11
2000-05-22,237032.00,2261.57,406.00,1090.15
2000-05-23,237574.89,2261.69,572.00,845.71
2000-05-24,237394.45,2261.65,843.00,752.03
2000-05-25,237124.00,2261.59,784.00,647.65
2000-05-26,237078.00,2261.58,715.00,691.81
2000-05-27,237078.00,2261.58,717.00,717.00
2000-05-28,236986.00,2261.56,718.00,671.62
2000-05-29,236756.00,2261.51,720.00,604.04
2000-05-30,236665.00,2261.49,631.00,585.12
2000-05-31,236485.00,2261.45,556.00,465.25
2000-06-01,236395.00,2261.43,558.00,512.63
2000-06-02,236395.00,2261.43,523.00,523.00
2000-06-03,236485.00,2261.45,465.00,510.38
2000-06-04,236894.00,2261.54,467.00,673.20
2000-06-05,237529.78,2261.68,472.00,792.54
2000-06-06,237935.00,2261.77,473.00,677.30
2000-06-07,238162.22,2261.82,478.00,592.56
2000-06-08,238346.67,2261.86,484.00,577.00
2000-06-09,238346.67,2261.86,520.00,520.00
2000-06-10,238162.22,2261.82,548.00,455.00
2000-06-11,238208.34,2261.83,550.00,573.25
2000-06-12,238800.00,2261.96,767.00,1065.29
2000-06-13,238665.00,2261.93,744.00,675.94
2000-06-14,238800.00,2261.96,836.00,904.06
2000-06-15,238162.22,2261.82,1096.00,774.45
2000-06-16,237755.00,2261.73,850.00,644.69
2000-06-17,237890.00,2261.76,483.00,551.06
2000-06-18,238208.34,2261.83,484.00,644.50
2000-06-19,238162.22,2261.82,486.00,462.75
2000-06-20,238116.11,2261.81,487.00,463.75
2000-06-21,238208.34,2261.83,484.00,530.50
2000-06-22,238208.34,2261.83,481.00,481.00
2000-06-23,238116.11,2261.81,478.00,431.50
2000-06-24,237935.00,2261.77,474.00,382.69
2000-06-25,237710.00,2261.72,471.00,357.56
2000-06-26,237574.89,2261.69,468.00,399.88
2000-06-27,237484.67,2261.67,455.00,409.51
2000-06-28,237439.56,2261.66,434.00,411.26
2000-06-29,237394.45,2261.65,403.00,380.26
2000-06-30,237170.00,2261.60,388.00,274.84
2000-07-01,237032.00,2261.57,348.00,278.42
2000-07-02,236940.00,2261.55,245.00,198.62
2000-07-03,237260.22,2261.62,88.00,249.44
2000-07-04,237529.78,2261.68,57.00,192.90
2000-07-05,237755.00,2261.73,57.00,170.55
2000-07-06,238025.00,2261.79,57.00,193.13
2000-07-07,238346.67,2261.86,48.00,210.18
2000-07-08,238620.00,2261.92,57.00,194.80
2000-07-09,238800.00,2261.96,57.00,147.75
2000-07-10,238935.00,2261.99,101.00,169.06
2000-07-11,238890.00,2261.98,191.00,168.31
2000-07-12,238800.00,2261.96,183.00,137.62
2000-07-13,238620.00,2261.92,196.00,105.25
2000-07-14,238620.00,2261.92,147.00,147.00
2000-07-15,238620.00,2261.92,115.00,115.00
2000-07-16,238620.00,2261.92,115.00,115.00
2000-07-17,238620.00,2261.92,96.00,96.00
2000-07-18,238665.00,2261.93,81.00,103.69
2000-07-19,238710.00,2261.94,81.00,103.69
2000-07-20,238755.00,2261.95,81.00,103.69
2000-07-21,238755.00,2261.95,116.00,116.00
2000-07-22,238665.00,2261.93,154.00,108.62
2000-07-23,238530.00,2261.90,152.00,83.94
2000-07-24,238254.45,2261.84,213.00,74.08
2000-07-25,237935.00,2261.77,264.00,102.94
2000-07-26,237394.45,2261.65,281.00,8.47
2000-07-27,236986.00,2261.56,291.00,85.07
2000-07-28,236530.00,2261.46,292.00,62.10
2000-07-29,236035.55,2261.35,292.00,42.71
2000-07-30,235585.00,2261.25,292.00,64.85
2000-07-31,235045.33,2261.13,292.00,19.92
2000-08-01,234500.00,2261.01,289.00,14.06
2000-08-02,233920.00,2260.88,310.00,17.58
2000-08-03,233240.00,2260.73,359.00,16.17
2000-08-04,232480.00,2260.56,393.00,9.83
2000-08-05,231710.00,2260.39,409.00,20.79
2000-08-06,230950.00,2260.22,405.00,21.83
2000-08-07,230100.00,2260.03,445.00,16.46
2000-08-08,229150.00,2259.82,494.00,15.04
2000-08-09,228080.00,2259.58,552.00,12.54
2000-08-10,226920.00,2259.32,597.00,12.17
2000-08-11,225760.00,2259.06,611.00,26.17
2000-08-12,224600.00,2258.80,611.00,26.17
2000-08-13,223440.00,2258.54,607.00,22.17
2000-08-14,222240.00,2258.27,607.00,2.00
2000-08-15,221040.00,2258.00,608.00,3.00
2000-08-16,219980.00,2257.76,543.00,8.58
2000-08-17,219000.00,2257.54,501.00,6.92
2000-08-18,218030.00,2257.32,504.00,14.96
2000-08-19,217060.00,2257.10,507.00,17.96
2000-08-20,216092.86,2256.88,510.00,22.40
2000-08-21,215123.56,2256.66,514.00,25.31
2000-08-22,214112.00,2256.43,512.00,2.00
2000-08-23,213232.00,2256.23,515.00,71.33
2000-08-24,212264.00,2256.01,518.00,29.97
2000-08-25,211252.00,2255.78,521.00,10.78
2000-08-26,210290.00,2255.56,525.00,39.99
2000-08-27,209332.42,2255.34,528.00,45.22
2000-08-28,208065.00,2255.05,650.00,11.01
2000-08-29,206367.58,2254.66,899.00,43.22
2000-08-30,204370.00,2254.20,1118.00,110.89
2000-08-31,202070.69,2253.67,1220.00,60.76
2000-09-01,199867.58,2253.16,1214.00,103.27
2000-09-02,197589.31,2252.63,1208.00,59.37
2000-09-03,195439.31,2252.13,1196.00,112.04
2000-09-04,193256.20,2251.62,1190.00,89.35
2000-09-05,191030.00,2251.10,1195.00,72.62
2000-09-06,188738.00,2250.56,1227.00,71.45
2000-09-07,186403.00,2250.01,1282.00,104.77
2000-09-08,184544.00,2249.57,1306.00,368.75
2000-09-09,182276.00,2249.03,1287.00,143.55
2000-09-10,180302.00,2248.56,1268.00,272.77
2000-09-11,178086.00,2248.03,1240.00,122.77
2000-09-12,175880.00,2247.50,1223.00,110.81
2000-09-13,173642.00,2246.96,1249.00,120.67
2000-09-14,171288.91,2246.39,1260.00,73.65
2000-09-15,168993.30,2245.83,1254.00,96.63
2000-09-16,166738.00,2245.28,1247.00,109.95
2000-09-17,164338.91,2244.69,1241.00,31.46
2000-09-18,162269.80,2244.18,1229.00,185.82
2000-09-19,160020.20,2243.62,1240.00,105.83
2000-09-20,157780.00,2243.06,1250.00,120.56
2000-09-21,155430.00,2242.47,1244.00,59.21
2000-09-22,153250.00,2241.92,1237.00,137.92
2000-09-23,150849.09,2241.31,1248.00,37.54
2000-09-24,148626.00,2240.74,1247.00,126.19
2000-09-25,146329.53,2240.15,1241.00,83.20
2000-09-26,144005.00,2239.55,1234.00,62.05
2000-09-27,141773.00,2238.97,1228.00,102.70
2000-09-28,139590.00,2238.40,1238.00,137.40
2000-09-29,137442.38,2237.84,1243.00,160.24
2000-09-30,136910.00,2237.70,1254.00,985.59
2000-10-01,135390.00,2237.30,1248.00,482.00
2000-10-02,133690.47,2236.85,1226.00,369.15
2000-10-03,131620.00,2236.30,1209.00,165.14
2000-10-04,129598.00,2235.76,1209.00,189.57
2000-10-05,127510.00,2235.20,1215.00,162.30
2000-10-06,125327.09,2234.61,1226.00,125.45
2000-10-07,123181.00,2234.03,1226.00,144.01
2000-10-08,120924.00,2233.42,1220.00,82.10
2000-10-09,118948.70,2232.88,1215.00,219.12
2000-10-10,116840.00,2232.30,1204.00,140.86
2000-10-11,114660.00,2231.70,1133.00,33.92
2000-10-12,112705.65,2231.16,1116.00,130.68
2000-10-13,110788.27,2230.63,1127.00,160.32
2000-10-14,108680.00,2230.04,1133.00,70.08
2000-10-15,106760.00,2229.50,1127.00,159.00
2000-10-16,105617.82,2229.18,836.00,260.15
2000-10-17,105120.00,2229.04,291.00,40.02
2000-10-18,105295.00,2229.09,93.00,181.23
2000-10-19,105295.00,2229.09,42.00,42.00
2000-10-20,105900.00,2229.26,33.00,338.02
2000-10-21,106112.18,2229.32,33.00,139.97
2000-10-22,106400.00,2229.40,33.00,178.11
2000-10-23,106472.00,2229.42,33.00,69.30
2000-10-24,106616.00,2229.46,33.00,105.60
2000-10-25,106795.00,2229.51,28.00,118.25
2000-10-26,106935.00,2229.55,24.00,94.58
2000-10-27,106970.00,2229.56,24.00,41.65
2000-10-28,107182.18,2229.62,25.00,131.97
2000-10-29,107470.00,2229.70,25.00,170.11
2000-10-30,107505.00,2229.71,25.00,42.65
2000-10-31,107610.00,2229.74,25.00,77.94
2000-11-01,107750.00,2229.78,25.00,95.58
2000-11-02,108108.70,2229.88,25.00,205.85
2000-11-03,108220.00,2229.91,25.00,81.11
2000-11-04,108396.00,2229.96,26.00,114.73
2000-11-05,108680.00,2230.04,26.00,169.18
2000-11-06,108645.00,2230.03,26.00,8.35
2000-11-07,108962.18,2230.12,26.00,185.91
2000-11-08,109177.82,2230.18,26.00,134.72
2000-11-09,109322.00,2230.22,26.00,98.69
2000-11-10,109358.00,2230.23,26.00,44.15
2000-11-11,109574.00,2230.29,26.00,134.90
2000-11-12,109610.00,2230.30,26.00,44.15
2000-11-13,109646.09,2230.31,26.00,44.19
2000-11-14,109682.18,2230.32,26.00,44.20
2000-11-15,109754.35,2230.34,25.00,61.39
2000-11-16,109898.70,2230.38,25.00,97.78
2000-11-17,109930.00,2230.39,25.00,40.78
2000-11-18,110005.00,2230.41,25.00,62.81
2000-11-19,109970.00,2230.40,25.00,7.35
2000-11-20,110005.00,2230.41,25.00,42.65
2000-11-21,110040.00,2230.42,25.00,42.65
2000-11-22,110145.00,2230.45,25.00,77.94
2000-11-23,110356.00,2230.51,25.00,131.38
2000-11-24,110400.00,2230.52,25.00,47.18
2000-11-25,110500.00,2230.55,25.00,75.42
2000-11-26,110720.00,2230.61,24.00,134.92
2000-11-27,110967.82,2230.68,24.00,148.94
2000-11-28,110967.82,2230.68,24.00,24.00
2000-11-29,111190.00,2230.74,24.00,136.02
2000-11-30,111220.00,2230.75,24.00,39.13
2000-12-01,111300.00,2230.77,24.00,64.33
2000-12-02,111328.00,2230.78,24.00,38.12
2000-12-03,111364.00,2230.79,24.00,42.15
2000-12-04,111400.00,2230.80,24.00,42.15
2000-12-05,111436.09,2230.81,24.00,42.19
2000-12-06,111436.09,2230.81,24.00,24.00
2000-12-07,111472.18,2230.82,24.00,42.20
2000-12-08,111508.27,2230.83,24.00,42.19
2000-12-09,111544.35,2230.84,24.00,42.19
2000-12-10,111616.53,2230.86,24.00,60.39
2000-12-11,111652.62,2230.87,24.00,42.19
2000-12-12,111690.00,2230.88,24.00,42.85
2000-12-13,111724.00,2230.89,24.00,41.14
2000-12-14,111800.00,2230.91,24.00,62.32
2000-12-15,112130.00,2231.00,24.00,190.38
2000-12-16,112490.00,2231.10,24.00,205.50
2000-12-17,112562.00,2231.12,24.00,60.30
2000-12-18,112633.00,2231.14,15.00,50.80
2000-12-19,112705.65,2231.16,8.00,44.63
2000-12-20,112780.00,2231.18,8.00,45.49
2000-12-21,112850.00,2231.20,12.00,47.29
2000-12-22,112994.00,2231.24,20.00,92.60
2000-12-23,113102.00,2231.27,20.00,74.45
2000-12-24,113174.00,2231.29,20.00,56.30
2000-12-25,113246.09,2231.31,20.00,56.34
2000-12-26,113318.27,2231.33,20.00,56.39
2000-12-27,113354.35,2231.34,20.00,38.19
2000-12-28,113390.44,2231.35,20.00,38.19
2000-12-29,113426.53,2231.36,20.00,38.20
2000-12-30,113462.62,2231.37,20.00,38.19
2000-12-31,113570.00,2231.40,20.00,74.14
2001-01-01,113680.00,2231.43,20.00,75.46
2001-01-02,113792.00,2231.46,20.00,76.47
2001-01-03,113903.00,2231.49,20.00,75.96
2001-01-04,114084.00,2231.54,20.00,111.25
2001-01-05,114515.65,2231.66,21.00,238.62
2001-01-06,114660.00,2231.70,21.00,93.78
2001-01-07,114840.00,2231.75,21.00,111.75
2001-01-08,114948.00,2231.78,21.00,75.45
2001-01-09,115020.00,2231.80,21.00,57.30
2001-01-10,115128.27,2231.83,21.00,75.58
2001-01-11,115272.62,2231.87,21.00,93.78
2001-01-12,115343.91,2231.89,21.00,56.95
2001-01-13,115639.00,2231.97,21.00,169.77
2001-01-14,115713.00,2231.99,21.00,58.31
2001-01-15,115822.00,2232.02,21.00,75.95
2001-01-16,115890.00,2232.04,21.00,55.28
2001-01-17,116040.00,2232.08,21.00,96.63
2001-01-18,116110.00,2232.10,21.00,56.29
2001-01-19,116182.18,2232.12,21.00,57.39
2001-01-20,116218.27,2232.13,21.00,39.19
2001-01-21,116470.00,2232.20,21.00,147.92
2001-01-22,116581.00,2232.23,21.00,76.96
2001-01-23,116690.00,2232.26,21.00,75.95
2001-01-24,116766.00,2232.28,21.00,59.32
2001-01-25,116766.00,2232.28,21.00,21.00
2001-01-26,116803.00,2232.29,21.00,39.65
2001-01-27,116912.18,2232.32,21.00,76.04
2001-01-28,117020.44,2232.35,21.00,75.58
2001-01-29,117236.00,2232.41,21.00,129.68
2001-01-30,117488.00,2232.48,21.00,148.05
2001-01-31,117597.00,2232.51,21.00,75.95
2001-02-01,117850.00,2232.58,21.00,148.55
2001-02-02,118000.00,2232.62,21.00,96.63
2001-02-03,118290.00,2232.70,21.00,167.21
2001-02-04,118580.00,2232.78,22.00,168.21
2001-02-05,118804.35,2232.84,22.00,135.11
2001-02-06,118880.00,2232.86,22.00,60.14
2001-02-07,118983.91,2232.89,22.00,74.39
2001-02-08,119168.00,2232.94,22.00,114.81
2001-02-09,119168.00,2232.94,21.00,21.00
2001-02-10,119279.00,2232.97,21.00,76.96
2001-02-11,119316.00,2232.98,21.00,39.65
2001-02-12,119390.00,2233.00,21.00,58.31
2001-02-13,119460.00,2233.02,21.00,56.29
2001-02-14,119534.00,2233.04,21.00,58.31
2001-02-15,119678.00,2233.08,21.00,93.60
2001-02-16,119750.00,2233.10,21.00,57.30
2001-02-17,119861.27,2233.13,21.00,77.10
2001-02-18,119971.64,2233.16,21.00,76.64
2001-02-19,119971.64,2233.16,21.00,21.00
2001-02-20,120008.73,2233.17,21.00,39.70
2001-02-21,120192.00,2233.22,21.00,113.40
2001-02-22,120192.00,2233.22,21.00,21.00
2001-02-23,120228.00,2233.23,21.00,39.15
2001-02-24,120264.00,2233.24,21.00,39.15
2001-02-25,120336.00,2233.26,21.00,57.30
2001-02-26,120336.00,2233.26,21.00,21.00
2001-02-27,120444.00,2233.29,21.00,75.45
2001-02-28,120480.00,2233.30,21.00,39.15
2001-03-01,120665.45,2233.35,21.00,114.50
2001-03-02,120665.45,2233.35,21.00,21.00
2001-03-03,120665.45,2233.35,21.00,21.00
2001-03-04,120740.00,2233.37,21.00,58.58
2001-03-05,120812.91,2233.39,21.00,57.76
2001-03-06,120890.00,2233.41,21.00,59.87
2001-03-07,120924.00,2233.42,21.00,38.14
2001-03-08,121109.00,2233.47,21.00,114.27
2001-03-09,121331.00,2233.53,22.00,133.93
2001-03-10,121516.00,2233.58,22.00,115.27
2001-03-11,121701.27,2233.63,22.00,115.41
2001-03-12,121920.00,2233.69,22.00,132.27
2001-03-13,122071.00,2233.73,23.00,99.13
2001-03-14,122478.36,2233.84,24.00,229.38
2001-03-15,122885.00,2233.95,24.00,229.01
2001-03-16,123250.00,2234.05,24.00,208.02
2001-03-17,123403.00,2234.09,24.00,101.14
2001-03-18,124180.00,2234.30,25.00,416.74
2001-03-19,124587.00,2234.41,26.00,231.20
2001-03-20,125031.00,2234.53,25.00,248.85
2001-03-21,125437.46,2234.64,25.00,229.92
2001-03-22,125956.00,2234.78,25.00,286.43
2001-03-23,126400.00,2234.90,25.00,248.85
2001-03-24,126881.00,2235.03,25.00,267.50
2001-03-25,127695.00,2235.25,26.00,436.39
2001-03-26,128620.00,2235.50,27.00,493.35
2001-03-27,129446.00,2235.72,26.00,442.44
2001-03-28,129898.36,2235.84,26.00,254.06
2001-03-29,130796.00,2236.08,26.00,478.56
2001-03-30,131361.00,2236.23,26.00,310.85
2001-03-31,132152.00,2236.44,27.00,425.80
2001-04-01,132864.28,2236.63,27.00,386.11
2001-04-02,133426.00,2236.78,26.00,309.20
2001-04-03,133994.00,2236.93,25.00,311.37
2001-04-04,134334.00,2237.02,25.00,196.42
2001-04-05,134895.72,2237.17,24.00,307.20
2001-04-06,135390.00,2237.30,25.00,274.20
2001-04-07,135694.75,2237.38,24.00,177.64
2001-04-08,136074.00,2237.48,23.00,214.21
2001-04-09,136340.00,2237.55,23.00,157.11
2001-04-10,136871.91,2237.69,23.00,291.17
2001-04-11,137214.00,2237.78,24.00,196.47
2001-04-12,137594.75,2237.88,24.00,215.96
2001-04-13,137826.00,2237.94,48.00,164.59
2001-04-14,137943.00,2237.97,93.00,151.99
2001-04-15,138098.00,2238.01,100.00,178.15
2001-04-16,138288.00,2238.06,99.00,194.79
2001-04-17,138554.28,2238.13,98.00,232.25
2001-04-18,138781.91,2238.19,97.00,211.76
2001-04-19,139278.19,2238.32,81.00,331.21
2001-04-20,139628.00,2238.41,95.00,271.36
2001-04-21,140046.00,2238.52,94.00,304.74
2001-04-22,140740.00,2238.70,93.00,442.89
2001-04-23,141272.38,2238.84,92.00,360.41
2001-04-24,141890.00,2239.00,91.00,402.39
2001-04-25,143040.00,2239.30,79.00,658.79
2001-04-26,144892.00,2239.78,56.00,989.72
2001-04-27,146949.09,2240.31,39.00,1076.12
2001-04-28,148430.91,2240.69,39.00,786.08
2001-04-29,150030.00,2241.10,38.00,844.21
2001-04-30,151639.00,2241.51,39.00,850.20
2001-05-01,153014.58,2241.86,40.00,733.52
2001-05-02,153843.00,2242.07,39.00,456.66
2001-05-03,154438.00,2242.22,86.00,385.98
2001-05-04,155430.00,2242.47,156.00,656.13
2001-05-05,155745.00,2242.55,163.00,321.81
2001-05-06,156299.91,2242.69,162.00,441.77
2001-05-07,156660.00,2242.78,193.00,374.55
2001-05-08,157099.91,2242.89,242.00,463.79
2001-05-09,157620.00,2243.02,284.00,546.21
2001-05-10,157940.00,2243.10,305.00,466.33
2001-05-11,158380.00,2243.21,330.00,551.83
2001-05-12,159220.00,2243.42,365.00,788.50
2001-05-13,160179.61,2243.66,347.00,830.80
2001-05-14,161390.00,2243.96,302.00,912.24
2001-05-15,162596.00,2244.26,249.00,857.03
2001-05-16,163650.00,2244.52,225.00,756.39
2001-05-17,164420.00,2244.71,231.00,619.21
2001-05-18,164620.00,2244.76,347.00,447.83
2001-05-19,164780.00,2244.80,431.00,511.67
2001-05-20,164580.00,2244.75,475.00,374.17
2001-05-21,164420.00,2244.71,491.00,410.33
2001-05-22,164821.09,2244.81,495.00,697.22
2001-05-23,165764.00,2245.04,483.00,958.38
2001-05-24,166861.09,2245.31,447.00,1000.12
2001-05-25,167476.00,2245.46,427.00,737.02
2001-05-26,167845.00,2245.55,455.00,641.04
2001-05-27,168009.00,2245.59,513.00,595.68
2001-05-28,167886.00,2245.56,576.00,513.99
2001-05-29,167435.00,2245.45,612.00,384.62
2001-05-30,166697.00,2245.27,645.00,272.92
2001-05-31,166010.00,2245.10,665.00,318.64
2001-06-01,165723.00,2245.03,715.00,570.30
2001-06-02,164944.41,2244.84,715.00,322.46
2001-06-03,164174.50,2244.65,715.00,326.84
2001-06-04,163324.00,2244.44,720.00,291.21
2001-06-05,162678.00,2244.28,707.00,381.31
2001-06-06,161910.00,2244.09,690.00,302.80
2001-06-07,161108.91,2243.89,682.00,278.12
2001-06-08,160340.00,2243.70,679.00,291.34
2001-06-09,159700.00,2243.54,661.00,338.33
2001-06-10,158980.59,2243.36,649.00,286.30
2001-06-11,158460.00,2243.23,646.00,383.53
2001-06-12,157980.09,2243.11,643.00,401.05
2001-06-13,157300.00,2242.94,590.00,247.12
2001-06-14,156740.00,2242.80,561.00,278.67
2001-06-15,156099.41,2242.64,518.00,195.03
2001-06-16,155667.00,2242.53,477.00,259.00
2001-06-17,155109.91,2242.39,475.00,194.13
2001-06-18,154594.00,2242.26,473.00,212.90
2001-06-19,154159.52,2242.15,470.00,250.95
2001-06-20,153530.00,2241.99,468.00,150.62
2001-06-21,153130.91,2241.89,466.00,264.79
2001-06-22,152620.00,2241.76,464.00,206.42
2001-06-23,151912.00,2241.58,458.00,101.05
2001-06-24,151400.00,2241.45,456.00,197.87
2001-06-25,150888.19,2241.32,438.00,179.96
2001-06-26,150380.91,2241.19,403.00,147.25
2001-06-27,150069.09,2241.11,366.00,208.79
2001-06-28,149640.00,2241.00,351.00,134.67
2001-06-29,149250.00,2240.90,351.00,154.37
2001-06-30,148704.00,2240.76,351.00,75.72
2001-07-01,148274.52,2240.65,351.00,134.47
2001-07-02,147729.00,2240.51,351.00,75.97
2001-07-03,147222.77,2240.38,351.00,95.77
2001-07-04,146754.00,2240.26,383.00,146.66
2001-07-05,146062.00,2240.08,399.00,50.12
2001-07-06,145399.00,2239.91,403.00,68.74
2001-07-07,144736.00,2239.74,403.00,68.74
2001-07-08,144005.00,2239.55,407.00,38.45
2001-07-09,143306.66,2239.37,427.00,74.92
2001-07-10,142497.63,2239.16,447.00,39.11
2001-07-11,141695.00,2238.95,487.00,82.34
2001-07-12,140660.00,2238.68,576.00,54.19
2001-07-13,139660.00,2238.42,612.00,107.83
2001-07-14,138440.00,2238.10,690.00,74.92
2001-07-15,137060.00,2237.74,765.00,69.25
2001-07-16,135580.00,2237.35,815.00,68.83
2001-07-17,133956.00,2236.92,896.00,77.23
2001-07-18,132260.00,2236.47,951.00,95.93
2001-07-19,130424.00,2235.98,1022.00,96.35
2001-07-20,128620.00,2235.50,1083.00,173.48
2001-07-21,126622.00,2234.96,1111.00,103.67
2001-07-22,124698.00,2234.44,1144.00,173.98
2001-07-23,122620.00,2233.88,1166.00,118.34
2001-07-24,120520.00,2233.31,1193.00,134.25
2001-07-25,118330.00,2232.71,1231.00,126.87
2001-07-26,116070.00,2232.09,1264.00,124.58
2001-07-27,113760.00,2231.45,1300.00,135.37
2001-07-28,111256.00,2230.76,1336.00,73.57
2001-07-29,108785.00,2230.07,1342.00,96.20
2001-07-30,106472.00,2229.42,1330.00,163.86
2001-07-31,104162.00,2228.77,1253.00,88.37
2001-08-01,102212.00,2228.22,1149.00,165.87
2001-08-02,100239.66,2227.66,1111.00,116.61
2001-08-03,98245.00,2227.09,1138.00,132.36
2001-08-04,96110.00,2226.48,1193.00,116.60
2001-08-05,93810.17,2225.82,1226.00,66.50
2001-08-06,91599.83,2225.18,1242.00,127.62
2001-08-07,89491.00,2224.49,1276.00,212.80
2001-08-08,87258.00,2223.72,1306.00,180.20
2001-08-09,84909.00,2222.91,1324.00,139.71
2001-08-10,82532.00,2222.09,1330.00,131.60
2001-08-11,80144.00,2221.26,1330.00,126.05
2001-08-12,77699.00,2220.41,1324.00,91.31
2001-08-13,75312.00,2219.58,1318.00,114.55
2001-08-14,72954.00,2218.76,1324.00,135.17
2001-08-15,70664.00,2217.96,1287.00,132.46
2001-08-16,68509.00,2217.21,1203.00,116.52
2001-08-17,66536.00,2216.52,1115.00,120.28
2001-08-18,64676.48,2215.87,1070.00,132.49
2001-08-19,62882.00,2215.24,1053.00,148.28
2001-08-20,61060.00,2214.60,1003.00,84.41
2001-08-21,59378.00,2214.01,975.00,126.99
2001-08-22,58154.00,2213.58,859.00,241.90
2001-08-23,56730.00,2213.08,806.00,88.07
2001-08-24,55514.64,2212.65,751.00,138.26
2001-08-25,54183.86,2212.18,720.00,49.06
2001-08-26,53054.00,2211.78,710.00,140.36
2001-08-27,51812.27,2211.34,694.00,67.96
2001-08-28,50654.00,2210.93,684.00,100.04
2001-08-29,49440.00,2210.50,668.00,55.94
2001-08-30,48254.00,2210.08,668.00,70.06
2001-08-31,47180.00,2209.70,668.00,126.52
2001-09-01,45970.00,2209.27,677.00,66.96
2001-09-02,44756.29,2208.84,677.00,65.09
2001-09-03,43576.00,2208.42,671.00,75.94
2001-09-04,42428.00,2208.01,661.00,82.22
2001-09-05,41220.00,2207.58,650.00,40.97
2001-09-06,40010.00,2207.15,640.00,29.96
2001-09-07,38992.00,2206.79,635.00,121.76
2001-09-08,37790.00,2206.36,645.00,38.99
2001-09-09,36528.00,2205.91,665.00,28.74
2001-09-10,35324.00,2205.48,670.00,62.98
2001-09-11,34092.00,2205.04,675.00,53.87
2001-09-12,32888.07,2204.61,680.00,73.02
2001-09-13,31599.66,2204.15,675.00,25.43
2001-09-14,30283.86,2203.68,695.00,31.62
2001-09-15,29080.00,2203.25,685.00,78.05
2001-09-16,27858.07,2202.81,654.00,37.94
2001-09-17,26770.00,2202.42,649.00,100.43
2001-09-18,25650.00,2202.02,638.00,73.33
2001-09-19,24560.00,2201.63,623.00,73.46
2001-09-20,23480.00,2201.24,601.00,56.50
2001-09-21,22470.00,2200.88,573.00,63.79
2001-09-22,21450.00,2200.51,546.00,31.75
2001-09-23,20580.00,2200.20,484.00,45.37
2001-09-24,20170.00,2200.05,225.00,18.29
2001-09-25,19970.00,2199.98,122.00,21.17
2001-09-26,19890.00,2199.95,97.00,56.67
2001-09-27,19830.00,2199.93,43.00,12.75
2001-09-28,19780.00,2199.91,33.00,7.79
2001-09-29,19750.00,2199.90,32.00,16.87
2001-09-30,19720.00,2199.89,31.00,15.87
2001-10-01,19470.00,2199.81,32.00,11.00
2001-10-02,19428.35,2199.78,32.00,4.70
2001-10-03,19386.69,2199.77,32.00,7.71
2001-10-04,19370.83,2199.76,19.00,11.62
2001-10-05,19366.86,2199.76,13.00,10.62
2001-10-06,19362.89,2199.76,13.00,10.36
2001-10-07,19360.91,2199.76,12.00,10.88
2001-10-08,19358.93,2199.76,12.00,10.84
2001-10-09,19356.94,2199.76,12.00,10.49
2001-10-10,19354.96,2199.76,12.00,8.67
2001-10-11,19549.34,2199.83,12.00,106.90
2001-10-12,19773.47,2199.91,12.00,121.90
2001-10-13,19979.75,2199.98,12.00,112.90
2001-10-14,20114.63,2200.03,12.00,76.90
2001-10-15,20172.15,2200.05,11.00,37.52
2001-10-16,20217.77,2200.07,11.00,31.52
2001-10-17,20255.45,2200.08,11.00,27.52
2001-10-18,20289.17,2200.09,11.00,25.52
2001-10-19,20388.35,2200.13,29.00,76.27
2001-10-20,20481.57,2200.16,43.00,83.32
2001-10-21,20574.79,2200.20,44.00,83.89
2001-10-22,20775.12,2200.27,20.00,118.89
2001-10-23,21546.69,2200.55,12.00,398.24
2001-10-24,22510.66,2200.89,12.00,494.89
2001-10-25,23036.28,2201.08,12.00,273.87
2001-10-26,23331.82,2201.19,29.00,175.86
2001-10-27,23607.52,2201.29,21.00,158.63
2001-10-28,23893.14,2201.39,11.00,152.52
2001-10-29,24055.78,2201.45,11.00,90.52
2001-10-30,24135.12,2201.48,11.00,48.52
2001-10-31,24690.50,2201.68,11.00,288.54
2001-11-01,25741.74,2202.05,11.00,538.51
2001-11-02,26660.09,2202.38,9.00,469.86
2001-11-03,27532.81,2202.69,9.00,446.09
2001-11-04,28278.60,2202.96,9.00,382.10
2001-11-05,28883.56,2203.18,9.00,311.10
2001-11-06,29436.95,2203.38,9.00,285.10
2001-11-07,29944.71,2203.56,9.00,262.09
2001-11-08,30337.44,2203.70,9.00,204.10
2001-11-09,30702.40,2203.83,9.00,190.10
2001-11-10,31021.74,2203.94,9.00,167.10
2001-11-11,31269.67,2204.03,9.00,131.10
2001-11-12,31509.67,2204.12,9.00,127.10
2001-11-13,31743.72,2204.20,9.00,124.20
2001-11-14,32604.55,2204.51,11.00,442.38
2001-11-15,35091.82,2205.40,11.00,1262.48
2001-11-16,37281.57,2206.18,10.00,1111.86
2001-11-17,38707.69,2206.69,10.00,726.75
2001-11-18,39796.62,2207.08,10.00,556.55
2001-11-19,40689.18,2207.39,10.00,457.37
2001-11-20,41536.12,2207.70,10.00,434.41
2001-11-21,42331.49,2207.98,10.00,408.75
2001-11-22,43140.75,2208.26,10.00,415.93
2001-11-23,43904.38,2208.54,11.00,393.50
2001-11-24,44608.52,2208.79,11.00,363.52
2001-11-25,45161.90,2208.98,11.00,287.51
2001-11-26,45802.57,2209.21,11.00,331.43
2001-11-27,46282.57,2209.38,11.00,250.52
2001-11-28,46701.08,2209.53,9.00,218.94
2001-11-29,47607.52,2209.85,6.00,462.79
2001-11-30,48198.60,2210.06,6.00,303.80
2001-12-01,48613.15,2210.21,6.00,214.80
2001-12-02,48948.35,2210.33,7.00,175.28
2001-12-03,49307.36,2210.45,7.00,187.40
2001-12-04,49670.34,2210.58,7.00,189.40
2001-12-05,50053.15,2210.72,7.00,199.40
2001-12-06,50336.78,2210.82,7.00,149.67
2001-12-07,50842.57,2211.00,8.00,262.32
2001-12-08,51217.44,2211.13,8.00,195.99
2001-12-09,51469.34,2211.22,8.00,134.00
2001-12-10,51637.94,2211.28,8.00,91.97
2001-12-11,51782.73,2211.33,7.00,79.70
2001-12-12,51881.91,2211.37,7.00,56.70
2001-12-13,52127.86,2211.45,10.00,133.70
2001-12-14,53212.81,2211.84,13.00,559.11
2001-12-15,54375.13,2212.25,10.00,595.17
2001-12-16,55589.01,2212.68,11.00,622.18
2001-12-17,56842.57,2213.12,13.00,643.92
2001-12-18,57772.81,2213.45,10.00,478.42
2001-12-19,58355.95,2213.65,10.00,302.80
2001-12-20,58726.86,2213.78,9.00,195.44
2001-12-21,59185.05,2213.94,9.00,238.83
2001-12-22,59726.53,2214.13,9.00,280.75
2001-12-23,59978.43,2214.22,8.00,134.56
2001-12-24,60180.75,2214.29,8.00,109.38
2001-12-25,60519.92,2214.41,8.00,178.38
2001-12-26,60865.05,2214.53,8.00,181.26
2001-12-27,61007.86,2214.58,8.00,79.00
2001-12-28,61329.18,2214.70,8.00,169.00
2001-12-29,61557.28,2214.78,8.00,122.00
2001-12-30,61761.57,2214.85,8.00,109.99
2001-12-31,62001.57,2214.93,8.00,128.00
2002-01-01,62150.33,2214.98,8.00,82.00
2002-01-02,62180.08,2214.99,8.00,22.00
2002-01-03,62344.71,2215.05,8.00,90.00
2002-01-04,62550.99,2215.12,8.00,111.00
2002-01-05,62814.70,2215.22,8.00,139.95
2002-01-06,63231.32,2215.36,8.00,217.08
2002-01-07,64040.58,2215.65,10.00,416.99
2002-01-08,67059.42,2216.70,12.00,1532.78
2002-01-09,69947.35,2217.71,11.00,1466.11
2002-01-10,71383.39,2218.21,10.00,733.42
2002-01-11,72379.09,2218.56,10.00,511.08
2002-01-12,73295.45,2218.88,10.00,471.51
2002-01-13,74162.23,2219.18,11.00,447.14
2002-01-14,74981.40,2219.46,10.00,422.09
2002-01-15,75594.30,2219.68,10.00,317.73
2002-01-16,76219.09,2219.90,9.00,323.52
2002-01-17,76695.12,2220.06,9.00,248.49
2002-01-18,77149.34,2220.22,9.00,237.14
2002-01-19,77635.29,2220.39,9.00,253.27
2002-01-20,78234.30,2220.60,10.00,311.15
2002-01-21,78974.13,2220.85,10.00,382.64
2002-01-22,79468.02,2221.13,10.00,257.94
2002-01-23,80061.07,2221.23,9.00,307.65
2002-01-24,80789.01,2221.48,12.00,378.49
2002-01-25,81824.38,2221.84,14.00,535.32
2002-01-26,82693.14,2222.14,10.00,447.84
2002-01-27,83252.48,2222.34,9.00,290.64
2002-01-28,83702.73,2222.49,9.00,234.92
2002-01-29,84158.92,2222.65,8.00,237.46
2002-01-30,84565.54,2222.79,8.00,212.38
2002-01-31,85023.72,2222.95,8.00,238.26
2002-02-01,85511.65,2223.12,8.00,252.99
2002-02-02,85882.56,2223.25,8.00,194.00
2002-02-03,86229.67,2223.37,8.00,182.00
2002-02-04,86556.94,2223.48,7.00,171.73
2002-02-05,86779.09,2223.56,7.00,118.70
2002-02-06,87042.89,2223.65,7.00,139.70
2002-02-07,87461.41,2223.79,7.00,217.70
2002-02-08,87941.41,2223.96,7.00,248.70
2002-02-09,88258.76,2224.07,7.00,166.70
2002-02-10,88486.86,2224.15,7.00,121.70
2002-02-11,88710.99,2224.22,7.00,119.70
2002-02-12,88903.39,2224.32,7.00,103.70
2002-02-13,89040.25,2224.33,7.00,75.70
2002-02-14,89248.51,2224.41,7.00,111.70
2002-02-15,89429.01,2224.47,7.00,97.70
2002-02-16,89659.09,2224.55,7.00,122.70
2002-02-17,89875.29,2224.62,7.00,115.70
2002-02-18,90083.55,2224.69,7.00,111.70
2002-02-19,90309.67,2224.77,7.00,120.70
2002-02-20,90563.55,2224.86,7.00,134.69
2002-02-21,90831.32,2224.95,8.00,142.30
2002-02-22,91668.35,2225.20,11.00,432.33
2002-02-23,92796.94,2225.53,12.00,579.76
2002-02-24,94139.75,2225.91,11.00,687.29
2002-02-25,95248.51,2226.23,10.00,568.02
2002-02-26,96020.08,2226.46,9.00,397.54
2002-02-27,96690.50,2226.65,9.00,346.18
2002-02-28,97259.75,2226.81,9.00,294.87
2002-03-01,97769.50,2226.95,9.00,264.72
2002-03-02,98209.83,2227.08,8.00,229.38
2002-03-03,98677.93,2227.21,8.00,243.38
2002-03-04,99150.00,2227.35,8.00,245.38
2002-03-05,99602.23,2227.48,8.00,235.37
2002-03-06,100062.39,2227.61,8.00,239.38
2002-03-07,100576.11,2227.76,8.00,266.38
2002-03-08,101068.01,2227.90,8.00,255.03
2002-03-09,101520.25,2228.02,8.00,235.00
2002-03-10,101944.71,2228.14,8.00,221.00
2002-03-11,102456.44,2228.29,9.00,265.98
2002-03-12,103719.92,2228.65,11.00,646.98
2002-03-13,104453.80,2228.85,10.00,378.73
2002-03-14,104965.53,2229.00,9.00,266.49
2002-03-15,105544.71,2229.16,9.00,300.14
2002-03-16,106062.39,2229.31,9.00,268.87
2002-03-17,106512.64,2229.43,9.00,234.76
2002-03-18,107672.97,2229.76,9.00,592.75
2002-03-19,108381.07,2229.96,9.00,364.79
2002-03-20,109315.29,2230.22,10.00,480.33
2002-03-21,109807.19,2230.36,10.00,256.97
2002-03-22,110233.63,2230.47,9.00,223.46
2002-03-23,110671.98,2230.60,9.00,229.14
2002-03-24,111048.84,2230.70,9.00,198.55
2002-03-25,111433.63,2230.81,10.00,203.30
2002-03-26,111862.06,2230.92,10.00,225.38
2002-03-27,112282.56,2231.04,10.00,221.28
2002-03-28,112691.15,2231.16,10.00,215.74
2002-03-29,113179.09,2231.29,11.00,256.04
2002-03-30,113611.48,2231.41,11.00,228.08
2002-03-31,113867.35,2231.48,11.00,139.17
2002-04-01,114336.09,2231.61,11.00,246.62
2002-04-02,114732.00,2231.72,11.00,209.89
2002-04-03,115343.91,2231.89,10.00,318.33
2002-04-04,115822.00,2232.02,10.00,250.71
2002-04-05,116470.00,2232.20,10.00,336.53
2002-04-06,117344.00,2232.44,11.00,450.73
2002-04-07,118364.00,2232.72,12.00,525.43
2002-04-08,119279.00,2232.97,11.00,471.92
2002-04-09,120228.00,2233.23,11.00,488.68
2002-04-10,121183.00,2233.49,11.00,491.95
2002-04-11,122552.54,2233.86,12.00,701.09
2002-04-12,123958.00,2234.24,12.00,719.38
2002-04-13,126992.00,2235.06,14.00,1542.27
2002-04-14,131620.00,2236.30,20.00,2351.29
2002-04-15,134070.00,2236.95,15.00,1248.97
2002-04-16,135466.19,2237.32,13.00,716.03
2002-04-17,136606.19,2237.62,11.00,585.34
2002-04-18,137556.66,2237.87,11.00,489.16
2002-04-19,138478.09,2238.11,10.00,474.21
2002-04-20,139239.09,2238.31,10.00,392.76
2002-04-21,140350.00,2238.60,10.00,568.97
2002-04-22,141272.38,2238.84,10.00,473.77
2002-04-23,142232.00,2239.09,9.00,492.32
2002-04-24,142689.00,2239.21,9.00,238.87
2002-04-25,143732.00,2239.48,9.00,533.98
2002-04-26,144619.00,2239.71,9.00,455.33
2002-04-27,145516.00,2239.94,9.00,460.37
2002-04-28,146367.63,2240.16,9.00,437.49
2002-04-29,147300.00,2240.40,9.00,478.21
2002-04-30,148587.00,2240.73,9.00,656.75
2002-05-01,150341.81,2241.18,9.00,893.71
2002-05-02,152223.63,2241.66,9.00,957.73
2002-05-03,153765.00,2242.05,9.00,786.10
2002-05-04,154950.48,2242.35,9.00,606.67
2002-05-05,156179.61,2242.66,9.00,628.67
2002-05-06,157180.00,2242.91,9.00,513.36
2002-05-07,157940.00,2243.10,9.00,392.16
2002-05-08,158620.00,2243.27,9.00,351.83
2002-05-09,159300.00,2243.44,9.00,351.83
2002-05-10,159900.00,2243.59,9.00,311.50
2002-05-11,160580.00,2243.76,8.00,350.83
2002-05-12,161630.00,2244.02,8.00,537.37
2002-05-13,162960.48,2244.35,8.00,678.78
2002-05-14,164420.00,2244.71,8.00,743.83
2002-05-15,165641.00,2245.01,8.00,623.58
2002-05-16,166943.30,2245.33,8.00,664.57
2002-05-17,168377.80,2245.68,8.00,731.22
2002-05-18,169895.00,2246.05,8.00,772.91
2002-05-19,171576.00,2246.46,8.00,855.49
2002-05-20,173726.00,2246.98,9.00,1092.94
2002-05-21,175675.00,2247.45,8.00,990.61
2002-05-22,177340.52,2247.85,8.00,847.69
2002-05-23,178884.00,2248.22,8.00,786.16
2002-05-24,180386.00,2248.58,8.00,765.25
2002-05-25,182024.00,2248.97,8.00,833.81
2002-05-26,183872.00,2249.41,8.00,939.69
2002-05-27,185897.89,2249.89,8.00,1029.37
2002-05-28,188480.00,2250.50,8.00,1309.79
2002-05-29,191416.89,2251.19,9.00,1489.66
2002-05-30,193894.00,2251.77,9.00,1257.86
2002-05-31,195955.00,2252.25,8.00,1047.07
2002-06-01,197890.00,2252.70,8.00,983.55
2002-06-02,199696.20,2253.12,8.00,918.61
2002-06-03,201770.00,2253.60,8.00,1053.52
2002-06-04,203715.00,2254.05,8.00,988.59
2002-06-05,205802.00,2254.53,9.00,1061.18
2002-06-06,207850.00,2255.00,9.00,1041.52
2002-06-07,209375.53,2255.35,9.00,778.11
2002-06-08,210513.11,2255.61,9.00,582.52
2002-06-09,211648.75,2255.87,9.00,581.54
2002-06-10,213055.89,2256.19,9.00,718.42
2002-06-11,214772.00,2256.58,9.00,874.19
2002-06-12,216708.00,2257.02,9.00,985.05
2002-06-13,218865.00,2257.51,9.00,1096.47
2002-06-14,221216.00,2258.04,9.00,1194.28
2002-06-15,223395.00,2258.53,9.00,1107.56
2002-06-16,225220.00,2258.94,9.00,929.09
2002-06-17,226962.33,2259.33,9.00,887.41
2002-06-18,228610.00,2259.70,9.00,839.69
2002-06-19,230095.00,2260.03,9.00,757.68
2002-06-20,231490.44,2260.34,9.00,712.52
2002-06-21,232929.56,2260.66,9.00,734.55
2002-06-22,234415.00,2260.99,9.00,757.90
2002-06-23,235765.00,2261.29,35.00,715.62
2002-06-24,236802.00,2261.52,126.00,648.81
2002-06-25,238392.78,2261.87,227.00,1029.01
2002-06-26,239070.00,2262.02,391.00,732.43
2002-06-27,239430.00,2262.10,581.00,762.50
2002-06-28,239568.34,2262.13,635.00,704.75
2002-06-29,240070.00,2262.24,630.00,882.91
2002-06-30,239843.89,2262.19,625.00,511.00
2002-07-01,239659.44,2262.15,527.00,434.01
2002-07-02,239614.45,2262.14,455.00,432.32
2002-07-03,239430.00,2262.10,415.00,322.01
2002-07-04,239476.11,2262.11,323.00,346.25
2002-07-05,239522.22,2262.12,291.00,314.25
2002-07-06,239659.44,2262.15,270.00,339.18
2002-07-07,240295.00,2262.29,273.00,593.42
2002-07-08,240115.00,2262.25,358.00,267.25
2002-07-09,239935.00,2262.21,399.00,308.25
2002-07-10,239935.00,2262.21,375.00,375.00
2002-07-11,239980.00,2262.22,375.00,397.69
2002-07-12,239980.00,2262.22,379.00,379.00
2002-07-13,240025.00,2262.23,379.00,401.69
2002-07-14,239797.78,2262.18,375.00,260.45
2002-07-15,239522.22,2262.12,372.00,233.07
2002-07-16,239250.00,2262.06,383.00,245.76
2002-07-17,238980.00,2262.00,391.00,254.88
2002-07-18,238665.00,2261.93,391.00,232.19
2002-07-19,238208.34,2261.83,387.00,156.77
2002-07-20,237890.00,2261.76,387.00,226.50
2002-07-21,237439.56,2261.66,383.00,155.91
2002-07-22,237032.00,2261.57,383.00,177.52
2002-07-23,236620.00,2261.48,387.00,179.29
2002-07-24,236125.77,2261.37,387.00,137.83
2002-07-25,235630.00,2261.26,343.00,93.06
2002-07-26,235269.78,2261.18,336.00,154.39
2002-07-27,234730.00,2261.06,333.00,60.86
2002-07-28,234190.00,2260.94,326.00,53.75
2002-07-29,233695.33,2260.83,322.00,72.61
2002-07-30,233064.89,2260.69,329.00,11.16
2002-07-31,232525.00,2260.57,333.00,60.81
2002-08-01,231940.00,2260.44,329.00,34.07
2002-08-02,231490.44,2260.34,280.00,53.35
2002-08-03,231130.00,2260.26,246.00,64.28
2002-08-04,230769.78,2260.18,243.00,61.39
2002-08-05,230455.11,2260.11,213.00,54.36
2002-08-06,230005.00,2260.01,240.00,13.07
2002-08-07,229465.98,2259.89,291.00,19.25
2002-08-08,228970.00,2259.78,303.00,52.94
2002-08-09,228433.56,2259.66,312.00,41.55
2002-08-10,227945.00,2259.55,324.00,77.69
2002-08-11,227495.00,2259.45,336.00,109.13
2002-08-12,227050.53,2259.35,348.00,123.92
2002-08-13,225886.00,2259.09,658.00,70.89
2002-08-14,224430.00,2258.78,805.00,70.94
2002-08-15,223260.00,2258.50,765.00,175.13
2002-08-16,222018.00,2258.22,735.00,108.83
2002-08-17,220820.00,2257.95,680.00,76.02
2002-08-18,219754.00,2257.71,675.00,137.57
2002-08-19,218644.00,2257.46,645.00,85.38
2002-08-20,217632.00,2257.23,635.00,124.79
2002-08-21,216620.00,2257.00,585.00,74.79
2002-08-22,215784.11,2256.81,499.00,77.58
2002-08-23,215079.47,2256.65,439.00,83.75
2002-08-24,214376.00,2256.49,427.00,72.34
2002-08-25,213672.33,2256.33,427.00,72.24
2002-08-26,212967.67,2256.17,403.00,47.74
2002-08-27,212352.00,2256.03,391.00,80.60
2002-08-28,211560.53,2255.85,471.00,71.97
2002-08-29,210294.00,2255.56,680.00,41.47
2002-08-30,208587.67,2255.17,962.00,101.74
2002-08-31,206453.80,2254.68,1182.00,106.19
2002-09-01,204149.47,2254.15,1237.00,75.25
2002-09-02,201899.31,2253.63,1231.00,96.56
2002-09-03,199653.11,2253.11,1220.00,87.56
2002-09-04,197417.00,2252.59,1204.00,76.64
2002-09-05,195095.00,2252.05,1220.00,49.34
2002-09-06,192869.00,2251.53,1220.00,97.74
2002-09-07,190610.00,2251.00,1204.00,65.10
2002-09-08,188396.00,2250.48,1198.00,81.79
2002-09-09,186192.00,2249.96,1220.00,108.83
2002-09-10,183787.89,2249.39,1253.00,40.95
2002-09-11,181562.61,2248.86,1248.00,126.10
2002-09-12,179220.00,2248.30,1242.00,60.95
2002-09-13,176836.00,2247.73,1237.00,35.08
2002-09-14,174722.00,2247.22,1242.00,176.21
2002-09-15,172317.39,2246.64,1231.00,18.69
2002-09-16,169977.00,2246.07,1231.00,51.07
2002-09-17,167640.00,2245.50,1226.00,47.78
2002-09-18,165436.00,2244.96,1226.00,114.83
2002-09-19,163120.00,2244.39,1226.00,58.37
2002-09-20,160780.00,2243.81,1226.00,46.27
2002-09-21,158460.00,2243.23,1226.00,56.35
2002-09-22,156179.61,2242.66,1226.00,76.32
2002-09-23,154000.09,2242.11,1237.00,138.18
2002-09-24,151678.00,2241.52,1237.00,66.29
2002-09-25,149328.00,2240.92,1237.00,52.23
2002-09-26,147066.38,2240.34,1237.00,96.78
2002-09-27,144775.00,2239.75,1231.00,75.78
2002-09-28,142573.81,2239.18,1242.00,132.25
2002-09-29,140389.09,2238.61,1242.00,140.55
2002-09-30,138174.00,2238.03,1215.00,98.24
2002-10-01,135884.00,2237.43,1204.00,49.00
2002-10-02,133614.28,2236.83,1205.00,60.70
2002-10-03,131509.00,2236.27,1196.00,134.60
2002-10-04,129484.00,2235.73,1175.00,154.08
2002-10-05,127287.46,2235.14,1160.00,52.59
2002-10-06,125105.00,2234.55,1156.00,55.69
2002-10-07,123181.00,2234.03,1059.00,89.00
2002-10-08,121516.00,2233.58,912.00,72.57
2002-10-09,119900.00,2233.14,860.31,45.59
2002-10-10,118290.00,2232.70,846.53,34.83
2002-10-11,116692.00,2232.26,834.00,28.35
2002-10-12,115128.27,2231.83,830.00,41.63
2002-10-13,113570.00,2231.40,826.00,40.39
2002-10-14,112454.00,2231.09,614.00,51.36
2002-10-15,111980.00,2230.96,305.72,66.74
2002-10-16,111760.00,2230.90,147.10,36.18
2002-10-17,111580.00,2230.85,106.31,15.56
2002-10-18,111400.00,2230.80,100.74,9.99
2002-10-19,111220.00,2230.75,102.00,11.25
2002-10-20,111040.00,2230.70,102.89,12.14
2002-10-21,110970.00,2230.68,57.72,22.43
2002-10-22,110940.00,2230.67,22.52,7.40
2002-10-23,110940.00,2230.67,17.40,17.40
2002-10-24,110940.00,2230.67,17.64,17.64
2002-10-25,110940.00,2230.67,18.10,18.10
2002-10-26,110940.00,2230.67,18.10,18.10
2002-10-27,110940.00,2230.67,18.10,18.10
2002-10-28,110900.00,2230.66,43.62,23.45
2002-10-29,110760.00,2230.62,78.70,8.12
2002-10-30,110500.00,2230.55,135.29,4.20
2002-10-31,110220.00,2230.47,144.00,2.84
2002-11-01,109970.00,2230.40,131.77,5.73
2002-11-02,109750.00,2230.34,115.97,5.05
2002-11-03,109540.00,2230.28,108.54,2.67
2002-11-04,109500.00,2230.27,92.10,71.94
2002-11-05,109500.00,2230.27,59.12,59.12
2002-11-06,109500.00,2230.27,31.18,31.18
2002-11-07,109500.00,2230.27,18.80,18.80
2002-11-08,109466.00,2230.26,31.69,14.54
2002-11-09,109500.00,2230.27,50.90,68.04
2002-11-10,109500.00,2230.27,56.80,56.80
2002-11-11,109500.00,2230.27,56.80,56.80
2002-11-12,109500.00,2230.27,63.90,63.90
2002-11-13,109500.00,2230.27,69.50,69.50
2002-11-14,109500.00,2230.27,80.24,80.24
2002-11-15,109570.00,2230.29,100.58,135.87
2002-11-16,109640.00,2230.31,118.60,153.90
2002-11-17,109790.00,2230.35,119.51,195.13
2002-11-18,109970.00,2230.40,115.19,205.94
2002-11-19,110180.00,2230.46,85.66,191.53
2002-11-20,110400.00,2230.52,61.90,172.81
2002-11-21,110716.09,2230.61,48.37,207.73
2002-11-22,110788.27,2230.63,30.47,66.86
2002-11-23,111003.91,2230.69,27.50,136.22
2002-11-24,111112.00,2230.72,27.50,81.99
2002-11-25,111112.00,2230.72,26.82,26.82
2002-11-26,111190.00,2230.74,24.64,63.97
2002-11-27,111260.00,2230.76,23.90,59.19
2002-11-28,111292.00,2230.77,23.90,40.03
2002-11-29,111364.00,2230.79,23.90,60.20
2002-11-30,111472.18,2230.82,23.90,78.44
2002-12-01,111472.18,2230.82,26.00,26.00
2002-12-02,111544.35,2230.84,39.00,75.39
2002-12-03,111436.09,2230.81,74.00,19.42
2002-12-04,111436.09,2230.81,82.00,82.00
2002-12-05,111328.00,2230.78,83.00,28.51
2002-12-06,111220.00,2230.75,121.00,66.55
2002-12-07,111076.00,2230.71,121.00,48.40
2002-12-08,110967.82,2230.68,122.00,67.46
2002-12-09,110788.27,2230.63,111.00,20.48
2002-12-10,111040.00,2230.70,79.00,205.91
2002-12-11,111472.18,2230.82,39.00,256.89
2002-12-12,111508.27,2230.83,25.00,43.19
2002-12-13,111544.35,2230.84,24.00,42.19
2002-12-14,111723.91,2230.89,24.00,114.53
2002-12-15,112056.00,2230.98,24.00,191.42
2002-12-16,112490.00,2231.10,24.00,242.81
2002-12-17,112741.73,2231.17,24.00,150.91
2002-12-18,112850.00,2231.20,24.00,78.58
2002-12-19,112922.00,2231.22,24.00,60.30
2002-12-20,112994.00,2231.24,24.00,60.30
2002-12-21,113210.00,2231.30,24.00,132.90
2002-12-22,113282.18,2231.32,24.00,60.39
2002-12-23,113354.35,2231.34,24.00,60.39
2002-12-24,113390.44,2231.35,24.00,42.19
2002-12-25,113426.53,2231.36,24.00,42.20
2002-12-26,113792.00,2231.46,23.00,207.25
2002-12-27,113976.00,2231.51,23.00,115.77
2002-12-28,114084.00,2231.54,23.00,77.45
2002-12-29,114150.00,2231.56,21.60,54.87
2002-12-30,114336.09,2231.61,21.60,115.42
2002-12-31,114587.82,2231.68,23.00,149.91
2003-01-01,114912.00,2231.77,21.60,185.04
2003-01-02,115310.00,2231.88,21.74,222.40
2003-01-03,115530.00,2231.94,22.30,133.22
2003-01-04,115822.00,2232.02,22.30,169.51
2003-01-05,116146.09,2232.11,24.00,187.39
2003-01-06,116397.82,2232.18,24.00,150.91
2003-01-07,116544.00,2232.22,24.00,97.70
2003-01-08,116729.00,2232.27,23.00,116.27
2003-01-09,116876.09,2232.31,23.00,97.15
2003-01-10,116984.35,2232.34,23.00,77.58
2003-01-11,117236.00,2232.41,23.00,149.87
2003-01-12,117524.00,2232.49,23.00,168.20
2003-01-13,117634.00,2232.52,23.00,78.46
2003-01-14,117819.00,2232.57,23.00,116.27
2003-01-15,117930.00,2232.60,23.00,78.96
2003-01-16,118109.56,2232.65,23.00,113.53
2003-01-17,118145.65,2232.66,23.00,41.19
2003-01-18,118253.91,2232.69,23.00,77.58
2003-01-19,118253.91,2232.69,23.00,23.00
2003-01-20,118254.00,2232.69,23.00,23.04
2003-01-21,118512.00,2232.76,23.00,153.07
2003-01-22,118983.91,2232.89,23.00,260.92
2003-01-23,119242.00,2232.96,23.00,153.12
2003-01-24,119390.00,2233.00,23.00,97.62
2003-01-25,119897.46,2233.14,23.00,278.84
2003-01-26,122626.73,2233.88,26.00,1401.98
2003-01-27,124550.00,2234.40,27.00,996.64
2003-01-28,125622.91,2234.69,27.00,567.92
2003-01-29,126807.00,2235.01,27.00,623.97
2003-01-30,129111.27,2235.63,31.00,1192.72
2003-01-31,134857.63,2237.16,48.00,2945.08
2003-02-01,137480.47,2237.85,37.00,1359.33
2003-02-02,138972.00,2238.24,32.00,783.97
2003-02-03,140084.00,2238.53,30.00,590.63
2003-02-04,140700.91,2238.69,28.00,339.02
2003-02-05,141310.47,2238.85,27.00,334.32
2003-02-06,141695.00,2238.95,27.00,220.87
2003-02-07,142384.28,2239.13,26.00,373.51
2003-02-08,142845.00,2239.25,26.00,258.28
2003-02-09,143192.38,2239.34,26.00,201.13
2003-02-10,143381.91,2239.39,26.00,121.55
2003-02-11,143810.00,2239.50,26.00,241.83
2003-02-12,144044.00,2239.56,25.00,142.97
2003-02-13,144427.63,2239.66,25.00,218.41
2003-02-14,144619.00,2239.71,25.00,121.48
2003-02-15,144853.00,2239.77,25.00,142.97
2003-02-16,145320.91,2239.89,25.00,260.90
2003-02-17,145555.00,2239.95,25.00,143.02
2003-02-18,145710.00,2239.99,26.60,104.74
2003-02-19,146178.09,2240.11,26.60,262.59
2003-02-20,146715.00,2240.25,26.00,296.69
2003-02-21,148041.00,2240.59,32.00,700.52
2003-02-22,149133.67,2240.87,34.00,584.88
2003-02-23,149640.00,2241.00,29.00,284.27
2003-02-24,150108.19,2241.12,28.00,264.04
2003-02-25,150498.00,2241.22,27.00,223.53
2003-02-26,150888.19,2241.32,25.00,221.72
2003-02-27,151240.00,2241.41,25.00,202.37
2003-02-28,151480.00,2241.47,25.00,146.00
2003-03-01,151717.00,2241.53,25.00,144.49
2003-03-02,151990.00,2241.60,24.00,161.64
2003-03-03,152301.81,2241.68,24.00,181.20
2003-03-04,152500.00,2241.73,24.00,123.92
2003-03-05,153130.91,2241.89,25.00,343.08
2003-03-06,153843.00,2242.07,27.00,386.01
2003-03-07,154360.00,2242.20,26.00,286.65
2003-03-08,154633.00,2242.27,26.00,163.64
2003-03-09,155270.00,2242.43,26.00,347.15
2003-03-10,155667.00,2242.53,26.00,226.15
2003-03-11,156900.39,2242.84,28.00,649.83
2003-03-12,158340.00,2243.20,34.00,759.79
2003-03-13,160540.00,2243.75,37.89,1147.04
2003-03-14,162391.00,2244.21,35.36,968.56
2003-03-15,163770.00,2244.55,31.00,726.24
2003-03-16,164985.50,2244.85,30.00,642.81
2003-03-17,165887.00,2245.07,29.00,483.50
2003-03-18,166574.00,2245.24,28.00,374.36
2003-03-19,167312.00,2245.42,28.00,400.07
2003-03-20,167968.00,2245.58,28.00,358.73
2003-03-21,169034.41,2245.84,28.00,565.64
2003-03-22,170427.80,2246.18,32.00,734.49
2003-03-23,171453.00,2246.43,32.00,548.87
2003-03-24,172276.31,2246.63,30.00,445.08
2003-03-25,173185.50,2246.85,30.00,488.38
2003-03-26,173851.00,2247.01,30.00,365.52
2003-03-27,174471.59,2247.16,30.00,342.88
2003-03-28,174927.00,2247.27,29.00,258.60
2003-03-29,175470.00,2247.40,28.00,301.76
2003-03-30,176216.00,2247.58,28.00,404.10
2003-03-31,177878.00,2247.98,28.00,865.91
2003-04-01,179136.00,2248.28,28.00,662.23
2003-04-02,180134.00,2248.52,28.00,531.15
2003-04-03,180890.00,2248.70,28.00,409.14
2003-04-04,181520.52,2248.85,28.00,345.88
2003-04-05,182192.00,2249.01,28.00,366.54
2003-04-06,182737.39,2249.14,28.00,302.96
2003-04-07,183200.00,2249.25,27.00,260.23
2003-04-08,183830.00,2249.40,27.00,344.62
2003-04-09,184292.00,2249.51,27.00,259.92
2003-04-10,184927.58,2249.66,27.00,347.43
2003-04-11,185478.00,2249.79,27.00,304.50
2003-04-12,186234.00,2249.97,27.00,408.14
2003-04-13,187336.00,2250.23,28.00,583.58
2003-04-14,188270.00,2250.45,28.00,498.88
2003-04-15,189119.48,2250.65,27.00,455.28
2003-04-16,189886.31,2250.83,27.00,413.60
2003-04-17,190736.00,2251.03,27.00,455.38
2003-04-18,191330.69,2251.17,27.00,326.82
2003-04-19,191932.11,2251.31,27.00,330.21
2003-04-20,192525.00,2251.45,27.00,325.91
2003-04-21,193299.31,2251.63,27.00,417.38
2003-04-22,194106.20,2251.82,27.00,433.80
2003-04-23,194837.00,2251.99,28.00,396.44
2003-04-24,196127.00,2252.29,28.00,678.37
2003-04-25,196944.00,2252.48,28.00,439.90
2003-04-26,197717.58,2252.66,28.00,418.01
2003-04-27,198406.20,2252.82,28.00,375.18
2003-04-28,199094.00,2252.98,28.00,374.76
2003-04-29,199824.47,2253.15,28.00,396.27
2003-04-30,200556.20,2253.32,28.00,396.91
2003-05-01,201506.00,2253.54,28.00,506.85
2003-05-02,202630.00,2253.80,28.00,594.68
2003-05-03,203543.00,2254.01,28.00,488.30
2003-05-04,204585.00,2254.25,28.00,553.33
2003-05-05,205455.00,2254.45,28.00,466.62
2003-05-06,206153.11,2254.61,28.00,379.96
2003-05-07,206760.00,2254.75,28.00,333.97
2003-05-08,207281.73,2254.87,28.00,291.04
2003-05-09,207806.00,2254.99,28.00,292.31
2003-05-10,208455.36,2255.14,28.00,355.38
2003-05-11,209160.00,2255.30,28.00,383.25
2003-05-12,209898.00,2255.47,29.00,401.07
2003-05-13,210641.38,2255.64,29.00,403.78
2003-05-14,211604.64,2255.86,29.00,514.64
2003-05-15,212616.00,2256.09,29.00,538.89
2003-05-16,213408.00,2256.27,29.00,428.29
2003-05-17,214024.00,2256.41,29.00,339.56
2003-05-18,214464.00,2256.51,29.00,250.83
2003-05-19,214948.22,2256.62,29.00,273.12
2003-05-20,215476.00,2256.74,29.00,295.09
2003-05-21,215916.44,2256.84,29.00,251.05
2003-05-22,216620.00,2257.00,29.00,383.71
2003-05-23,217676.00,2257.24,29.00,561.39
2003-05-24,219402.33,2257.63,29.00,899.34
2003-05-25,220908.00,2257.97,29.00,788.10
2003-05-26,221974.00,2258.21,29.00,566.43
2003-05-27,223128.00,2258.47,30.00,611.80
2003-05-28,224360.00,2258.76,30.00,651.12
2003-05-29,225578.00,2259.02,30.00,644.07
2003-05-30,226874.11,2259.31,30.00,683.45
2003-05-31,227945.00,2259.55,31.00,570.90
2003-06-01,228880.00,2259.76,31.00,502.39
2003-06-02,229690.00,2259.94,33.00,441.37
2003-06-03,230455.11,2260.11,35.00,420.74
2003-06-04,231220.00,2260.28,40.00,425.63
2003-06-05,232120.00,2260.48,43.00,496.74
2003-06-06,233110.00,2260.70,46.00,545.12
2003-06-07,234055.00,2260.91,53.00,529.43
2003-06-08,234865.00,2261.09,65.00,473.37
2003-06-09,235675.00,2261.27,75.00,483.37
2003-06-10,236170.88,2261.38,98.00,348.00
2003-06-11,236575.00,2261.47,115.00,318.74
2003-06-12,236940.00,2261.55,129.00,313.02
2003-06-13,237260.22,2261.62,153.00,314.44
2003-06-14,237439.56,2261.66,165.00,255.42
2003-06-15,237484.67,2261.67,170.00,192.74
2003-06-16,237574.89,2261.69,169.00,214.48
2003-06-17,237665.00,2261.71,184.00,229.43
2003-06-18,237710.00,2261.72,210.00,232.69
2003-06-19,237710.00,2261.72,219.00,219.00
2003-06-20,237574.89,2261.69,262.00,193.88
2003-06-21,237394.45,2261.65,293.00,202.03
2003-06-22,236986.00,2261.56,308.00,102.07
2003-06-23,236665.00,2261.49,319.00,157.16
2003-06-24,236305.00,2261.41,326.00,144.50
2003-06-25,235945.33,2261.33,326.00,144.67
2003-06-26,235540.00,2261.24,338.00,133.65
2003-06-27,235224.67,2261.17,358.00,199.02
2003-06-28,234820.00,2261.08,402.67,198.65
2003-06-29,234370.00,2260.98,403.08,176.21
2003-06-30,233690.00,2260.83,464.05,121.22
2003-07-01,232840.44,2260.64,526.20,97.88
2003-07-02,231940.00,2260.44,551.93,97.97
2003-07-03,230950.00,2260.22,570.28,71.16
2003-07-04,229780.00,2259.96,677.71,87.84
2003-07-05,228655.00,2259.71,682.00,114.82
2003-07-06,227540.00,2259.46,726.00,163.86
2003-07-07,226334.89,2259.19,744.00,136.43
2003-07-08,225085.00,2258.91,763.00,132.86
2003-07-09,223886.44,2258.64,767.00,162.73
2003-07-10,222505.33,2258.33,775.00,78.70
2003-07-11,221216.00,2258.04,784.00,133.97
2003-07-12,219886.00,2257.74,813.00,142.47
2003-07-13,218424.00,2257.41,821.00,83.92
2003-07-14,216972.00,2257.08,835.00,102.96
2003-07-15,215740.00,2256.80,723.00,101.88
2003-07-16,214684.00,2256.56,618.00,85.61
2003-07-17,213628.22,2256.32,651.00,118.72
2003-07-18,212484.00,2256.06,687.16,110.29
2003-07-19,211208.00,2255.77,716.59,73.28
2003-07-20,209850.00,2255.46,738.15,53.50
2003-07-21,208590.00,2255.17,756.43,121.19
2003-07-22,207280.00,2254.87,756.22,95.78
2003-07-23,205850.00,2254.54,816.67,95.72
2003-07-24,204325.89,2254.19,869.85,101.45
2003-07-25,202762.33,2253.83,898.12,109.84
2003-07-26,201120.00,2253.45,907.14,79.15
2003-07-27,199524.00,2253.08,911.30,106.66
2003-07-28,197846.89,2252.69,886.00,40.47
2003-07-29,196170.00,2252.30,928.00,82.58
2003-07-30,194321.73,2251.87,965.00,33.18
2003-07-31,192525.00,2251.45,1033.99,128.15
2003-08-01,190610.00,2251.00,1047.62,82.16
2003-08-02,188652.00,2250.54,1067.10,79.96
2003-08-03,186575.00,2250.05,1093.00,45.86
2003-08-04,184586.00,2249.58,1101.00,98.23
2003-08-05,182654.20,2249.12,1059.00,85.07
2003-08-06,180974.00,2248.72,945.00,97.91
2003-08-07,179548.80,2248.38,787.00,68.47
2003-08-08,178212.00,2248.06,750.60,76.64
2003-08-09,176500.00,2247.65,897.51,34.39
2003-08-10,174390.00,2247.14,1112.10,48.33
2003-08-11,172030.00,2246.57,1223.89,34.07
2003-08-12,169526.00,2245.96,1297.72,35.30
2003-08-13,166990.00,2245.34,1306.34,27.80
2003-08-14,164420.00,2244.71,1305.88,10.19
2003-08-15,161990.00,2244.11,1244.96,19.85
2003-08-16,159420.00,2243.47,1312.70,17.01
2003-08-17,156780.00,2242.81,1344.00,13.02
2003-08-18,154239.70,2242.17,1341.88,61.16
2003-08-19,151560.00,2241.49,1462.00,111.00
2003-08-20,148860.00,2240.80,1492.00,130.77
2003-08-21,146140.00,2240.10,1486.00,114.69
2003-08-22,143459.00,2239.41,1392.09,40.44
2003-08-23,140810.00,2238.72,1351.53,16.01
2003-08-24,138290.00,2238.06,1319.38,48.89
2003-08-25,135730.00,2237.39,1315.56,24.91
2003-08-26,133315.00,2236.75,1249.22,31.67
2003-08-27,131173.81,2236.18,1215.00,135.50
2003-08-28,129074.18,2235.62,1182.00,123.45
2003-08-29,126881.00,2235.03,1201.22,95.51
2003-08-30,124840.00,2234.48,1200.30,171.32
2003-08-31,122770.00,2233.92,1194.00,150.39
2003-09-01,120520.00,2233.32,1193.57,59.21
2003-09-02,118438.00,2232.74,1191.34,141.68
2003-09-03,116253.47,2232.14,1188.00,86.65
2003-09-04,114192.00,2231.57,1177.00,137.69
2003-09-05,112130.00,2231.00,1177.70,138.13
2003-09-06,110110.00,2230.44,1176.82,158.41
2003-09-07,108000.00,2229.85,1179.05,115.27
2003-09-08,105900.00,2229.26,1194.95,136.21
2003-09-09,103665.26,2228.63,1232.00,105.33
2003-09-10,101510.00,2228.02,1254.00,167.41
2003-09-11,99360.00,2227.41,1166.10,82.16
2003-09-12,97195.00,2226.79,1153.55,62.05
2003-09-13,95060.00,2226.18,1153.13,76.74
2003-09-14,92810.00,2225.53,1158.68,24.32
2003-09-15,90622.57,2224.88,1149.60,46.79
2003-09-16,88680.00,2224.21,1135.39,156.03
2003-09-17,86678.00,2223.52,1123.33,114.01
2003-09-18,84648.14,2222.82,1199.00,175.63
2003-09-19,82618.14,2222.12,1199.00,175.56
2003-09-20,80463.50,2221.37,1199.00,112.72
2003-09-21,78270.00,2220.61,1134.36,28.49
2003-09-22,76140.00,2219.87,1132.36,58.50
2003-09-23,73930.00,2219.10,1138.20,24.01
2003-09-24,71724.20,2218.33,1139.32,27.24
2003-09-25,69601.00,2217.59,1210.00,139.57
2003-09-26,67475.35,2216.85,1210.00,138.33
2003-09-27,65359.07,2216.11,1221.00,154.06
2003-09-28,63253.50,2215.37,1221.00,159.46
2003-09-29,61002.00,2214.58,1221.00,85.89
2003-09-30,58920.34,2213.85,1171.00,121.51
2003-10-01,57727.00,2213.43,800.00,149.00
2003-10-02,56790.00,2213.10,563.00,67.60
2003-10-03,55830.00,2212.76,531.00,47.00
2003-10-04,54894.00,2212.43,526.00,54.00
2003-10-05,53960.00,2212.10,522.00,51.11
2003-10-06,53138.07,2211.81,522.00,107.61
2003-10-07,52290.00,2211.51,517.00,89.00
2003-10-08,51526.00,2211.24,513.00,128.00
2003-10-09,50682.00,2210.94,508.00,82.48
2003-10-10,49831.59,2210.64,499.00,70.25
2003-10-11,49300.00,2210.45,495.00,226.99
2003-10-12,48786.00,2210.27,491.00,231.86
2003-10-13,47940.00,2209.97,483.00,56.00
2003-10-14,47208.00,2209.71,491.00,122.00
2003-10-15,46480.00,2209.45,499.00,131.97
2003-10-16,46396.00,2209.42,418.00,376.65
2003-10-17,47123.86,2209.68,266.00,633.96
2003-10-18,47376.00,2209.77,233.00,361.12
2003-10-19,47210.00,2209.71,198.00,114.00
2003-10-20,48449.66,2210.15,138.00,763.00
2003-10-21,50280.00,2210.80,65.00,988.80
2003-10-22,51468.00,2211.22,40.00,639.95
2003-10-23,51812.27,2211.34,28.00,201.57
2003-10-24,52204.00,2211.48,24.00,222.50
2003-10-25,52484.00,2211.58,24.00,166.17
2003-10-26,52970.00,2211.75,24.00,270.03
2003-10-27,53166.00,2211.82,24.00,123.82
2003-10-28,53680.00,2212.00,20.00,279.14
2003-10-29,54155.79,2212.17,17.00,254.88
2003-10-30,54520.00,2212.30,17.00,198.62
2003-10-31,55090.00,2212.50,17.00,302.38
2003-11-01,55320.00,2212.58,17.00,133.00
2003-11-02,55772.00,2212.74,17.00,245.00
2003-11-03,55940.00,2212.80,17.00,102.00
2003-11-04,56191.93,2212.89,17.00,144.00
2003-11-05,56278.00,2212.92,17.00,59.39
2003-11-06,56394.00,2212.96,17.00,74.48
2003-11-07,56590.00,2213.03,17.00,116.00
2003-11-08,56680.00,2213.06,17.00,62.00
2003-11-09,56730.00,2213.08,21.00,46.00
2003-11-10,57930.00,2213.50,22.00,627.00
2003-11-11,58349.66,2213.65,17.00,227.58
2003-11-12,58836.14,2213.82,17.00,261.27
2003-11-13,59292.00,2213.98,17.00,245.83
2003-11-14,59803.71,2214.16,16.00,272.99
2003-11-15,60316.29,2214.34,15.00,272.42
2003-11-16,61002.00,2214.58,15.00,359.71
2003-11-17,61686.14,2214.82,16.00,359.92
2003-11-18,65021.00,2215.99,22.00,1701.33
2003-11-19,69050.00,2217.40,21.00,2050.29
2003-11-20,71060.00,2218.10,19.00,1030.38
2003-11-21,72152.00,2218.48,18.00,566.55
2003-11-22,72954.00,2218.76,17.00,419.34
2003-11-23,73678.00,2219.01,17.00,380.02
2003-11-24,74365.00,2219.25,17.00,361.36
2003-11-25,75109.00,2219.51,17.00,390.10
2003-11-26,75660.00,2219.70,42.00,317.80
2003-11-27,76085.35,2219.85,77.00,287.45
2003-11-28,76944.65,2220.15,38.00,469.23
2003-11-29,78298.14,2220.62,23.00,703.39
2003-11-30,79540.00,2221.05,21.00,645.10
2003-12-01,80492.57,2221.38,20.00,498.25
2003-12-02,81149.07,2221.61,20.00,348.99
2003-12-03,81874.42,2221.86,20.00,383.70
2003-12-04,82364.00,2222.03,20.00,264.83
2003-12-05,82966.00,2222.24,20.00,321.51
2003-12-06,83459.00,2222.41,20.00,266.55
2003-12-07,83894.00,2222.56,20.00,237.31
2003-12-08,84241.86,2222.68,20.00,193.38
2003-12-09,84561.00,2222.79,20.00,178.90
2003-12-10,84967.00,2222.93,20.00,222.69
2003-12-11,85228.00,2223.02,20.00,149.59
2003-12-12,85720.93,2223.19,20.00,266.52
2003-12-13,86359.00,2223.41,20.00,339.69
2003-12-14,86736.00,2223.54,20.00,208.07
2003-12-15,87025.58,2223.64,20.00,164.00
2003-12-16,87432.00,2223.78,20.00,222.90
2003-12-17,87664.42,2223.86,20.00,135.18
2003-12-18,87867.00,2223.93,20.00,120.13
2003-12-19,88070.00,2224.00,20.00,120.35
2003-12-20,88273.00,2224.07,20.00,120.35
2003-12-21,88475.58,2224.14,20.00,120.13
2003-12-22,88650.00,2224.20,20.00,108.00
2003-12-23,88853.00,2224.27,20.00,122.00
2003-12-24,89056.28,2224.34,20.00,120.49
2003-12-25,89259.00,2224.41,20.00,120.20
2003-12-26,89462.00,2224.48,20.00,120.35
2003-12-27,89665.00,2224.55,20.00,120.35
2003-12-28,89954.65,2224.65,20.00,164.03
2003-12-29,90070.93,2224.69,20.00,76.63
2003-12-30,90187.00,2224.73,20.00,76.52
2003-12-31,90332.00,2224.78,20.00,91.10
2004-01-01,90506.28,2224.84,20.00,105.87
2004-01-02,90622.57,2224.88,20.00,76.63
2004-01-03,90890.00,2224.97,19.00,151.83
2004-01-04,90980.00,2225.00,28.00,71.38
2004-01-05,90980.00,2225.00,38.00,35.00
2004-01-06,91218.00,2225.07,22.00,139.99
2004-01-07,91599.83,2225.18,19.00,209.51
2004-01-08,91670.00,2225.20,19.00,52.38
2004-01-09,91840.00,2225.25,19.00,102.71
2004-01-10,92010.00,2225.30,19.00,102.71
2004-01-11,92150.34,2225.34,19.00,87.76
2004-01-12,92185.43,2225.35,19.00,34.69
2004-01-13,92360.00,2225.40,19.00,105.01
2004-01-14,92530.00,2225.45,19.00,102.71
2004-01-15,92980.00,2225.58,19.00,243.88
2004-01-16,93189.48,2225.64,20.00,123.62
2004-01-17,93468.00,2225.72,20.00,158.42
2004-01-18,93706.00,2225.79,20.00,137.99
2004-01-19,93880.34,2225.84,20.00,105.90
2004-01-20,94125.00,2225.91,20.00,141.35
2004-01-21,94300.00,2225.96,20.00,105.23
2004-01-22,94542.00,2226.03,20.00,139.01
2004-01-23,94919.48,2226.14,20.00,207.32
2004-01-24,95235.00,2226.23,20.00,176.07
2004-01-25,95445.00,2226.29,20.00,122.88
2004-01-26,95760.69,2226.38,20.00,176.16
2004-01-27,96040.00,2226.46,20.00,157.82
2004-01-28,96530.00,2226.60,20.00,265.04
2004-01-29,98350.17,2227.12,25.00,939.67
2004-01-30,100204.57,2227.65,28.00,960.93
2004-01-31,101510.00,2228.02,25.00,680.15
2004-02-01,102248.00,2228.23,23.00,393.08
2004-02-02,102990.00,2228.44,22.00,394.09
2004-02-03,103524.00,2228.59,18.00,285.23
2004-02-04,104054.00,2228.74,16.00,282.21
2004-02-05,104375.26,2228.83,16.00,176.97
2004-02-06,104836.00,2228.96,16.00,247.29
2004-02-07,105330.00,2229.10,16.00,264.06
2004-02-08,105545.65,2229.16,15.00,122.72
2004-02-09,105935.00,2229.27,15.00,210.30
2004-02-10,106184.35,2229.34,15.00,139.71
2004-02-11,106400.00,2229.40,15.00,122.72
2004-02-12,106688.00,2229.48,15.00,159.20
2004-02-13,106900.00,2229.54,15.00,120.88
2004-02-14,107146.09,2229.61,15.00,138.07
2004-02-15,107575.00,2229.73,15.00,230.24
2004-02-16,107785.00,2229.79,15.00,119.88
2004-02-17,108000.44,2229.85,15.00,122.62
2004-02-18,108252.00,2229.92,15.00,140.83
2004-02-19,108610.00,2230.02,16.00,195.49
2004-02-20,108750.00,2230.06,16.00,85.58
2004-02-21,108890.00,2230.10,16.00,85.58
2004-02-22,109069.56,2230.15,16.00,105.53
2004-02-23,109322.00,2230.22,16.00,142.27
2004-02-24,109430.00,2230.25,16.00,69.45
2004-02-25,109826.53,2230.36,16.00,214.92
2004-02-26,109970.00,2230.40,16.00,87.33
2004-02-27,110145.00,2230.45,16.00,103.23
2004-02-28,110392.00,2230.52,16.00,139.53
2004-02-29,110572.00,2230.57,16.00,105.75
2004-03-01,110752.18,2230.62,16.00,105.84
2004-03-02,110931.73,2230.67,16.00,105.53
2004-03-03,111292.00,2230.77,16.00,196.63
2004-03-04,111760.00,2230.90,17.00,251.95
2004-03-05,112093.00,2230.99,18.00,184.89
2004-03-06,112454.00,2231.09,17.00,198.00
2004-03-07,112886.00,2231.21,17.00,233.80
2004-03-08,113282.18,2231.32,18.00,216.74
2004-03-09,114228.00,2231.58,19.00,493.85
2004-03-10,115020.00,2231.80,19.00,416.30
2004-03-11,115786.00,2232.01,19.00,403.19
2004-03-12,116544.00,2232.22,19.00,399.16
2004-03-13,117128.70,2232.38,19.00,311.79
2004-03-14,117745.00,2232.55,18.00,327.72
2004-03-15,118401.00,2232.73,19.00,347.73
2004-03-16,119205.00,2232.95,19.00,422.35
2004-03-17,119714.00,2233.09,20.00,274.62
2004-03-18,120776.73,2233.38,20.00,553.79
2004-03-19,121331.00,2233.53,19.00,296.45
2004-03-20,121997.00,2233.71,18.00,351.78
2004-03-21,122626.73,2233.88,18.00,333.49
2004-03-22,123292.00,2234.06,17.00,351.41
2004-03-23,123995.00,2234.25,17.00,369.43
2004-03-24,125327.09,2234.61,17.00,687.60
2004-03-25,126252.54,2234.86,17.00,482.58
2004-03-26,127177.09,2235.11,17.00,482.13
2004-03-27,128028.36,2235.34,18.00,445.18
2004-03-28,128886.00,2235.57,17.00,448.39
2004-03-29,129408.00,2235.71,17.00,279.18
2004-03-30,130537.00,2236.01,17.00,585.20
2004-03-31,131324.00,2236.22,17.00,412.78
2004-04-01,132000.00,2236.40,17.00,355.82
2004-04-02,132750.00,2236.60,17.00,393.13
2004-04-03,133500.00,2236.80,17.00,393.13
2004-04-04,134297.00,2237.01,17.00,416.82
2004-04-05,135276.00,2237.27,17.00,508.58
2004-04-06,136188.00,2237.51,16.00,474.80
2004-04-07,137366.19,2237.82,16.00,609.00
2004-04-08,138516.19,2238.12,16.00,594.79
2004-04-09,139704.00,2238.43,16.00,613.86
2004-04-10,140930.00,2238.75,16.00,633.11
2004-04-11,142194.00,2239.08,16.00,652.27
2004-04-12,143615.00,2239.45,16.00,731.42
2004-04-13,145438.00,2239.92,16.00,934.10
2004-04-14,146754.00,2240.26,16.00,678.48
2004-04-15,147846.00,2240.54,16.00,565.55
2004-04-16,148743.00,2240.77,16.00,467.24
2004-04-17,149523.00,2240.97,42.00,433.25
2004-04-18,150224.52,2241.15,59.00,410.68
2004-04-19,150849.09,2241.31,97.00,410.89
2004-04-20,151440.00,2241.46,150.00,446.92
2004-04-21,151873.00,2241.57,188.00,404.30
2004-04-22,152107.28,2241.63,255.00,371.12
2004-04-23,152420.00,2241.71,319.00,474.66
2004-04-24,152580.00,2241.75,375.00,453.67
2004-04-25,152660.00,2241.77,391.00,429.33
2004-04-26,152936.38,2241.84,443.00,580.34
2004-04-27,153410.00,2241.96,509.00,744.79
2004-04-28,153609.00,2242.01,509.00,606.33
2004-04-29,153882.00,2242.08,500.00,634.64
2004-04-30,154040.20,2242.12,500.00,576.76
2004-05-01,154516.00,2242.24,479.00,715.88
2004-05-02,155230.00,2242.42,463.00,819.98
2004-05-03,155823.00,2242.57,455.00,750.97
2004-05-04,156460.00,2242.73,455.00,773.15
2004-05-05,156700.00,2242.79,455.00,573.00
2004-05-06,156740.00,2242.80,479.00,496.17
2004-05-07,156980.59,2242.86,509.00,626.30
2004-05-08,157099.91,2242.89,535.00,597.15
2004-05-09,156940.48,2242.85,547.00,474.62
2004-05-10,156740.00,2242.80,564.00,475.92
2004-05-11,156299.91,2242.69,631.00,429.12
2004-05-12,155823.00,2242.57,635.00,420.56
2004-05-13,155310.00,2242.44,631.00,397.36
2004-05-14,154910.39,2242.34,618.00,439.53
2004-05-15,154594.00,2242.26,605.00,467.49
2004-05-16,154159.52,2242.15,602.00,402.95
2004-05-17,153843.00,2242.07,571.00,431.42
2004-05-18,153648.00,2242.02,517.00,438.69
2004-05-19,153804.00,2242.06,444.00,538.65
2004-05-20,154119.41,2242.14,376.00,551.02
2004-05-21,154399.00,2242.21,356.00,509.96
2004-05-22,154672.00,2242.28,356.00,506.64
2004-05-23,154870.30,2242.33,357.00,468.97
2004-05-24,154990.59,2242.36,340.00,411.65
2004-05-25,154990.59,2242.36,351.00,362.00
2004-05-26,155350.00,2242.45,359.00,550.20
2004-05-27,155862.00,2242.58,356.00,623.13
2004-05-28,156380.00,2242.71,342.00,612.16
2004-05-29,156700.00,2242.79,311.00,480.33
2004-05-30,157500.00,2242.99,270.00,680.33
2004-05-31,158179.61,2243.16,223.00,570.64
2004-06-01,158500.00,2243.24,208.00,374.53
2004-06-02,158860.30,2243.33,215.00,400.65
2004-06-03,159220.00,2243.42,245.00,436.26
2004-06-04,159540.00,2243.50,258.00,422.33
2004-06-05,160099.41,2243.64,258.00,543.03
2004-06-06,160380.00,2243.71,258.00,402.47
2004-06-07,160540.00,2243.75,268.00,350.67
2004-06-08,160740.00,2243.80,275.00,377.83
2004-06-09,160822.20,2243.82,276.00,318.44
2004-06-10,160986.59,2243.86,187.00,270.88
2004-06-11,161270.00,2243.93,134.00,276.88
2004-06-12,161470.00,2243.98,136.00,236.83
2004-06-13,161910.00,2244.09,138.00,359.83
2004-06-14,162269.80,2244.18,128.00,309.40
2004-06-15,162514.00,2244.24,124.00,247.12
2004-06-16,162800.09,2244.31,128.00,272.24
2004-06-17,162920.39,2244.34,130.00,189.65
2004-06-18,163201.00,2244.41,140.00,279.47
2004-06-19,163324.00,2244.44,146.00,205.01
2004-06-20,163406.00,2244.46,146.00,183.34
2004-06-21,163529.00,2244.49,146.00,203.01
2004-06-22,163570.00,2244.50,197.00,212.67
2004-06-23,163488.00,2244.48,229.00,184.66
2004-06-24,163324.00,2244.44,245.00,163.32
2004-06-25,163119.91,2244.39,259.00,159.10
2004-06-26,162840.20,2244.32,264.00,127.98
2004-06-27,162555.00,2244.25,272.00,138.21
2004-06-28,162149.52,2244.15,299.00,106.57
2004-06-29,161790.00,2244.06,332.00,166.74
2004-06-30,161310.00,2243.94,352.00,129.00
2004-07-01,160580.00,2243.76,361.00,15.96
2004-07-02,160020.20,2243.62,365.00,103.77
2004-07-03,159340.00,2243.45,368.00,45.06
2004-07-04,158660.00,2243.28,368.00,43.17
2004-07-05,158139.52,2243.15,368.00,121.59
2004-07-06,157420.00,2242.97,399.00,51.24
2004-07-07,156660.00,2242.78,411.00,39.83
2004-07-08,155940.00,2242.60,391.00,38.00
2004-07-09,155230.00,2242.42,391.00,41.04
2004-07-10,154633.00,2242.27,399.00,104.01
2004-07-11,153960.00,2242.10,399.00,63.70
2004-07-12,153210.00,2241.91,395.00,81.85
2004-07-13,152500.00,2241.73,387.00,29.04
2004-07-14,151834.00,2241.56,368.00,34.22
2004-07-15,151161.00,2241.39,354.00,17.70
2004-07-16,150537.00,2241.23,351.00,40.40
2004-07-17,149913.00,2241.07,351.00,42.40
2004-07-18,149289.00,2240.91,351.00,43.40
2004-07-19,148665.00,2240.75,351.00,45.40
2004-07-20,148041.00,2240.59,347.00,43.40
2004-07-21,147378.00,2240.42,347.00,24.74
2004-07-22,146715.00,2240.25,347.00,26.74
2004-07-23,146062.00,2240.08,347.00,32.78
2004-07-24,145399.00,2239.91,347.00,29.74
2004-07-25,144736.00,2239.74,347.00,30.74
2004-07-26,144044.00,2239.56,365.00,32.12
2004-07-27,143268.56,2239.36,404.00,28.05
2004-07-28,142497.63,2239.16,421.00,44.32
2004-07-29,141695.00,2238.95,433.00,37.34
2004-07-30,140854.00,2238.73,457.00,40.00
2004-07-31,139932.00,2238.49,512.00,51.16
2004-08-01,138820.00,2238.20,611.00,52.37
2004-08-02,137631.91,2237.89,660.00,59.00
2004-08-03,136454.00,2237.58,655.00,61.14
2004-08-04,135238.00,2237.26,655.00,40.93
2004-08-05,134146.00,2236.97,612.00,62.06
2004-08-06,133352.00,2236.76,464.00,67.76
2004-08-07,132864.28,2236.63,349.00,102.40
2004-08-08,132342.00,2236.49,336.00,71.18
2004-08-09,131810.47,2236.35,280.00,11.60
2004-08-10,131361.00,2236.23,259.00,28.39
2004-08-11,130908.09,2236.11,259.00,26.66
2004-08-12,130574.00,2236.02,233.00,60.36
2004-08-13,130158.00,2235.91,222.00,5.75
2004-08-14,129750.00,2235.80,232.00,20.13
2004-08-15,129484.00,2235.73,240.00,96.89
2004-08-16,129037.09,2235.61,248.00,15.61
2004-08-17,128546.00,2235.48,270.00,13.68
2004-08-18,127991.27,2235.33,299.00,6.80
2004-08-19,127361.64,2235.16,335.00,4.64
2004-08-20,126696.00,2234.98,371.00,21.27
2004-08-21,126030.00,2234.80,368.00,19.90
2004-08-22,125585.82,2234.68,355.00,117.13
2004-08-23,125100.00,2234.55,328.00,83.00
2004-08-24,125511.64,2234.66,276.00,484.00
2004-08-25,126289.63,2234.87,190.00,572.86
2004-08-26,126622.00,2234.96,185.00,342.50
2004-08-27,126326.73,2234.88,289.00,126.84
2004-08-28,125771.00,2234.73,430.00,129.40
2004-08-29,124957.00,2234.51,545.00,109.78
2004-08-30,123847.00,2234.21,667.00,76.72
2004-08-31,122478.36,2233.84,813.00,92.20
2004-09-01,121035.00,2233.45,923.00,177.13
2004-09-02,119390.00,2233.00,934.00,106.78
2004-09-03,118002.18,2232.62,897.00,197.14
2004-09-04,116361.73,2232.17,898.00,66.36
2004-09-05,114840.00,2231.75,915.00,143.54
2004-09-06,113246.09,2231.31,921.00,115.32
2004-09-07,111652.62,2230.87,922.00,114.74
2004-09-08,109790.00,2230.35,1016.00,77.00
2004-09-09,107715.00,2229.77,1138.00,92.00
2004-09-10,105690.00,2229.20,1149.00,123.25
2004-09-11,104090.00,2228.75,1133.00,318.24
2004-09-12,102248.00,2228.23,1122.00,185.43
2004-09-13,100625.00,2227.77,1122.00,298.60
2004-09-14,99260.69,2227.38,1105.00,414.21
2004-09-15,98210.00,2227.08,1078.00,541.39
2004-09-16,97055.00,2226.75,1061.00,472.81
2004-09-17,95865.00,2226.41,1056.00,449.96
2004-09-18,94542.00,2226.03,1061.00,387.17
2004-09-19,93050.00,2225.60,1072.00,312.08
2004-09-20,91425.26,2225.13,1017.00,222.09
2004-09-21,89897.21,2224.63,1022.00,276.31
2004-09-22,88418.14,2224.12,1028.00,305.48
2004-09-23,86707.00,2223.53,1017.00,177.79
2004-09-24,85112.00,2222.98,1022.00,238.26
2004-09-25,83400.93,2222.39,1022.00,183.58
2004-09-26,81700.00,2221.80,1028.00,193.91
2004-09-27,79853.72,2221.16,1039.00,127.79
2004-09-28,78128.00,2220.56,1039.00,190.18
2004-09-29,76288.00,2219.92,1033.00,129.06
2004-09-30,74452.00,2219.28,1039.00,137.56
2004-10-01,72611.59,2218.64,1061.00,131.00
2004-10-02,70751.00,2217.99,1061.00,121.55
2004-10-03,68826.14,2217.32,1072.00,102.01
2004-10-04,67020.93,2216.69,1066.00,156.20
2004-10-05,65218.00,2216.06,1066.00,160.19
2004-10-06,63424.00,2215.43,1066.00,162.63
2004-10-07,61686.14,2214.82,1061.00,184.94
2004-10-08,59920.00,2214.20,1061.00,169.37
2004-10-09,58098.00,2213.56,1061.00,141.49
2004-10-10,56394.00,2212.96,1061.00,199.46
2004-10-11,54520.00,2212.30,1055.00,112.32
2004-10-12,52713.71,2211.66,1055.00,146.89
2004-10-13,50962.00,2211.04,1017.00,143.70
2004-10-14,49496.00,2210.52,962.00,243.95
2004-10-15,48646.00,2210.22,419.00,60.99
2004-10-16,48870.00,2210.30,97.00,212.37
2004-10-17,49244.00,2210.43,66.00,252.42
2004-10-18,49552.00,2210.54,57.00,210.07
2004-10-19,49831.59,2210.64,42.00,183.98
2004-10-20,49915.79,2210.67,37.00,79.45
2004-10-21,50425.36,2210.85,37.00,293.90
2004-10-22,50710.00,2210.95,38.00,181.18
2004-10-23,51642.00,2211.28,38.00,507.88
2004-10-24,51868.41,2211.36,38.00,152.15
2004-10-25,51868.41,2211.36,38.00,38.00
2004-10-26,52344.00,2211.53,39.00,278.44
2004-10-27,52484.00,2211.58,39.00,109.58
2004-10-28,52998.00,2211.76,39.00,298.14
2004-10-29,53110.00,2211.80,95.00,159.68
2004-10-30,53222.27,2211.84,112.00,168.51
2004-10-31,53477.00,2211.93,67.00,197.13
2004-11-01,53988.07,2212.11,42.00,299.63
2004-11-02,55062.00,2212.49,30.00,571.71
2004-11-03,56136.48,2212.87,26.00,567.76
2004-11-04,56790.00,2213.10,27.00,356.08
2004-11-05,57584.55,2213.38,27.00,427.18
2004-11-06,58042.00,2213.54,27.00,257.23
2004-11-07,58519.00,2213.71,28.00,267.74
2004-11-08,58635.00,2213.75,28.00,85.98
2004-11-09,59147.00,2213.93,28.00,285.63
2004-11-10,59462.00,2214.04,28.00,186.31
2004-11-11,59774.64,2214.15,32.00,185.13
2004-11-12,60116.00,2214.27,27.00,198.93
2004-11-13,60574.00,2214.43,23.00,253.91
2004-11-14,60857.00,2214.53,23.00,165.68
2004-11-15,61002.00,2214.58,23.00,96.10
2004-11-16,61144.21,2214.63,23.00,94.70
2004-11-17,61658.07,2214.81,23.00,282.07
2004-11-18,61770.34,2214.85,24.00,80.42
2004-11-19,62055.00,2214.95,22.00,166.06
2004-11-20,62142.00,2214.98,22.00,66.16
2004-11-21,62396.00,2215.07,22.00,150.36
2004-11-22,62595.57,2215.14,22.00,122.92
2004-11-23,63022.00,2215.29,22.00,237.29
2004-11-24,63910.00,2215.60,22.00,470.11
2004-11-25,66306.00,2216.44,23.00,1230.98
2004-11-26,67590.93,2216.89,23.00,670.82
2004-11-27,68538.00,2217.22,23.00,500.48
2004-11-28,69166.00,2217.44,23.00,339.62
2004-11-29,69774.65,2217.65,23.00,329.86
2004-11-30,70200.00,2217.80,23.00,237.45
2004-12-01,70664.00,2217.96,23.00,256.93
2004-12-02,70864.00,2218.03,23.00,123.83
2004-12-03,71233.72,2218.16,23.00,209.40
2004-12-04,71640.00,2218.30,23.00,227.83
2004-12-05,71920.00,2218.40,23.00,164.17
2004-12-06,72181.00,2218.49,23.00,154.59
2004-12-07,72611.59,2218.64,23.00,239.22
2004-12-08,73302.57,2218.88,23.00,370.41
2004-12-09,73874.00,2219.08,18.00,306.51
2004-12-10,75940.00,2219.80,18.00,1059.86
2004-12-11,80202.00,2221.28,20.00,2168.33
2004-12-12,82077.00,2221.93,18.00,963.61
2004-12-13,83285.35,2222.35,17.00,626.70
2004-12-14,84416.00,2222.74,17.00,587.44
2004-12-15,85344.00,2223.06,17.00,485.27
2004-12-16,86156.28,2223.34,17.00,426.93
2004-12-17,86794.00,2223.56,17.00,338.92
2004-12-18,87461.00,2223.79,17.00,353.68
2004-12-19,88041.00,2223.99,17.00,309.82
2004-12-20,88620.93,2224.19,17.00,309.78
2004-12-21,89200.93,2224.39,17.00,309.82
2004-12-22,89665.00,2224.55,17.00,251.37
2004-12-23,90070.93,2224.69,16.00,221.18
2004-12-24,90448.14,2224.82,17.00,206.88
2004-12-25,90920.00,2224.98,17.00,254.60
2004-12-26,91252.00,2225.08,17.00,184.08
2004-12-27,91634.91,2225.19,17.00,209.75
2004-12-28,91908.00,2225.27,17.00,154.38
2004-12-29,92360.00,2225.40,14.00,241.88
2004-12-30,92666.00,2225.49,10.00,164.70
2004-12-31,92945.00,2225.57,10.00,151.08
2005-01-01,93294.74,2225.67,10.00,186.75
2005-01-02,93502.00,2225.73,10.00,114.91
2005-01-03,93740.00,2225.80,10.00,130.41
2005-01-04,93950.52,2225.86,10.00,116.56
2005-01-05,94125.00,2225.91,10.00,98.39
2005-01-06,94405.00,2225.99,10.00,151.59
2005-01-07,94678.00,2226.07,10.00,148.06
2005-01-08,94885.26,2226.13,10.00,114.91
2005-01-09,95024.74,2226.17,10.00,80.74
2005-01-10,95235.00,2226.23,10.00,116.43
2005-01-11,95480.00,2226.30,10.00,133.94
2005-01-12,95794.91,2226.39,10.00,169.37
2005-01-13,95865.00,2226.41,10.00,45.80
2005-01-14,95970.00,2226.44,10.00,63.36
2005-01-15,96215.00,2226.51,10.00,133.94
2005-01-16,96460.00,2226.58,10.00,133.94
2005-01-17,97755.00,2226.95,11.00,663.61
2005-01-18,103095.00,2228.47,17.00,2709.97
2005-01-19,106830.00,2229.52,18.00,1901.01
2005-01-20,108998.27,2230.13,16.00,1109.32
2005-01-21,111076.00,2230.71,14.00,1061.72
2005-01-22,112490.00,2231.10,12.00,725.37
2005-01-23,113940.00,2231.50,12.00,742.88
2005-01-24,115092.18,2231.82,11.00,592.42
2005-01-25,116218.27,2232.13,11.00,578.84
2005-01-26,117056.53,2232.36,11.00,433.43
2005-01-27,117819.00,2232.57,11.00,395.04
2005-01-28,118512.00,2232.76,10.00,359.81
2005-01-29,119205.00,2232.95,10.00,359.81
2005-01-30,119714.00,2233.09,10.00,267.04
2005-01-31,120444.00,2233.29,10.00,378.46
2005-02-01,121035.00,2233.45,10.00,308.38
2005-02-02,121442.00,2233.56,10.00,215.62
2005-02-03,122034.00,2233.72,10.00,308.75
2005-02-04,122737.00,2233.91,10.00,364.77
2005-02-05,123403.00,2234.09,10.00,346.34
2005-02-06,123847.00,2234.21,10.00,234.27
2005-02-07,124180.00,2234.30,10.00,178.31
2005-02-08,124698.00,2234.44,9.00,271.34
2005-02-09,125179.00,2234.57,7.00,249.88
2005-02-10,125585.82,2234.68,7.00,212.49
2005-02-11,125771.00,2234.73,7.00,100.74
2005-02-12,126215.45,2234.85,7.00,231.46
2005-02-13,126585.00,2234.95,7.00,193.69
2005-02-14,126955.00,2235.05,7.00,193.92
2005-02-15,127287.46,2235.14,7.00,175.00
2005-02-16,127398.73,2235.17,7.00,63.48
2005-02-17,127658.00,2235.24,7.00,138.10
2005-02-18,127991.27,2235.33,7.00,175.41
2005-02-19,128212.91,2235.39,7.00,119.12
2005-02-20,128435.00,2235.45,7.00,119.35
2005-02-21,128734.00,2235.53,7.00,158.13
2005-02-22,128810.00,2235.55,7.00,45.70
2005-02-23,129111.27,2235.63,7.00,159.27
2005-02-24,129221.64,2235.66,7.00,63.02
2005-02-25,129484.00,2235.73,7.00,139.65
2005-02-26,129674.00,2235.78,7.00,103.17
2005-02-27,129750.00,2235.80,7.00,45.70
2005-02-28,130120.00,2235.90,7.00,193.92
2005-03-01,130386.00,2235.97,7.00,141.49
2005-03-02,130611.00,2236.03,7.00,120.82
2005-03-03,130796.00,2236.08,7.00,100.65
2005-03-04,130946.19,2236.12,7.00,83.10
2005-03-05,131135.72,2236.17,7.00,102.94
2005-03-06,131361.00,2236.23,7.00,120.96
2005-03-07,131583.00,2236.29,7.00,119.31
2005-03-08,131848.56,2236.36,7.00,141.27
2005-03-09,132152.00,2236.44,7.00,160.36
2005-03-10,132491.00,2236.53,7.00,178.29
2005-03-11,132600.00,2236.56,7.00,62.33
2005-03-12,132900.00,2236.64,7.00,158.63
2005-03-13,133200.00,2236.72,7.00,158.63
2005-03-14,133389.00,2236.77,7.00,102.67
2005-03-15,133728.56,2236.86,7.00,178.58
2005-03-16,134108.00,2236.96,8.00,199.21
2005-03-17,134371.00,2237.03,8.00,140.74
2005-03-18,134668.09,2237.11,8.00,157.92
2005-03-19,134895.72,2237.17,8.00,122.90
2005-03-20,135314.00,2237.28,8.00,219.02
2005-03-21,135352.00,2237.29,8.00,27.30
2005-03-22,135618.56,2237.36,8.00,142.53
2005-03-23,135770.00,2237.40,8.00,84.49
2005-03-24,136036.00,2237.47,8.00,142.25
2005-03-25,136150.00,2237.50,8.00,65.62
2005-03-26,136986.00,2237.72,8.00,429.65
2005-03-27,137594.75,2237.88,9.00,315.75
2005-03-28,138021.00,2237.99,9.00,223.80
2005-03-29,139048.00,2238.26,9.00,526.96
2005-03-30,139434.58,2238.36,10.00,204.45
2005-03-31,139894.00,2238.48,9.00,240.91
2005-04-01,140350.00,2238.60,9.00,239.32
2005-04-02,140854.00,2238.73,10.00,263.91
2005-04-03,141424.75,2238.88,10.00,297.41
2005-04-04,141734.00,2238.96,10.00,165.57
2005-04-05,142004.00,2239.03,9.00,145.41
2005-04-06,142573.81,2239.18,9.00,296.56
2005-04-07,143078.09,2239.31,9.00,263.52
2005-04-08,143693.00,2239.47,9.00,319.30
2005-04-09,144200.00,2239.60,9.00,264.70
2005-04-10,144503.81,2239.68,9.00,162.07
2005-04-11,145243.67,2239.87,9.00,382.23
2005-04-12,145555.00,2239.95,9.00,166.24
2005-04-13,145945.00,2240.05,9.00,205.76
2005-04-14,146329.53,2240.15,9.00,202.77
2005-04-15,146793.00,2240.27,9.00,242.57
2005-04-16,147378.00,2240.42,9.00,303.91
2005-04-17,147768.00,2240.52,9.00,205.66
2005-04-18,148274.52,2240.65,9.00,264.54
2005-04-19,148548.00,2240.72,9.00,146.78
2005-04-20,149055.48,2240.85,9.00,264.76
2005-04-21,149640.00,2241.00,9.00,303.59
2005-04-22,150459.00,2241.21,9.00,421.81
2005-04-23,151480.00,2241.47,9.00,523.75
2005-04-24,152580.00,2241.75,9.00,563.80
2005-04-25,153843.00,2242.07,9.00,645.89
2005-04-26,155070.78,2242.38,9.00,628.00
2005-04-27,156179.61,2242.66,9.00,568.31
2005-04-28,157140.00,2242.90,9.00,493.48
2005-04-29,157820.00,2243.07,9.00,352.11
2005-04-30,158340.00,2243.20,18.00,281.82
2005-05-01,158820.20,2243.32,43.00,289.55
2005-05-02,159300.00,2243.44,52.00,297.30
2005-05-03,159700.00,2243.54,50.00,257.07
2005-05-04,160099.41,2243.64,85.00,300.09
2005-05-05,160380.00,2243.71,120.00,261.47
2005-05-06,160660.00,2243.78,120.00,261.17
2005-05-07,160863.30,2243.83,120.00,221.80
2005-05-08,160986.59,2243.86,132.00,193.54
2005-05-09,161430.00,2243.97,134.00,356.95
2005-05-10,162070.30,2244.13,106.00,429.13
2005-05-11,162432.00,2244.22,95.00,277.26
2005-05-12,162760.00,2244.30,100.00,266.69
2005-05-13,162960.48,2244.35,116.00,216.08
2005-05-14,163160.00,2244.40,120.00,220.59
2005-05-15,163488.00,2244.48,120.00,285.41
2005-05-16,163930.00,2244.59,102.00,325.07
2005-05-17,164052.20,2244.62,86.00,148.68
2005-05-18,164620.00,2244.76,70.00,355.56
2005-05-19,164944.41,2244.84,61.00,224.61
2005-05-20,165395.00,2244.95,61.00,288.19
2005-05-21,165559.00,2244.99,61.00,143.95
2005-05-22,166010.00,2245.10,71.00,298.64
2005-05-23,166249.61,2245.16,77.00,197.80
2005-05-24,166289.70,2245.17,118.00,139.86
2005-05-25,166329.80,2245.18,175.00,196.28
2005-05-26,166289.70,2245.17,216.00,197.79
2005-05-27,166130.30,2245.13,246.00,165.29
2005-05-28,165969.00,2245.09,249.00,167.87
2005-05-29,165764.00,2245.04,252.00,148.55
2005-05-30,165518.00,2244.98,288.00,164.69
2005-05-31,165354.00,2244.94,333.00,248.89
2005-06-01,164985.50,2244.85,358.00,171.68
2005-06-02,164700.00,2244.78,358.00,213.07
2005-06-03,164297.80,2244.68,365.00,163.06
2005-06-04,163770.00,2244.55,379.00,114.29
2005-06-05,163160.00,2244.40,403.00,96.62
2005-06-06,162473.00,2244.23,447.00,102.57
2005-06-07,161830.00,2244.07,518.00,193.53
2005-06-08,160986.59,2243.86,491.00,67.65
2005-06-09,160299.91,2243.69,431.00,86.61
2005-06-10,159660.00,2243.53,427.00,104.69
2005-06-11,159020.69,2243.37,427.00,103.51
2005-06-12,158380.00,2243.21,423.00,101.55
2005-06-13,157860.00,2243.08,391.00,130.53
2005-06-14,157300.00,2242.94,379.00,95.98
2005-06-15,156780.09,2242.81,358.00,97.05
2005-06-16,156179.61,2242.66,340.00,40.48
2005-06-17,155901.00,2242.59,340.00,199.13
2005-06-18,155310.00,2242.44,340.00,40.69
2005-06-19,154790.09,2242.31,344.00,82.26
2005-06-20,154159.52,2242.15,347.00,29.16
2005-06-21,153726.00,2242.04,358.00,138.22
2005-06-22,153130.91,2241.89,365.00,63.74
2005-06-23,152460.00,2241.72,365.00,24.54
2005-06-24,151756.00,2241.54,361.00,6.96
2005-06-25,151044.58,2241.36,361.00,2.43
2005-06-26,150498.00,2241.22,361.00,85.43
2005-06-27,149913.00,2241.07,361.00,65.92
2005-06-28,149289.00,2240.91,361.00,45.40
2005-06-29,148587.00,2240.73,358.00,4.72
2005-06-30,148041.00,2240.59,358.00,82.64
2005-07-01,147378.00,2240.42,358.00,23.24
2005-07-02,146754.00,2240.26,358.00,43.74
2005-07-03,146101.00,2240.09,358.00,29.08
2005-07-04,145399.00,2239.91,358.00,3.72
2005-07-05,144775.00,2239.75,358.00,42.97
2005-07-06,144161.00,2239.59,358.00,47.91
2005-07-07,143537.00,2239.43,358.00,42.13
2005-07-08,143192.38,2239.34,358.00,182.77
2005-07-09,142497.63,2239.16,354.00,4.95
2005-07-10,141812.00,2238.98,354.00,8.55
2005-07-11,141234.28,2238.83,354.00,62.73
2005-07-12,140623.00,2238.67,354.00,45.72
2005-07-13,139932.00,2238.49,354.00,4.91
2005-07-14,139278.19,2238.32,354.00,22.77
2005-07-15,138591.44,2238.14,351.00,4.77
2005-07-16,137904.00,2237.96,351.00,3.73
2005-07-17,137290.00,2237.80,351.00,40.47
2005-07-18,136606.19,2237.62,347.00,3.65
2005-07-19,135884.00,2237.43,403.00,10.66
2005-07-20,135124.00,2237.23,504.00,54.15
2005-07-21,134222.00,2236.99,581.00,127.41
2005-07-22,133241.00,2236.73,599.00,104.57
2005-07-23,132304.00,2236.48,599.00,124.13
2005-07-24,131287.00,2236.21,599.00,87.07
2005-07-25,130310.00,2235.95,599.00,107.73
2005-07-26,129332.91,2235.69,599.00,105.58
2005-07-27,128435.00,2235.45,594.00,142.66
2005-07-28,127361.64,2235.16,594.00,52.89
2005-07-29,126362.91,2234.89,626.00,123.58
2005-07-30,125216.00,2234.58,700.00,121.59
2005-07-31,123921.00,2234.23,710.00,58.17
2005-08-01,122885.00,2233.95,710.00,186.59
2005-08-02,121590.00,2233.60,730.00,75.96
2005-08-03,120228.00,2233.23,805.00,117.97
2005-08-04,118804.35,2232.84,800.00,78.94
2005-08-05,117488.00,2232.48,841.00,170.24
2005-08-06,115822.00,2232.02,890.00,46.32
2005-08-07,114192.00,2231.57,940.00,115.37
2005-08-08,112382.00,2231.07,973.00,57.28
2005-08-09,110428.00,2230.53,1039.00,46.52
2005-08-10,108432.00,2229.97,1099.00,89.37
2005-08-11,106400.00,2229.40,1083.00,55.58
2005-08-12,104584.91,2228.89,1017.00,96.65
2005-08-13,102814.91,2228.39,1000.00,100.59
2005-08-14,101044.91,2227.89,984.00,86.50
2005-08-15,99259.83,2227.38,973.00,66.52
2005-08-16,97475.60,2226.87,967.00,62.19
2005-08-17,95690.52,2226.36,984.00,78.72
2005-08-18,93810.17,2225.82,1017.00,63.21
2005-08-19,91908.00,2225.27,1055.00,88.32
2005-08-20,89983.72,2224.66,1094.00,119.40
2005-08-21,88099.00,2224.01,1127.00,173.01
2005-08-22,85895.00,2223.25,1160.00,43.89
2005-08-23,83633.00,2222.47,1220.00,71.85
2005-08-24,81293.72,2221.66,1253.00,70.30
2005-08-25,78907.21,2220.83,1270.00,63.39
2005-08-26,76462.00,2219.98,1294.00,53.08
2005-08-27,73902.00,2219.09,1312.00,15.74
2005-08-28,71408.00,2218.22,1294.00,32.24
2005-08-29,69108.00,2217.42,1270.00,102.17
2005-08-30,66704.00,2216.58,1259.00,42.94
2005-08-31,64508.07,2215.81,1198.00,84.22
2005-09-01,62368.00,2215.06,1127.00,43.75
2005-09-02,60460.93,2214.39,1050.00,83.85
2005-09-03,58664.00,2213.76,951.00,41.24
2005-09-04,57013.86,2213.18,852.00,13.23
2005-09-05,55744.00,2212.73,760.00,114.96
2005-09-06,54436.00,2212.27,745.00,80.52
2005-09-07,52998.00,2211.76,765.00,33.50
2005-09-08,51613.00,2211.27,770.00,67.04
2005-09-09,50196.00,2210.77,780.00,61.35
2005-09-10,48814.00,2210.28,765.00,63.22
2005-09-11,47404.00,2209.78,765.00,47.51
2005-09-12,45966.00,2209.27,770.00,40.82
2005-09-13,44584.00,2208.78,755.00,51.16
2005-09-14,43268.07,2208.31,715.00,46.03
2005-09-15,41975.36,2207.85,690.00,31.95
2005-09-16,40738.00,2207.41,685.00,57.73
2005-09-17,39445.00,2206.95,685.00,26.45
2005-09-18,38124.00,2206.48,675.00,6.44
2005-09-19,36920.00,2206.05,680.00,67.20
2005-09-20,35660.00,2205.60,680.00,37.85
2005-09-21,34399.66,2205.15,665.00,26.32
2005-09-22,33168.00,2204.71,665.00,38.49
2005-09-23,31992.00,2204.29,645.00,45.57
2005-09-24,30760.34,2203.85,630.00,6.12
2005-09-25,29528.00,2203.41,640.00,13.15
2005-09-26,28334.00,2202.98,630.00,24.72
2005-09-27,27130.00,2202.55,625.00,13.73
2005-09-28,25960.54,2202.13,621.00,26.12
2005-09-29,25320.00,2201.90,612.00,283.53
2005-09-30,24788.00,2201.71,576.00,303.80
2005-10-01,25096.14,2201.82,190.00,406.00
2005-10-02,25348.00,2201.91,39.00,164.93
2005-10-03,25460.00,2201.95,28.00,83.25
2005-10-04,25460.00,2201.95,25.00,23.90
2005-10-05,25516.00,2201.97,25.00,52.13
2005-10-06,25824.00,2202.08,25.00,179.18
2005-10-07,25960.54,2202.13,25.00,92.76
2005-10-08,26068.80,2202.17,25.00,78.48
2005-10-09,26122.93,2202.19,25.00,51.19
2005-10-10,26262.00,2202.24,25.00,94.01
2005-10-11,26318.00,2202.26,25.00,52.13
2005-10-12,26402.00,2202.29,25.00,66.25
2005-10-13,26570.00,2202.35,25.00,110.00
2005-10-14,26660.00,2202.38,24.00,69.00
2005-10-15,26822.00,2202.44,24.00,106.00
2005-10-16,26800.00,2202.43,24.00,13.00
2005-10-17,26800.00,2202.43,24.00,24.00
2005-10-18,26906.00,2202.47,24.00,77.00
2005-10-19,27214.00,2202.58,24.00,178.10
2005-10-20,27493.86,2202.68,23.00,163.40
2005-10-21,27634.00,2202.73,39.00,109.45
2005-10-22,27746.00,2202.77,49.00,104.47
2005-10-23,27830.00,2202.80,49.00,90.35
2005-10-24,27830.00,2202.80,49.00,47.48
2005-10-25,27800.00,2202.79,48.00,33.00
2005-10-26,27858.07,2202.81,48.00,77.00
2005-10-27,27942.27,2202.84,29.00,72.22
2005-10-28,28000.00,2202.86,22.00,51.00
2005-10-29,28222.00,2202.94,22.00,134.00
2005-10-30,28417.00,2203.01,27.00,125.13
2005-10-31,28968.00,2203.21,25.00,302.66
2005-11-01,29864.00,2203.53,21.00,472.89
2005-11-02,30396.00,2203.72,21.00,288.42
2005-11-03,30900.00,2203.90,21.00,274.62
2005-11-04,31208.00,2204.01,21.00,176.18
2005-11-05,31852.00,2204.24,21.00,345.58
2005-11-06,32384.00,2204.43,21.00,289.12
2005-11-07,32832.00,2204.59,21.00,246.77
2005-11-08,33055.79,2204.67,21.00,133.73
2005-11-09,33252.00,2204.74,22.00,120.31
2005-11-10,33784.00,2204.93,22.00,290.10
2005-11-11,33896.00,2204.97,23.00,78.77
2005-11-12,34288.07,2205.11,23.00,219.97
2005-11-13,35296.00,2205.47,23.00,530.61
2005-11-14,36024.00,2205.73,20.00,387.21
2005-11-15,36248.07,2205.81,19.00,132.05
2005-11-16,36471.93,2205.89,20.00,132.02
2005-11-17,36864.00,2206.03,20.00,217.17
2005-11-18,37143.52,2206.13,20.00,160.42
2005-11-19,37871.93,2206.39,20.00,386.74
2005-11-20,38096.00,2206.47,20.00,132.47
2005-11-21,38432.00,2206.59,20.00,188.90
2005-11-22,38852.00,2206.74,20.00,231.25
2005-11-23,39358.00,2206.92,20.00,275.51
2005-11-24,39416.00,2206.94,20.00,50.14
2005-11-25,39646.00,2207.02,20.00,137.08
2005-11-26,40234.00,2207.23,20.00,318.04
2005-11-27,40374.00,2207.28,20.00,92.11
2005-11-28,40710.00,2207.40,20.00,191.09
2005-11-29,40850.00,2207.45,21.00,92.88
2005-11-30,41214.00,2207.58,20.00,205.46
2005-12-01,41578.00,2207.71,20.00,205.12
2005-12-02,41860.00,2207.81,20.00,162.00
2005-12-03,41920.00,2207.83,20.00,50.00
2005-12-04,42310.00,2207.97,21.00,218.00
2005-12-05,42280.00,2207.96,20.00,5.00
2005-12-06,42344.00,2207.98,21.00,53.00
2005-12-07,42340.00,2207.98,21.00,19.00
2005-12-08,42510.00,2208.04,21.00,107.00
2005-12-09,42540.00,2208.05,21.00,36.00
2005-12-10,42730.00,2208.12,21.00,117.00
2005-12-11,42847.73,2208.16,21.00,80.00
2005-12-12,42988.00,2208.21,21.00,93.02
2005-12-13,43184.00,2208.28,21.00,121.12
2005-12-14,43240.00,2208.30,21.00,49.00
2005-12-15,43240.00,2208.30,21.00,21.00
2005-12-16,43240.00,2208.30,21.00,21.00
2005-12-17,43300.00,2208.32,21.00,51.00
2005-12-18,43460.00,2208.38,21.00,102.00
2005-12-19,43490.00,2208.39,21.00,36.00
2005-12-20,43520.00,2208.40,21.00,36.00
2005-12-21,43800.00,2208.50,21.00,162.00
2005-12-22,44191.59,2208.64,21.00,220.01
2005-12-23,45238.00,2209.01,22.00,551.14
2005-12-24,46195.36,2209.35,24.00,508.37
2005-12-25,47180.00,2209.70,24.00,522.03
2005-12-26,48142.00,2210.04,24.00,510.31
2005-12-27,49580.00,2210.55,22.00,748.57
2005-12-28,50396.29,2210.84,21.00,433.52
2005-12-29,51353.86,2211.18,22.00,505.43
2005-12-30,51812.27,2211.34,21.00,253.42
2005-12-31,52970.00,2211.75,21.00,605.73
2006-01-01,53138.07,2211.81,21.00,107.04
2006-01-02,53848.00,2212.06,21.00,380.22
2006-01-03,54210.00,2212.19,20.00,202.00
2006-01-04,54360.00,2212.24,20.00,96.00
2006-01-05,55350.00,2212.59,20.00,519.00
2006-01-06,55688.00,2212.71,22.00,192.00
2006-01-07,56594.00,2213.03,22.00,480.68
2006-01-08,57669.00,2213.41,22.00,565.48
2006-01-09,58836.14,2213.82,22.00,611.80
2006-01-10,60374.43,2214.36,29.00,806.59
2006-01-11,62624.64,2215.15,35.00,1171.84
2006-01-12,64161.93,2215.69,29.00,805.99
2006-01-13,65190.00,2216.05,23.00,543.13
2006-01-14,65958.14,2216.32,21.00,410.54
2006-01-15,66620.00,2216.55,20.00,356.27
2006-01-16,67561.86,2216.88,20.00,496.94
2006-01-17,68219.07,2217.11,18.00,353.22
2006-01-18,68683.00,2217.27,19.00,256.04
2006-01-19,69166.00,2217.44,18.00,264.89
2006-01-20,69861.86,2217.68,17.00,372.32
2006-01-21,70258.14,2217.82,17.00,221.39
2006-01-22,70635.00,2217.95,16.00,211.60
2006-01-23,71004.00,2218.08,16.00,207.64
2006-01-24,71379.00,2218.21,16.00,210.66
2006-01-25,71808.41,2218.36,15.00,238.10
2006-01-26,72065.00,2218.45,15.00,150.96
2006-01-27,72442.00,2218.58,15.00,211.67
2006-01-28,73070.00,2218.80,14.00,338.30
2006-01-29,73902.00,2219.09,13.00,439.46
2006-01-30,74510.00,2219.30,12.00,326.22
2006-01-31,75312.00,2219.58,14.00,425.81
2006-02-01,75998.14,2219.82,14.00,367.35
2006-02-02,76744.00,2220.08,14.00,398.55
2006-02-03,77148.00,2220.22,14.00,225.89
2006-02-04,78212.00,2220.59,14.00,558.31
2006-02-05,78500.93,2220.69,13.00,166.85
2006-02-06,78936.28,2220.84,13.00,239.83
2006-02-07,79371.00,2220.99,13.00,239.29
2006-02-08,79709.07,2221.11,12.00,189.94
2006-02-09,79970.00,2221.20,12.00,151.05
2006-02-10,80347.21,2221.33,12.00,209.68
2006-02-11,80608.00,2221.42,12.00,150.98
2006-02-12,80896.00,2221.52,12.00,164.70
2006-02-13,81178.14,2221.62,12.00,161.75
2006-02-14,81468.00,2221.72,12.00,165.64
2006-02-15,81729.07,2221.81,12.00,151.12
2006-02-16,81903.50,2221.87,12.00,107.44
2006-02-17,82077.00,2221.93,12.00,106.97
2006-02-18,82280.00,2222.00,12.00,121.85
2006-02-19,82476.00,2222.07,12.00,118.32
2006-02-20,82646.50,2222.13,12.00,105.46
2006-02-21,82937.00,2222.23,12.00,165.96
2006-02-22,83285.35,2222.35,12.00,195.34
2006-02-23,83836.00,2222.54,13.00,298.77
2006-02-24,84068.14,2222.62,14.00,138.50
2006-02-25,84210.00,2222.67,13.00,85.00
2006-02-26,84360.00,2222.72,13.00,89.00
2006-02-27,84735.35,2222.85,13.00,202.00
2006-02-28,85112.00,2222.98,13.00,207.76
2006-03-01,85344.00,2223.06,13.00,131.41
2006-03-02,85518.14,2223.12,13.00,102.24
2006-03-03,85779.00,2223.21,13.00,145.96
2006-03-04,86040.00,2223.30,13.00,146.03
2006-03-05,86185.35,2223.35,13.00,87.72
2006-03-06,86417.00,2223.43,13.00,131.41
2006-03-07,86678.00,2223.52,14.00,146.55
2006-03-08,87258.00,2223.72,14.00,307.50
2006-03-09,87403.00,2223.77,14.00,88.40
2006-03-10,87635.35,2223.85,14.00,132.62
2006-03-11,87809.00,2223.91,14.00,102.51
2006-03-12,87983.00,2223.97,14.00,102.69
2006-03-13,88186.00,2224.04,14.00,117.31
2006-03-14,88360.00,2224.10,14.00,102.69
2006-03-15,88475.58,2224.14,14.00,73.23
2006-03-16,88708.00,2224.22,14.00,132.14
2006-03-17,88911.00,2224.29,14.00,117.54
2006-03-18,89056.28,2224.34,14.00,88.73
2006-03-19,89230.00,2224.40,14.00,103.06
2006-03-20,89375.00,2224.45,14.00,88.58
2006-03-21,89491.00,2224.49,27.00,88.68
2006-03-22,89636.00,2224.54,22.00,100.36
2006-03-23,89868.14,2224.62,12.00,130.44
2006-03-24,89983.72,2224.66,12.00,71.84
2006-03-25,90274.00,2224.76,13.00,160.27
2006-03-26,90419.07,2224.81,13.00,87.06
2006-03-27,90680.00,2224.90,13.00,145.47
2006-03-28,90830.00,2224.95,13.00,90.03
2006-03-29,91150.00,2225.05,13.00,175.77
2006-03-30,91494.57,2225.15,13.00,188.16
2006-03-31,91772.00,2225.23,14.00,154.83
2006-04-01,92496.00,2225.44,15.00,381.09
2006-04-02,92875.00,2225.55,15.00,207.26
2006-04-03,93400.00,2225.70,15.00,280.46
2006-04-04,93845.26,2225.83,15.00,240.45
2006-04-05,94405.00,2225.99,15.00,298.20
2006-04-06,94919.48,2226.14,15.00,275.39
2006-04-07,95550.17,2226.32,15.00,333.97
2006-04-08,96250.00,2226.52,15.00,368.83
2006-04-09,96915.00,2226.71,15.00,351.71
2006-04-10,97650.00,2226.92,15.00,387.26
2006-04-11,98315.09,2227.11,15.00,351.79
2006-04-12,99085.26,2227.33,15.00,404.30
2006-04-13,99960.00,2227.58,15.00,457.29
2006-04-14,101044.91,2227.89,16.00,564.27
2006-04-15,101860.17,2228.12,16.00,428.27
2006-04-16,102570.17,2228.32,15.00,374.66
2006-04-17,103165.00,2228.49,15.00,316.01
2006-04-18,103769.66,2228.66,15.00,320.85
2006-04-19,104126.00,2228.76,103.00,300.09
2006-04-20,104656.00,2228.91,113.00,384.68
2006-04-21,105295.00,2229.09,71.00,395.12
2006-04-22,106112.18,2229.32,47.00,460.35
2006-04-23,106865.00,2229.53,44.00,423.95
2006-04-24,107610.00,2229.74,44.00,420.00
2006-04-25,108540.00,2230.00,45.00,513.28
2006-04-26,109754.35,2230.34,45.00,656.64
2006-04-27,110752.18,2230.62,45.00,547.47
2006-04-28,112418.00,2231.08,29.00,869.62
2006-04-29,114732.00,2231.72,20.00,1186.14
2006-04-30,116361.73,2232.17,21.00,841.16
2006-05-01,117671.00,2232.53,21.00,679.62
2006-05-02,118623.00,2232.79,84.00,576.84
2006-05-03,119168.00,2232.94,254.00,526.94
2006-05-04,119642.00,2233.07,296.00,531.51
2006-05-05,120444.00,2233.29,278.00,678.72
2006-05-06,121183.00,2233.49,261.00,630.77
2006-05-07,122071.00,2233.73,258.00,703.92
2006-05-08,122774.00,2233.92,254.00,605.63
2006-05-09,123144.00,2234.02,279.00,466.64
2006-05-10,123440.00,2234.10,373.00,521.66
2006-05-11,123921.00,2234.23,404.00,645.50
2006-05-12,124180.00,2234.30,399.00,528.18
2006-05-13,124402.54,2234.36,415.00,526.74
2006-05-14,124698.00,2234.44,455.00,604.98
2006-05-15,125511.64,2234.66,451.00,859.31
2006-05-16,127806.00,2235.28,325.00,1484.93
2006-05-17,130983.35,2236.13,170.00,1778.15
2006-05-18,134519.00,2237.07,83.00,1868.20
2006-05-19,137176.00,2237.77,45.00,1388.72
2006-05-20,139780.00,2238.45,22.00,1335.15
2006-05-21,141812.00,2238.98,79.00,1114.11
2006-05-22,143810.00,2239.50,153.00,1163.64
2006-05-23,145087.28,2239.83,159.00,804.93
2006-05-24,146871.00,2240.29,184.00,1085.48
2006-05-25,148080.00,2240.60,186.00,797.78
2006-05-26,149094.58,2240.86,209.00,724.31
2006-05-27,149913.00,2241.07,278.00,695.49
2006-05-28,150615.00,2241.25,296.00,652.07
2006-05-29,151240.00,2241.41,306.00,624.48
2006-05-30,151717.00,2241.53,369.00,612.96
2006-05-31,152262.72,2241.67,396.00,673.55
2006-06-01,153250.00,2241.92,396.00,896.57
2006-06-02,154633.00,2242.27,396.00,1097.12
2006-06-03,155550.00,2242.50,400.00,864.28
2006-06-04,156700.00,2242.79,439.00,1023.79
2006-06-05,157540.00,2243.00,455.00,883.67
2006-06-06,158259.80,2243.18,443.00,808.81
2006-06-07,158940.48,2243.35,443.00,788.28
2006-06-08,159460.00,2243.48,467.00,734.11
2006-06-09,159580.00,2243.51,447.00,510.92
2006-06-10,159860.00,2243.58,415.00,560.17
2006-06-11,160219.70,2243.67,459.00,646.31
2006-06-12,161027.70,2243.87,376.00,791.54
2006-06-13,162070.30,2244.13,117.00,658.44
2006-06-14,163242.00,2244.42,45.00,637.08
2006-06-15,164215.59,2244.66,42.00,532.85
2006-06-16,165272.00,2244.92,42.00,574.64
2006-06-17,166130.30,2245.13,42.00,475.01
2006-06-18,166902.20,2245.32,44.00,431.82
2006-06-19,167558.00,2245.48,44.00,373.29
2006-06-20,168173.30,2245.63,43.00,352.79
2006-06-21,168747.00,2245.77,44.00,332.17
2006-06-22,169362.00,2245.92,45.00,353.20
2006-06-23,169895.00,2246.05,45.00,311.91
2006-06-24,170510.00,2246.20,45.00,353.26
2006-06-25,171125.50,2246.35,45.00,353.51
2006-06-26,171863.00,2246.53,46.00,415.02
2006-06-27,172443.69,2246.67,46.00,335.96
2006-06-28,173021.09,2246.81,46.00,334.31
2006-06-29,173474.00,2246.92,46.00,271.54
2006-06-30,174220.00,2247.10,46.00,419.31
2006-07-01,174640.00,2247.20,47.00,254.95
2006-07-02,174970.00,2247.28,47.00,209.58
2006-07-03,175260.52,2247.35,47.00,189.67
2006-07-04,175798.00,2247.48,47.00,314.18
2006-07-05,176174.00,2247.57,48.00,232.77
2006-07-06,176382.20,2247.62,48.00,148.17
2006-07-07,176752.00,2247.71,48.00,229.64
2006-07-08,176962.00,2247.76,48.00,149.08
2006-07-09,177088.00,2247.79,48.00,106.73
2006-07-10,177298.41,2247.84,49.00,149.28
2006-07-11,177340.52,2247.85,50.00,65.91
2006-07-12,177591.00,2247.91,55.00,175.27
2006-07-13,177755.00,2247.95,42.00,120.44
2006-07-14,177837.00,2247.97,34.00,70.64
2006-07-15,177960.00,2248.00,34.00,91.31
2006-07-16,178044.00,2248.02,35.00,71.65
2006-07-17,178128.00,2248.04,35.00,71.65
2006-07-18,178212.00,2248.06,35.00,71.65
2006-07-19,178212.00,2248.06,35.00,29.30
2006-07-20,178296.00,2248.08,44.00,79.67
2006-07-21,178338.00,2248.09,60.00,72.18
2006-07-22,178380.00,2248.10,59.00,80.00
2006-07-23,178380.00,2248.10,59.00,59.00
2006-07-24,178338.00,2248.09,60.00,39.00
2006-07-25,178254.00,2248.07,65.00,12.79
2006-07-26,178170.00,2248.05,68.00,15.85
2006-07-27,178170.00,2248.05,67.00,58.20
2006-07-28,178090.00,2248.03,67.00,17.87
2006-07-29,178000.00,2248.01,67.00,12.83
2006-07-30,177919.00,2247.99,67.00,17.36
2006-07-31,177837.00,2247.97,66.00,16.86
2006-08-01,177755.00,2247.95,66.00,16.86
2006-08-02,177670.00,2247.93,72.00,29.00
2006-08-03,177550.00,2247.90,85.00,24.00
2006-08-04,177425.00,2247.87,85.00,13.86
2006-08-05,177298.41,2247.84,85.00,12.79
2006-08-06,177172.11,2247.81,83.00,12.25
2006-08-07,177046.00,2247.78,83.00,17.46
2006-08-08,176878.00,2247.74,82.00,1.91
2006-08-09,176752.00,2247.71,82.00,22.92
2006-08-10,176627.80,2247.68,82.00,23.83
2006-08-11,176504.00,2247.65,82.00,24.01
2006-08-12,176341.09,2247.61,81.00,4.27
2006-08-13,176216.00,2247.58,81.00,23.33
2006-08-14,176048.00,2247.54,81.00,1.70
2006-08-15,175880.00,2247.50,89.00,10.87
2006-08-16,175716.00,2247.46,99.00,23.32
2006-08-17,175552.00,2247.42,99.00,23.32
2006-08-18,175386.83,2247.38,98.00,22.73
2006-08-19,175176.31,2247.33,102.00,4.47
2006-08-20,174968.00,2247.28,109.00,12.74
2006-08-21,174763.00,2247.23,131.00,36.13
2006-08-22,174471.59,2247.16,143.00,5.08
2006-08-23,174138.00,2247.08,170.00,15.78
2006-08-24,173684.00,2246.97,228.00,15.33
2006-08-25,173144.41,2246.84,270.00,1.11
2006-08-26,172528.00,2246.69,330.00,19.22
2006-08-27,171822.00,2246.52,365.00,9.29
2006-08-28,170797.00,2246.27,527.00,17.94
2006-08-29,169362.00,2245.92,770.00,48.74
2006-08-30,167517.00,2245.47,965.00,14.08
2006-08-31,165600.00,2245.00,1044.00,41.80
2006-09-01,163570.00,2244.50,1055.00,32.68
2006-09-02,161630.00,2244.02,1050.00,73.12
2006-09-03,159620.00,2243.52,1050.00,35.45
2006-09-04,157580.00,2243.00,1044.00,16.09
2006-09-05,155589.00,2242.51,1039.00,36.21
2006-09-06,153609.00,2242.01,1072.00,74.29
2006-09-07,151480.00,2241.47,1116.00,41.00
2006-09-08,149172.77,2240.88,1193.00,32.49
2006-09-09,146949.09,2240.31,1193.00,72.24
2006-09-10,144658.00,2239.72,1182.00,25.13
2006-09-11,142384.28,2239.13,1182.00,37.04
2006-09-12,140084.00,2238.53,1182.00,22.93
2006-09-13,137787.00,2237.93,1182.00,24.87
2006-09-14,135580.47,2237.35,1187.00,75.76
2006-09-15,133430.00,2236.78,1187.00,103.00
2006-09-16,131250.00,2236.20,1176.00,77.00
2006-09-17,129037.09,2235.61,1171.00,55.00
2006-09-18,126844.00,2235.02,1165.00,60.79
2006-09-19,124698.00,2234.44,1149.00,65.91
2006-09-20,122589.63,2233.87,1149.00,87.18
2006-09-21,120520.00,2233.31,1149.00,105.00
2006-09-22,118360.00,2232.72,1144.00,55.00
2006-09-23,116182.18,2232.12,1149.00,51.00
2006-09-24,114010.00,2231.52,1149.00,54.00
2006-09-25,111871.00,2230.93,1138.00,60.00
2006-09-26,109826.53,2230.36,1105.00,75.97
2006-09-27,107715.00,2229.77,1097.00,32.76
2006-09-28,105725.00,2229.21,1078.00,77.30
2006-09-29,103804.74,2228.67,1042.00,79.84
2006-09-30,101825.09,2228.11,1028.00,42.35
2006-10-01,99855.00,2227.55,1022.00,40.22
2006-10-02,97965.00,2227.01,1014.00,72.63
2006-10-03,96110.00,2226.48,984.00,65.47
2006-10-04,94300.00,2225.96,965.00,72.83
2006-10-05,92462.00,2225.43,956.00,49.89
2006-10-06,90622.57,2224.88,948.00,45.31
2006-10-07,88940.00,2224.30,946.00,125.69
2006-10-08,87080.00,2223.66,959.00,49.55
2006-10-09,85250.00,2223.03,962.00,69.84
2006-10-10,83490.00,2222.42,932.00,79.75
2006-10-11,81730.00,2221.81,890.00,43.91
2006-10-12,80000.00,2221.21,871.00,41.50
2006-10-13,78270.00,2220.61,858.00,30.02
2006-10-14,76660.00,2220.05,852.00,86.88
2006-10-15,75200.00,2219.54,852.00,158.24
2006-10-16,74540.00,2219.31,322.00,67.70
2006-10-17,74450.00,2219.28,60.00,9.31
2006-10-18,74450.00,2219.28,37.00,32.10
2006-10-19,74450.00,2219.28,28.00,29.85
2006-10-20,74480.00,2219.29,25.00,41.72
2006-10-21,74540.00,2219.31,25.00,56.85
2006-10-22,74540.00,2219.31,25.00,26.60
2006-10-23,74560.00,2219.32,25.00,36.68
2006-10-24,74790.00,2219.40,25.00,142.84
2006-10-25,74760.00,2219.39,26.00,12.16
2006-10-26,74790.00,2219.40,26.00,42.62
2006-10-27,74906.00,2219.44,26.00,85.98
2006-10-28,74906.00,2219.44,26.00,27.68
2006-10-29,75138.00,2219.52,27.00,145.36
2006-10-30,75167.00,2219.53,27.00,43.02
2006-10-31,75254.00,2219.56,27.00,72.26
2006-11-01,75254.00,2219.56,27.00,28.40
2006-11-02,75341.00,2219.59,27.00,72.26
2006-11-03,75744.00,2219.73,27.00,231.73
2006-11-04,76772.00,2220.09,27.00,547.11
2006-11-05,78588.00,2220.72,28.00,945.20
2006-11-06,89114.42,2224.36,32.00,5342.05
2006-11-07,98700.00,2227.22,41.00,4876.17
2006-11-08,101332.00,2227.97,28.00,1357.03
2006-11-09,102710.52,2228.36,24.00,720.89
2006-11-10,104054.00,2228.74,23.00,702.14
2006-11-11,105085.00,2229.03,24.00,545.83
2006-11-12,106616.00,2229.46,28.00,800.85
2006-11-13,107856.09,2229.81,26.00,652.93
2006-11-14,108540.00,2230.00,23.00,369.93
2006-11-15,109933.91,2230.39,22.00,726.62
2006-11-16,111220.00,2230.75,24.00,674.31
2006-11-17,112166.00,2231.01,22.00,499.74
2006-11-18,113102.00,2231.27,20.00,493.82
2006-11-19,113718.00,2231.44,20.00,332.17
2006-11-20,114372.18,2231.62,20.00,351.42
2006-11-21,114984.00,2231.79,20.00,330.06
2006-11-22,115528.00,2231.94,20.00,295.87
2006-11-23,116581.00,2232.23,20.00,552.49
2006-11-24,117308.00,2232.43,20.00,388.13
2006-11-25,117856.00,2232.58,20.00,297.86
2006-11-26,118327.00,2232.71,20.00,259.06
2006-11-27,118696.09,2232.81,20.00,207.68
2006-11-28,119094.00,2232.92,20.00,221.94
2006-11-29,119498.00,2233.03,20.00,224.58
2006-11-30,119897.46,2233.14,20.00,222.96
2006-12-01,120300.00,2233.25,20.00,224.55
2006-12-02,120408.00,2233.28,20.00,76.05
2006-12-03,120776.73,2233.38,20.00,207.50
2006-12-04,121146.00,2233.48,20.00,207.78
2006-12-05,121368.00,2233.54,20.00,133.53
2006-12-06,121664.18,2233.62,20.00,170.92
2006-12-07,121737.46,2233.64,20.00,58.55
2006-12-08,121885.82,2233.68,20.00,96.40
2006-12-09,122367.09,2233.81,20.00,264.24
2006-12-10,122589.63,2233.87,20.00,133.80
2006-12-11,123070.00,2234.00,20.00,263.80
2006-12-12,123624.55,2234.15,22.00,302.43
2006-12-13,124698.00,2234.44,23.00,565.83
2006-12-14,125548.73,2234.67,26.00,456.65
2006-12-15,126289.63,2234.87,25.00,399.82
2006-12-16,126770.00,2235.00,23.00,266.99
2006-12-17,127029.00,2235.07,23.00,155.38
2006-12-18,127324.55,2235.15,22.00,173.07
2006-12-19,127472.91,2235.19,22.00,98.70
2006-12-20,127769.00,2235.27,22.00,173.18
2006-12-21,128324.00,2235.42,22.00,303.71
2006-12-22,128435.00,2235.45,22.00,79.85
2006-12-23,128962.00,2235.59,22.00,289.83
2006-12-24,129258.73,2235.67,22.00,173.56
2006-12-25,129446.00,2235.72,22.00,118.40
2006-12-26,129674.00,2235.78,22.00,139.16
2006-12-27,130046.73,2235.88,22.00,211.59
2006-12-28,130158.00,2235.91,22.00,79.10
2006-12-29,130348.00,2235.96,22.00,118.79
2006-12-30,130537.00,2236.01,22.00,118.29
2006-12-31,130722.00,2236.06,22.00,116.27
2007-01-01,130946.19,2236.12,22.00,136.03
2007-01-02,132266.00,2236.47,22.00,689.32
2007-01-03,133690.47,2236.85,25.00,746.55
2007-01-04,134706.19,2237.12,25.00,540.92
2007-01-05,135694.75,2237.38,23.00,525.11
2007-01-06,136719.53,2237.65,26.00,545.80
2007-01-07,138288.00,2238.06,28.00,823.37
2007-01-08,139317.28,2238.33,34.00,556.83
2007-01-09,139894.00,2238.48,28.00,322.60
2007-01-10,140892.00,2238.74,27.00,529.85
2007-01-11,141310.47,2238.85,25.00,234.62
2007-01-12,141812.00,2238.98,23.00,275.16
2007-01-13,142270.00,2239.10,23.00,253.21
2007-01-14,142573.81,2239.18,22.00,174.78
2007-01-15,142884.00,2239.26,22.00,177.99
2007-01-16,143230.47,2239.35,22.00,196.28
2007-01-17,143576.00,2239.44,22.00,195.33
2007-01-18,143888.00,2239.52,22.00,178.20
2007-01-19,144238.09,2239.61,22.00,197.41
2007-01-20,144541.91,2239.69,22.00,174.08
2007-01-21,144775.00,2239.75,22.00,138.42
2007-01-22,145009.09,2239.81,22.00,138.96
2007-01-23,145320.91,2239.89,22.00,178.81
2007-01-24,145633.00,2239.97,22.00,178.95
2007-01-25,145828.00,2240.02,22.00,119.91
2007-01-26,146062.00,2240.08,22.00,139.13
2007-01-27,146254.28,2240.13,22.00,117.84
2007-01-28,146559.00,2240.21,22.00,174.53
2007-01-29,146793.00,2240.27,22.00,138.88
2007-01-30,146793.00,2240.27,22.00,12.00
2007-01-31,146910.00,2240.30,22.00,99.55
2007-02-01,147144.58,2240.36,22.00,139.17
2007-02-02,147260.91,2240.39,22.00,79.55
2007-02-03,147417.00,2240.43,22.00,99.60
2007-02-04,147612.00,2240.48,22.00,119.21
2007-02-05,147807.00,2240.53,22.00,119.21
2007-02-06,148041.00,2240.59,22.00,138.88
2007-02-07,148197.28,2240.63,22.00,100.07
2007-02-08,148470.00,2240.70,22.00,159.10
2007-02-09,148704.00,2240.76,22.00,139.58
2007-02-10,149016.38,2240.84,22.00,179.09
2007-02-11,149367.00,2240.93,22.00,198.44
2007-02-12,149562.00,2240.98,22.00,119.91
2007-02-13,149835.00,2241.05,22.00,159.25
2007-02-14,150263.63,2241.16,22.00,237.96
2007-02-15,151240.00,2241.41,25.00,516.28
2007-02-16,152460.00,2241.72,29.00,643.60
2007-02-17,153490.00,2241.98,28.00,546.22
2007-02-18,154711.00,2242.29,28.00,642.23
2007-02-19,156020.20,2242.62,29.00,688.24
2007-02-20,157180.00,2242.91,31.00,615.20
2007-02-21,157900.00,2243.09,27.00,388.79
2007-02-22,158580.00,2243.26,25.00,367.06
2007-02-23,159140.00,2243.40,25.00,305.79
2007-02-24,159700.00,2243.54,23.00,304.98
2007-02-25,160219.70,2243.67,23.00,284.32
2007-02-26,160660.00,2243.78,23.00,244.28
2007-02-27,161027.70,2243.87,23.00,207.68
2007-02-28,161470.00,2243.98,23.00,245.29
2007-03-01,161830.00,2244.07,23.00,203.79
2007-03-02,162149.52,2244.15,23.00,183.39
2007-03-03,162473.00,2244.23,23.00,185.39
2007-03-04,162719.00,2244.29,23.00,146.33
2007-03-05,163040.69,2244.37,23.00,184.48
2007-03-06,163365.00,2244.45,23.00,187.41
2007-03-07,163730.00,2244.54,23.00,208.82
2007-03-08,164093.30,2244.63,23.00,208.09
2007-03-09,164380.00,2244.70,24.00,170.21
2007-03-10,165108.80,2244.88,24.00,393.37
2007-03-11,166738.00,2245.28,28.00,851.26
2007-03-12,171371.00,2246.41,38.00,2375.50
2007-03-13,173558.00,2246.94,33.00,1137.71
2007-03-14,175134.20,2247.32,29.00,826.14
2007-03-15,176216.00,2247.58,28.00,575.32
2007-03-16,177172.11,2247.81,28.00,510.89
2007-03-17,178254.00,2248.07,28.00,574.63
2007-03-18,180134.00,2248.52,28.00,978.43
2007-03-19,181982.00,2248.96,29.00,962.84
2007-03-20,183494.20,2249.32,30.00,794.27
2007-03-21,184586.00,2249.58,28.00,580.97
2007-03-22,185730.52,2249.85,28.00,607.23
2007-03-23,186832.11,2250.11,28.00,585.70
2007-03-24,190524.00,2250.98,34.00,1897.23
2007-03-25,194278.63,2251.86,37.00,1932.19
2007-03-26,196256.20,2252.32,33.00,1031.76
2007-03-27,197717.58,2252.66,31.00,769.89
2007-03-28,198793.00,2252.91,30.00,573.77
2007-03-29,199824.47,2253.15,28.00,550.61
2007-03-30,200771.73,2253.37,28.00,507.78
2007-03-31,201682.00,2253.58,28.00,489.17
2007-04-01,202544.00,2253.78,28.00,464.96
2007-04-02,203371.00,2253.97,27.00,447.15
2007-04-03,204062.33,2254.13,26.00,378.25
2007-04-04,204714.00,2254.28,26.00,357.85
2007-04-05,205326.00,2254.42,26.00,337.85
2007-04-06,206496.89,2254.69,26.00,620.35
2007-04-07,207410.00,2254.90,26.00,490.56
2007-04-08,208631.78,2255.18,26.00,646.18
2007-04-09,210513.11,2255.61,26.00,979.42
2007-04-10,211780.00,2255.90,27.00,670.72
2007-04-11,212836.44,2256.14,26.00,563.72
2007-04-12,213672.33,2256.33,25.00,452.03
2007-04-13,214420.00,2256.50,25.00,407.15
2007-04-14,215344.00,2256.71,25.00,496.06
2007-04-15,216092.86,2256.88,26.00,408.20
2007-04-16,216928.00,2257.07,26.00,452.06
2007-04-17,217632.00,2257.23,26.00,385.98
2007-04-18,218336.97,2257.39,26.00,383.09
2007-04-19,218955.00,2257.53,26.00,337.25
2007-04-20,219577.67,2257.67,26.00,339.63
2007-04-21,220195.11,2257.81,26.00,336.99
2007-04-22,220820.00,2257.95,26.00,340.75
2007-04-23,221436.00,2258.09,26.00,336.27
2007-04-24,222238.00,2258.27,26.00,430.05
2007-04-25,223128.00,2258.47,26.00,474.43
2007-04-26,224061.78,2258.68,27.00,497.30
2007-04-27,224878.92,2258.87,27.00,438.58
2007-04-28,226199.56,2259.16,27.00,692.42
2007-04-29,227270.00,2259.40,27.00,566.28
2007-04-30,228302.33,2259.63,27.00,547.07
2007-05-01,229420.88,2259.88,27.00,590.53
2007-05-02,230590.44,2260.14,27.00,616.25
2007-05-03,231715.98,2260.39,27.00,594.06
2007-05-04,232615.00,2260.59,27.00,479.85
2007-05-05,233335.00,2260.75,42.00,407.85
2007-05-06,234100.00,2260.92,64.00,454.57
2007-05-07,235045.33,2261.13,74.00,556.20
2007-05-08,236575.00,2261.47,77.00,856.12
2007-05-09,237935.00,2261.77,157.00,877.30
2007-05-10,238485.02,2261.89,435.00,754.72
2007-05-11,238530.00,2261.90,671.00,729.14
2007-05-12,238575.00,2261.91,678.00,728.78
2007-05-13,238755.00,2261.95,739.00,849.08
2007-05-14,238485.02,2261.89,736.00,612.35
2007-05-15,238438.91,2261.88,692.00,655.22
2007-05-16,238710.00,2261.94,704.00,810.63
2007-05-17,238800.00,2261.96,780.00,827.49
2007-05-18,238575.00,2261.91,815.00,704.28
2007-05-19,238575.00,2261.91,710.00,709.11
2007-05-20,238845.00,2261.97,630.00,769.89
2007-05-21,238575.00,2261.91,700.00,563.39
2007-05-22,238438.91,2261.88,635.00,570.18
2007-05-23,238438.91,2261.88,536.00,535.31
2007-05-24,238530.00,2261.90,509.00,556.45
2007-05-25,238710.00,2261.94,509.00,598.21
2007-05-26,238845.00,2261.97,563.00,631.29
2007-05-27,238935.00,2261.99,670.00,719.21
2007-05-28,238755.00,2261.95,645.00,553.79
2007-05-29,238620.00,2261.92,603.00,535.59
2007-05-30,238620.00,2261.92,621.00,621.32
2007-05-31,238710.00,2261.94,665.00,712.07
2007-06-01,238710.00,2261.94,695.00,693.18
2007-06-02,238980.00,2262.00,705.00,843.16
2007-06-03,238890.00,2261.98,923.00,879.85
2007-06-04,238485.02,2261.89,1045.00,842.41
2007-06-05,238346.67,2261.86,748.00,688.85
2007-06-06,238438.91,2261.88,461.00,513.43
2007-06-07,238438.91,2261.88,340.00,345.14
2007-06-08,238575.00,2261.91,311.00,384.88
2007-06-09,238620.00,2261.92,405.00,433.57
2007-06-10,238575.00,2261.91,411.00,396.46
2007-06-11,238575.00,2261.91,390.00,397.96
2007-06-12,238530.00,2261.90,359.00,347.26
2007-06-13,238485.02,2261.89,316.00,304.40
2007-06-14,238438.91,2261.88,273.00,260.68
2007-06-15,238620.00,2261.92,260.00,363.40
2007-06-16,238755.00,2261.95,250.00,328.72
2007-06-17,238890.00,2261.98,243.00,322.22
2007-06-18,238980.00,2262.00,239.00,296.55
2007-06-19,239070.00,2262.02,282.00,343.33
2007-06-20,239070.00,2262.02,305.00,323.36
2007-06-21,239070.00,2262.02,305.00,322.10
2007-06-22,238890.00,2261.98,301.00,228.63
2007-06-23,238800.00,2261.96,273.00,245.81
2007-06-24,238890.00,2261.98,225.00,284.02
2007-06-25,238935.00,2261.99,249.00,290.45
2007-06-26,238890.00,2261.98,280.00,276.59
2007-06-27,238620.00,2261.92,246.00,127.11
2007-06-28,238665.00,2261.93,208.00,245.88
2007-06-29,238800.00,2261.96,195.00,266.80
2007-06-30,238800.00,2261.96,175.00,175.23
2007-07-01,238755.00,2261.95,173.00,149.50
2007-07-02,238755.00,2261.95,170.00,170.36
2007-07-03,238800.00,2261.96,170.00,192.77
2007-07-04,238800.00,2261.96,170.00,170.21
2007-07-05,238755.00,2261.95,200.00,178.98
2007-07-06,238620.00,2261.92,221.00,155.20
2007-07-07,238346.67,2261.86,230.00,92.57
2007-07-08,238116.11,2261.81,238.00,123.74
2007-07-09,237845.00,2261.75,241.00,105.36
2007-07-10,237574.89,2261.69,256.00,122.15
2007-07-11,237215.11,2261.61,270.00,91.89
2007-07-12,236894.00,2261.54,270.00,110.19
2007-07-13,236530.00,2261.46,268.00,85.64
2007-07-14,236170.88,2261.38,268.00,87.88
2007-07-15,235720.00,2261.28,279.00,51.85
2007-07-16,235269.78,2261.18,284.00,56.34
2007-07-17,234910.00,2261.10,284.00,102.61
2007-07-18,234370.00,2260.98,289.00,13.59
2007-07-19,233965.98,2260.89,289.00,82.22
2007-07-20,233470.00,2260.78,287.00,35.17
2007-07-21,233020.00,2260.69,294.00,62.62
2007-07-22,232480.00,2260.56,299.00,22.78
2007-07-23,231895.00,2260.43,303.00,4.40
2007-07-24,231355.00,2260.31,307.00,30.73
2007-07-25,230905.00,2260.21,315.00,81.45
2007-07-26,230320.00,2260.08,319.00,17.62
2007-07-27,229735.00,2259.95,320.00,15.74
2007-07-28,229195.33,2259.83,317.00,37.59
2007-07-29,228655.00,2259.71,318.00,36.18
2007-07-30,228080.00,2259.57,319.00,17.46
2007-07-31,227450.00,2259.44,327.00,1.00
2007-08-01,226830.00,2259.30,341.00,38.77
2007-08-02,226154.45,2259.15,367.00,11.83
2007-08-03,225355.00,2258.97,430.00,11.54
2007-08-04,224360.00,2258.76,491.00,11.54
2007-08-05,223350.00,2258.52,523.00,3.33
2007-08-06,222415.11,2258.31,524.00,31.02
2007-08-07,221348.00,2258.07,516.00,11.54
2007-08-08,220375.55,2257.85,517.00,3.22
2007-08-09,219489.47,2257.65,487.00,21.54
2007-08-10,218600.00,2257.45,468.00,3.33
2007-08-11,217676.00,2257.24,469.00,3.33
2007-08-12,216796.00,2257.04,470.00,3.33
2007-08-13,215960.53,2256.85,475.00,28.49
2007-08-14,215079.47,2256.65,483.00,14.38
2007-08-15,214156.00,2256.44,508.00,18.26
2007-08-16,213100.00,2256.20,535.00,10.00
2007-08-17,212044.00,2255.96,565.00,10.00
2007-08-18,210856.89,2255.69,592.00,10.00
2007-08-19,209898.00,2255.47,600.00,73.67
2007-08-20,208896.00,2255.24,599.00,49.59
2007-08-21,207850.00,2255.00,598.00,23.05
2007-08-22,206804.00,2254.76,602.00,20.02
2007-08-23,205758.00,2254.52,597.00,14.09
2007-08-24,204671.00,2254.27,596.00,10.00
2007-08-25,203543.00,2254.01,622.00,10.00
2007-08-26,202458.00,2253.76,640.00,24.76
2007-08-27,201287.00,2253.49,644.00,10.00
2007-08-28,199997.00,2253.20,704.00,13.85
2007-08-29,198664.00,2252.89,783.00,20.69
2007-08-30,197073.00,2252.52,898.00,2.22
2007-08-31,195277.00,2252.10,1034.00,25.74
2007-09-01,193351.00,2251.64,1094.00,11.93
2007-09-02,191383.00,2251.17,1105.00,1.00
2007-09-03,189410.00,2250.69,1105.00,1.00
2007-09-04,187447.00,2250.25,1100.00,1.00
2007-09-05,185352.00,2249.76,1144.00,12.70
2007-09-06,183047.00,2249.21,1210.00,4.70
2007-09-07,180637.39,2248.64,1294.00,39.01
2007-09-08,178128.00,2248.04,1306.00,4.11
2007-09-09,175964.00,2247.52,1276.00,155.17
2007-09-10,173558.00,2246.94,1237.00,1.42
2007-09-11,171167.00,2246.36,1226.00,2.11
2007-09-12,168829.00,2245.79,1231.00,33.79
2007-09-13,166492.00,2245.22,1237.00,40.62
2007-09-14,164092.00,2244.63,1237.00,12.58
2007-09-15,161830.00,2244.07,1231.00,76.62
2007-09-16,159500.00,2243.49,1226.00,35.73
2007-09-17,157180.00,2242.91,1226.00,41.91
2007-09-18,154830.20,2242.32,1237.00,34.91
2007-09-19,152500.00,2241.73,1242.00,53.13
2007-09-20,150185.42,2241.14,1242.00,60.68
2007-09-21,147846.00,2240.54,1237.00,41.78
2007-09-22,145555.00,2239.95,1237.00,65.38
2007-09-23,143154.00,2239.33,1237.00,12.53
2007-09-24,140778.00,2238.71,1242.00,26.83
2007-09-25,138478.09,2238.11,1242.00,68.06
2007-09-26,136226.00,2237.52,1239.00,91.33
2007-09-27,133841.91,2236.89,1219.00,5.05
2007-09-28,131734.28,2236.33,1189.00,119.51
2007-09-29,129598.00,2235.76,1185.00,106.89
2007-09-30,127472.91,2235.19,1176.00,104.95
2007-10-01,125474.55,2234.65,1176.00,168.51
2007-10-02,123810.00,2234.20,1154.00,314.80
2007-10-03,122700.00,2233.90,1027.00,467.38
2007-10-04,121109.00,2233.47,894.00,91.88
2007-10-05,119606.00,2233.06,866.00,108.25
2007-10-06,118073.47,2232.64,887.00,114.36
2007-10-07,116766.00,2232.28,903.00,243.83
2007-10-08,115380.00,2231.90,918.00,219.24
2007-10-09,113718.00,2231.44,934.00,96.09
2007-10-10,112310.00,2231.05,939.00,229.14
2007-10-11,110716.09,2230.61,911.00,107.42
2007-10-12,109322.00,2230.22,882.00,179.16
2007-10-13,107750.00,2229.78,876.00,83.46
2007-10-14,106220.44,2229.35,886.00,114.86
2007-10-15,105760.00,2229.22,330.00,97.86
2007-10-16,105795.00,2229.24,38.00,55.65
2007-10-17,105900.00,2229.26,24.00,76.94
2007-10-18,106148.27,2229.33,24.00,149.17
2007-10-19,106544.00,2229.44,25.00,224.51
2007-10-20,106935.00,2229.55,25.00,222.13
2007-10-21,107397.82,2229.68,25.00,258.34
2007-10-22,107785.00,2229.79,25.00,220.20
2007-10-23,108432.00,2229.97,26.00,352.19
2007-10-24,108926.09,2230.11,26.00,275.10
2007-10-25,109286.00,2230.21,26.00,207.45
2007-10-26,109574.00,2230.29,26.00,171.20
2007-10-27,109826.53,2230.36,26.00,153.32
2007-10-28,109970.00,2230.40,26.00,98.33
2007-10-29,110110.00,2230.44,26.00,96.58
2007-10-30,110180.00,2230.46,26.00,61.29
2007-10-31,110215.00,2230.47,41.00,58.65
2007-11-01,110250.00,2230.48,50.00,67.65
2007-11-02,110320.00,2230.50,54.00,89.29
2007-11-03,110356.00,2230.51,58.00,76.15
2007-11-04,110392.00,2230.52,58.00,76.15
2007-11-05,110428.00,2230.53,60.00,78.15
2007-11-06,110464.00,2230.54,54.00,72.15
2007-11-07,110536.00,2230.56,44.00,80.30
2007-11-08,110572.00,2230.57,40.00,58.15
2007-11-09,110572.00,2230.57,38.00,38.00
2007-11-10,110720.00,2230.61,38.00,112.62
2007-11-11,110860.00,2230.65,33.00,103.58
2007-11-12,111260.00,2230.76,30.00,231.66
2007-11-13,111834.00,2230.92,30.00,319.39
2007-11-14,112019.00,2230.97,30.00,123.27
2007-11-15,112346.00,2231.06,49.00,213.86
2007-11-16,113246.09,2231.31,29.00,482.79
2007-11-17,114048.00,2231.53,28.00,432.29
2007-11-18,114912.00,2231.77,28.00,463.59
2007-11-19,115454.00,2231.92,28.00,301.25
2007-11-20,115858.00,2232.03,28.00,231.68
2007-11-21,116038.00,2232.08,28.00,118.75
2007-11-22,116325.65,2232.16,28.00,173.02
2007-11-23,116507.00,2232.21,28.00,119.43
2007-11-24,116876.09,2232.31,28.00,214.08
2007-11-25,116948.27,2232.33,28.00,64.39
2007-11-26,117272.00,2232.42,28.00,191.21
2007-11-27,117488.00,2232.48,28.00,136.90
2007-11-28,117782.00,2232.56,28.00,176.22
2007-11-29,117966.09,2232.61,28.00,120.81
2007-11-30,118002.18,2232.62,28.00,46.20
2007-12-01,118253.91,2232.69,28.00,154.91
2007-12-02,119131.00,2232.93,28.00,470.19
2007-12-03,121035.00,2233.45,29.00,988.92
2007-12-04,123477.09,2234.11,29.00,1260.20
2007-12-05,125216.00,2234.58,29.00,905.69
2007-12-06,126141.27,2234.83,29.00,495.48
2007-12-07,126844.00,2235.02,29.00,383.29
2007-12-08,127435.82,2235.18,29.00,327.37
2007-12-09,127769.00,2235.27,29.00,196.98
2007-12-10,128250.00,2235.40,29.00,271.50
2007-12-11,128472.00,2235.46,29.00,140.92
2007-12-12,128848.00,2235.56,29.00,218.56
2007-12-13,129147.46,2235.64,29.00,179.98
2007-12-14,129370.00,2235.70,29.00,141.20
2007-12-15,129824.18,2235.82,29.00,257.98
2007-12-16,130046.73,2235.88,29.00,141.20
2007-12-17,130386.00,2235.97,29.00,200.05
2007-12-18,130611.00,2236.03,29.00,142.44
2007-12-19,131059.54,2236.15,29.00,255.14
2007-12-20,131324.00,2236.22,29.00,162.33
2007-12-21,131287.00,2236.21,29.00,10.35
2007-12-22,131734.28,2236.33,29.00,254.50
2007-12-23,132454.00,2236.52,29.00,391.85
2007-12-24,132454.00,2236.52,29.00,29.00
2007-12-25,132864.28,2236.63,29.00,235.85
2007-12-26,133015.72,2236.67,29.00,105.35
2007-12-27,133278.00,2236.74,29.00,161.23
2007-12-28,133538.09,2236.81,29.00,160.13
2007-12-29,133728.56,2236.86,29.00,125.03
2007-12-30,134222.00,2236.99,29.00,277.77
2007-12-31,134297.00,2237.01,29.00,66.81
2008-01-01,134334.00,2237.02,29.00,47.65
2008-01-02,134556.00,2237.08,29.00,140.92
2008-01-03,134819.53,2237.15,29.00,161.86
2008-01-04,135048.00,2237.21,29.00,144.19
2008-01-05,135010.00,2237.20,29.00,9.84
2008-01-06,135162.00,2237.24,29.00,105.63
2008-01-07,135276.00,2237.27,29.00,86.47
2008-01-08,135580.47,2237.35,29.00,182.50
2008-01-09,136074.00,2237.48,29.00,277.82
2008-01-10,136264.00,2237.53,29.00,124.79
2008-01-11,136606.19,2237.62,30.00,202.52
2008-01-12,136948.00,2237.71,30.00,202.33
2008-01-13,137062.00,2237.74,30.00,87.47
2008-01-14,137328.09,2237.81,30.00,164.15
2008-01-15,137480.47,2237.85,30.00,106.82
2008-01-16,137518.56,2237.86,30.00,49.20
2008-01-17,137594.75,2237.88,30.00,68.41
2008-01-18,137865.00,2237.95,30.00,166.25
2008-01-19,137904.00,2237.96,30.00,49.66
2008-01-20,137982.00,2237.98,30.00,69.32
2008-01-21,138060.00,2238.00,30.00,69.32
2008-01-22,138021.00,2237.99,37.00,17.34
2008-01-23,138021.00,2237.99,54.00,54.00
2008-01-24,138098.00,2238.01,60.00,98.82
2008-01-25,138098.00,2238.01,49.00,49.00
2008-01-26,138250.00,2238.05,46.00,122.63
2008-01-27,138364.00,2238.08,46.00,103.47
2008-01-28,138516.19,2238.12,46.00,122.73
2008-01-29,139010.00,2238.25,41.00,289.96
2008-01-30,139278.19,2238.32,38.00,173.21
2008-01-31,139666.00,2238.42,38.00,233.52
2008-02-01,139856.00,2238.47,38.00,133.79
2008-02-02,139894.00,2238.48,38.00,57.16
2008-02-03,139970.00,2238.50,38.00,76.32
2008-02-04,140008.00,2238.51,38.00,57.16
2008-02-05,140544.52,2238.65,38.00,308.49
2008-02-06,140661.81,2238.68,39.00,98.13
2008-02-07,141082.00,2238.79,39.00,250.84
2008-02-08,142232.00,2239.09,39.00,618.78
2008-02-09,142194.00,2239.08,39.00,19.84
2008-02-10,142923.00,2239.27,39.00,406.53
2008-02-11,143078.09,2239.31,31.00,109.19
2008-02-12,143459.00,2239.41,28.00,220.04
2008-02-13,143693.00,2239.47,27.00,144.97
2008-02-14,143654.00,2239.46,26.00,6.34
2008-02-15,143888.00,2239.52,26.00,143.97
2008-02-16,144122.00,2239.58,26.00,143.97
2008-02-17,144314.28,2239.63,25.00,121.94
2008-02-18,144580.00,2239.70,25.00,158.97
2008-02-19,144658.00,2239.72,25.00,64.32
2008-02-20,144814.00,2239.76,25.00,103.65
2008-02-21,144970.00,2239.80,25.00,103.65
2008-02-22,145126.38,2239.84,24.00,102.84
2008-02-23,145282.77,2239.88,24.00,102.85
2008-02-24,145320.91,2239.89,24.00,43.23
2008-02-25,145594.00,2239.96,24.00,161.68
2008-02-26,145672.00,2239.98,24.00,63.32
2008-02-27,145828.00,2240.02,25.00,103.65
2008-02-28,146062.00,2240.08,25.00,142.97
2008-02-29,146405.72,2240.17,26.00,199.29
2008-03-01,146754.00,2240.26,26.00,201.59
2008-03-02,147105.48,2240.35,26.00,203.20
2008-03-03,147612.00,2240.48,27.00,282.37
2008-03-04,147963.00,2240.57,27.00,203.96
2008-03-05,148197.28,2240.63,27.00,145.11
2008-03-06,148509.00,2240.71,26.00,183.16
2008-03-07,148626.00,2240.74,25.00,83.99
2008-03-08,148899.09,2240.81,25.00,162.68
2008-03-09,149172.77,2240.88,25.00,162.98
2008-03-10,149445.00,2240.95,26.00,163.25
2008-03-11,149835.00,2241.05,26.00,222.62
2008-03-12,150147.28,2241.13,27.00,184.44
2008-03-13,150576.00,2241.24,27.00,243.14
2008-03-14,150927.28,2241.33,26.00,203.10
2008-03-15,151200.00,2241.40,26.00,163.49
2008-03-16,151480.00,2241.47,26.00,167.16
2008-03-17,151834.00,2241.56,26.00,204.47
2008-03-18,152184.52,2241.65,26.00,202.72
2008-03-19,152420.00,2241.71,26.00,144.72
2008-03-20,152700.00,2241.78,26.00,167.16
2008-03-21,152975.48,2241.85,26.00,164.89
2008-03-22,153170.00,2241.90,26.00,124.07
2008-03-23,153530.00,2241.99,26.00,207.50
2008-03-24,153843.00,2242.07,26.00,183.80
2008-03-25,154040.20,2242.12,26.00,125.42
2008-03-26,154319.91,2242.19,26.00,167.02
2008-03-27,154477.00,2242.23,25.00,104.20
2008-03-28,154790.09,2242.31,25.00,182.85
2008-03-29,154950.48,2242.35,25.00,105.86
2008-03-30,155190.00,2242.41,25.00,145.76
2008-03-31,155310.00,2242.44,25.00,85.50
2008-04-01,155470.00,2242.48,25.00,105.67
2008-04-02,154711.00,2242.29,427.00,44.34
2008-04-03,153726.00,2242.04,625.00,128.40
2008-04-04,153490.00,2241.98,172.00,53.02
2008-04-05,153648.00,2242.02,28.00,107.66
2008-04-06,153765.00,2242.05,28.00,86.99
2008-04-07,154000.09,2242.11,28.00,146.52
2008-04-08,154199.61,2242.16,28.00,128.59
2008-04-09,154279.80,2242.18,28.00,68.43
2008-04-10,154555.00,2242.25,28.00,166.74
2008-04-11,154633.00,2242.27,28.00,67.32
2008-04-12,154910.39,2242.34,29.00,168.85
2008-04-13,155310.00,2242.44,30.00,231.47
2008-04-14,156060.30,2242.63,32.00,410.27
2008-04-15,156780.09,2242.81,31.00,393.89
2008-04-16,157260.00,2242.93,31.00,272.95
2008-04-17,157780.00,2243.06,31.00,293.16
2008-04-18,158219.70,2243.17,108.00,329.68
2008-04-19,158460.00,2243.23,194.00,315.15
2008-04-20,158380.00,2243.21,262.00,221.67
2008-04-21,158259.80,2243.18,309.00,248.40
2008-04-22,158060.30,2243.13,305.00,204.42
2008-04-23,158139.52,2243.15,213.00,252.94
2008-04-24,158179.61,2243.16,189.00,209.21
2008-04-25,158179.61,2243.16,217.00,217.00
2008-04-26,157460.00,2242.98,496.00,133.20
2008-04-27,156820.20,2242.82,626.00,303.44
2008-04-28,156500.00,2242.74,435.00,273.57
2008-04-29,156940.48,2242.85,248.00,470.07
2008-04-30,157460.00,2242.98,209.00,470.92
2008-05-01,157620.00,2243.02,226.00,306.67
2008-05-02,157900.00,2243.09,246.00,387.16
2008-05-03,158060.30,2243.13,243.00,323.82
2008-05-04,158380.00,2243.21,257.00,418.18
2008-05-05,159300.00,2243.44,224.00,687.83
2008-05-06,160540.00,2243.75,193.00,818.16
2008-05-07,161790.00,2244.06,154.00,784.20
2008-05-08,163000.59,2244.36,122.00,732.33
2008-05-09,163890.00,2244.59,126.00,574.40
2008-05-10,164903.00,2244.84,139.00,649.71
2008-05-11,166010.00,2245.10,141.00,699.10
2008-05-12,167026.00,2245.35,138.00,650.23
2008-05-13,167927.00,2245.57,138.00,592.25
2008-05-14,169526.00,2245.97,124.00,930.15
2008-05-15,172150.00,2246.61,71.00,1393.91
2008-05-16,175757.00,2247.47,35.00,1853.50
2008-05-17,180302.00,2248.56,29.00,2320.40
2008-05-18,185014.00,2249.68,29.00,2404.60
2008-05-19,188867.00,2250.60,28.00,1970.53
2008-05-20,192525.00,2251.46,28.00,1872.21
2008-05-21,195224.00,2252.08,28.00,1388.73
2008-05-22,197245.00,2252.55,27.00,1045.91
2008-05-23,199008.00,2252.96,45.00,933.83
2008-05-24,200556.00,2253.33,81.00,861.44
2008-05-25,202895.00,2253.87,81.00,1260.23
2008-05-26,205412.00,2254.44,82.00,1350.97
2008-05-27,207936.00,2255.02,29.00,1301.50
2008-05-28,210513.00,2255.61,29.00,1328.22
2008-05-29,212968.00,2256.18,29.00,1266.71
2008-05-30,215168.00,2256.68,29.00,1138.15
2008-05-31,216928.00,2257.07,66.00,953.32
2008-06-01,218865.00,2257.51,91.00,1067.56
2008-06-02,220376.00,2257.85,159.00,920.78
2008-06-03,222150.00,2258.25,115.00,1009.38
2008-06-04,223798.22,2258.62,42.00,872.97
2008-06-05,225085.00,2258.91,164.00,812.74
2008-06-06,226289.78,2259.18,304.00,911.40
2008-06-07,227138.75,2259.37,304.00,732.02
2008-06-08,227810.00,2259.52,304.00,642.42
2008-06-09,228745.00,2259.73,333.00,804.39
2008-06-10,229510.00,2259.90,354.00,739.68
2008-06-11,230140.00,2260.04,350.00,667.62
2008-06-12,230679.56,2260.16,368.00,640.02
2008-06-13,231265.00,2260.29,387.00,682.16
2008-06-14,232030.00,2260.46,390.00,775.68
2008-06-15,232750.22,2260.62,392.00,755.11
2008-06-16,233470.00,2260.78,395.00,757.88
2008-06-17,234145.00,2260.93,397.00,737.31
2008-06-18,234505.00,2261.01,432.00,613.50
2008-06-19,235000.22,2261.12,364.00,613.67
2008-06-20,235720.00,2261.28,245.00,607.88
2008-06-21,236894.00,2261.54,247.00,838.88
2008-06-22,237845.00,2261.75,248.00,727.46
2008-06-23,238392.78,2261.87,359.00,635.17
2008-06-24,238485.02,2261.89,541.00,587.50
2008-06-25,238346.67,2261.86,654.00,584.25
2008-06-26,238162.22,2261.82,657.00,564.01
2008-06-27,238162.22,2261.82,660.00,660.00
2008-06-28,238438.91,2261.88,704.00,843.50
2008-06-29,238438.91,2261.88,881.00,881.00
2008-06-30,238392.78,2261.87,951.00,927.74
2008-07-01,238346.67,2261.86,892.00,868.75
2008-07-02,238392.78,2261.87,738.00,761.25
2008-07-03,238620.00,2261.92,660.00,774.56
2008-07-04,238438.91,2261.88,657.00,565.70
2008-07-05,238254.45,2261.84,583.00,490.00
2008-07-06,238254.45,2261.84,504.00,504.00
2008-07-07,237935.00,2261.77,484.00,322.95
2008-07-08,237845.00,2261.75,450.00,404.63
2008-07-09,237800.00,2261.74,383.00,360.31
2008-07-10,237710.00,2261.72,341.00,295.63
2008-07-11,237800.00,2261.74,311.00,356.37
2008-07-12,237665.00,2261.71,258.00,189.94
2008-07-13,237755.00,2261.73,226.00,271.37
2008-07-14,237800.00,2261.74,215.00,237.69
2008-07-15,237800.00,2261.74,213.00,213.00
2008-07-16,237755.00,2261.73,213.00,190.31
2008-07-17,237710.00,2261.72,213.00,190.31
2008-07-18,237620.00,2261.70,214.00,168.63
2008-07-19,237529.78,2261.68,214.00,168.51
2008-07-20,237394.45,2261.65,214.00,145.77
2008-07-21,237215.11,2261.61,217.00,126.58
2008-07-22,237215.11,2261.61,184.00,184.00
2008-07-23,237124.00,2261.59,153.00,107.07
2008-07-24,237078.00,2261.58,153.00,129.81
2008-07-25,236940.00,2261.55,153.00,83.43
2008-07-26,236848.00,2261.53,154.00,107.62
2008-07-27,236802.00,2261.52,154.00,130.81
2008-07-28,236710.00,2261.50,154.00,107.62
2008-07-29,236575.00,2261.47,154.00,85.94
2008-07-30,236485.00,2261.45,154.00,108.63
2008-07-31,236350.00,2261.42,140.00,71.94
2008-08-01,236395.00,2261.43,128.00,150.69
2008-08-02,236260.00,2261.40,113.00,44.94
2008-08-03,236170.88,2261.38,111.00,66.07
2008-08-04,236125.77,2261.37,107.00,84.26
2008-08-05,236035.55,2261.35,103.00,57.51
2008-08-06,235900.22,2261.32,103.00,34.77
2008-08-07,235810.00,2261.30,103.00,57.51
2008-08-08,235720.00,2261.28,103.00,57.63
2008-08-09,235675.00,2261.27,104.00,81.31
2008-08-10,235630.00,2261.26,104.00,81.31
2008-08-11,235495.00,2261.23,104.00,35.94
2008-08-12,235314.89,2261.19,104.00,13.20
2008-08-13,235224.67,2261.17,104.00,58.51
2008-08-14,235134.45,2261.15,106.00,60.51
2008-08-15,235045.33,2261.13,107.00,62.07
2008-08-16,234865.00,2261.09,111.00,20.08
2008-08-17,234730.00,2261.06,127.00,58.94
2008-08-18,234505.00,2261.01,145.00,31.56
2008-08-19,234460.00,2261.00,149.00,126.31
2008-08-20,234370.00,2260.98,145.00,99.63
2008-08-21,234280.00,2260.96,187.00,141.63
2008-08-22,233965.98,2260.89,216.00,57.68
2008-08-23,233470.00,2260.78,273.00,22.95
2008-08-24,232974.67,2260.67,323.00,73.27
2008-08-25,232390.00,2260.54,368.00,73.23
2008-08-26,231805.00,2260.41,392.00,97.07
2008-08-27,231175.00,2260.27,452.00,134.38
2008-08-28,230275.00,2260.07,560.00,106.26
2008-08-29,229150.22,2259.82,662.00,94.93
2008-08-30,227720.00,2259.50,748.00,26.94
2008-08-31,226199.56,2259.16,834.00,67.46
2008-09-01,224430.00,2258.78,922.00,29.86
2008-09-02,222640.66,2258.36,967.00,64.89
2008-09-03,220732.00,2257.93,1011.00,48.73
2008-09-04,218776.00,2257.49,1055.00,68.86
2008-09-05,216708.00,2257.02,1110.00,67.40
2008-09-06,214596.00,2256.54,1132.00,67.22
2008-09-07,212440.00,2256.05,1137.00,50.03
2008-09-08,210382.00,2255.58,1142.00,104.44
2008-09-09,208194.00,2255.08,1180.00,76.90
2008-09-10,205934.00,2254.56,1196.00,56.60
2008-09-11,203758.00,2254.06,1195.00,97.95
2008-09-12,201550.00,2253.55,1195.00,81.82
2008-09-13,199395.00,2253.05,1200.00,113.54
2008-09-14,197245.00,2252.55,1210.00,126.06
2008-09-15,194966.00,2252.02,1248.00,99.02
2008-09-16,192611.00,2251.47,1276.00,88.70
2008-09-17,190352.00,2250.94,1270.00,131.10
2008-09-18,188102.00,2250.41,1264.00,129.64
2008-09-19,185688.41,2249.84,1270.00,53.17
2008-09-20,183494.20,2249.32,1282.00,175.77
2008-09-21,181226.00,2248.78,1276.00,132.47
2008-09-22,179010.00,2248.25,1270.00,152.78
2008-09-23,176752.00,2247.71,1264.00,125.61
2008-09-24,174471.59,2247.16,1270.00,120.31
2008-09-25,172276.31,2246.63,1264.00,157.23
2008-09-26,170100.00,2246.10,1259.00,161.79
2008-09-27,167886.00,2245.56,1253.00,136.79
2008-09-28,165641.00,2245.01,1253.00,121.16
2008-09-29,163365.00,2244.45,1264.00,116.53
2008-09-30,161027.70,2243.87,1264.00,85.63
2008-10-01,158980.59,2243.36,1198.00,165.93
2008-10-02,156820.20,2242.82,1185.00,95.82
2008-10-03,155030.69,2242.37,1155.00,252.80
2008-10-04,153210.00,2241.91,1131.00,213.08
2008-10-05,151280.00,2241.42,1118.00,144.97
2008-10-06,149406.00,2240.94,1044.00,99.21
2008-10-07,147924.00,2240.56,920.00,172.84
2008-10-08,146481.91,2240.19,815.00,87.96
2008-10-09,145048.19,2239.82,795.00,72.18
2008-10-10,143693.00,2239.47,794.00,110.77
2008-10-11,142346.19,2239.12,789.00,109.99
2008-10-12,141006.00,2238.77,788.00,112.33
2008-10-13,139590.00,2238.40,783.00,69.11
2008-10-14,138250.00,2238.05,793.00,117.43
2008-10-15,137826.00,2237.94,320.00,106.24
2008-10-16,137865.00,2237.95,50.00,69.66
2008-10-17,137865.00,2237.95,50.00,50.00
2008-10-18,137826.00,2237.94,49.00,29.34
2008-10-19,137904.00,2237.96,49.00,88.32
2008-10-20,138021.00,2237.99,49.00,107.99
2008-10-21,138021.00,2237.99,49.00,49.00
2008-10-22,138098.00,2238.01,49.00,87.82
2008-10-23,138098.00,2238.01,49.00,49.00
2008-10-24,138174.00,2238.03,49.00,87.32
2008-10-25,138098.00,2238.01,49.00,10.68
2008-10-26,138098.00,2238.01,50.00,50.00
2008-10-27,138060.00,2238.00,50.00,30.84
2008-10-28,138136.00,2238.02,50.00,88.32
2008-10-29,138060.00,2238.00,71.00,32.68
2008-10-30,137982.00,2237.98,70.00,30.68
2008-10-31,137982.00,2237.98,62.00,62.00
2008-11-01,137982.00,2237.98,62.00,62.00
2008-11-02,137982.00,2237.98,62.00,62.00
2008-11-03,138098.00,2238.01,62.00,120.48
2008-11-04,138250.00,2238.05,48.00,124.63
2008-11-05,138326.00,2238.07,42.00,80.32
2008-11-06,139239.09,2238.31,42.00,502.34
2008-11-07,141348.56,2238.86,36.00,1099.51
2008-11-08,142611.91,2239.19,32.00,668.93
2008-11-09,143230.47,2239.35,32.00,343.85
2008-11-10,143888.00,2239.52,32.00,363.50
2008-11-11,144580.00,2239.70,32.00,380.88
2008-11-12,152819.09,2241.81,41.00,4194.81
2008-11-13,156540.00,2242.75,42.00,1917.93
2008-11-14,158219.70,2243.17,36.00,882.84
2008-11-15,159060.78,2243.38,35.00,459.04
2008-11-16,159780.00,2243.56,34.00,396.60
2008-11-17,160299.91,2243.69,33.00,295.12
2008-11-18,160740.00,2243.80,33.00,254.88
2008-11-19,161068.80,2243.88,33.00,198.77
2008-11-20,161550.00,2244.00,33.00,275.60
2008-11-21,162030.20,2244.12,33.00,275.10
2008-11-22,162309.91,2244.19,33.00,174.02
2008-11-23,162514.00,2244.24,33.00,135.89
2008-11-24,162840.20,2244.32,33.00,197.46
2008-11-25,162880.30,2244.33,33.00,53.22
2008-11-26,163242.00,2244.42,33.00,215.35
2008-11-27,163283.00,2244.43,33.00,53.67
2008-11-28,163730.00,2244.54,33.00,258.36
2008-11-29,163970.00,2244.60,33.00,154.00
2008-11-30,164380.00,2244.70,33.00,239.71
2008-12-01,164903.30,2244.83,33.00,296.83
2008-12-02,165231.00,2244.91,33.00,198.21
2008-12-03,165600.00,2245.00,33.00,219.03
2008-12-04,166090.20,2245.12,33.00,280.14
2008-12-05,166209.52,2245.15,33.00,93.16
2008-12-06,166492.00,2245.22,33.00,175.41
2008-12-07,167148.80,2245.38,34.00,365.13
2008-12-08,167394.00,2245.44,34.00,157.62
2008-12-09,167722.00,2245.52,34.00,199.36
2008-12-10,168009.00,2245.59,33.00,177.69
2008-12-11,168254.50,2245.65,33.00,156.77
2008-12-12,168829.00,2245.79,33.00,322.64
2008-12-13,169034.41,2245.84,33.00,136.56
2008-12-14,169280.00,2245.90,33.00,156.82
2008-12-15,169403.00,2245.93,34.00,96.01
2008-12-16,169731.00,2246.01,34.00,199.36
2008-12-17,170141.09,2246.11,34.00,240.75
2008-12-18,170468.91,2246.19,34.00,199.27
2008-12-19,170592.00,2246.22,34.00,96.06
2008-12-20,170920.00,2246.30,34.00,199.36
2008-12-21,171166.59,2246.36,34.00,158.32
2008-12-22,171207.70,2246.37,34.00,54.73
2008-12-23,171330.00,2246.40,34.00,95.66
2008-12-24,171699.00,2246.49,34.00,220.03
2008-12-25,171822.00,2246.52,34.00,96.01
2008-12-26,172192.11,2246.61,34.00,220.59
2008-12-27,172898.00,2246.78,34.00,389.88
2008-12-28,173348.91,2246.89,35.00,262.33
2008-12-29,173642.00,2246.96,35.00,182.76
2008-12-30,173768.00,2246.99,35.00,98.52
2008-12-31,174220.00,2247.10,35.00,262.88
2009-01-01,174927.00,2247.27,35.00,391.44
2009-01-02,175009.00,2247.29,35.00,76.34
2009-01-03,175092.11,2247.31,35.00,76.90
2009-01-04,175593.00,2247.43,35.00,287.53
2009-01-05,176048.00,2247.54,36.00,265.39
2009-01-06,177088.00,2247.79,37.00,561.33
2009-01-07,182990.00,2249.20,65.00,3040.55
2009-01-08,191030.00,2251.10,93.00,4146.44
2009-01-09,193384.47,2251.65,62.00,1249.03
2009-01-10,195138.00,2252.06,49.00,933.06
2009-01-11,196256.20,2252.32,47.00,610.75
2009-01-12,197374.00,2252.58,44.00,607.55
2009-01-13,198320.00,2252.80,44.00,520.93
2009-01-14,199180.00,2253.00,42.00,475.58
2009-01-15,199910.69,2253.17,41.00,409.38
2009-01-16,200513.11,2253.31,40.00,343.72
2009-01-17,201029.00,2253.43,40.00,300.09
2009-01-18,201550.00,2253.55,39.00,301.67
2009-01-19,201941.38,2253.64,39.00,236.32
2009-01-20,202329.00,2253.73,38.00,233.42
2009-01-21,202718.22,2253.82,38.00,234.23
2009-01-22,203113.00,2253.91,38.00,237.03
2009-01-23,203371.00,2253.97,38.00,168.07
2009-01-24,203672.00,2254.04,38.00,189.75
2009-01-25,203974.11,2254.11,38.00,190.31
2009-01-26,204325.89,2254.19,38.00,215.35
2009-01-27,204671.00,2254.27,38.00,211.99
2009-01-28,205020.53,2254.35,38.00,214.22
2009-01-29,205195.89,2254.39,38.00,126.41
2009-01-30,205498.00,2254.46,38.00,190.31
2009-01-31,205714.00,2254.51,38.00,146.90
2009-02-01,205846.00,2254.54,38.00,104.55
2009-02-02,205978.00,2254.57,38.00,104.55
2009-02-03,206196.20,2254.62,38.00,148.01
2009-02-04,206324.47,2254.65,33.00,97.67
2009-02-05,206540.00,2254.70,33.00,141.66
2009-02-06,206584.00,2254.71,33.00,55.18
2009-02-07,206848.00,2254.77,33.00,166.10
2009-02-08,206980.00,2254.80,33.00,99.55
2009-02-09,207109.31,2254.83,34.00,99.19
2009-02-10,207281.73,2254.87,34.00,120.93
2009-02-11,207454.00,2254.91,34.00,120.85
2009-02-12,207498.00,2254.92,34.00,56.18
2009-02-13,207630.00,2254.95,34.00,100.55
2009-02-14,207718.00,2254.97,34.00,78.37
2009-02-15,207850.00,2255.00,34.00,100.55
2009-02-16,207936.00,2255.02,34.00,77.36
2009-02-17,208022.00,2255.04,34.00,77.36
2009-02-18,208151.00,2255.07,34.00,99.04
2009-02-19,208237.00,2255.09,34.00,77.36
2009-02-20,208194.00,2255.08,34.00,12.32
2009-02-21,208324.11,2255.11,34.00,99.60
2009-02-22,208543.56,2255.16,34.00,144.64
2009-02-23,208587.67,2255.17,34.00,56.24
2009-02-24,209160.00,2255.30,35.00,323.55
2009-02-25,209289.31,2255.33,35.00,100.19
2009-02-26,209461.73,2255.37,35.00,121.93
2009-02-27,209461.73,2255.37,34.00,34.00
2009-02-28,209461.73,2255.37,34.00,34.00
2009-03-01,209810.00,2255.45,34.00,209.58
2009-03-02,209854.00,2255.46,34.00,56.18
2009-03-03,210206.00,2255.54,35.00,212.46
2009-03-04,210513.11,2255.61,36.00,190.83
2009-03-05,210988.00,2255.72,36.00,275.42
2009-03-06,211120.00,2255.75,35.00,101.55
2009-03-07,211340.00,2255.80,34.00,144.92
2009-03-08,211560.53,2255.85,34.00,145.18
2009-03-09,211735.89,2255.89,34.00,122.41
2009-03-10,211824.00,2255.91,34.00,78.42
2009-03-11,211912.00,2255.93,34.00,78.37
2009-03-12,211956.00,2255.94,34.00,56.18
2009-03-13,212088.00,2255.97,34.00,100.55
2009-03-14,212440.00,2256.05,34.00,211.46
2009-03-15,212660.00,2256.10,34.00,144.92
2009-03-16,212923.56,2256.16,34.00,166.88
2009-03-17,213188.00,2256.22,34.00,167.32
2009-03-18,213188.00,2256.22,34.00,34.00
2009-03-19,213364.00,2256.26,34.00,122.73
2009-03-20,213540.00,2256.30,34.00,122.73
2009-03-21,213628.22,2256.32,34.00,78.48
2009-03-22,213804.64,2256.36,34.00,122.94
2009-03-23,213848.75,2256.37,34.00,56.24
2009-03-24,214420.00,2256.50,34.00,322.00
2009-03-25,214684.00,2256.56,35.00,168.10
2009-03-26,214772.00,2256.58,35.00,79.37
2009-03-27,214948.22,2256.62,34.00,122.84
2009-03-28,215211.78,2256.68,35.00,167.88
2009-03-29,215344.00,2256.71,34.00,100.66
2009-03-30,215388.00,2256.72,34.00,56.18
2009-03-31,216136.97,2256.89,36.00,413.60
2009-04-01,216444.00,2256.96,36.00,190.79
2009-04-02,216972.00,2257.08,36.00,302.20
2009-04-03,217192.33,2257.13,37.00,148.08
2009-04-04,217323.56,2257.16,36.00,102.16
2009-04-05,217411.78,2257.18,36.00,80.48
2009-04-06,217588.00,2257.22,36.00,124.84
2009-04-07,217808.00,2257.27,37.00,147.92
2009-04-08,218204.64,2257.36,38.00,237.97
2009-04-09,218600.00,2257.45,52.00,251.32
2009-04-10,218865.00,2257.51,116.00,249.60
2009-04-11,219270.00,2257.60,85.00,289.18
2009-04-12,220330.44,2257.84,86.00,620.63
2009-04-13,220952.00,2257.98,88.00,401.37
2009-04-14,221615.33,2258.13,86.00,420.42
2009-04-15,221974.00,2258.21,85.00,265.83
2009-04-16,222415.11,2258.31,85.00,307.39
2009-04-17,222952.00,2258.43,85.00,355.68
2009-04-18,223485.00,2258.55,85.00,353.72
2009-04-19,224105.89,2258.69,86.00,399.03
2009-04-20,224933.06,2258.88,86.00,503.03
2009-04-21,226334.89,2259.19,88.00,794.75
2009-04-22,227945.00,2259.55,90.00,901.75
2009-04-23,229060.00,2259.80,88.00,650.14
2009-04-24,229825.00,2259.97,123.00,508.68
2009-04-25,230455.11,2260.11,147.00,464.68
2009-04-26,230905.00,2260.21,178.00,404.82
2009-04-27,231265.00,2260.29,241.00,422.50
2009-04-28,231580.66,2260.36,260.00,419.14
2009-04-29,231715.98,2260.39,261.00,329.22
2009-04-30,231850.00,2260.42,285.00,352.57
2009-05-01,231850.00,2260.42,300.00,300.00
2009-05-02,232165.00,2260.49,302.00,460.81
2009-05-03,232750.22,2260.62,303.00,598.04
2009-05-04,233380.00,2260.76,304.00,621.51
2009-05-05,234280.00,2260.96,308.00,761.74
2009-05-06,235224.67,2261.17,345.00,821.26
2009-05-07,235810.00,2261.30,597.00,892.10
2009-05-08,235810.00,2261.30,680.00,680.00
2009-05-09,235765.00,2261.29,608.00,585.31
2009-05-10,235900.22,2261.32,609.00,677.17
2009-05-11,236350.00,2261.42,610.00,836.76
2009-05-12,236530.00,2261.46,768.00,858.75
2009-05-13,236440.00,2261.44,889.00,843.63
2009-05-14,236170.88,2261.38,929.00,793.32
2009-05-15,235720.00,2261.28,973.00,745.68
2009-05-16,235179.56,2261.16,974.00,701.53
2009-05-17,235269.78,2261.18,975.00,1020.49
2009-05-18,235765.00,2261.29,1025.00,1274.67
2009-05-19,236260.00,2261.40,1092.00,1341.56
2009-05-20,235945.33,2261.33,1093.00,934.36
2009-05-21,235450.00,2261.22,1028.00,778.27
2009-05-22,235045.33,2261.13,966.00,761.98
2009-05-23,235000.22,2261.12,940.00,917.26
2009-05-24,235045.33,2261.13,930.00,952.74
2009-05-25,235179.56,2261.16,945.00,1012.67
2009-05-26,235134.45,2261.15,955.00,932.26
2009-05-27,235134.45,2261.15,885.00,885.00
2009-05-28,235314.89,2261.19,806.00,896.97
2009-05-29,235900.22,2261.32,805.00,1100.10
2009-05-30,236530.00,2261.46,840.00,1157.51
2009-05-31,236894.00,2261.54,866.00,1049.51
2009-06-01,237170.00,2261.60,870.00,1009.15
2009-06-02,237394.45,2261.65,836.00,949.16
2009-06-03,237574.89,2261.69,799.00,889.97
2009-06-04,237755.00,2261.73,748.00,838.80
2009-06-05,238346.67,2261.86,701.00,999.30
2009-06-06,238392.78,2261.87,760.00,783.25
2009-06-07,238162.22,2261.82,769.00,652.76
2009-06-08,238070.00,2261.80,601.00,554.51
2009-06-09,238254.45,2261.84,528.00,620.99
2009-06-10,238392.78,2261.87,526.00,595.74
2009-06-11,238485.02,2261.89,525.00,571.50
2009-06-12,238485.02,2261.89,524.00,524.00
2009-06-13,238530.00,2261.90,522.00,544.68
2009-06-14,238485.02,2261.89,521.00,498.32
2009-06-15,238392.78,2261.87,469.00,422.50
2009-06-16,238530.00,2261.90,412.00,481.18
2009-06-17,238485.02,2261.89,371.00,348.32
2009-06-18,238438.91,2261.88,349.00,325.75
2009-06-19,238575.00,2261.91,302.00,370.61
2009-06-20,238620.00,2261.92,280.00,302.69
2009-06-21,238530.00,2261.90,266.00,220.63
2009-06-22,238620.00,2261.92,247.00,292.37
2009-06-23,238575.00,2261.91,246.00,223.31
2009-06-24,238575.00,2261.91,245.00,245.00
2009-06-25,238530.00,2261.90,244.00,221.31
2009-06-26,238208.34,2261.83,243.00,80.83
2009-06-27,238162.22,2261.82,243.00,219.75
2009-06-28,238070.00,2261.80,243.00,196.51
2009-06-29,237890.00,2261.76,256.00,165.25
2009-06-30,237665.00,2261.71,244.00,130.56
2009-07-01,237529.78,2261.68,244.00,175.83
2009-07-02,237394.45,2261.65,223.00,154.77
2009-07-03,237260.22,2261.62,194.00,126.33
2009-07-04,237124.00,2261.59,194.00,125.32
2009-07-05,237032.00,2261.57,194.00,147.62
2009-07-06,236894.00,2261.54,194.00,124.43
2009-07-07,236665.00,2261.49,195.00,79.55
2009-07-08,236440.00,2261.44,195.00,81.56
2009-07-09,236260.00,2261.40,195.00,104.25
2009-07-10,236080.66,2261.36,195.00,104.58
2009-07-11,235855.11,2261.31,194.00,80.29
2009-07-12,235675.00,2261.27,194.00,103.20
2009-07-13,235450.00,2261.22,193.00,79.56
2009-07-14,235179.56,2261.16,193.00,56.66
2009-07-15,234910.00,2261.10,193.00,57.10
2009-07-16,234685.00,2261.05,192.00,78.56
2009-07-17,234415.00,2260.99,204.00,67.88
2009-07-18,234010.00,2260.90,218.00,13.82
2009-07-19,233695.33,2260.83,217.00,58.36
2009-07-20,233380.00,2260.76,220.00,61.02
2009-07-21,232974.67,2260.67,222.00,17.65
2009-07-22,232615.00,2260.59,222.00,40.67
2009-07-23,232255.00,2260.51,226.00,44.50
2009-07-24,231850.00,2260.42,249.00,44.82
2009-07-25,231490.00,2260.34,256.00,74.50
2009-07-26,231130.00,2260.26,257.00,75.50
2009-07-27,230679.56,2260.16,267.00,39.91
2009-07-28,230230.00,2260.06,282.00,55.35
2009-07-29,229735.00,2259.95,298.00,48.44
2009-07-30,229240.44,2259.84,303.00,53.66
2009-07-31,228700.00,2259.72,312.00,39.53
2009-08-01,228125.00,2259.59,323.00,33.11
2009-08-02,227540.00,2259.46,339.00,44.07
2009-08-03,226830.00,2259.30,372.00,14.05
2009-08-04,225975.00,2259.11,449.00,17.94
2009-08-05,224932.00,2258.88,553.00,27.16
2009-08-06,223754.00,2258.61,623.00,29.10
2009-08-07,222596.00,2258.35,593.00,9.18
2009-08-08,221525.00,2258.11,568.00,28.05
2009-08-09,220466.00,2257.87,552.00,18.10
2009-08-10,219445.00,2257.64,541.00,26.25
2009-08-11,218512.00,2257.43,543.00,72.62
2009-08-12,217456.00,2257.19,545.00,12.61
2009-08-13,216444.00,2256.96,546.00,35.79
2009-08-14,215520.00,2256.75,515.00,49.16
2009-08-15,214640.00,2256.55,512.00,68.34
2009-08-16,213628.22,2256.32,553.00,42.90
2009-08-17,212572.00,2256.08,586.00,53.50
2009-08-18,211340.00,2255.80,672.00,50.88
2009-08-19,209898.00,2255.47,783.00,56.00
2009-08-20,208455.36,2255.14,814.00,86.68
2009-08-21,206936.00,2254.79,815.00,49.00
2009-08-22,205369.00,2254.43,818.00,27.98
2009-08-23,203887.00,2254.09,816.00,68.84
2009-08-24,202415.00,2253.75,814.00,71.88
2009-08-25,200856.89,2253.39,817.00,31.46
2009-08-26,199352.00,2253.04,847.00,88.30
2009-08-27,197846.89,2252.69,883.00,124.18
2009-08-28,195998.00,2252.26,974.00,41.86
2009-08-29,194063.11,2251.81,1098.00,122.51
2009-08-30,191974.20,2251.32,1151.00,97.86
2009-08-31,189928.41,2250.84,1116.00,84.60
2009-09-01,188016.89,2250.39,1089.00,125.29
2009-09-02,186108.00,2249.94,1111.00,148.62
2009-09-03,184124.00,2249.47,1127.00,126.75
2009-09-04,182108.00,2248.99,1122.00,105.61
2009-09-05,180344.00,2248.57,1122.00,232.66
2009-09-06,178715.80,2248.18,1116.00,295.13
2009-09-07,177046.00,2247.78,1105.00,263.15
2009-09-08,175009.00,2247.29,1089.00,62.03
2009-09-09,173062.20,2246.82,1165.00,183.50
2009-09-10,170838.00,2246.28,1237.00,115.65
2009-09-11,168665.00,2245.75,1247.00,151.46
2009-09-12,166574.00,2245.24,1242.00,187.80
2009-09-13,164215.59,2244.66,1236.00,46.99
2009-09-14,162109.41,2244.14,1214.00,152.15
2009-09-15,159860.00,2243.58,1175.00,40.94
2009-09-16,157980.09,2243.11,1158.00,210.23
2009-09-17,155667.00,2242.53,1224.00,57.83
2009-09-18,153648.00,2242.02,1229.00,211.10
2009-09-19,151560.00,2241.49,1207.00,154.32
2009-09-20,149289.00,2240.91,1229.00,84.05
2009-09-21,147144.58,2240.36,1234.00,152.87
2009-09-22,144892.00,2239.78,1228.00,92.34
2009-09-23,142806.00,2239.24,1228.00,176.32
2009-09-24,140583.63,2238.66,1266.00,145.57
2009-09-25,138326.00,2238.07,1266.00,127.79
2009-09-26,136074.00,2237.48,1244.00,108.63
2009-09-27,133841.91,2236.89,1260.00,134.67
2009-09-28,131546.00,2236.28,1265.00,107.50
2009-09-29,129370.00,2235.70,1265.00,167.95
2009-09-30,127251.27,2235.13,1259.00,190.82
2009-10-01,124994.00,2234.52,1259.00,120.98
2009-10-02,122737.00,2233.91,1265.00,127.11
2009-10-03,120628.36,2233.34,1259.00,195.91
2009-10-04,118217.82,2232.68,1261.00,45.70
2009-10-05,116002.00,2232.07,1236.00,118.87
2009-10-06,113903.00,2231.49,1177.00,118.77
2009-10-07,111945.00,2230.95,1135.00,147.86
2009-10-08,109898.70,2230.38,1099.00,67.34
2009-10-09,107964.35,2229.84,1096.00,120.78
2009-10-10,105970.00,2229.28,1109.00,103.53
2009-10-11,103946.00,2228.71,1100.00,79.58
2009-10-12,102069.83,2228.18,1058.00,112.11
2009-10-13,100485.00,2227.73,945.00,145.99
2009-10-14,99294.91,2227.39,781.00,181.01
2009-10-15,98910.00,2227.28,221.00,26.94
2009-10-16,98840.00,2227.26,44.00,8.71
2009-10-17,98980.00,2227.30,43.00,113.58
2009-10-18,99015.09,2227.31,42.00,59.69
2009-10-19,99015.09,2227.31,43.00,43.00
2009-10-20,99050.17,2227.32,39.00,56.69
2009-10-21,99190.52,2227.36,30.00,100.76
2009-10-22,99225.60,2227.37,22.00,39.69
2009-10-23,99995.00,2227.59,24.00,411.90
2009-10-24,100169.48,2227.64,23.00,110.97
2009-10-25,100450.00,2227.72,32.00,173.43
2009-10-26,101685.00,2228.07,40.00,662.64
2009-10-27,102176.00,2228.21,40.00,287.54
2009-10-28,102428.00,2228.28,35.00,162.05
2009-10-29,102850.00,2228.40,38.00,250.76
2009-10-30,104340.17,2228.82,28.00,779.28
2009-10-31,106256.53,2229.36,24.00,990.15
2009-11-01,107146.09,2229.61,24.00,472.48
2009-11-02,107575.00,2229.73,24.00,240.24
2009-11-03,108036.53,2229.86,24.00,256.68
2009-11-04,108360.00,2229.95,25.00,188.08
2009-11-05,108680.00,2230.04,26.00,187.33
2009-11-06,109322.00,2230.22,26.00,349.67
2009-11-07,109790.44,2230.35,26.00,262.17
2009-11-08,110180.00,2230.46,26.00,222.40
2009-11-09,110716.09,2230.61,26.00,296.27
2009-11-10,110931.73,2230.67,26.00,134.72
2009-11-11,111328.00,2230.78,27.00,226.78
2009-11-12,111544.35,2230.84,27.00,136.07
2009-11-13,111908.00,2230.94,27.00,210.34
2009-11-14,112166.00,2231.01,27.00,157.07
2009-11-15,112454.00,2231.09,27.00,172.20
2009-11-16,112994.00,2231.24,27.00,299.25
2009-11-17,113570.00,2231.40,27.00,317.40
2009-11-18,114084.00,2231.54,28.00,287.14
2009-11-19,114876.00,2231.76,28.00,427.29
2009-11-20,115491.00,2231.93,28.00,338.06
2009-11-21,115750.00,2232.00,28.00,158.58
2009-11-22,116218.27,2232.13,28.00,264.08
2009-11-23,116729.00,2232.27,28.00,285.49
2009-11-24,117416.00,2232.46,28.00,374.36
2009-11-25,118181.73,2232.67,27.00,413.05
2009-11-26,119020.00,2232.90,26.00,448.62
2009-11-27,119787.09,2233.11,27.00,413.74
2009-11-28,120517.09,2233.31,26.00,394.04
2009-11-29,121109.00,2233.47,26.00,324.42
2009-11-30,121811.64,2233.66,26.00,380.24
2009-12-01,122330.00,2233.80,26.00,287.34
2009-12-02,122811.00,2233.93,25.00,267.50
2009-12-03,123070.00,2234.00,24.00,154.58
2009-12-04,123551.27,2234.13,24.00,266.64
2009-12-05,123995.00,2234.25,24.00,247.71
2009-12-06,124143.00,2234.29,24.00,98.62
2009-12-07,124365.45,2234.35,24.00,136.15
2009-12-08,124624.00,2234.42,24.00,154.35
2009-12-09,124772.00,2234.46,24.00,98.62
2009-12-10,124957.00,2234.51,24.00,117.27
2009-12-11,125216.00,2234.58,24.00,154.58
2009-12-12,125401.27,2234.63,23.00,116.41
2009-12-13,125511.64,2234.66,23.00,78.64
2009-12-14,125808.00,2234.74,23.00,172.41
2009-12-15,126067.09,2234.81,23.00,153.62
2009-12-16,126474.00,2234.92,23.00,228.15
2009-12-17,126770.00,2235.00,23.00,172.23
2009-12-18,126807.00,2235.01,23.00,41.65
2009-12-19,126807.00,2235.01,23.00,23.00
2009-12-20,126881.00,2235.03,24.00,61.31
2009-12-21,127066.00,2235.08,24.00,117.27
2009-12-22,127547.00,2235.21,24.00,266.50
2009-12-23,128139.63,2235.37,24.00,322.78
2009-12-24,128472.00,2235.46,23.00,190.57
2009-12-25,128546.00,2235.48,23.00,60.31
2009-12-26,128734.00,2235.53,23.00,117.78
2009-12-27,128848.00,2235.56,24.00,81.47
2009-12-28,129037.09,2235.61,23.00,118.33
2009-12-29,129258.73,2235.67,23.00,134.74
2009-12-30,129484.00,2235.73,23.00,136.57
2009-12-31,129824.18,2235.82,24.00,195.50
2010-01-01,130120.00,2235.90,23.00,172.14
2010-01-02,130500.00,2236.00,24.00,215.58
2010-01-03,130648.00,2236.04,24.00,98.62
2010-01-04,131211.91,2236.19,24.00,308.30
2010-01-05,131772.38,2236.34,24.00,306.57
2010-01-06,132190.00,2236.45,24.00,234.55
2010-01-07,132528.00,2236.54,24.00,194.41
2010-01-08,133167.00,2236.71,24.00,346.16
2010-01-09,133389.00,2236.77,24.00,135.92
2010-01-10,133426.00,2236.78,24.00,42.65
2010-01-11,133652.38,2236.84,24.00,138.13
2010-01-12,134222.00,2236.99,24.00,311.18
2010-01-13,134933.81,2237.18,24.00,382.87
2010-01-14,135466.19,2237.32,15.00,283.40
2010-01-15,136112.00,2237.49,12.00,337.59
2010-01-16,136757.63,2237.66,12.00,337.50
2010-01-17,137214.00,2237.78,12.00,242.08
2010-01-18,137631.91,2237.89,12.00,222.69
2010-01-19,138098.00,2238.01,12.00,246.98
2010-01-20,138667.63,2238.16,12.00,299.18
2010-01-21,139086.00,2238.27,12.00,222.93
2010-01-22,139512.77,2238.38,12.00,227.16
2010-01-23,139818.00,2238.46,12.00,165.88
2010-01-24,140428.19,2238.62,12.00,319.63
2010-01-25,140778.00,2238.71,12.00,188.36
2010-01-26,141082.00,2238.79,12.00,165.26
2010-01-27,141310.47,2238.85,12.00,127.19
2010-01-28,141617.00,2238.93,12.00,166.54
2010-01-29,141851.00,2238.99,12.00,129.97
2010-01-30,142156.00,2239.07,12.00,165.77
2010-01-31,142346.19,2239.12,12.00,107.89
2010-02-01,142650.00,2239.20,12.00,165.17
2010-02-02,142845.00,2239.25,12.00,110.31
2010-02-03,143078.09,2239.31,12.00,129.51
2010-02-04,143268.56,2239.36,12.00,108.03
2010-02-05,143693.00,2239.47,12.00,225.99
2010-02-06,143888.00,2239.52,12.00,110.31
2010-02-07,144161.00,2239.59,12.00,149.64
2010-02-08,144314.28,2239.63,12.00,89.28
2010-02-09,144503.81,2239.68,12.00,107.55
2010-02-10,144814.00,2239.76,12.00,168.39
2010-02-11,145204.58,2239.86,12.00,208.91
2010-02-12,145320.91,2239.89,12.00,70.65
2010-02-13,145789.00,2240.01,12.00,247.99
2010-02-14,146101.00,2240.09,12.00,169.30
2010-02-15,146443.81,2240.18,12.00,184.83
2010-02-16,146949.09,2240.31,13.00,267.74
2010-02-17,147300.00,2240.40,13.00,189.91
2010-02-18,147573.00,2240.47,13.00,150.64
2010-02-19,147963.00,2240.57,13.00,209.62
2010-02-20,148235.42,2240.64,13.00,150.34
2010-02-21,148509.00,2240.71,13.00,150.93
2010-02-22,148704.00,2240.76,13.00,111.31
2010-02-23,149055.48,2240.85,13.00,190.20
2010-02-24,149523.00,2240.97,13.00,248.70
2010-02-25,149718.00,2241.02,13.00,111.31
2010-02-26,150030.00,2241.10,13.00,170.30
2010-02-27,150380.91,2241.19,13.00,189.91
2010-02-28,150732.00,2241.28,13.00,190.01
2010-03-01,150966.38,2241.34,13.00,131.16
2010-03-02,151400.00,2241.45,13.00,231.61
2010-03-03,152029.09,2241.61,13.00,330.16
2010-03-04,152500.00,2241.73,13.00,250.41
2010-03-05,152897.28,2241.83,13.00,213.29
2010-03-06,153290.00,2241.93,13.00,210.99
2010-03-07,153687.00,2242.03,13.00,213.15
2010-03-08,154119.41,2242.14,13.00,231.00
2010-03-09,154438.00,2242.22,13.00,173.62
2010-03-10,154672.00,2242.28,13.00,130.97
2010-03-11,155390.00,2242.46,13.00,374.99
2010-03-12,155745.00,2242.55,13.00,191.98
2010-03-13,156020.20,2242.62,13.00,151.74
2010-03-14,156340.00,2242.70,13.00,174.23
2010-03-15,156580.00,2242.76,13.00,134.00
2010-03-16,156820.20,2242.82,13.00,134.10
2010-03-17,157140.00,2242.90,13.00,174.23
2010-03-18,157500.00,2242.99,13.00,194.50
2010-03-19,157700.00,2243.04,13.00,113.83
2010-03-20,157980.09,2243.11,13.00,154.21
2010-03-21,158420.00,2243.22,13.00,234.78
2010-03-22,158780.09,2243.31,13.00,194.54
2010-03-23,159180.00,2243.41,13.00,214.62
2010-03-24,159460.00,2243.48,13.00,154.16
2010-03-25,159940.00,2243.60,13.00,255.00
2010-03-26,160580.00,2243.76,13.00,335.66
2010-03-27,160904.41,2243.84,13.00,176.55
2010-03-28,161470.00,2243.98,13.00,298.15
2010-03-29,162391.00,2244.21,13.00,477.33
2010-03-30,162880.30,2244.33,13.00,259.69
2010-03-31,163365.00,2244.45,13.00,257.37
2010-04-01,163730.00,2244.54,13.00,197.02
2010-04-02,164297.80,2244.68,13.00,299.26
2010-04-03,164700.00,2244.78,13.00,215.77
2010-04-04,165067.70,2244.87,13.00,198.38
2010-04-05,165600.00,2245.00,13.00,281.36
2010-04-06,165764.00,2245.04,82.00,164.68
2010-04-07,166010.00,2245.10,281.00,405.02
2010-04-08,166329.80,2245.18,71.00,232.23
2010-04-09,166656.00,2245.26,18.00,182.46
2010-04-10,167066.59,2245.36,16.00,223.00
2010-04-11,167435.00,2245.45,16.00,201.74
2010-04-12,167804.00,2245.54,16.00,202.03
2010-04-13,167476.00,2245.46,180.00,14.64
2010-04-14,167435.00,2245.45,213.00,192.33
2010-04-15,167640.00,2245.50,52.00,155.35
2010-04-16,168050.00,2245.60,27.00,233.71
2010-04-17,168665.00,2245.75,17.00,327.06
2010-04-18,169485.00,2245.95,17.00,430.41
2010-04-19,170386.70,2246.17,17.00,471.60
2010-04-20,171863.00,2246.53,17.00,761.29
2010-04-21,173684.00,2246.97,18.00,936.07
2010-04-22,174804.00,2247.24,18.00,582.66
2010-04-23,175716.00,2247.46,57.00,516.79
2010-04-24,176545.59,2247.66,73.00,491.25
2010-04-25,177340.52,2247.85,28.00,428.77
2010-04-26,177960.00,2248.00,21.00,333.32
2010-04-27,178715.80,2248.18,21.00,402.04
2010-04-28,179548.80,2248.38,20.00,439.96
2010-04-29,180344.00,2248.57,21.00,421.91
2010-04-30,180974.00,2248.72,21.00,338.62
2010-05-01,181646.83,2248.88,25.00,364.21
2010-05-02,182402.00,2249.06,28.00,408.73
2010-05-03,183746.83,2249.38,29.00,707.01
2010-05-04,184628.00,2249.59,29.00,473.25
2010-05-05,185268.00,2249.74,29.00,351.66
2010-05-06,185772.61,2249.86,56.00,310.40
2010-05-07,186234.00,2249.97,72.00,304.61
2010-05-08,186661.00,2250.07,71.00,286.28
2010-05-09,187125.80,2250.18,70.00,304.33
2010-05-10,187630.00,2250.30,78.00,332.20
2010-05-11,188144.00,2250.42,102.00,361.14
2010-05-12,188738.00,2250.56,119.00,418.47
2010-05-13,189459.00,2250.73,118.00,481.50
2010-05-14,190481.00,2250.97,116.00,631.25
2010-05-15,191675.00,2251.25,117.00,718.97
2010-05-16,193127.00,2251.59,116.00,848.04
2010-05-17,195009.00,2252.03,114.00,1062.83
2010-05-18,197030.00,2252.50,94.00,1112.91
2010-05-19,198750.00,2252.90,83.00,950.15
2010-05-20,200040.00,2253.20,82.00,732.37
2010-05-21,200814.84,2253.38,113.00,503.64
2010-05-22,201287.00,2253.49,200.00,438.04
2010-05-23,201682.00,2253.58,200.00,399.14
2010-05-24,201941.38,2253.64,200.00,330.77
2010-05-25,202156.89,2253.69,200.00,308.65
2010-05-26,202938.75,2253.87,200.00,594.18
2010-05-27,203586.00,2254.02,198.00,524.32
2010-05-28,204628.00,2254.26,156.00,681.33
2010-05-29,205412.00,2254.44,127.00,522.26
2010-05-30,206153.11,2254.61,141.00,514.64
2010-05-31,207023.11,2254.81,151.00,589.62
2010-06-01,207850.00,2255.00,151.00,567.88
2010-06-02,209678.00,2255.42,144.00,1065.60
2010-06-03,211208.00,2255.77,110.00,881.36
2010-06-04,212528.00,2256.07,97.00,762.49
2010-06-05,213716.44,2256.34,123.00,722.16
2010-06-06,214948.22,2256.62,147.00,768.01
2010-06-07,215916.44,2256.84,155.00,643.14
2010-06-08,216884.00,2257.06,162.00,649.80
2010-06-09,218248.75,2257.37,180.00,868.05
2010-06-10,219225.00,2257.59,180.00,672.19
2010-06-11,220150.00,2257.80,180.00,646.35
2010-06-12,221084.00,2258.01,181.00,651.88
2010-06-13,222106.00,2258.24,181.00,696.25
2010-06-14,222908.00,2258.42,186.00,590.34
2010-06-15,223485.00,2258.55,197.00,487.90
2010-06-16,223798.22,2258.62,197.00,354.91
2010-06-17,224150.00,2258.70,198.00,375.35
2010-06-18,224395.00,2258.77,197.00,320.52
2010-06-19,224878.92,2258.87,197.00,440.97
2010-06-20,225490.00,2259.00,197.00,505.08
2010-06-21,225886.00,2259.09,197.00,396.65
2010-06-22,226380.00,2259.20,197.00,446.05
2010-06-23,226874.11,2259.31,197.00,446.11
2010-06-24,227405.00,2259.43,197.00,464.65
2010-06-25,227945.00,2259.55,196.00,468.25
2010-06-26,228302.33,2259.63,196.00,376.15
2010-06-27,228655.00,2259.71,196.00,373.80
2010-06-28,229015.00,2259.79,196.00,377.50
2010-06-29,229240.44,2259.84,196.00,309.66
2010-06-30,229420.88,2259.88,198.00,288.97
2010-07-01,229465.98,2259.89,198.00,220.74
2010-07-02,229465.98,2259.89,198.00,198.00
2010-07-03,229420.88,2259.88,198.00,175.26
2010-07-04,229420.88,2259.88,198.00,198.00
2010-07-05,229555.00,2259.91,198.00,265.62
2010-07-06,229510.00,2259.90,197.00,174.31
2010-07-07,229645.00,2259.93,197.00,265.06
2010-07-08,229645.00,2259.93,216.00,216.00
2010-07-09,229780.00,2259.96,195.00,263.06
2010-07-10,229825.00,2259.97,194.00,216.69
2010-07-11,229870.00,2259.98,194.00,216.69
2010-07-12,229735.00,2259.95,194.00,125.94
2010-07-13,229645.00,2259.93,194.00,148.63
2010-07-14,229510.00,2259.90,194.00,125.94
2010-07-15,229330.66,2259.86,194.00,103.58
2010-07-16,229150.22,2259.82,196.00,105.03
2010-07-17,229015.00,2259.79,198.00,129.83
2010-07-18,228790.00,2259.74,198.00,84.56
2010-07-19,228610.00,2259.70,198.00,107.25
2010-07-20,228346.44,2259.64,198.00,65.12
2010-07-21,228080.00,2259.58,203.00,68.67
2010-07-22,227630.00,2259.48,264.00,37.13
2010-07-23,227270.00,2259.40,305.00,123.50
2010-07-24,226740.00,2259.28,316.00,48.80
2010-07-25,226199.56,2259.16,315.00,42.53
2010-07-26,225666.00,2259.04,326.00,57.00
2010-07-27,225175.00,2258.93,329.00,81.46
2010-07-28,224608.00,2258.82,329.00,43.14
2010-07-29,224061.78,2258.68,329.00,53.62
2010-07-30,223440.00,2258.54,328.00,14.52
2010-07-31,222820.00,2258.40,328.00,15.42
2010-08-01,222238.00,2258.27,328.00,34.58
2010-08-02,221660.44,2258.14,328.00,36.82
2010-08-03,221040.00,2258.00,328.00,15.20
2010-08-04,220511.00,2257.88,328.00,61.30
2010-08-05,219886.00,2257.74,327.00,11.90
2010-08-06,219270.00,2257.60,327.00,16.44
2010-08-07,218732.00,2257.48,327.00,55.76
2010-08-08,218072.33,2257.33,341.00,8.42
2010-08-09,217455.89,2257.19,355.00,44.22
2010-08-10,216752.00,2257.03,361.00,6.13
2010-08-11,216048.75,2256.87,361.00,6.45
2010-08-12,215344.00,2256.71,375.00,19.69
2010-08-13,214596.00,2256.54,395.00,17.89
2010-08-14,213804.64,2256.36,423.00,24.03
2010-08-15,212967.67,2256.17,444.00,22.03
2010-08-16,212088.00,2255.97,460.00,16.51
2010-08-17,211252.00,2255.78,468.00,46.52
2010-08-18,210338.00,2255.57,476.00,15.20
2010-08-19,209418.63,2255.36,488.00,24.49
2010-08-20,208455.36,2255.14,501.00,15.36
2010-08-21,207542.00,2254.93,520.00,59.52
2010-08-22,206497.00,2254.69,542.00,15.15
2010-08-23,205369.00,2254.43,601.00,32.31
2010-08-24,204237.67,2254.17,633.00,62.63
2010-08-25,203070.00,2253.90,698.00,109.31
2010-08-26,201550.00,2253.55,799.00,32.68
2010-08-27,200040.00,2253.20,884.00,122.72
2010-08-28,198234.00,2252.78,961.00,50.49
2010-08-29,196428.63,2252.36,1022.00,111.81
2010-08-30,194450.00,2251.90,1105.00,107.46
2010-08-31,192912.00,2251.54,1171.00,395.60
2010-09-01,190946.00,2251.08,1182.00,190.82
2010-09-02,189119.48,2250.65,1127.00,206.14
2010-09-03,187083.69,2250.17,1110.00,83.64
2010-09-04,185142.00,2249.71,1127.00,148.08
2010-09-05,183116.00,2249.23,1138.00,116.57
2010-09-06,181310.00,2248.80,1138.00,227.49
2010-09-07,179588.91,2248.39,1133.00,265.30
2010-09-08,177878.00,2247.98,1149.00,286.43
2010-09-09,175964.00,2247.52,1171.00,206.04
2010-09-10,173892.00,2247.02,1209.00,164.38
2010-09-11,171740.00,2246.50,1220.00,135.05
2010-09-12,169690.00,2246.00,1215.00,181.47
2010-09-13,167599.00,2245.49,1209.00,154.80
2010-09-14,165518.00,2244.98,1209.00,159.84
2010-09-15,163406.00,2244.46,1209.00,144.22
2010-09-16,161590.00,2244.01,1209.00,293.45
2010-09-17,159540.00,2243.50,1182.00,148.47
2010-09-18,157740.00,2243.05,1144.00,236.51
2010-09-19,155940.00,2242.60,1149.00,241.51
2010-09-20,154319.91,2242.19,1077.00,260.22
2010-09-21,152975.48,2241.85,940.00,262.19
2010-09-22,151480.00,2241.47,885.00,131.04
2010-09-23,150030.00,2241.10,896.00,164.97
2010-09-24,148704.00,2240.76,890.00,221.48
2010-09-25,146949.09,2240.31,907.00,22.25
2010-09-26,145672.00,2239.98,918.00,274.14
2010-09-27,144276.19,2239.62,907.00,203.29
2010-09-28,142650.00,2239.20,901.00,81.14
2010-09-29,141158.09,2238.81,901.00,148.84
2010-09-30,139590.00,2238.40,896.00,105.43
2010-10-01,138098.00,2238.01,907.00,154.79
2010-10-02,136644.28,2237.63,912.00,179.09
2010-10-03,134933.81,2237.18,912.00,49.65
2010-10-04,133241.00,2236.73,912.00,58.55
2010-10-05,131398.00,2236.24,972.00,42.83
2010-10-06,129787.09,2235.81,982.00,169.84
2010-10-07,128102.54,2235.36,982.00,132.72
2010-10-08,126215.45,2234.85,976.00,24.61
2010-10-09,125068.00,2234.54,971.00,392.50
2010-10-10,124069.00,2234.27,954.00,450.34
2010-10-11,122811.00,2233.93,849.00,214.77
2010-10-12,121590.00,2233.60,792.00,176.42
2010-10-13,120336.00,2233.26,802.00,169.78
2010-10-14,119131.00,2232.93,771.00,162.41
2010-10-15,118623.00,2232.79,337.00,80.43
2010-10-16,118623.00,2232.79,73.00,110.31
2010-10-17,118586.00,2232.78,61.00,42.35
2010-10-18,118586.00,2232.78,60.00,60.00
2010-10-19,118549.00,2232.77,60.00,41.35
2010-10-20,118586.00,2232.78,61.00,79.65
2010-10-21,118586.00,2232.78,51.00,51.00
2010-10-22,118768.27,2232.83,48.00,139.89
2010-10-23,118732.18,2232.82,48.00,29.80
2010-10-24,119020.00,2232.90,48.00,193.11
2010-10-25,119498.00,2233.03,48.00,288.99
2010-10-26,119750.00,2233.10,49.00,176.05
2010-10-27,119897.46,2233.14,49.00,123.34
2010-10-28,120228.00,2233.23,49.00,215.64
2010-10-29,120444.00,2233.29,53.00,161.90
2010-10-30,120628.36,2233.34,60.00,152.95
2010-10-31,120924.00,2233.42,60.00,209.05
2010-11-01,122108.00,2233.74,61.00,657.92
2010-11-02,123551.27,2234.13,51.00,778.64
2010-11-03,124180.00,2234.30,42.00,358.98
2010-11-04,124365.45,2234.35,42.00,135.50
2010-11-05,125142.00,2234.56,42.00,433.50
2010-11-06,125660.00,2234.70,43.00,304.15
2010-11-07,126400.00,2234.90,43.00,416.08
2010-11-08,126770.00,2235.00,43.00,229.54
2010-11-09,127103.00,2235.09,43.00,210.89
2010-11-10,127472.91,2235.19,43.00,229.49
2010-11-11,127843.00,2235.29,43.00,229.58
2010-11-12,128065.45,2235.35,43.00,155.15
2010-11-13,128472.00,2235.46,43.00,247.97
2010-11-14,128620.00,2235.50,42.00,116.62
2010-11-15,130009.63,2235.87,42.00,742.59
2010-11-16,130984.28,2236.13,44.00,535.38
2010-11-17,132266.00,2236.47,43.00,689.19
2010-11-18,132901.44,2236.64,45.00,365.36
2010-11-19,133352.00,2236.76,44.00,271.15
2010-11-20,133728.56,2236.86,44.00,233.85
2010-11-21,134222.00,2236.99,44.00,292.77
2010-11-22,134706.19,2237.12,44.00,288.11
2010-11-23,135010.00,2237.20,43.00,196.17
2010-11-24,135086.00,2237.22,54.00,92.32
2010-11-25,135618.56,2237.36,58.00,326.50
2010-11-26,135808.00,2237.41,58.00,153.51
2010-11-27,135960.00,2237.45,58.00,134.63
2010-11-28,136150.00,2237.50,57.00,152.79
2010-11-29,136188.00,2237.51,50.00,69.16
2010-11-30,136910.00,2237.70,47.00,411.00
2010-12-01,136986.00,2237.72,47.00,85.32
2010-12-02,137100.00,2237.75,47.00,104.47
2010-12-03,137176.00,2237.77,47.00,85.32
2010-12-04,137328.09,2237.81,47.00,123.68
2010-12-05,137290.00,2237.80,47.00,27.80
2010-12-06,137404.28,2237.83,47.00,104.62
2010-12-07,137594.00,2237.88,47.00,142.82
2010-12-08,137826.00,2237.94,47.00,164.17
2010-12-09,138136.00,2238.02,47.00,203.57
2010-12-10,138554.28,2238.13,47.00,200.41
2010-12-11,139162.00,2238.29,47.00,353.39
2010-12-12,140544.52,2238.65,48.00,745.01
2010-12-13,142845.00,2239.25,50.00,1209.81
2010-12-14,144736.00,2239.74,47.00,1000.37
2010-12-15,145516.00,2239.94,44.00,437.24
2010-12-16,146216.19,2240.12,41.00,394.01
2010-12-17,146793.00,2240.27,41.00,331.80
2010-12-18,147378.00,2240.42,41.00,335.93
2010-12-19,147651.00,2240.49,41.00,178.64
2010-12-20,147924.00,2240.56,41.00,178.64
2010-12-21,148313.63,2240.66,41.00,237.44
2010-12-22,148548.00,2240.72,41.00,159.16
2010-12-23,148860.00,2240.80,41.00,198.30
2010-12-24,149133.67,2240.87,41.00,178.97
2010-12-25,149289.00,2240.91,41.00,119.31
2010-12-26,149601.00,2240.99,41.00,198.30
2010-12-27,150108.19,2241.12,41.00,296.70
2010-12-28,150380.91,2241.19,41.00,178.49
2010-12-29,150654.00,2241.26,41.00,178.68
2010-12-30,150732.00,2241.28,41.00,80.32
2010-12-31,150966.38,2241.34,41.00,159.16
2011-01-01,150927.28,2241.33,41.00,21.29
2011-01-02,151122.77,2241.38,41.00,139.56
2011-01-03,151200.00,2241.40,41.00,79.94
2011-01-04,151400.00,2241.45,40.00,140.83
2011-01-05,151678.00,2241.52,41.00,181.16
2011-01-06,152184.52,2241.65,41.00,296.37
2011-01-07,152819.09,2241.81,41.00,360.92
2011-01-08,153330.00,2241.94,41.00,298.58
2011-01-09,153882.00,2242.08,41.00,319.30
2011-01-10,154119.41,2242.14,39.00,158.69
2011-01-11,154360.00,2242.20,84.00,205.30
2011-01-12,155190.00,2242.41,67.00,485.45
2011-01-13,156179.61,2242.66,41.00,539.92
2011-01-14,158259.80,2243.18,44.00,1092.75
2011-01-15,161027.70,2243.87,46.00,1441.46
2011-01-16,168829.00,2245.79,65.00,3998.10
2011-01-17,175922.00,2247.51,66.00,3642.00
2011-01-18,178673.69,2248.17,50.00,1437.29
2011-01-19,180302.00,2248.56,43.00,863.93
2011-01-20,181520.52,2248.85,41.00,655.33
2011-01-21,183074.00,2249.22,41.00,824.20
2011-01-22,184292.00,2249.51,42.00,656.07
2011-01-23,185184.00,2249.72,40.00,489.71
2011-01-24,186360.00,2250.00,40.00,632.89
2011-01-25,187504.00,2250.27,42.00,618.76
2011-01-26,188523.00,2250.51,41.00,554.74
2011-01-27,189502.00,2250.74,40.00,533.57
2011-01-28,190438.00,2250.96,40.00,511.89
2011-01-29,191632.00,2251.24,40.00,641.97
2011-01-30,192611.00,2251.47,40.00,533.57
2011-01-31,193427.58,2251.66,40.00,451.69
2011-02-01,194106.20,2251.82,39.00,381.13
2011-02-02,194665.00,2251.95,39.00,320.72
2011-02-03,195524.47,2252.15,38.00,471.31
2011-02-04,197116.00,2252.52,40.00,842.38
2011-02-05,198406.20,2252.82,41.00,691.47
2011-02-06,199739.31,2253.13,40.00,712.10
2011-02-07,200986.00,2253.42,43.00,671.53
2011-02-08,201984.47,2253.65,42.00,545.39
2011-02-09,202718.22,2253.82,40.00,409.93
2011-02-10,203414.00,2253.98,40.00,390.78
2011-02-11,203887.00,2254.09,40.00,278.47
2011-02-12,204976.44,2254.34,40.00,589.25
2011-02-13,205369.00,2254.43,41.00,238.91
2011-02-14,206110.00,2254.60,40.00,413.58
2011-02-15,206540.00,2254.70,73.00,289.79
2011-02-16,207023.11,2254.81,66.00,309.56
2011-02-17,207410.00,2254.90,53.00,248.05
2011-02-18,207718.00,2254.97,53.00,208.28
2011-02-19,208022.00,2255.04,53.00,206.26
2011-02-20,208280.00,2255.10,54.00,184.07
2011-02-21,208675.89,2255.19,52.00,251.59
2011-02-22,209332.42,2255.34,51.00,382.00
2011-02-23,209766.00,2255.44,51.00,269.59
2011-02-24,209986.00,2255.49,51.00,161.92
2011-02-25,210206.00,2255.54,51.00,161.92
2011-02-26,210294.00,2255.56,51.00,95.37
2011-02-27,211032.00,2255.73,51.00,423.07
2011-02-28,211648.75,2255.87,51.00,361.94
2011-03-01,211956.00,2255.94,51.00,205.90
2011-03-02,212132.00,2255.98,51.00,139.73
2011-03-03,212396.00,2256.04,51.00,184.10
2011-03-04,212396.00,2256.04,51.00,51.00
2011-03-05,212748.22,2256.12,51.00,228.57
2011-03-06,212879.47,2256.15,51.00,117.17
2011-03-07,212967.67,2256.17,51.00,95.47
2011-03-08,213232.00,2256.23,51.00,184.26
2011-03-09,213848.75,2256.37,51.00,361.94
2011-03-10,214376.00,2256.49,52.00,317.82
2011-03-11,214464.00,2256.51,53.00,97.37
2011-03-12,214640.00,2256.55,52.00,140.73
2011-03-13,215036.44,2256.64,52.00,251.87
2011-03-14,215123.56,2256.66,52.00,95.92
2011-03-15,215608.00,2256.77,52.00,296.23
2011-03-16,215740.00,2256.80,53.00,119.55
2011-03-17,215916.44,2256.84,53.00,141.95
2011-03-18,216532.00,2256.98,53.00,363.34
2011-03-19,216620.00,2257.00,53.00,97.37
2011-03-20,216928.00,2257.07,53.00,208.28
2011-03-21,217016.00,2257.09,53.00,97.37
2011-03-22,217192.33,2257.13,53.00,141.90
2011-03-23,217500.00,2257.20,53.00,208.11
2011-03-24,217544.00,2257.21,52.00,74.18
2011-03-25,218072.33,2257.33,53.00,319.36
2011-03-26,218468.00,2257.42,53.00,252.48
2011-03-27,218688.00,2257.47,53.00,163.92
2011-03-28,218865.00,2257.51,53.00,142.24
2011-03-29,219665.89,2257.69,53.00,456.78
2011-03-30,221749.56,2258.16,65.00,1115.50
2011-03-31,226695.00,2259.27,81.00,2574.29
2011-04-01,229600.00,2259.92,67.00,1531.58
2011-04-02,231310.00,2260.30,295.00,1157.11
2011-04-03,231175.00,2260.27,765.00,696.94
2011-04-04,231130.00,2260.26,879.00,856.31
2011-04-05,230679.56,2260.16,878.00,650.91
2011-04-06,230050.00,2260.02,877.00,559.60
2011-04-07,229015.00,2259.79,871.00,349.20
2011-04-08,227990.00,2259.56,864.00,347.24
2011-04-09,226918.22,2259.32,863.00,322.65
2011-04-10,225930.00,2259.10,863.00,364.78
2011-04-11,225085.00,2258.91,804.00,377.99
2011-04-12,224185.00,2258.71,713.00,259.26
2011-04-13,223665.00,2258.59,609.00,346.84
2011-04-14,223260.00,2258.50,577.00,372.82
2011-04-15,222640.66,2258.36,576.00,263.75
2011-04-16,222018.00,2258.22,576.00,262.08
2011-04-17,221525.11,2258.11,575.00,326.50
2011-04-18,220908.00,2257.97,574.00,262.88
2011-04-19,220062.00,2257.78,672.00,245.48
2011-04-20,219180.00,2257.58,671.00,226.33
2011-04-21,218468.00,2257.42,613.00,254.04
2011-04-22,217764.00,2257.26,535.00,180.07
2011-04-23,217367.67,2257.17,434.00,234.19
2011-04-24,217104.11,2257.11,394.00,261.12
2011-04-25,217104.11,2257.11,393.00,393.00
2011-04-26,216840.00,2257.05,396.00,262.85
2011-04-27,216840.00,2257.05,392.00,392.00
2011-04-28,216620.00,2257.00,387.00,276.08
2011-04-29,216312.00,2256.93,387.00,231.72
2011-04-30,216004.64,2256.86,386.00,231.04
2011-05-01,215784.11,2256.81,386.00,274.82
2011-05-02,215784.11,2256.81,386.00,386.00
2011-05-03,215696.00,2256.79,385.00,340.58
2011-05-04,215564.00,2256.76,385.00,318.45
2011-05-05,215476.00,2256.74,385.00,340.63
2011-05-06,215520.00,2256.75,385.00,407.18
2011-05-07,215608.00,2256.77,384.00,428.37
2011-05-08,215740.00,2256.80,384.00,450.55
2011-05-09,215828.22,2256.82,384.00,428.48
2011-05-10,216048.75,2256.87,387.65,494.18
2011-05-11,216488.00,2256.97,383.00,604.45
2011-05-12,217016.00,2257.09,358.00,624.20
2011-05-13,217500.00,2257.20,313.00,557.01
2011-05-14,218512.00,2257.43,314.00,824.21
2011-05-15,222685.77,2258.37,227.00,2331.25
2011-05-16,225175.00,2258.93,195.00,1449.97
2011-05-17,225930.00,2259.10,455.00,835.64
2011-05-18,226110.44,2259.14,622.00,712.97
2011-05-19,226289.78,2259.18,623.00,713.42
2011-05-20,226650.00,2259.26,624.00,805.61
2011-05-21,227138.75,2259.37,684.00,930.41
2011-05-22,227360.00,2259.42,725.00,836.55
2011-05-23,227450.00,2259.44,736.00,781.37
2011-05-24,227315.00,2259.41,737.00,668.94
2011-05-25,227495.00,2259.45,738.00,828.75
2011-05-26,227720.00,2259.50,664.00,777.44
2011-05-27,228170.00,2259.60,517.00,743.87
2011-05-28,228655.00,2259.71,358.00,602.52
2011-05-29,229285.55,2259.85,299.00,616.90
2011-05-30,229825.00,2259.97,300.00,571.97
2011-05-31,230905.00,2260.21,304.00,848.49
2011-06-01,232075.00,2260.47,305.00,894.87
2011-06-02,232974.67,2260.67,365.00,818.58
2011-06-03,233650.22,2260.82,440.00,780.58
2011-06-04,234325.00,2260.97,469.00,809.20
2011-06-05,235134.45,2261.15,507.00,915.09
2011-06-06,236035.55,2261.35,575.00,1029.30
2011-06-07,236710.00,2261.50,800.00,1140.03
2011-06-08,236802.00,2261.52,935.00,981.38
2011-06-09,236665.00,2261.49,881.00,811.93
2011-06-10,236802.00,2261.52,823.00,892.07
2011-06-11,236940.00,2261.55,823.00,892.57
2011-06-12,236710.00,2261.50,824.00,708.04
2011-06-13,236848.00,2261.53,765.00,834.57
2011-06-14,236986.00,2261.56,661.00,730.57
2011-06-15,237124.00,2261.59,587.00,656.57
2011-06-16,237350.44,2261.64,534.00,648.16
2011-06-17,237439.56,2261.66,499.00,543.93
2011-06-18,237665.00,2261.71,479.00,592.66
2011-06-19,237890.00,2261.76,550.00,663.44
2011-06-20,237890.00,2261.76,682.00,682.00
2011-06-21,237800.00,2261.74,778.00,732.63
2011-06-22,237710.00,2261.72,814.00,768.63
2011-06-23,237620.00,2261.70,769.00,723.63
2011-06-24,237484.67,2261.67,675.00,606.77
2011-06-25,237484.67,2261.67,559.00,559.00
2011-06-26,237574.89,2261.69,461.00,506.49
2011-06-27,237890.00,2261.76,410.00,568.87
2011-06-28,238392.78,2261.87,398.00,651.48
2011-06-29,238485.02,2261.89,599.00,645.50
2011-06-30,238392.78,2261.87,724.00,677.50
2011-07-01,238254.45,2261.84,561.00,491.26
2011-07-02,238392.78,2261.87,477.00,546.74
2011-07-03,238300.56,2261.85,569.00,522.51
2011-07-04,238116.11,2261.81,587.00,494.01
2011-07-05,237980.00,2261.78,518.00,449.38
2011-07-06,238070.00,2261.80,487.00,532.37
2011-07-07,238116.11,2261.81,487.00,510.25
2011-07-08,238116.11,2261.81,490.00,490.00
2011-07-09,237980.00,2261.78,450.00,381.38
2011-07-10,238025.00,2261.79,303.00,325.69
2011-07-11,238162.22,2261.82,272.00,341.18
2011-07-12,238438.91,2261.88,271.00,410.50
2011-07-13,238438.91,2261.88,271.00,271.00
2011-07-14,238530.00,2261.90,270.00,315.92
2011-07-15,238665.00,2261.93,270.00,338.06
2011-07-16,238755.00,2261.95,301.00,346.37
2011-07-17,238575.00,2261.91,325.00,234.25
2011-07-18,238575.00,2261.91,352.00,352.00
2011-07-19,238438.91,2261.88,377.00,308.39
2011-07-20,238438.91,2261.88,285.00,285.00
2011-07-21,238665.00,2261.93,219.00,332.99
2011-07-22,238665.00,2261.93,219.00,219.00
2011-07-23,238755.00,2261.95,219.00,264.37
2011-07-24,238755.00,2261.95,218.00,218.00
2011-07-25,238800.00,2261.96,260.00,282.69
2011-07-26,238620.00,2261.92,314.00,223.25
2011-07-27,238530.00,2261.90,282.00,236.63
2011-07-28,238485.02,2261.89,220.00,197.32
2011-07-29,238485.02,2261.89,188.00,188.00
2011-07-30,238530.00,2261.90,163.00,185.68
2011-07-31,238620.00,2261.92,142.00,187.37
2011-08-01,238575.00,2261.91,132.00,109.31
2011-08-02,238575.00,2261.91,131.00,131.00
2011-08-03,238575.00,2261.91,147.00,147.00
2011-08-04,238438.91,2261.88,169.00,100.39
2011-08-05,238392.78,2261.87,176.00,152.74
2011-08-06,238254.45,2261.84,176.00,106.26
2011-08-07,238116.11,2261.81,175.00,105.25
2011-08-08,237980.00,2261.78,175.00,106.38
2011-08-09,237755.00,2261.73,180.00,66.56
2011-08-10,237574.89,2261.69,185.00,94.20
2011-08-11,237350.44,2261.64,182.00,68.84
2011-08-12,237124.00,2261.59,184.00,69.84
2011-08-13,236802.00,2261.52,184.00,21.66
2011-08-14,236575.00,2261.47,183.00,68.56
2011-08-15,236350.00,2261.42,183.00,69.56
2011-08-16,236081.00,2261.36,183.00,47.14
2011-08-17,235765.00,2261.29,183.00,23.40
2011-08-18,235450.00,2261.22,203.00,44.19
2011-08-19,234955.11,2261.11,316.00,66.50
2011-08-20,234325.00,2260.97,383.00,65.32
2011-08-21,233740.44,2260.84,383.00,88.29
2011-08-22,232974.67,2260.67,443.00,56.93
2011-08-23,232120.00,2260.48,527.00,96.11
2011-08-24,231040.00,2260.24,621.00,76.51
2011-08-25,229735.00,2259.95,720.00,62.07
2011-08-26,228302.33,2259.63,816.00,93.71
2011-08-27,226650.00,2259.26,898.00,64.96
2011-08-28,224933.06,2258.88,938.00,72.39
2011-08-29,223040.00,2258.45,994.00,39.60
2011-08-30,221128.00,2258.02,1072.00,108.05
2011-08-31,219135.00,2257.57,1112.00,107.21
2011-09-01,217148.22,2257.12,1103.00,101.35
2011-09-02,215036.44,2256.64,1122.00,57.33
2011-09-03,213011.78,2256.18,1157.00,136.25
2011-09-04,210900.00,2255.70,1159.00,94.33
2011-09-05,208852.00,2255.23,1139.00,106.48
2011-09-06,206716.00,2254.74,1146.00,69.12
2011-09-07,204585.00,2254.25,1192.00,117.64
2011-09-08,202372.00,2253.74,1233.00,117.30
2011-09-09,200126.00,2253.22,1235.00,102.66
2011-09-10,197890.00,2252.70,1231.00,103.70
2011-09-11,195783.00,2252.21,1228.00,165.74
2011-09-12,193513.80,2251.68,1230.00,85.96
2011-09-13,191159.31,2251.13,1265.00,77.96
2011-09-14,188695.00,2250.55,1294.00,51.60
2011-09-15,186446.00,2250.02,1282.00,148.15
2011-09-16,184040.00,2249.45,1282.00,68.99
2011-09-17,181772.00,2248.91,1294.00,150.57
2011-09-18,179882.00,2248.46,1288.00,335.14
2011-09-19,177424.72,2247.87,1259.00,20.14
2011-09-20,175218.41,2247.34,1265.00,152.67
2011-09-21,172898.00,2246.78,1276.00,106.14
2011-09-22,170510.00,2246.20,1270.00,66.07
2011-09-23,168377.80,2245.68,1270.00,195.03
2011-09-24,166090.20,2245.12,1282.00,128.69
2011-09-25,163690.00,2244.53,1282.00,71.92
2011-09-26,161710.00,2244.04,1282.00,283.76
2011-09-27,159580.00,2243.51,1265.00,191.14
2011-09-28,157660.00,2243.03,1215.00,247.01
2011-09-29,155430.00,2242.47,1198.00,73.72
2011-09-30,153330.00,2241.94,1215.00,156.27
2011-10-01,151240.00,2241.41,1193.00,165.39
2011-10-02,148938.19,2240.82,1192.00,58.23
2011-10-03,146871.00,2240.29,1185.00,172.59
2011-10-04,144853.00,2239.77,1162.00,172.96
2011-10-05,143306.66,2239.37,1028.00,283.91
2011-10-06,141578.00,2238.92,961.00,123.96
2011-10-07,139932.00,2238.49,954.00,160.62
2011-10-08,138174.00,2238.03,953.00,103.49
2011-10-09,136454.00,2237.58,946.00,119.35
2011-10-10,135238.00,2237.26,884.00,309.23
2011-10-11,134630.00,2237.10,783.00,513.02
2011-10-12,133804.75,2236.88,747.00,367.95
2011-10-13,132750.00,2236.60,741.00,250.03
2011-10-14,132190.00,2236.45,305.00,109.64
2011-10-15,132266.00,2236.47,105.00,160.09
2011-10-16,132304.00,2236.48,105.00,141.16
2011-10-17,132114.00,2236.43,87.00,50.00
2011-10-18,132266.00,2236.47,77.00,154.20
2011-10-19,132304.00,2236.48,78.00,97.61
2011-10-20,132304.00,2236.48,78.00,78.50
2011-10-21,132114.00,2236.43,78.00,100.00
2011-10-22,133130.00,2236.70,80.00,491.00
2011-10-23,133463.00,2236.79,80.00,247.89
2011-10-24,133463.00,2236.79,79.00,80.00
2011-10-25,133500.00,2236.80,79.00,98.65
2011-10-26,133463.00,2236.79,115.00,99.11
2011-10-27,133538.09,2236.81,117.00,155.95
2011-10-28,133841.91,2236.89,103.00,257.19
2011-10-29,133804.75,2236.88,103.00,85.27
2011-10-30,134108.00,2236.96,103.00,257.34
2011-10-31,134519.00,2237.07,87.00,295.50
2011-11-01,134482.00,2237.06,79.00,61.30
2011-11-02,134482.00,2237.06,79.00,80.00
2011-11-03,134744.28,2237.13,79.00,212.23
2011-11-04,134857.63,2237.16,79.00,137.14
2011-11-05,134819.53,2237.15,78.00,60.79
2011-11-06,134857.63,2237.16,81.00,101.61
2011-11-07,134895.72,2237.17,81.00,102.97
2011-11-08,135010.00,2237.20,86.00,145.64
2011-11-09,134933.81,2237.18,89.00,53.09
2011-11-10,134857.63,2237.16,131.00,95.75
2011-11-11,135124.00,2237.23,121.00,258.68
2011-11-12,135086.00,2237.22,109.00,92.84
2011-11-13,136036.00,2237.47,109.00,590.96
2011-11-14,136340.00,2237.55,79.00,236.09
2011-11-15,136416.00,2237.57,69.00,109.00
2011-11-16,137138.00,2237.76,68.00,434.41
2011-11-17,137214.00,2237.78,68.00,109.32
2011-11-18,137290.00,2237.80,68.00,109.27
2011-11-19,137328.09,2237.81,68.00,90.21
2011-11-20,137290.00,2237.80,68.00,51.75
2011-11-21,137631.91,2237.89,68.00,243.25
2011-11-22,138554.28,2238.13,68.00,536.24
2011-11-23,138364.00,2238.08,69.00,60.00
2011-11-24,138705.72,2238.17,69.00,244.78
2011-11-25,138781.91,2238.19,69.00,110.91
2011-11-26,138934.00,2238.23,68.00,148.00
2011-11-27,139124.00,2238.28,67.00,166.79
2011-11-28,139356.38,2238.34,67.00,188.16
2011-11-29,139473.67,2238.37,67.00,130.14
2011-11-30,139550.91,2238.39,67.00,109.94
2011-12-01,140008.00,2238.51,50.00,283.80
2011-12-02,139894.00,2238.48,39.00,50.00
2011-12-03,140046.00,2238.52,39.00,118.63
2011-12-04,140046.00,2238.52,39.00,42.00
2011-12-05,140160.00,2238.55,39.00,99.48
2011-12-06,140312.00,2238.59,39.00,118.63
2011-12-07,140389.09,2238.61,39.00,80.87
2011-12-08,140467.28,2238.63,39.00,81.42
2011-12-09,140622.72,2238.67,39.00,120.37
2011-12-10,140700.91,2238.69,39.00,81.42
2011-12-11,140740.00,2238.70,39.00,61.71
2011-12-12,140428.19,2238.62,205.00,92.72
2011-12-13,139970.00,2238.50,347.00,125.75
2011-12-14,139239.09,2238.31,396.00,41.38
2011-12-15,138972.00,2238.24,285.00,179.26
2011-12-16,138896.00,2238.22,122.00,88.86
2011-12-17,138705.72,2238.17,87.00,60.00
2011-12-18,138858.00,2238.21,80.00,161.48
2011-12-19,138629.53,2238.15,80.00,100.00
2011-12-20,138781.91,2238.19,81.00,161.52
2011-12-21,138820.00,2238.20,81.00,103.91
2011-12-22,138705.72,2238.17,75.00,20.49
2011-12-23,138705.72,2238.17,72.00,75.50
2011-12-24,138743.81,2238.18,72.00,94.71
2011-12-25,138858.00,2238.21,72.00,133.07
2011-12-26,138972.00,2238.24,72.00,132.98
2011-12-27,139356.38,2238.34,72.00,269.80
2011-12-28,141851.00,2238.99,78.00,1338.95
2011-12-29,144238.09,2239.61,84.00,1291.07
2011-12-30,145945.00,2240.05,84.00,948.33
2011-12-31,146754.00,2240.26,81.00,491.85
2012-01-01,147300.00,2240.40,78.00,356.97
2012-01-02,147846.00,2240.54,78.00,356.10
2012-01-03,147963.00,2240.57,77.00,138.99
2012-01-04,148704.00,2240.76,77.00,453.59
2012-01-05,149250.00,2240.90,65.00,344.09
2012-01-06,149757.00,2241.03,50.00,308.73
2012-01-07,150108.19,2241.12,50.00,229.86
2012-01-08,150498.00,2241.22,50.00,249.24
2012-01-09,150810.00,2241.30,49.00,209.11
2012-01-10,151240.00,2241.41,49.00,268.55
2012-01-11,151320.00,2241.43,49.00,91.93
2012-01-12,151639.00,2241.51,49.00,212.43
2012-01-13,151834.00,2241.56,49.00,149.91
2012-01-14,152107.28,2241.63,49.00,189.38
2012-01-15,152380.00,2241.70,49.00,189.10
2012-01-16,152740.00,2241.79,49.00,233.54
2012-01-17,153290.00,2241.93,49.00,326.82
2012-01-18,153570.00,2242.00,49.00,190.42
2012-01-19,154119.41,2242.14,49.00,326.19
2012-01-20,154711.00,2242.29,49.00,347.46
2012-01-21,154711.00,2242.29,49.00,49.20
2012-01-22,154870.30,2242.33,50.00,129.54
2012-01-23,155070.78,2242.38,50.00,150.28
2012-01-24,155390.00,2242.46,50.00,210.35
2012-01-25,155940.00,2242.60,51.00,327.44
2012-01-26,156420.00,2242.72,51.00,292.40
2012-01-27,156460.00,2242.73,51.00,70.57
2012-01-28,156660.00,2242.78,51.00,151.23
2012-01-29,157340.00,2242.95,51.00,393.23
2012-01-30,158139.52,2243.15,52.00,454.35
2012-01-31,158580.00,2243.26,52.00,273.68
2012-02-01,159140.00,2243.40,52.00,333.93
2012-02-02,159540.00,2243.50,52.00,253.27
2012-02-03,159820.00,2243.57,52.00,192.77
2012-02-04,160060.30,2243.63,52.00,172.75
2012-02-05,160299.91,2243.69,52.00,172.40
2012-02-06,160540.00,2243.75,52.00,172.63
2012-02-07,160700.00,2243.79,52.00,132.27
2012-02-08,160986.59,2243.86,51.00,195.43
2012-02-09,161270.00,2243.93,53.00,194.01
2012-02-10,161430.00,2243.97,53.00,132.10
2012-02-11,161590.00,2244.01,53.00,132.24
2012-02-12,161790.00,2244.06,53.00,152.43
2012-02-13,161910.00,2244.09,53.00,112.09
2012-02-14,162070.30,2244.13,53.00,132.42
2012-02-15,162189.61,2244.16,53.00,111.72
2012-02-16,162309.91,2244.19,53.00,112.22
2012-02-17,162473.00,2244.23,53.00,133.83
2012-02-18,163324.00,2244.44,53.00,480.65
2012-02-19,163365.00,2244.45,53.00,72.27
2012-02-20,163570.00,2244.50,53.00,154.95
2012-02-21,165190.00,2244.90,56.00,871.18
2012-02-22,168009.00,2245.59,74.00,1494.17
2012-02-23,169116.59,2245.86,65.00,622.87
2012-02-24,170100.00,2246.10,61.00,555.01
2012-02-25,171043.30,2246.33,59.00,532.66
2012-02-26,171494.00,2246.44,57.00,282.63
2012-02-27,171863.00,2246.53,56.00,240.37
2012-02-28,172150.00,2246.60,56.00,198.70
2012-02-29,172734.00,2246.74,56.00,348.43
2012-03-01,173062.20,2246.82,37.00,202.83
2012-03-02,173390.00,2246.90,30.00,194.00
2012-03-03,173684.00,2246.97,31.00,177.44
2012-03-04,174097.00,2247.07,31.00,237.87
2012-03-05,174681.00,2247.21,32.00,324.63
2012-03-06,175009.00,2247.29,31.00,194.96
2012-03-07,175344.72,2247.37,30.00,197.66
2012-03-08,175511.00,2247.41,29.00,111.53
2012-03-09,175922.00,2247.51,29.00,234.71
2012-03-10,176341.09,2247.61,29.00,238.81
2012-03-11,176668.91,2247.69,29.00,192.97
2012-03-12,177130.00,2247.80,29.00,259.83
2012-03-13,177507.89,2247.89,28.00,217.07
2012-03-14,177919.00,2247.99,27.00,232.97
2012-03-15,178170.00,2248.05,177.00,341.75
2012-03-16,178086.00,2248.03,325.00,276.08
2012-03-17,177878.00,2247.98,329.00,217.16
2012-03-18,177673.00,2247.93,326.00,216.96
2012-03-19,177632.00,2247.92,126.00,128.09
2012-03-20,178380.00,2248.10,47.00,420.99
2012-03-21,178631.59,2248.16,46.00,170.05
2012-03-22,178884.00,2248.22,46.00,170.45
2012-03-23,179052.00,2248.26,46.00,127.73
2012-03-24,179220.00,2248.30,45.00,127.51
2012-03-25,179384.41,2248.34,45.00,125.90
2012-03-26,179507.70,2248.37,45.00,105.15
2012-03-27,179756.00,2248.43,45.00,168.38
2012-03-28,180008.00,2248.49,44.00,170.25
2012-03-29,180721.59,2248.66,45.00,404.07
2012-03-30,181310.00,2248.80,49.00,344.34
2012-03-31,181856.00,2248.93,47.00,322.08
2012-04-01,182360.00,2249.05,46.00,300.02
2012-04-02,182696.31,2249.13,46.00,215.16
2012-04-03,183116.00,2249.23,45.00,257.19
2012-04-04,183410.00,2249.30,45.00,193.83
2012-04-05,183662.61,2249.36,45.00,172.45
2012-04-06,183914.00,2249.42,44.00,171.14
2012-04-07,184208.00,2249.49,43.00,192.84
2012-04-08,184376.00,2249.53,44.00,130.03
2012-04-09,184670.00,2249.60,44.00,193.83
2012-04-10,184970.69,2249.67,44.00,197.20
2012-04-11,185604.20,2249.82,44.00,365.59
2012-04-12,186234.00,2249.97,45.00,364.54
2012-04-13,186832.11,2250.11,44.00,348.58
2012-04-14,187378.00,2250.24,45.00,322.02
2012-04-15,188016.89,2250.39,45.00,368.91
2012-04-16,189119.48,2250.65,46.00,604.28
2012-04-17,189886.31,2250.83,47.00,434.79
2012-04-18,190694.00,2251.02,47.00,454.77
2012-04-19,191675.00,2251.25,47.00,542.02
2012-04-20,192740.00,2251.50,48.00,586.39
2012-04-21,193894.00,2251.77,47.00,630.30
2012-04-22,195567.58,2252.16,48.00,892.18
2012-04-23,198277.00,2252.79,49.00,1414.88
2012-04-24,201330.00,2253.50,49.00,1588.45
2012-04-25,203930.00,2254.10,50.00,1360.03
2012-04-26,206410.69,2254.67,50.00,1299.88
2012-04-27,208022.00,2255.04,50.00,861.30
2012-04-28,209504.84,2255.38,49.00,795.60
2012-04-29,210856.89,2255.69,49.00,729.66
2012-04-30,212748.22,2256.12,51.00,1002.37
2012-05-01,214728.00,2256.57,52.00,1048.27
2012-05-02,216092.86,2256.88,51.00,737.26
2012-05-03,217323.56,2257.16,50.00,668.48
2012-05-04,218688.00,2257.47,51.00,735.90
2012-05-05,219665.89,2257.69,51.00,541.02
2012-05-06,220555.98,2257.89,79.00,529.73
2012-05-07,221392.00,2258.08,127.00,552.41
2012-05-08,222415.11,2258.31,180.00,698.17
2012-05-09,223754.11,2258.61,225.00,904.97
2012-05-10,224430.00,2258.78,274.00,618.96
2012-05-11,225175.00,2258.93,328.00,704.25
2012-05-12,225578.00,2259.02,402.00,607.27
2012-05-13,226154.45,2259.15,454.00,746.23
2012-05-14,227360.00,2259.42,504.00,1112.05
2012-05-15,229105.11,2259.81,564.00,1440.71
2012-05-16,230634.45,2260.15,614.00,1384.26
2012-05-17,231580.66,2260.36,663.00,1137.75
2012-05-18,232120.00,2260.48,709.00,977.10
2012-05-19,232300.00,2260.52,755.00,842.78
2012-05-20,232345.00,2260.53,801.00,820.16
2012-05-21,232705.11,2260.61,822.00,994.37
2012-05-22,233425.00,2260.77,850.00,1205.89
2012-05-23,234190.00,2260.94,906.00,1279.22
2012-05-24,234370.00,2260.98,868.00,950.55
2012-05-25,234550.00,2261.02,733.00,815.46
2012-05-26,234820.00,2261.08,599.00,731.70
2012-05-27,235360.00,2261.20,512.00,779.94
2012-05-28,236125.77,2261.37,449.00,832.70
2012-05-29,236756.00,2261.51,431.00,748.70
2012-05-30,237260.22,2261.62,429.00,685.21
2012-05-31,238070.00,2261.80,505.00,922.07
2012-06-01,238575.00,2261.91,906.00,1172.88
2012-06-02,238300.56,2261.85,1350.00,1227.65
2012-06-03,237574.89,2261.69,1253.00,903.79
2012-06-04,237170.00,2261.60,932.00,740.86
2012-06-05,237574.89,2261.69,821.00,1038.24
2012-06-06,237394.45,2261.65,739.00,666.06
2012-06-07,237620.00,2261.70,614.00,746.40
2012-06-08,237620.00,2261.70,554.00,571.66
2012-06-09,237845.00,2261.75,465.00,598.60
2012-06-10,238025.00,2261.79,444.00,554.96
2012-06-11,238254.45,2261.84,544.00,687.15
2012-06-12,238208.34,2261.83,737.00,746.20
2012-06-13,238162.22,2261.82,885.00,894.86
2012-06-14,237890.00,2261.76,813.00,711.24
2012-06-15,237890.00,2261.76,586.00,618.68
2012-06-16,238346.67,2261.86,539.00,802.00
2012-06-17,238438.91,2261.88,797.00,889.93
2012-06-18,238346.67,2261.86,934.00,932.03
2012-06-19,238300.56,2261.85,708.00,732.96
2012-06-20,238438.91,2261.88,536.00,647.44
2012-06-21,238438.91,2261.88,625.00,672.87
2012-06-22,238300.56,2261.85,767.00,746.03
2012-06-23,238392.78,2261.87,847.00,947.05
2012-06-24,237980.00,2261.78,808.00,653.12
2012-06-25,237845.00,2261.75,523.00,513.29
2012-06-26,238254.45,2261.84,386.00,638.91
2012-06-27,238485.02,2261.89,389.00,549.49
2012-06-28,238620.00,2261.92,407.00,473.55
2012-06-29,238530.00,2261.90,581.00,543.85
2012-06-30,238438.91,2261.88,652.00,605.35
2012-07-01,238300.56,2261.85,619.00,545.60
2012-07-02,238208.34,2261.83,512.00,464.97
2012-07-03,238438.91,2261.88,435.00,546.22
2012-07-04,238438.91,2261.88,440.00,436.10
2012-07-05,238346.67,2261.86,424.00,372.87
2012-07-06,238392.78,2261.87,405.00,422.12
2012-07-07,238392.78,2261.87,486.00,480.11
2012-07-08,238710.00,2261.94,562.00,713.92
2012-07-09,238438.91,2261.88,590.00,442.37
2012-07-10,238346.67,2261.86,582.00,522.94
2012-07-11,238208.34,2261.83,502.00,424.95
2012-07-12,238208.34,2261.83,363.00,355.82
2012-07-13,238438.91,2261.88,312.00,418.18
2012-07-14,238575.00,2261.91,312.00,370.70
2012-07-15,238575.00,2261.91,316.00,304.29
2012-07-16,238620.00,2261.92,313.00,324.86
2012-07-17,238530.00,2261.90,300.00,241.71
2012-07-18,238620.00,2261.92,248.00,282.54
2012-07-19,238665.00,2261.93,231.00,254.47
2012-07-20,238665.00,2261.93,259.00,259.12
2012-07-21,238575.00,2261.91,254.00,206.99
2012-07-22,238485.02,2261.89,187.00,140.47
2012-07-23,238530.00,2261.90,161.00,180.62
2012-07-24,238485.02,2261.89,147.00,120.58
2012-07-25,238575.00,2261.91,148.00,189.35
2012-07-26,238575.00,2261.91,148.00,143.98
2012-07-27,238485.02,2261.89,149.00,98.67
2012-07-28,238485.02,2261.89,136.00,129.69
2012-07-29,238530.00,2261.90,126.00,142.68
2012-07-30,238392.78,2261.87,127.00,51.03
2012-07-31,238346.67,2261.86,128.00,96.75
2012-08-01,238208.34,2261.83,128.00,50.32
2012-08-02,238116.11,2261.81,129.00,73.62
2012-08-03,238116.11,2261.81,121.00,112.78
2012-08-04,238070.00,2261.80,116.00,86.52
2012-08-05,237980.00,2261.78,101.00,56.26
2012-08-06,237935.00,2261.77,96.00,73.91
2012-08-07,237890.00,2261.76,97.00,73.91
2012-08-08,237800.00,2261.74,97.00,51.40
2012-08-09,237710.00,2261.72,96.00,51.22
2012-08-10,237574.89,2261.69,96.00,28.48
2012-08-11,237484.67,2261.67,96.00,51.11
2012-08-12,237394.45,2261.65,96.00,51.11
2012-08-13,237260.22,2261.62,96.00,28.92
2012-08-14,237170.00,2261.60,96.00,23.00
2012-08-15,236986.00,2261.56,96.00,25.00
2012-08-16,236894.00,2261.54,96.00,28.00
2012-08-17,236756.00,2261.51,96.00,27.47
2012-08-18,236665.00,2261.49,97.00,52.01
2012-08-19,236440.00,2261.44,97.00,20.00
2012-08-20,236350.00,2261.42,97.00,52.80
2012-08-21,236125.77,2261.37,97.00,20.00
2012-08-22,235990.44,2261.34,97.00,30.07
2012-08-23,235720.00,2261.28,97.00,25.00
2012-08-24,235585.00,2261.25,110.00,44.91
2012-08-25,235180.00,2261.17,190.00,25.00
2012-08-26,234685.00,2261.06,298.00,55.19
2012-08-27,233965.00,2260.90,395.00,36.69
2012-08-28,233110.00,2260.71,518.00,91.21
2012-08-29,231940.00,2260.45,636.00,46.86
2012-08-30,230544.00,2260.14,782.00,71.71
2012-08-31,228790.00,2259.74,944.00,43.78
2012-09-01,226918.00,2259.32,1016.00,103.56
2012-09-02,225085.00,2258.91,1012.00,115.77
2012-09-03,223260.00,2258.50,1008.00,110.33
2012-09-04,221348.00,2258.07,1064.00,110.61
2012-09-05,219358.00,2257.62,1137.00,141.35
2012-09-06,217236.44,2257.14,1198.00,129.98
2012-09-07,215079.47,2256.65,1225.00,136.88
2012-09-08,212792.33,2256.13,1225.00,71.07
2012-09-09,210684.47,2255.65,1218.00,160.25
2012-09-10,208412.33,2255.13,1218.00,73.73
2012-09-11,206239.31,2254.63,1212.00,119.35
2012-09-12,203974.11,2254.11,1227.00,91.98
2012-09-13,201638.00,2253.57,1249.00,76.46
2012-09-14,199266.00,2253.02,1242.00,52.26
2012-09-15,196987.00,2252.49,1236.00,94.99
2012-09-16,194794.00,2251.98,1236.00,135.06
2012-09-17,192525.00,2251.45,1235.00,98.49
2012-09-18,190180.00,2250.90,1240.00,65.81
2012-09-19,187931.73,2250.37,1239.00,115.04
2012-09-20,185646.31,2249.83,1238.00,94.65
2012-09-21,183284.00,2249.27,1238.00,55.08
2012-09-22,181058.00,2248.74,1237.00,124.06
2012-09-23,178842.00,2248.21,1242.00,135.41
2012-09-24,176463.41,2247.64,1241.00,54.72
2012-09-25,174220.00,2247.10,1207.00,91.77
2012-09-26,172027.00,2246.57,1196.00,103.37
2012-09-27,169813.00,2246.03,1206.00,106.11
2012-09-28,167599.00,2245.49,1205.00,106.91
2012-09-29,165518.00,2244.98,1210.00,175.05
2012-09-30,163201.00,2244.41,1204.00,51.63
2012-10-01,160863.30,2243.83,1193.00,28.76
2012-10-02,158780.09,2243.31,1182.00,148.76
2012-10-03,156780.09,2242.81,1160.00,165.73
2012-10-04,154555.00,2242.25,1154.00,49.58
2012-10-05,152420.00,2241.71,1154.00,94.80
2012-10-06,150263.63,2241.16,1160.00,91.30
2012-10-07,148080.00,2240.60,1165.00,63.33
2012-10-08,146291.44,2240.14,1105.00,203.36
2012-10-09,144351.44,2239.64,1034.00,56.62
2012-10-10,142535.72,2239.17,1012.00,96.11
2012-10-11,140700.91,2238.69,1014.00,91.35
2012-10-12,138820.00,2238.20,1010.00,66.10
2012-10-13,137138.00,2237.76,1001.00,163.12
2012-10-14,135656.66,2237.37,987.00,252.42
2012-10-15,135314.00,2237.28,411.00,345.67
2012-10-16,135618.56,2237.36,70.00,229.55
2012-10-17,135884.00,2237.43,70.00,210.82
2012-10-18,135846.00,2237.42,70.00,57.84
2012-10-19,136681.44,2237.64,61.00,481.74
2012-10-20,137100.00,2237.75,54.00,265.38
2012-10-21,137252.00,2237.79,54.00,130.68
2012-10-22,137556.66,2237.87,49.00,202.61
2012-10-23,137787.00,2237.93,45.00,161.73
2012-10-24,137787.00,2237.93,45.00,45.60
2012-10-25,137865.00,2237.95,45.00,84.93
2012-10-26,138021.00,2237.99,45.00,124.25
2012-10-27,138705.72,2238.17,65.00,410.73
2012-10-28,139550.91,2238.39,52.00,480.03
2012-10-29,142156.00,2239.07,47.00,1361.44
2012-10-30,144122.00,2239.58,47.00,1039.23
2012-10-31,145165.48,2239.85,47.00,574.09
2012-11-01,146178.09,2240.11,47.00,558.52
2012-11-02,146949.09,2240.31,47.00,437.16
2012-11-03,147651.00,2240.49,48.00,403.08
2012-11-04,148391.81,2240.68,48.00,422.69
2012-11-05,148977.28,2240.83,48.00,344.37
2012-11-06,149523.00,2240.97,48.00,324.33
2012-11-07,149835.00,2241.05,64.00,222.76
2012-11-08,150108.19,2241.12,74.00,213.23
2012-11-09,150380.91,2241.19,55.00,194.40
2012-11-10,150615.00,2241.25,49.00,168.42
2012-11-11,151044.58,2241.36,49.00,266.98
2012-11-12,151320.00,2241.43,49.00,189.26
2012-11-13,151520.00,2241.48,49.00,151.23
2012-11-14,151912.00,2241.58,49.00,248.03
2012-11-15,152107.28,2241.63,49.00,148.85
2012-11-16,152223.63,2241.66,49.00,109.06
2012-11-17,152500.00,2241.73,49.00,189.74
2012-11-18,152897.28,2241.83,49.00,250.70
2012-11-19,154199.61,2242.16,50.00,708.00
2012-11-20,154870.30,2242.33,50.00,389.80
2012-11-21,155745.00,2242.55,50.00,492.60
2012-11-22,156299.91,2242.69,50.00,331.37
2012-11-23,157340.00,2242.95,52.00,576.71
2012-11-24,158340.00,2243.20,53.00,558.04
2012-11-25,159060.78,2243.38,52.00,416.19
2012-11-26,159620.00,2243.52,52.00,334.74
2012-11-27,160259.80,2243.68,52.00,375.36
2012-11-28,160580.00,2243.76,52.00,214.24
2012-11-29,160781.09,2243.81,52.00,154.18
2012-11-30,161310.00,2243.94,52.00,319.46
2012-12-01,161470.00,2243.98,52.00,133.47
2012-12-02,162269.80,2244.18,52.00,456.03
2012-12-03,162719.00,2244.29,52.00,279.27
2012-12-04,163770.00,2244.55,53.00,583.80
2012-12-05,164540.00,2244.74,53.00,442.22
2012-12-06,165477.00,2244.97,53.00,526.92
2012-12-07,166533.00,2245.23,55.00,589.55
2012-12-08,166902.20,2245.32,55.00,242.71
2012-12-09,167394.00,2245.44,54.00,303.35
2012-12-10,167722.00,2245.52,54.00,220.66
2012-12-11,168213.41,2245.64,54.00,303.15
2012-12-12,168583.00,2245.73,53.00,241.02
2012-12-13,168829.00,2245.79,53.00,178.03
2012-12-14,169034.41,2245.84,53.00,157.56
2012-12-15,169526.00,2245.96,53.00,301.85
2012-12-16,170100.00,2246.10,53.00,343.39
2012-12-17,170386.70,2246.17,53.00,198.55
2012-12-18,170674.00,2246.24,53.00,198.85
2012-12-19,170879.00,2246.29,53.00,157.35
2012-12-20,171166.59,2246.36,53.00,199.00
2012-12-21,171371.00,2246.41,53.00,157.05
2012-12-22,171535.00,2246.45,53.00,136.68
2012-12-23,171699.00,2246.49,53.00,136.68
2012-12-24,171904.00,2246.54,53.00,157.35
2012-12-25,172068.00,2246.58,53.00,136.68
2012-12-26,172192.11,2246.61,53.00,116.57
2012-12-27,172359.48,2246.65,53.00,138.15
2012-12-28,172485.80,2246.68,52.00,116.92
2012-12-29,172527.89,2246.69,52.00,74.09
2012-12-30,172611.00,2246.71,52.00,94.83
2012-12-31,172652.00,2246.72,52.00,73.47
2013-01-01,172734.00,2246.74,52.00,94.14
2013-01-02,172816.00,2246.76,52.00,94.14
2013-01-03,172816.00,2246.76,52.00,52.89
2013-01-04,172857.00,2246.77,52.00,73.47
2013-01-05,172980.00,2246.80,52.00,114.81
2013-01-06,173021.09,2246.81,52.00,73.52
2013-01-07,173642.00,2246.96,53.00,366.91
2013-01-08,174015.00,2247.05,53.00,242.05
2013-01-09,174220.00,2247.10,53.00,157.35
2013-01-10,174387.39,2247.14,53.00,138.39
2013-01-11,174513.69,2247.17,53.00,117.67
2013-01-12,174555.80,2247.18,53.00,75.23
2013-01-13,174681.00,2247.21,53.00,117.12
2013-01-14,174886.00,2247.26,53.00,157.00
2013-01-15,174927.00,2247.27,53.00,74.26
2013-01-16,175009.00,2247.29,52.00,94.34
2013-01-17,175050.00,2247.30,51.00,73.51
2013-01-18,175134.20,2247.32,51.00,94.33
2013-01-19,175218.41,2247.34,51.00,94.05
2013-01-20,175302.61,2247.36,51.00,94.05
2013-01-21,175344.72,2247.37,51.00,72.84
2013-01-22,175386.83,2247.38,51.00,72.83
2013-01-23,175470.00,2247.40,51.00,93.53
2013-01-24,175675.00,2247.45,51.00,154.95
2013-01-25,175839.00,2247.49,50.00,134.28
2013-01-26,175922.00,2247.51,50.00,93.48
2013-01-27,176132.00,2247.56,50.00,157.48
2013-01-28,176300.00,2247.60,50.00,136.36
2013-01-29,176586.70,2247.67,51.00,196.85
2013-01-30,176710.00,2247.70,51.00,114.96
2013-01-31,176878.00,2247.74,51.00,137.50
2013-02-01,177004.00,2247.77,51.00,116.33
2013-02-02,177214.20,2247.82,51.00,158.78
2013-02-03,177340.52,2247.85,50.00,116.48
2013-02-04,177466.83,2247.88,50.00,116.48
2013-02-05,177755.00,2247.95,50.00,198.09
2013-02-06,177919.00,2247.99,50.00,135.48
2013-02-07,178170.00,2248.05,50.00,179.36
2013-02-08,178296.00,2248.08,50.00,112.73
2013-02-09,178422.11,2248.11,50.00,112.78
2013-02-10,178506.31,2248.13,50.00,91.65
2013-02-11,178631.59,2248.16,49.00,112.36
2013-02-12,178884.00,2248.22,49.00,176.45
2013-02-13,179052.00,2248.26,50.00,134.93
2013-02-14,179178.00,2248.29,50.00,113.93
2013-02-15,179302.20,2248.32,50.00,113.02
2013-02-16,179756.00,2248.43,50.00,279.19
2013-02-17,179840.00,2248.45,50.00,92.75
2013-02-18,179966.00,2248.48,50.00,113.93
2013-02-19,180176.00,2248.53,50.00,156.28
2013-02-20,180218.00,2248.54,40.00,63.05
2013-02-21,180554.20,2248.62,46.00,215.37
2013-02-22,181100.00,2248.75,47.00,321.97
2013-02-23,181436.31,2248.83,47.00,216.36
2013-02-24,181562.61,2248.86,47.00,110.47
2013-02-25,181940.00,2248.95,47.00,237.07
2013-02-26,181982.00,2248.96,47.00,67.98
2013-02-27,182192.00,2249.01,47.00,152.68
2013-02-28,182654.20,2249.12,47.00,279.83
2013-03-01,182863.69,2249.17,48.00,153.65
2013-03-02,183410.00,2249.30,48.00,323.98
2013-03-03,183830.00,2249.40,49.00,260.66
2013-03-04,184166.00,2249.48,48.00,217.40
2013-03-05,184502.00,2249.56,48.00,217.40
2013-03-06,184841.38,2249.64,48.00,219.10
2013-03-07,185184.00,2249.72,48.00,220.74
2013-03-08,185436.00,2249.78,48.00,175.04
2013-03-09,185478.00,2249.79,48.00,68.71
2013-03-10,185562.11,2249.81,47.00,89.33
2013-03-11,185856.83,2249.88,47.00,195.78
2013-03-12,186446.00,2250.02,48.00,345.46
2013-03-13,187420.00,2250.25,49.00,540.27
2013-03-14,188480.00,2250.50,49.00,583.85
2013-03-15,189844.20,2250.82,52.00,738.80
2013-03-16,191460.00,2251.20,53.00,866.98
2013-03-17,192654.00,2251.48,52.00,653.88
2013-03-18,193600.00,2251.70,50.00,527.46
2013-03-19,194192.42,2251.84,50.00,349.08
2013-03-20,195052.00,2252.04,50.00,483.47
2013-03-21,195740.00,2252.20,50.00,397.05
2013-03-22,196170.00,2252.30,49.00,266.03
2013-03-23,196514.84,2252.38,49.00,223.06
2013-03-24,196815.00,2252.45,49.00,200.53
2013-03-25,197073.00,2252.51,49.00,179.23
2013-03-26,197331.00,2252.57,49.00,179.28
2013-03-27,197546.20,2252.62,49.00,157.70
2013-03-28,197846.89,2252.69,49.00,200.78
2013-03-29,198148.00,2252.76,49.00,201.01
2013-03-30,198535.53,2252.85,49.00,244.58
2013-03-31,199051.00,2252.97,49.00,309.08
2013-04-01,199910.69,2253.17,49.00,482.79
2013-04-02,201029.00,2253.43,50.00,614.22
2013-04-03,202027.58,2253.66,50.00,553.85
2013-04-04,203242.00,2253.94,50.00,662.67
2013-04-05,205758.00,2254.52,52.00,1320.24
2013-04-06,207979.00,2255.03,52.00,1171.79
2013-04-07,209898.00,2255.47,53.00,1020.32
2013-04-08,210988.00,2255.72,53.00,601.75
2013-04-09,211824.00,2255.91,52.00,473.08
2013-04-10,213452.00,2256.28,53.00,873.03
2013-04-11,214816.00,2256.59,52.00,739.78
2013-04-12,216092.86,2256.88,52.00,695.35
2013-04-13,217588.00,2257.22,54.00,808.48
2013-04-14,218468.00,2257.42,55.00,499.69
2013-04-15,219180.00,2257.58,55.00,414.69
2013-04-16,219798.00,2257.72,55.00,366.98
2013-04-17,220195.11,2257.81,118.00,323.08
2013-04-18,220465.77,2257.87,183.00,317.86
2013-04-19,221216.00,2258.04,213.00,590.85
2013-04-20,221974.00,2258.21,214.00,595.16
2013-04-21,222864.00,2258.41,214.00,661.71
2013-04-22,223350.00,2258.52,214.00,458.03
2013-04-23,223754.11,2258.61,245.00,447.64
2013-04-24,224150.00,2258.70,279.00,477.61
2013-04-25,224290.00,2258.74,315.00,382.02
2013-04-26,225040.00,2258.90,216.00,599.45
2013-04-27,226154.45,2259.15,152.00,712.10
2013-04-28,227360.00,2259.42,154.00,759.17
2013-04-29,229150.22,2259.82,115.00,1015.64
2013-04-30,229825.00,2259.97,235.00,596.39
2013-05-01,229780.00,2259.96,524.00,497.26
2013-05-02,229195.33,2259.83,713.00,410.66
2013-05-03,228655.00,2259.71,804.00,521.31
2013-05-04,228433.56,2259.66,779.00,656.74
2013-05-05,228745.00,2259.73,725.00,872.64
2013-05-06,229285.55,2259.85,735.00,995.10
2013-05-07,230050.00,2260.02,816.00,1190.29
2013-05-08,230995.00,2260.23,870.00,1332.02
2013-05-09,231715.98,2260.39,970.00,1321.23
2013-05-10,232030.00,2260.46,1075.00,1220.46
2013-05-11,232570.00,2260.58,1032.00,1290.77
2013-05-12,233155.00,2260.71,983.00,1262.47
2013-05-13,234010.00,2260.90,912.00,1327.49
2013-05-14,234145.00,2260.93,815.00,867.36
2013-05-15,234325.00,2260.97,617.00,698.96
2013-05-16,234820.00,2261.08,404.00,642.83
2013-05-17,235450.00,2261.22,338.00,643.97
2013-05-18,236035.55,2261.35,328.00,611.50
2013-05-19,236485.00,2261.45,317.00,531.60
2013-05-20,236940.00,2261.55,318.00,534.54
2013-05-21,237574.89,2261.69,304.00,610.67
2013-05-22,238116.11,2261.81,301.00,560.80
2013-05-23,238575.00,2261.91,333.00,550.79
2013-05-24,238620.00,2261.92,376.00,385.05
2013-05-25,238620.00,2261.92,412.00,396.96
2013-05-26,238665.00,2261.93,424.00,430.52
2013-05-27,238665.00,2261.93,481.00,465.74
2013-05-28,238391.66,2261.87,638.00,480.49
2013-05-29,238437.78,2261.88,548.00,548.09
2013-05-30,238620.00,2261.92,474.00,548.49
2013-05-31,238665.00,2261.93,451.00,452.50
2013-06-01,238665.00,2261.93,471.00,452.46
2013-06-02,238755.00,2261.95,496.00,520.00
2013-06-03,238710.00,2261.94,501.00,456.86
2013-06-04,238620.00,2261.92,573.00,504.80
2013-06-05,238665.00,2261.93,623.00,620.93
2013-06-06,238620.00,2261.92,643.00,592.48
2013-06-07,238575.00,2261.91,644.00,593.89
2013-06-08,238575.00,2261.91,535.00,512.10
2013-06-09,238620.00,2261.92,491.00,491.56
2013-06-10,238620.00,2261.92,435.00,412.65
2013-06-11,238575.00,2261.91,396.00,347.37
2013-06-12,238620.00,2261.92,373.00,372.02
2013-06-13,238665.00,2261.93,313.00,315.31
2013-06-14,238620.00,2261.92,293.00,247.55
2013-06-15,238710.00,2261.94,321.00,343.78
2013-06-16,238845.00,2261.97,336.00,380.50
2013-06-17,238710.00,2261.94,427.00,335.46
2013-06-18,238530.00,2261.90,451.00,334.83
2013-06-19,238530.00,2261.90,357.00,331.63
2013-06-20,238935.00,2261.99,305.00,484.10
2013-06-21,238845.00,2261.97,396.00,328.42
2013-06-22,238665.00,2261.93,435.00,320.40
2013-06-23,238575.00,2261.91,346.00,281.23
2013-06-24,238620.00,2261.92,335.00,339.83
2013-06-25,238575.00,2261.91,348.00,306.30
2013-06-26,238665.00,2261.93,330.00,357.41
2013-06-27,238620.00,2261.92,329.00,288.16
2013-06-28,238575.00,2261.91,286.00,247.86
2013-06-29,238575.00,2261.91,274.00,260.47
2013-06-30,238665.00,2261.93,287.00,319.29
2013-07-01,238710.00,2261.94,297.00,306.32
2013-07-02,238800.00,2261.96,314.00,345.25
2013-07-03,238530.00,2261.90,313.00,164.55
2013-07-04,238620.00,2261.92,231.00,271.44
2013-07-05,238530.00,2261.90,167.00,116.41
2013-07-06,238530.00,2261.90,137.00,132.21
2013-07-07,238483.89,2261.89,136.00,109.00
2013-07-08,238530.00,2261.90,136.00,155.25
2013-07-09,238437.78,2261.88,136.00,86.09
2013-07-10,238346.67,2261.86,137.00,87.31
2013-07-11,238300.56,2261.85,134.00,109.72
2013-07-12,238116.11,2261.81,134.00,39.60
2013-07-13,237980.00,2261.78,134.00,63.90
2013-07-14,237800.00,2261.74,133.00,41.60
2013-07-15,237665.00,2261.71,132.00,64.31
2013-07-16,237440.00,2261.66,132.00,18.58
2013-07-17,237260.00,2261.62,132.00,41.48
2013-07-18,237032.00,2261.57,131.00,17.30
2013-07-19,236894.00,2261.54,130.00,10.00
2013-07-20,236575.00,2261.47,130.00,40.91
2013-07-21,236395.00,2261.43,132.00,43.94
2013-07-22,236215.98,2261.39,133.00,45.75
2013-07-23,235945.33,2261.33,159.00,29.14
2013-07-24,235630.00,2261.26,180.00,25.37
2013-07-25,235360.00,2261.20,179.00,50.00
2013-07-26,234910.00,2261.10,201.00,50.62
2013-07-27,234460.00,2261.00,238.00,15.00
2013-07-28,233965.98,2260.89,237.00,42.31
2013-07-29,233515.00,2260.79,236.00,18.63
2013-07-30,233064.89,2260.69,235.00,7.07
2013-07-31,232660.00,2260.60,235.00,41.87
2013-08-01,232210.00,2260.50,234.00,19.12
2013-08-02,231760.00,2260.40,235.00,19.12
2013-08-03,231310.00,2260.30,237.00,7.12
2013-08-04,230905.00,2260.21,238.00,29.81
2013-08-05,230500.22,2260.12,239.00,29.92
2013-08-06,230050.00,2260.02,241.00,7.00
2013-08-07,229600.00,2259.92,257.00,21.10
2013-08-08,228970.00,2259.78,348.00,22.48
2013-08-09,227990.00,2259.56,529.00,23.09
2013-08-10,226830.00,2259.30,701.00,97.46
2013-08-11,225666.00,2259.04,808.00,195.86
2013-08-12,223973.56,2258.66,891.00,12.38
2013-08-13,222194.00,2258.26,926.00,1.41
2013-08-14,220420.66,2257.86,929.00,3.54
2013-08-15,218776.00,2257.49,920.00,55.19
2013-08-16,217060.00,2257.10,912.00,8.59
2013-08-17,215344.00,2256.71,914.00,6.82
2013-08-18,213716.44,2256.34,911.00,48.57
2013-08-19,211912.00,2255.93,908.00,20.00
2013-08-20,210206.00,2255.54,911.00,2.60
2013-08-21,208543.56,2255.16,908.00,21.45
2013-08-22,206936.00,2254.79,910.00,46.85
2013-08-23,205195.89,2254.39,913.00,20.00
2013-08-24,203500.00,2254.00,932.00,17.96
2013-08-25,201856.20,2253.62,940.00,48.60
2013-08-26,200212.00,2253.24,920.00,26.10
2013-08-27,198621.73,2252.87,890.00,24.08
2013-08-28,197073.00,2252.51,876.00,27.20
2013-08-29,195740.00,2252.20,911.00,172.30
2013-08-30,194020.00,2251.80,963.00,21.18
2013-08-31,192226.83,2251.38,993.00,15.57
2013-09-01,190352.00,2250.94,1040.00,107.36
2013-09-02,188438.00,2250.49,1075.00,124.26
2013-09-03,186403.00,2250.01,1089.00,74.47
2013-09-04,184502.00,2249.56,1108.00,157.43
2013-09-05,182990.00,2249.20,1133.00,375.92
2013-09-06,181100.00,2248.75,1136.00,190.92
2013-09-07,179052.00,2248.26,1129.00,107.50
2013-09-08,177130.00,2247.80,1132.00,174.66
2013-09-09,175009.00,2247.29,1130.00,71.24
2013-09-10,172939.00,2246.79,1134.00,101.48
2013-09-11,170797.00,2246.27,1170.00,101.87
2013-09-12,168706.00,2245.76,1174.00,133.63
2013-09-13,166533.00,2245.23,1167.00,87.05
2013-09-14,164500.00,2244.73,1165.00,157.37
2013-09-15,162960.48,2244.35,1160.00,402.93
2013-09-16,160299.91,2243.69,1155.00,100.00
2013-09-17,158060.30,2243.13,1153.00,46.39
2013-09-18,156020.20,2242.62,1157.00,155.69
2013-09-19,154000.09,2242.11,1161.00,168.97
2013-09-20,151873.00,2241.57,1153.00,109.33
2013-09-21,149640.00,2241.00,1151.00,55.56
2013-09-22,147651.00,2240.49,1144.00,174.97
2013-09-23,145906.00,2240.04,1103.00,257.37
2013-09-24,143966.00,2239.54,1013.00,73.49
2013-09-25,142232.00,2239.09,995.00,159.70
2013-09-26,140428.19,2238.62,1005.00,95.89
2013-09-27,138667.63,2238.16,1004.00,119.13
2013-09-28,137709.00,2237.91,992.00,510.89
2013-09-29,137214.00,2237.78,936.00,689.26
2013-09-30,137631.91,2237.89,795.00,1013.38
2013-10-01,137328.09,2237.81,670.00,524.28
2013-10-02,137176.00,2237.77,654.00,585.25
2013-10-03,136568.09,2237.61,649.00,346.14
2013-10-04,135884.00,2237.43,643.00,303.15
2013-10-05,135048.00,2237.21,647.00,235.76
2013-10-06,134184.00,2236.98,652.00,225.13
2013-10-07,133918.00,2236.91,656.00,530.16
2013-10-08,133614.28,2236.83,651.00,506.22
2013-10-09,133315.00,2236.75,640.00,497.45
2013-10-10,132491.00,2236.53,634.00,231.26
2013-10-11,132342.00,2236.49,236.00,225.61
2013-10-12,132491.00,2236.53,81.00,160.26
2013-10-13,132676.00,2236.58,81.00,177.59
2013-10-14,132788.09,2236.61,81.00,141.20
2013-10-15,133091.91,2236.69,80.00,237.87
2013-10-16,133015.72,2236.67,80.00,46.29
2013-10-17,133053.81,2236.68,80.00,103.91
2013-10-18,133130.00,2236.70,80.00,123.11
2013-10-19,133130.00,2236.70,80.00,84.70
2013-10-20,133204.00,2236.72,80.00,122.01
2013-10-21,133241.00,2236.73,80.00,103.35
2013-10-22,133241.00,2236.73,80.00,82.08
2013-10-23,133241.00,2236.73,80.00,80.00
2013-10-24,133167.00,2236.71,109.00,71.89
2013-10-25,133130.00,2236.70,127.00,107.14
2013-10-26,133167.00,2236.71,107.00,124.65
2013-10-27,133015.72,2236.67,101.00,24.75
2013-10-28,133130.00,2236.70,101.00,157.60
2013-10-29,133015.72,2236.67,89.00,30.44
2013-10-30,132750.00,2236.60,84.00,31.00
2013-10-31,132864.28,2236.63,75.00,131.87
2013-11-01,132826.19,2236.62,72.00,51.79
2013-11-02,133167.00,2236.71,74.00,243.97
2013-11-03,133426.00,2236.78,75.00,204.31
2013-11-04,133426.00,2236.78,75.00,74.00
2013-11-05,133652.38,2236.84,71.00,183.47
2013-11-06,133804.75,2236.88,68.00,143.42
2013-11-07,134371.00,2237.03,57.00,341.94
2013-11-08,134819.53,2237.15,52.00,276.78
2013-11-09,135200.00,2237.25,52.00,242.22
2013-11-10,135466.19,2237.32,52.00,184.60
2013-11-11,135694.75,2237.38,52.00,165.63
2013-11-12,136074.00,2237.48,52.00,241.61
2013-11-13,136795.72,2237.67,52.00,414.27
2013-11-14,137100.00,2237.75,52.00,204.23
2013-11-15,138136.00,2238.02,53.00,574.07
2013-11-16,138781.91,2238.19,55.00,378.44
2013-11-17,139317.28,2238.33,55.00,322.72
2013-11-18,140312.00,2238.59,56.00,555.15
2013-11-19,142232.00,2239.09,59.00,1024.17
2013-11-20,143230.47,2239.35,56.00,557.55
2013-11-21,144005.00,2239.55,56.00,444.39
2013-11-22,144541.91,2239.69,55.00,323.49
2013-11-23,144931.00,2239.79,55.00,248.97
2013-11-24,145282.77,2239.88,55.00,230.15
2013-11-25,145633.00,2239.97,55.00,229.38
2013-11-26,145789.00,2240.01,55.00,131.44
2013-11-27,146062.00,2240.08,54.00,189.57
2013-11-28,146178.09,2240.11,54.00,110.41
2013-11-29,146637.00,2240.23,54.00,282.97
2013-11-30,146793.00,2240.27,54.00,131.99
2013-12-01,149640.00,2241.00,61.00,1496.10
2013-12-02,151280.00,2241.42,64.00,890.30
2013-12-03,152301.81,2241.68,58.00,573.97
2013-12-04,152936.38,2241.84,56.00,377.30
2013-12-05,153370.00,2241.95,56.00,275.00
2013-12-06,153804.00,2242.06,55.00,274.21
2013-12-07,154000.09,2242.11,55.00,154.26
2013-12-08,154399.00,2242.21,54.00,255.63
2013-12-09,154672.00,2242.28,53.00,191.64
2013-12-10,154790.09,2242.31,53.00,113.54
2013-12-11,155070.78,2242.38,53.00,195.51
2013-12-12,155270.00,2242.43,53.00,154.44
2013-12-13,155470.00,2242.48,53.00,154.83
2013-12-14,155901.00,2242.59,53.00,271.30
2013-12-15,155940.00,2242.60,53.00,73.70
2013-12-16,156179.61,2242.66,54.00,176.15
2013-12-17,156420.00,2242.72,53.00,175.28
2013-12-18,156660.00,2242.78,53.00,175.11
2013-12-19,156700.00,2242.79,53.00,74.17
2013-12-20,157180.00,2242.91,53.00,296.63
2013-12-21,157500.00,2242.99,54.00,217.23
2013-12-22,157740.00,2243.05,54.00,176.40
2013-12-23,158820.20,2243.32,55.00,601.59
2013-12-24,159260.00,2243.43,56.00,280.58
2013-12-25,159620.00,2243.52,55.00,238.57
2013-12-26,160099.41,2243.64,55.00,298.50
2013-12-27,160460.00,2243.73,45.00,228.61
2013-12-28,160904.41,2243.84,40.00,265.05
2013-12-29,161270.00,2243.93,40.00,225.32
2013-12-30,161630.00,2244.02,40.00,222.50
2013-12-31,161990.09,2244.11,40.00,222.55
2014-01-01,162229.70,2244.17,40.00,161.80
2014-01-02,162880.30,2244.33,39.00,369.03
2014-01-03,163160.00,2244.40,40.00,182.93
2014-01-04,163447.00,2244.47,39.00,185.76
2014-01-05,163690.00,2244.53,39.00,163.51
2014-01-06,163970.00,2244.60,39.00,182.17
2014-01-07,164297.80,2244.68,39.00,206.26
2014-01-08,164700.00,2244.78,39.00,243.78
2014-01-09,165108.80,2244.88,39.00,247.10
2014-01-10,165805.00,2245.05,40.00,392.89
2014-01-11,166902.20,2245.32,42.00,597.70
2014-01-12,168213.41,2245.64,47.00,710.15
2014-01-13,169403.00,2245.93,49.00,650.89
2014-01-14,170427.80,2246.18,46.00,565.04
2014-01-15,171207.70,2246.37,44.00,439.48
2014-01-16,171863.00,2246.53,43.00,375.40
2014-01-17,172359.48,2246.65,42.00,294.71
2014-01-18,172693.00,2246.73,41.00,211.48
2014-01-19,173308.80,2246.88,41.00,353.66
2014-01-20,173600.00,2246.95,41.00,190.01
2014-01-21,173974.00,2247.04,41.00,231.46
2014-01-22,174262.11,2247.11,40.00,186.06
2014-01-23,174555.80,2247.18,40.00,188.07
2014-01-24,174804.00,2247.24,40.00,165.14
2014-01-25,175092.11,2247.31,40.00,185.26
2014-01-26,175344.72,2247.37,40.00,167.36
2014-01-27,175470.00,2247.40,40.00,103.16
2014-01-28,175798.00,2247.48,39.00,204.62
2014-01-29,176504.50,2247.65,38.00,394.19
2014-01-30,176836.00,2247.73,38.00,205.13
2014-01-31,177046.00,2247.78,38.00,143.88
2014-02-01,177172.11,2247.81,38.00,101.58
2014-02-02,177382.61,2247.86,38.00,144.13
2014-02-03,177550.00,2247.90,38.00,122.39
2014-02-04,177591.00,2247.91,38.00,58.67
2014-02-05,177632.00,2247.92,37.00,58.52
2014-02-06,177755.00,2247.95,36.00,99.46
2014-02-07,177796.00,2247.96,37.00,58.67
2014-02-08,178044.00,2248.02,37.00,163.03
2014-02-09,178212.00,2248.06,37.00,122.70
2014-02-10,178673.69,2248.17,37.00,270.78
2014-02-11,179052.00,2248.26,37.00,228.79
2014-02-12,179882.00,2248.46,38.00,457.91
2014-02-13,180596.31,2248.63,40.00,401.39
2014-02-14,181310.00,2248.80,41.00,401.62
2014-02-15,181898.00,2248.94,41.00,337.96
2014-02-16,182528.00,2249.09,40.00,358.63
2014-02-17,183410.00,2249.30,40.00,485.68
2014-02-18,184082.00,2249.46,40.00,379.94
2014-02-19,184586.00,2249.58,39.00,295.12
2014-02-20,185184.00,2249.72,23.00,328.04
2014-02-21,185478.00,2249.79,23.00,173.86
2014-02-22,185688.41,2249.84,29.00,136.28
2014-02-23,186108.00,2249.94,28.00,240.95
2014-02-24,186532.00,2250.04,28.00,242.62
2014-02-25,186747.00,2250.09,26.00,136.17
2014-02-26,186874.20,2250.12,26.00,91.63
2014-02-27,187041.59,2250.16,26.00,111.89
2014-02-28,187210.00,2250.20,26.00,112.40
2014-03-01,187378.00,2250.24,25.00,112.20
2014-03-02,187802.42,2250.34,25.00,241.48
2014-03-03,188480.00,2250.50,25.00,369.11
2014-03-04,189119.48,2250.65,25.00,350.25
2014-03-05,190309.00,2250.93,27.00,628.74
2014-03-06,191718.00,2251.26,31.00,743.16
2014-03-07,193127.00,2251.59,33.00,746.22
2014-03-08,194923.00,2252.01,33.00,941.25
2014-03-09,197890.00,2252.70,38.00,1536.61
2014-03-10,200169.00,2253.23,37.00,1188.79
2014-03-11,201638.00,2253.57,35.00,778.26
2014-03-12,202806.44,2253.84,32.00,623.67
2014-03-13,203715.00,2254.05,30.00,489.46
2014-03-14,205195.89,2254.39,31.00,777.57
2014-03-15,206410.69,2254.67,32.00,644.18
2014-03-16,207718.00,2254.97,32.00,690.72
2014-03-17,209160.00,2255.30,33.00,760.03
2014-03-18,210118.00,2255.52,31.00,514.18
2014-03-19,211296.00,2255.79,30.00,624.46
2014-03-20,211956.00,2255.94,30.00,363.29
2014-03-21,212660.00,2256.10,29.00,384.46
2014-03-22,213276.00,2256.24,29.00,339.87
2014-03-23,213760.53,2256.35,29.00,273.58
2014-03-24,214244.00,2256.46,29.00,273.05
2014-03-25,214860.00,2256.60,29.00,339.87
2014-03-26,215388.00,2256.72,29.00,295.50
2014-03-27,216048.75,2256.87,29.00,362.44
2014-03-28,216928.00,2257.07,30.00,473.76
2014-03-29,217500.00,2257.20,30.00,318.96
2014-03-30,218072.33,2257.33,30.00,318.75
2014-03-31,218556.00,2257.44,30.00,274.05
2014-04-01,219135.00,2257.57,30.00,322.06
2014-04-02,219621.78,2257.68,30.00,275.35
2014-04-03,220106.00,2257.79,29.00,273.81
2014-04-04,220688.00,2257.92,30.00,323.31
2014-04-05,221615.33,2258.13,30.00,498.01
2014-04-06,222460.22,2258.32,33.00,458.81
2014-04-07,223575.00,2258.57,32.00,594.09
2014-04-08,224824.80,2258.86,32.00,662.40
2014-04-09,226334.89,2259.19,97.00,866.03
2014-04-10,227182.86,2259.38,235.00,674.58
2014-04-11,227270.00,2259.40,497.00,544.05
2014-04-12,227226.97,2259.39,588.00,564.13
2014-04-13,227138.75,2259.37,588.00,540.66
2014-04-14,227094.64,2259.36,589.00,562.62
2014-04-15,227094.64,2259.36,527.00,523.10
2014-04-16,227495.00,2259.45,400.00,602.14
2014-04-17,228389.47,2259.65,345.00,790.18
2014-04-18,229060.00,2259.80,359.00,691.48
2014-04-19,229465.98,2259.89,385.00,583.05
2014-04-20,229735.00,2259.95,507.00,637.57
2014-04-21,229600.00,2259.92,660.00,583.91
2014-04-22,229420.88,2259.88,705.00,604.80
2014-04-23,229285.55,2259.85,741.00,661.04
2014-04-24,229375.77,2259.87,802.00,836.33
2014-04-25,228925.00,2259.77,932.00,690.37
2014-04-26,227810.00,2259.52,1108.00,534.00
2014-04-27,226740.00,2259.28,1230.00,677.66
2014-04-28,225355.00,2258.97,1176.00,460.96
2014-04-29,224662.39,2258.83,841.00,481.62
2014-04-30,224220.00,2258.72,711.00,471.23
2014-05-01,224105.89,2258.69,712.00,636.43
2014-05-02,224770.66,2258.85,569.00,890.82
2014-05-03,226065.33,2259.13,478.00,1115.13
2014-05-04,227050.53,2259.35,478.00,959.79
2014-05-05,227810.00,2259.52,479.00,846.59
2014-05-06,228346.44,2259.64,479.00,734.43
2014-05-07,228745.00,2259.73,480.00,665.75
2014-05-08,229375.77,2259.87,485.00,784.01
2014-05-09,230050.00,2260.02,485.00,806.47
2014-05-10,230545.33,2260.13,486.00,716.54
2014-05-11,230724.67,2260.17,486.00,557.42
2014-05-12,231130.00,2260.26,487.00,671.39
2014-05-13,231535.55,2260.35,487.00,671.46
2014-05-14,232300.00,2260.52,488.00,852.62
2014-05-15,233560.00,2260.80,489.00,1102.75
2014-05-16,234730.00,2261.06,610.00,1176.68
2014-05-17,235314.89,2261.19,759.00,1022.90
2014-05-18,235630.00,2261.26,734.00,862.64
2014-05-19,235900.22,2261.32,650.00,759.07
2014-05-20,236260.00,2261.40,608.00,773.54
2014-05-21,236575.00,2261.47,608.00,767.11
2014-05-22,237215.11,2261.61,640.00,963.52
2014-05-23,237710.00,2261.72,715.00,966.63
2014-05-24,237800.00,2261.74,800.00,844.65
2014-05-25,237890.00,2261.76,770.00,815.79
2014-05-26,237980.00,2261.78,725.00,769.78
2014-05-27,237845.00,2261.75,710.00,641.03
2014-05-28,238070.00,2261.80,585.00,699.10
2014-05-29,238254.45,2261.84,536.00,627.17
2014-05-30,238254.45,2261.84,572.00,571.22
2014-05-31,238346.67,2261.86,549.00,594.65
2014-06-01,238620.00,2261.92,540.00,676.16
2014-06-02,238755.00,2261.95,576.00,645.70
2014-06-03,238710.00,2261.94,730.00,708.19
2014-06-04,238483.89,2261.89,810.00,694.84
2014-06-05,238530.00,2261.90,685.00,711.71
2014-06-06,238530.00,2261.90,509.00,511.45
2014-06-07,238665.00,2261.93,443.00,511.06
2014-06-08,238710.00,2261.94,522.00,545.54
2014-06-09,238665.00,2261.93,558.00,535.48
2014-06-10,238575.00,2261.91,522.00,478.38
2014-06-11,238025.00,2261.79,700.00,424.77
2014-06-12,237574.89,2261.69,660.00,432.69
2014-06-13,237394.45,2261.65,612.00,518.85
2014-06-14,236986.00,2261.56,616.00,410.57
2014-06-15,236485.00,2261.45,621.00,367.26
2014-06-16,235990.44,2261.34,621.00,370.16
2014-06-17,235675.00,2261.27,471.00,322.02
2014-06-18,235765.00,2261.29,309.00,354.69
2014-06-19,235900.22,2261.32,288.00,355.67
2014-06-20,236035.55,2261.35,288.00,355.73
2014-06-21,236080.66,2261.36,298.00,321.71
2014-06-22,236035.55,2261.35,305.00,281.75
2014-06-23,236080.66,2261.36,309.00,329.75
2014-06-24,236170.88,2261.38,309.00,355.06
2014-06-25,236260.00,2261.40,309.00,353.43
2014-06-26,236125.77,2261.37,309.00,240.57
2014-06-27,236215.98,2261.39,309.00,353.77
2014-06-28,236440.00,2261.44,309.00,421.11
2014-06-29,236485.00,2261.45,309.00,330.64
2014-06-30,236485.00,2261.45,309.00,308.17
2014-07-01,236440.00,2261.44,309.00,285.67
2014-07-02,236350.00,2261.42,309.00,262.83
2014-07-03,236260.00,2261.40,309.00,262.72
2014-07-04,236080.66,2261.36,309.00,217.24
2014-07-05,235990.44,2261.34,309.00,262.58
2014-07-06,235720.00,2261.28,309.00,171.70
2014-07-07,235720.00,2261.28,263.00,266.18
2014-07-08,235810.00,2261.30,214.00,261.38
2014-07-09,235630.00,2261.26,213.00,125.25
2014-07-10,235585.00,2261.25,212.00,193.31
2014-07-11,235450.00,2261.22,211.00,147.94
2014-07-12,235360.00,2261.20,210.00,170.63
2014-07-13,235314.89,2261.19,209.00,193.26
2014-07-14,235134.45,2261.15,211.00,127.37
2014-07-15,234910.00,2261.10,213.00,108.26
2014-07-16,234730.00,2261.06,212.00,130.59
2014-07-17,234415.00,2260.99,211.00,61.80
2014-07-18,234190.00,2260.94,210.00,107.14
2014-07-19,234010.00,2260.90,206.00,129.36
2014-07-20,233740.44,2260.84,205.00,83.74
2014-07-21,233470.00,2260.78,205.00,83.19
2014-07-22,233200.00,2260.72,204.00,84.23
2014-07-23,233200.00,2260.72,205.00,222.06
2014-07-24,233064.89,2260.69,207.00,158.18
2014-07-25,232840.44,2260.64,211.00,117.81
2014-07-26,232525.00,2260.57,210.00,71.94
2014-07-27,232210.00,2260.50,209.00,72.06
2014-07-28,231940.00,2260.44,209.00,95.87
2014-07-29,231580.66,2260.36,210.00,52.14
2014-07-30,231220.00,2260.28,209.00,51.68
2014-07-31,230905.00,2260.21,209.00,75.19
2014-08-01,230500.22,2260.12,231.00,56.45
2014-08-02,230185.00,2260.05,254.00,125.08
2014-08-03,229735.00,2259.95,253.00,57.12
2014-08-04,229240.44,2259.84,252.00,34.22
2014-08-05,228745.00,2259.73,251.00,33.12
2014-08-06,228301.00,2259.63,265.00,36.61
2014-08-07,227765.00,2259.51,308.00,35.62
2014-08-08,227139.00,2259.37,342.00,24.28
2014-08-09,226470.00,2259.22,354.00,13.23
2014-08-10,225754.00,2259.06,376.00,12.69
2014-08-11,224986.00,2258.89,414.00,19.24
2014-08-12,224465.00,2258.79,424.00,151.37
2014-08-13,224017.67,2258.67,426.00,188.12
2014-08-14,223305.00,2258.51,423.00,53.13
2014-08-15,222550.00,2258.34,425.00,29.91
2014-08-16,221795.00,2258.17,431.00,34.48
2014-08-17,220996.00,2257.99,445.00,24.88
2014-08-18,220150.00,2257.80,451.00,2.93
2014-08-19,219225.00,2257.59,514.00,26.25
2014-08-20,218116.44,2257.34,620.00,33.48
2014-08-21,216840.00,2257.50,701.00,28.74
2014-08-22,215520.00,2256.75,733.00,36.32
2014-08-23,214068.00,2256.42,776.00,45.92
2014-08-24,212528.00,2256.07,833.00,56.07
2014-08-25,210900.00,2255.70,852.00,24.04
2014-08-26,209203.11,2255.31,875.00,16.68
2014-08-27,207410.00,2254.90,925.00,17.12
2014-08-28,205670.00,2254.50,965.00,83.63
2014-08-29,203801.00,2254.07,1010.00,61.51
2014-08-30,202113.80,2253.68,1038.00,182.84
2014-08-31,200212.00,2253.24,1050.00,84.79
2014-09-01,198148.00,2252.76,1068.00,21.52
2014-09-02,196385.53,2252.35,1074.00,177.58
2014-09-03,194364.84,2251.88,1119.00,89.79
2014-09-04,192310.00,2251.40,1164.00,153.52
2014-09-05,190266.00,2250.92,1160.00,154.06
2014-09-06,188186.00,2250.43,1161.00,131.07
2014-09-07,186024.00,2249.92,1162.00,92.85
2014-09-08,183787.89,2249.39,1163.00,56.03
2014-09-09,181562.61,2248.86,1202.00,98.44
2014-09-10,179425.50,2248.35,1214.00,151.35
2014-09-11,177130.00,2247.80,1232.00,88.74
2014-09-12,174845.00,2247.25,1231.00,84.84
2014-09-13,172443.69,2246.67,1225.00,17.11
2014-09-14,170345.59,2246.16,1224.00,166.98
2014-09-15,167927.00,2245.57,1224.00,5.97
2014-09-16,165723.00,2245.03,1223.00,116.08
2014-09-17,163365.00,2244.45,1223.00,35.03
2014-09-18,161190.00,2243.91,1227.00,137.57
2014-09-19,158980.59,2243.36,1232.00,123.92
2014-09-20,156820.20,2242.82,1232.00,147.46
2014-09-21,154438.00,2242.22,1231.00,38.38
2014-09-22,152223.63,2241.66,1231.00,121.70
2014-09-23,149835.00,2241.05,1225.00,28.84
2014-09-24,147573.00,2240.47,1218.00,86.75
2014-09-25,145945.00,2240.05,1168.00,354.83
2014-09-26,143927.00,2239.53,1135.00,128.76
2014-09-27,141851.00,2238.99,1129.00,93.47
2014-09-28,139818.00,2238.46,1161.00,144.22
2014-09-29,137865.00,2237.95,1106.00,128.76
2014-09-30,136226.00,2237.52,1006.00,191.82
2014-10-01,134556.00,2237.08,940.00,107.84
2014-10-02,132826.19,2236.62,912.00,48.75
2014-10-03,131324.00,2236.22,901.00,146.74
2014-10-04,129636.00,2235.77,901.00,48.98
2014-10-05,128102.54,2235.36,907.00,133.36
2014-10-06,126474.00,2234.92,907.00,85.34
2014-10-07,124920.00,2234.50,874.00,89.81
2014-10-08,123366.00,2234.08,863.00,80.18
2014-10-09,121774.55,2233.65,863.00,62.10
2014-10-10,120192.00,2233.22,863.00,62.75
2014-10-11,118912.62,2232.87,858.00,211.13
2014-10-12,117344.00,2232.44,852.00,61.41
2014-10-13,115750.00,2232.00,863.00,56.92
2014-10-14,114336.09,2231.61,863.00,150.21
2014-10-15,113866.00,2231.48,407.00,229.33
2014-10-16,113607.00,2231.41,73.00,-53.53
2014-10-17,114048.00,2231.53,46.00,268.36
2014-10-18,114120.00,2231.55,42.00,78.30
2014-10-19,114048.00,2231.53,42.00,5.70
2014-10-20,114443.47,2231.64,43.00,241.51
2014-10-21,114372.18,2231.62,43.00,6.06
2014-10-22,115092.18,2231.82,45.00,405.81
2014-10-23,116002.00,2232.07,45.00,501.90
2014-10-24,116618.00,2232.24,45.00,353.77
2014-10-25,117056.53,2232.36,76.00,298.03
2014-10-26,118002.18,2232.62,87.00,562.24
2014-10-27,118364.00,2232.72,87.00,268.48
2014-10-28,119094.00,2232.92,99.00,464.52
2014-10-29,119750.00,2233.10,105.00,432.73
2014-10-30,120665.45,2233.35,75.00,535.18
2014-10-31,121442.00,2233.56,50.00,439.64
2014-11-01,122182.00,2233.76,42.00,413.08
2014-11-02,122626.73,2233.88,58.00,281.20
2014-11-03,123366.00,2234.08,53.00,423.82
2014-11-04,124846.00,2234.48,42.00,786.25
2014-11-05,125845.00,2234.75,42.00,543.94
2014-11-06,126807.00,2235.01,43.00,525.81
2014-11-07,127732.00,2235.26,43.00,508.76
2014-11-08,127954.18,2235.32,43.00,155.22
2014-11-09,128810.00,2235.55,43.00,474.86
2014-11-10,129408.00,2235.71,43.00,344.69
2014-11-11,129598.00,2235.76,43.00,139.07
2014-11-12,130120.00,2235.90,43.00,306.39
2014-11-13,130348.00,2235.96,43.00,158.15
2014-11-14,130685.00,2236.05,43.00,213.10
2014-11-15,130796.00,2236.08,43.00,99.16
2014-11-16,131021.45,2236.14,43.00,156.86
2014-11-17,131211.91,2236.19,43.00,139.22
2014-11-18,131324.00,2236.22,43.00,99.71
2014-11-19,131435.00,2236.25,43.00,99.16
2014-11-20,131583.00,2236.29,49.00,124.35
2014-11-21,131848.56,2236.36,56.00,190.69
2014-11-22,132602.00,2236.56,56.00,436.80
2014-11-23,133426.00,2236.78,58.00,473.45
2014-11-24,133956.00,2236.92,44.00,312.29
2014-11-25,137556.66,2237.87,43.00,1859.19
2014-11-26,141120.00,2238.80,43.00,1840.09
2014-11-27,144619.00,2239.71,42.00,1807.04
2014-11-28,147807.00,2240.53,41.00,1649.83
2014-11-29,149835.00,2241.05,42.00,1065.06
2014-11-30,150849.09,2241.31,40.00,552.69
2014-12-01,151678.00,2241.52,40.00,458.91
2014-12-02,152301.81,2241.68,40.00,355.51
2014-12-03,152780.00,2241.80,40.00,282.09
2014-12-04,153290.00,2241.93,40.00,298.13
2014-12-05,153687.00,2242.03,40.00,241.15
2014-12-06,154119.41,2242.14,40.00,259.00
2014-12-07,154477.00,2242.23,40.00,221.29
2014-12-08,154950.48,2242.35,39.00,278.80
2014-12-09,155270.00,2242.43,38.00,200.09
2014-12-10,156299.91,2242.69,38.00,558.24
2014-12-11,156940.48,2242.85,38.00,361.98
2014-12-12,157540.00,2243.00,38.00,341.26
2014-12-13,158020.20,2243.12,38.00,281.10
2014-12-14,158460.00,2243.23,38.00,260.73
2014-12-15,158860.30,2243.33,38.00,240.82
2014-12-16,159340.00,2243.45,38.00,280.85
2014-12-17,159700.00,2243.54,38.00,220.50
2014-12-18,159980.09,2243.61,38.00,180.21
2014-12-19,160460.00,2243.73,38.00,280.95
2014-12-20,161190.00,2243.91,39.00,407.71
2014-12-21,163119.91,2244.39,47.00,1021.51
2014-12-22,164380.00,2244.70,46.00,681.67
2014-12-23,166010.00,2245.10,43.00,866.65
2014-12-24,167188.91,2245.39,46.00,641.02
2014-12-25,168132.20,2245.62,43.00,519.45
2014-12-26,168870.00,2245.80,42.00,415.17
2014-12-27,169936.00,2246.06,42.00,580.90
2014-12-28,170633.00,2246.23,44.00,396.42
2014-12-29,170961.09,2246.31,42.00,208.87
2014-12-30,171371.00,2246.41,41.00,248.85
2014-12-31,171822.00,2246.52,41.00,269.38
2015-01-01,172192.11,2246.61,41.00,228.51
2015-01-02,172485.80,2246.68,40.00,189.17
2015-01-03,172775.00,2246.75,40.00,186.81
2015-01-04,173851.00,2247.01,40.00,583.84
2015-01-05,178128.00,2248.04,58.00,2216.08
2015-01-06,180428.00,2248.59,50.00,1211.61
2015-01-07,181856.00,2248.93,47.00,768.09
2015-01-08,182821.59,2249.16,44.00,532.93
2015-01-09,183662.61,2249.36,43.00,468.96
2015-01-10,184376.00,2249.53,43.00,404.07
2015-01-11,184970.69,2249.67,43.00,344.03
2015-01-12,185520.00,2249.80,42.00,320.15
2015-01-13,185897.89,2249.89,42.00,233.72
2015-01-14,186360.00,2250.00,42.00,276.18
2015-01-15,186874.20,2250.12,42.00,302.44
2015-01-16,187252.00,2250.21,42.00,233.67
2015-01-17,188144.00,2250.42,42.00,493.00
2015-01-18,189245.80,2250.68,44.00,601.15
2015-01-19,190137.89,2250.89,46.00,498.28
2015-01-20,190778.00,2251.04,45.00,369.52
2015-01-21,191287.58,2251.16,44.00,302.51
2015-01-22,191932.11,2251.31,43.00,370.45
2015-01-23,192826.00,2251.52,43.00,496.15
2015-01-24,194579.00,2251.93,44.00,930.30
2015-01-25,196256.20,2252.32,43.00,891.62
2015-01-26,197331.00,2252.57,43.00,587.48
2015-01-27,198320.00,2252.80,43.00,544.21
2015-01-28,199180.00,2253.00,43.00,478.71
2015-01-29,199910.69,2253.17,41.00,412.79
2015-01-30,200470.00,2253.30,41.00,326.39
2015-01-31,201201.00,2253.47,41.00,412.95
2015-02-01,201813.11,2253.61,41.00,353.01
2015-02-02,202415.00,2253.75,41.00,347.85
2015-02-03,202938.75,2253.87,41.00,308.54
2015-02-04,203543.00,2254.01,41.00,349.06
2015-02-05,204325.89,2254.19,42.00,440.05
2015-02-06,205670.00,2254.50,42.00,723.26
2015-02-07,207366.89,2254.89,43.00,902.07
2015-02-08,208940.00,2255.25,43.00,840.33
2015-02-09,210470.00,2255.60,43.00,818.28
2015-02-10,212264.00,2256.01,44.00,952.48
2015-02-11,213804.64,2256.36,44.00,824.74
2015-02-12,214904.11,2256.61,43.00,602.23
2015-02-13,215872.33,2256.83,42.00,535.03
2015-02-14,216840.00,2257.05,42.00,534.67
2015-02-15,217588.00,2257.22,42.00,423.92
2015-02-16,218336.97,2257.39,42.00,424.41
2015-02-17,218865.00,2257.51,42.00,313.02
2015-02-18,219402.33,2257.63,41.00,317.75
2015-02-19,219930.00,2257.75,43.00,313.60
2015-02-20,220555.98,2257.89,42.00,363.60
2015-02-21,220864.00,2257.96,42.00,203.29
2015-02-22,221392.00,2258.08,42.00,314.20
2015-02-23,221749.56,2258.16,42.00,228.27
2015-02-24,221974.00,2258.21,32.00,151.58
2015-02-25,222370.00,2258.30,32.00,237.41
2015-02-26,222685.77,2258.37,42.00,207.20
2015-02-27,223128.00,2258.47,43.00,271.66
2015-02-28,223440.00,2258.54,42.00,205.30
2015-03-01,223754.11,2258.61,41.00,206.36
2015-03-02,223929.47,2258.65,41.00,136.41
2015-03-03,224150.00,2258.70,41.00,159.18
2015-03-04,224325.00,2258.75,41.00,136.08
2015-03-05,224465.00,2258.79,41.00,118.04
2015-03-06,224554.13,2258.81,41.00,92.46
2015-03-07,224878.92,2258.87,41.00,211.39
2015-03-08,225085.00,2258.91,41.00,151.89
2015-03-09,225310.00,2258.96,41.00,154.44
2015-03-10,225534.00,2259.01,41.00,153.93
2015-03-11,225754.00,2259.06,41.00,151.92
2015-03-12,226020.22,2259.12,41.00,175.22
2015-03-13,226425.00,2259.21,41.00,245.08
2015-03-14,227765.00,2259.51,42.00,717.27
2015-03-15,229600.00,2259.92,42.00,967.15
2015-03-16,230679.56,2260.16,42.00,586.17
2015-03-17,231535.55,2260.35,41.00,472.56
2015-03-18,232120.00,2260.48,41.00,335.66
2015-03-19,232705.11,2260.61,41.00,335.99
2015-03-20,233200.00,2260.72,35.00,285.78
2015-03-21,233785.55,2260.85,42.00,337.21
2015-03-22,234325.00,2260.97,42.00,313.97
2015-03-23,234820.00,2261.08,42.00,291.56
2015-03-24,235269.78,2261.18,42.00,268.76
2015-03-25,236125.77,2261.37,42.00,474.15
2015-03-26,236940.00,2261.55,43.00,453.71
2015-03-27,237845.00,2261.75,43.00,499.06
2015-03-28,238485.02,2261.89,183.00,533.78
2015-03-29,238710.00,2261.94,337.00,451.63
2015-03-30,238575.00,2261.91,447.00,383.01
2015-03-31,238755.00,2261.95,455.00,546.97
2015-04-01,238620.00,2261.92,500.00,433.76
2015-04-02,238438.91,2261.88,422.00,336.10
2015-04-03,238392.78,2261.87,278.00,259.06
2015-04-04,238575.00,2261.91,193.00,288.41
2015-04-05,238620.00,2261.92,179.00,204.69
2015-04-06,238845.00,2261.97,178.00,295.16
2015-04-07,238755.00,2261.95,216.00,179.16
2015-04-08,238665.00,2261.93,242.00,202.36
2015-04-09,238530.00,2261.90,217.00,156.05
2015-04-10,238710.00,2261.94,193.00,292.11
2015-04-11,238800.00,2261.96,209.00,268.70
2015-04-12,238483.89,2261.89,348.00,180.17
2015-04-13,238392.78,2261.87,288.00,237.56
2015-04-14,238346.67,2261.86,242.00,216.88
2015-04-15,238254.45,2261.84,241.00,193.51
2015-04-16,238070.00,2261.80,240.00,147.04
2015-04-17,237935.00,2261.77,240.00,171.94
2015-04-18,237755.00,2261.73,240.00,149.25
2015-04-19,237665.00,2261.71,241.00,194.62
2015-04-20,237665.00,2261.71,241.00,240.00
2015-04-21,237665.00,2261.71,241.00,239.97
2015-04-22,237620.00,2261.70,241.00,217.19
2015-04-23,237574.89,2261.69,242.00,217.13
2015-04-24,237484.67,2261.67,242.00,194.26
2015-04-25,237484.67,2261.67,212.00,211.47
2015-04-26,237304.23,2261.63,192.00,98.51
2015-04-27,237260.22,2261.62,175.00,151.08
2015-04-28,237394.45,2261.65,170.00,235.18
2015-04-29,237349.34,2261.64,175.00,149.67
2015-04-30,237260.22,2261.62,193.00,145.50
2015-05-01,237124.00,2261.59,226.00,153.00
2015-05-02,236940.00,2261.55,244.00,148.36
2015-05-03,236710.00,2261.50,250.00,131.29
2015-05-04,236530.00,2261.46,253.00,158.64
2015-05-05,235990.44,2261.34,481.00,215.30
2015-05-06,235089.34,2261.14,587.00,125.05
2015-05-07,234550.00,2261.02,433.00,159.79
2015-05-08,234145.00,2260.93,342.00,133.28
2015-05-09,233740.44,2260.84,339.00,127.70
2015-05-10,233335.00,2260.75,343.00,130.69
2015-05-11,232929.56,2260.66,343.00,132.06
2015-05-12,232839.34,2260.64,343.00,291.01
2015-05-13,232570.00,2260.58,343.00,200.71
2015-05-14,232300.00,2260.52,326.00,182.15
2015-05-15,231940.00,2260.44,317.00,127.58
2015-05-16,231535.55,2260.35,319.00,105.03
2015-05-17,231175.00,2260.27,345.00,152.15
2015-05-18,230634.45,2260.15,387.00,100.22
2015-05-19,230185.00,2260.05,461.00,215.61
2015-05-20,229510.00,2259.90,483.00,124.08
2015-05-21,228745.00,2259.73,489.00,83.29
2015-05-22,228080.00,2259.58,495.00,136.48
2015-05-23,227405.00,2259.43,497.00,131.19
2015-05-24,226695.00,2259.27,500.00,113.00
2015-05-25,225886.00,2259.09,502.00,62.59
2015-05-26,225130.00,2258.92,540.00,125.61
2015-05-27,223929.47,2258.65,703.00,58.38
2015-05-28,222238.00,2258.27,979.00,75.13
2015-05-29,220776.00,2257.94,885.00,106.90
2015-05-30,219710.00,2257.70,655.00,74.68
2015-05-31,218644.00,2257.46,655.00,73.32
2015-06-01,217411.78,2257.18,650.00,50.00
2015-06-02,216356.00,2256.94,630.00,59.30
2015-06-03,215300.00,2256.70,603.00,28.72
2015-06-04,214376.00,2256.49,578.00,72.67
2015-06-05,213276.00,2256.24,567.00,6.72
2015-06-06,212308.00,2256.02,560.00,81.15
2015-06-07,211384.11,2255.81,545.00,86.72
2015-06-08,210426.00,2255.59,515.00,43.34
2015-06-09,209546.89,2255.39,487.00,56.62
2015-06-10,208720.00,2255.20,449.00,44.86
2015-06-11,207762.00,2254.98,435.00,32.00
2015-06-12,206936.00,2254.79,439.00,38.68
2015-06-13,206153.11,2254.61,443.00,62.98
2015-06-14,205369.00,2254.43,443.00,63.68
2015-06-15,204542.00,2254.24,443.00,41.72
2015-06-16,203715.00,2254.05,447.00,47.97
2015-06-17,202806.44,2253.84,451.00,8.93
2015-06-18,201856.20,2253.62,455.00,30.00
2015-06-19,201029.00,2253.43,455.00,54.87
2015-06-20,200169.00,2253.23,455.00,38.04
2015-06-21,199352.00,2253.04,455.00,59.05
2015-06-22,198449.31,2252.83,443.00,1.98
2015-06-23,197631.38,2252.64,435.00,38.81
2015-06-24,196815.00,2252.45,443.00,47.41
2015-06-25,195912.00,2252.24,463.00,22.59
2015-06-26,194966.00,2252.02,471.00,11.25
2015-06-27,194149.31,2251.83,483.00,89.86
2015-06-28,193213.11,2251.61,487.00,34.13
2015-06-29,192267.89,2251.39,495.00,37.20
2015-06-30,191330.69,2251.17,500.00,43.66
2015-07-01,190309.00,2250.93,500.00,1.70
2015-07-02,189245.80,2250.68,558.00,38.75
2015-07-03,188060.00,2250.40,581.00,2.54
2015-07-04,186915.28,2250.13,581.00,23.01
2015-07-05,185814.72,2249.87,581.00,44.62
2015-07-06,184628.00,2249.59,581.00,22.00
2015-07-07,183494.20,2249.32,576.00,24.13
2015-07-08,182444.00,2249.07,581.00,68.72
2015-07-09,181184.00,2248.77,590.00,27.00
2015-07-10,180050.00,2248.50,605.00,48.92
2015-07-11,178842.00,2248.21,615.00,19.49
2015-07-12,177591.00,2247.91,622.00,2.09
2015-07-13,176341.09,2247.61,623.00,19.00
2015-07-14,175050.00,2247.30,635.00,19.00
2015-07-15,173810.00,2247.00,641.00,3.57
2015-07-16,172611.00,2246.71,638.00,22.20
2015-07-17,171330.00,2246.40,640.00,20.00
2015-07-18,170059.00,2246.09,642.00,17.00
2015-07-19,168870.00,2245.80,639.00,23.19
2015-07-20,167558.00,2245.48,646.00,10.00
2015-07-21,166329.80,2245.18,653.00,8.88
2015-07-22,164985.50,2244.85,655.00,11.00
2015-07-23,163690.00,2244.53,667.00,11.00
2015-07-24,162432.00,2244.22,674.00,11.80
2015-07-25,161190.00,2243.91,680.00,26.04
2015-07-26,159980.09,2243.61,682.00,41.15
2015-07-27,158700.00,2243.29,684.00,3.60
2015-07-28,157500.00,2242.99,681.00,41.17
2015-07-29,156179.61,2242.66,693.00,-11.74
2015-07-30,154910.39,2242.34,695.00,15.57
2015-07-31,153609.00,2242.01,720.00,66.36
2015-08-01,152301.81,2241.68,740.00,78.77
2015-08-02,151005.48,2241.35,735.00,82.16
2015-08-03,149445.00,2240.95,745.00,-39.77
2015-08-04,148080.00,2240.60,755.00,64.39
2015-08-05,146715.00,2240.25,750.00,61.76
2015-08-06,145594.00,2239.96,660.00,93.44
2015-08-07,144351.44,2239.64,640.00,11.66
2015-08-08,143154.28,2239.33,665.00,60.70
2015-08-09,141966.00,2239.02,665.00,67.73
2015-08-10,140700.91,2238.69,680.00,41.01
2015-08-11,139550.91,2238.39,700.00,118.67
2015-08-12,138212.00,2238.04,695.00,20.38
2015-08-13,136833.81,2237.68,735.00,38.63
2015-08-14,135428.09,2237.31,790.00,83.34
2015-08-15,134032.00,2236.94,790.00,85.56
2015-08-16,132788.09,2236.61,680.00,56.39
2015-08-17,131696.19,2236.32,603.00,53.67
2015-08-18,130500.00,2236.00,663.00,58.45
2015-08-19,129074.18,2235.62,780.00,58.28
2015-08-20,127361.64,2235.16,871.00,2.61
2015-08-21,125734.00,2234.72,940.00,132.33
2015-08-22,123995.00,2234.25,987.00,116.05
2015-08-23,122108.00,2233.74,1017.00,73.22
2015-08-24,120045.82,2233.18,1075.00,36.86
2015-08-25,117930.00,2232.60,1165.00,98.38
2015-08-26,115676.00,2231.98,1250.00,104.70
2015-08-27,113318.27,2231.33,1310.00,105.21
2015-08-28,110572.00,2230.57,1402.00,-5.95
2015-08-29,108107.82,2229.88,1416.00,154.52
2015-08-30,105900.00,2229.26,1352.00,224.14
2015-08-31,103664.40,2228.63,1265.00,127.37
2015-09-01,101685.00,2228.07,1119.00,111.52
2015-09-02,100065.09,2227.61,950.00,131.43
2015-09-03,98454.57,2227.15,913.00,98.18
2015-09-04,96809.83,2226.68,970.00,141.91
2015-09-05,94989.66,2226.16,972.00,58.22
2015-09-06,93400.00,2225.70,958.00,166.28
2015-09-07,91670.00,2225.20,943.00,85.81
2015-09-08,90158.00,2224.72,907.00,160.86
2015-09-09,88766.00,2224.24,851.00,164.95
2015-09-10,87403.00,2223.77,788.00,101.78
2015-09-11,86040.00,2223.30,802.00,115.71
2015-09-12,84648.14,2222.82,815.00,117.28
2015-09-13,83198.14,2222.32,804.00,77.47
2015-09-14,81729.07,2221.81,793.00,58.02
2015-09-15,80289.07,2221.31,782.00,65.56
2015-09-16,78994.42,2220.86,741.00,96.16
2015-09-17,77815.00,2220.45,690.00,107.43
2015-09-18,76604.00,2220.03,674.00,74.79
2015-09-19,75428.14,2219.62,667.00,86.81
2015-09-20,74365.00,2219.25,666.00,142.96
2015-09-21,73099.07,2218.81,660.00,37.46
2015-09-22,71891.93,2218.39,654.00,60.44
2015-09-23,70722.00,2217.98,648.00,73.68
2015-09-24,69572.00,2217.58,642.00,80.05
2015-09-25,68334.65,2217.15,706.00,99.40
2015-09-26,66760.00,2216.60,790.00,18.91
2015-09-27,65330.00,2216.10,813.00,116.20
2015-09-28,63881.00,2215.59,838.00,134.62
2015-09-29,62171.00,2214.99,853.00,16.06
2015-09-30,60630.00,2214.45,852.00,103.12
2015-10-01,59060.00,2213.90,847.00,84.43
2015-10-02,57472.27,2213.34,863.00,87.84
2015-10-03,55744.00,2212.73,858.00,13.46
2015-10-04,54183.86,2212.18,852.00,95.31
2015-10-05,52598.14,2211.62,852.00,79.57
2015-10-06,51102.00,2211.09,852.00,126.89
2015-10-07,49496.00,2210.52,852.00,67.86
2015-10-08,48142.00,2210.04,836.00,181.88
2015-10-09,46732.00,2209.54,825.00,140.78
2015-10-10,45098.00,2208.96,863.00,66.18
2015-10-11,43716.00,2208.47,868.00,200.90
2015-10-12,42512.00,2208.04,675.00,95.66
2015-10-13,41493.86,2207.68,630.00,142.72
2015-10-14,40346.00,2207.27,617.00,40.11
2015-10-15,39503.00,2206.97,523.00,96.88
2015-10-16,38711.93,2206.69,469.00,68.11
2015-10-17,37984.00,2206.43,465.00,95.48
2015-10-18,37396.00,2206.22,421.00,123.84
2015-10-19,36948.00,2206.06,367.00,141.29
2015-10-20,36584.00,2205.93,146.00,-16.07
2015-10-21,36780.00,2206.00,44.00,143.63
2015-10-22,36724.00,2205.98,39.00,11.28
2015-10-23,36136.00,2205.77,74.00,-220.53
2015-10-24,35771.59,2205.64,122.00,-61.13
2015-10-25,35688.07,2205.61,124.00,85.89
2015-10-26,35688.07,2205.61,97.00,104.60
2015-10-27,35604.00,2205.58,86.00,49.98
2015-10-28,35688.07,2205.61,80.00,127.94
2015-10-29,35576.00,2205.57,77.00,26.50
2015-10-30,37032.00,2206.09,50.00,793.89
2015-10-31,41718.00,2207.76,27.00,2393.06
2015-11-01,44756.29,2208.84,27.00,1562.68
2015-11-02,46452.00,2209.44,27.00,886.02
2015-11-03,47320.00,2209.75,27.00,468.72
2015-11-04,48002.00,2209.99,27.00,374.94
2015-11-05,48561.93,2210.19,27.00,313.40
2015-11-06,49244.00,2210.43,27.00,374.98
2015-11-07,49356.00,2210.47,27.00,87.57
2015-11-08,50084.00,2210.73,27.00,398.15
2015-11-09,50425.36,2210.85,27.00,203.25
2015-11-10,50934.00,2211.03,27.00,287.85
2015-11-11,51074.00,2211.08,28.00,102.58
2015-11-12,51526.00,2211.24,28.00,259.85
2015-11-13,54665.36,2212.35,28.00,1614.93
2015-11-14,58405.79,2213.67,29.00,1918.95
2015-11-15,60088.00,2214.26,27.00,878.79
2015-11-16,61543.00,2214.77,26.00,763.76
2015-11-17,68854.20,2217.33,39.00,3729.72
2015-11-18,73418.00,2218.92,28.00,2333.00
2015-11-19,75399.07,2219.61,27.00,1029.97
2015-11-20,76660.00,2220.05,26.00,666.00
2015-11-21,77554.42,2220.36,28.00,482.85
2015-11-22,78240.00,2220.60,28.00,378.14
2015-11-23,78907.21,2220.83,28.00,368.39
2015-11-24,79400.00,2221.00,28.00,280.45
2015-11-25,79882.79,2221.17,28.00,275.41
2015-11-26,80260.00,2221.30,27.00,221.71
2015-11-27,80637.00,2221.43,27.00,221.17
2015-11-28,80952.00,2221.54,27.00,189.91
2015-11-29,81206.50,2221.63,27.00,159.53
2015-11-30,81468.00,2221.72,27.00,163.03
2015-12-01,81758.14,2221.82,27.00,177.72
2015-12-02,81990.00,2221.90,28.00,148.50
2015-12-03,82392.00,2222.04,28.00,234.61
2015-12-04,82646.50,2222.13,28.00,160.31
2015-12-05,82908.00,2222.22,28.00,163.84
2015-12-06,83400.93,2222.39,28.00,280.57
2015-12-07,84270.93,2222.69,29.00,471.68
2015-12-08,87200.00,2223.70,36.00,1516.87
2015-12-09,94815.09,2226.11,51.00,3896.34
2015-12-10,97790.00,2226.96,32.00,1536.08
2015-12-11,99259.83,2227.38,26.00,771.08
2015-12-12,100625.00,2227.77,24.00,716.07
2015-12-13,101755.00,2228.09,24.00,597.59
2015-12-14,102500.00,2228.30,25.00,404.00
2015-12-15,103344.00,2228.54,25.00,453.66
2015-12-16,103874.91,2228.69,25.00,297.09
2015-12-17,104692.00,2228.92,25.00,440.92
2015-12-18,105509.56,2229.15,28.00,444.09
2015-12-19,105865.00,2229.25,30.00,213.20
2015-12-20,106652.00,2229.47,30.00,430.78
2015-12-21,107289.56,2229.65,30.00,355.44
2015-12-22,107785.00,2229.79,30.00,283.78
2015-12-23,108680.00,2230.04,30.00,485.23
2015-12-24,109105.65,2230.16,30.00,248.42
2015-12-25,109394.00,2230.24,29.00,178.39
2015-12-26,109646.09,2230.31,29.00,160.09
2015-12-27,109970.00,2230.40,29.00,196.31
2015-12-28,110180.00,2230.46,29.00,138.88
2015-12-29,110464.00,2230.54,29.00,176.18
2015-12-30,110572.00,2230.57,29.00,87.45
2015-12-31,110787.38,2230.63,29.00,141.59
2016-01-01,111003.91,2230.69,29.00,142.17
2016-01-02,111148.00,2230.73,29.00,105.64
2016-01-03,111436.09,2230.81,29.00,178.24
2016-01-04,111723.91,2230.89,29.00,178.11
2016-01-05,111945.00,2230.95,29.00,144.46
2016-01-06,112130.00,2231.00,29.00,126.27
2016-01-07,112238.00,2231.03,29.00,87.45
2016-01-08,112418.00,2231.08,29.00,123.75
2016-01-09,112633.47,2231.14,29.00,141.63
2016-01-10,112705.65,2231.16,29.00,69.39
2016-01-11,112850.00,2231.20,29.00,105.78
2016-01-12,113210.00,2231.30,29.00,214.50
2016-01-13,113570.00,2231.40,29.00,214.50
2016-01-14,113533.91,2231.39,29.00,14.81
2016-01-15,113755.00,2231.45,29.00,144.46
2016-01-16,114084.00,2231.54,29.00,198.87
2016-01-17,114300.00,2231.60,29.00,141.90
2016-01-18,114407.38,2231.63,29.00,87.14
2016-01-19,114732.00,2231.72,29.00,196.66
2016-01-20,114840.00,2231.75,29.00,87.86
2016-01-21,115272.62,2231.87,30.00,252.11
2016-01-22,115343.91,2231.89,30.00,69.95
2016-01-23,115822.00,2232.02,30.00,275.04
2016-01-24,116146.09,2232.11,30.00,197.39
2016-01-25,116146.09,2232.11,30.00,34.00
2016-01-26,116397.82,2232.18,30.00,160.92
2016-01-27,116618.00,2232.24,30.00,145.01
2016-01-28,117708.00,2232.54,31.00,584.78
2016-01-29,118586.00,2232.78,32.00,479.30
2016-01-30,119353.00,2232.99,32.00,423.44
2016-01-31,119787.09,2233.11,31.00,254.86
2016-02-01,120192.00,2233.22,31.00,240.14
2016-02-02,120591.27,2233.33,31.00,237.30
2016-02-03,121183.00,2233.49,31.00,334.33
2016-02-04,121553.00,2233.59,31.00,222.54
2016-02-05,122145.00,2233.75,31.00,334.60
2016-02-06,122589.63,2233.87,33.00,261.96
2016-02-07,122922.00,2233.96,32.00,205.00
2016-02-08,123181.00,2234.03,32.00,167.58
2016-02-09,123550.37,2234.13,31.00,222.71
2016-02-10,123847.00,2234.21,31.00,185.55
2016-02-11,124402.54,2234.36,31.00,316.27
2016-02-12,125031.00,2234.53,32.00,353.85
2016-02-13,125808.00,2234.74,33.00,430.11
2016-02-14,127250.37,2235.13,36.00,768.69
2016-02-15,132939.53,2236.65,50.00,2923.61
2016-02-16,136606.19,2237.62,47.00,1901.20
2016-02-17,139124.00,2238.28,41.00,1316.28
2016-02-18,141044.00,2238.78,40.00,1013.33
2016-02-19,142383.34,2239.13,38.00,718.90
2016-02-20,143615.00,2239.45,38.00,663.69
2016-02-21,144853.00,2239.77,37.00,665.75
2016-02-22,145516.00,2239.94,36.00,375.26
2016-02-23,146140.00,2240.10,36.00,355.42
2016-02-24,146793.00,2240.27,35.00,369.22
2016-02-25,147456.00,2240.44,35.00,374.26
2016-02-26,147807.00,2240.53,35.00,216.96
2016-02-27,148509.00,2240.71,35.00,393.93
2016-02-28,149367.00,2240.93,36.00,473.11
2016-02-29,150069.09,2241.11,37.00,395.80
2016-03-01,151160.91,2241.39,37.00,592.89
2016-03-02,152068.19,2241.62,39.00,501.55
2016-03-03,152936.38,2241.84,38.00,481.49
2016-03-04,153450.00,2241.97,38.00,302.15
2016-03-05,154633.00,2242.27,38.00,639.89
2016-03-06,155706.00,2242.54,40.00,586.70
2016-03-07,156900.39,2242.84,39.00,646.57
2016-03-08,157740.00,2243.05,38.00,466.32
2016-03-09,158900.39,2243.34,36.00,626.36
2016-03-10,159660.00,2243.53,36.00,424.21
2016-03-11,160580.00,2243.76,36.00,504.83
2016-03-12,161150.00,2243.90,35.00,327.69
2016-03-13,161990.09,2244.11,35.00,463.56
2016-03-14,162719.00,2244.29,35.00,407.49
2016-03-15,163324.00,2244.44,34.00,344.46
2016-03-16,163930.00,2244.59,34.00,344.53
2016-03-17,164215.59,2244.66,33.00,182.17
2016-03-18,164740.00,2244.79,33.00,302.39
2016-03-19,165107.80,2244.88,32.00,222.54
2016-03-20,165723.00,2245.03,32.00,347.17
2016-03-21,166129.31,2245.13,32.00,241.85
2016-03-22,166615.00,2245.25,32.00,281.87
2016-03-23,167394.00,2245.44,32.00,429.75
2016-03-24,168254.50,2245.65,33.00,471.64
2016-03-25,168993.30,2245.83,32.00,409.92
2016-03-26,169731.00,2246.01,31.00,408.06
2016-03-27,170468.91,2246.19,31.00,407.61
2016-03-28,171043.30,2246.33,30.00,324.87
2016-03-29,171658.00,2246.48,29.00,343.91
2016-03-30,172150.00,2246.60,29.00,281.99
2016-03-31,172857.00,2246.77,28.00,389.62
2016-04-01,173851.00,2247.01,28.00,534.14
2016-04-02,175260.52,2247.35,28.00,743.63
2016-04-03,176794.00,2247.72,28.00,806.17
2016-04-04,178547.39,2248.14,29.00,917.90
2016-04-05,179840.00,2248.45,29.00,685.69
2016-04-06,180974.00,2248.72,29.00,605.73
2016-04-07,182108.00,2248.99,29.00,605.73
2016-04-08,183830.00,2249.40,29.00,902.18
2016-04-09,185982.00,2249.91,29.00,1118.97
2016-04-10,187973.80,2250.38,29.00,1038.20
2016-04-11,189588.00,2250.76,29.00,847.83
2016-04-12,190988.00,2251.09,29.00,739.83
2016-04-13,192058.41,2251.34,29.00,573.24
2016-04-14,193427.58,2251.66,29.00,723.98
2016-04-15,194406.89,2251.89,28.00,526.74
2016-04-16,195267.00,2252.09,28.00,466.64
2016-04-17,196213.11,2252.31,28.00,510.00
2016-04-18,197546.20,2252.62,28.00,705.06
2016-04-19,199309.00,2253.03,28.00,921.74
2016-04-20,201550.00,2253.55,28.00,1162.84
2016-04-21,203974.11,2254.11,27.00,1254.03
2016-04-22,206281.38,2254.64,28.00,1195.86
2016-04-23,208065.00,2255.05,28.00,932.18
2016-04-24,209678.00,2255.42,28.00,846.22
2016-04-25,210900.00,2255.70,28.00,649.09
2016-04-26,211912.00,2255.93,27.00,542.58
2016-04-27,212923.56,2256.16,27.00,541.93
2016-04-28,213760.53,2256.35,27.00,453.28
2016-04-29,214640.00,2256.55,27.00,474.50
2016-04-30,215564.00,2256.76,27.00,496.95
2016-05-01,216532.00,2256.98,27.00,518.96
2016-05-02,217808.00,2257.27,26.00,673.65
2016-05-03,219445.36,2257.64,26.00,855.89
2016-05-04,221128.00,2258.02,27.00,879.38
2016-05-05,222774.89,2258.39,27.00,860.98
2016-05-06,224185.00,2258.71,26.00,741.28
2016-05-07,225842.00,2259.08,27.00,866.15
2016-05-08,227495.00,2259.45,27.00,864.23
2016-05-09,228790.00,2259.74,26.00,683.07
2016-05-10,229870.00,2259.98,26.00,574.48
2016-05-11,230860.00,2260.20,26.00,529.06
2016-05-12,231850.00,2260.42,26.00,529.26
2016-05-13,233019.78,2260.68,25.00,619.18
2016-05-14,234190.00,2260.94,25.00,619.61
2016-05-15,235314.89,2261.19,25.00,596.74
2016-05-16,236305.00,2261.41,36.00,542.78
2016-05-17,237260.22,2261.62,79.00,571.18
2016-05-18,237845.00,2261.75,190.00,511.76
2016-05-19,238845.00,2261.97,415.00,947.43
2016-05-20,238346.67,2261.86,695.00,467.14
2016-05-21,238070.00,2261.80,740.00,624.08
2016-05-22,237755.00,2261.73,574.00,460.49
2016-05-23,237800.00,2261.74,407.00,486.48
2016-05-24,238025.00,2261.79,316.00,478.32
2016-05-25,238162.22,2261.82,267.00,338.39
2016-05-26,238300.56,2261.85,280.00,352.12
2016-05-27,238346.67,2261.86,291.00,314.78
2016-05-28,238392.78,2261.87,291.00,314.36
2016-05-29,238346.67,2261.86,277.00,254.16
2016-05-30,238392.78,2261.87,270.00,292.56
2016-05-31,238392.78,2261.87,270.00,269.94
2016-06-01,238392.78,2261.87,270.00,270.00
2016-06-02,238530.00,2261.90,356.00,417.67
2016-06-03,238208.34,2261.83,536.00,353.29
2016-06-04,237935.00,2261.77,531.00,371.20
2016-06-05,237935.00,2261.77,379.00,362.34
2016-06-06,238070.00,2261.80,305.00,355.29
2016-06-07,238162.22,2261.82,295.00,322.56
2016-06-08,238025.00,2261.79,295.00,206.51
2016-06-09,238025.00,2261.79,295.00,275.54
2016-06-10,237845.00,2261.75,291.00,184.14
2016-06-11,237710.00,2261.72,291.00,206.79
2016-06-12,237394.45,2261.65,291.00,114.85
2016-06-13,237260.22,2261.62,291.00,206.19
2016-06-14,237032.00,2261.57,291.00,158.90
2016-06-15,236756.00,2261.51,291.00,134.46
2016-06-16,236395.00,2261.43,302.00,101.25
2016-06-17,236035.55,2261.35,322.00,140.95
2016-06-18,236080.66,2261.36,322.00,345.24
2016-06-19,235810.00,2261.30,322.00,186.01
2016-06-20,235450.00,2261.22,321.00,140.93
2016-06-21,235224.67,2261.17,321.00,208.68
2016-06-22,235000.22,2261.12,321.00,209.19
2016-06-23,234685.00,2261.05,321.00,163.10
2016-06-24,234460.00,2261.00,320.00,208.70
2016-06-25,234325.00,2260.97,320.00,253.84
2016-06-26,233919.78,2260.88,320.00,116.62
2016-06-27,233560.00,2260.80,330.00,151.50
2016-06-28,233200.00,2260.72,361.00,182.71
2016-06-29,232705.11,2260.61,361.00,115.32
2016-06-30,232255.00,2260.51,373.00,149.18
2016-07-01,231669.78,2260.38,386.00,91.95
2016-07-02,231130.00,2260.26,399.00,125.90
2016-07-03,230455.11,2260.11,417.00,76.26
2016-07-04,229690.00,2259.94,430.00,41.92
2016-07-05,228970.00,2259.78,447.00,80.42
2016-07-06,228258.22,2259.62,449.00,84.27
2016-07-07,227630.00,2259.48,450.00,126.31
2016-07-08,226874.11,2259.31,456.00,66.61
2016-07-09,226199.56,2259.16,457.00,106.73
2016-07-10,225490.00,2259.00,454.00,86.62
2016-07-11,224608.27,2258.82,456.00,-0.77
2016-07-12,223841.25,2258.63,457.00,56.34
2016-07-13,223128.00,2258.47,459.00,83.40
2016-07-14,222326.00,2258.29,460.00,38.66
2016-07-15,221570.22,2258.12,461.00,61.44
2016-07-16,220776.00,2257.94,463.00,40.58
2016-07-17,219974.00,2257.76,460.00,36.32
2016-07-18,219270.00,2257.60,462.00,84.23
2016-07-19,218556.00,2257.44,463.00,78.71
2016-07-20,217764.00,2257.26,459.00,101.44
2016-07-21,217148.22,2257.12,459.00,188.91
2016-07-22,216356.00,2256.94,459.00,59.59
2016-07-23,215652.00,2256.78,459.00,104.07
2016-07-24,214772.00,2256.58,459.00,15.33
2016-07-25,213935.89,2256.39,463.00,82.29
2016-07-26,213100.00,2256.20,467.00,86.45
2016-07-27,212308.00,2256.02,479.00,121.93
2016-07-28,211428.22,2255.82,514.00,69.69
2016-07-29,210382.00,2255.58,528.00,-0.64
2016-07-30,209461.73,2255.37,542.00,75.14
2016-07-31,208455.36,2255.14,547.00,36.65
2016-08-01,207454.00,2254.91,543.00,36.88
2016-08-02,206584.00,2254.71,553.00,109.02
2016-08-03,205541.00,2254.47,563.00,31.97
2016-08-04,204585.00,2254.25,563.00,74.05
2016-08-05,203543.00,2254.01,560.00,29.03
2016-08-06,202501.00,2253.77,560.00,28.44
2016-08-07,201418.00,2253.52,561.00,7.07
2016-08-08,200427.00,2253.29,561.00,52.04
2016-08-09,199395.00,2253.05,558.00,29.19
2016-08-10,198492.42,2252.84,558.00,93.95
2016-08-11,197417.00,2252.59,559.00,6.39
2016-08-12,196471.73,2252.37,560.00,71.70
2016-08-13,195481.38,2252.14,565.00,55.37
2016-08-14,194450.00,2251.90,570.00,37.64
2016-08-15,193341.38,2251.64,584.00,13.90
2016-08-16,192225.80,2251.38,594.00,17.92
2016-08-17,191158.27,2251.13,603.00,51.94
2016-08-18,190054.72,2250.87,613.00,41.75
2016-08-19,188994.20,2250.62,609.00,61.25
2016-08-20,187802.42,2250.34,610.00,-6.06
2016-08-21,186661.00,2250.07,611.00,18.77
2016-08-22,185604.20,2249.82,611.00,61.20
2016-08-23,184418.00,2249.54,612.00,-4.42
2016-08-24,183284.00,2249.27,652.00,60.21
2016-08-25,182066.00,2248.98,693.00,54.60
2016-08-26,180679.48,2248.65,745.00,21.72
2016-08-27,179178.00,2248.29,807.00,20.79
2016-08-28,177632.00,2247.92,861.00,49.02
2016-08-29,176006.00,2247.53,918.00,65.28
2016-08-30,174345.28,2247.13,966.00,99.83
2016-08-31,172401.59,2246.66,1025.00,13.22
2016-09-01,170468.91,2246.19,1083.00,79.79
2016-09-02,168583.00,2245.73,1142.00,164.84
2016-09-03,166410.00,2245.20,1168.00,46.54
2016-09-04,164256.70,2244.67,1183.00,73.69
2016-09-05,161990.09,2244.11,1197.00,32.92
2016-09-06,160059.31,2243.63,1190.00,198.97
2016-09-07,157860.00,2243.08,1183.00,54.87
2016-09-08,155667.00,2242.53,1187.00,64.47
2016-09-09,153609.00,2242.01,1185.00,131.33
2016-09-10,151440.00,2241.46,1183.00,75.92
2016-09-11,149210.91,2240.89,1176.00,42.70
2016-09-12,146910.00,2240.30,1191.00,21.53
2016-09-13,144736.00,2239.74,1222.00,121.29
2016-09-14,142421.44,2239.14,1231.00,59.99
2016-09-15,140160.00,2238.55,1238.00,90.01
2016-09-16,137826.00,2237.94,1228.00,42.28
2016-09-17,136188.00,2237.51,1224.00,387.26
2016-09-18,133841.91,2236.89,1230.00,36.36
2016-09-19,131696.19,2236.32,1248.00,152.88
2016-09-20,129370.00,2235.70,1260.00,74.55
2016-09-21,127177.09,2235.11,1266.00,147.05
2016-09-22,124735.00,2234.45,1256.00,12.51
2016-09-23,122552.54,2233.86,1268.00,151.57
2016-09-24,120264.00,2233.24,1258.00,87.83
2016-09-25,118109.56,2232.65,1210.00,106.15
2016-09-26,115858.00,2232.03,1211.00,55.97
2016-09-27,113644.00,2231.42,1212.00,75.17
2016-09-28,111508.27,2230.83,1218.00,121.91
2016-09-29,109358.00,2230.23,1214.00,111.57
2016-09-30,107110.00,2229.60,1209.00,52.67
2016-10-01,104908.00,2228.98,1204.00,79.56
2016-10-02,102745.60,2228.37,1211.00,103.91
2016-10-03,100555.00,2227.75,1208.00,82.44
2016-10-04,98454.57,2227.15,1193.00,111.29
2016-10-05,96390.00,2226.56,1168.00,107.51
2016-10-06,94370.00,2225.98,1109.00,77.87
2016-10-07,92840.00,2225.54,1051.00,268.89
2016-10-08,91252.00,2225.08,1047.00,236.78
2016-10-09,89983.72,2224.66,1033.00,390.35
2016-10-10,88562.79,2224.17,969.00,251.83
2016-10-11,87229.00,2223.71,883.00,212.26
2016-10-12,85779.00,2223.21,847.00,121.13
2016-10-13,84938.00,2222.92,757.00,342.22
2016-10-14,84532.00,2222.78,593.00,400.12
2016-10-15,84793.50,2222.87,295.00,452.40
2016-10-16,85257.00,2223.03,167.00,409.11
2016-10-17,85895.00,2223.25,144.00,474.22
2016-10-18,86620.00,2223.50,99.00,469.33
2016-10-19,87258.00,2223.72,79.00,401.99
2016-10-20,89462.00,2224.48,60.00,1169.79
2016-10-21,91014.00,2225.01,38.00,819.65
2016-10-22,92010.00,2225.30,34.00,534.96
2016-10-23,92666.00,2225.49,34.00,363.73
2016-10-24,93120.17,2225.62,34.00,261.98
2016-10-25,93364.91,2225.69,33.00,155.38
2016-10-26,94300.00,2225.96,32.00,502.54
2016-10-27,95200.00,2226.22,33.00,484.85
2016-10-28,95830.00,2226.40,33.00,348.73
2016-10-29,96495.00,2226.59,34.00,367.01
2016-10-30,97020.00,2226.74,33.00,295.56
2016-10-31,97965.00,2227.01,32.00,506.64
2016-11-01,98945.00,2227.29,32.00,525.18
2016-11-02,99785.00,2227.53,32.00,455.14
2016-11-03,100380.00,2227.70,33.00,332.98
2016-11-04,101009.83,2227.88,33.00,350.54
2016-11-05,101650.00,2228.06,33.00,355.75
2016-11-06,102176.00,2228.21,33.00,298.19
2016-11-07,102570.17,2228.32,32.00,230.51
2016-11-08,103025.00,2228.45,31.00,260.41
2016-11-09,103488.00,2228.58,31.00,264.53
2016-11-10,103769.66,2228.66,31.00,173.10
2016-11-11,104054.00,2228.74,31.00,174.46
2016-11-12,104445.43,2228.85,31.00,228.45
2016-11-13,105015.00,2229.01,31.00,318.29
2016-11-14,106005.00,2229.29,32.00,531.13
2016-11-15,107146.09,2229.61,31.00,607.30
2016-11-16,107892.18,2229.82,31.00,408.16
2016-11-17,108540.00,2230.00,31.00,358.61
2016-11-18,108820.00,2230.08,30.00,172.71
2016-11-19,109682.18,2230.32,30.00,465.78
2016-11-20,110005.00,2230.41,30.00,193.86
2016-11-21,110428.00,2230.53,30.00,244.36
2016-11-22,110859.56,2230.65,30.00,248.68
2016-11-23,111328.00,2230.78,30.00,266.92
2016-11-24,111580.44,2230.85,29.00,157.73
2016-11-25,111982.00,2230.96,29.00,232.91
2016-11-26,112202.00,2231.02,29.00,141.17
2016-11-27,112922.00,2231.22,29.00,393.49
2016-11-28,113282.18,2231.32,30.00,212.69
2016-11-29,113570.00,2231.40,30.00,176.21
2016-11-30,114264.00,2231.59,30.00,381.21
2016-12-01,114696.00,2231.71,32.00,250.36
2016-12-02,115236.53,2231.86,31.00,304.52
2016-12-03,115894.00,2232.04,31.00,363.66
2016-12-04,116544.00,2232.22,34.00,362.32
2016-12-05,116984.35,2232.34,32.00,255.32
2016-12-06,117308.00,2232.43,31.00,195.21
2016-12-07,117524.00,2232.49,30.00,140.00
2016-12-08,117671.00,2232.53,30.00,104.98
2016-12-09,118401.00,2232.73,29.00,398.56
2016-12-10,118804.35,2232.84,29.00,233.56
2016-12-11,119279.00,2232.97,29.00,269.50
2016-12-12,119534.00,2233.04,29.00,158.76
2016-12-13,119750.00,2233.10,29.00,139.10
2016-12-14,119934.55,2233.15,28.00,123.24
2016-12-15,120120.00,2233.20,29.00,124.91
2016-12-16,120156.00,2233.21,34.00,52.26
2016-12-17,120300.00,2233.25,41.00,113.32
2016-12-18,120408.00,2233.28,42.00,96.45
2016-12-19,121072.00,2233.46,37.00,371.54
2016-12-20,121405.00,2233.55,33.00,200.89
2016-12-21,121442.00,2233.56,33.00,51.65
2016-12-22,121627.09,2233.61,33.00,126.32
2016-12-23,121848.73,2233.67,33.00,144.74
2016-12-24,121997.00,2233.71,32.00,107.75
2016-12-25,122145.00,2233.75,32.00,107.62
2016-12-26,122478.36,2233.84,32.00,201.07
2016-12-27,122700.00,2233.90,32.00,144.74
2016-12-28,122959.00,2233.97,32.00,163.58
2016-12-29,123218.00,2234.04,32.00,163.58
2016-12-30,123366.00,2234.08,33.00,108.65
2016-12-31,123514.18,2234.12,35.00,110.51
2017-01-01,123698.73,2234.17,36.00,130.26
2017-01-02,123847.00,2234.21,41.00,116.44
2017-01-03,123735.82,2234.18,50.00,-4.39
2017-01-04,123847.00,2234.21,60.00,117.31
2017-01-05,123884.00,2234.22,57.00,77.42
2017-01-06,123995.00,2234.25,55.00,112.76
2017-01-07,123921.00,2234.23,60.00,23.98
2017-01-08,123958.00,2234.24,62.00,82.45
2017-01-09,124254.18,2234.32,62.00,213.12
2017-01-10,124069.00,2234.27,62.00,-29.56
2017-01-11,124180.00,2234.30,62.00,119.76
2017-01-12,124143.00,2234.29,62.00,45.15
2017-01-13,124143.00,2234.29,65.00,66.87
2017-01-14,124180.00,2234.30,68.00,88.15
2017-01-15,124217.09,2234.31,65.00,85.60
2017-01-16,124069.00,2234.27,64.00,-9.46
2017-01-17,124365.45,2234.35,64.00,214.68
2017-01-18,124883.00,2234.49,64.00,326.13
2017-01-19,124735.00,2234.45,64.00,-9.42
2017-01-20,124735.00,2234.45,64.00,65.20
2017-01-21,124661.00,2234.43,64.00,27.89
2017-01-22,124772.00,2234.46,64.00,121.16
2017-01-23,124772.00,2234.46,64.00,65.20
2017-01-24,124809.00,2234.47,64.00,83.85
2017-01-25,124698.00,2234.44,64.00,9.24
2017-01-26,124624.00,2234.42,67.00,30.27
2017-01-27,124846.00,2234.48,68.00,181.43
2017-01-28,124624.00,2234.42,68.00,-42.43
2017-01-29,124661.00,2234.43,68.00,88.15
2017-01-30,124587.00,2234.41,68.00,32.19
2017-01-31,124587.00,2234.41,68.00,69.52
2017-02-01,124365.45,2234.35,70.00,-40.70
2017-02-02,124180.00,2234.30,68.00,-23.43
2017-02-03,124291.27,2234.33,68.00,125.60
2017-02-04,124475.82,2234.38,68.00,162.54
2017-02-05,124957.00,2234.51,68.00,312.09
2017-02-06,125031.00,2234.53,68.00,106.81
2017-02-07,124994.00,2234.52,68.00,50.85
2017-02-08,125290.00,2234.60,68.00,218.73
2017-02-09,125697.00,2234.71,70.00,275.61
2017-02-10,125808.00,2234.74,70.00,127.25
2017-02-11,125697.00,2234.71,70.00,15.24
2017-02-12,125845.00,2234.75,70.00,145.62
2017-02-13,125771.00,2234.73,70.00,33.77
2017-02-14,125993.00,2234.79,70.00,182.96
2017-02-15,126178.36,2234.84,71.00,165.48
2017-02-16,126437.00,2234.91,71.00,202.90
2017-02-17,126659.00,2234.97,71.00,184.43
2017-02-18,126807.00,2235.01,71.00,147.12
2017-02-19,126918.00,2235.04,71.00,128.46
2017-02-20,127066.00,2235.08,71.00,147.12
2017-02-21,127140.00,2235.10,73.00,111.08
2017-02-22,127250.37,2235.13,70.00,127.25
2017-02-23,127324.55,2235.15,64.00,103.19
2017-02-24,127435.82,2235.18,62.00,119.90
2017-02-25,127510.00,2235.20,62.00,100.55
2017-02-26,127584.00,2235.22,58.00,96.49
2017-02-27,127658.00,2235.24,57.00,94.93
2017-02-28,127732.00,2235.26,57.00,95.48
2017-03-01,127769.00,2235.27,57.00,76.80
2017-03-02,127880.00,2235.30,57.00,114.16
2017-03-03,127991.27,2235.33,57.00,114.30
2017-03-04,128102.54,2235.36,54.00,111.75
2017-03-05,128250.00,2235.40,53.00,128.31
2017-03-06,128472.00,2235.46,52.00,164.91
2017-03-07,128734.00,2235.53,52.00,184.89
2017-03-08,129000.00,2235.60,52.00,186.91
2017-03-09,129370.00,2235.70,52.00,239.34
2017-03-10,129674.00,2235.78,49.00,204.24
2017-03-11,130045.82,2235.88,42.00,230.80
2017-03-12,132266.00,2236.47,34.00,1154.28
2017-03-13,133130.00,2236.70,31.00,467.42
2017-03-14,134630.00,2237.10,30.00,787.31
2017-03-15,137214.00,2237.78,32.00,1335.72
2017-03-16,139010.00,2238.25,26.00,932.99
2017-03-17,140428.19,2238.62,27.00,742.60
2017-03-18,141695.00,2238.95,27.00,665.73
2017-03-19,142573.81,2239.18,26.00,469.97
2017-03-20,143381.91,2239.39,25.00,433.07
2017-03-21,144005.00,2239.55,26.00,340.67
2017-03-22,144853.00,2239.77,27.00,455.93
2017-03-23,145438.00,2239.92,27.00,323.34
2017-03-24,146291.44,2240.14,27.00,458.67
2017-03-25,146832.00,2240.28,27.00,300.95
2017-03-26,147612.00,2240.48,27.00,421.72
2017-03-27,148352.72,2240.67,28.00,402.37
2017-03-28,149133.67,2240.87,29.00,423.52
2017-03-29,150224.52,2241.15,30.00,581.51
2017-03-30,151400.00,2241.45,29.00,622.74
2017-03-31,152301.81,2241.68,26.00,481.71
2017-04-01,153210.00,2241.91,26.00,484.46
2017-04-02,154040.20,2242.12,26.00,444.89
2017-04-03,154870.30,2242.33,27.00,445.79
2017-04-04,155510.00,2242.49,27.00,350.42
2017-04-05,156380.00,2242.71,27.00,466.13
2017-04-06,157059.80,2242.88,27.00,370.72
2017-04-07,158500.00,2243.24,29.00,756.26
2017-04-08,159500.00,2243.49,28.00,533.72
2017-04-09,160420.00,2243.72,27.00,492.57
2017-04-10,161270.00,2243.93,27.00,456.94
2017-04-11,161990.09,2244.11,27.00,391.43
2017-04-12,162920.39,2244.34,28.00,498.37
2017-04-13,164133.41,2244.64,30.00,642.83
2017-04-14,164862.20,2244.82,71.00,447.90
2017-04-15,165518.00,2244.98,124.00,456.63
2017-04-16,166090.20,2245.12,124.00,414.49
2017-04-17,166369.91,2245.19,163.00,310.54
2017-04-18,166902.20,2245.32,270.00,545.38
2017-04-19,167312.00,2245.42,322.00,531.59
2017-04-20,167845.00,2245.55,254.00,532.08
2017-04-21,168583.00,2245.73,151.00,534.78
2017-04-22,169690.00,2246.00,61.00,631.50
2017-04-23,170838.00,2246.28,33.00,617.78
2017-04-24,171822.00,2246.52,73.00,584.69
2017-04-25,172443.69,2246.67,255.00,580.63
2017-04-26,173390.00,2246.90,323.00,798.63
2017-04-27,174262.11,2247.11,252.00,694.26
2017-04-28,175050.00,2247.30,156.00,557.55
2017-04-29,175922.00,2247.51,65.00,510.18
2017-04-30,177004.00,2247.77,41.00,586.08
2017-05-01,177960.00,2248.00,40.00,522.38
2017-05-02,178842.00,2248.21,40.00,485.12
2017-05-03,179966.00,2248.48,40.00,606.68
2017-05-04,182654.20,2249.12,38.00,1395.71
2017-05-05,186575.00,2250.05,38.00,2018.43
2017-05-06,188994.20,2250.62,35.00,1260.68
2017-05-07,190610.00,2251.00,34.00,855.63
2017-05-08,191890.00,2251.30,29.00,683.73
2017-05-09,193213.11,2251.61,26.00,703.46
2017-05-10,194923.00,2252.01,24.00,898.21
2017-05-11,197073.00,2252.51,24.00,1120.13
2017-05-12,198750.00,2252.90,25.00,882.27
2017-05-13,200126.00,2253.22,25.00,730.73
2017-05-14,201158.00,2253.46,25.00,557.30
2017-05-15,202200.00,2253.70,28.00,566.85
2017-05-16,203371.00,2253.97,44.00,650.99
2017-05-17,204237.67,2254.17,50.00,504.95
2017-05-18,205020.53,2254.35,57.00,470.10
2017-05-19,206022.00,2254.58,67.00,591.31
2017-05-20,207454.00,2254.91,67.00,808.37
2017-05-21,209461.73,2255.37,67.00,1098.63
2017-05-22,211691.78,2255.88,67.00,1210.72
2017-05-23,214508.00,2256.52,67.00,1506.80
2017-05-24,216532.00,2256.98,68.00,1108.53
2017-05-25,217940.00,2257.30,67.00,796.40
2017-05-26,219314.11,2257.61,44.00,754.38
2017-05-27,220996.00,2257.99,26.00,886.43
2017-05-28,223040.00,2258.45,26.00,1068.02
2017-05-29,225355.00,2258.97,26.00,1205.54
2017-05-30,227630.00,2259.48,26.00,1185.02
2017-05-31,229464.89,2259.89,26.00,963.40
2017-06-01,231175.00,2260.27,26.00,900.30
2017-06-02,232615.00,2260.59,26.00,763.61
2017-06-03,233875.77,2260.87,25.00,672.14
2017-06-04,235044.23,2261.13,25.00,625.86
2017-06-05,235945.33,2261.33,37.00,506.94
2017-06-06,236802.00,2261.52,77.00,535.60
2017-06-07,237755.00,2261.73,185.00,702.70
2017-06-08,238300.56,2261.85,423.00,767.33
2017-06-09,238665.00,2261.93,660.00,909.88
2017-06-10,238346.67,2261.86,612.00,518.23
2017-06-11,238346.67,2261.86,407.00,462.51
2017-06-12,238437.78,2261.88,312.00,404.48
2017-06-13,238437.78,2261.88,323.00,322.13
2017-06-14,238391.66,2261.87,333.00,309.91
2017-06-15,238890.00,2261.98,340.00,588.29
2017-06-16,238665.00,2261.93,612.00,492.77
2017-06-17,238346.67,2261.86,572.00,406.35
2017-06-18,238620.00,2261.92,351.00,483.40
2017-06-19,238845.00,2261.97,308.00,418.08
2017-06-20,238665.00,2261.93,504.00,408.98
2017-06-21,238346.67,2261.86,487.00,320.75
2017-06-22,238254.45,2261.84,379.00,327.57
2017-06-23,238025.00,2261.79,361.00,236.62
2017-06-24,237845.00,2261.75,383.00,286.73
2017-06-25,237620.00,2261.70,399.00,277.56
2017-06-26,237484.67,2261.67,372.00,296.57
2017-06-27,237259.13,2261.62,351.00,229.55
2017-06-28,236940.00,2261.55,337.00,170.32
2017-06-29,236802.00,2261.52,333.00,257.10
2017-06-30,236620.00,2261.48,308.00,209.78
2017-07-01,236440.00,2261.44,294.00,195.29
2017-07-02,236169.78,2261.38,280.00,137.67
2017-07-03,235945.33,2261.33,273.00,153.29
2017-07-04,235675.00,2261.27,261.00,118.74
2017-07-05,235314.89,2261.19,261.00,73.51
2017-07-06,235089.34,2261.14,261.00,141.41
2017-07-07,234820.00,2261.08,261.00,119.24
2017-07-08,234415.00,2260.99,261.00,50.81
2017-07-09,234055.00,2260.91,261.00,73.47
2017-07-10,233695.33,2260.83,267.00,79.10
2017-07-11,233245.00,2260.73,277.00,44.60
2017-07-12,232794.23,2260.63,280.00,46.20
2017-07-13,232345.00,2260.53,279.00,46.94
2017-07-14,231940.00,2260.44,278.00,69.20
2017-07-15,231400.22,2260.32,288.00,10.84
2017-07-16,230905.00,2260.21,291.00,37.79
2017-07-17,230365.00,2260.09,293.00,20.32
2017-07-18,229780.00,2259.96,296.00,0.44
2017-07-19,229285.55,2259.85,295.00,45.83
2017-07-20,228745.00,2259.73,294.00,22.30
2017-07-21,228214.11,2259.61,296.00,26.84
2017-07-22,227630.00,2259.48,297.00,0.01
2017-07-23,227137.67,2259.37,299.00,46.25
2017-07-24,226695.00,2259.27,300.00,71.25
2017-07-25,226064.23,2259.13,305.00,-18.52
2017-07-26,225400.00,2258.98,320.00,-23.56
2017-07-27,224770.66,2258.85,329.00,3.22
2017-07-28,224150.00,2258.70,337.00,13.96
2017-07-29,223485.00,2258.55,342.00,-6.54
2017-07-30,222864.00,2258.41,340.00,14.32
2017-07-31,222194.00,2258.26,341.00,-11.06
2017-08-01,221614.23,2258.13,346.00,36.38
2017-08-02,220996.00,2257.99,347.00,18.54
2017-08-03,220285.33,2257.83,352.00,-23.95
2017-08-04,219665.89,2257.69,368.00,33.52
2017-08-05,218910.00,2257.52,380.00,-22.72
2017-08-06,218204.64,2257.36,390.00,8.88
2017-08-07,217455.89,2257.19,411.00,4.99
2017-08-08,216620.00,2257.00,437.00,-14.47
2017-08-09,215828.22,2256.82,443.00,12.71
2017-08-10,214991.25,2256.63,448.00,-7.47
2017-08-11,214112.00,2256.43,458.00,-21.48
2017-08-12,213144.00,2256.21,459.00,-64.70
2017-08-13,212352.00,2256.03,461.00,23.70
2017-08-14,211428.22,2255.82,474.00,-30.86
2017-08-15,210470.00,2255.60,488.00,-36.19
2017-08-16,209590.00,2255.40,490.00,2.19
2017-08-17,208764.00,2255.21,487.00,27.93
2017-08-18,207806.00,2254.99,489.00,-39.83
2017-08-19,206760.00,2254.75,503.00,-71.71
2017-08-20,205714.00,2254.51,550.00,-29.55
2017-08-21,204671.00,2254.27,597.00,13.64
2017-08-22,203414.00,2253.98,655.00,-39.03
2017-08-23,202156.89,2253.69,713.00,76.96
2017-08-24,200642.42,2253.34,771.00,0.36
2017-08-25,199137.00,2252.99,814.00,48.52
2017-08-26,197588.27,2252.63,866.00,71.38
2017-08-27,195912.00,2252.24,908.00,46.21
2017-08-28,194278.63,2251.86,944.00,100.26
2017-08-29,192568.00,2251.46,970.00,83.52
2017-08-30,190694.00,2251.02,1000.00,28.62
2017-08-31,188867.00,2250.59,1039.00,88.27
2017-09-01,186832.11,2250.11,1077.00,25.85
2017-09-02,184841.38,2249.64,1124.00,116.97
2017-09-03,182779.48,2249.15,1165.00,121.75
2017-09-04,180595.28,2248.63,1184.00,75.93
2017-09-05,178464.20,2248.12,1219.00,137.63
2017-09-06,176216.00,2247.58,1272.00,123.81
2017-09-07,173974.00,2247.04,1274.00,128.08
2017-09-08,171453.00,2246.43,1283.00,-4.28
2017-09-09,169157.70,2245.87,1286.00,105.90
2017-09-10,166820.00,2245.30,1277.00,76.65
2017-09-11,164420.00,2244.71,1291.00,52.34
2017-09-12,162149.52,2244.15,1300.00,128.26
2017-09-13,159820.00,2243.57,1306.00,100.05
2017-09-14,157460.00,2242.98,1300.00,81.37
2017-09-15,155230.00,2242.42,1300.00,145.28
2017-09-16,152858.19,2241.82,1294.00,67.71
2017-09-17,150615.00,2241.25,1300.00,138.50
2017-09-18,148430.91,2240.69,1294.00,165.70
2017-09-19,146481.91,2240.19,1288.00,276.92
2017-09-20,144161.00,2239.59,1282.00,81.60
2017-09-21,141966.00,2239.02,1282.00,145.02
2017-09-22,139666.00,2238.42,1294.00,103.32
2017-09-23,137404.28,2237.83,1288.00,119.75
2017-09-24,135010.00,2237.20,1294.00,56.65
2017-09-25,132713.00,2236.59,1294.00,107.54
2017-09-26,130574.00,2236.02,1265.00,160.42
2017-09-27,128287.00,2235.41,1248.00,66.95
2017-09-28,126178.36,2234.84,1242.00,151.29
2017-09-29,124143.00,2234.29,1226.00,172.22
2017-09-30,122071.00,2233.73,1215.00,143.35
2017-10-01,119971.64,2233.16,1204.00,124.00
2017-10-02,117930.00,2232.60,1171.00,117.27
2017-10-03,115966.00,2232.06,1154.00,140.40
2017-10-04,113903.00,2231.49,1154.00,89.88
2017-10-05,111908.00,2230.94,1127.00,97.21
2017-10-06,109970.00,2230.40,1110.00,113.11
2017-10-07,108504.00,2229.99,1088.00,326.68
2017-10-08,106652.00,2229.47,1061.00,106.72
2017-10-09,104944.00,2228.99,1011.00,128.93
2017-10-10,103308.00,2228.53,995.00,146.41
2017-10-11,101825.09,2228.11,995.00,223.39
2017-10-12,100450.00,2227.72,927.00,223.29
2017-10-13,99294.91,2227.39,827.00,250.91
2017-10-14,98315.09,2227.11,563.00,85.83
2017-10-15,97755.00,2226.95,325.00,56.61
2017-10-16,97509.83,2226.88,235.00,133.39
2017-10-17,97300.17,2226.82,213.00,137.16
2017-10-18,97475.60,2226.87,155.00,238.20
2017-10-19,98384.40,2227.13,80.00,541.11
2017-10-20,99085.26,2227.33,36.00,388.35
2017-10-21,100590.00,2227.76,36.00,793.94
2017-10-22,104692.00,2228.92,35.00,2102.05
2017-10-23,105830.00,2229.24,34.00,606.42
2017-10-24,106652.00,2229.47,33.00,446.43
2017-10-25,107217.38,2229.63,33.00,317.05
2017-10-26,107820.00,2229.80,33.00,335.82
2017-10-27,108143.91,2229.89,33.00,195.31
2017-10-28,108504.00,2229.99,33.00,213.76
2017-10-29,108785.00,2230.07,34.00,174.67
2017-10-30,108997.38,2230.13,34.00,140.08
2017-10-31,109213.91,2230.19,34.00,142.17
2017-11-01,109610.00,2230.30,34.00,232.69
2017-11-02,109862.62,2230.37,35.00,160.36
2017-11-03,110005.00,2230.41,33.00,103.33
2017-11-04,110145.00,2230.45,32.00,100.78
2017-11-05,110536.00,2230.56,33.00,227.82
2017-11-06,110572.00,2230.57,33.00,49.25
2017-11-07,110644.00,2230.59,46.00,82.26
2017-11-08,110608.00,2230.58,68.00,47.18
2017-11-09,111003.91,2230.69,68.00,264.81
2017-11-10,111040.00,2230.70,68.00,83.42
2017-11-11,111148.00,2230.73,69.00,120.37
2017-11-12,111256.00,2230.76,69.00,120.62
2017-11-13,111508.27,2230.83,52.00,177.92
2017-11-14,111760.00,2230.90,40.00,164.92
2017-11-15,112019.00,2230.97,58.00,186.60
2017-11-16,112382.00,2231.07,42.00,224.03
2017-11-17,112705.65,2231.16,33.00,194.53
2017-11-18,112994.00,2231.24,32.00,175.58
2017-11-19,113354.35,2231.34,31.00,211.89
2017-11-20,114336.09,2231.61,33.00,526.89
2017-11-21,115858.00,2232.03,34.00,800.27
2017-11-22,118840.44,2232.85,34.00,1536.34
2017-11-23,123921.00,2234.23,38.00,2598.88
2017-11-24,126215.45,2234.85,36.00,1192.25
2017-11-25,128139.63,2235.37,33.00,1001.99
2017-11-26,129037.09,2235.61,31.00,483.03
2017-11-27,129750.00,2235.80,30.00,389.08
2017-11-28,130870.00,2236.10,29.00,593.97
2017-11-29,131734.28,2236.33,30.00,465.70
2017-11-30,132342.00,2236.49,29.00,335.69
2017-12-01,132977.63,2236.66,29.00,349.69
2017-12-02,133652.38,2236.84,29.00,369.51
2017-12-03,133956.00,2236.92,30.00,183.28
2017-12-04,134184.00,2236.98,30.00,145.13
2017-12-05,134519.00,2237.07,29.00,198.38
2017-12-06,134895.72,2237.17,29.00,219.78
2017-12-07,135200.00,2237.25,29.00,183.61
2017-12-08,135390.00,2237.30,29.00,125.99
2017-12-09,135542.38,2237.34,29.00,107.02
2017-12-10,135731.91,2237.39,29.00,125.76
2017-12-11,136226.00,2237.52,29.00,279.31
2017-12-12,136150.00,2237.50,29.00,-8.12
2017-12-13,136378.00,2237.56,29.00,145.15
2017-12-14,136416.00,2237.57,28.00,49.36
2017-12-15,136719.53,2237.65,29.00,183.23
2017-12-16,137062.00,2237.74,29.00,202.86
2017-12-17,137480.47,2237.85,29.00,241.20
2017-12-18,138781.91,2238.19,31.00,688.10
2017-12-19,140046.00,2238.52,31.00,669.78
2017-12-20,140544.52,2238.65,31.00,282.98
2017-12-21,141006.00,2238.77,30.00,263.77
2017-12-22,141500.00,2238.90,30.00,280.16
2017-12-23,141656.00,2238.94,30.00,109.75
2017-12-24,142118.00,2239.06,30.00,264.03
2017-12-25,142383.34,2239.13,30.00,164.80
2017-12-26,142535.72,2239.17,30.00,107.03
2017-12-27,142884.00,2239.26,30.00,205.79
2017-12-28,143576.00,2239.44,30.00,379.08
2017-12-29,144892.00,2239.78,31.00,694.49
2017-12-30,145243.67,2239.87,32.00,209.35
2017-12-31,145711.00,2239.99,33.00,268.44
2018-01-01,145945.00,2240.05,32.00,149.98
2018-01-02,146253.34,2240.13,31.00,186.65
2018-01-03,146520.00,2240.20,31.00,165.54
2018-01-04,146949.09,2240.31,31.00,247.43
2018-01-05,147183.67,2240.37,31.00,149.37
2018-01-06,147729.00,2240.51,32.00,306.04
2018-01-07,147807.00,2240.53,32.00,70.43
2018-01-08,148196.33,2240.63,32.00,227.39
2018-01-09,148548.00,2240.72,32.00,208.40
2018-01-10,148938.19,2240.82,32.00,227.82
2018-01-11,149796.00,2241.04,32.00,463.58
2018-01-12,150224.52,2241.15,32.00,247.48
2018-01-13,150966.38,2241.34,34.00,406.69
2018-01-14,151560.00,2241.49,34.00,332.29
2018-01-15,152500.00,2241.73,34.00,506.92
2018-01-16,152936.38,2241.84,35.00,253.70
2018-01-17,153370.00,2241.95,35.00,252.62
2018-01-18,154360.00,2242.20,36.00,533.88
2018-01-19,154950.48,2242.35,34.00,330.83
2018-01-20,155550.00,2242.50,33.00,334.26
2018-01-21,156020.20,2242.62,33.00,268.89
2018-01-22,156540.00,2242.75,32.00,293.16
2018-01-23,157380.00,2242.96,32.00,454.60
2018-01-24,157780.00,2243.06,32.00,232.77
2018-01-25,158259.80,2243.18,32.00,273.00
2018-01-26,158820.20,2243.32,32.00,313.64
2018-01-27,159500.00,2243.49,32.00,373.83
2018-01-28,159780.00,2243.56,32.00,172.55
2018-01-29,160500.00,2243.74,33.00,394.76
2018-01-30,161067.80,2243.88,34.00,319.67
2018-01-31,161430.00,2243.97,33.00,214.38
2018-02-01,162109.41,2244.14,32.00,373.77
2018-02-02,162920.39,2244.34,34.00,442.31
2018-02-03,164011.09,2244.61,37.00,585.65
2018-02-04,166656.00,2245.26,40.00,1372.40
2018-02-05,169280.00,2245.90,40.00,1361.90
2018-02-06,171002.20,2246.32,38.00,905.58
2018-02-07,172359.48,2246.65,37.00,720.30
2018-02-08,173726.00,2246.98,37.00,724.92
2018-02-09,175134.20,2247.32,36.00,745.35
2018-02-10,176300.00,2247.60,35.00,622.03
2018-02-11,177130.00,2247.80,34.00,451.79
2018-02-12,177878.00,2247.98,33.00,409.54
2018-02-13,178547.39,2248.14,33.00,369.48
2018-02-14,179178.00,2248.29,33.00,349.93
2018-02-15,179630.00,2248.40,32.00,259.38
2018-02-16,180428.00,2248.59,33.00,434.17
2018-02-17,181645.80,2248.88,35.00,648.23
2018-02-18,182066.00,2248.98,35.00,246.00
2018-02-19,182486.00,2249.08,34.00,244.34
2018-02-20,182905.80,2249.18,33.00,243.65
2018-02-21,183200.00,2249.25,33.00,180.33
2018-02-22,183578.41,2249.34,33.00,222.78
2018-02-23,183914.00,2249.42,32.00,200.72
2018-02-24,184418.00,2249.54,33.00,285.73
2018-02-25,185056.89,2249.69,33.00,354.08
2018-02-26,185352.00,2249.76,33.00,180.63
2018-02-27,185604.20,2249.82,33.00,158.80
2018-02-28,185940.00,2249.90,33.00,201.25
2018-03-01,186108.00,2249.94,32.00,116.07
2018-03-02,186446.00,2250.02,32.00,201.54
2018-03-03,186618.00,2250.06,32.00,117.82
2018-03-04,186915.28,2250.13,32.00,180.98
2018-03-05,187125.80,2250.18,32.00,137.24
2018-03-06,187252.00,2250.21,32.00,94.73
2018-03-07,187504.00,2250.27,32.00,158.15
2018-03-08,187931.73,2250.37,32.00,246.81
2018-03-09,188102.00,2250.41,33.00,117.84
2018-03-10,188312.00,2250.46,32.00,137.26
2018-03-11,188438.00,2250.49,32.00,94.63
2018-03-12,188652.00,2250.54,32.00,138.99
2018-03-13,188994.20,2250.62,32.00,204.04
2018-03-14,189287.89,2250.69,33.00,180.07
2018-03-15,189545.00,2250.75,33.00,161.63
2018-03-16,189760.00,2250.80,33.00,140.40
2018-03-17,190012.61,2250.86,33.00,159.36
2018-03-18,190266.00,2250.92,33.00,159.75
2018-03-19,190524.00,2250.98,33.00,162.08
2018-03-20,190736.00,2251.03,33.00,138.88
2018-03-21,190778.00,2251.04,115.00,177.73
2018-03-22,190180.00,2250.90,572.00,268.27
2018-03-23,189287.89,2250.69,625.00,176.88
2018-03-24,188523.00,2250.51,625.00,239.40
2018-03-25,187673.11,2250.31,625.00,195.33
2018-03-26,186832.11,2250.11,621.00,197.72
2018-03-27,186489.00,2250.03,625.00,454.51
2018-03-28,185688.41,2249.84,630.00,227.39
2018-03-29,185013.80,2249.68,630.00,289.95
2018-03-30,184376.00,2249.53,621.00,299.54
2018-03-31,184166.00,2249.48,361.00,277.30
2018-04-01,184670.00,2249.60,83.00,342.44
2018-04-02,185184.00,2249.72,37.00,294.45
2018-04-03,185520.00,2249.80,39.00,204.40
2018-04-04,186192.00,2249.96,39.00,374.01
2018-04-05,186747.00,2250.09,40.00,315.95
2018-04-06,187336.00,2250.23,41.00,337.14
2018-04-07,188609.00,2250.53,42.00,683.83
2018-04-08,190610.00,2251.00,46.00,1054.75
2018-04-09,191932.11,2251.31,46.00,711.71
2018-04-10,193213.11,2251.61,43.00,689.36
2018-04-11,194450.00,2251.90,41.00,664.58
2018-04-12,195610.69,2252.17,38.00,623.65
2018-04-13,196901.00,2252.47,39.00,689.04
2018-04-14,198191.00,2252.77,39.00,689.48
2018-04-15,199524.00,2253.08,39.00,710.82
2018-04-16,200856.89,2253.39,39.00,710.66
2018-04-17,202200.00,2253.70,40.00,716.98
2018-04-18,203025.89,2253.89,39.00,454.98
2018-04-19,203801.00,2254.07,38.00,428.78
2018-04-20,204499.00,2254.23,47.00,399.76
2018-04-21,205326.00,2254.42,48.00,466.00
2018-04-22,205978.00,2254.57,39.00,367.72
2018-04-23,206628.00,2254.72,39.00,366.71
2018-04-24,207410.00,2254.90,39.00,433.26
2018-04-25,208324.11,2255.11,39.00,499.86
2018-04-26,209722.00,2255.43,39.00,743.77
2018-04-27,211735.89,2255.89,39.00,1054.34
2018-04-28,213672.33,2256.33,39.00,1015.29
2018-04-29,215167.67,2256.67,39.00,792.90
2018-04-30,216532.00,2256.98,39.00,726.85
2018-05-01,217808.00,2257.27,39.00,682.32
2018-05-02,219000.00,2257.54,59.00,664.96
2018-05-03,220375.55,2257.85,109.00,809.32
2018-05-04,222062.00,2258.23,142.00,1002.25
2018-05-05,223754.11,2258.61,173.00,1044.71
2018-05-06,225666.00,2259.04,212.00,1199.69
2018-05-07,227810.00,2259.52,255.00,1369.88
2018-05-08,230230.00,2260.06,307.00,1557.42
2018-05-09,232794.23,2260.63,363.00,1678.97
2018-05-10,234280.00,2260.96,412.00,1181.74
2018-05-11,235224.67,2261.17,478.00,970.72
2018-05-12,235855.11,2261.31,601.00,924.99
2018-05-13,236710.00,2261.50,716.00,1145.20
2018-05-14,237484.67,2261.67,901.00,1281.87
2018-05-15,237665.00,2261.71,1117.00,1209.18
2018-05-16,237800.00,2261.74,1302.00,1372.86
2018-05-17,237484.67,2261.67,1411.00,1246.21
2018-05-18,237032.00,2261.57,1329.00,1095.28
2018-05-19,236395.00,2261.43,1288.00,960.61
2018-05-20,235990.44,2261.34,1128.00,917.16
2018-05-21,236080.66,2261.36,848.00,891.67
2018-05-22,236485.00,2261.45,683.00,879.69
2018-05-23,237170.00,2261.60,703.00,1041.06
2018-05-24,237350.44,2261.64,835.00,917.01
2018-05-25,237710.00,2261.72,913.00,1081.52
2018-05-26,237484.67,2261.67,859.00,734.79
2018-05-27,237484.67,2261.67,677.00,668.39
2018-05-28,237665.00,2261.71,570.00,650.53
2018-05-29,237710.00,2261.72,553.00,563.84
2018-05-30,237574.89,2261.69,567.00,485.85
2018-05-31,237170.00,2261.60,655.00,437.12
2018-06-01,236530.00,2261.46,695.00,358.24
2018-06-02,236035.55,2261.35,715.00,449.46
2018-06-03,235360.00,2261.20,745.00,390.38
2018-06-04,234640.00,2261.04,790.00,411.45
2018-06-05,234325.00,2260.97,577.00,422.18
2018-06-06,234370.00,2260.98,338.00,355.76
2018-06-07,234685.00,2261.05,204.00,371.84
2018-06-08,235179.56,2261.16,102.00,352.59
2018-06-09,235675.00,2261.27,79.00,329.78
2018-06-10,236350.00,2261.42,78.00,420.31
2018-06-11,236665.00,2261.49,77.00,238.38
2018-06-12,237032.00,2261.57,76.00,264.59
2018-06-13,237439.56,2261.66,75.00,285.13
2018-06-14,237800.00,2261.74,95.00,285.47
2018-06-15,238116.11,2261.81,113.00,281.37
2018-06-16,238530.00,2261.90,126.00,344.10
2018-06-17,238710.00,2261.94,201.00,314.32
2018-06-18,238755.00,2261.95,269.00,314.20
2018-06-19,238845.00,2261.97,302.00,370.01
2018-06-20,238800.00,2261.96,357.00,363.17
2018-06-21,238620.00,2261.92,448.00,388.62
2018-06-22,238254.45,2261.84,446.00,294.45
2018-06-23,237890.00,2261.76,428.00,277.30
2018-06-24,237620.00,2261.70,397.00,298.17
2018-06-25,237259.13,2261.62,383.00,241.31
2018-06-26,237032.00,2261.57,363.00,287.51
2018-06-27,236620.00,2261.48,351.00,181.70
2018-06-28,236260.00,2261.40,347.00,204.35
2018-06-29,235810.00,2261.30,347.00,158.60
2018-06-30,235314.89,2261.19,347.00,135.49
2018-07-01,234955.11,2261.11,344.00,203.15
2018-07-02,234595.00,2261.03,344.00,202.82
2018-07-03,234280.00,2260.96,344.00,225.35
2018-07-04,233785.55,2260.85,344.00,134.80
2018-07-05,233380.00,2260.76,344.00,138.16
2018-07-06,232974.67,2260.67,344.00,139.44
2018-07-07,232525.00,2260.57,344.00,116.97
2018-07-08,232120.00,2260.48,344.00,139.39
2018-07-09,231490.44,2260.34,344.00,25.95
2018-07-10,230995.00,2260.23,344.00,93.46
2018-07-11,230499.13,2260.12,354.00,103.29
2018-07-12,229915.00,2259.99,387.00,87.87
2018-07-13,229240.44,2259.84,396.00,48.82
2018-07-14,228610.00,2259.70,408.00,78.38
2018-07-15,227900.00,2259.54,420.00,46.17
2018-07-16,227225.89,2259.39,433.00,72.47
2018-07-17,226605.00,2259.25,338.00,18.95
2018-07-18,225842.00,2259.08,441.00,24.97
2018-07-19,225040.00,2258.90,454.00,12.74
2018-07-20,224290.00,2258.74,454.00,88.87
2018-07-21,223440.00,2258.54,458.00,38.46
2018-07-22,222729.78,2258.38,463.00,108.93
2018-07-23,221974.00,2258.21,467.00,85.92
2018-07-24,221216.00,2258.04,466.00,84.15
2018-07-25,220375.55,2257.85,462.00,-11.40
2018-07-26,219665.89,2257.69,461.00,106.05
2018-07-27,218820.00,2257.50,468.00,46.34
2018-07-28,218072.33,2257.33,480.00,107.09
2018-07-29,217235.36,2257.14,479.00,61.15
2018-07-30,216444.00,2256.96,490.00,96.93
2018-07-31,215520.00,2256.75,498.00,39.32
2018-08-01,214596.00,2256.54,506.00,47.20
2018-08-02,213716.44,2256.34,505.00,69.55
2018-08-03,212835.36,2256.14,504.00,68.79
2018-08-04,211868.00,2255.92,504.00,24.54
2018-08-05,211032.00,2255.73,498.00,88.59
2018-08-06,210118.00,2255.52,502.00,54.00
2018-08-07,209203.11,2255.31,524.00,72.79
2018-08-08,208324.11,2255.11,528.00,96.89
2018-08-09,207410.00,2254.90,536.00,86.17
2018-08-10,206496.89,2254.69,544.00,96.21
2018-08-11,205498.00,2254.46,543.00,55.05
2018-08-12,204542.00,2254.24,542.00,74.73
2018-08-13,203629.00,2254.03,537.00,93.71
2018-08-14,202674.11,2253.81,541.00,78.40
2018-08-15,201726.00,2253.59,545.00,84.54
2018-08-16,200642.42,2253.34,562.00,34.90
2018-08-17,199610.00,2253.10,588.00,85.44
2018-08-18,198449.31,2252.83,619.00,53.23
2018-08-19,197288.00,2252.56,662.00,97.73
2018-08-20,196084.00,2252.28,686.00,105.27
2018-08-21,194794.00,2251.98,715.00,88.84
2018-08-22,193384.47,2251.65,748.00,32.15
2018-08-23,191932.11,2251.31,771.00,33.16
2018-08-24,190481.00,2250.97,799.00,56.78
2018-08-25,188952.11,2250.61,827.00,43.17
2018-08-26,187462.00,2250.26,841.00,75.65
2018-08-27,185897.89,2249.89,872.00,61.84
2018-08-28,184334.00,2249.52,892.00,82.13
2018-08-29,182695.28,2249.13,917.00,63.02
2018-08-30,180974.00,2248.72,981.00,83.02
2018-08-31,179220.00,2248.30,1001.00,81.99
2018-09-01,177298.41,2247.84,1042.00,37.43
2018-09-02,175385.80,2247.38,1112.00,106.72
2018-09-03,173226.59,2246.86,1153.00,22.33
2018-09-04,171166.59,2246.36,1173.00,90.08
2018-09-05,169034.41,2245.84,1215.00,92.73
2018-09-06,166820.00,2245.30,1264.00,145.36
2018-09-07,164580.00,2244.75,1281.00,155.67
2018-09-08,162149.52,2244.15,1275.00,53.39
2018-09-09,159980.09,2243.61,1268.00,175.68
2018-09-10,157860.00,2243.08,1274.00,206.99
2018-09-11,155470.00,2242.48,1285.00,82.26
2018-09-12,153250.00,2241.92,1285.00,166.69
2018-09-13,150927.28,2241.33,1272.00,106.48
2018-09-14,148665.00,2240.75,1278.00,140.47
2018-09-15,146443.81,2240.18,1277.00,163.43
2018-09-16,144465.72,2239.67,1283.00,288.80
2018-09-17,142194.00,2239.08,1265.00,126.74
2018-09-18,139932.00,2238.49,1254.00,116.00
2018-09-19,137670.00,2237.90,1247.00,115.05
2018-09-20,135466.19,2237.32,1245.00,143.58
2018-09-21,133241.00,2236.73,1244.00,131.55
2018-09-22,131135.72,2236.17,1242.00,194.09
2018-09-23,128886.00,2235.57,1236.00,113.39
2018-09-24,126733.00,2234.99,1234.00,161.81
2018-09-25,124550.00,2234.40,1233.00,145.74
2018-09-26,122404.18,2233.82,1220.00,152.68
2018-09-27,120228.00,2233.23,1203.00,122.28
2018-09-28,118181.73,2232.67,1196.00,184.69
2018-09-29,116002.00,2232.07,1194.00,113.44
2018-09-30,113903.00,2231.49,1187.00,148.59
2018-10-01,112019.00,2230.97,1127.00,198.00
2018-10-02,110110.00,2230.44,1086.00,146.53
2018-10-03,108288.00,2229.93,1057.00,163.72
2018-10-04,106580.00,2229.45,1022.00,189.60
2018-10-05,104944.00,2228.99,981.00,188.29
2018-10-06,103380.00,2228.55,930.00,175.83
2018-10-07,101755.00,2228.09,889.00,102.91
2018-10-08,100415.00,2227.71,865.00,226.15
2018-10-09,99155.43,2227.35,825.00,229.66
2018-10-10,97825.00,2226.97,784.00,116.40
2018-10-11,96530.00,2226.60,744.00,90.75
2018-10-12,95375.00,2226.27,713.00,131.28
2018-10-13,94090.00,2225.90,707.00,62.28
2018-10-14,92980.00,2225.58,657.00,102.84
2018-10-15,92428.00,2225.42,327.00,96.16
2018-10-16,92462.00,2225.43,16.00,37.00
2018-10-17,92530.00,2225.45,13.00,48.75
2018-10-18,92496.00,2225.44,29.00,13.35
2018-10-19,92496.00,2225.44,27.00,28.40
2018-10-20,92496.00,2225.44,27.00,28.40
2018-10-21,92530.00,2225.45,27.00,45.54
2018-10-22,92496.00,2225.44,33.00,16.73
2018-10-23,92428.00,2225.42,39.00,6.72
2018-10-24,92496.00,2225.44,39.00,75.03
2018-10-25,92598.00,2225.47,32.00,85.06
2018-10-26,93050.00,2225.60,29.00,258.15
2018-10-27,93364.91,2225.69,28.00,189.02
2018-10-28,93985.60,2225.87,28.00,343.51
2018-10-29,94335.00,2225.97,29.00,206.88
2018-10-30,94644.00,2226.06,29.00,186.89
2018-10-31,95165.00,2226.21,29.00,293.77
2018-11-01,96075.00,2226.47,29.00,489.89
2018-11-02,97615.00,2226.91,30.00,808.32
2018-11-03,98805.00,2227.25,30.00,632.08
2018-11-04,102069.83,2228.18,29.00,1677.13
2018-11-05,104126.00,2228.76,29.00,1067.45
2018-11-06,105509.56,2229.15,28.00,729.02
2018-11-07,106327.82,2229.38,28.00,443.85
2018-11-08,106865.00,2229.53,28.00,301.97
2018-11-09,107361.73,2229.67,28.00,281.57
2018-11-10,107645.00,2229.75,28.00,173.91
2018-11-11,108000.44,2229.85,28.00,210.30
2018-11-12,108288.00,2229.93,28.00,176.08
2018-11-13,108324.00,2229.94,28.00,49.25
2018-11-14,108680.00,2230.04,28.00,210.58
2018-11-15,108890.00,2230.10,28.00,136.98
2018-11-16,109141.73,2230.17,28.00,158.02
2018-11-17,109394.00,2230.24,28.00,158.28
2018-11-18,109538.00,2230.28,28.00,103.70
2018-11-19,109682.18,2230.32,28.00,103.79
2018-11-20,109933.91,2230.39,28.00,158.02
2018-11-21,110005.00,2230.41,28.00,66.94
2018-11-22,110110.00,2230.44,28.00,84.07
2018-11-23,110716.09,2230.61,29.00,337.17
2018-11-24,110859.56,2230.65,28.00,103.58
2018-11-25,111003.91,2230.69,29.00,103.88
2018-11-26,111580.44,2230.85,29.00,321.96
2018-11-27,112562.18,2231.12,29.00,526.93
2018-11-28,113644.00,2231.42,29.00,577.42
2018-11-29,114336.09,2231.61,29.00,380.93
2018-11-30,115092.18,2231.82,29.00,413.20
2018-12-01,115602.00,2231.96,29.00,289.03
2018-12-02,115966.00,2232.06,29.00,215.52
2018-12-03,116361.73,2232.17,29.00,231.52
2018-12-04,116581.00,2232.23,29.00,142.55
2018-12-05,116840.00,2232.30,29.00,162.58
2018-12-06,116984.35,2232.34,29.00,104.78
2018-12-07,117127.82,2232.38,29.00,104.33
2018-12-08,117380.00,2232.45,29.00,159.14
2018-12-09,117560.00,2232.50,29.00,122.75
2018-12-10,117856.00,2232.58,29.00,181.23
2018-12-11,119020.00,2232.90,29.00,619.28
2018-12-12,119390.00,2233.00,31.00,220.37
2018-12-13,119787.09,2233.11,31.00,234.20
2018-12-14,120082.91,2233.19,27.00,178.77
2018-12-15,120300.00,2233.25,24.00,135.89
2018-12-16,120739.63,2233.37,24.00,248.24
2018-12-17,120998.00,2233.44,24.00,156.54
2018-12-18,122108.00,2233.74,25.00,587.28
2018-12-19,122552.54,2233.86,30.00,312.31
2018-12-20,122811.00,2233.93,28.00,104.60
2018-12-21,123550.37,2234.13,27.00,401.76
2018-12-22,123735.82,2234.18,26.00,121.90
2018-12-23,124328.36,2234.34,26.00,327.14
2018-12-24,124512.91,2234.39,25.00,120.72
2018-12-25,124698.00,2234.44,25.00,120.82
2018-12-26,125142.00,2234.56,25.00,251.35
2018-12-27,125253.00,2234.59,25.00,83.42
2018-12-28,125919.00,2234.77,25.00,363.08
2018-12-29,126696.00,2234.98,28.00,422.37
2018-12-30,128361.00,2235.43,32.00,874.75
2018-12-31,128696.00,2235.52,29.00,200.38
2019-01-01,129598.00,2235.76,28.00,484.76
2019-01-02,129972.54,2235.86,27.00,218.13
2019-01-03,131211.91,2236.19,28.00,655.47
2019-01-04,132491.00,2236.53,29.00,675.92
2019-01-05,133352.00,2236.76,28.00,464.26
2019-01-06,134260.00,2237.00,27.00,487.18
2019-01-07,134933.81,2237.18,27.00,368.73
2019-01-08,135693.81,2237.38,26.00,411.57
2019-01-09,135998.00,2237.46,26.00,181.76
2019-01-10,136340.00,2237.55,26.00,200.83
2019-01-11,136910.00,2237.70,26.00,315.78
2019-01-12,137176.00,2237.77,26.00,162.06
2019-01-13,137404.28,2237.83,25.00,142.59
2019-01-14,137631.91,2237.89,25.00,142.26
2019-01-15,137865.00,2237.95,25.00,145.02
2019-01-16,138174.00,2238.03,25.00,183.29
2019-01-17,138743.81,2238.18,25.00,314.81
2019-01-18,138896.00,2238.22,25.00,104.29
2019-01-19,139434.58,2238.36,26.00,299.76
2019-01-20,139780.00,2238.45,26.00,202.55
2019-01-21,139932.00,2238.49,26.00,105.03
2019-01-22,140583.63,2238.66,26.00,356.93
2019-01-23,141348.56,2238.86,27.00,414.52
2019-01-24,141773.00,2238.97,27.00,243.29
2019-01-25,142346.19,2239.12,27.00,318.28
2019-01-26,142573.81,2239.18,27.00,144.04
2019-01-27,143116.19,2239.32,27.00,302.75
2019-01-28,143459.00,2239.41,27.00,202.13
2019-01-29,143966.00,2239.54,27.00,284.91
2019-01-30,144276.19,2239.62,27.00,185.69
2019-01-31,144619.00,2239.71,27.00,202.13
2019-02-01,145281.81,2239.88,27.00,363.30
2019-02-02,145711.00,2239.99,27.00,245.45
2019-02-03,145867.00,2240.03,26.00,107.28
2019-02-04,146291.44,2240.14,25.00,241.49
2019-02-05,146637.00,2240.23,25.00,201.72
2019-02-06,146832.00,2240.28,24.00,125.00
2019-02-07,147183.67,2240.37,24.00,203.00
2019-02-08,147417.00,2240.43,24.00,143.34
2019-02-09,147534.00,2240.46,24.00,84.69
2019-02-10,148158.19,2240.62,24.00,340.39
2019-02-11,148743.00,2240.77,24.00,320.54
2019-02-12,149328.00,2240.92,24.00,320.64
2019-02-13,149679.00,2241.01,24.00,202.66
2019-02-14,150030.00,2241.10,24.00,202.66
2019-02-15,150108.19,2241.12,24.00,65.12
2019-02-16,150302.72,2241.17,24.00,123.78
2019-02-17,150420.00,2241.20,24.00,84.83
2019-02-18,150537.00,2241.23,24.00,84.69
2019-02-19,150771.00,2241.29,24.00,143.68
2019-02-20,151044.58,2241.36,24.00,163.63
2019-02-21,151044.58,2241.36,24.00,25.70
2019-02-22,151360.00,2241.44,26.00,187.37
2019-02-23,151639.00,2241.51,28.00,171.17
2019-02-24,151717.00,2241.53,28.00,69.53
2019-02-25,151834.00,2241.56,28.00,89.19
2019-02-26,151951.00,2241.59,28.00,89.19
2019-02-27,152068.19,2241.62,27.00,88.59
2019-02-28,152145.42,2241.64,27.00,68.06
2019-03-01,152184.52,2241.65,26.00,48.11
2019-03-02,152223.63,2241.66,26.00,47.70
2019-03-03,152340.91,2241.69,25.00,86.63
2019-03-04,152380.00,2241.70,28.00,49.50
2019-03-05,152380.00,2241.70,28.00,30.42
2019-03-06,152660.00,2241.77,28.00,171.37
2019-03-07,152660.00,2241.77,27.00,29.40
2019-03-08,152740.00,2241.79,26.00,69.14
2019-03-09,152780.00,2241.80,26.00,48.39
2019-03-10,152936.00,2241.84,28.00,108.52
2019-03-11,153015.00,2241.86,30.00,71.57
2019-03-12,153053.67,2241.87,29.00,50.37
2019-03-13,153130.91,2241.89,28.00,69.14
2019-03-14,153210.00,2241.91,27.00,69.34
2019-03-15,153250.00,2241.92,27.00,49.37
2019-03-16,153370.00,2241.95,26.00,88.90
2019-03-17,153410.00,2241.96,26.00,48.05
2019-03-18,153530.00,2241.99,26.00,88.00
2019-03-19,153609.00,2242.01,26.00,67.02
2019-03-20,153765.00,2242.05,25.00,105.26
2019-03-21,153960.00,2242.10,25.00,124.47
2019-03-22,154199.61,2242.16,77.00,211.41
2019-03-23,154360.00,2242.20,134.00,218.86
2019-03-24,154594.00,2242.26,136.00,257.57
2019-03-25,154790.09,2242.31,136.00,238.86
2019-03-26,155190.00,2242.41,132.00,337.42
2019-03-27,155470.00,2242.48,68.00,217.64
2019-03-28,155862.00,2242.58,33.00,232.98
2019-03-29,156259.80,2242.68,30.00,232.56
2019-03-30,156700.00,2242.79,30.00,253.94
2019-03-31,157180.00,2242.91,30.00,274.00
2019-04-01,157820.00,2243.07,30.00,354.87
2019-04-02,158460.00,2243.23,31.00,355.67
2019-04-03,159300.00,2243.44,31.00,456.52
2019-04-04,160259.80,2243.68,31.00,517.16
2019-04-05,161310.00,2243.94,32.00,563.37
2019-04-06,162350.00,2244.20,32.00,558.33
2019-04-07,163447.00,2244.47,32.00,587.07
2019-04-08,164215.59,2244.66,32.00,421.50
2019-04-09,165395.00,2244.95,32.00,628.91
2019-04-10,166615.00,2245.25,33.00,650.32
2019-04-11,167886.00,2245.56,34.00,676.65
2019-04-12,168993.30,2245.83,33.00,591.88
2019-04-13,170222.30,2246.13,32.00,651.85
2019-04-14,171288.91,2246.39,32.00,570.09
2019-04-15,172150.00,2246.60,31.00,465.62
2019-04-16,172857.00,2246.77,31.00,387.55
2019-04-17,173684.00,2246.97,31.00,448.05
2019-04-18,174555.80,2247.18,30.00,470.05
2019-04-19,175798.00,2247.48,30.00,656.49
2019-04-20,177214.20,2247.82,30.00,744.20
2019-04-21,178505.28,2248.13,30.00,681.12
2019-04-22,179672.00,2248.41,30.00,618.42
2019-04-23,180890.00,2248.70,30.00,644.28
2019-04-24,182192.00,2249.01,30.00,686.63
2019-04-25,183284.00,2249.27,30.00,580.75
2019-04-26,184292.00,2249.51,30.00,538.40
2019-04-27,185394.00,2249.77,30.00,585.79
2019-04-28,186192.00,2249.96,30.00,432.53
2019-04-29,186874.20,2250.12,43.00,389.29
2019-04-30,187462.00,2250.26,79.00,376.72
2019-05-01,187973.80,2250.38,83.00,342.96
2019-05-02,188438.00,2250.49,82.00,319.29
2019-05-03,188952.11,2250.61,82.00,344.38
2019-05-04,189502.00,2250.74,83.00,362.99
2019-05-05,190266.00,2250.92,82.00,471.34
2019-05-06,191244.47,2251.15,80.00,578.77
2019-05-07,192396.00,2251.42,81.00,666.45
2019-05-08,193600.00,2251.70,81.00,693.42
2019-05-09,194923.00,2252.01,80.00,753.41
2019-05-10,196127.00,2252.29,144.00,770.60
2019-05-11,197288.00,2252.56,241.00,837.34
2019-05-12,198363.11,2252.81,241.00,794.03
2019-05-13,199137.00,2252.99,242.00,641.67
2019-05-14,200040.00,2253.20,94.00,573.95
2019-05-15,200900.00,2253.40,32.00,468.39
2019-05-16,202113.80,2253.68,31.00,646.20
2019-05-17,203113.00,2253.91,31.00,537.86
2019-05-18,204105.36,2254.14,30.00,533.49
2019-05-19,205020.53,2254.35,30.00,493.40
2019-05-20,205934.00,2254.56,30.00,492.60
2019-05-21,206672.00,2254.73,30.00,404.08
2019-05-22,207410.00,2254.90,30.00,404.08
2019-05-23,208151.00,2255.07,29.00,405.05
2019-05-24,208631.78,2255.18,134.00,402.08
2019-05-25,209072.00,2255.28,262.00,488.00
2019-05-26,209203.11,2255.31,268.00,339.60
2019-05-27,209678.00,2255.42,125.00,388.07
2019-05-28,210382.00,2255.58,55.00,412.95
2019-05-29,211164.00,2255.76,42.00,437.41
2019-05-30,211824.00,2255.91,37.00,371.14
2019-05-31,212528.00,2256.07,38.00,393.93
2019-06-01,213188.00,2256.22,38.00,371.75
2019-06-02,213804.64,2256.36,38.00,349.89
2019-06-03,214200.00,2256.45,38.00,238.33
2019-06-04,214596.00,2256.54,38.00,238.65
2019-06-05,214991.25,2256.63,38.00,238.27
2019-06-06,215300.00,2256.70,38.00,194.38
2019-06-07,215916.44,2256.84,37.00,349.11
2019-06-08,216135.89,2256.89,37.00,148.64
2019-06-09,216400.00,2256.95,37.00,171.21
2019-06-10,216708.00,2257.02,37.00,193.31
2019-06-11,216972.00,2257.08,37.00,171.46
2019-06-12,217279.47,2257.15,38.00,193.80
2019-06-13,217411.78,2257.18,53.00,123.60
2019-06-14,217676.00,2257.24,80.00,218.65
2019-06-15,217764.00,2257.26,98.00,151.46
2019-06-16,217808.00,2257.27,116.00,149.01
2019-06-17,217852.00,2257.28,132.00,165.99
2019-06-18,217808.00,2257.27,142.00,133.35
2019-06-19,217852.00,2257.28,160.00,201.45
2019-06-20,217632.00,2257.23,183.00,94.31
2019-06-21,217500.00,2257.20,190.00,149.76
2019-06-22,217191.25,2257.13,205.00,81.35
2019-06-23,216972.00,2257.08,208.00,132.49
2019-06-24,216708.00,2257.02,222.00,127.46
2019-06-25,216444.00,2256.96,247.00,147.97
2019-06-26,216180.00,2256.90,300.00,196.04
2019-06-27,215608.00,2256.77,357.00,45.10
2019-06-28,214991.25,2256.63,408.00,61.31
2019-06-29,214376.00,2256.49,465.00,109.96
2019-06-30,213584.11,2256.31,507.00,50.96
2019-07-01,212791.25,2256.13,572.00,99.76
2019-07-02,211735.89,2255.89,617.00,13.81
2019-07-03,210684.47,2255.65,647.00,39.79
2019-07-04,209634.00,2255.41,648.00,106.64
2019-07-05,208543.56,2255.16,654.00,89.01
2019-07-06,207542.00,2254.93,660.00,139.58
2019-07-07,206410.69,2254.67,666.00,78.48
2019-07-08,205369.00,2254.43,662.00,118.62
2019-07-09,204370.00,2254.20,653.00,133.11
2019-07-10,203285.00,2253.95,654.00,88.34
2019-07-11,202286.00,2253.72,655.00,131.60
2019-07-12,201115.00,2253.45,660.00,48.40
2019-07-13,200126.00,2253.22,661.00,140.94
2019-07-14,198965.00,2252.95,662.00,55.94
2019-07-15,197933.00,2252.71,668.00,123.16
2019-07-16,196815.00,2252.45,674.00,84.80
2019-07-17,195783.00,2252.21,675.00,128.81
2019-07-18,194708.00,2251.96,676.00,109.87
2019-07-19,193642.00,2251.71,677.00,113.91
2019-07-20,192439.00,2251.43,703.00,66.20
2019-07-21,191244.47,2251.15,714.00,85.13
2019-07-22,190012.61,2250.86,720.00,68.99
2019-07-23,188824.00,2250.58,720.00,89.86
2019-07-24,187673.11,2250.31,715.00,107.08
2019-07-25,186446.00,2250.02,720.00,69.38
2019-07-26,185142.00,2249.71,715.00,28.37
2019-07-27,183914.00,2249.42,720.00,69.92
2019-07-28,182821.59,2249.16,720.00,139.30
2019-07-29,181520.52,2248.85,725.00,40.42
2019-07-30,180302.00,2248.56,749.00,104.21
2019-07-31,178926.00,2248.23,784.00,60.95
2019-08-01,177550.00,2247.90,828.00,104.18
2019-08-02,176006.00,2247.53,871.00,65.46
2019-08-03,174513.69,2247.17,903.00,124.15
2019-08-04,172857.00,2246.77,924.00,60.29
2019-08-05,171247.80,2246.38,956.00,115.46
2019-08-06,169362.00,2245.92,1004.00,22.87
2019-08-07,167558.00,2245.48,1052.00,110.00
2019-08-08,165436.00,2244.96,1154.00,43.78
2019-08-09,163242.00,2244.42,1298.00,146.15
2019-08-10,161027.70,2243.87,1338.00,170.50
2019-08-11,158580.00,2243.26,1330.00,42.89
2019-08-12,156299.91,2242.69,1328.00,120.05
2019-08-13,153843.00,2242.07,1368.00,69.08
2019-08-14,151320.00,2241.43,1402.00,62.92
2019-08-15,148782.00,2240.78,1426.00,148.74
2019-08-16,146101.00,2240.09,1456.00,103.89
2019-08-17,143537.00,2239.43,1468.00,174.88
2019-08-18,140892.00,2238.74,1468.00,131.54
2019-08-19,138440.00,2238.10,1486.00,246.85
2019-08-20,135580.47,2237.35,1498.00,58.04
2019-08-21,132901.44,2236.64,1498.00,149.04
2019-08-22,130234.00,2235.93,1498.00,154.67
2019-08-23,127510.00,2235.20,1516.00,142.93
2019-08-24,124735.00,2234.45,1534.00,137.87
2019-08-25,121885.82,2233.68,1564.00,126.43
2019-08-26,119131.00,2232.93,1558.00,166.71
2019-08-27,116325.65,2232.16,1540.00,128.04
2019-08-28,113497.82,2231.38,1534.00,109.80
2019-08-29,110680.00,2230.60,1540.00,121.72
2019-08-30,107892.18,2229.82,1528.00,120.79
2019-08-31,105155.00,2229.05,1528.00,149.69
2019-09-01,102428.00,2228.28,1534.00,156.39
2019-09-02,99715.00,2227.51,1517.00,149.85
2019-09-03,97090.00,2226.76,1482.00,155.81
2019-09-04,94474.00,2226.01,1453.00,131.19
2019-09-05,91908.00,2225.27,1419.00,120.40
2019-09-06,89665.00,2224.55,1390.00,250.40
2019-09-07,87461.00,2223.79,1355.00,238.97
2019-09-08,85257.00,2223.03,1332.00,210.32
2019-09-09,83024.00,2222.26,1303.00,165.89
2019-09-10,80868.00,2221.51,1257.00,160.68
2019-09-11,78762.00,2220.78,1220.00,145.69
2019-09-12,76800.00,2220.10,1183.00,179.59
2019-09-13,74819.00,2219.41,1151.00,141.62
2019-09-14,72780.00,2218.70,1174.00,131.86
2019-09-15,70892.00,2218.04,1164.00,199.60
2019-09-16,68993.86,2217.38,1143.00,167.84
2019-09-17,67162.00,2216.74,1127.00,184.70
2019-09-18,65359.07,2216.11,1117.00,191.47
2019-09-19,63592.00,2215.49,1118.00,210.52
2019-09-20,61686.14,2214.82,1092.00,109.58
2019-09-21,59861.86,2214.18,1060.00,116.68
2019-09-22,58210.00,2213.60,1039.00,185.05
2019-09-23,56566.00,2213.02,1006.00,170.13
2019-09-24,55514.64,2212.65,670.00,155.53
2019-09-25,54838.00,2212.41,535.00,218.05
2019-09-26,53848.00,2212.06,517.00,38.98
2019-09-27,53138.07,2211.81,489.00,134.62
2019-09-28,52428.00,2211.56,485.00,129.99
2019-09-29,51812.27,2211.34,480.00,173.70
2019-09-30,50934.00,2211.03,475.00,36.20
2019-10-01,50224.00,2210.78,467.00,118.19
2019-10-02,49412.00,2210.49,471.00,69.20
2019-10-03,48646.00,2210.22,471.00,93.20
2019-10-04,47605.36,2209.85,594.00,81.65
2019-10-05,46424.00,2209.43,690.00,104.69
2019-10-06,45154.00,2208.98,710.00,77.91
2019-10-07,44303.86,2208.68,730.00,309.62
2019-10-08,43184.00,2208.28,730.00,175.06
2019-10-09,41975.36,2207.85,715.00,117.78
2019-10-10,40822.00,2207.44,715.00,145.63
2019-10-11,39618.00,2207.01,720.00,123.61
2019-10-12,38292.00,2206.54,720.00,59.16
2019-10-13,37283.86,2206.18,710.00,210.17
2019-10-14,36080.00,2205.75,670.00,74.17
2019-10-15,35771.59,2205.64,284.00,177.91
2019-10-16,36080.00,2205.75,36.00,197.70
2019-10-17,36192.00,2205.79,14.00,71.43
2019-10-18,36556.00,2205.92,14.00,198.56
2019-10-19,37676.14,2206.32,14.00,580.22
2019-10-20,37900.00,2206.40,14.00,620.00
2019-10-21,39188.41,2206.86,15.00,666.03
2019-10-22,42960.00,2208.20,16.00,1918.75
2019-10-23,43772.00,2208.49,16.00,426.76
2019-10-24,44814.43,2208.86,12.00,540.71
2019-10-25,45546.14,2209.12,17.00,387.64
2019-10-26,46079.07,2209.31,16.00,287.49
2019-10-27,46676.00,2209.52,16.00,319.89
2019-10-28,46983.52,2209.63,13.00,170.16
2019-10-29,47011.59,2209.64,10.00,26.51
2019-10-30,47404.00,2209.78,10.00,210.20
2019-10-31,47663.50,2209.87,10.00,142.96
2019-11-01,47778.00,2209.91,10.00,69.95
2019-11-02,48142.00,2210.04,10.00,195.86
2019-11-03,48086.00,2210.02,10.00,-15.87
2019-11-04,48338.07,2210.11,10.00,139.45
2019-11-05,48393.52,2210.13,10.00,40.32
2019-11-06,48786.00,2210.27,13.00,213.32
2019-11-07,48533.86,2210.18,22.00,-101.47
2019-11-08,48842.00,2210.29,24.00,182.85
2019-11-09,49130.93,2210.39,25.00,173.17
2019-11-10,49300.00,2210.45,25.00,112.74
2019-11-11,49160.00,2210.40,26.00,-43.08
2019-11-12,49356.00,2210.47,26.00,126.32
2019-11-13,49216.00,2210.42,27.00,-43.08
2019-11-14,49384.00,2210.48,29.00,115.26
2019-11-15,49692.00,2210.59,33.00,189.28
2019-11-16,50196.00,2210.77,33.00,288.10
2019-11-17,50511.86,2210.88,33.00,193.25
2019-11-18,50540.93,2210.89,33.00,48.66
2019-11-19,50682.00,2210.94,33.00,105.12
2019-11-20,51325.79,2211.17,33.00,358.50
2019-11-21,51158.07,2211.11,32.00,-51.32
2019-11-22,51439.00,2211.21,32.00,174.64
2019-11-23,51671.00,2211.29,32.00,149.97
2019-11-24,52148.00,2211.46,32.00,273.52
2019-11-25,52512.00,2211.59,32.00,216.53
2019-11-26,52512.00,2211.59,32.00,33.00
2019-11-27,52830.00,2211.70,32.00,193.33
2019-11-28,52886.00,2211.72,31.00,61.23
2019-11-29,53082.00,2211.79,31.00,131.82
2019-11-30,53194.21,2211.83,31.00,89.57
2019-12-01,53306.48,2211.87,31.00,89.60
2019-12-02,53535.00,2211.95,31.00,148.21
2019-12-03,53390.00,2211.90,31.00,-40.10
2019-12-04,54099.66,2212.15,30.00,389.80
2019-12-05,53904.00,2212.08,29.00,-67.54
2019-12-06,54464.00,2212.28,29.00,313.43
2019-12-07,54578.14,2212.32,29.00,88.65
2019-12-08,55006.00,2212.47,29.00,246.81
2019-12-09,55174.00,2212.53,29.00,115.80
2019-12-10,55314.00,2212.58,29.00,101.44
2019-12-11,55912.00,2212.79,29.00,332.50
2019-12-12,56052.27,2212.84,29.00,101.82
2019-12-13,56566.00,2213.02,29.00,290.16
2019-12-14,56650.00,2213.05,29.00,73.74
2019-12-15,56901.59,2213.14,29.00,157.96
2019-12-16,56901.59,2213.14,29.00,31.10
2019-12-17,57244.00,2213.26,29.00,203.73
2019-12-18,57698.00,2213.42,29.00,260.04
2019-12-19,58182.00,2213.59,29.00,275.54
2019-12-20,58266.14,2213.62,28.00,426.00
2019-12-21,59861.86,2214.18,28.00,834.71
2019-12-22,60857.00,2214.53,29.00,532.55
2019-12-23,61601.00,2214.79,28.00,405.54
2019-12-24,62084.00,2214.96,28.00,273.73
2019-12-25,62624.64,2215.15,28.00,302.79
2019-12-26,62882.00,2215.24,28.00,159.99
2019-12-27,63224.43,2215.36,29.00,203.59
2019-12-28,63620.00,2215.50,29.00,230.54
2019-12-29,63852.00,2215.58,29.00,148.07
2019-12-30,64277.00,2215.73,29.00,245.37
2019-12-31,65190.00,2216.05,29.00,492.66
2020-01-01,67417.21,2216.83,40.00,1166.64
2020-01-02,69253.00,2217.47,37.00,965.53
2020-01-03,70403.50,2217.87,35.00,618.04
2020-01-04,71668.07,2218.31,35.00,675.15
2020-01-05,72556.14,2218.62,33.00,484.05
2020-01-06,74452.00,2219.28,36.00,995.41
2020-01-07,76973.72,2220.16,35.00,1310.61
2020-01-08,79139.00,2220.91,24.00,1118.13
2020-01-09,80376.28,2221.34,22.00,648.77
2020-01-10,81729.07,2221.81,24.00,708.65
2020-01-11,82850.00,2222.20,24.00,592.02
2020-01-12,83865.00,2222.55,24.00,538.64
2020-01-13,84474.00,2222.76,24.00,334.40
2020-01-14,85083.00,2222.97,25.00,335.66
2020-01-15,85518.14,2223.12,26.00,248.68
2020-01-16,85982.00,2223.28,26.00,263.16
2020-01-17,86388.00,2223.42,25.00,233.18
2020-01-18,86794.00,2223.56,25.00,233.09
2020-01-19,87141.86,2223.68,25.00,203.78
2020-01-20,87461.00,2223.79,25.00,189.30
2020-01-21,87780.00,2223.90,25.00,189.23
2020-01-22,88331.00,2224.09,26.00,306.70
2020-01-23,89143.50,2224.37,27.00,439.43
2020-01-24,89810.00,2224.60,29.00,367.61
2020-01-25,90710.00,2224.91,28.00,485.75
2020-01-26,91459.48,2225.14,28.00,409.87
2020-01-27,92462.00,2225.43,28.00,536.35
2020-01-28,93224.57,2225.65,27.00,414.66
2020-01-29,93985.60,2225.87,27.00,413.89
2020-01-30,94678.00,2226.07,27.00,379.30
2020-01-31,96110.00,2226.48,28.00,754.49
2020-02-01,101152.00,2227.92,40.00,2586.98
2020-02-02,103804.74,2228.67,33.00,1374.95
2020-02-03,105330.00,2229.10,25.00,798.62
2020-02-04,106580.00,2229.45,24.00,657.57
2020-02-05,108610.00,2230.02,28.00,1056.04
2020-02-06,112382.00,2231.07,45.00,1952.37
2020-02-07,117308.00,2232.43,53.00,2543.63
2020-02-08,120228.00,2233.23,41.00,1517.75
2020-02-09,121960.00,2233.70,31.00,908.60
2020-02-10,123181.00,2234.03,27.00,646.93
2020-02-11,124180.00,2234.30,25.00,533.19
2020-02-12,124994.00,2234.52,24.00,438.97
2020-02-13,125993.00,2234.79,25.00,533.16
2020-02-14,126622.00,2234.96,26.00,347.21
2020-02-15,127398.73,2235.17,26.00,421.47
2020-02-16,128435.00,2235.45,26.00,552.80
2020-02-17,129000.00,2235.60,25.00,314.55
2020-02-18,129484.00,2235.73,25.00,273.32
2020-02-19,129935.45,2235.85,25.00,256.91
2020-02-20,130234.00,2235.93,25.00,179.82
2020-02-21,130611.00,2236.03,25.00,219.37
2020-02-22,131250.00,2236.20,25.00,351.46
2020-02-23,131848.56,2236.36,25.00,331.08
2020-02-24,132114.00,2236.43,25.00,163.12
2020-02-25,132454.00,2236.52,25.00,200.72
2020-02-26,132826.19,2236.62,25.00,216.94
2020-02-27,133130.00,2236.70,25.00,182.47
2020-02-28,133315.00,2236.75,25.00,122.57
2020-02-29,133918.00,2236.91,24.00,333.31
2020-03-01,134297.00,2237.01,24.00,220.38
2020-03-02,134668.09,2237.11,24.00,216.39
2020-03-03,135200.00,2237.25,24.00,297.85
2020-03-04,135504.28,2237.33,26.00,184.47
2020-03-05,135922.00,2237.44,25.00,240.84
2020-03-06,136302.00,2237.54,25.00,221.78
2020-03-07,136757.63,2237.66,25.00,259.91
2020-03-08,137138.00,2237.76,25.00,221.97
2020-03-09,137404.28,2237.83,24.00,163.85
2020-03-10,137943.00,2237.97,24.00,300.90
2020-03-11,138136.00,2238.02,24.00,126.66
2020-03-12,138440.00,2238.10,24.00,182.59
2020-03-13,138705.72,2238.17,24.00,163.52
2020-03-14,139086.00,2238.27,24.00,221.12
2020-03-15,139200.00,2238.30,24.00,86.78
2020-03-16,139550.91,2238.39,24.00,206.22
2020-03-17,139780.00,2238.45,24.00,144.80
2020-03-18,140046.00,2238.52,24.00,163.41
2020-03-19,140236.00,2238.57,24.00,125.09
2020-03-20,140583.63,2238.66,24.00,204.56
2020-03-21,140930.00,2238.75,24.00,203.93
2020-03-22,141234.28,2238.83,24.00,182.71
2020-03-23,141500.00,2238.90,24.00,163.30
2020-03-24,142004.00,2239.03,24.00,283.95
2020-03-25,142270.00,2239.10,24.00,163.62
2020-03-26,142497.63,2239.16,24.00,144.06
2020-03-27,142923.00,2239.27,23.00,243.76
2020-03-28,143381.91,2239.39,23.00,260.69
2020-03-29,143732.00,2239.48,24.00,206.71
2020-03-30,144276.19,2239.62,24.00,304.59
2020-03-31,144892.00,2239.78,24.00,340.68
2020-04-01,145320.91,2239.89,24.00,246.44
2020-04-02,145672.00,2239.98,24.00,207.21
2020-04-03,146023.00,2240.07,24.00,207.16
2020-04-04,146216.19,2240.12,24.00,127.59
2020-04-05,146598.00,2240.22,24.00,222.70
2020-04-06,146793.00,2240.27,23.00,128.02
2020-04-07,147105.48,2240.35,24.00,187.65
2020-04-08,147378.00,2240.42,24.00,167.57
2020-04-09,147729.00,2240.51,24.00,207.15
2020-04-10,148080.00,2240.60,24.00,207.16
2020-04-11,148860.00,2240.80,24.00,423.45
2020-04-12,149523.00,2240.97,24.00,364.46
2020-04-13,150146.33,2241.13,24.00,344.46
2020-04-14,150693.00,2241.27,24.00,305.81
2020-04-15,151400.00,2241.45,24.00,386.65
2020-04-16,152106.33,2241.63,25.00,386.31
2020-04-17,152975.48,2241.85,25.00,468.40
2020-04-18,153882.00,2242.08,25.00,487.24
2020-04-19,154830.20,2242.32,25.00,508.25
2020-04-20,155901.00,2242.59,25.00,570.06
2020-04-21,156980.59,2242.86,25.00,574.50
2020-04-22,158259.80,2243.18,26.00,675.60
2020-04-23,159900.00,2243.59,26.00,858.04
2020-04-24,161510.00,2243.99,26.00,842.81
2020-04-25,163079.80,2244.38,26.00,822.54
2020-04-26,164215.59,2244.66,26.00,603.73
2020-04-27,166050.09,2245.11,27.00,956.68
2020-04-28,167558.00,2245.48,28.00,792.24
2020-04-29,168952.20,2245.82,28.00,734.91
2020-04-30,170879.00,2246.29,28.00,1003.43
2020-05-01,172317.39,2246.64,28.00,757.19
2020-05-02,173642.00,2246.96,28.00,699.85
2020-05-03,175050.00,2247.30,29.00,742.61
2020-05-04,176090.00,2247.55,29.00,557.33
2020-05-05,177088.00,2247.79,29.00,536.16
2020-05-06,178380.00,2248.10,29.00,684.53
2020-05-07,179425.50,2248.35,29.00,560.41
2020-05-08,180428.00,2248.59,29.00,538.43
2020-05-09,181687.89,2248.89,29.00,668.20
2020-05-10,183284.00,2249.27,29.00,837.71
2020-05-11,185056.89,2249.69,30.00,927.55
2020-05-12,186704.00,2250.08,29.00,864.42
2020-05-13,188186.00,2250.43,29.00,781.18
2020-05-14,189459.00,2250.73,29.00,675.80
2020-05-15,190610.00,2251.00,29.00,614.31
2020-05-16,191761.00,2251.27,30.00,615.30
2020-05-17,193041.00,2251.57,30.00,680.33
2020-05-18,194235.53,2251.85,30.00,637.24
2020-05-19,195310.00,2252.10,29.00,576.71
2020-05-20,196556.89,2252.39,29.00,663.64
2020-05-21,197890.00,2252.70,29.00,707.46
2020-05-22,198879.00,2252.93,30.00,534.62
2020-05-23,199738.27,2253.13,30.00,469.21
2020-05-24,200513.11,2253.31,30.00,426.65
2020-05-25,201506.00,2253.54,30.00,536.58
2020-05-26,202630.00,2253.80,30.00,602.68
2020-05-27,203758.00,2254.06,29.00,604.70
2020-05-28,204800.00,2254.30,29.00,561.34
2020-05-29,206066.00,2254.59,29.00,674.28
2020-05-30,207979.00,2255.03,30.00,1001.10
2020-05-31,209332.42,2255.34,30.00,719.35
2020-06-01,210338.00,2255.57,30.00,543.98
2020-06-02,211032.00,2255.73,30.00,386.89
2020-06-03,211735.89,2255.89,29.00,391.88
2020-06-04,212396.00,2256.04,29.00,369.81
2020-06-05,213100.00,2256.20,29.00,391.93
2020-06-06,213716.44,2256.34,31.00,350.03
2020-06-07,214288.00,2256.47,32.00,328.16
2020-06-08,214991.25,2256.63,32.00,394.56
2020-06-09,216048.75,2256.87,32.00,573.16
2020-06-10,216972.00,2257.08,32.00,505.47
2020-06-11,217940.00,2257.30,32.00,528.05
2020-06-12,218820.00,2257.50,32.00,483.67
2020-06-13,219314.11,2257.61,32.00,289.11
2020-06-14,219886.00,2257.74,32.00,328.33
2020-06-15,220509.78,2257.88,43.00,368.60
2020-06-16,220908.00,2257.97,62.00,274.59
2020-06-17,221304.00,2258.06,79.00,291.27
2020-06-18,221749.56,2258.16,106.00,347.03
2020-06-19,222150.00,2258.25,127.00,346.02
2020-06-20,222640.66,2258.36,131.00,395.37
2020-06-21,223040.00,2258.45,154.00,377.28
2020-06-22,223260.00,2258.50,183.00,315.87
2020-06-23,223440.00,2258.54,221.00,338.50
2020-06-24,223575.00,2258.57,269.00,370.33
2020-06-25,223620.00,2258.58,285.00,340.34
2020-06-26,223575.00,2258.57,292.00,304.42
2020-06-27,223575.00,2258.57,294.00,328.93
2020-06-28,223395.00,2258.53,290.00,235.87
2020-06-29,223216.00,2258.49,290.00,236.05
2020-06-30,223084.00,2258.46,299.00,271.12
2020-07-01,222952.00,2258.43,316.00,289.02
2020-07-02,222640.66,2258.36,316.00,198.43
2020-07-03,222326.00,2258.29,317.00,195.43
2020-07-04,221930.00,2258.20,330.00,164.61
2020-07-05,221570.22,2258.12,342.00,193.76
2020-07-06,221172.00,2258.03,354.00,184.75
2020-07-07,220732.00,2257.93,366.00,177.69
2020-07-08,220285.33,2257.83,375.00,183.26
2020-07-09,219754.00,2257.71,385.00,148.96
2020-07-10,219314.11,2257.61,391.00,197.39
2020-07-11,218688.00,2257.47,397.00,109.13
2020-07-12,218160.53,2257.35,407.00,165.01
2020-07-13,217676.00,2257.24,409.00,187.05
2020-07-14,217060.00,2257.10,427.00,134.64
2020-07-15,216356.00,2256.94,433.00,96.21
2020-07-16,215740.00,2256.80,439.00,143.75
2020-07-17,215123.56,2256.66,457.00,159.20
2020-07-18,214420.00,2256.50,475.00,130.87
2020-07-19,213628.22,2256.32,489.00,98.63
2020-07-20,212923.56,2256.16,495.00,148.88
2020-07-21,212132.00,2255.98,511.00,118.07
2020-07-22,211296.00,2255.79,522.00,106.42
2020-07-23,210470.00,2255.60,529.00,113.67
2020-07-24,209503.80,2255.38,531.00,41.76
2020-07-25,208675.89,2255.19,526.00,109.80
2020-07-26,207850.00,2255.00,531.00,115.97
2020-07-27,206980.00,2254.80,535.00,96.87
2020-07-28,206453.80,2254.68,336.00,102.88
2020-07-29,206238.27,2254.63,96.00,-2.10
2020-07-30,205802.00,2254.53,319.00,125.55
2020-07-31,204976.44,2254.34,416.00,17.34
2020-08-01,204237.67,2254.17,406.00,59.85
2020-08-02,203500.00,2254.00,400.00,59.15
2020-08-03,202850.53,2253.85,393.00,103.71
2020-08-04,202113.80,2253.68,387.00,59.60
2020-08-05,201374.00,2253.51,388.00,11.83
2020-08-06,200728.63,2253.36,402.00,73.10
2020-08-07,199910.69,2253.17,411.00,-5.67
2020-08-08,199223.00,2253.01,413.00,59.79
2020-08-09,198406.20,2252.82,422.00,4.09
2020-08-10,197631.38,2252.64,436.00,38.07
2020-08-11,196815.00,2252.45,453.00,32.91
2020-08-12,195955.00,2252.25,467.00,22.42
2020-08-13,195052.00,2252.04,492.00,21.97
2020-08-14,194149.31,2251.83,494.00,24.56
2020-08-15,193213.11,2251.61,522.00,31.10
2020-08-16,192267.89,2251.39,533.00,36.41
2020-08-17,191373.80,2251.18,548.00,73.81
2020-08-18,190309.00,2250.93,563.00,3.00
2020-08-19,189245.80,2250.68,570.00,6.69
2020-08-20,188396.00,2250.48,567.00,112.64
2020-08-21,187462.00,2250.26,568.00,69.11
2020-08-22,186446.00,2250.02,570.00,27.44
2020-08-23,185394.00,2249.77,572.00,8.07
2020-08-24,184334.00,2249.52,578.00,10.93
2020-08-25,183200.00,2249.25,620.00,14.14
2020-08-26,181940.00,2248.95,686.00,9.97
2020-08-27,180721.59,2248.66,733.00,76.53
2020-08-28,179302.20,2248.32,779.00,20.30
2020-08-29,177796.00,2247.96,821.00,16.51
2020-08-30,176216.00,2247.58,877.00,27.86
2020-08-31,174429.48,2247.15,940.00,-16.13
2020-09-01,172359.48,2246.65,1146.00,46.95
2020-09-02,170222.30,2246.13,1182.00,42.34
2020-09-03,168050.00,2245.60,1206.00,48.10
2020-09-04,165887.00,2245.07,1203.00,45.85
2020-09-05,163730.00,2244.54,1217.00,59.85
2020-09-06,161470.00,2243.98,1236.00,24.02
2020-09-07,159220.00,2243.42,1255.00,47.97
2020-09-08,157059.80,2242.88,1269.00,160.71
2020-09-09,154594.00,2242.26,1272.00,2.48
2020-09-10,152340.91,2241.69,1275.00,113.87
2020-09-11,149991.00,2241.09,1295.00,79.60
2020-09-12,147690.00,2240.50,1304.00,109.82
2020-09-13,145594.00,2239.96,1313.00,220.51
2020-09-14,143078.09,2239.31,1316.00,9.89
2020-09-15,140778.00,2238.71,1325.00,121.68
2020-09-16,138440.00,2238.10,1328.00,104.88
2020-09-17,136188.00,2237.51,1331.00,144.37
2020-09-18,133803.81,2236.88,1333.00,81.82
2020-09-19,131509.00,2236.27,1348.00,135.56
2020-09-20,129074.18,2235.62,1357.00,74.01
2020-09-21,126733.00,2234.99,1360.00,117.25
2020-09-22,124475.82,2234.38,1351.00,154.72
2020-09-23,122662.91,2233.89,1343.00,374.24
2020-09-24,120517.09,2233.31,1292.00,159.54
2020-09-25,118912.62,2232.87,1249.00,396.28
2020-09-26,117236.00,2232.41,1203.00,313.07
2020-09-27,115307.82,2231.88,1178.00,167.68
2020-09-28,113282.18,2231.32,1198.00,136.79
2020-09-29,111256.00,2230.76,1206.00,149.90
2020-09-30,109322.00,2230.22,1176.00,170.39
2020-10-01,107433.91,2229.69,1144.00,160.54
2020-10-02,105581.73,2229.17,1094.00,129.20
2020-10-03,103874.91,2228.69,1050.00,158.57
2020-10-04,102069.83,2228.18,1050.00,109.31
2020-10-05,100485.00,2227.73,1006.00,176.65
2020-10-06,98875.00,2227.27,956.00,111.39
2020-10-07,97300.17,2226.82,945.00,119.24
2020-10-08,95725.60,2226.37,940.00,115.70
2020-10-09,94125.00,2225.91,940.00,101.20
2020-10-10,92980.00,2225.58,940.00,329.36
2020-10-11,92255.60,2225.37,934.00,536.45
2020-10-12,91704.00,2225.21,934.00,622.08
2020-10-13,92255.60,2225.37,825.00,1075.22
2020-10-14,93434.00,2225.71,603.00,1183.54
2020-10-15,94054.91,2225.89,261.00,601.46
2020-10-16,94884.40,2226.13,55.00,474.67
2020-10-17,95620.34,2226.34,40.00,413.04
2020-10-18,96600.17,2226.62,38.00,536.06
2020-10-19,97300.17,2226.82,36.00,388.91
2020-10-20,97825.00,2226.97,33.00,297.80
2020-10-21,98315.09,2227.11,31.00,277.96
2020-10-22,98700.00,2227.22,31.00,225.14
2020-10-23,99435.00,2227.43,31.00,401.66
2020-10-24,99995.00,2227.59,31.00,313.43
2020-10-25,100450.00,2227.72,31.00,260.50
2020-10-26,100765.09,2227.81,31.00,189.96
2020-10-27,101044.91,2227.89,31.00,172.18
2020-10-28,101404.00,2227.99,31.00,212.14
2020-10-29,101685.00,2228.07,31.00,172.77
2020-10-30,102140.00,2228.20,32.00,261.17
2020-10-31,102428.00,2228.28,32.00,177.20
2020-11-01,102710.52,2228.36,32.00,174.44
2020-11-02,102885.00,2228.41,32.00,119.97
2020-11-03,103804.74,2228.67,32.00,495.96
2020-11-04,104692.00,2228.92,32.00,479.30
2020-11-05,106935.00,2229.55,31.00,1162.12
2020-11-06,108252.00,2229.92,32.00,695.85
2020-11-07,109141.73,2230.17,31.00,479.67
2020-11-08,109646.09,2230.31,31.00,285.38
2020-11-09,110145.00,2230.45,31.00,282.64
2020-11-10,110931.73,2230.67,31.00,428.17
2020-11-11,111292.00,2230.77,31.00,212.75
2020-11-12,111652.62,2230.87,31.00,212.65
2020-11-13,112346.00,2231.06,31.00,380.94
2020-11-14,113066.00,2231.26,31.00,395.00
2020-11-15,113792.00,2231.46,33.00,400.00
2020-11-16,114479.56,2231.65,34.00,381.98
2020-11-17,114732.00,2231.72,33.00,161.42
2020-11-18,115272.62,2231.87,33.00,306.56
2020-11-19,115786.00,2232.01,33.00,293.05
2020-11-20,116253.47,2232.14,33.00,269.74
2020-11-21,116655.00,2232.25,32.00,235.79
2020-11-22,117092.62,2232.37,32.00,253.63
2020-11-23,117488.00,2232.48,32.00,232.34
2020-11-24,117819.00,2232.57,32.00,199.86
2020-11-25,118364.00,2232.72,33.00,308.33
2020-11-26,118696.09,2232.81,32.00,200.54
2020-11-27,119020.00,2232.90,32.00,196.31
2020-11-28,119279.00,2232.97,31.00,162.99
2020-11-29,119642.00,2233.07,31.00,215.02
2020-11-30,119934.55,2233.15,31.00,179.49
2020-12-01,120192.00,2233.22,31.00,161.80
2020-12-02,120372.00,2233.27,31.00,122.75
2020-12-03,120628.36,2233.34,31.00,161.25
2020-12-04,120775.82,2233.38,31.00,106.33
2020-12-05,120887.00,2233.41,30.00,87.48
2020-12-06,121072.00,2233.46,30.00,124.37
2020-12-07,121257.00,2233.51,30.00,124.37
2020-12-08,121700.37,2233.63,30.00,254.68
2020-12-09,122293.00,2233.79,30.00,330.27
2020-12-10,122625.82,2233.88,31.00,199.80
2020-12-11,122959.00,2233.97,30.00,199.42
2020-12-12,123329.00,2234.07,30.00,217.65
2020-12-13,123550.37,2234.13,30.00,142.71
2020-12-14,124032.00,2234.26,30.00,273.92
2020-12-15,124475.82,2234.38,30.00,254.86
2020-12-16,124920.00,2234.50,30.00,255.04
2020-12-17,125327.09,2234.61,31.00,237.39
2020-12-18,126030.00,2234.80,30.00,385.91
2020-12-19,126918.00,2235.04,30.00,479.12
2020-12-20,127843.00,2235.29,34.00,501.75
2020-12-21,128772.00,2235.54,33.00,464.89
2020-12-22,129598.00,2235.76,33.00,450.53
2020-12-23,130310.00,2235.95,31.00,391.18
2020-12-24,130759.00,2236.07,30.00,257.82
2020-12-25,131361.00,2236.23,30.00,334.61
2020-12-26,132076.00,2236.42,29.00,390.75
2020-12-27,132266.00,2236.47,29.00,125.99
2020-12-28,132565.00,2236.55,29.00,180.95
2020-12-29,133015.72,2236.67,28.00,256.88
2020-12-30,133576.19,2236.82,28.00,311.88
2020-12-31,134222.00,2236.99,28.00,354.90
2021-01-01,134445.00,2237.05,29.00,142.54
2021-01-02,135580.47,2237.35,29.00,603.09
2021-01-03,136340.00,2237.55,32.00,416.55
2021-01-04,136948.00,2237.71,32.00,340.18
2021-01-05,137556.66,2237.87,32.00,341.14
2021-01-06,138326.00,2238.07,31.00,420.88
2021-01-07,138781.91,2238.19,30.00,262.11
2021-01-08,139162.00,2238.29,30.00,223.57
2021-01-09,139550.91,2238.39,30.00,227.17
2021-01-10,139856.00,2238.47,29.00,184.89
2021-01-11,140389.09,2238.61,29.00,299.21
2021-01-12,141656.00,2238.94,31.00,671.98
2021-01-13,143420.00,2239.40,39.00,930.48
2021-01-14,144619.00,2239.71,34.00,640.35
2021-01-15,145399.00,2239.91,32.00,427.58
2021-01-16,145906.00,2240.04,31.00,288.97
2021-01-17,146871.00,2240.29,31.00,519.52
2021-01-18,147378.00,2240.42,30.00,288.00
2021-01-19,147963.00,2240.57,30.00,326.94
2021-01-20,148313.63,2240.66,30.00,208.73
2021-01-21,148860.00,2240.80,29.00,306.64
2021-01-22,149250.00,2240.90,29.00,227.73
2021-01-23,149523.00,2240.97,29.00,168.74
2021-01-24,149874.00,2241.06,29.00,208.06
2021-01-25,150263.63,2241.16,29.00,227.54
2021-01-26,150380.91,2241.19,29.00,90.23
2021-01-27,150771.00,2241.29,29.00,227.77
2021-01-28,151044.58,2241.36,29.00,169.02
2021-01-29,151240.00,2241.41,29.00,129.48
2021-01-30,151600.00,2241.50,29.00,212.34
2021-01-31,151717.00,2241.53,29.00,89.93
2021-02-01,151912.00,2241.58,29.00,129.41
2021-02-02,152145.42,2241.64,29.00,148.78
2021-02-03,152500.00,2241.73,29.00,209.87
2021-02-04,153014.58,2241.86,29.00,290.53
2021-02-05,153570.00,2242.00,31.00,313.29
2021-02-06,154360.00,2242.20,32.00,432.42
2021-02-07,155109.91,2242.39,33.00,413.05
2021-02-08,155470.00,2242.48,31.00,214.96
2021-02-09,155862.00,2242.58,31.00,230.63
2021-02-10,156099.41,2242.64,30.00,151.91
2021-02-11,156380.00,2242.71,30.00,173.47
2021-02-12,156660.00,2242.78,30.00,173.17
2021-02-13,157140.00,2242.90,30.00,274.00
2021-02-14,157420.00,2242.97,30.00,173.17
2021-02-15,157940.00,2243.10,30.00,294.17
2021-02-16,158500.00,2243.24,30.00,314.33
2021-02-17,158620.00,2243.27,30.00,92.50
2021-02-18,158900.39,2243.34,30.00,173.36
2021-02-19,159180.00,2243.41,30.00,172.97
2021-02-20,159380.00,2243.46,30.00,132.83
2021-02-21,160059.31,2243.63,30.00,375.05
2021-02-22,161670.00,2244.03,36.00,850.69
2021-02-23,162719.00,2244.29,38.00,570.37
2021-02-24,163324.00,2244.44,35.00,343.34
2021-02-25,164460.00,2244.72,34.00,609.76
2021-02-26,164944.41,2244.84,33.00,280.70
2021-02-27,165190.00,2244.90,32.00,159.24
2021-02-28,165518.00,2244.98,32.00,200.37
2021-03-01,165887.00,2245.07,32.00,221.04
2021-03-02,166209.52,2245.15,32.00,197.60
2021-03-03,166492.00,2245.22,32.00,177.42
2021-03-04,166615.00,2245.25,32.00,97.01
2021-03-05,167025.50,2245.35,32.00,241.96
2021-03-06,167353.00,2245.43,32.00,200.36
2021-03-07,167558.00,2245.48,33.00,139.34
2021-03-08,167804.00,2245.54,33.00,160.03
2021-03-09,168009.00,2245.59,33.00,139.35
2021-03-10,168254.50,2245.65,33.00,159.76
2021-03-11,168418.91,2245.69,33.00,118.74
2021-03-12,168665.00,2245.75,33.00,159.90
2021-03-13,168870.00,2245.80,33.00,139.35
2021-03-14,169034.41,2245.84,33.00,118.89
2021-03-15,169321.00,2245.91,33.00,180.49
2021-03-16,169526.00,2245.96,33.00,139.35
2021-03-17,169731.00,2246.01,33.00,139.35
2021-03-18,170263.41,2246.14,33.00,304.42
2021-03-19,170263.41,2246.14,33.00,36.00
2021-03-20,170592.00,2246.22,33.00,201.67
2021-03-21,170920.00,2246.30,34.00,202.21
2021-03-22,171330.00,2246.40,35.00,244.40
2021-03-23,171576.00,2246.46,35.00,161.58
2021-03-24,172150.00,2246.60,35.00,327.20
2021-03-25,172443.69,2246.67,35.00,186.55
2021-03-26,172775.00,2246.75,35.00,205.04
2021-03-27,173062.20,2246.82,35.00,182.87
2021-03-28,173726.00,2246.98,36.00,373.82
2021-03-29,174138.00,2247.08,36.00,247.07
2021-03-30,174471.59,2247.16,34.00,206.41
2021-03-31,174804.00,2247.24,34.00,205.59
2021-04-01,175134.20,2247.32,34.00,204.48
2021-04-02,175511.00,2247.41,34.00,227.97
2021-04-03,175880.00,2247.50,34.00,224.04
2021-04-04,176341.09,2247.61,34.00,270.82
2021-04-05,176836.00,2247.73,34.00,287.84
2021-04-06,177340.52,2247.85,34.00,292.55
2021-04-07,177960.00,2248.00,35.00,351.29
2021-04-08,178589.48,2248.15,36.00,357.15
2021-04-09,179178.00,2248.29,35.00,335.91
2021-04-10,179672.00,2248.41,35.00,288.10
2021-04-11,180008.00,2248.49,35.00,208.40
2021-04-12,180428.00,2248.59,35.00,250.72
2021-04-13,180679.48,2248.65,35.00,165.31
2021-04-14,181016.00,2248.73,34.00,207.77
2021-04-15,181394.20,2248.82,34.00,229.16
2021-04-16,181982.00,2248.96,35.00,335.35
2021-04-17,182737.39,2249.14,36.00,421.32
2021-04-18,183830.00,2249.40,61.00,618.79
2021-04-19,185184.00,2249.72,80.00,769.04
2021-04-20,186403.00,2250.01,80.00,700.66
2021-04-21,187630.00,2250.30,77.00,701.72
2021-04-22,188867.00,2250.59,77.00,707.11
2021-04-23,190095.80,2250.88,77.00,703.32
2021-04-24,191416.89,2251.19,79.00,750.75
2021-04-25,192525.00,2251.45,79.00,643.37
2021-04-26,193170.00,2251.60,198.00,566.12
2021-04-27,193556.89,2251.69,375.00,601.85
2021-04-28,193852.00,2251.76,391.00,571.70
2021-04-29,194708.00,2251.96,237.00,709.58
2021-04-30,196084.00,2252.28,110.00,819.90
2021-05-01,197588.27,2252.63,100.00,873.55
2021-05-02,198965.00,2252.95,100.00,810.10
2021-05-03,200169.00,2253.23,95.00,716.10
2021-05-04,201374.00,2253.51,90.00,711.52
2021-05-05,202501.00,2253.77,102.00,686.91
2021-05-06,203801.00,2254.07,140.00,810.51
2021-05-07,205151.78,2254.38,140.00,837.00
2021-05-08,206153.11,2254.61,120.00,641.81
2021-05-09,206980.00,2254.80,102.00,534.89
2021-05-10,207806.00,2254.99,102.00,534.44
2021-05-11,208720.00,2255.20,100.00,576.49
2021-05-12,209722.00,2255.43,95.00,616.16
2021-05-13,211032.00,2255.73,95.00,770.46
2021-05-14,212572.00,2256.08,95.00,886.42
2021-05-15,214244.00,2256.46,95.00,952.97
2021-05-16,216135.89,2256.89,95.00,1063.94
2021-05-17,218160.53,2257.35,97.00,1132.69
2021-05-18,219930.00,2257.75,98.00,1004.11
2021-05-19,221128.00,2258.02,104.00,722.35
2021-05-20,222062.00,2258.23,173.00,666.21
2021-05-21,222505.33,2258.33,295.00,545.32
2021-05-22,222908.00,2258.42,362.00,590.06
2021-05-23,223395.00,2258.53,363.00,632.49
2021-05-24,223929.47,2258.65,398.00,693.88
2021-05-25,224465.00,2258.79,455.00,749.31
2021-05-26,225175.00,2258.93,459.00,840.96
2021-05-27,225975.11,2259.11,460.00,886.47
2021-05-28,227006.44,2259.34,461.00,1002.96
2021-05-29,227540.00,2259.46,462.00,752.09
2021-05-30,227990.00,2259.56,462.00,710.00
2021-05-31,228745.00,2259.73,463.00,864.23
2021-06-01,230050.00,2260.02,456.00,1131.58
2021-06-02,231805.00,2260.41,416.00,1318.42
2021-06-03,233560.00,2260.80,393.00,1295.81
2021-06-04,234775.00,2261.07,402.00,1031.21
2021-06-05,235720.00,2261.28,466.00,962.36
2021-06-06,236260.00,2261.40,536.00,827.20
2021-06-07,236350.00,2261.42,590.00,651.66
2021-06-08,236035.55,2261.35,605.00,461.29
2021-06-09,235810.00,2261.30,601.00,503.77
2021-06-10,235314.89,2261.19,659.00,426.72
2021-06-11,235000.22,2261.12,704.00,562.11
2021-06-12,234505.00,2261.01,675.00,442.31
2021-06-13,235179.56,2261.16,641.00,997.05
2021-06-14,235495.00,2261.23,582.00,752.31
2021-06-15,235585.00,2261.25,543.00,598.73
2021-06-16,235675.00,2261.27,530.00,584.41
2021-06-17,235720.00,2261.28,526.00,557.04
2021-06-18,235630.00,2261.26,554.00,518.91
2021-06-19,235765.00,2261.29,582.00,658.55
2021-06-20,235855.11,2261.31,596.00,648.34
2021-06-21,235855.11,2261.31,583.00,590.72
2021-06-22,235990.44,2261.34,575.00,650.65
2021-06-23,236035.55,2261.35,590.00,618.48
2021-06-24,235900.22,2261.32,599.00,533.69
2021-06-25,235810.00,2261.30,612.00,569.33
2021-06-26,235810.00,2261.30,616.00,621.09
2021-06-27,235720.00,2261.28,625.00,585.65
2021-06-28,235360.00,2261.20,660.00,482.41
2021-06-29,235000.22,2261.12,675.00,497.57
2021-06-30,234460.00,2261.00,632.00,370.71
2021-07-01,234190.00,2260.94,538.00,414.42
2021-07-02,233964.89,2260.89,463.00,361.80
2021-07-03,233560.00,2260.80,420.00,231.37
2021-07-04,233200.00,2260.72,402.00,237.46
2021-07-05,232839.34,2260.64,399.00,237.17
2021-07-06,232435.00,2260.55,380.00,197.62
2021-07-07,232075.00,2260.47,360.00,199.60
2021-07-08,231625.77,2260.37,354.00,154.22
2021-07-09,231220.00,2260.28,341.00,162.35
2021-07-10,230724.67,2260.17,325.00,104.27
2021-07-11,230365.00,2260.09,323.00,172.67
2021-07-12,229960.00,2260.00,313.00,142.07
2021-07-13,229555.00,2259.91,266.00,98.11
2021-07-14,229105.11,2259.81,258.00,67.72
2021-07-15,228700.00,2259.72,261.00,54.32
2021-07-16,228345.36,2259.64,261.00,81.91
2021-07-17,227945.00,2259.55,261.00,58.25
2021-07-18,227540.00,2259.46,261.00,55.41
2021-07-19,227094.64,2259.36,258.00,34.20
2021-07-20,226605.00,2259.25,258.00,11.42
2021-07-21,226109.34,2259.14,258.00,8.20
2021-07-22,225710.00,2259.05,258.00,56.73
2021-07-23,225310.00,2258.96,258.00,56.33
2021-07-24,224770.66,2258.85,258.00,-13.92
2021-07-25,224290.00,2258.74,258.00,15.67
2021-07-26,223842.33,2258.63,258.00,32.30
2021-07-27,223440.00,2258.54,258.00,55.16
2021-07-28,222996.00,2258.44,258.00,34.15
2021-07-29,222505.33,2258.33,258.00,10.59
2021-07-30,222106.00,2258.24,258.00,56.64
2021-07-31,221525.11,2258.11,258.00,-35.30
2021-08-01,221216.00,2258.04,258.00,101.75
2021-08-02,220776.00,2257.94,258.00,34.98
2021-08-03,220465.77,2257.87,255.00,100.07
2021-08-04,219974.00,2257.76,255.00,8.07
2021-08-05,219533.56,2257.66,255.00,33.23
2021-08-06,218955.00,2257.53,255.00,-36.33
2021-08-07,218512.00,2257.43,255.00,31.75
2021-08-08,218028.22,2257.32,255.00,12.22
2021-08-09,217411.78,2257.18,261.00,-50.01
2021-08-10,216928.00,2257.07,272.00,25.52
2021-08-11,216444.00,2256.96,277.00,-18.95
2021-08-12,215960.53,2256.85,289.00,2.62
2021-08-13,215344.00,2256.71,308.00,80.72
2021-08-14,214728.00,2256.57,317.00,-1.45
2021-08-15,214068.00,2256.42,325.00,-16.96
2021-08-16,213452.00,2256.28,344.00,21.12
2021-08-17,212748.22,2256.12,356.00,-11.47
2021-08-18,212000.00,2255.95,361.00,-29.43
2021-08-19,211296.00,2255.79,370.00,-0.79
2021-08-20,210598.27,2255.63,403.00,32.05
2021-08-21,209722.00,2255.43,461.00,-2.53
2021-08-22,208720.00,2255.20,513.00,-16.24
2021-08-23,207762.00,2254.98,560.00,47.56
2021-08-24,206672.00,2254.73,584.00,2.86
2021-08-25,205541.00,2254.47,618.00,14.62
2021-08-26,204370.00,2254.20,659.00,31.55
2021-08-27,203070.00,2253.90,691.00,-6.51
2021-08-28,201726.00,2253.59,724.00,3.36
2021-08-29,200298.00,2253.26,771.00,3.62
2021-08-30,198750.00,2252.90,839.00,7.57
2021-08-31,197116.00,2252.52,896.00,15.18
2021-09-01,195438.27,2252.13,943.00,39.34
2021-09-02,193642.00,2251.71,962.00,-1.83
2021-09-03,191890.00,2251.30,1010.00,122.44
2021-09-04,189928.41,2250.84,1054.00,57.59
2021-09-05,188016.89,2250.39,1080.00,101.95
2021-09-06,186024.00,2249.92,1107.00,85.64
2021-09-07,183914.00,2249.42,1188.00,102.22
2021-09-08,181645.80,2248.88,1248.00,76.29
2021-09-09,179261.09,2248.31,1268.00,35.11
2021-09-10,176962.00,2247.76,1303.00,103.52
2021-09-11,174640.00,2247.20,1320.00,148.82
2021-09-12,172192.11,2246.61,1331.00,90.07
2021-09-13,169936.00,2246.06,1336.00,187.14
2021-09-14,167558.00,2245.48,1336.00,126.53
2021-09-15,165190.00,2244.90,1336.00,132.57
2021-09-16,162800.09,2244.31,1336.00,119.62
2021-09-17,160700.00,2243.79,1336.00,265.17
2021-09-18,158340.00,2243.20,1330.00,130.51
2021-09-19,156380.00,2242.71,1324.00,324.52
2021-09-20,154119.41,2242.14,1318.00,165.63
2021-09-21,151834.00,2241.56,1312.00,145.93
2021-09-22,149640.00,2241.00,1306.00,184.95
2021-09-23,147456.00,2240.44,1306.00,192.09
2021-09-24,145087.28,2239.83,1306.00,100.46
2021-09-25,142845.00,2239.25,1312.00,171.70
2021-09-26,140583.63,2238.66,1324.00,173.45
2021-09-27,138591.44,2238.14,1290.00,275.58
2021-09-28,136606.19,2237.62,1223.00,217.86
2021-09-29,134781.44,2237.14,1175.00,254.34
2021-09-30,132977.63,2236.66,1154.00,249.00
2021-10-01,130983.35,2236.13,1149.00,151.40
2021-10-02,129147.46,2235.64,1149.00,227.82
2021-10-03,127140.00,2235.10,1154.00,150.17
2021-10-04,125290.00,2234.60,1165.00,236.03
2021-10-05,123255.00,2234.05,1149.00,129.32
2021-10-06,121442.00,2233.56,1122.00,213.23
2021-10-07,119534.00,2233.04,1094.00,135.11
2021-10-08,117782.00,2232.56,1078.00,197.58
2021-10-09,116038.00,2232.08,1067.00,190.53
2021-10-10,114407.38,2231.63,1050.00,232.16
2021-10-11,112813.91,2231.19,1006.00,210.68
2021-10-12,111256.00,2230.76,961.00,188.53
2021-10-13,109754.35,2230.34,915.00,177.45
2021-10-14,108575.00,2230.01,831.00,265.03
2021-10-15,107928.27,2229.83,459.00,168.81
2021-10-16,107540.00,2229.72,251.00,57.62
2021-10-17,107289.56,2229.65,292.00,171.68
2021-10-18,106935.00,2229.55,288.00,119.44
2021-10-19,106544.00,2229.44,248.00,64.88
2021-10-20,106327.82,2229.38,224.00,129.95
2021-10-21,106292.62,2229.37,127.00,125.37
2021-10-22,106363.91,2229.39,61.00,109.00
2021-10-23,106400.00,2229.40,52.00,80.58
2021-10-24,106652.00,2229.47,52.00,189.45
2021-10-25,106760.00,2229.50,46.00,99.99
2021-10-26,107325.65,2229.66,37.00,322.23
2021-10-27,107820.00,2229.80,17.00,270.93
2021-10-28,110180.00,2230.46,30.00,1220.30
2021-10-29,111364.00,2230.79,31.00,628.03
2021-10-30,111871.00,2230.93,31.00,286.71
2021-10-31,112274.00,2231.04,31.00,234.28
2021-11-01,112597.38,2231.13,41.00,204.49
2021-11-02,112850.00,2231.20,71.00,199.81
2021-11-03,113174.00,2231.29,91.00,255.14
2021-11-04,113681.00,2231.43,100.00,355.38
2021-11-05,113976.00,2231.51,100.00,248.73
2021-11-06,114479.56,2231.65,100.00,231.77
2021-11-07,114840.00,2231.75,100.00,214.80
2021-11-08,115056.09,2231.81,88.00,197.84
2021-11-09,115491.00,2231.93,82.00,300.72
2021-11-10,115639.00,2231.97,82.00,156.12
2021-11-11,116803.00,2232.29,82.00,668.73
2021-11-12,121183.00,2233.49,85.00,2292.17
2021-11-13,123661.64,2234.16,86.00,1335.27
2021-11-14,129184.55,2235.65,90.00,2874.67
2021-11-15,132528.00,2236.54,73.00,1758.75
2021-11-16,134184.00,2236.98,48.00,883.33
2021-11-17,135086.00,2237.22,41.00,495.74
2021-11-18,135998.00,2237.46,38.00,497.31
2021-11-19,136757.63,2237.66,35.00,417.89
2021-11-20,137214.00,2237.78,35.00,265.08
2021-11-21,137748.00,2237.92,35.00,304.23
2021-11-22,138021.00,2237.99,35.00,172.64
2021-11-23,138743.81,2238.18,35.00,399.43
2021-11-24,139010.00,2238.25,35.00,169.20
2021-11-25,139550.91,2238.39,35.00,307.84
2021-11-26,140816.00,2238.72,37.00,675.19
2021-11-27,142689.00,2239.21,38.00,982.47
2021-11-28,145672.00,2239.98,41.00,1545.19
2021-11-29,147260.91,2240.39,38.00,839.55
2021-11-30,148665.00,2240.75,38.00,745.85
2021-12-01,149913.00,2241.07,37.00,666.21
2021-12-02,150888.19,2241.32,37.00,528.43
2021-12-03,151678.00,2241.52,34.00,432.41
2021-12-04,152460.00,2241.72,33.00,427.26
2021-12-05,152858.19,2241.82,33.00,233.75
2021-12-06,153609.00,2242.01,33.00,411.39
2021-12-07,154000.09,2242.11,32.00,229.23
2021-12-08,154830.20,2242.32,33.00,451.25
2021-12-09,155270.00,2242.43,33.00,254.48
2021-12-10,155745.00,2242.55,32.00,271.48
2021-12-11,156860.30,2242.83,33.00,595.27
2021-12-12,157380.00,2242.96,34.00,296.02
2021-12-13,157540.00,2243.00,34.00,114.67
2021-12-14,158020.20,2243.12,33.00,275.10
2021-12-15,158259.80,2243.18,33.00,153.80
2021-12-16,158660.00,2243.28,33.00,234.77
2021-12-17,158940.48,2243.35,33.00,174.41
2021-12-18,159500.00,2243.49,33.00,315.09
2021-12-19,159780.00,2243.56,33.00,174.17
2021-12-20,160179.61,2243.66,33.00,234.47
2021-12-21,160460.00,2243.73,33.00,174.36
2021-12-22,160620.00,2243.77,33.00,113.67
2021-12-23,161190.00,2243.91,33.00,320.38
2021-12-24,161550.00,2244.00,33.00,214.50
2021-12-25,161870.00,2244.08,34.00,195.05
2021-12-26,161990.09,2244.11,34.00,94.55
2021-12-27,162149.52,2244.15,34.00,114.38
2021-12-28,162269.80,2244.18,34.00,94.64
2021-12-29,162555.00,2244.25,34.00,177.79
2021-12-30,162719.00,2244.29,34.00,116.68
2021-12-31,162800.09,2244.31,34.00,74.88
2022-01-01,162920.39,2244.34,34.00,94.65
2022-01-02,163160.00,2244.40,34.00,154.80
2022-01-03,163570.00,2244.50,34.00,240.71
2022-01-04,163850.00,2244.57,34.00,175.19
2022-01-05,164256.70,2244.67,34.00,239.12
2022-01-06,165436.00,2244.96,35.00,629.50
2022-01-07,166329.80,2245.18,34.00,485.06
2022-01-08,166329.80,2245.18,34.00,300.42
2022-01-09,166492.00,2245.22,34.00,115.78
2022-01-10,166902.00,2245.32,34.00,199.37
2022-01-11,167722.00,2245.52,34.00,290.60
2022-01-12,168870.00,2245.80,35.00,381.82
2022-01-13,169608.00,2245.98,35.00,1481.96
2022-01-14,169813.00,2246.03,35.00,138.35
2022-01-15,170141.09,2246.11,36.00,201.40
2022-01-16,170427.80,2246.18,36.00,180.55
2022-01-17,170633.00,2246.23,36.00,139.46
2022-01-18,170961.09,2246.31,36.00,201.04
2022-01-19,173062.20,2246.82,35.00,1094.31
2022-01-20,174262.11,2247.11,36.00,640.72
2022-01-21,175716.00,2247.46,37.00,770.11
2022-01-22,176668.91,2247.69,38.00,518.42
2022-01-23,177340.52,2247.85,37.00,375.81
2022-01-24,178002.00,2248.01,37.00,370.05
2022-01-25,178631.59,2248.16,36.00,353.42
2022-01-26,179094.00,2248.27,36.00,269.13
2022-01-27,179588.91,2248.39,36.00,285.52
2022-01-28,179924.00,2248.47,35.00,204.13
2022-01-29,180344.00,2248.57,35.00,246.75
2022-01-30,181016.00,2248.73,35.00,373.80
2022-01-31,181394.20,2248.82,35.00,225.68
2022-02-01,181730.00,2248.90,35.00,204.30
2022-02-02,182024.00,2248.97,35.00,183.23
2022-02-03,182318.00,2249.04,35.00,183.23
2022-02-04,182654.20,2249.12,35.00,204.50
2022-02-05,182863.69,2249.17,35.00,140.62
2022-02-06,183200.00,2249.25,35.00,204.56
2022-02-07,183326.00,2249.28,35.00,98.53
2022-02-08,183620.52,2249.35,35.00,183.49
2022-02-09,183872.00,2249.41,35.00,161.79
2022-02-10,184292.00,2249.51,36.00,247.35
2022-02-11,184628.00,2249.59,36.00,205.40
2022-02-12,185013.80,2249.68,36.00,230.51
2022-02-13,185394.00,2249.77,36.00,227.69
2022-02-14,185855.80,2249.88,36.00,268.82
2022-02-15,186192.00,2249.96,36.00,205.33
2022-02-16,186489.00,2250.03,36.00,185.74
2022-02-17,186790.00,2250.10,36.00,187.75
2022-02-18,187167.89,2250.19,36.00,226.52
2022-02-19,187630.00,2250.30,36.00,269.10
2022-02-20,188270.00,2250.45,38.00,360.48
2022-02-21,188523.00,2250.51,37.00,164.97
2022-02-22,188781.00,2250.57,37.00,166.61
2022-02-23,189077.39,2250.64,36.00,185.43
2022-02-24,189287.89,2250.69,36.00,142.13
2022-02-25,189502.00,2250.74,36.00,143.58
2022-02-26,189760.00,2250.80,35.00,165.08
2022-02-27,190352.00,2250.94,35.00,333.47
2022-02-28,192225.80,2251.38,38.00,982.54
2022-03-01,195095.00,2252.05,43.00,1490.22
2022-03-02,196987.00,2252.49,42.00,995.62
2022-03-03,198234.00,2252.78,40.00,669.11
2022-03-04,199223.00,2253.01,39.00,537.87
2022-03-05,199953.80,2253.18,38.00,406.62
2022-03-06,200685.53,2253.35,38.00,406.55
2022-03-07,201244.00,2253.48,37.00,318.56
2022-03-08,201813.11,2253.61,38.00,324.61
2022-03-09,202286.00,2253.72,38.00,276.31
2022-03-10,202806.44,2253.84,37.00,299.39
2022-03-11,203156.00,2253.92,37.00,213.24
2022-03-12,203629.00,2254.03,37.00,275.47
2022-03-13,204061.25,2254.13,37.00,254.93
2022-03-14,204757.00,2254.29,38.00,389.00
2022-03-15,205714.00,2254.51,42.00,524.24
2022-03-16,206410.69,2254.67,43.00,394.94
2022-03-17,207066.20,2254.82,42.00,372.31
2022-03-18,207630.00,2254.95,41.00,325.25
2022-03-19,208194.00,2255.08,41.00,325.24
2022-03-20,208720.00,2255.20,40.00,305.19
2022-03-21,209418.63,2255.36,40.00,392.22
2022-03-22,209854.00,2255.46,40.00,259.50
2022-03-23,210513.11,2255.61,40.00,372.31
2022-03-24,211296.00,2255.79,41.00,435.59
2022-03-25,211956.00,2255.94,41.00,373.28
2022-03-26,212616.00,2256.09,41.00,373.70
2022-03-27,213408.00,2256.27,41.00,440.30
2022-03-28,214376.00,2256.49,42.00,529.57
2022-03-29,215432.00,2256.73,43.00,575.40
2022-03-30,216620.00,2257.00,44.00,643.00
2022-03-31,217632.00,2257.23,43.00,553.92
2022-04-01,218512.00,2257.43,43.00,487.27
2022-04-02,219180.00,2257.58,43.00,380.43
2022-04-03,219930.00,2257.75,43.00,421.91
2022-04-04,221304.00,2258.06,37.00,731.01
2022-04-05,222282.00,2258.28,20.00,512.69
2022-04-06,222952.00,2258.43,32.00,372.64
2022-04-07,223350.00,2258.52,53.00,253.85
2022-04-08,224150.00,2258.70,52.00,454.93
2022-04-09,224824.80,2258.86,53.00,392.55
2022-04-10,225534.00,2259.01,52.00,408.76
2022-04-11,225975.11,2259.11,50.00,272.81
2022-04-12,226560.00,2259.24,50.00,345.05
2022-04-13,226962.33,2259.33,49.00,252.57
2022-04-14,227405.00,2259.43,49.00,272.61
2022-04-15,227540.00,2259.46,84.00,155.10
2022-04-16,227765.00,2259.51,109.00,221.40
2022-04-17,227810.00,2259.52,110.00,129.82
2022-04-18,227900.00,2259.54,253.00,319.57
2022-04-19,227315.00,2259.41,442.00,141.83
2022-04-20,227094.64,2259.36,443.00,323.82
2022-04-21,226560.00,2259.24,441.00,163.24
2022-04-22,226154.45,2259.15,390.00,177.75
2022-04-23,225930.00,2259.10,334.00,209.74
2022-04-24,225798.00,2259.07,335.00,256.75
2022-04-25,225355.00,2258.97,494.00,267.75
2022-04-26,224554.13,2258.81,726.00,299.30
2022-04-27,223798.22,2258.62,743.00,337.67
2022-04-28,223084.00,2258.46,704.00,321.57
2022-04-29,222730.88,2258.38,510.00,311.31
2022-04-30,222820.00,2258.40,377.00,404.74
2022-05-01,222908.00,2258.42,333.00,356.48
2022-05-02,223575.00,2258.57,331.00,643.81
2022-05-03,224185.00,2258.71,283.00,570.75
2022-05-04,224824.80,2258.86,264.00,566.56
2022-05-05,225975.11,2259.11,386.00,949.29
2022-05-06,227006.44,2259.34,473.00,968.73
2022-05-07,227990.00,2259.56,476.00,946.96
2022-05-08,228477.67,2259.67,475.00,696.87
2022-05-09,228790.00,2259.74,474.00,608.42
2022-05-10,228790.00,2259.74,477.00,457.16
2022-05-11,228835.00,2259.75,416.00,421.80
2022-05-12,229195.33,2259.83,329.00,493.02
2022-05-13,229375.77,2259.87,315.00,388.79
2022-05-14,229735.00,2259.95,314.00,479.00
2022-05-15,230410.00,2260.10,313.00,638.31
2022-05-16,231355.11,2260.31,288.00,751.41
2022-05-17,232210.00,2260.50,270.00,689.51
2022-05-18,233245.00,2260.73,270.00,778.52
2022-05-19,234280.00,2260.96,281.00,788.91
2022-05-20,234505.00,2261.01,439.00,538.63
2022-05-21,234550.00,2261.02,554.00,558.09
2022-05-22,234415.00,2260.99,600.00,512.79
2022-05-23,234370.00,2260.98,637.00,593.02
2022-05-24,234370.00,2260.98,648.00,625.64
2022-05-25,234640.00,2261.04,648.00,762.28
2022-05-26,234910.00,2261.10,679.00,788.84
2022-05-27,235405.00,2261.21,784.00,1008.05
2022-05-28,235360.00,2261.20,879.00,831.95
2022-05-29,235089.34,2261.14,896.00,733.33
2022-05-30,234910.00,2261.10,801.00,684.11
2022-05-31,234775.00,2261.07,721.00,624.62
2022-06-01,234910.00,2261.10,737.00,778.66
2022-06-02,235224.67,2261.17,844.00,975.16
2022-06-03,235224.67,2261.17,998.00,968.93
2022-06-04,234910.00,2261.10,1081.00,892.27
2022-06-05,235630.00,2261.26,1060.00,1389.42
2022-06-06,235720.00,2261.28,1038.00,1052.12
2022-06-07,235269.78,2261.18,1034.00,773.80
2022-06-08,234955.11,2261.11,1022.00,829.71
2022-06-09,235000.22,2261.12,1016.00,1009.46
2022-06-10,236080.66,2261.36,955.00,1468.79
2022-06-11,236350.00,2261.42,911.00,1012.69
2022-06-12,236305.00,2261.41,911.00,854.06
2022-06-13,236305.00,2261.41,813.00,787.79
2022-06-14,236710.00,2261.50,658.00,838.39
2022-06-15,237032.00,2261.57,540.00,676.11
2022-06-16,237260.22,2261.62,413.00,508.21
2022-06-17,237755.00,2261.73,352.00,582.45
2022-06-18,238070.00,2261.80,352.00,491.85
2022-06-19,238254.45,2261.84,396.00,470.17
2022-06-20,238438.91,2261.88,460.00,532.26
2022-06-21,238392.78,2261.87,554.00,507.11
2022-06-22,238438.91,2261.88,603.00,601.72
2022-06-23,238208.34,2261.83,625.00,487.18
2022-06-24,238116.11,2261.81,576.00,507.84
2022-06-25,237980.00,2261.78,554.00,461.96
2022-06-26,237935.00,2261.77,535.00,492.02
2022-06-27,237980.00,2261.78,508.00,509.69
2022-06-28,238025.00,2261.79,451.00,455.15
2022-06-29,238070.00,2261.80,435.00,438.71
2022-06-30,237755.00,2261.73,540.00,361.47
2022-07-01,237305.33,2261.63,608.00,357.94
2022-07-02,236848.00,2261.53,608.00,354.59
2022-07-03,236620.00,2261.48,625.00,489.15
2022-07-04,235990.44,2261.34,650.00,308.33
2022-07-05,235540.00,2261.24,535.00,294.73
2022-07-06,235540.00,2261.24,264.00,264.11
2022-07-07,235540.00,2261.24,237.00,251.23
2022-07-08,235540.00,2261.24,237.00,251.06
2022-07-09,235450.00,2261.22,234.00,204.17
2022-07-10,235450.00,2261.22,234.00,249.91
2022-07-11,235314.89,2261.19,216.00,161.65
2022-07-12,235269.78,2261.18,205.00,190.54
2022-07-13,235179.56,2261.16,205.00,167.55
2022-07-14,235045.33,2261.13,205.00,145.54
2022-07-15,234910.00,2261.10,205.00,144.80
2022-07-16,234730.00,2261.06,205.00,122.25
2022-07-17,234460.00,2261.00,205.00,76.87
2022-07-18,234235.00,2260.95,218.00,115.36
2022-07-19,234010.00,2260.90,230.00,127.89
2022-07-20,233695.33,2260.83,229.00,82.62
2022-07-21,233425.00,2260.77,229.00,104.51
2022-07-22,233064.89,2260.69,228.00,59.69
2022-07-23,232839.34,2260.64,228.00,127.30
2022-07-24,232480.00,2260.56,227.00,59.67
2022-07-25,232120.00,2260.48,227.00,59.47
2022-07-26,231805.00,2260.41,226.00,82.34
2022-07-27,231490.44,2260.34,225.00,82.19
2022-07-28,231085.00,2260.25,225.00,36.01
2022-07-29,230724.67,2260.17,224.00,59.69
2022-07-30,230365.00,2260.09,224.00,59.21
2022-07-31,229960.00,2260.00,223.00,35.94
2022-08-01,229510.00,2259.90,223.00,13.16
2022-08-02,229060.00,2259.80,222.00,13.16
2022-08-03,228610.00,2259.70,222.00,13.12
2022-08-04,228214.11,2259.61,222.00,40.41
2022-08-05,227765.00,2259.51,223.00,13.54
2022-08-06,227315.00,2259.41,223.00,13.00
2022-08-07,226962.33,2259.33,223.00,61.94
2022-08-08,226560.00,2259.24,223.00,36.43
2022-08-09,226109.34,2259.14,220.00,10.59
2022-08-10,225754.00,2259.06,220.00,57.91
2022-08-11,225310.00,2258.96,221.00,13.15
2022-08-12,224824.80,2258.86,221.00,-7.62
2022-08-13,224360.00,2258.76,221.00,2.45
2022-08-14,223973.56,2258.66,221.00,41.73
2022-08-15,223485.00,2258.55,221.00,-10.29
2022-08-16,223128.00,2258.47,219.00,54.61
2022-08-17,222685.77,2258.37,219.00,11.63
2022-08-18,222282.00,2258.28,219.00,30.47
2022-08-19,221704.45,2258.15,265.00,-10.60
2022-08-20,221040.00,2258.00,353.00,26.70
2022-08-21,220195.11,2257.81,427.00,3.49
2022-08-22,219402.33,2257.63,484.00,83.78
2022-08-23,218292.86,2257.38,539.00,-29.39
2022-08-24,217235.36,2257.14,590.00,44.04
2022-08-25,216048.75,2256.87,637.00,19.73
2022-08-26,214728.00,2256.57,688.00,-6.03
2022-08-27,213320.00,2256.25,765.00,19.56
2022-08-28,211735.89,2255.89,859.00,16.23
2022-08-29,209986.00,2255.49,955.00,20.58
2022-08-30,208151.00,2255.07,1033.00,49.49
2022-08-31,206153.11,2254.61,1093.00,80.61
2022-09-01,204061.25,2254.13,1175.00,110.80
2022-09-02,201898.27,2253.63,1235.00,129.82
2022-09-03,199438.00,2253.06,1274.00,10.77
2022-09-04,197030.00,2252.50,1279.00,39.24
2022-09-05,194794.00,2251.98,1302.00,141.10
2022-09-06,192396.00,2251.42,1320.00,74.98
2022-09-07,190054.72,2250.87,1331.00,109.42
2022-09-08,187462.00,2250.26,1349.00,-6.54
2022-09-09,185013.80,2249.68,1360.00,70.73
2022-09-10,182905.80,2249.18,1354.00,236.15
2022-09-11,180176.00,2248.53,1342.00,-85.71
2022-09-12,177878.00,2247.98,1354.00,142.96
2022-09-13,175427.89,2247.39,1360.00,123.99
2022-09-14,172939.00,2246.79,1360.00,104.84
2022-09-15,170592.00,2246.22,1354.00,173.44
2022-09-16,168172.30,2245.63,1324.00,102.00
2022-09-17,165887.00,2245.07,1312.00,162.52
2022-09-18,163650.00,2244.52,1318.00,187.40
2022-09-19,161270.00,2243.93,1288.00,87.16
2022-09-20,158980.59,2243.36,1270.00,115.34
2022-09-21,157260.00,2242.93,1270.00,400.62
2022-09-22,154594.00,2242.26,1264.00,-78.75
2022-09-23,152184.52,2241.65,1270.00,52.69
2022-09-24,150069.09,2241.11,1264.00,199.60
2022-09-25,147807.00,2240.53,1270.00,132.76
2022-09-26,145594.00,2239.96,1276.00,162.97
2022-09-27,143343.81,2239.38,1276.00,140.13
2022-09-28,141234.28,2238.83,1276.00,211.20
2022-09-29,138934.00,2238.23,1264.00,102.94
2022-09-30,136719.53,2237.65,1248.00,134.00
2022-10-01,134668.09,2237.11,1245.11,210.84
2022-10-02,132491.00,2236.53,1239.75,142.13
2022-10-03,130386.00,2235.97,1233.59,172.32
2022-10-04,128250.00,2235.40,1227.29,150.39
2022-10-05,126067.09,2234.81,1226.09,125.54
2022-10-06,123995.00,2234.25,1223.79,179.11
2022-10-07,121885.82,2233.68,1202.97,139.59
2022-10-08,119860.37,2233.13,1189.39,168.22
2022-10-09,117819.00,2232.57,1182.95,153.76
2022-10-10,115858.00,2232.03,1176.84,188.17
2022-10-11,113755.00,2231.45,1168.54,108.27
2022-10-12,111834.00,2230.92,1141.44,172.93
2022-10-13,110040.00,2230.42,1076.70,172.22
2022-10-14,108360.00,2229.95,956.50,109.50
2022-10-15,106970.00,2229.56,815.00,114.21
2022-10-16,106005.00,2229.29,616.50,129.98
2022-10-17,105617.82,2229.18,180.00,-15.20
2022-10-18,105545.65,2229.16,51.60,15.21
2022-10-19,105545.65,2229.16,44.40,44.40
2022-10-20,105437.38,2229.13,37.00,-17.59
2022-10-21,105509.56,2229.15,38.00,74.39
2022-10-22,105437.38,2229.13,38.00,1.61
2022-10-23,105366.09,2229.11,38.00,2.06
2022-10-24,105653.91,2229.19,38.00,183.11
2022-10-25,105760.00,2229.22,38.00,91.49
2022-10-26,105795.00,2229.23,40.00,57.65
2022-10-27,105865.00,2229.25,40.00,75.29
2022-10-28,105865.00,2229.25,40.00,40.00
2022-10-29,105795.00,2229.23,40.00,4.71
2022-10-30,105935.00,2229.27,40.00,110.58
2022-10-31,106865.00,2229.53,42.00,510.88
2022-11-01,106970.00,2229.56,41.00,93.94
2022-11-02,107110.00,2229.60,42.00,112.58
2022-11-03,107289.56,2229.65,42.00,132.53
2022-11-04,111652.62,2230.87,44.40,2244.11
2022-11-05,114660.00,2231.70,46.80,1563.02
2022-11-06,115417.00,2231.91,45.60,427.25
2022-11-07,115930.00,2232.05,44.40,303.04
2022-11-08,116361.73,2232.17,41.00,258.66
2022-11-09,116655.00,2232.25,38.00,185.86
2022-11-10,116766.00,2232.28,37.00,92.96
2022-11-11,116912.18,2232.32,36.00,109.70
2022-11-12,117236.00,2232.41,36.00,199.26
2022-11-13,117308.00,2232.43,36.00,72.30
2022-11-14,117416.00,2232.46,37.00,91.45
2022-11-15,117488.00,2232.48,34.00,70.30
2022-11-16,117634.00,2232.52,31.10,104.71
2022-11-17,117708.00,2232.54,30.20,67.51
2022-11-18,117819.00,2232.57,30.20,86.16
2022-11-19,117819.00,2232.57,30.20,30.20
2022-11-20,117893.00,2232.59,30.20,67.51
2022-11-21,118037.38,2232.63,30.20,102.99
2022-11-22,118438.00,2232.74,30.20,232.18
2022-11-23,118475.00,2232.75,30.20,48.85
2022-11-24,118549.00,2232.77,30.20,67.51
2022-11-25,118804.35,2232.84,30.20,158.94
2022-11-26,118840.44,2232.85,30.20,48.40
2022-11-27,119353.00,2232.99,31.10,289.52
2022-11-28,119426.00,2233.01,30.20,67.00
2022-11-29,119642.00,2233.07,30.20,139.10
2022-11-30,120228.00,2233.23,30.20,325.64
2022-12-01,120336.00,2233.26,30.20,84.65
2022-12-02,120408.00,2233.28,30.20,66.50
2022-12-03,120408.00,2233.28,30.20,30.20
2022-12-04,120372.00,2233.27,30.20,12.05
2022-12-05,120628.36,2233.34,30.20,159.45
2022-12-06,120591.27,2233.33,30.20,11.50
2022-12-07,120739.63,2233.37,30.20,105.00
2022-12-08,120775.82,2233.38,30.20,48.45
2022-12-09,120887.00,2233.41,30.20,86.25
2022-12-10,120924.00,2233.42,29.30,47.95
2022-12-11,121072.00,2233.46,28.40,103.02
2022-12-12,121183.00,2233.49,28.40,84.36
2022-12-13,121146.00,2233.48,28.40,9.75
2022-12-14,121220.00,2233.50,28.40,65.71
2022-12-15,121146.00,2233.48,28.40,-8.91
2022-12-16,121331.00,2233.53,28.40,121.67
2022-12-17,121479.00,2233.57,28.40,103.02
2022-12-18,121442.00,2233.56,28.40,9.75
2022-12-19,121442.00,2233.56,28.40,28.40
2022-12-20,121885.82,2233.68,28.40,252.16
2022-12-21,121960.00,2233.70,28.40,65.80
2022-12-22,121960.00,2233.70,28.40,28.40
2022-12-23,122071.00,2233.73,28.40,84.36
2022-12-24,122625.82,2233.88,28.40,308.12
2022-12-25,123181.00,2234.03,28.40,308.30
2022-12-26,123847.00,2234.21,28.40,364.18
2022-12-27,124957.00,2234.51,28.40,588.03
2022-12-28,125808.00,2234.74,29.30,458.35
2022-12-29,126362.91,2234.89,29.30,309.07
2022-12-30,126992.00,2235.06,29.30,346.47
2022-12-31,127398.73,2235.17,29.30,234.36
2023-01-01,127621.00,2235.23,30.20,142.26
2023-01-02,127954.18,2235.32,30.20,198.18
2023-01-03,128102.54,2235.36,29.30,104.10
2023-01-04,128583.00,2235.49,29.30,271.53
2023-01-05,128696.00,2235.52,29.30,86.27
2023-01-06,128886.00,2235.57,29.30,125.09
2023-01-07,129184.55,2235.65,29.30,179.82
2023-01-08,129258.73,2235.67,29.30,66.70
2023-01-09,129636.00,2235.77,29.30,219.51
2023-01-10,129861.27,2235.83,29.30,142.87
2023-01-11,130045.82,2235.88,29.30,122.34
2023-01-12,130386.00,2235.97,29.30,200.81
2023-01-13,130424.00,2235.98,29.30,48.46
2023-01-14,131021.45,2236.14,29.30,330.51
2023-01-15,131211.91,2236.19,30.20,126.22
2023-01-16,131509.00,2236.27,30.20,179.98
2023-01-17,131848.56,2236.36,30.20,201.39
2023-01-18,132266.00,2236.47,30.20,240.66
2023-01-19,132417.00,2236.51,30.20,106.33
2023-01-20,132676.00,2236.58,30.20,160.78
2023-01-21,132939.53,2236.65,30.20,163.06
2023-01-22,133130.00,2236.70,31.10,127.13
2023-01-23,133204.00,2236.72,31.10,68.41
2023-01-24,133500.00,2236.80,31.10,180.33
2023-01-25,133728.56,2236.86,30.20,145.43
2023-01-26,133880.00,2236.90,30.20,106.55
2023-01-27,134108.00,2236.96,30.20,145.15
2023-01-28,134184.00,2236.98,30.20,68.52
2023-01-29,134297.00,2237.01,30.20,87.17
2023-01-30,134519.00,2237.07,30.20,142.13
2023-01-31,134668.09,2237.11,30.20,105.37
2023-02-01,134819.53,2237.15,30.20,106.55
2023-02-02,134743.34,2237.13,30.20,-8.21
2023-02-03,135010.00,2237.20,30.20,164.64
2023-02-04,135162.00,2237.24,30.20,106.83
2023-02-05,135466.19,2237.32,30.20,183.56
2023-02-06,135656.66,2237.37,30.20,126.23
2023-02-07,136226.00,2237.52,31.10,318.14
2023-02-08,136454.00,2237.58,32.00,146.95
2023-02-09,136492.00,2237.59,31.10,50.26
2023-02-10,136833.81,2237.68,31.10,203.43
2023-02-11,137024.00,2237.73,31.10,126.99
2023-02-12,137252.00,2237.79,31.10,146.05
2023-02-13,137748.00,2237.92,31.10,281.17
2023-02-14,137904.00,2237.96,31.10,109.75
2023-02-15,138060.00,2238.00,30.20,108.85
2023-02-16,138136.00,2238.02,30.20,68.52
2023-02-17,138326.00,2238.07,30.20,125.99
2023-02-18,138553.34,2238.13,29.30,143.92
2023-02-19,138858.00,2238.21,29.30,182.90
2023-02-20,139317.28,2238.33,31.10,262.65
2023-02-21,139742.00,2238.44,33.00,247.13
2023-02-22,139894.00,2238.48,30.20,106.83
2023-02-23,140198.00,2238.56,28.40,181.67
2023-02-24,140312.00,2238.59,27.50,84.98
2023-02-25,140622.72,2238.67,26.60,183.25
2023-02-26,140816.00,2238.72,25.70,123.15
2023-02-27,141044.00,2238.78,25.70,140.65
2023-02-28,141272.38,2238.84,25.70,140.84
2023-03-01,141461.91,2238.89,24.80,120.35
2023-03-02,141734.00,2238.96,23.90,161.08
2023-03-03,142004.00,2239.03,23.00,159.13
2023-03-04,142156.00,2239.07,23.00,99.63
2023-03-05,142156.00,2239.07,23.00,23.00
2023-03-06,142346.19,2239.12,22.30,118.19
2023-03-07,142459.53,2239.15,27.50,84.64
2023-03-08,142497.63,2239.16,33.00,52.21
2023-03-09,142611.91,2239.19,32.00,89.62
2023-03-10,142728.00,2239.22,31.10,89.63
2023-03-11,142962.00,2239.28,30.20,148.18
2023-03-12,143040.00,2239.30,29.30,68.63
2023-03-13,143343.81,2239.38,29.30,182.47
2023-03-14,143306.66,2239.37,28.40,9.67
2023-03-15,143537.00,2239.43,30.20,146.33
2023-03-16,143498.00,2239.42,32.00,12.34
2023-03-17,143576.00,2239.44,31.10,70.43
2023-03-18,143576.00,2239.44,31.10,31.10
2023-03-19,143693.00,2239.47,31.10,90.09
2023-03-20,143888.00,2239.52,30.20,128.51
2023-03-21,143927.00,2239.53,29.30,48.96
2023-03-22,144161.00,2239.59,29.30,147.28
2023-03-23,144122.00,2239.58,32.00,12.34
2023-03-24,144313.34,2239.63,33.00,129.47
2023-03-25,144619.00,2239.71,31.10,185.20
2023-03-26,144736.00,2239.74,30.20,89.19
2023-03-27,144697.00,2239.73,29.30,9.64
2023-03-28,144970.00,2239.80,29.30,166.94
2023-03-29,145126.38,2239.84,28.40,107.24
2023-03-30,145243.67,2239.87,28.40,87.53
2023-03-31,145594.00,2239.96,28.40,205.02
2023-04-01,145984.00,2240.06,27.50,224.13
2023-04-02,146101.00,2240.09,30.20,89.19
2023-04-03,146216.19,2240.12,33.00,91.07
2023-04-04,146329.53,2240.15,32.00,89.14
2023-04-05,146443.81,2240.18,31.10,88.72
2023-04-06,146598.00,2240.22,31.10,108.84
2023-04-07,146949.09,2240.31,30.20,207.21
2023-04-08,147027.28,2240.33,30.20,69.62
2023-04-09,147456.00,2240.44,29.30,245.45
2023-04-10,148274.52,2240.65,30.20,442.87
2023-04-11,148743.00,2240.77,29.30,265.49
2023-04-12,149250.00,2240.90,28.40,284.01
2023-04-13,149601.00,2240.99,33.00,209.96
2023-04-14,150030.00,2241.10,34.00,250.29
2023-04-15,150420.00,2241.20,33.00,229.63
2023-04-16,150888.19,2241.32,32.00,268.05
2023-04-17,151320.00,2241.43,32.00,249.70
2023-04-18,151600.00,2241.50,30.20,171.37
2023-04-19,151990.00,2241.60,29.30,225.93
2023-04-20,152106.33,2241.63,68.00,126.65
2023-04-21,152184.52,2241.65,267.00,306.42
2023-04-22,151639.00,2241.51,479.00,203.97
2023-04-23,150966.38,2241.34,558.00,218.89
2023-04-24,150498.00,2241.22,558.00,321.86
2023-04-25,150263.63,2241.16,387.00,268.84
2023-04-26,150576.00,2241.24,252.00,409.49
2023-04-27,151440.00,2241.46,180.00,615.60
2023-04-28,152897.28,2241.83,106.00,840.71
2023-04-29,154910.39,2242.34,45.60,1060.54
2023-04-30,157380.00,2242.96,37.00,1282.10
2023-05-01,159099.91,2243.39,34.00,901.12
2023-05-02,161310.00,2243.94,30.20,1144.45
2023-05-03,163890.00,2244.58,30.20,1330.95
2023-05-04,166697.00,2245.27,30.20,1445.40
2023-05-05,168952.20,2245.82,30.20,1167.20
2023-05-06,170468.91,2246.19,30.20,794.88
2023-05-07,171699.00,2246.49,30.20,650.37
2023-05-08,172939.00,2246.79,30.20,655.37
2023-05-09,174056.00,2247.06,29.30,592.45
2023-05-10,175218.41,2247.34,29.30,615.35
2023-05-11,176422.30,2247.63,29.30,636.26
2023-05-12,177837.00,2247.97,28.40,741.64
2023-05-13,179630.00,2248.40,28.40,932.37
2023-05-14,181898.00,2248.94,28.40,1171.85
2023-05-15,184208.00,2249.49,28.40,1193.03
2023-05-16,186489.00,2250.03,29.30,1179.30
2023-05-17,188566.00,2250.52,30.20,1077.35
2023-05-18,190904.00,2251.07,30.20,1208.94
2023-05-19,192826.00,2251.52,31.10,1000.11
2023-05-20,194708.00,2251.96,31.10,979.94
2023-05-21,196213.11,2252.31,31.10,789.93
2023-05-22,197245.00,2252.55,31.10,551.34
2023-05-23,197933.00,2252.71,124.00,470.87
2023-05-24,198449.31,2252.83,190.00,450.31
2023-05-25,199051.00,2252.97,138.00,441.35
2023-05-26,199524.00,2253.08,128.00,366.47
2023-05-27,200040.00,2253.20,128.00,388.15
2023-05-28,200556.20,2253.32,138.00,398.25
2023-05-29,200986.00,2253.42,144.00,360.69
2023-05-30,201244.00,2253.48,192.50,322.58
2023-05-31,201115.00,2253.45,291.00,225.96
2023-06-01,200900.00,2253.40,368.00,259.60
2023-06-02,200685.53,2253.35,364.50,256.37
2023-06-03,200470.00,2253.30,354.00,245.34
2023-06-04,200169.00,2253.23,354.00,202.25
2023-06-05,199910.69,2253.17,322.50,192.27
2023-06-06,199867.58,2253.16,258.00,236.27
2023-06-07,199738.27,2253.13,231.00,165.81
2023-06-08,199867.58,2253.16,156.00,221.19
2023-06-09,200255.00,2253.25,71.00,266.32
2023-06-10,200599.31,2253.33,56.80,230.39
2023-06-11,200771.73,2253.37,58.20,145.13
2023-06-12,201029.00,2253.43,43.20,172.91
2023-06-13,201374.00,2253.51,33.00,206.94
2023-06-14,201418.00,2253.52,33.00,55.18
2023-06-15,201506.00,2253.54,32.00,76.37
2023-06-16,201682.00,2253.58,32.00,120.73
2023-06-17,201856.20,2253.62,32.00,119.83
2023-06-18,201984.47,2253.65,31.10,95.77
2023-06-19,202113.80,2253.68,30.20,95.40
2023-06-20,202329.00,2253.73,29.30,137.80
2023-06-21,202415.00,2253.75,31.10,74.46
2023-06-22,202587.00,2253.79,36.00,122.72
2023-06-23,202718.22,2253.82,38.00,104.16
2023-06-24,202806.44,2253.84,37.00,81.48
2023-06-25,202850.53,2253.85,37.00,59.23
2023-06-26,202938.75,2253.87,37.00,81.48
2023-06-27,203025.89,2253.89,37.00,80.93
2023-06-28,202938.75,2253.87,106.00,62.07
2023-06-29,202501.00,2253.77,291.00,70.30
2023-06-30,201813.11,2253.61,467.00,120.19
2023-07-01,200771.73,2253.37,603.00,77.97
2023-07-02,199567.00,2253.09,720.00,112.61
2023-07-03,198320.00,2252.80,730.00,101.30
2023-07-04,197159.00,2252.53,720.00,134.66
2023-07-05,195912.00,2252.24,765.00,136.30
2023-07-06,194493.00,2251.91,805.00,89.59
2023-07-07,193084.00,2251.58,815.00,104.63
2023-07-08,191632.00,2251.24,825.00,92.95
2023-07-09,190352.00,2250.94,835.50,190.17
2023-07-10,188867.00,2250.59,830.00,81.31
2023-07-11,187420.00,2250.25,830.00,100.47
2023-07-12,185982.00,2249.91,820.00,95.01
2023-07-13,184544.00,2249.57,820.00,95.01
2023-07-14,183116.00,2249.23,815.00,95.05
2023-07-15,181687.89,2248.89,810.00,89.99
2023-07-16,180176.00,2248.53,800.00,37.76
2023-07-17,178884.00,2248.22,800.00,148.62
2023-07-18,177507.89,2247.89,810.00,116.21
2023-07-19,175964.00,2247.52,820.00,41.62
2023-07-20,174513.69,2247.17,815.00,83.80
2023-07-21,173062.20,2246.82,815.00,83.21
2023-07-22,171576.00,2246.46,815.00,65.71
2023-07-23,170141.09,2246.11,810.00,86.57
2023-07-24,168747.00,2245.77,815.00,112.15
2023-07-25,167230.00,2245.40,857.50,92.68
2023-07-26,165436.00,2244.96,934.50,30.02
2023-07-27,163650.00,2244.52,967.50,67.06
2023-07-28,161870.00,2244.08,1000.50,103.08
2023-07-29,159980.09,2243.61,1006.00,53.17
2023-07-30,158139.52,2243.15,995.00,67.05
2023-07-31,156259.80,2242.68,995.00,47.31
2023-08-01,154516.00,2242.24,989.50,110.33
2023-08-02,152700.00,2241.78,984.00,68.43
2023-08-03,150810.00,2241.30,984.00,31.12
2023-08-04,149055.48,2240.85,984.00,99.43
2023-08-05,147300.00,2240.40,978.50,93.45
2023-08-06,145555.00,2239.95,978.50,98.73
2023-08-07,143810.00,2239.50,962.00,82.23
2023-08-08,142080.00,2239.05,940.00,67.79
2023-08-09,140350.00,2238.60,923.50,51.29
2023-08-10,138743.81,2238.18,923.50,113.71
2023-08-11,136948.00,2237.71,978.50,73.11
2023-08-12,134896.00,2237.17,1039.00,4.45
2023-08-13,132939.53,2236.65,1099.50,113.11
2023-08-14,130870.00,2236.10,1127.00,83.61
2023-08-15,128583.00,2235.49,1187.50,34.47
2023-08-16,126141.27,2234.83,1253.50,22.46
2023-08-17,123698.73,2234.17,1276.00,44.55
2023-08-18,121146.00,2233.48,1354.00,67.00
2023-08-19,118475.00,2232.75,1402.00,55.37
2023-08-20,115713.00,2231.99,1420.00,27.49
2023-08-21,113138.00,2231.28,1342.00,43.77
2023-08-22,110680.00,2230.60,1264.50,25.26
2023-08-23,108324.00,2229.94,1237.00,49.18
2023-08-24,106112.18,2229.32,1193.00,77.87
2023-08-25,103769.66,2228.66,1160.00,-21.02
2023-08-26,101755.00,2228.09,1116.00,100.28
2023-08-27,99715.00,2227.51,1088.50,60.00
2023-08-28,97685.00,2226.93,1077.50,54.04
2023-08-29,95655.43,2226.35,1061.00,37.76
2023-08-30,93810.17,2225.82,1033.50,103.18
2023-08-31,91976.00,2225.29,989.50,64.77
2023-09-01,90390.00,2224.80,901.50,101.89
2023-09-02,88969.07,2224.31,852.00,135.61
2023-09-03,87548.14,2223.82,820.00,103.61
2023-09-04,86011.00,2223.29,805.00,30.02
2023-09-05,84561.00,2222.79,800.00,68.96
2023-09-06,82937.00,2222.23,879.50,60.73
2023-09-07,81178.14,2221.62,945.50,58.74
2023-09-08,79371.00,2220.99,984.00,72.90
2023-09-09,77496.28,2220.34,984.00,38.83
2023-09-10,75716.00,2219.72,967.50,69.94
2023-09-11,73846.00,2219.07,973.00,30.21
2023-09-12,71978.00,2218.42,973.00,31.22
2023-09-13,70200.00,2217.80,967.50,71.09
2023-09-14,68392.79,2217.17,956.50,45.36
2023-09-15,66648.00,2216.56,956.50,76.83
2023-09-16,64992.00,2215.98,956.50,121.60
2023-09-17,63022.00,2215.29,956.50,-36.71
2023-09-18,61171.59,2214.64,962.00,29.08
2023-09-19,59462.00,2214.04,951.00,89.08
2023-09-20,57640.00,2213.40,951.00,32.41
2023-09-21,55660.00,2212.70,1011.50,13.25
2023-09-22,53680.00,2212.00,1033.50,35.25
2023-09-23,51812.27,2211.34,1006.00,64.35
2023-09-24,49943.86,2210.68,1022.50,80.51
2023-09-25,48254.00,2210.08,1006.00,154.03
2023-09-26,46396.00,2209.42,962.00,25.26
2023-09-27,45014.00,2208.93,885.00,188.24
2023-09-28,43660.00,2208.45,795.00,112.36
2023-09-29,42456.00,2208.02,690.00,82.98
2023-09-30,41186.00,2207.57,635.00,-5.29
2023-10-01,40234.00,2207.23,616.50,136.53
2023-10-02,39020.00,2206.80,603.00,-9.06
2023-10-03,37704.21,2206.33,655.00,-8.38
2023-10-04,36332.27,2205.84,740.00,48.31
2023-10-05,34904.21,2205.33,755.00,35.02
2023-10-06,33420.00,2204.80,755.00,6.71
2023-10-07,31936.00,2204.27,750.00,1.82
2023-10-08,30480.00,2203.75,740.00,5.93
2023-10-09,29136.00,2203.27,730.00,52.40
2023-10-10,27662.00,2202.74,730.00,-13.14
2023-10-11,26206.00,2202.22,730.00,-4.07
2023-10-12,24816.00,2201.72,690.00,-10.79
2023-10-13,23752.27,2201.34,616.50,80.20
2023-10-14,22698.00,2200.96,576.00,44.47
2023-10-15,22726.00,2200.97,415.00,429.12
2023-10-16,22726.00,2200.97,228.00,228.00
2023-10-17,22614.00,2200.93,108.00,51.53
2023-10-18,22530.00,2200.90,70.62,28.27
2023-10-19,22222.00,2200.79,124.42,45.43
2023-10-20,22110.00,2200.75,119.06,62.59
2023-10-21,22054.00,2200.73,86.04,57.81
2023-10-22,21970.00,2200.70,74.88,32.52
2023-10-23,21807.60,2200.64,69.25,-12.62
2023-10-24,21672.00,2200.59,67.61,-0.76
2023-10-25,21727.07,2200.61,66.57,27.00
2023-10-26,21532.00,2200.54,64.58,28.00
2023-10-27,21336.00,2200.47,91.62,-7.20
2023-10-28,21140.01,2200.40,107.90,9.08
2023-10-29,20972.27,2200.34,105.00,20.44
2023-10-30,20720.00,2200.25,115.73,-11.46
2023-10-31,20498.80,2200.17,119.62,8.10
2023-11-01,20390.53,2200.13,118.00,63.41
2023-11-02,20664.00,2200.23,110.00,247.87
2023-11-03,20525.87,2200.18,106.00,36.36
2023-11-04,21140.01,2200.40,108.00,417.63
2023-11-05,21888.80,2200.67,93.20,470.72
2023-11-06,22250.00,2200.80,80.00,262.11
2023-11-07,22950.00,2201.05,75.50,428.42
2023-11-08,23472.00,2201.24,64.57,327.75
2023-11-09,23920.01,2201.40,51.60,277.47
2023-11-10,24312.00,2201.54,49.20,246.83
2023-11-11,25124.21,2201.83,50.40,459.89
2023-11-12,25656.00,2202.02,51.60,319.71
2023-11-13,25987.60,2202.14,51.60,218.78
2023-11-14,26346.00,2202.27,44.64,225.33
2023-11-15,26681.94,2202.39,41.00,210.37
2023-11-16,27018.00,2202.51,37.00,206.43
2023-11-17,27213.99,2202.58,34.00,132.81
2023-11-18,27409.66,2202.65,34.00,132.65
2023-11-19,27774.00,2202.78,34.00,217.69
2023-11-20,27998.41,2202.86,34.00,147.14
2023-11-21,27830.00,2202.80,47.30,164.30
2023-11-22,28026.48,2202.87,82.40,181.46
2023-11-23,28194.00,2202.93,82.40,166.86
2023-11-24,28250.00,2202.95,98.30,126.53
2023-11-25,28166.01,2202.92,98.30,55.96
2023-11-26,28250.00,2202.95,98.30,140.64
2023-11-27,28222.00,2202.94,90.00,75.88
2023-11-28,28222.00,2202.94,83.00,83.00
2023-11-29,28222.00,2202.94,83.00,83.00
2023-11-30,28194.00,2202.93,83.00,68.88
2023-12-01,28498.00,2203.04,74.30,227.57
2023-12-02,28911.93,2203.19,61.00,269.69
2023-12-03,28996.00,2203.22,61.00,103.39
2023-12-04,29500.01,2203.40,47.60,301.71
2023-12-05,31740.00,2204.20,33.00,1162.33
2023-12-06,34399.66,2205.15,33.00,1373.91
2023-12-07,36220.00,2205.80,33.00,950.76
2023-12-08,37508.00,2206.26,33.00,682.37
2023-12-09,38516.13,2206.62,33.00,541.27
2023-12-10,39300.01,2206.90,34.00,429.21
2023-12-11,40598.41,2207.36,35.00,689.61
2023-12-12,41409.66,2207.65,36.00,445.01
2023-12-13,41774.00,2207.78,37.00,220.69
2023-12-14,42679.99,2208.10,38.00,494.77
2023-12-15,42988.00,2208.21,39.00,194.29
2023-12-16,43380.34,2208.35,40.00,237.80
2023-12-17,44051.99,2208.59,41.00,379.62
2023-12-18,44163.52,2208.63,37.00,93.23
2023-12-19,44360.00,2208.70,37.00,136.06
2023-12-20,44727.21,2208.83,37.00,222.14
2023-12-21,44930.01,2208.90,37.00,139.25
2023-12-22,45266.00,2209.03,37.00,206.40
2023-12-23,45433.99,2209.08,37.00,121.70
2023-12-24,45882.00,2209.24,37.00,262.87
2023-12-25,46079.07,2209.31,37.00,136.36
2023-12-26,46166.28,2209.34,37.00,80.97
2023-12-27,46368.01,2209.41,37.00,138.71
2023-12-28,46508.00,2209.46,39.00,109.58
2023-12-29,46508.00,2209.46,39.00,39.00
2023-12-30,46928.06,2209.61,39.00,250.78
2023-12-31,47039.66,2209.65,39.00,95.27
2024-01-01,47264.00,2209.73,39.00,152.10
2024-01-02,47292.00,2209.74,39.00,53.12
2024-01-03,47663.50,2209.87,39.00,226.30
2024-01-04,48086.00,2210.02,35.00,248.01
2024-01-05,48253.99,2210.08,32.00,116.70
2024-01-06,48646.00,2210.22,32.00,229.64
2024-01-07,48477.73,2210.16,32.00,-52.84
2024-01-08,49608.00,2210.56,32.00,601.84
2024-01-09,49776.13,2210.62,32.00,116.77
2024-01-10,50224.00,2210.78,32.00,257.80
2024-01-11,50540.93,2210.89,32.00,191.79
2024-01-12,50654.00,2210.93,32.00,89.01
2024-01-13,50794.00,2210.98,32.00,102.58
2024-01-14,50738.00,2210.96,32.00,3.77
2024-01-15,50850.00,2211.00,32.00,88.47
2024-01-16,51018.00,2211.06,32.00,116.70
2024-01-17,51018.00,2211.06,32.00,32.00
2024-01-18,51497.00,2211.23,32.00,273.50
2024-01-19,51526.00,2211.24,33.00,47.62
2024-01-20,51756.14,2211.32,33.00,149.03
2024-01-21,51951.94,2211.39,34.00,132.72
2024-01-22,52008.01,2211.41,33.00,61.27
2024-01-23,52232.00,2211.49,32.00,144.93
2024-01-24,52598.14,2211.62,32.00,216.60
2024-01-25,52713.72,2211.66,32.00,90.27
2024-01-26,53054.00,2211.78,32.00,203.56
2024-01-27,53448.01,2211.92,32.00,230.65
2024-01-28,53848.00,2212.06,32.00,233.66
2024-01-29,54492.00,2212.29,32.00,356.68
2024-01-30,55428.14,2212.62,32.00,503.97
2024-01-31,56136.48,2212.87,32.00,389.12
2024-02-01,57302.00,2213.28,32.00,619.62
2024-02-02,58153.99,2213.58,32.00,461.55
2024-02-03,58836.14,2213.82,32.00,375.92
2024-02-04,59378.00,2214.01,32.00,305.19
2024-02-05,60144.00,2214.28,32.00,418.19
2024-02-06,60518.01,2214.41,32.00,220.56
2024-02-07,61088.06,2214.61,32.00,319.40
2024-02-08,61543.00,2214.77,32.00,261.37
2024-02-09,61968.01,2214.92,34.00,248.28
2024-02-10,62368.00,2215.06,37.00,238.66
2024-02-11,62770.00,2215.20,37.00,239.68
2024-02-12,63079.07,2215.31,35.00,190.82
2024-02-13,63368.01,2215.41,31.10,176.77
2024-02-14,63564.00,2215.48,30.20,129.01
2024-02-15,63993.52,2215.63,30.20,246.75
2024-02-16,64306.00,2215.74,30.20,187.74
2024-02-17,64364.00,2215.76,30.20,59.44
2024-02-18,64789.01,2215.91,30.20,244.48
2024-02-19,64905.00,2215.95,30.20,88.68
2024-02-20,65218.00,2216.06,30.20,188.00
2024-02-21,65561.86,2216.18,30.20,203.56
2024-02-22,65760.00,2216.25,30.20,130.10
2024-02-23,66016.28,2216.34,30.20,159.41
2024-02-24,66306.00,2216.44,30.20,176.27
2024-02-25,66875.57,2216.64,30.20,317.36
2024-02-26,67794.00,2216.96,30.20,493.24
2024-02-27,68334.64,2217.15,31.10,303.67
2024-02-28,69195.00,2217.45,32.00,465.77
2024-02-29,69832.79,2217.67,33.00,354.55
2024-03-01,70345.36,2217.85,32.42,290.84
2024-03-02,70780.00,2218.00,31.10,250.23
2024-03-03,71204.64,2218.15,31.10,245.19
2024-03-04,71640.00,2218.30,31.10,250.59
2024-03-05,71949.01,2218.41,31.10,186.89
2024-03-06,72297.00,2218.53,31.10,206.55
2024-03-07,72528.06,2218.61,31.10,147.59
2024-03-08,72780.00,2218.70,31.10,158.12
2024-03-09,73070.00,2218.80,31.10,177.31
2024-03-10,73360.01,2218.90,31.10,177.31
2024-03-11,73678.00,2219.01,31.10,191.42
2024-03-12,74074.64,2219.15,31.10,231.07
2024-03-13,74307.00,2219.23,31.10,148.25
2024-03-14,74566.14,2219.32,31.10,161.75
2024-03-15,74733.87,2219.38,31.10,115.66
2024-03-16,75022.00,2219.48,31.10,176.37
2024-03-17,75283.00,2219.57,31.10,162.69
2024-03-18,75772.00,2219.74,31.10,277.64
2024-03-19,76491.00,2219.99,31.10,393.60
2024-03-20,77496.28,2220.34,33.00,539.83
2024-03-21,78442.79,2220.67,34.00,511.20
2024-03-22,79342.00,2220.98,34.00,487.35
2024-03-23,80318.14,2221.32,34.40,526.54
2024-03-24,81235.57,2221.64,34.34,496.88
2024-03-25,82106.00,2221.94,34.00,472.84
2024-03-26,82908.00,2222.22,34.00,438.34
2024-03-27,83662.00,2222.48,34.35,414.49
2024-03-28,84416.00,2222.74,33.27,413.41
2024-03-29,84967.00,2222.93,31.48,309.28
2024-03-30,85489.07,2223.11,31.10,294.31
2024-03-31,85953.00,2223.27,31.10,265.00
2024-04-01,86475.00,2223.45,31.10,294.28
2024-04-02,87025.57,2223.64,31.10,308.68
2024-04-03,87867.00,2223.93,31.10,455.32
2024-04-04,88679.00,2224.21,31.10,440.48
2024-04-05,89317.00,2224.43,31.10,352.76
2024-04-06,89896.50,2224.63,31.10,323.26
2024-04-07,90419.07,2224.81,31.48,294.94
2024-04-08,91082.00,2225.03,32.00,366.23
2024-04-09,91772.00,2225.23,32.05,379.93
2024-04-10,92428.01,2225.42,32.00,362.74
2024-04-11,93049.99,2225.60,32.00,345.58
2024-04-12,93672.00,2225.78,32.00,345.60
2024-04-13,94370.00,2225.98,32.00,383.91
2024-04-14,95200.00,2226.22,32.00,450.46
2024-04-15,96110.00,2226.48,32.00,490.79
2024-04-16,96915.00,2226.71,32.00,437.85
2024-04-17,97580.01,2226.90,32.24,367.52
2024-04-18,98174.99,2227.07,32.99,332.96
2024-04-19,98700.00,2227.22,33.00,297.69
2024-04-20,99190.52,2227.36,33.00,280.30
2024-04-21,99785.00,2227.53,33.00,332.72
2024-04-22,100274.74,2227.67,33.00,279.91
2024-04-23,100730.00,2227.80,33.00,262.53
2024-04-24,101224.01,2227.94,33.00,282.06
2024-04-25,101894.40,2228.13,33.00,370.99
2024-04-26,102675.43,2228.35,33.00,426.77
2024-04-27,103523.99,2228.59,33.45,461.27
2024-04-28,104445.43,2228.85,34.82,499.38
2024-04-29,105259.99,2229.08,35.00,445.67
2024-04-30,105795.00,2229.23,35.00,304.73
2024-05-01,106327.83,2229.38,35.00,303.64
2024-05-02,106865.00,2229.53,35.00,305.82
2024-05-03,107217.38,2229.63,35.00,212.66
2024-05-04,108000.44,2229.85,35.14,429.93
2024-05-05,108715.00,2230.05,35.68,395.94
2024-05-06,109610.00,2230.30,36.00,487.23
2024-05-07,110215.00,2230.47,36.00,341.02
2024-05-08,110752.17,2230.62,36.00,306.82
2024-05-09,111292.00,2230.77,36.00,308.16
2024-05-10,112166.00,2231.01,36.00,476.64
2024-05-11,113390.44,2231.35,36.00,653.32
2024-05-12,114768.00,2231.73,36.00,730.52
2024-05-13,116001.99,2232.07,36.83,658.97
2024-05-14,117056.53,2232.36,37.00,568.66
2024-05-15,118217.83,2232.68,37.00,622.49
2024-05-16,119242.00,2232.96,37.00,553.35
2024-05-17,120156.00,2233.21,37.00,497.81
2024-05-18,120924.01,2233.42,37.18,424.39
2024-05-19,121478.99,2233.57,51.79,331.59
2024-05-20,121848.73,2233.67,63.80,250.21
2024-05-21,122700.01,2233.90,62.91,492.10
2024-05-22,123514.17,2234.12,62.40,472.87
2024-05-23,124069.00,2234.27,61.00,340.73
2024-05-24,124550.01,2234.40,59.60,302.11
2024-05-25,125289.99,2234.60,58.27,431.34
2024-05-26,125585.82,2234.68,57.44,206.59
2024-05-27,126030.00,2234.80,56.57,280.51
2024-05-28,126511.01,2234.93,68.25,310.76
2024-05-29,127250.36,2235.13,89.85,462.61
2024-05-30,127584.00,2235.22,94.00,262.21
2024-05-31,127806.00,2235.28,115.25,227.18
2024-06-01,128175.83,2235.38,120.19,306.65
2024-06-02,128885.99,2235.57,120.73,478.77
2024-06-03,130158.01,2235.91,121.98,763.29
2024-06-04,131772.37,2236.34,122.62,936.53
2024-06-05,133091.91,2236.69,123.58,788.85
2024-06-06,133766.66,2236.87,136.81,477.00
2024-06-07,134408.00,2237.04,144.00,467.34
2024-06-08,134971.91,2237.19,154.62,438.92
2024-06-09,135542.37,2237.34,162.89,450.50
2024-06-10,135884.01,2237.43,177.08,349.32
2024-06-11,136264.00,2237.53,182.73,374.31
2024-06-12,136568.09,2237.61,146.25,299.56
2024-06-13,137138.00,2237.76,28.97,316.30
2024-06-14,137404.28,2237.83,6.47,140.72
2024-06-15,137943.00,2237.97,121.81,393.41
2024-06-16,138098.00,2238.01,208.93,287.08
2024-06-17,138060.00,2238.00,200.29,181.13
2024-06-18,138060.00,2238.00,200.05,200.05
2024-06-19,138098.00,2238.01,210.72,229.88
2024-06-20,138098.00,2238.01,227.91,227.91
2024-06-21,138098.00,2238.01,254.44,254.44
2024-06-22,137982.00,2237.98,270.00,211.52
2024-06-23,137787.01,2237.93,270.00,171.69
2024-06-24,137670.01,2237.90,270.00,211.01
2024-06-25,137518.56,2237.86,270.00,193.64
2024-06-26,137404.28,2237.83,270.00,212.38
2024-06-27,137252.00,2237.79,266.75,189.98
2024-06-28,137252.00,2237.79,263.94,263.94
2024-06-29,137100.00,2237.75,263.97,187.34
2024-06-30,136948.00,2237.71,263.94,187.31
2024-07-01,136719.53,2237.65,261.19,146.00
2024-07-02,136568.09,2237.61,258.00,181.65
2024-07-03,136264.00,2237.53,260.44,107.13
2024-07-04,135998.00,2237.46,261.75,127.64
2024-07-05,135656.66,2237.37,265.56,93.47
2024-07-06,135352.00,2237.29,270.44,116.84
2024-07-07,135010.00,2237.20,270.44,98.01
2024-07-08,134706.18,2237.12,270.04,116.86
2024-07-09,134371.00,2237.03,270.00,101.01
2024-07-10,133956.01,2236.92,270.00,60.78
2024-07-11,133538.09,2236.81,270.04,59.34
2024-07-12,133167.00,2236.71,270.00,82.91
2024-07-13,132749.99,2236.60,270.00,59.76
2024-07-14,132342.00,2236.49,269.81,64.11
2024-07-15,131923.82,2236.38,268.16,57.33
2024-07-16,131583.00,2236.29,267.37,95.54
2024-07-17,131173.82,2236.18,276.26,69.96
2024-07-18,130685.00,2236.05,282.10,35.65
2024-07-19,130158.01,2235.91,286.84,21.15
2024-07-20,129712.00,2235.79,296.36,71.50
2024-07-21,129221.64,2235.66,305.91,58.69
2024-07-22,128583.00,2235.49,322.39,0.41
2024-07-23,128028.36,2235.34,333.00,53.37
2024-07-24,127435.82,2235.18,344.48,45.74
2024-07-25,126881.00,2235.03,353.09,73.37
2024-07-26,126178.36,2234.84,370.95,16.70
2024-07-27,125511.64,2234.66,391.58,55.44
2024-07-28,124809.00,2234.47,408.37,54.12
2024-07-29,124069.00,2234.27,411.00,37.92
2024-07-30,123402.99,2234.09,421.62,85.84
2024-07-31,122774.01,2233.92,431.71,114.60
2024-08-01,121774.55,2233.65,445.38,-58.51
2024-08-02,121146.00,2233.48,467.79,150.90
2024-08-03,120264.00,2233.24,487.33,42.65
2024-08-04,119316.00,2232.98,513.61,35.66
2024-08-05,118364.00,2232.72,530.48,50.51
2024-08-06,117416.00,2232.46,534.23,56.28
2024-08-07,116470.00,2232.20,536.72,59.78
2024-08-08,115565.00,2231.95,545.20,88.93
2024-08-09,114587.83,2231.68,568.55,75.89
2024-08-10,113533.92,2231.39,574.08,42.73
2024-08-11,112310.00,2231.05,592.03,-25.03
2024-08-12,111364.00,2230.79,600.47,123.53
2024-08-13,110215.00,2230.47,612.75,33.46
2024-08-14,109105.65,2230.16,628.27,68.97
2024-08-15,108000.44,2229.85,632.08,74.87
2024-08-16,106865.00,2229.53,630.05,57.60
2024-08-17,105653.91,2229.19,627.80,17.21
2024-08-18,104980.00,2229.00,625.27,285.51
2024-08-19,103839.83,2228.68,626.44,51.60
2024-08-20,102779.83,2228.38,623.72,89.30
2024-08-21,101719.99,2228.08,629.86,95.52
2024-08-22,100415.00,2227.71,710.10,52.17
2024-08-23,99155.43,2227.35,795.73,160.70
2024-08-24,97755.00,2226.95,834.81,128.76
2024-08-25,96215.00,2226.51,846.73,70.31
2024-08-26,94677.99,2226.07,875.72,100.81
2024-08-27,93189.48,2225.64,896.80,146.34
2024-08-28,91564.74,2225.17,898.75,79.61
2024-08-29,90100.00,2224.70,906.71,168.24
2024-08-30,88650.00,2224.20,908.66,177.62
2024-08-31,87112.79,2223.67,923.67,148.66
2024-09-01,85575.57,2223.14,945.50,170.48
2024-09-02,83923.00,2222.57,970.19,137.02
2024-09-03,82251.00,2221.99,974.20,131.23
2024-09-04,80579.01,2221.41,987.21,144.25
2024-09-05,78820.00,2220.80,1033.21,146.38
2024-09-06,76973.72,2220.16,1072.29,141.46
2024-09-07,75109.00,2219.51,1085.69,145.56
2024-09-08,73215.36,2218.85,1071.20,116.49
2024-09-09,71408.00,2218.22,1053.21,142.00
2024-09-10,69716.50,2217.63,1014.25,161.45
2024-09-11,68050.00,2217.05,961.83,121.64
2024-09-12,66536.00,2216.52,916.34,153.03
2024-09-13,65134.00,2216.03,844.27,137.43
2024-09-14,64021.59,2215.64,729.58,168.74
2024-09-15,62653.72,2215.16,656.15,-33.48
2024-09-16,61826.48,2214.87,610.92,193.85
2024-09-17,60828.00,2214.52,588.61,85.21
2024-09-18,59861.86,2214.18,597.84,110.74
2024-09-19,58548.00,2213.72,627.14,-35.26
2024-09-20,57556.48,2213.37,639.95,140.06
2024-09-21,56394.00,2212.96,641.98,55.90
2024-09-22,55258.00,2212.56,640.89,68.16
2024-09-23,54464.00,2212.28,633.99,233.68
2024-09-24,53306.48,2211.87,627.42,43.84
2024-09-25,52598.14,2211.62,635.42,278.30
2024-09-26,51325.79,2211.17,640.68,-0.80
2024-09-27,50338.14,2210.82,634.43,136.49
2024-09-28,49188.01,2210.41,628.59,48.73
2024-09-29,48198.00,2210.06,621.00,121.87
2024-09-30,47011.59,2209.64,627.33,29.18
2024-10-01,46166.28,2209.34,634.53,208.35
2024-10-02,44785.36,2208.85,635.57,-60.64
2024-10-03,43660.00,2208.45,640.26,72.89
2024-10-04,42875.79,2208.17,638.33,242.96
2024-10-05,41662.00,2207.74,636.15,24.20
2024-10-06,40570.34,2207.35,638.28,87.90
2024-10-07,39387.00,2206.93,678.75,82.15
2024-10-08,38040.00,2206.45,754.32,75.21
2024-10-09,36668.00,2205.96,763.59,71.87
2024-10-10,35324.00,2205.48,780.52,102.92
2024-10-11,33924.00,2204.98,771.41,65.58
2024-10-12,32636.00,2204.52,734.58,85.21
2024-10-13,31348.00,2204.06,709.58,60.21
2024-10-14,30003.99,2203.58,687.97,10.36
2024-10-15,29155.00,2203.21,635.00,206.97
2024-10-16,28306.00,2202.97,514.31,86.27
2024-10-17,27746.00,2202.77,397.04,114.71
2024-10-18,27550.00,2202.70,253.66,154.84
2024-10-19,27353.52,2202.63,152.69,53.63
2024-10-20,27521.93,2202.69,39.17,124.08
2024-10-21,27690.00,2202.75,12.33,97.07
2024-10-22,27690.00,2202.75,12.36,12.36
2024-10-23,27802.00,2202.79,12.60,69.07
2024-10-24,27802.00,2202.79,11.53,11.53
2024-10-25,27690.00,2202.75,12.80,-43.67
2024-10-26,27718.00,2202.76,12.88,27.00
2024-10-27,28222.00,2202.94,12.95,267.05
2024-10-28,28579.00,2203.07,12.89,192.88
2024-10-29,28743.52,2203.13,12.88,95.83
2024-10-30,28911.93,2203.19,12.88,97.79
2024-10-31,29024.00,2203.23,12.88,69.38
2024-11-01,29220.00,2203.30,13.01,111.83
2024-11-02,29500.01,2203.40,12.87,154.04
2024-11-03,29836.00,2203.52,12.91,182.31
2024-11-04,30368.00,2203.71,13.23,281.45
2024-11-05,30788.41,2203.86,13.39,225.35
2024-11-06,30871.94,2203.89,13.35,55.46
2024-11-07,30956.01,2203.92,13.36,55.75
2024-11-08,31320.00,2204.05,13.40,196.91
2024-11-09,31516.13,2204.12,13.40,112.28
2024-11-10,31543.52,2204.13,13.40,27.21
2024-11-11,31908.00,2204.26,13.36,197.12
2024-11-12,32132.27,2204.34,13.39,126.46
2024-11-13,32916.13,2204.62,13.39,408.59
2024-11-14,33420.00,2204.80,13.37,267.40
2024-11-15,33980.00,2205.00,13.37,295.70
2024-11-16,34483.86,2205.18,13.51,267.54
2024-11-17,35324.00,2205.48,13.83,437.40
2024-11-18,35827.73,2205.66,13.91,267.87
2024-11-19,36443.87,2205.88,13.62,324.26
2024-11-20,36640.00,2205.95,13.40,112.28
2024-11-21,37059.99,2206.10,13.40,225.15
2024-11-22,37732.27,2206.34,13.40,352.34
2024-11-23,37871.94,2206.39,13.40,83.82
2024-11-24,38403.99,2206.58,13.40,281.64
2024-11-25,38571.59,2206.64,13.15,97.65
2024-11-26,38852.00,2206.74,13.40,154.77
2024-11-27,38880.00,2206.75,15.78,29.90
2024-11-28,39160.34,2206.85,18.80,160.14
2024-11-29,39387.00,2206.93,18.80,133.07
2024-11-30,39618.00,2207.01,18.80,135.26
2024-12-01,39646.00,2207.02,18.80,32.92
2024-12-02,39926.13,2207.12,18.80,160.03
2024-12-03,39953.52,2207.13,18.80,32.61
2024-12-04,39786.00,2207.07,18.79,-65.67
2024-12-05,40234.00,2207.23,18.75,244.62
2024-12-06,40374.00,2207.28,18.80,89.38
2024-12-07,40850.00,2207.45,19.33,259.31
2024-12-08,41074.00,2207.53,19.50,132.43
2024-12-09,41437.73,2207.66,19.50,202.88
2024-12-10,41606.00,2207.72,19.09,103.93
2024-12-11,41888.14,2207.82,18.84,161.09
2024-12-12,41946.28,2207.84,18.87,48.18
2024-12-13,42260.00,2207.95,18.80,176.97
2024-12-14,42176.01,2207.92,18.80,-23.54
2024-12-15,42540.00,2208.05,18.80,202.31
2024-12-16,43072.00,2208.24,18.81,287.03
2024-12-17,43324.21,2208.33,23.39,150.55
2024-12-18,43856.00,2208.52,24.18,292.29
2024-12-19,44444.00,2208.73,18.80,315.25
2024-12-20,44785.36,2208.85,18.80,190.90
2024-12-21,45042.00,2208.94,18.80,148.19
2024-12-22,45854.00,2209.23,18.80,428.18
2024-12-23,45461.99,2209.09,18.81,-178.83
2024-12-24,46195.36,2209.35,20.13,389.87
2024-12-25,46564.00,2209.48,20.20,206.06
2024-12-26,47547.21,2209.83,20.77,516.47
2024-12-27,47890.00,2209.95,21.60,194.42
2024-12-28,48986.28,2210.34,21.94,574.65
2024-12-29,49496.00,2210.52,22.90,279.88
2024-12-30,50140.00,2210.75,23.00,347.68
2024-12-31,50850.00,2211.00,22.75,380.71
2025-01-01,51158.06,2211.11,22.30,177.61
2025-01-02,51584.00,2211.26,22.30,237.04
2025-01-03,52148.00,2211.46,22.30,306.65
2025-01-04,52120.00,2211.45,22.30,8.18
2025-01-05,52830.00,2211.70,22.30,380.26
2025-01-06,53194.21,2211.83,22.30,205.92
2025-01-07,52970.00,2211.75,22.31,-90.73
2025-01-08,53535.00,2211.95,22.30,307.15
2025-01-09,53903.99,2212.08,22.30,208.33
2025-01-10,54665.36,2212.35,22.61,406.47
2025-01-11,54780.93,2212.39,23.00,81.27
2025-01-12,54978.00,2212.46,23.00,122.36
2025-01-13,55118.00,2212.51,23.00,93.58
2025-01-14,55514.64,2212.65,23.00,222.97
2025-01-15,55601.86,2212.68,22.91,66.88
2025-01-16,55800.00,2212.75,22.85,122.75
2025-01-17,55940.00,2212.80,22.53,93.11
2025-01-18,56538.00,2213.01,22.39,323.88
2025-01-19,56423.00,2212.97,22.30,-35.68
2025-01-20,56481.00,2212.99,22.30,51.54
2025-01-21,56929.66,2213.15,22.30,248.50
2025-01-22,56733.99,2213.08,22.30,-76.35
2025-01-23,56706.00,2213.07,22.15,8.04
2025-01-24,57388.07,2213.31,22.30,366.18
2025-01-25,57416.14,2213.32,22.30,36.45
2025-01-26,57556.48,2213.37,22.30,93.05
2025-01-27,57528.41,2213.36,22.30,8.15
2025-01-28,57872.00,2213.48,22.30,195.53
2025-01-29,57958.00,2213.51,22.30,65.66
2025-01-30,57360.00,2213.30,22.30,-279.19
2025-01-31,58042.00,2213.54,22.31,366.15
2025-02-01,58548.00,2213.72,22.69,277.80
2025-02-02,58808.07,2213.81,22.88,154.00
2025-02-03,59003.87,2213.88,22.90,121.62
2025-02-04,58976.48,2213.87,23.00,9.19
2025-02-05,58948.41,2213.86,23.00,8.85
2025-02-06,59234.00,2213.96,22.98,166.97
2025-02-07,59350.00,2214.00,22.66,81.14
2025-02-08,59546.00,2214.07,22.88,121.70
2025-02-09,59601.99,2214.09,22.87,51.10
2025-02-10,59688.14,2214.12,22.87,66.30
2025-02-11,59745.57,2214.14,22.33,51.28
2025-02-12,59716.50,2214.13,22.31,7.65
2025-02-13,59803.72,2214.16,22.30,66.27
2025-02-14,60004.00,2214.23,23.00,123.97
2025-02-15,60116.00,2214.27,23.00,79.47
2025-02-16,60116.00,2214.27,23.00,23.00
2025-02-17,60316.28,2214.34,23.00,123.97
2025-02-18,60460.93,2214.39,23.00,95.93
2025-02-19,60630.00,2214.45,23.00,108.24
2025-02-20,60742.00,2214.49,23.00,79.47
2025-02-21,60973.00,2214.57,23.00,139.46
2025-02-22,61427.00,2214.73,23.27,252.16
2025-02-23,62284.00,2215.03,24.37,456.44
2025-02-24,62882.00,2215.24,24.81,326.30
2025-02-25,64021.59,2215.64,26.82,601.36
2025-02-26,65021.00,2215.99,28.40,532.27
2025-02-27,65788.00,2216.26,27.51,414.21
2025-02-28,66451.00,2216.49,26.98,361.24
2025-03-01,66991.86,2216.68,26.69,299.37
2025-03-02,67590.93,2216.89,27.18,329.21
2025-03-03,68248.14,2217.12,27.95,359.29
2025-03-04,68910.34,2217.35,28.40,362.26
2025-03-05,69629.99,2217.60,28.40,391.22
2025-03-06,70172.00,2217.79,28.02,301.28
2025-03-07,70780.00,2218.00,27.50,334.03
2025-03-08,71175.57,2218.14,27.50,226.93
2025-03-09,71553.00,2218.27,27.50,217.79
2025-03-10,71920.01,2218.40,27.73,212.76
2025-03-11,72297.00,2218.53,27.51,217.58
2025-03-12,72639.66,2218.65,27.64,200.40
2025-03-13,73128.14,2218.82,28.74,275.02
2025-03-14,73505.00,2218.95,28.40,218.40
2025-03-15,74045.57,2219.14,28.40,300.94
2025-03-16,74481.00,2219.29,28.40,247.93
2025-03-17,74848.01,2219.42,28.40,213.43
2025-03-18,75196.00,2219.54,28.40,203.85
2025-03-19,75399.07,2219.61,28.40,130.78
2025-03-20,75884.00,2219.78,28.43,272.92
2025-03-21,76660.00,2220.05,30.95,422.18
2025-03-22,77090.00,2220.20,32.83,249.62
2025-03-23,77902.00,2220.48,33.77,443.15
2025-03-24,80028.00,2221.22,37.21,1109.07
2025-03-25,82908.00,2222.22,36.81,1488.81
2025-03-26,85518.14,2223.12,32.35,1348.30
2025-03-27,88911.00,2224.29,29.43,1740.00
2025-03-28,91184.00,2225.06,25.70,1171.67
2025-03-29,92979.99,2225.58,24.36,929.84
2025-03-30,94265.00,2225.95,23.00,670.86
2025-03-31,95305.00,2226.25,22.73,547.06
2025-04-01,96180.00,2226.50,22.30,463.45
2025-04-02,97020.00,2226.74,22.30,445.80
2025-04-03,97650.01,2226.92,22.30,339.93
2025-04-04,98279.99,2227.10,22.30,339.92
2025-04-05,98945.00,2227.29,22.30,357.58
2025-04-06,99680.00,2227.50,22.30,392.86
2025-04-07,100730.00,2227.80,22.30,551.68
2025-04-08,101964.57,2228.15,22.42,644.85
2025-04-09,103025.00,2228.45,22.98,557.61
2025-04-10,104198.00,2228.78,23.00,614.39
2025-04-11,105224.99,2229.07,23.00,540.77
2025-04-12,106220.44,2229.35,23.00,524.87
2025-04-13,107074.99,2229.59,23.00,453.84
2025-04-14,107715.00,2229.77,22.34,345.01
2025-04-15,108610.00,2230.02,19.67,470.90
2025-04-16,109466.00,2230.26,18.15,449.72
2025-04-17,110320.00,2230.50,18.75,449.31
2025-04-18,111328.00,2230.78,20.62,528.82
2025-04-19,112274.00,2231.04,22.30,499.24
2025-04-20,113426.53,2231.36,22.30,603.37
2025-04-21,114336.08,2231.61,22.30,480.87
2025-04-22,115128.26,2231.83,26.28,425.67
2025-04-23,115858.00,2232.03,31.23,399.14
2025-04-24,116507.00,2232.21,33.00,360.20
2025-04-25,117380.00,2232.45,32.00,472.14
2025-04-26,118364.00,2232.72,32.00,528.10
2025-04-27,119570.00,2233.05,31.31,639.34
2025-04-28,120702.55,2233.36,31.93,602.92
2025-04-29,121997.00,2233.71,31.10,683.72
2025-04-30,122959.00,2233.97,31.10,516.11
2025-05-01,124032.00,2234.26,30.20,571.17
2025-05-02,125031.00,2234.53,30.33,533.99
2025-05-03,126733.00,2234.99,30.20,888.29
2025-05-04,127658.00,2235.24,30.20,496.55
2025-05-05,128509.00,2235.47,30.20,459.25
2025-05-06,129221.64,2235.66,30.20,389.49
2025-05-07,130310.00,2235.95,30.45,579.17
2025-05-08,131097.63,2236.16,31.10,428.20
2025-05-09,132038.01,2236.41,31.10,505.21
2025-05-10,132788.09,2236.61,31.10,409.27
2025-05-11,133652.37,2236.84,32.00,467.74
2025-05-12,134371.00,2237.03,32.53,394.84
2025-05-13,135010.00,2237.20,33.23,355.39
2025-05-14,135846.01,2237.42,33.83,455.32
2025-05-15,136491.99,2237.59,33.99,359.67
2025-05-16,137100.00,2237.75,33.99,340.53
2025-05-17,137865.00,2237.95,33.98,419.67
2025-05-18,138629.53,2238.15,33.99,419.44
2025-05-19,139395.48,2238.35,34.00,420.17
2025-05-20,140273.99,2238.58,34.00,476.92
2025-05-21,140740.00,2238.70,34.00,268.95
2025-05-22,141423.82,2238.88,34.00,378.76
2025-05-23,142042.00,2239.04,34.00,345.67
2025-05-24,142728.00,2239.22,34.00,379.86
2025-05-25,143537.01,2239.43,33.59,441.47
2025-05-26,144389.53,2239.65,34.00,463.81
2025-05-27,145165.48,2239.85,34.00,425.21
2025-05-28,146061.99,2240.08,34.00,485.99
2025-05-29,147027.29,2240.33,35.05,521.72
2025-05-30,147651.00,2240.49,35.55,350.00
2025-05-31,148470.00,2240.70,35.38,448.29
2025-06-01,148977.29,2240.83,35.14,290.90
2025-06-02,149406.01,2240.94,35.00,251.15
2025-06-03,149951.99,2241.08,35.00,310.27
2025-06-04,150420.00,2241.20,35.00,270.96
2025-06-05,151005.48,2241.35,35.00,330.18
2025-06-06,151520.00,2241.48,35.00,294.40
2025-06-07,152223.62,2241.66,34.90,389.64
2025-06-08,152740.00,2241.79,34.46,294.80
2025-06-09,153370.00,2241.95,34.23,351.86
2025-06-10,153842.99,2242.07,34.00,272.47
2025-06-11,154279.81,2242.18,34.00,254.23
2025-06-12,154672.00,2242.28,34.00,231.73
2025-06-13,154870.29,2242.33,34.00,133.97
2025-06-14,155069.81,2242.38,34.00,134.59
2025-06-15,155350.00,2242.45,34.00,175.26
2025-06-16,155510.00,2242.49,34.00,114.67
2025-06-17,155706.00,2242.54,34.01,132.83
2025-06-18,155822.99,2242.57,34.00,92.98
2025-06-19,156099.41,2242.64,34.00,173.36
2025-06-20,156219.71,2242.67,34.00,94.65
2025-06-21,156380.00,2242.71,34.00,114.81
2025-06-22,156540.00,2242.75,34.00,114.67
2025-06-23,156660.00,2242.78,33.61,94.11
2025-06-24,156740.00,2242.80,42.00,82.33
2025-06-25,156700.00,2242.79,71.55,51.38
2025-06-26,156420.00,2242.72,255.44,114.27
2025-06-27,155900.99,2242.59,400.87,139.20
2025-06-28,155230.01,2242.42,422.12,83.83
2025-06-29,154594.00,2242.26,432.62,111.96
2025-06-30,153959.99,2242.10,440.54,120.89
2025-07-01,153250.01,2241.92,476.00,118.05
2025-07-02,152340.91,2241.69,520.69,62.35
2025-07-03,151400.00,2241.45,534.84,60.46
2025-07-04,150576.00,2241.24,532.27,116.84
2025-07-05,149757.00,2241.03,554.53,141.62
2025-07-06,148782.00,2240.78,584.25,92.69
2025-07-07,147768.00,2240.52,602.39,91.16
2025-07-08,146637.00,2240.23,628.47,58.26
2025-07-09,145516.01,2239.94,661.56,96.39
2025-07-10,144351.44,2239.64,687.29,100.15
2025-07-11,143154.28,2239.33,705.73,102.16
2025-07-12,142004.00,2239.03,709.58,129.65
2025-07-13,140778.00,2238.71,706.25,88.14
2025-07-14,139590.01,2238.40,703.33,104.38
2025-07-15,138478.09,2238.11,701.09,140.50
2025-07-16,137138.00,2237.76,694.11,18.48
2025-07-17,135846.01,2237.42,691.20,39.82
2025-07-18,134668.09,2237.11,696.72,102.85
2025-07-19,133389.00,2236.77,699.84,54.97
2025-07-20,132190.00,2236.45,696.98,92.48
2025-07-21,131059.53,2236.15,694.58,124.63
2025-07-22,129712.00,2235.79,691.98,12.60
2025-07-23,128546.00,2235.48,689.53,101.67
2025-07-24,127324.55,2235.15,686.56,70.75
2025-07-25,126178.36,2234.84,692.71,114.84
2025-07-26,124809.00,2234.47,722.81,32.42
2025-07-27,123402.99,2234.09,769.64,60.78
2025-07-28,121997.00,2233.71,780.78,71.93
2025-07-29,120517.09,2233.31,772.08,25.96
2025-07-30,119057.01,2232.91,811.88,75.76
2025-07-31,117560.00,2232.50,846.96,92.22
2025-08-01,116109.99,2232.10,838.48,107.43
2025-08-02,114551.74,2231.67,869.82,84.20
2025-08-03,112741.74,2231.17,927.80,15.26
2025-08-04,110967.83,2230.68,959.31,64.96
2025-08-05,109177.83,2230.18,994.14,91.68
2025-08-06,107470.00,2229.70,1022.96,161.93
2025-08-07,105581.74,2229.17,1046.51,94.51
2025-08-08,103664.40,2228.63,1055.44,88.78
2025-08-09,101615.00,2228.05,1111.82,78.58
2025-08-10,99435.01,2227.43,1181.89,82.81
2025-08-11,97230.00,2226.80,1206.29,94.60
2025-08-12,94989.66,2226.16,1214.71,85.20
2025-08-13,92735.00,2225.51,1216.83,80.10
2025-08-14,90710.01,2224.91,1128.55,107.62
2025-08-15,89143.50,2224.37,1042.49,252.71
2025-08-16,87606.28,2223.84,984.86,209.84
2025-08-17,85953.00,2223.27,965.84,132.31
2025-08-18,84212.79,2222.67,990.42,113.06
2025-08-19,82420.00,2222.05,1013.22,109.35
2025-08-20,80637.00,2221.43,1021.98,123.05
2025-08-21,78820.00,2220.80,1035.62,119.55
2025-08-22,76944.64,2220.15,1049.37,103.88
2025-08-23,75022.00,2219.48,1048.40,79.07
2025-08-24,73157.21,2218.83,1033.44,93.27
2025-08-25,71320.93,2218.19,1020.44,94.65
2025-08-26,69571.99,2217.58,1014.99,133.23
2025-08-27,67794.00,2216.96,986.69,90.29
2025-08-28,66160.93,2216.39,925.68,102.34
2025-08-29,64648.41,2215.86,889.53,126.97
2025-08-30,63079.07,2215.31,869.93,78.72
2025-08-31,61485.00,2214.75,851.20,47.52
2025-09-01,60004.00,2214.23,795.73,49.06
2025-09-02,58693.00,2213.77,744.21,83.25
2025-09-03,57416.14,2213.32,695.21,51.46
2025-09-04,56220.01,2212.90,665.62,62.57
2025-09-05,54866.01,2212.42,675.68,-6.96
2025-09-06,53792.00,2212.04,682.71,141.23
2025-09-07,52569.07,2211.61,678.70,62.14
2025-09-08,51297.73,2211.16,690.36,49.39
2025-09-09,50000.00,2210.70,695.52,41.25
2025-09-10,48730.00,2210.25,685.42,45.13
2025-09-11,47576.28,2209.84,662.81,81.14
2025-09-12,46368.01,2209.41,632.03,22.86
2025-09-13,45210.00,2209.00,611.20,27.37
2025-09-14,44163.52,2208.63,603.24,75.64
2025-09-15,42875.79,2208.17,603.94,-45.29
2025-09-16,41888.14,2207.82,613.22,115.28
2025-09-17,40598.41,2207.36,603.42,-46.82
2025-09-18,39503.00,2206.97,608.48,56.21
2025-09-19,38348.00,2206.56,607.73,25.42
2025-09-20,37199.66,2206.15,594.23,15.27
2025-09-21,36108.00,2205.76,582.61,32.23
2025-09-22,35016.48,2205.37,578.81,28.50
2025-09-23,34008.00,2205.01,551.72,43.28
2025-09-24,33196.00,2204.72,464.79,55.41
2025-09-25,32496.00,2204.47,404.96,52.04
2025-09-26,31711.93,2204.19,382.25,-13.05
2025-09-27,30956.01,2203.92,387.63,6.52
2025-09-28,30171.59,2203.64,389.42,-6.06
2025-09-29,29443.87,2203.38,385.38,18.49
2025-09-30,28799.66,2203.15,379.33,54.54
2025-10-01,28138.01,2202.91,363.95,30.37
2025-10-02,27578.00,2202.71,322.14,39.80
2025-10-03,27046.00,2202.52,283.85,15.63
2025-10-04,26486.14,2202.32,283.23,0.97
2025-10-05,26041.74,2202.16,264.72,40.67
2025-10-06,25656.00,2202.02,218.16,23.68
2025-10-07,25348.01,2201.91,184.06,28.78
2025-10-08,24900.00,2201.75,172.58,-53.29
2025-10-09,24508.06,2201.61,170.42,-27.19
2025-10-10,24228.00,2201.51,169.53,28.33
2025-10-11,24172.00,2201.49,167.50,139.27
2025-10-12,23948.01,2201.41,165.83,52.90
2025-10-13,23668.07,2201.31,164.95,23.81
2025-10-14,23360.00,2201.20,162.58,7.26
2025-10-15,22978.00,2201.06,162.68,-29.91
2025-10-16,22614.00,2200.93,162.79,-20.73
2025-10-17,22306.14,2200.82,160.99,5.77
2025-10-18,22166.00,2200.77,159.94,89.29
2025-10-19,22473.87,2200.88,145.75,300.97
2025-10-20,22501.94,2200.89,118.13,132.28
2025-10-21,22390.34,2200.85,111.40,55.13
2025-10-22,22082.00,2200.74,125.44,-30.02
2025-10-23,21915.87,2200.68,134.00,50.24
2025-10-24,21915.87,2200.68,132.90,132.90
2025-10-25,21888.80,2200.67,132.04,118.40
2025-10-26,22082.00,2200.74,132.00,229.40
2025-10-27,22026.00,2200.72,131.98,103.75
2025-10-28,21942.94,2200.69,127.52,85.64
2025-10-29,22194.00,2200.78,118.23,244.81
2025-10-30,22082.00,2200.74,104.58,48.12
2025-10-31,22418.41,2200.86,97.18,266.79
2025-11-01,24004.00,2201.43,79.36,878.76
2025-11-02,25404.00,2201.93,52.90,758.73
2025-11-03,26150.00,2202.20,41.45,417.56
2025-11-04,26458.07,2202.31,33.40,188.71
2025-11-05,27074.00,2202.53,32.00,342.53
2025-11-06,28362.00,2202.99,32.33,681.70
2025-11-07,29752.00,2203.49,33.00,733.79
2025-11-08,30592.00,2203.79,33.00,456.50
2025-11-09,31124.00,2203.98,33.00,301.22
2025-11-10,31711.93,2204.19,33.00,329.42
2025-11-11,32188.41,2204.36,33.00,273.23
2025-11-12,32692.00,2204.54,33.00,286.89
2025-11-13,33392.00,2204.79,33.71,386.63
2025-11-14,34203.99,2205.08,34.13,443.51
2025-11-15,35716.13,2205.62,33.40,795.77
2025-11-16,36528.01,2205.91,30.29,439.61
2025-11-17,37311.93,2206.19,31.10,426.33
2025-11-18,37956.01,2206.42,31.10,355.82
2025-11-19,38320.00,2206.55,31.10,214.61
2025-11-20,38627.73,2206.66,31.10,186.25
2025-11-21,39188.41,2206.86,31.21,313.89
2025-11-22,39188.41,2206.86,31.99,31.99
2025-11-23,39532.00,2206.98,32.00,205.23
2025-11-24,39953.52,2207.13,31.19,243.71
2025-11-25,40598.41,2207.36,30.20,355.34
2025-11-26,40710.01,2207.40,30.20,86.46
2025-11-27,41018.00,2207.51,30.86,186.14
2025-11-28,41662.00,2207.74,31.10,355.78
2025-11-29,41493.86,2207.68,31.10,-53.67
2025-11-30,41465.79,2207.67,31.10,16.95
2025-12-01,42148.01,2207.91,31.10,375.05
2025-12-02,42316.00,2207.97,31.10,115.80
2025-12-03,42512.00,2208.04,31.10,129.91
2025-12-04,42596.00,2208.07,31.10,73.45
2025-12-05,43016.00,2208.22,31.63,243.39
2025-12-06,44388.00,2208.71,33.36,725.08
2025-12-07,46281.86,2209.38,36.41,991.23
2025-12-08,50654.00,2210.93,42.30,2246.59
2025-12-09,57416.14,2213.32,53.39,3462.63
2025-12-10,68450.93,2217.19,75.08,5638.46
2025-12-11,77002.79,2220.17,49.71,4361.28
2025-12-12,80952.00,2221.54,30.62,2021.68
2025-12-13,83140.00,2222.30,23.98,1127.09
2025-12-14,84677.21,2222.83,20.61,795.62
2025-12-15,87780.01,2223.90,25.47,1589.79
2025-12-16,91082.00,2225.03,29.91,1694.66
2025-12-17,96390.00,2226.56,38.91,2715.02
2025-12-18,99400.01,2227.42,33.94,1551.49
2025-12-19,101580.00,2228.04,34.98,1134.06
2025-12-20,103308.00,2228.53,28.52,899.72
2025-12-21,104515.60,2228.87,25.58,634.41
2025-12-22,105690.00,2229.20,23.53,615.62
2025-12-23,106256.53,2229.36,26.20,311.82
2025-12-24,107146.08,2229.61,28.44,476.92
2025-12-25,107928.26,2229.83,28.40,422.75
2025-12-26,108750.00,2230.06,27.95,442.24
2025-12-27,109430.00,2230.25,27.75,370.59
2025-12-28,109897.83,2230.38,26.84,262.71
2025-12-29,110392.00,2230.52,27.94,277.08
2025-12-30,110823.47,2230.64,29.30,246.83
2025-12-31,111256.00,2230.76,28.89,246.96
2026-01-01,111760.01,2230.90,28.40,282.50
2026-01-02,112130.00,2231.00,28.40,214.94
2026-01-03,112669.56,2231.15,28.40,300.43
2026-01-04,113318.26,2231.33,28.61,355.66
2026-01-05,113533.92,2231.39,28.92,137.65
2026-01-06,114515.65,2231.66,28.83,523.79
2026-01-07,114948.00,2231.78,29.30,247.28
2026-01-08,115343.92,2231.89,29.13,228.74
2026-01-09,115639.00,2231.97,29.24,178.02
2026-01-10,115858.00,2232.03,28.97,139.38
2026-01-11,116397.83,2232.18,28.79,300.96
2026-01-12,117524.00,2232.49,30.34,598.12
2026-01-13,118983.92,2232.89,31.10,767.14
2026-01-14,120264.00,2233.24,31.10,676.47
2026-01-15,121478.99,2233.57,31.10,643.66
2026-01-16,122219.00,2233.77,30.91,404.00
2026-01-17,122996.00,2233.98,30.20,421.94
2026-01-18,123624.55,2234.15,29.96,346.85
2026-01-19,124217.09,2234.31,29.30,328.04
2026-01-20,124698.01,2234.44,29.30,271.76
2026-01-21,125178.99,2234.57,29.30,271.80
2026-01-22,125622.91,2234.69,29.30,253.11
2026-01-23,125956.00,2234.78,29.25,197.18
2026-01-24,126362.92,2234.89,28.83,233.99
2026-01-25,126659.00,2234.97,28.43,177.70
2026-01-26,127065.99,2235.08,28.40,233.59
2026-01-27,127287.45,2235.14,28.54,140.19
2026-01-28,127695.00,2235.25,28.40,233.87
2026-01-29,128324.01,2235.42,28.51,345.64
2026-01-30,128810.00,2235.55,29.30,274.32
2026-01-31,129332.91,2235.69,29.30,292.94
2026-02-01,129972.55,2235.86,29.30,351.78
2026-02-02,130685.00,2236.05,29.85,389.05
2026-02-03,131546.00,2236.28,30.20,464.29
2026-02-04,132152.01,2236.44,30.20,335.73
2026-02-05,132863.34,2236.63,30.20,388.83
2026-02-06,133426.00,2236.78,30.20,313.87
2026-02-07,134334.00,2237.02,30.20,487.98
2026-02-08,135048.00,2237.21,30.20,390.18
2026-02-09,135693.82,2237.38,30.20,355.80
2026-02-10,136150.00,2237.50,30.20,260.19
2026-02-11,136833.82,2237.68,30.20,374.96
2026-02-12,137290.00,2237.80,30.20,260.19
2026-02-13,137865.00,2237.95,30.20,320.10
2026-02-14,138325.99,2238.07,30.20,262.62
2026-02-15,138667.63,2238.16,30.20,202.44
2026-02-16,139010.00,2238.25,30.20,202.81
2026-02-17,139473.67,2238.37,30.20,263.97
2026-02-18,139818.00,2238.46,30.20,203.80
2026-02-19,140122.00,2238.54,30.20,183.46
2026-02-20,140349.99,2238.60,30.20,145.15
2026-02-21,140622.71,2238.67,30.20,167.70
2026-02-22,141044.00,2238.78,30.20,242.60
2026-02-23,141196.18,2238.82,25.16,101.88
2026-02-24,141539.01,2238.91,22.22,195.06
2026-02-25,141656.01,2238.94,27.24,86.22
2026-02-26,142155.99,2239.07,29.30,281.38
2026-02-27,142346.18,2239.12,29.30,125.19
2026-02-28,142535.72,2239.17,29.30,124.86
2026-03-01,142767.00,2239.23,29.30,145.90
2026-03-02,142962.00,2239.28,29.30,127.61
2026-03-03,143116.18,2239.32,29.30,107.04
2026-03-04,143498.01,2239.42,29.30,221.80
2026-03-05,143693.00,2239.47,29.30,127.61
2026-03-06,144313.34,2239.63,29.30,342.06
2026-03-07,144658.00,2239.72,29.56,203.33
2026-03-08,145828.00,2240.02,30.58,620.45
2026-03-09,147027.29,2240.33,30.43,635.08
2026-03-10,147885.00,2240.55,33.00,465.43
2026-03-11,149523.00,2240.97,33.42,859.25
2026-03-12,151240.01,2241.41,38.56,904.22
2026-03-13,153053.67,2241.87,37.72,952.11
2026-03-14,153842.99,2242.07,40.24,438.19
2026-03-15,154477.00,2242.23,38.21,357.85
2026-03-16,155510.00,2242.49,38.56,559.37
2026-03-17,157020.69,2242.87,39.43,801.07
2026-03-18,160660.00,2243.78,40.53,1875.35
2026-03-19,164380.00,2244.70,37.32,1912.83
2026-03-20,169976.99,2246.07,41.32,2863.14
2026-03-21,172980.00,2246.80,35.32,1549.34
2026-03-22,174804.00,2247.24,28.63,948.24
2026-03-23,176048.00,2247.54,28.38,655.56
2026-03-24,178211.99,2248.06,33.91,1124.92
2026-03-25,180050.00,2248.50,33.38,960.04
2026-03-26,181352.10,2248.81,30.58,687.06
2026-03-27,182443.99,2249.07,28.76,579.25
2026-03-28,183326.00,2249.28,27.97,472.65
2026-03-29,184166.00,2249.48,27.50,451.00
2026-03-30,184884.47,2249.65,28.77,391.00
2026-03-31,185520.00,2249.80,29.30,349.71
2026-04-01,186192.00,2249.96,29.96,368.76
2026-04-02,186789.99,2250.10,30.43,331.92
2026-04-03,187294.00,2250.22,30.26,284.36
2026-04-04,187802.42,2250.34,30.20,286.53
2026-04-05,188312.00,2250.46,30.20,287.11
2026-04-06,189035.28,2250.63,30.20,394.85
2026-04-07,189759.99,2250.80,30.43,395.81
2026-04-08,190481.00,2250.97,30.85,394.36
2026-04-09,191116.20,2251.12,31.10,351.35
2026-04-10,191847.00,2251.29,31.10,399.54
2026-04-11,192525.01,2251.45,31.10,372.93
2026-04-12,193213.10,2251.61,31.10,378.01
2026-04-13,193936.00,2251.78,31.10,395.56
2026-04-14,194880.00,2252.00,31.22,507.16
2026-04-15,195869.00,2252.23,32.09,530.72
2026-04-16,196471.74,2252.37,32.00,335.88
2026-04-17,196944.00,2252.48,32.00,270.10
2026-04-18,197416.99,2252.59,32.00,270.47
2026-04-19,197976.00,2252.72,32.00,313.84
2026-04-20,198535.53,2252.85,32.00,314.09
2026-04-21,199223.00,2253.01,32.00,378.60
2026-04-22,200298.00,2253.26,32.00,573.98
2026-04-23,201201.00,2253.47,32.00,487.26
2026-04-24,201941.37,2253.64,32.00,405.27
2026-04-25,202587.00,2253.79,32.00,357.51
2026-04-26,203156.01,2253.92,32.00,318.88
2026-04-27,203672.00,2254.04,32.00,292.14
2026-04-28,204193.57,2254.16,32.01,294.97
2026-04-29,204671.00,2254.27,32.02,272.72
2026-04-30,205283.01,2254.41,32.49,341.05
2026-05-01,205933.99,2254.56,32.83,361.04
2026-05-02,206584.00,2254.71,33.00,360.71
2026-05-03,207323.80,2254.88,33.00,405.98
2026-05-04,208107.99,2255.06,47.91,443.27
2026-05-05,208808.00,2255.22,76.17,429.09
2026-05-06,209461.74,2255.37,84.36,413.95
2026-05-07,209854.00,2255.46,91.50,289.26
2026-05-08,210249.99,2255.55,91.50,291.15
2026-05-09,210598.26,2255.63,91.50,267.09
2026-05-10,210900.01,2255.70,97.89,250.02
2026-05-11,211120.00,2255.75,102.00,212.91
2026-05-12,211339.99,2255.80,109.19,220.10
2026-05-13,212088.00,2255.97,114.00,491.12
2026-05-14,212659.99,2256.10,112.21,400.59
2026-05-15,213144.00,2256.21,112.69,356.71
2026-05-16,213539.99,2256.30,113.85,313.50
2026-05-17,213760.54,2256.35,113.98,225.17
2026-05-18,213935.90,2256.39,117.48,205.89
2026-05-19,213980.01,2256.40,129.48,151.72
2026-05-20,214156.01,2256.44,142.75,231.48
2026-05-21,214288.00,2256.47,155.52,222.06
2026-05-22,214332.00,2256.48,166.33,188.51
2026-05-23,214288.00,2256.47,177.53,155.34
2026-05-24,214376.00,2256.49,184.40,228.77
2026-05-25,214420.00,2256.50,187.03,209.21
2026-05-26,214156.01,2256.44,202.86,69.77
2026-05-27,214024.01,2256.41,222.00,155.45
2026-05-28,213891.79,2256.38,240.22,173.56
2026-05-29,213760.54,2256.35,249.62,183.45
2026-05-30,213584.10,2256.31,248.97,160.02
2026-05-31,213320.00,2256.25,248.78,115.63
2026-06-01,212923.57,2256.16,297.42,97.55
2026-06-02,212527.99,2256.07,330.63,131.19
2026-06-03,212044.00,2255.96,329.68,85.67
2026-06-04,211691.79,2255.88,298.80,121.23
2026-06-05,211296.00,2255.79,258.00,58.45
2026-06-06,211120.00,2255.75,257.97,169.24
2026-06-07,210770.69,2255.67,257.91,81.79
2026-06-08,210556.20,2255.62,257.69,149.55
2026-06-09,211120.00,2255.75,216.88,501.12
2026-06-10,211252.00,2255.78,195.00,261.55
2026-06-11,211252.00,2255.78,217.16,217.16
2026-06-12,211076.00,2255.74,228.00,139.27
2026-06-13,210944.00,2255.71,228.00,161.45
2026-06-14,210727.58,2255.66,228.00,118.89
2026-06-15,210513.10,2255.61,228.00,119.87
2026-06-16,210249.99,2255.55,239.22,106.57
2026-06-17,209898.00,2255.47,245.84,68.38
2026-06-18,209590.01,2255.40,245.72,90.44
2026-06-19,209246.21,2255.32,245.44,72.10
2026-06-20,208940.00,2255.25,244.94,90.56
2026-06-21,208587.68,2255.17,243.87,66.25
2026-06-22,208193.99,2255.08,243.56,45.08
2026-06-23,207893.00,2255.01,261.47,109.72
2026-06-24,207410.01,2254.90,275.76,32.25
2026-06-25,206979.99,2254.80,293.55,76.75
2026-06-26,206496.90,2254.69,308.57,65.01
2026-06-27,205977.99,2254.57,308.50,46.89
2026-06-28,205455.01,2254.45,308.46,44.79
2026-06-29,204888.21,2254.32,308.46,22.71
2026-06-30,204413.00,2254.21,316.85,77.26
2026-07-01,203672.00,2254.04,337.12,-36.47
2026-07-02,203156.01,2253.92,346.60,86.45
2026-07-03,202587.00,2253.79,346.74,59.87
2026-07-04,201941.37,2253.64,346.34,20.84
2026-07-05,201418.00,2253.52,344.56,80.69
2026-07-06,200813.80,2253.38,354.18,49.56
2026-07-07,200083.00,2253.21,390.88,22.43
2026-07-08,199352.00,2253.04,436.91,68.36
2026-07-09,198406.21,2252.82,494.42,17.58
2026-07-10,197459.99,2252.60,514.97,37.92
2026-07-11,196513.80,2252.38,513.75,36.71
2026-07-12,195610.69,2252.17,512.67,57.35
2026-07-13,194622.01,2251.94,523.69,25.23
2026-07-14,193684.00,2251.72,530.25,57.34
2026-07-15,192654.00,2251.48,541.27,21.97
2026-07-16,191632.00,2251.24,565.22,49.96
2026-07-17,190652.00,2251.01,563.53,69.45
2026-07-18,189588.00,2250.76,561.52,25.08
2026-07-19,188566.00,2250.52,559.83,44.57
2026-07-20,187588.00,2250.29,559.36,66.28
2026-07-21,186617.99,2250.06,558.28,69.24
2026-07-22,185688.41,2249.84,557.77,89.10
2026-07-23,184585.99,2249.58,556.92,1.12
2026-07-24,183578.41,2249.34,555.33,47.34
2026-07-25,182443.99,2249.07,590.25,18.31
2026-07-26,181394.20,2248.82,613.13,83.86
2026-07-27,180134.00,2248.52,611.91,-23.45
2026-07-28,179136.00,2248.28,611.91,108.75
2026-07-29,177960.00,2248.00,611.63,18.73
2026-07-30,176710.00,2247.70,610.17,-20.03
2026-07-31,175634.01,2247.44,608.20,65.72
2026-08-01,174429.48,2247.15,606.80,-0.48
2026-08-02,173390.01,2246.90,604.45,80.38
2026-08-03,172234.20,2246.62,603.42,20.70
2026-08-04,171166.61,2246.36,602.77,64.52
2026-08-05,170058.99,2246.09,599.77,41.34
2026-08-06,168952.20,2245.82,598.55,40.54
2026-08-07,167722.00,2245.52,614.48,-5.74
2026-08-08,166574.00,2245.24,644.01,65.23
2026-08-09,165313.01,2244.93,652.55,16.80
2026-08-10,164011.09,2244.61,662.34,5.96
2026-08-11,162760.00,2244.30,696.20,65.44
2026-08-12,161390.00,2243.96,756.72,66.01
2026-08-13,159980.09,2243.61,805.05,94.22
2026-08-14,158380.00,2243.21,845.01,38.30
2026-08-15,156900.39,2242.84,854.92,108.95
2026-08-16,155230.01,2242.42,850.05,7.90
2026-08-17,153648.00,2242.02,857.27,59.67
2026-08-18,152029.09,2241.61,883.74,67.54
2026-08-19,150380.91,2241.19,942.69,111.73
2026-08-20,148548.00,2240.72,1022.16,98.07
2026-08-21,146676.00,2240.24,1092.63,148.83
2026-08-22,144619.00,2239.71,1123.68,86.61
2026-08-23,142573.82,2239.18,1117.49,86.38
2026-08-24,140622.71,2238.67,1110.56,126.87
2026-08-25,138705.72,2238.17,1124.19,157.71
2026-08-26,136415.99,2237.57,1169.45,15.04
2026-08-27,134184.00,2236.98,1238.38,113.08
2026-08-28,131886.66,2236.37,1297.69,139.45
2026-08-29,129522.00,2235.74,1315.69,123.51
2026-08-30,127250.36,2235.13,1302.00,156.71
2026-08-31,124883.00,2234.49,1291.38,97.84
2026-09-01,123033.00,2233.99,1281.94,349.23
2026-09-02,120372.00,2233.27,1277.88,-63.71
2026-09-03,118145.65,2232.66,1254.59,132.14
2026-09-04,116253.47,2232.14,1175.01,221.04
2026-09-05,114336.08,2231.61,1104.43,137.74
2026-09-06,112633.47,2231.14,1012.53,154.13
2026-09-07,110967.83,2230.68,924.36,84.60
2026-09-08,109466.00,2230.26,886.09,128.92
2026-09-09,107856.09,2229.81,904.42,92.76
2026-09-10,,,,
2026-09-11,,,,
