DateTime,kee_af,kee_fb,kee_qd,kee_qu
1990-01-01,67832.00,2474.42,0.00,216.87
1990-01-02,68113.00,2474.59,0.00,141.67
1990-01-03,68524.16,2474.84,0.00,207.29
1990-01-04,69137.00,2475.21,0.00,308.98
1990-01-05,70028.00,2475.74,0.00,449.21
1990-01-06,71236.00,2476.46,0.00,609.03
1990-01-07,73660.00,2477.88,0.00,1222.10
1990-01-08,75488.00,2478.94,0.00,921.62
1990-01-09,80828.00,2481.96,2.00,2694.25
1990-01-10,83895.72,2483.64,1.00,1547.64
1990-01-11,85367.00,2484.43,0.00,741.77
1990-01-12,86411.00,2484.99,0.00,526.35
1990-01-13,86714.77,2485.15,0.00,153.15
1990-01-14,87894.00,2485.78,0.00,594.53
1990-01-15,88424.00,2486.06,0.00,267.21
1990-01-16,88994.28,2486.36,0.00,287.52
1990-01-17,89460.00,2486.60,0.00,234.80
1990-01-18,89878.09,2486.82,0.00,210.79
1990-01-19,90258.00,2487.02,0.00,191.54
1990-01-20,90610.00,2487.20,0.00,177.47
1990-01-21,91000.00,2487.40,0.00,196.63
1990-01-22,91751.00,2487.79,0.00,378.63
1990-01-23,92103.00,2487.97,0.00,177.47
1990-01-24,92454.77,2488.15,0.00,177.35
1990-01-25,93000.00,2488.43,0.00,274.89
1990-01-26,93368.09,2488.62,0.00,185.58
1990-01-27,93996.00,2488.94,0.00,316.57
1990-01-28,94820.30,2489.36,0.00,415.58
1990-01-29,95320.05,2489.61,0.00,251.96
1990-01-30,95730.10,2489.82,0.00,206.74
1990-01-31,96030.00,2489.97,0.00,151.20
1990-02-01,96510.00,2490.21,0.00,242.00
1990-02-02,96930.00,2490.42,0.00,211.75
1990-02-03,97270.00,2490.59,0.00,171.42
1990-02-04,97570.00,2490.74,0.00,151.25
1990-02-05,98050.00,2490.98,0.00,242.00
1990-02-06,98349.66,2491.13,0.00,151.08
1990-02-07,98879.95,2491.39,0.00,267.36
1990-02-08,99220.00,2491.56,0.00,171.44
1990-02-09,100050.00,2491.97,0.00,418.46
1990-02-10,103200.00,2493.50,3.00,1591.13
1990-02-11,106404.00,2495.04,3.00,1618.35
1990-02-12,107842.00,2495.72,1.00,725.99
1990-02-13,108660.00,2496.11,1.00,413.41
1990-02-14,109430.00,2496.47,1.00,389.21
1990-02-15,110180.00,2496.82,1.00,379.13
1990-02-16,111030.00,2497.12,1.00,429.54
1990-02-17,111380.00,2497.38,1.00,177.46
1990-02-18,111910.00,2497.63,1.00,268.21
1990-02-19,112470.00,2497.89,1.00,283.33
1990-02-20,112910.00,2498.09,1.00,222.83
1990-02-21,113360.00,2498.30,1.00,227.88
1990-02-22,113778.00,2498.49,1.00,211.74
1990-02-23,114173.84,2498.67,1.00,200.57
1990-02-24,114647.95,2498.89,1.00,240.03
1990-02-25,115175.63,2499.13,1.00,267.04
1990-02-26,115660.27,2499.35,1.00,245.34
1990-02-27,116166.00,2499.58,1.00,255.97
1990-02-28,116606.00,2499.78,1.00,222.83
1990-03-01,117068.00,2499.99,1.00,233.93
1990-03-02,117485.89,2500.18,1.00,211.69
1990-03-03,117915.84,2500.38,1.00,217.77
1990-03-04,118354.00,2500.57,1.00,221.90
1990-03-05,118778.00,2500.76,1.00,214.77
1990-03-06,119244.00,2500.97,1.00,235.94
1990-03-07,119848.00,2501.24,1.00,305.52
1990-03-08,120474.00,2501.52,1.00,316.61
1990-03-09,121123.05,2501.81,1.00,328.23
1990-03-10,121665.00,2502.05,1.00,274.23
1990-03-11,122069.00,2502.23,1.00,204.68
1990-03-12,122413.89,2502.38,1.00,174.88
1990-03-13,122841.00,2502.57,1.00,216.33
1990-03-14,123414.11,2502.82,1.00,289.94
1990-03-15,123751.00,2502.97,1.00,170.85
1990-03-16,124141.66,2503.14,1.00,197.96
1990-03-17,124556.11,2503.32,1.00,209.95
1990-03-18,125052.00,2503.54,1.00,251.01
1990-03-19,125673.05,2503.81,1.00,314.12
1990-03-20,126570.00,2504.20,2.00,454.21
1990-03-21,127546.11,2504.62,2.00,494.12
1990-03-22,128512.00,2505.04,2.00,488.97
1990-03-23,129419.00,2505.43,2.00,459.28
1990-03-24,130119.00,2505.73,2.00,354.92
1990-03-25,130704.00,2505.98,2.00,296.94
1990-03-26,131268.00,2506.22,2.00,286.35
1990-03-27,131828.00,2506.46,2.00,284.33
1990-03-28,132469.00,2506.73,2.00,325.17
1990-03-29,133148.00,2507.02,2.00,344.33
1990-03-30,134025.94,2507.39,2.00,444.63
1990-03-31,135046.11,2507.82,2.00,516.34
1990-04-01,136262.17,2508.33,2.00,615.10
1990-04-02,137846.00,2508.99,3.00,801.51
1990-04-03,139439.70,2509.65,3.00,806.49
1990-04-04,140900.00,2510.25,3.00,739.23
1990-04-05,142390.36,2510.86,3.00,754.39
1990-04-06,143985.00,2511.51,4.00,807.97
1990-04-07,145610.00,2512.17,4.00,823.27
1990-04-08,146800.00,2512.65,4.00,603.96
1990-04-09,148370.00,2513.28,250.00,1041.54
1990-04-10,148644.94,2513.39,498.00,636.61
1990-04-11,149095.00,2513.57,500.00,726.91
1990-04-12,149845.42,2513.87,502.00,880.34
1990-04-13,150748.00,2514.23,502.00,957.05
1990-04-14,151904.94,2514.69,652.00,1235.29
1990-04-15,152565.00,2514.95,1086.00,1418.78
1990-04-16,152890.00,2515.08,1414.00,1577.85
1990-04-17,152690.00,2515.00,1522.00,1421.17
1990-04-18,151804.69,2514.65,1522.00,1075.65
1990-04-19,150594.81,2514.17,1518.00,908.02
1990-04-20,149745.19,2513.83,1236.00,807.65
1990-04-21,149470.00,2513.72,1012.00,873.26
1990-04-22,149244.58,2513.63,1012.00,898.35
1990-04-23,149244.58,2513.63,948.00,948.00
1990-04-24,149394.94,2513.69,864.00,939.81
1990-04-25,149420.00,2513.70,861.00,873.64
1990-04-26,149120.00,2513.58,861.00,709.75
1990-04-27,148795.00,2513.45,858.00,694.15
1990-04-28,148094.81,2513.17,855.00,501.99
1990-04-29,147245.19,2512.83,852.00,423.65
1990-04-30,147074.00,2512.76,412.00,325.69
1990-05-01,147670.00,2513.00,155.00,455.48
1990-05-02,148545.31,2513.35,154.00,595.30
1990-05-03,149670.00,2513.80,152.00,719.03
1990-05-04,151080.36,2514.36,154.00,865.06
1990-05-05,153121.81,2515.17,152.00,1181.23
1990-05-06,154892.44,2515.87,318.00,1210.69
1990-05-07,155505.06,2516.11,472.00,780.87
1990-05-08,155730.00,2516.20,472.00,585.41
1990-05-09,155855.00,2516.25,472.00,535.02
1990-05-10,156058.19,2516.33,472.00,574.44
1990-05-11,156266.00,2516.41,472.00,576.77
1990-05-12,156422.00,2516.47,472.00,550.65
1990-05-13,156625.00,2516.55,472.00,574.35
1990-05-14,156725.00,2516.59,475.00,525.42
1990-05-15,156725.00,2516.59,475.00,475.00
1990-05-16,156725.00,2516.59,475.00,475.00
1990-05-17,156725.00,2516.59,475.00,475.00
1990-05-18,156775.06,2516.61,475.00,500.24
1990-05-19,156750.00,2516.60,475.00,462.36
1990-05-20,156849.64,2516.64,478.00,528.24
1990-05-21,156874.69,2516.65,478.00,490.63
1990-05-22,157156.00,2516.76,478.00,619.83
1990-05-23,157312.13,2516.82,478.00,556.71
1990-05-24,157312.13,2516.82,475.00,475.00
1990-05-25,157260.00,2516.80,478.00,451.72
1990-05-26,157078.00,2516.73,478.00,386.24
1990-05-27,157052.00,2516.72,478.00,464.89
1990-05-28,157338.19,2516.83,478.00,622.29
1990-05-29,157952.00,2517.07,297.00,606.46
1990-05-30,158488.00,2517.28,296.00,566.23
1990-05-31,159413.63,2517.64,657.00,1123.67
1990-06-01,159518.00,2517.66,788.00,840.62
1990-06-02,159185.00,2517.55,764.00,596.11
1990-06-03,159439.00,2517.65,881.00,1009.06
1990-06-04,159414.00,2517.64,988.00,975.40
1990-06-05,158956.00,2517.46,888.00,657.09
1990-06-06,158930.00,2517.45,855.00,841.89
1990-06-07,159210.00,2517.56,980.00,1121.17
1990-06-08,159160.00,2517.54,999.00,973.79
1990-06-09,159008.00,2517.48,955.00,878.37
1990-06-10,158930.00,2517.45,925.00,885.67
1990-06-11,158773.94,2517.39,919.00,840.32
1990-06-12,158332.00,2517.22,1106.00,883.19
1990-06-13,157796.00,2517.01,1078.00,807.77
1990-06-14,157390.31,2516.85,897.00,692.47
1990-06-15,157312.13,2516.82,711.00,671.58
1990-06-16,157493.94,2516.89,568.00,659.66
1990-06-17,157796.00,2517.01,405.00,557.29
1990-06-18,158055.06,2517.11,439.00,569.61
1990-06-19,158080.13,2517.12,534.00,546.64
1990-06-20,158055.06,2517.11,574.00,561.36
1990-06-21,157978.00,2517.08,597.00,558.15
1990-06-22,158055.06,2517.11,609.00,647.85
1990-06-23,158080.00,2517.12,614.00,626.57
1990-06-24,157900.00,2517.05,586.00,495.25
1990-06-25,157770.00,2517.00,470.00,404.46
1990-06-26,157822.00,2517.02,402.00,428.22
1990-06-27,157770.00,2517.00,424.00,397.78
1990-06-28,157338.19,2516.83,622.00,404.29
1990-06-29,156600.00,2516.54,688.00,315.83
1990-06-30,155855.00,2516.25,688.00,312.40
1990-07-01,154917.88,2515.88,711.00,238.53
1990-07-02,154085.00,2515.55,735.00,315.09
1990-07-03,153069.69,2515.15,735.00,223.11
1990-07-04,152034.00,2514.74,732.00,209.84
1990-07-05,151105.42,2514.37,732.00,263.84
1990-07-06,150170.00,2514.00,729.00,257.39
1990-07-07,149195.06,2513.61,726.00,234.47
1990-07-08,148144.94,2513.19,750.00,220.56
1990-07-09,147002.00,2512.73,780.00,203.77
1990-07-10,145810.00,2512.25,801.00,200.03
1990-07-11,144675.00,2511.79,819.00,246.77
1990-07-12,143270.00,2511.22,843.00,134.65
1990-07-13,141830.00,2510.63,840.00,114.00
1990-07-14,140440.00,2510.06,837.00,136.21
1990-07-15,139200.00,2509.50,834.00,208.83
1990-07-16,137630.00,2508.90,858.00,66.46
1990-07-17,136120.00,2508.27,876.00,114.71
1990-07-18,134640.00,2507.65,873.00,126.83
1990-07-19,133080.00,2506.99,885.00,98.50
1990-07-20,131430.00,2506.29,912.00,80.12
1990-07-21,129800.00,2505.59,906.00,84.21
1990-07-22,128170.00,2504.89,903.00,81.21
1990-07-23,126550.00,2504.19,900.00,83.25
1990-07-24,124830.00,2503.44,924.00,56.83
1990-07-25,123070.00,2502.67,942.00,54.67
1990-07-26,121330.00,2501.90,936.00,58.75
1990-07-27,119600.00,2501.13,930.00,57.79
1990-07-28,117890.00,2500.36,927.00,64.87
1990-07-29,116190.00,2499.59,921.00,63.92
1990-07-30,114500.00,2498.82,912.00,59.96
1990-07-31,112820.00,2498.05,909.00,62.00
1990-08-01,111100.00,2497.25,903.00,35.83
1990-08-02,109350.00,2496.43,897.00,14.71
1990-08-03,107610.00,2495.61,894.00,16.75
1990-08-04,105880.00,2494.79,888.00,15.79
1990-08-05,104170.00,2493.97,915.00,52.87
1990-08-06,102370.00,2493.10,927.00,19.50
1990-08-07,100620.00,2492.25,921.00,38.71
1990-08-08,98900.00,2491.40,918.00,50.83
1990-08-09,97130.00,2490.52,957.00,64.62
1990-08-10,95200.00,2489.55,995.00,21.96
1990-08-11,93290.00,2488.58,988.00,25.04
1990-08-12,91340.00,2487.58,1023.00,39.87
1990-08-13,89260.00,2486.50,1076.00,27.33
1990-08-14,87130.00,2485.37,1100.00,26.12
1990-08-15,84970.00,2484.22,1114.00,25.00
1990-08-16,82830.00,2483.06,1104.00,25.08
1990-08-17,80740.00,2481.91,1093.00,39.29
1990-08-18,78650.00,2480.74,1079.00,25.29
1990-08-19,76660.00,2479.61,1065.00,61.71
1990-08-20,74780.00,2478.53,1026.00,78.17
1990-08-21,73430.00,2477.75,822.00,141.37
1990-08-22,72270.00,2477.07,693.00,108.17
1990-08-23,70950.00,2476.29,735.00,69.50
1990-08-24,69560.00,2475.46,756.00,55.21
1990-08-25,68110.00,2474.59,747.00,15.96
1990-08-26,66810.00,2473.80,741.00,85.58
1990-08-27,65490.00,2472.99,735.00,69.50
1990-08-28,64240.00,2472.21,726.00,95.79
1990-08-29,62990.00,2471.43,720.00,89.79
1990-08-30,61760.00,2470.65,714.00,93.87
1990-08-31,60550.00,2469.88,705.00,94.96
1990-09-01,59310.00,2469.08,699.00,73.83
1990-09-02,58100.00,2468.29,688.00,77.96
1990-09-03,56890.00,2467.49,682.00,71.96
1990-09-04,55910.00,2466.84,565.00,70.92
1990-09-05,55540.00,2466.59,358.00,171.46
1990-09-06,55400.00,2466.50,159.00,88.42
1990-09-07,55260.00,2466.40,92.00,21.42
1990-09-08,55120.00,2466.31,92.00,21.42
1990-09-09,54970.00,2466.21,92.00,16.37
1990-09-10,54880.00,2466.15,91.00,45.62
1990-09-11,54820.00,2466.11,91.00,60.75
1990-09-12,54750.00,2466.06,91.00,55.71
1990-09-13,54690.00,2466.02,91.00,60.75
1990-09-14,54620.00,2465.97,90.00,54.71
1990-09-15,54560.00,2465.93,90.00,59.75
1990-09-16,54510.00,2465.90,90.00,64.79
1990-09-17,54450.00,2465.86,90.00,59.75
1990-09-18,54380.00,2465.81,90.00,54.71
1990-09-19,54420.15,2465.84,74.00,94.24
1990-09-20,54318.00,2465.77,59.00,7.50
1990-09-21,54304.00,2465.76,59.00,51.94
1990-09-22,54276.00,2465.74,59.00,44.88
1990-09-23,54262.00,2465.73,59.00,51.94
1990-09-24,54248.00,2465.72,59.00,51.94
1990-09-25,54204.96,2465.69,59.00,37.30
1990-09-26,54189.93,2465.68,59.00,51.42
1990-09-27,54159.85,2465.66,59.00,43.84
1990-09-28,54129.78,2465.64,59.00,43.84
1990-09-29,54070.00,2465.60,59.00,28.86
1990-09-30,54055.00,2465.59,59.00,51.44
1990-10-01,53995.00,2465.55,59.00,29.00
1990-10-02,54010.00,2465.56,59.00,66.56
1990-10-03,54585.00,2465.95,60.00,349.90
1990-10-04,55140.07,2466.32,60.00,339.85
1990-10-05,55730.00,2466.72,60.00,357.42
1990-10-06,55969.93,2466.88,61.00,181.96
1990-10-07,56135.00,2466.99,62.00,145.22
1990-10-08,56270.00,2467.08,62.00,130.06
1990-10-09,56450.00,2467.20,62.00,152.75
1990-10-10,56615.04,2467.31,62.00,145.21
1990-10-11,56719.93,2467.38,62.00,114.88
1990-10-12,57240.00,2467.72,55.00,317.20
1990-10-13,57873.77,2468.14,46.00,365.52
1990-10-14,58610.07,2468.62,46.00,417.22
1990-10-15,60167.73,2469.63,47.00,832.32
1990-10-16,61616.00,2470.56,48.00,778.17
1990-10-17,62533.77,2471.14,48.00,510.71
1990-10-18,63452.00,2471.72,49.00,511.94
1990-10-19,64853.00,2472.59,49.00,755.34
1990-10-20,65654.00,2473.09,49.00,452.84
1990-10-21,68603.96,2474.89,51.00,1538.27
1990-10-22,70392.00,2475.96,51.00,952.47
1990-10-23,71419.00,2476.57,51.00,568.78
1990-10-24,71929.29,2477.02,51.00,308.27
1990-10-25,72966.00,2477.48,52.00,574.68
1990-10-26,73775.00,2477.95,52.00,459.87
1990-10-27,74499.29,2478.37,53.00,418.16
1990-10-28,75070.00,2478.70,53.00,340.73
1990-10-29,76048.00,2479.26,54.00,547.08
1990-10-30,76973.00,2479.79,54.00,520.35
1990-10-31,77762.00,2480.24,54.00,451.79
1990-11-01,78364.00,2480.58,55.00,358.51
1990-11-02,78895.91,2480.88,35.00,303.17
1990-11-03,79847.00,2481.41,56.00,535.51
1990-11-04,81468.05,2482.31,57.00,874.28
1990-11-05,82720.00,2483.00,40.00,671.19
1990-11-06,83586.00,2483.47,44.00,480.61
1990-11-07,84506.00,2483.97,34.00,497.83
1990-11-08,85755.72,2484.64,59.00,689.07
1990-11-09,95020.00,2489.46,63.00,4733.74
1990-11-10,98658.00,2491.28,66.00,1900.16
1990-11-11,104880.00,2494.31,66.00,3202.93
1990-11-12,106383.00,2495.03,65.00,822.76
1990-11-13,108881.00,2496.21,14.00,1273.41
1990-11-14,110620.00,2497.03,2.00,878.75
1990-11-15,111871.05,2497.61,2.00,632.74
1990-11-16,112842.00,2498.06,2.00,491.52
1990-11-17,114151.78,2498.66,2.00,662.35
1990-11-18,115000.00,2499.05,2.00,429.64
1990-11-19,115770.00,2499.40,2.00,390.21
1990-11-20,116496.00,2499.73,2.00,368.03
1990-11-21,117440.00,2500.16,2.00,477.93
1990-11-22,123280.00,2502.76,4.00,2948.33
1990-11-23,131147.83,2506.17,4.00,3970.70
1990-11-24,149440.00,2513.71,12.00,9234.31
1990-11-25,155629.75,2516.16,7.00,3127.67
1990-11-26,158229.88,2517.18,82.00,1392.90
1990-11-27,159310.00,2517.60,460.00,1004.56
1990-11-28,159465.75,2517.66,533.00,611.52
1990-11-29,158826.00,2517.41,559.00,236.46
1990-11-30,157645.00,2516.95,988.00,392.58
1990-12-01,156344.00,2516.44,1198.00,542.08
1990-12-02,154284.58,2515.63,1490.00,451.71
1990-12-03,151730.13,2514.62,1478.00,190.13
1990-12-04,149869.88,2513.88,1470.00,532.12
1990-12-05,147620.00,2512.98,1462.00,327.69
1990-12-06,145140.00,2511.98,1450.00,199.67
1990-12-07,142610.00,2510.95,1438.00,162.46
1990-12-08,140338.00,2509.99,1430.00,284.53
1990-12-09,138181.59,2509.13,1422.00,334.81
1990-12-10,136140.00,2508.28,1414.00,384.70
1990-12-11,134050.00,2507.40,1406.00,352.29
1990-12-12,131968.00,2506.52,1394.00,344.32
1990-12-13,129652.00,2505.53,1446.00,278.35
1990-12-14,127145.00,2504.45,1494.00,230.05
1990-12-15,124671.39,2503.37,1482.00,234.89
1990-12-16,122207.00,2502.29,1470.00,227.54
1990-12-17,120606.00,2501.58,1462.00,654.83
1990-12-18,119310.00,2501.00,1458.00,804.60
1990-12-19,117569.00,2500.23,1097.00,219.25
1990-12-20,116385.89,2499.68,837.00,240.52
1990-12-21,115219.73,2499.15,834.00,246.06
1990-12-22,113998.00,2498.59,831.00,215.04
1990-12-23,112732.00,2498.01,831.00,192.72
1990-12-24,111552.00,2497.46,825.00,230.08
1990-12-25,110476.00,2496.96,825.00,282.52
1990-12-26,109091.05,2496.31,816.00,117.76
1990-12-27,108705.63,2496.13,350.00,155.68
1990-12-28,108771.78,2496.16,151.00,184.35
1990-12-29,108771.78,2496.16,150.00,150.00
1990-12-30,108793.84,2496.17,150.00,161.12
1990-12-31,109154.20,2496.34,150.00,331.69
1991-01-01,109237.90,2496.38,150.00,192.20
1991-01-02,109237.90,2496.38,150.00,150.00
1991-01-03,109237.90,2496.38,150.00,150.00
1991-01-04,109237.90,2496.38,150.00,150.00
1991-01-05,109237.90,2496.38,150.00,150.00
1991-01-06,109196.30,2496.36,150.00,129.03
1991-01-07,109368.00,2496.44,150.00,236.56
1991-01-08,109500.00,2496.50,150.00,216.55
1991-01-09,109521.00,2496.51,150.00,160.59
1991-01-10,109626.00,2496.56,150.00,202.94
1991-01-11,109668.00,2496.58,150.00,171.18
1991-01-12,110518.00,2496.98,151.00,579.54
1991-01-13,112580.00,2497.94,153.00,1192.59
1991-01-14,115550.00,2499.30,154.00,1651.38
1991-01-15,117930.00,2500.38,155.00,1354.92
1991-01-16,119134.00,2500.92,155.00,762.02
1991-01-17,119958.00,2501.29,156.00,571.43
1991-01-18,120673.05,2501.61,156.00,516.51
1991-01-19,121215.28,2501.85,156.00,429.37
1991-01-20,121440.00,2501.95,156.00,269.30
1991-01-21,121977.95,2502.19,156.00,427.21
1991-01-22,121933.84,2502.17,308.00,285.76
1991-01-23,121484.00,2501.97,468.00,241.21
1991-01-24,120990.00,2501.75,468.00,218.94
1991-01-25,120518.00,2501.54,468.00,230.03
1991-01-26,119936.00,2501.28,468.00,174.57
1991-01-27,119354.00,2501.02,465.00,171.57
1991-01-28,118755.00,2500.75,465.00,163.00
1991-01-29,118354.00,2500.57,463.00,260.83
1991-01-30,117485.89,2500.18,463.00,25.33
1991-01-31,117020.00,2499.97,463.00,228.11
1991-02-01,116496.00,2499.73,460.00,195.82
1991-02-02,116166.00,2499.58,460.00,293.62
1991-02-03,116078.00,2499.54,460.00,415.63
1991-02-04,116518.00,2499.74,460.00,681.83
1991-02-05,117569.00,2500.23,463.00,992.88
1991-02-06,118046.00,2500.43,465.00,705.49
1991-02-07,118068.00,2500.44,465.00,476.09
1991-02-08,117980.00,2500.40,465.00,420.63
1991-02-09,117730.00,2500.29,465.00,338.96
1991-02-10,117485.89,2500.18,463.00,339.93
1991-02-11,117244.00,2500.07,463.00,341.05
1991-02-12,117419.73,2500.15,465.00,553.60
1991-02-13,117556.00,2500.22,465.00,533.70
1991-02-14,118046.00,2500.43,465.00,712.04
1991-02-15,118595.89,2500.68,465.00,742.24
1991-02-16,118936.16,2500.83,468.00,639.55
1991-02-17,119376.00,2501.03,468.00,689.75
1991-02-18,119621.66,2501.14,468.00,591.86
1991-02-19,125121.00,2503.57,478.00,3250.58
1991-02-20,128769.70,2505.15,257.00,2096.56
1991-02-21,130495.94,2505.89,138.00,1008.31
1991-02-22,131575.28,2506.35,138.00,682.17
1991-02-23,132351.88,2506.68,138.00,529.53
1991-02-24,132956.00,2506.94,137.00,441.58
1991-02-25,133431.66,2507.14,137.00,376.81
1991-02-26,133906.23,2507.34,137.00,376.27
1991-02-27,134328.00,2507.52,137.00,349.64
1991-02-28,134735.94,2507.69,137.00,342.67
1991-03-01,135183.89,2507.88,136.00,361.84
1991-03-02,135758.13,2508.12,136.00,425.51
1991-03-03,136334.36,2508.36,136.00,426.52
1991-03-04,136862.00,2508.58,136.00,402.02
1991-03-05,137270.00,2508.75,136.00,341.70
1991-03-06,137605.94,2508.89,135.00,304.37
1991-03-07,137822.00,2508.98,135.00,243.93
1991-03-08,138014.00,2509.06,135.00,231.80
1991-03-09,138181.59,2509.13,135.00,219.50
1991-03-10,138375.00,2509.21,135.00,232.51
1991-03-11,138600.00,2509.30,134.00,247.44
1991-03-12,138768.41,2509.37,135.00,219.90
1991-03-13,138815.94,2509.39,135.00,158.96
1991-03-14,138815.94,2509.39,135.00,135.00
1991-03-15,138864.00,2509.41,135.00,159.23
1991-03-16,138888.00,2509.42,135.00,147.10
1991-03-17,138912.00,2509.43,134.00,146.10
1991-03-18,139008.00,2509.47,134.00,182.40
1991-03-19,139032.00,2509.48,134.00,146.10
1991-03-20,139080.00,2509.50,134.00,158.20
1991-03-21,139152.00,2509.53,134.00,170.30
1991-03-22,139176.00,2509.54,133.00,145.10
1991-03-23,139224.00,2509.56,133.00,157.20
1991-03-24,139320.00,2509.60,133.00,181.40
1991-03-25,139391.59,2509.63,133.00,169.10
1991-03-26,139415.64,2509.64,133.00,145.12
1991-03-27,139415.64,2509.64,132.00,132.00
1991-03-28,139487.83,2509.67,132.00,168.39
1991-03-29,139487.83,2509.67,132.00,132.00
1991-03-30,139511.88,2509.68,132.00,144.12
1991-03-31,139660.00,2509.74,132.00,206.68
1991-04-01,140001.88,2509.88,132.00,304.36
1991-04-02,140458.00,2510.07,131.00,360.96
1991-04-03,141219.88,2510.38,131.00,515.11
1991-04-04,143300.00,2511.23,131.00,1179.73
1991-04-05,146804.69,2512.65,131.00,1897.95
1991-04-06,148320.00,2513.26,131.00,894.97
1991-04-07,149294.69,2513.65,131.00,622.41
1991-04-08,149920.00,2513.90,130.00,445.26
1991-04-09,150696.00,2514.21,130.00,521.23
1991-04-10,150722.00,2514.22,330.00,343.11
1991-04-11,149894.94,2513.89,640.00,223.02
1991-04-12,148820.00,2513.46,789.00,247.05
1991-04-13,147770.00,2513.04,790.00,260.62
1991-04-14,146954.00,2512.71,787.00,375.60
1991-04-15,145955.06,2512.31,788.00,284.37
1991-04-16,145140.00,2511.98,786.00,375.07
1991-04-17,144425.94,2511.69,784.00,423.99
1991-04-18,143735.00,2511.41,784.00,435.65
1991-04-19,143220.00,2511.20,782.00,522.35
1991-04-20,142930.00,2511.08,783.00,636.79
1991-04-21,142930.00,2511.08,783.00,783.00
1991-04-22,143220.00,2511.20,784.00,930.21
1991-04-23,143345.00,2511.25,785.00,848.02
1991-04-24,143345.00,2511.25,786.00,786.00
1991-04-25,142955.00,2511.09,786.00,589.37
1991-04-26,142365.31,2510.85,787.00,489.70
1991-04-27,141630.00,2510.55,785.00,414.28
1991-04-28,140948.00,2510.27,785.00,441.16
1991-04-29,140100.00,2509.92,783.00,355.47
1991-04-30,139270.00,2509.58,781.00,362.54
1991-05-01,138575.00,2509.29,782.00,431.60
1991-05-02,138062.00,2509.08,779.00,520.36
1991-05-03,137630.00,2508.90,780.00,562.20
1991-05-04,137366.00,2508.79,778.00,644.90
1991-05-05,137198.00,2508.72,778.00,693.30
1991-05-06,137125.94,2508.69,710.00,673.67
1991-05-07,137438.13,2508.82,622.00,779.39
1991-05-08,137918.00,2509.02,623.00,864.94
1991-05-09,138014.00,2509.06,624.00,672.40
1991-05-10,137846.00,2508.99,624.00,539.30
1991-05-11,137702.00,2508.93,625.00,552.40
1991-05-12,137798.00,2508.97,560.00,608.40
1991-05-13,138062.00,2509.08,513.00,646.10
1991-05-14,138277.83,2509.17,514.00,622.81
1991-05-15,138350.00,2509.20,475.00,511.39
1991-05-16,139344.06,2509.61,300.00,801.17
1991-05-17,140170.00,2509.95,301.00,717.41
1991-05-18,141095.19,2510.33,301.00,767.45
1991-05-19,141899.75,2510.66,304.00,709.63
1991-05-20,142880.00,2511.06,250.00,744.21
1991-05-21,144060.00,2511.54,203.00,797.92
1991-05-22,145340.00,2512.06,204.00,849.33
1991-05-23,146505.00,2512.53,160.00,747.35
1991-05-24,147670.00,2513.00,140.00,727.35
1991-05-25,148795.00,2513.45,139.00,706.19
1991-05-26,149695.06,2513.81,138.00,591.78
1991-05-27,150420.00,2514.10,138.00,503.49
1991-05-28,151154.94,2514.39,138.00,508.53
1991-05-29,151982.00,2514.72,137.00,553.98
1991-05-30,152740.00,2515.02,137.00,519.16
1991-05-31,153325.00,2515.25,181.00,475.94
1991-06-01,153934.00,2515.49,232.00,539.04
1991-06-02,154610.00,2515.76,231.00,571.82
1991-06-03,155045.00,2515.93,288.00,507.31
1991-06-04,155170.00,2515.98,336.00,399.02
1991-06-05,155195.00,2515.99,335.00,347.60
1991-06-06,155272.00,2516.02,334.00,372.82
1991-06-07,155579.64,2516.14,333.00,488.10
1991-06-08,155855.00,2516.25,331.00,469.83
1991-06-09,156110.31,2516.35,332.00,460.72
1991-06-10,156550.00,2516.52,331.00,552.68
1991-06-11,157156.00,2516.76,330.00,635.53
1991-06-12,157545.00,2516.91,328.00,524.12
1991-06-13,157822.00,2517.02,334.00,473.65
1991-06-14,157926.00,2517.06,347.00,399.43
1991-06-15,157926.00,2517.06,348.00,348.00
1991-06-16,158004.00,2517.09,356.00,395.33
1991-06-17,158004.00,2517.09,355.00,355.00
1991-06-18,158030.00,2517.10,357.00,370.11
1991-06-19,158129.64,2517.14,378.00,428.24
1991-06-20,158332.00,2517.22,460.00,562.02
1991-06-21,158229.88,2517.18,489.00,437.51
1991-06-22,158055.06,2517.11,450.00,361.87
1991-06-23,157978.00,2517.08,422.00,383.15
1991-06-24,157848.00,2517.03,403.00,337.46
1991-06-25,157695.00,2516.97,392.00,314.86
1991-06-26,157545.00,2516.91,391.00,315.37
1991-06-27,157416.38,2516.86,390.00,325.15
1991-06-28,157338.19,2516.83,386.00,346.58
1991-06-29,157338.19,2516.83,387.00,387.00
1991-06-30,157130.00,2516.75,414.00,309.04
1991-07-01,156949.88,2516.68,431.00,340.19
1991-07-02,156550.00,2516.52,537.00,335.40
1991-07-03,156266.00,2516.41,573.00,429.82
1991-07-04,155805.00,2516.23,571.00,338.58
1991-07-05,155120.00,2515.96,607.00,261.65
1991-07-06,154135.00,2515.57,680.00,183.40
1991-07-07,153121.81,2515.17,679.00,168.18
1991-07-08,152060.00,2514.75,702.00,166.67
1991-07-09,150930.00,2514.30,751.00,181.29
1991-07-10,149570.00,2513.76,800.00,114.33
1991-07-11,148069.75,2513.16,873.00,116.62
1991-07-12,146555.00,2512.55,899.00,135.31
1991-07-13,144965.00,2511.91,901.00,99.37
1991-07-14,143345.00,2511.25,904.00,87.25
1991-07-15,141702.00,2510.58,906.00,77.65
1991-07-16,140020.00,2509.89,908.00,59.99
1991-07-17,138325.94,2509.19,907.00,52.91
1991-07-18,136622.00,2508.48,909.00,49.93
1991-07-19,134952.00,2507.78,909.00,67.04
1991-07-20,133292.00,2507.08,911.00,74.08
1991-07-21,131643.89,2506.38,910.00,79.08
1991-07-22,129980.83,2505.67,912.00,73.54
1991-07-23,128374.00,2504.98,915.00,104.89
1991-07-24,126777.00,2504.29,914.00,108.85
1991-07-25,125167.00,2503.59,916.00,104.29
1991-07-26,123524.38,2502.87,918.00,89.84
1991-07-27,121867.68,2502.14,917.00,81.75
1991-07-28,120210.00,2501.40,917.00,81.25
1991-07-29,118507.68,2500.64,949.00,90.75
1991-07-30,116760.00,2499.85,971.00,89.88
1991-07-31,114978.00,2499.04,964.00,65.57
1991-08-01,113234.00,2498.24,957.00,77.73
1991-08-02,111486.00,2497.43,954.00,72.72
1991-08-03,109772.64,2496.63,948.00,84.18
1991-08-04,108030.00,2495.81,945.00,66.42
1991-08-05,106299.00,2494.99,936.00,63.29
1991-08-06,104710.00,2494.23,933.00,131.88
1991-08-07,103137.00,2493.47,927.00,133.95
1991-08-08,101460.00,2492.66,924.00,78.51
1991-08-09,99770.00,2491.83,915.00,62.96
1991-08-10,98010.00,2490.96,939.00,51.67
1991-08-11,96230.00,2490.07,957.00,59.58
1991-08-12,94449.85,2489.17,951.00,53.51
1991-08-13,92683.00,2488.27,945.00,54.21
1991-08-14,90940.34,2487.37,936.00,57.41
1991-08-15,89203.00,2486.47,930.00,54.09
1991-08-16,87520.00,2485.58,927.00,78.49
1991-08-17,85830.00,2484.68,915.00,62.96
1991-08-18,84140.00,2483.77,909.00,56.96
1991-08-19,82396.09,2482.82,933.00,53.78
1991-08-20,80558.05,2481.81,985.00,58.32
1991-08-21,78580.00,2480.70,1051.00,53.73
1991-08-22,76496.00,2479.52,1093.00,42.32
1991-08-23,74363.00,2478.29,1128.00,52.61
1991-08-24,72133.00,2476.99,1163.00,38.71
1991-08-25,69940.00,2475.69,1145.00,39.36
1991-08-26,67623.00,2474.29,1244.00,75.85
1991-08-27,64540.00,2472.40,1626.00,71.65
1991-08-28,61648.00,2470.58,1586.00,127.95
1991-08-29,58745.00,2468.71,1542.00,78.40
1991-08-30,55969.93,2466.88,1498.00,98.90
1991-08-31,53285.00,2465.07,1454.00,100.35
1991-09-01,50658.00,2463.27,1406.00,81.55
1991-09-02,48092.00,2461.48,1358.00,64.31
1991-09-03,45584.00,2459.71,1314.00,49.55
1991-09-04,43796.00,2458.44,945.00,43.55
1991-09-05,43278.00,2458.07,306.00,44.84
1991-09-06,43236.00,2458.04,90.00,68.82
1991-09-07,43152.00,2457.98,95.00,52.65
1991-09-08,43040.00,2457.90,99.00,42.53
1991-09-09,42956.14,2457.84,99.00,56.72
1991-09-10,41678.00,2456.92,683.00,38.61
1991-09-11,41594.21,2456.86,98.00,55.75
1991-09-12,41594.21,2456.86,97.00,97.00
1991-09-13,41432.00,2456.74,96.00,14.22
1991-09-14,41351.93,2456.68,96.00,55.63
1991-09-15,41240.00,2456.60,96.00,39.57
1991-09-16,41156.00,2456.54,96.00,53.65
1991-09-17,41044.00,2456.46,96.00,39.53
1991-09-18,40960.00,2456.40,95.00,52.65
1991-09-19,40848.07,2456.32,95.00,38.57
1991-09-20,40729.00,2456.23,95.00,34.97
1991-09-21,40633.86,2456.16,95.00,47.04
1991-09-22,40522.00,2456.08,95.00,38.60
1991-09-23,40424.00,2456.01,95.00,45.59
1991-09-24,40326.00,2455.94,95.00,45.59
1991-09-25,40231.22,2455.87,95.00,47.22
1991-09-26,40140.00,2455.80,98.00,52.01
1991-09-27,40042.00,2455.73,100.00,50.59
1991-09-28,39915.79,2455.64,100.00,36.37
1991-09-29,39818.00,2455.57,99.00,49.70
1991-09-30,39710.00,2455.48,98.00,43.55
1991-10-01,39590.00,2455.40,97.00,37.00
1991-10-02,39464.04,2455.31,97.00,33.49
1991-10-03,39333.00,2455.21,96.00,29.94
1991-10-04,39235.79,2455.14,96.00,46.99
1991-10-05,39124.00,2455.06,96.00,39.64
1991-10-06,39040.00,2455.00,96.00,53.65
1991-10-07,38914.00,2454.91,95.00,31.47
1991-10-08,38809.09,2454.83,95.00,42.11
1991-10-09,38700.00,2454.75,95.00,40.00
1991-10-10,38587.90,2454.67,95.00,38.48
1991-10-11,38464.00,2454.58,95.00,32.53
1991-10-12,38360.00,2454.50,94.00,41.57
1991-10-13,38262.00,2454.43,94.00,44.59
1991-10-14,38150.17,2454.35,94.00,37.62
1991-10-15,38038.00,2454.27,94.00,37.45
1991-10-16,37982.00,2454.23,94.00,65.77
1991-10-17,37887.87,2454.16,94.00,46.54
1991-10-18,37754.00,2454.06,94.00,26.51
1991-10-19,37656.00,2453.99,94.00,44.59
1991-10-20,37558.00,2453.92,89.00,39.59
1991-10-21,37600.00,2453.95,72.00,93.17
1991-10-22,37544.00,2453.91,72.00,43.77
1991-10-23,37491.22,2453.87,72.00,45.39
1991-10-24,37586.00,2453.94,72.00,119.78
1991-10-25,37544.00,2453.91,72.00,50.82
1991-10-26,37516.97,2453.89,72.00,58.37
1991-10-27,37478.19,2453.86,72.00,52.45
1991-10-28,37452.13,2453.84,72.00,58.86
1991-10-29,37372.00,2453.78,72.00,31.60
1991-10-30,37288.00,2453.72,72.00,29.65
1991-10-31,37358.00,2453.77,72.00,107.29
1991-11-01,37288.00,2453.72,72.00,36.71
1991-11-02,37220.91,2453.67,72.00,38.17
1991-11-03,37181.81,2453.64,72.00,52.29
1991-11-04,37274.00,2453.71,72.00,118.48
1991-11-05,37982.00,2454.23,73.00,429.95
1991-11-06,38332.00,2454.48,74.00,250.46
1991-11-07,38504.04,2454.61,74.00,160.73
1991-11-08,38783.03,2454.81,74.00,214.66
1991-11-09,39082.00,2455.03,74.00,224.73
1991-11-10,39320.00,2455.20,74.00,193.99
1991-11-11,40042.00,2455.73,75.00,439.01
1991-11-12,41874.00,2457.06,77.00,1000.63
1991-11-13,43096.00,2457.94,78.00,694.09
1991-11-14,43768.00,2458.42,79.00,417.80
1991-11-15,44188.00,2458.72,79.00,290.75
1991-11-16,44636.00,2459.04,80.00,305.87
1991-11-17,45070.17,2459.35,80.00,298.90
1991-11-18,45541.93,2459.68,81.00,318.84
1991-11-19,46520.00,2460.37,82.00,575.11
1991-11-20,48298.07,2461.62,84.00,980.44
1991-11-21,49186.00,2462.24,84.00,531.66
1991-11-22,49728.07,2462.62,85.00,358.29
1991-11-23,50172.00,2462.93,85.00,308.81
1991-11-24,50715.04,2463.31,85.00,358.78
1991-11-25,52711.93,2464.68,89.00,1095.77
1991-11-26,53995.00,2465.55,89.00,735.88
1991-11-27,54780.00,2466.08,89.00,484.77
1991-11-28,55639.85,2466.66,89.00,522.51
1991-11-29,56285.00,2467.09,90.00,415.26
1991-11-30,56750.00,2467.40,90.00,324.44
1991-12-01,57615.00,2467.97,90.00,526.10
1991-12-02,58595.04,2468.61,91.00,585.10
1991-12-03,59340.00,2469.10,91.00,466.59
1991-12-04,60136.04,2469.61,92.00,493.34
1991-12-05,63116.00,2471.51,94.00,1596.40
1991-12-06,66127.92,2473.38,97.00,1615.51
1991-12-07,67720.20,2474.35,98.00,900.77
1991-12-08,69460.00,2475.40,100.00,977.15
1991-12-09,71470.00,2476.60,101.00,1114.38
1991-12-10,72677.04,2477.31,101.00,709.55
1991-12-11,73962.00,2478.06,102.00,749.83
1991-12-12,75778.05,2479.11,103.00,1018.59
1991-12-13,76747.82,2479.66,104.00,592.93
1991-12-14,77394.00,2480.03,104.00,429.78
1991-12-15,77888.05,2480.31,104.00,353.08
1991-12-16,78238.00,2480.51,104.00,280.43
1991-12-17,78507.82,2480.66,104.00,240.03
1991-12-18,78811.13,2480.83,104.00,256.92
1991-12-19,79038.00,2480.96,104.00,218.38
1991-12-20,79218.00,2481.06,104.00,194.75
1991-12-21,79433.91,2481.18,104.00,212.86
1991-12-22,79542.00,2481.24,104.00,158.49
1991-12-23,79632.00,2481.29,104.00,149.38
1991-12-24,79740.22,2481.35,104.00,158.56
1991-12-25,79811.95,2481.39,104.00,140.17
1991-12-26,79860.00,2481.42,104.00,128.22
1991-12-27,79898.00,2481.44,104.00,123.16
1991-12-28,79949.00,2481.47,104.00,129.71
1991-12-29,79983.00,2481.49,104.00,121.14
1991-12-30,80018.00,2481.51,104.00,121.65
1991-12-31,80054.00,2481.53,104.00,122.15
1992-01-01,80090.00,2481.55,104.00,122.15
1992-01-02,80233.70,2481.63,104.00,176.45
1992-01-03,80233.70,2481.63,104.00,104.00
1992-01-04,80287.82,2481.66,104.00,131.29
1992-01-05,80305.87,2481.67,104.00,113.10
1992-01-06,80305.87,2481.67,104.00,104.00
1992-01-07,80305.87,2481.67,104.00,104.00
1992-01-08,80287.82,2481.66,104.00,94.90
1992-01-09,80233.70,2481.63,104.00,76.71
1992-01-10,80323.91,2481.68,104.00,149.49
1992-01-11,80360.00,2481.70,104.00,122.19
1992-01-12,80360.00,2481.70,104.00,104.00
1992-01-13,80323.91,2481.68,104.00,85.81
1992-01-14,80287.82,2481.66,104.00,85.80
1992-01-15,80305.87,2481.67,104.00,113.10
1992-01-16,80558.05,2481.81,104.00,231.14
1992-01-17,80594.13,2481.83,104.00,122.19
1992-01-18,80666.30,2481.87,104.00,140.39
1992-01-19,80683.91,2481.88,104.00,112.88
1992-01-20,80720.00,2481.90,104.00,122.19
1992-01-21,80846.00,2481.97,104.00,167.53
1992-01-22,81008.00,2482.06,104.00,185.68
1992-01-23,82612.00,2482.94,106.00,914.68
1992-01-24,85234.28,2484.36,108.00,1430.07
1992-01-25,86810.00,2485.20,108.00,902.43
1992-01-26,87786.00,2485.72,109.00,601.07
1992-01-27,88918.09,2486.32,109.00,679.76
1992-01-28,91114.00,2487.46,111.00,1218.10
1992-01-29,93235.00,2488.55,112.00,1181.34
1992-01-30,95180.00,2489.54,113.00,1093.60
1992-01-31,97150.00,2490.53,114.00,1107.21
1992-02-01,98532.00,2491.22,114.00,810.76
1992-02-02,99459.90,2491.68,114.00,581.82
1992-02-03,100236.00,2492.06,53.00,444.28
1992-02-04,100951.00,2492.41,1.00,361.48
1992-02-05,101582.00,2492.72,1.00,319.13
1992-02-06,102181.00,2493.01,1.00,303.00
1992-02-07,102717.00,2493.27,1.00,271.23
1992-02-08,103220.00,2493.51,1.00,254.60
1992-02-09,103652.00,2493.72,1.00,218.80
1992-02-10,103920.24,2493.85,55.00,190.24
1992-02-11,104083.00,2493.93,119.00,201.06
1992-02-12,104230.00,2494.00,119.00,193.11
1992-02-13,104440.00,2494.10,119.00,224.88
1992-02-14,104650.00,2494.20,119.00,224.88
1992-02-15,104902.10,2494.32,119.00,246.10
1992-02-16,105048.95,2494.39,119.00,193.03
1992-02-17,105238.00,2494.48,119.00,214.32
1992-02-18,105542.64,2494.63,119.00,272.59
1992-02-19,105880.00,2494.79,119.00,289.09
1992-02-20,106170.00,2494.93,119.00,265.21
1992-02-21,106510.00,2495.09,119.00,290.42
1992-02-22,106830.00,2495.24,120.00,281.33
1992-02-23,107210.00,2495.42,120.00,311.58
1992-02-24,107652.64,2495.63,50.00,273.16
1992-02-25,108325.00,2495.95,1.00,339.98
1992-02-26,109196.30,2496.36,1.00,440.28
1992-02-27,110174.11,2496.82,1.00,493.98
1992-02-28,111053.00,2497.23,1.00,444.11
1992-02-29,111871.05,2497.61,1.00,413.44
1992-03-01,112647.00,2497.97,1.00,392.21
1992-03-02,113382.05,2498.31,1.00,371.59
1992-03-03,114195.89,2498.68,1.00,411.31
1992-03-04,114956.00,2499.03,1.00,384.22
1992-03-05,115770.00,2499.40,1.00,411.39
1992-03-06,116540.00,2499.75,1.00,389.21
1992-03-07,117290.00,2500.09,1.00,379.13
1992-03-08,118000.00,2500.41,1.00,358.96
1992-03-09,118551.78,2500.66,76.00,354.19
1992-03-10,119002.32,2500.86,122.00,349.15
1992-03-11,119464.00,2501.07,122.00,354.76
1992-03-12,119980.00,2501.30,122.00,382.15
1992-03-13,120584.00,2501.57,122.00,426.52
1992-03-14,121374.00,2501.92,122.00,520.29
1992-03-15,122482.00,2502.41,123.00,681.62
1992-03-16,123590.00,2502.90,41.00,599.62
1992-03-17,124693.89,2503.38,1.00,557.55
1992-03-18,125627.00,2503.79,1.00,471.44
1992-03-19,126271.00,2504.07,78.00,402.68
1992-03-20,126777.00,2504.29,124.00,379.11
1992-03-21,126961.39,2504.37,124.00,216.96
1992-03-22,127683.89,2504.68,124.00,488.26
1992-03-23,128121.39,2504.87,124.00,344.57
1992-03-24,128535.00,2505.05,124.00,332.53
1992-03-25,129028.00,2505.26,125.00,373.55
1992-03-26,129534.00,2505.48,125.00,380.11
1992-03-27,130119.00,2505.73,125.00,419.94
1992-03-28,130520.00,2505.90,125.00,327.17
1992-03-29,130911.00,2506.07,125.00,322.13
1992-03-30,131220.00,2506.20,125.00,280.79
1992-03-31,131575.28,2506.35,125.00,304.12
1992-04-01,131992.00,2506.53,125.00,335.10
1992-04-02,132653.06,2506.81,126.00,459.29
1992-04-03,133618.00,2507.22,126.00,612.49
1992-04-04,134352.00,2507.53,126.00,496.06
1992-04-05,134880.00,2507.75,126.00,392.20
1992-04-06,135254.00,2507.91,128.00,316.56
1992-04-07,135566.00,2508.04,128.00,285.30
1992-04-08,135470.00,2508.00,266.00,217.60
1992-04-09,134976.00,2507.79,557.00,307.94
1992-04-10,134280.00,2507.50,560.00,209.10
1992-04-11,133523.89,2507.18,561.00,179.79
1992-04-12,132860.00,2506.90,565.00,230.29
1992-04-13,132184.06,2506.61,566.00,225.21
1992-04-14,131147.83,2506.17,746.00,223.56
1992-04-15,129888.61,2505.63,900.00,265.14
1992-04-16,129212.23,2505.34,846.00,504.99
1992-04-17,130424.35,2505.86,565.00,1176.11
1992-04-18,131944.00,2506.51,232.00,998.16
1992-04-19,132908.00,2506.92,141.00,627.02
1992-04-20,133690.00,2507.25,141.00,535.26
1992-04-21,134001.88,2507.38,276.00,433.24
1992-04-22,133546.94,2507.19,630.00,400.64
1992-04-23,132561.00,2506.77,831.00,333.92
1992-04-24,131460.00,2506.30,831.00,275.91
1992-04-25,130376.23,2505.84,828.00,281.60
1992-04-26,129396.00,2505.42,825.00,330.80
1992-04-27,128721.59,2505.13,825.00,484.98
1992-04-28,128397.00,2504.99,675.00,511.35
1992-04-29,128698.12,2505.12,580.00,731.81
1992-04-30,129235.28,2505.35,505.00,775.82
1992-05-01,129212.23,2505.34,505.00,493.38
1992-05-02,129051.00,2505.27,505.00,423.71
1992-05-03,128890.00,2505.20,505.00,423.83
1992-05-04,128650.00,2505.10,615.00,494.00
1992-05-05,128282.00,2504.94,723.00,537.47
1992-05-06,127776.00,2504.72,795.00,539.89
1992-05-07,127214.00,2504.48,792.00,508.66
1992-05-08,126662.00,2504.24,750.00,471.70
1992-05-09,125995.00,2503.95,720.00,383.72
1992-05-10,125489.00,2503.73,720.00,464.89
1992-05-11,124693.89,2503.38,717.00,316.13
1992-05-12,123797.00,2502.99,714.00,261.82
1992-05-13,122887.00,2502.59,714.00,255.21
1992-05-14,121911.78,2502.16,734.00,242.33
1992-05-15,120880.00,2501.70,752.00,231.81
1992-05-16,119892.00,2501.26,752.00,253.88
1992-05-17,118958.22,2500.84,749.00,278.22
1992-05-18,118046.00,2500.43,746.00,286.09
1992-05-19,117134.00,2500.02,746.00,286.20
1992-05-20,116078.00,2499.54,743.00,210.60
1992-05-21,115000.00,2499.05,740.00,196.51
1992-05-22,113910.00,2498.55,737.00,187.46
1992-05-23,112820.00,2498.05,734.00,184.46
1992-05-24,111808.00,2497.58,731.00,220.78
1992-05-25,110947.90,2497.18,728.00,294.37
1992-05-26,110025.00,2496.75,728.00,262.71
1992-05-27,109028.00,2496.28,725.00,222.35
1992-05-28,108031.05,2495.81,722.00,219.37
1992-05-29,107013.16,2495.33,719.00,205.81
1992-05-30,106026.30,2494.86,719.00,221.46
1992-05-31,105007.36,2494.37,716.00,202.28
1992-06-01,103940.30,2493.86,713.00,175.02
1992-06-02,102864.20,2493.34,710.00,167.47
1992-06-03,101750.00,2492.80,707.00,145.26
1992-06-04,100600.00,2492.24,704.00,124.21
1992-06-05,99459.90,2491.68,698.00,123.20
1992-06-06,98349.66,2491.13,695.00,135.25
1992-06-07,97369.70,2490.64,622.00,127.94
1992-06-08,96530.00,2490.22,557.00,133.65
1992-06-09,95671.00,2489.79,554.00,120.92
1992-06-10,94840.34,2489.37,537.00,118.21
1992-06-11,94072.00,2488.98,499.00,111.63
1992-06-12,93540.00,2488.71,437.00,168.78
1992-06-13,93235.00,2488.55,395.00,241.23
1992-06-14,92780.10,2488.32,393.00,163.66
1992-06-15,92340.00,2488.09,349.00,127.12
1992-06-16,92008.00,2487.92,288.00,120.62
1992-06-17,91732.00,2487.78,262.00,122.85
1992-06-18,91459.70,2487.64,262.00,124.72
1992-06-19,91152.00,2487.48,262.00,106.87
1992-06-20,90860.15,2487.33,260.00,112.86
1992-06-21,90569.90,2487.18,260.00,113.67
1992-06-22,90258.00,2487.02,260.00,102.75
1992-06-23,89954.28,2486.86,260.00,106.88
1992-06-24,89630.95,2486.69,258.00,94.99
1992-06-25,89260.00,2486.50,258.00,70.98
1992-06-26,88899.05,2486.31,258.00,76.02
1992-06-27,88556.67,2486.13,258.00,85.39
1992-06-28,88329.00,2486.01,258.00,143.22
1992-06-29,88063.33,2485.87,243.00,109.06
1992-06-30,87840.00,2485.75,196.00,83.41
1992-07-01,87654.77,2485.65,173.00,79.61
1992-07-02,87522.00,2485.58,136.00,69.06
1992-07-03,87446.00,2485.54,114.00,75.68
1992-07-04,87446.00,2485.54,114.00,114.00
1992-07-05,87408.00,2485.52,114.00,94.84
1992-07-06,87389.00,2485.51,114.00,104.42
1992-07-07,87370.00,2485.50,114.00,104.42
1992-07-08,87332.00,2485.48,114.00,94.84
1992-07-09,87256.00,2485.44,113.00,74.68
1992-07-10,87199.00,2485.41,113.00,84.26
1992-07-11,87141.91,2485.38,113.00,84.22
1992-07-12,87085.23,2485.35,113.00,84.43
1992-07-13,86990.00,2485.30,113.00,64.99
1992-07-14,86882.00,2485.24,113.00,58.55
1992-07-15,86828.00,2485.21,113.00,85.77
1992-07-16,86752.86,2485.17,113.00,75.12
1992-07-17,86676.67,2485.13,113.00,74.59
1992-07-18,86563.00,2485.07,113.00,55.69
1992-07-19,86449.00,2485.01,113.00,55.52
1992-07-20,86335.00,2484.95,113.00,55.52
1992-07-21,86240.00,2484.90,113.00,65.10
1992-07-22,86150.22,2484.85,113.00,67.74
1992-07-23,86041.00,2484.79,113.00,57.94
1992-07-24,85946.00,2484.74,113.00,65.10
1992-07-25,85850.95,2484.69,113.00,65.08
1992-07-26,85850.95,2484.69,113.00,113.00
1992-07-27,85662.00,2484.59,111.00,15.74
1992-07-28,85536.00,2484.52,111.00,47.47
1992-07-29,85443.00,2484.47,111.00,64.11
1992-07-30,85329.00,2484.41,111.00,53.52
1992-07-31,84930.00,2484.20,251.00,49.84
1992-08-01,83784.00,2483.58,671.00,93.22
1992-08-02,82396.09,2482.82,736.00,36.26
1992-08-03,81008.00,2482.06,718.00,18.17
1992-08-04,79864.00,2481.42,626.00,49.23
1992-08-05,78670.00,2480.75,643.00,41.02
1992-08-06,77340.00,2480.00,739.00,68.46
1992-08-07,75921.95,2479.19,817.00,102.07
1992-08-08,74363.00,2478.29,838.00,52.03
1992-08-09,72812.96,2477.39,832.00,50.52
1992-08-10,71300.00,2476.50,808.00,45.22
1992-08-11,69720.00,2475.56,850.00,53.42
1992-08-12,67994.00,2474.52,928.00,57.81
1992-08-13,66127.92,2473.38,1000.00,59.19
1992-08-14,64060.00,2472.10,1101.00,58.42
1992-08-15,61872.00,2470.72,1164.00,60.88
1992-08-16,59483.96,2469.19,1244.00,40.03
1992-08-17,56996.00,2467.56,1319.00,64.65
1992-08-18,54346.00,2465.79,1419.00,82.96
1992-08-19,51549.93,2463.88,1483.00,73.31
1992-08-20,48640.22,2461.86,1559.00,92.02
1992-08-21,45541.93,2459.68,1643.00,80.95
1992-08-22,42402.00,2457.44,1651.00,67.95
1992-08-23,39320.00,2455.20,1623.00,69.16
1992-08-24,36254.00,2452.96,1587.00,41.22
1992-08-25,33317.00,2450.79,1527.00,46.26
1992-08-26,30959.00,2449.03,1220.00,31.17
1992-08-27,29360.00,2447.83,826.00,19.84
1992-08-28,28390.00,2447.10,513.00,23.96
1992-08-29,27650.00,2446.54,392.00,18.92
1992-08-30,26900.00,2445.98,386.00,7.87
1992-08-31,26150.00,2445.41,380.00,1.87
1992-09-01,25370.00,2444.82,432.00,38.75
1992-09-02,24400.00,2444.08,558.00,68.96
1992-09-03,23400.00,2443.32,603.00,98.83
1992-09-04,22570.00,2442.69,585.00,166.54
1992-09-05,21830.00,2442.12,565.00,191.92
1992-09-06,21030.00,2441.51,543.00,139.67
1992-09-07,20200.00,2440.88,515.00,96.54
1992-09-08,19440.00,2440.29,490.00,106.83
1992-09-09,18800.00,2439.80,460.00,137.33
1992-09-10,18180.00,2439.32,424.00,111.42
1992-09-11,17540.00,2438.83,420.00,97.33
1992-09-12,16910.00,2438.34,374.00,56.37
1992-09-13,16280.00,2437.85,366.00,48.37
1992-09-14,15750.00,2437.44,344.00,76.79
1992-09-15,15320.00,2437.11,276.00,59.21
1992-09-16,14950.00,2436.82,257.00,70.46
1992-09-17,14600.00,2436.55,208.00,31.54
1992-09-18,14080.00,2436.15,298.00,35.83
1992-09-19,13340.00,2435.57,460.00,86.92
1992-09-20,12600.00,2434.99,422.00,48.92
1992-09-21,11960.00,2434.49,364.00,41.33
1992-09-22,11340.00,2434.01,342.00,29.42
1992-09-23,10950.00,2433.70,287.00,90.37
1992-09-24,11690.00,2434.28,298.00,671.08
1992-09-25,12600.00,2434.99,239.00,697.79
1992-09-26,12650.00,2435.03,141.00,166.21
1992-09-27,12720.00,2435.09,122.00,157.29
1992-09-28,12780.00,2435.13,217.00,247.25
1992-09-29,12710.00,2435.08,443.00,407.71
1992-09-30,12370.00,2434.81,436.00,264.58
1992-10-01,11700.00,2434.29,396.00,59.00
1992-10-02,11080.00,2433.80,344.00,31.42
1992-10-03,10770.00,2433.56,284.00,127.71
1992-10-04,10590.00,2433.42,234.00,143.25
1992-10-05,10610.00,2433.43,110.00,120.08
1992-10-06,10680.00,2433.49,44.00,79.29
1992-10-07,10730.00,2433.53,49.00,74.21
1992-10-08,10800.00,2433.58,48.00,83.29
1992-10-09,10860.00,2433.63,48.00,78.25
1992-10-10,10920.00,2433.68,48.00,78.25
1992-10-11,10990.00,2433.73,47.00,82.29
1992-10-12,11050.00,2433.78,46.00,76.25
1992-10-13,11100.00,2433.82,46.00,71.21
1992-10-14,11160.00,2433.87,45.00,75.25
1992-10-15,11200.00,2433.90,45.00,65.17
1992-10-16,11320.00,2433.98,45.00,105.50
1992-10-17,11460.00,2434.10,45.00,115.58
1992-10-18,11590.00,2434.20,45.00,110.54
1992-10-19,11740.00,2434.32,45.00,120.63
1992-10-20,11910.00,2434.45,45.00,130.71
1992-10-21,12060.00,2434.57,45.00,120.63
1992-10-22,12230.00,2434.70,44.00,129.71
1992-10-23,12350.00,2434.80,44.00,104.50
1992-10-24,12460.00,2434.88,44.00,99.46
1992-10-25,12560.00,2434.96,44.00,94.42
1992-10-26,12660.00,2435.04,44.00,94.42
1992-10-27,12780.00,2435.13,44.00,104.50
1992-10-28,12890.00,2435.22,44.00,99.46
1992-10-29,12990.00,2435.30,44.00,94.42
1992-10-30,13110.00,2435.39,44.00,104.50
1992-10-31,13210.00,2435.47,44.00,94.42
1992-11-01,13460.00,2435.66,45.00,171.04
1992-11-02,13900.00,2436.01,46.00,267.83
1992-11-03,14370.00,2436.37,47.00,283.96
1992-11-04,14780.00,2436.69,48.00,254.71
1992-11-05,15310.00,2437.10,48.00,315.21
1992-11-06,15950.00,2437.60,49.00,371.67
1992-11-07,16730.00,2438.20,51.00,444.25
1992-11-08,18150.00,2439.30,54.00,769.92
1992-11-09,19260.00,2440.15,54.00,613.63
1992-11-10,19700.00,2440.49,51.00,272.83
1992-11-11,20310.00,2440.96,51.00,358.54
1992-11-12,20920.00,2441.43,52.00,359.54
1992-11-13,21470.00,2441.85,53.00,330.29
1992-11-14,22020.00,2442.27,54.00,331.29
1992-11-15,22550.00,2442.67,54.00,321.21
1992-11-16,23030.00,2443.04,55.00,297.00
1992-11-17,23560.00,2443.44,56.00,323.21
1992-11-18,24070.00,2443.83,57.00,314.13
1992-11-19,24580.00,2444.22,57.00,314.13
1992-11-20,25100.00,2444.61,58.00,320.17
1992-11-21,25580.00,2444.98,59.00,301.00
1992-11-22,26080.00,2445.36,60.00,312.08
1992-11-23,26420.00,2445.61,60.00,231.42
1992-11-24,26780.00,2445.89,61.00,242.50
1992-11-25,26900.00,2445.98,62.00,122.50
1992-11-26,27160.00,2446.17,62.00,193.08
1992-11-27,27410.00,2446.36,62.00,188.04
1992-11-28,27650.00,2446.54,62.00,183.00
1992-11-29,27820.90,2446.67,62.00,148.16
1992-11-30,28247.00,2446.99,63.00,277.82
1992-12-01,28431.76,2447.13,63.00,156.15
1992-12-02,28673.03,2447.31,63.00,184.64
1992-12-03,28829.00,2447.43,63.00,141.63
1992-12-04,28881.00,2447.47,64.00,90.22
1992-12-05,29004.00,2447.56,64.00,126.01
1992-12-06,29086.06,2447.62,64.00,105.37
1992-12-07,29242.00,2447.74,64.00,142.62
1992-12-08,29486.00,2447.92,64.00,187.02
1992-12-09,29590.00,2448.00,64.00,116.43
1992-12-10,29817.90,2448.17,64.00,178.90
1992-12-11,29912.00,2448.24,65.00,112.44
1992-12-12,30003.03,2448.31,65.00,110.89
1992-12-13,30100.00,2448.38,65.00,113.89
1992-12-14,30572.00,2448.74,65.00,302.97
1992-12-15,30855.00,2448.95,65.00,207.68
1992-12-16,31024.00,2449.08,65.00,150.20
1992-12-17,31294.00,2449.28,65.00,201.13
1992-12-18,31473.00,2449.41,66.00,156.25
1992-12-19,31761.76,2449.63,66.00,211.58
1992-12-20,32060.17,2449.85,66.00,216.45
1992-12-21,32286.00,2450.02,66.00,179.86
1992-12-22,32634.00,2450.28,67.00,242.45
1992-12-23,32982.00,2450.54,68.00,243.45
1992-12-24,33358.07,2450.82,68.00,257.60
1992-12-25,33628.00,2451.02,68.00,204.09
1992-12-26,33961.00,2451.27,69.00,236.89
1992-12-27,34168.00,2451.42,69.00,173.36
1992-12-28,34358.00,2451.56,69.00,164.79
1992-12-29,34500.91,2451.67,69.00,141.05
1992-12-30,34666.00,2451.79,69.00,152.23
1992-12-31,34820.00,2451.90,70.00,147.64
1993-01-01,34791.93,2451.88,70.00,55.85
1993-01-02,34791.93,2451.88,70.00,70.00
1993-01-03,34791.93,2451.88,70.00,70.00
1993-01-04,34805.96,2451.89,70.00,77.08
1993-01-05,35399.09,2452.33,70.00,369.04
1993-01-06,35399.09,2452.33,71.00,71.00
1993-01-07,35399.09,2452.33,71.00,71.00
1993-01-08,35490.00,2452.40,71.00,116.83
1993-01-09,35574.00,2452.46,71.00,113.35
1993-01-10,35616.00,2452.49,71.00,92.18
1993-01-11,35630.00,2452.50,71.00,78.06
1993-01-12,35686.00,2452.54,71.00,99.23
1993-01-13,35714.00,2452.56,71.00,85.12
1993-01-14,35783.03,2452.61,71.00,105.80
1993-01-15,35796.06,2452.62,71.00,77.57
1993-01-16,35821.81,2452.64,71.00,83.98
1993-01-17,35847.87,2452.66,71.00,84.14
1993-01-18,35886.97,2452.69,71.00,90.71
1993-01-19,35998.00,2452.77,71.00,126.98
1993-01-20,36143.94,2452.88,71.00,144.58
1993-01-21,36198.00,2452.92,72.00,99.26
1993-01-22,36226.00,2452.94,72.00,86.12
1993-01-23,36254.00,2452.96,72.00,86.12
1993-01-24,36527.87,2453.16,74.00,212.08
1993-01-25,39560.00,2455.38,74.00,1602.70
1993-01-26,41790.00,2457.00,77.00,1201.29
1993-01-27,43068.00,2457.92,78.00,722.33
1993-01-28,43978.00,2458.57,79.00,537.79
1993-01-29,44566.00,2458.99,79.00,375.45
1993-01-30,45042.10,2459.33,80.00,320.03
1993-01-31,45458.07,2459.62,80.00,289.72
1993-02-01,45738.07,2459.82,80.00,221.17
1993-02-02,45990.00,2460.00,81.00,208.01
1993-02-03,46213.86,2460.16,81.00,193.86
1993-02-04,46420.00,2460.30,81.00,184.93
1993-02-05,46602.00,2460.43,81.00,172.76
1993-02-06,46742.00,2460.53,81.00,151.58
1993-02-07,46881.76,2460.63,81.00,151.46
1993-02-08,47025.00,2460.73,82.00,154.22
1993-02-09,47172.10,2460.83,82.00,156.16
1993-02-10,47312.00,2460.93,82.00,152.53
1993-02-11,47410.00,2461.00,82.00,131.41
1993-02-12,47508.00,2461.07,82.00,131.41
1993-02-13,47594.74,2461.13,82.00,125.73
1993-02-14,47728.00,2461.22,82.00,149.18
1993-02-15,47770.00,2461.25,82.00,103.18
1993-02-16,47810.00,2461.28,83.00,103.17
1993-02-17,47850.00,2461.31,83.00,103.17
1993-02-18,47882.10,2461.33,83.00,99.18
1993-02-19,47938.24,2461.37,83.00,111.30
1993-02-20,48008.00,2461.42,83.00,118.17
1993-02-21,48050.00,2461.45,83.00,104.18
1993-02-22,48078.00,2461.47,83.00,97.12
1993-02-23,48135.00,2461.51,70.00,98.74
1993-02-24,48150.00,2461.52,47.00,54.56
1993-02-25,48270.00,2461.60,47.00,107.50
1993-02-26,48381.93,2461.68,47.00,103.43
1993-02-27,48452.00,2461.73,47.00,82.33
1993-02-28,48522.00,2461.78,47.00,82.29
1993-03-01,48625.18,2461.85,47.00,99.02
1993-03-02,48700.00,2461.90,47.00,84.72
1993-03-03,48826.00,2461.99,47.00,110.53
1993-03-04,49099.93,2462.18,47.00,185.10
1993-03-05,49485.00,2462.45,47.00,241.14
1993-03-06,49896.00,2462.74,47.00,254.21
1993-03-07,50214.00,2462.96,48.00,208.33
1993-03-08,50658.00,2463.27,48.00,271.85
1993-03-09,51070.00,2463.55,48.00,255.72
1993-03-10,51475.11,2463.83,48.00,252.24
1993-03-11,51825.00,2464.07,48.00,224.40
1993-03-12,52130.00,2464.28,48.00,201.77
1993-03-13,52435.00,2464.49,48.00,201.77
1993-03-14,53001.93,2464.88,49.00,334.83
1993-03-15,54290.00,2465.75,50.00,699.40
1993-03-16,55080.00,2466.28,51.00,449.29
1993-03-17,55684.96,2466.69,51.00,356.00
1993-03-18,56285.00,2467.09,51.00,353.52
1993-03-19,56795.00,2467.43,51.00,308.13
1993-03-20,57360.00,2467.80,52.00,336.85
1993-03-21,57889.80,2468.15,52.00,319.11
1993-03-22,59160.00,2468.98,53.00,693.39
1993-03-23,61505.00,2470.49,56.00,1238.27
1993-03-24,62886.23,2471.36,56.00,752.37
1993-03-25,63964.00,2472.04,56.00,599.37
1993-03-26,64751.00,2472.53,56.00,452.78
1993-03-27,65446.00,2472.96,57.00,407.40
1993-03-28,66080.20,2473.35,57.00,376.74
1993-03-29,66698.00,2473.73,57.00,368.48
1993-03-30,67220.00,2474.05,57.00,320.18
1993-03-31,67704.16,2474.34,57.00,301.10
1993-04-01,68380.00,2474.75,57.00,397.74
1993-04-02,69171.00,2475.23,58.00,456.80
1993-04-03,70162.08,2475.82,59.00,558.67
1993-04-04,71004.09,2476.32,59.00,483.51
1993-04-05,71776.00,2476.78,59.00,448.17
1993-04-06,72541.00,2477.23,60.00,445.69
1993-04-07,73162.00,2477.59,60.00,373.09
1993-04-08,73979.00,2478.07,61.00,472.90
1993-04-09,75087.00,2478.71,59.00,617.62
1993-04-10,76084.00,2479.28,58.00,560.65
1993-04-11,76922.00,2479.76,59.00,481.49
1993-04-12,77655.91,2480.18,52.00,422.02
1993-04-13,78364.00,2480.58,45.00,401.99
1993-04-14,79002.00,2480.94,46.00,367.66
1993-04-15,79758.27,2481.36,46.00,427.28
1993-04-16,80504.00,2481.78,46.00,421.97
1993-04-17,81355.00,2482.25,46.00,475.05
1993-04-18,82265.00,2482.75,46.00,504.79
1993-04-19,83126.00,2483.22,46.00,480.09
1993-04-20,83952.86,2483.67,46.00,462.88
1993-04-21,84857.82,2484.16,46.00,502.25
1993-04-22,85850.95,2484.69,46.00,546.70
1993-04-23,86882.00,2485.24,47.00,566.82
1993-04-24,88081.91,2485.88,47.00,651.95
1993-04-25,89479.05,2486.61,48.00,752.39
1993-04-26,90979.95,2487.39,48.00,804.71
1993-04-27,92379.05,2488.11,48.00,753.38
1993-04-28,93481.91,2488.68,48.00,604.03
1993-04-29,95000.00,2489.45,49.00,814.37
1993-04-30,97130.00,2490.52,50.00,1123.88
1993-05-01,98900.00,2491.40,50.00,942.38
1993-05-02,100825.26,2492.35,51.00,1021.65
1993-05-03,102370.00,2493.10,51.00,829.81
1993-05-04,103715.00,2493.75,51.00,729.10
1993-05-05,104923.16,2494.33,49.00,658.11
1993-05-06,106467.00,2495.07,47.00,825.35
1993-05-07,107884.00,2495.74,48.00,762.40
1993-05-08,109302.00,2496.41,48.00,762.91
1993-05-09,110518.00,2496.98,48.00,661.07
1993-05-10,112082.00,2497.71,48.00,836.52
1993-05-11,114345.00,2498.75,48.00,1188.93
1993-05-12,117270.00,2500.08,48.00,1522.69
1993-05-13,119690.83,2501.17,49.00,1269.50
1993-05-14,121506.00,2501.98,49.00,964.15
1993-05-15,123024.72,2502.65,50.00,815.69
1993-05-16,124395.00,2503.25,51.00,741.85
1993-05-17,125765.28,2503.85,51.00,741.85
1993-05-18,127356.00,2504.54,51.00,852.99
1993-05-19,128959.00,2505.23,51.00,859.18
1993-05-20,130658.00,2505.96,52.00,908.58
1993-05-21,131920.00,2506.50,52.00,688.26
1993-05-22,133148.00,2507.02,52.00,671.12
1993-05-23,134025.94,2507.39,52.00,494.63
1993-05-24,134928.00,2507.77,53.00,507.79
1993-05-25,135853.77,2508.16,53.00,519.74
1993-05-26,136670.00,2508.50,53.00,464.52
1993-05-27,137750.00,2508.95,53.00,597.50
1993-05-28,138720.30,2509.35,54.00,543.19
1993-05-29,139487.83,2509.67,54.00,440.96
1993-05-30,140146.00,2509.94,54.00,385.83
1993-05-31,140410.00,2510.05,54.00,187.10
1993-06-01,141440.00,2510.47,55.00,574.29
1993-06-02,142490.00,2510.90,55.00,584.38
1993-06-03,143028.13,2511.12,55.00,326.30
1993-06-04,143566.23,2511.34,55.00,326.30
1993-06-05,144085.00,2511.55,55.00,316.54
1993-06-06,144675.00,2511.79,55.00,352.46
1993-06-07,145365.00,2512.07,55.00,402.88
1993-06-08,145930.00,2512.30,56.00,340.85
1993-06-09,146655.00,2512.59,56.00,421.52
1993-06-10,147295.31,2512.85,56.00,378.82
1993-06-11,147920.00,2513.10,56.00,370.95
1993-06-12,148520.25,2513.34,56.00,358.63
1993-06-13,149045.00,2513.55,57.00,321.56
1993-06-14,149670.00,2513.80,57.00,372.10
1993-06-15,150220.00,2514.02,57.00,334.29
1993-06-16,150696.00,2514.21,57.00,296.98
1993-06-17,151154.94,2514.39,57.00,288.38
1993-06-18,151555.00,2514.55,57.00,258.70
1993-06-19,151930.00,2514.70,57.00,246.06
1993-06-20,152315.31,2514.85,57.00,251.26
1993-06-21,152640.00,2514.98,57.00,220.70
1993-06-22,153200.00,2515.20,57.00,339.33
1993-06-23,153908.00,2515.48,57.00,413.95
1993-06-24,154309.64,2515.64,57.00,259.49
1993-06-25,154710.00,2515.80,57.00,258.85
1993-06-26,155145.00,2515.97,57.00,276.31
1993-06-27,155530.13,2516.12,57.00,251.17
1993-06-28,155880.00,2516.26,57.00,233.40
1993-06-29,156162.44,2516.37,57.00,199.40
1993-06-30,156396.00,2516.46,98.00,215.75
1993-07-01,156448.00,2516.48,146.00,172.22
1993-07-02,156525.00,2516.51,146.00,184.82
1993-07-03,156550.00,2516.52,146.00,158.60
1993-07-04,156550.00,2516.52,146.00,146.00
1993-07-05,156575.00,2516.53,146.00,158.60
1993-07-06,156525.00,2516.51,176.00,150.79
1993-07-07,156422.00,2516.47,200.00,148.07
1993-07-08,156318.00,2516.43,200.00,147.57
1993-07-09,156110.31,2516.35,200.00,95.29
1993-07-10,155905.00,2516.27,200.00,96.49
1993-07-11,155730.00,2516.20,200.00,111.77
1993-07-12,155530.13,2516.12,200.00,99.23
1993-07-13,155454.00,2516.09,200.00,161.62
1993-07-14,155324.00,2516.04,200.00,134.46
1993-07-15,155095.00,2515.95,200.00,84.55
1993-07-16,154943.94,2515.89,200.00,123.84
1993-07-17,154762.13,2515.82,200.00,108.34
1993-07-18,154585.00,2515.75,200.00,110.70
1993-07-19,154485.00,2515.71,200.00,149.58
1993-07-20,154460.00,2515.70,200.00,187.40
1993-07-21,154409.88,2515.68,200.00,174.73
1993-07-22,154409.88,2515.68,200.00,200.00
1993-07-23,154334.69,2515.65,201.00,163.09
1993-07-24,154210.00,2515.60,201.00,138.14
1993-07-25,154085.00,2515.55,201.00,137.98
1993-07-26,153882.00,2515.47,201.00,98.65
1993-07-27,153726.00,2515.41,200.00,121.35
1993-07-28,153600.00,2515.36,200.00,136.47
1993-07-29,153525.19,2515.33,201.00,163.28
1993-07-30,153375.00,2515.27,201.00,125.28
1993-07-31,153173.94,2515.19,201.00,99.63
1993-08-01,152992.13,2515.12,200.00,108.34
1993-08-02,152715.00,2515.01,231.00,91.28
1993-08-03,152112.00,2514.77,369.00,64.99
1993-08-04,151105.42,2514.37,588.00,80.52
1993-08-05,149894.94,2513.89,670.00,59.71
1993-08-06,148520.25,2513.34,737.00,43.93
1993-08-07,147002.00,2512.73,802.00,36.55
1993-08-08,145315.00,2512.05,870.00,19.47
1993-08-09,143518.13,2511.32,930.00,24.08
1993-08-10,141606.00,2510.54,980.00,15.97
1993-08-11,139560.00,2509.70,1059.00,27.47
1993-08-12,137390.00,2508.80,1135.00,40.96
1993-08-13,135092.22,2507.84,1183.00,24.53
1993-08-14,132699.17,2506.83,1232.00,25.50
1993-08-15,130280.00,2505.80,1248.00,28.33
1993-08-16,127891.00,2504.77,1240.00,35.55
1993-08-17,125581.00,2503.77,1232.00,67.37
1993-08-18,123186.00,2502.72,1259.00,51.52
1993-08-19,120720.00,2501.63,1279.00,35.72
1993-08-20,118240.00,2500.52,1279.00,28.67
1993-08-21,115680.00,2499.36,1386.00,95.33
1993-08-22,113020.00,2498.14,1410.00,68.92
1993-08-23,110260.00,2496.86,1422.00,30.50
1993-08-24,107401.00,2495.51,1478.00,36.59
1993-08-25,104482.10,2494.12,1558.00,86.39
1993-08-26,101320.00,2492.59,1662.00,67.77
1993-08-27,98010.00,2490.96,1730.00,61.21
1993-08-28,94586.00,2489.24,1790.00,63.73
1993-08-29,91038.00,2487.42,1849.00,60.22
1993-08-30,87351.00,2485.49,1920.00,61.14
1993-08-31,83586.00,2483.47,1992.00,93.81
1993-09-01,79560.00,2481.25,2092.00,62.22
1993-09-02,75360.00,2478.87,2205.00,87.50
1993-09-03,70919.00,2476.27,2310.00,70.99
1993-09-04,66337.00,2473.51,2370.00,59.91
1993-09-05,61920.00,2470.75,2305.00,78.09
1993-09-06,57660.00,2468.00,2205.00,57.25
1993-09-07,53620.00,2465.30,2110.00,73.17
1993-09-08,49714.04,2462.61,2020.00,50.74
1993-09-09,46644.00,2460.46,1582.00,34.19
1993-09-10,44230.00,2458.75,1279.00,61.94
1993-09-11,41958.07,2457.12,1191.00,45.57
1993-09-12,39748.00,2455.52,1142.00,27.76
1993-09-13,37586.00,2453.94,1128.00,37.99
1993-09-14,35410.00,2452.34,1110.00,12.93
1993-09-15,33200.00,2450.70,1131.00,16.79
1993-09-16,30990.00,2449.05,1142.00,27.79
1993-09-17,28760.00,2447.38,1145.00,20.71
1993-09-18,26530.00,2445.70,1156.00,31.71
1993-09-19,24290.00,2444.00,1153.00,23.67
1993-09-20,22080.00,2442.31,1121.00,6.79
1993-09-21,20040.00,2440.75,1037.00,8.50
1993-09-22,18190.00,2439.33,936.00,3.29
1993-09-23,16530.00,2438.05,846.00,9.08
1993-09-24,15060.00,2436.91,756.00,14.87
1993-09-25,13780.00,2435.91,663.00,17.67
1993-09-26,12700.00,2435.07,562.00,17.50
1993-09-27,11800.00,2434.37,469.00,15.25
1993-09-28,11140.00,2433.85,381.00,48.25
1993-09-29,10520.00,2433.36,352.00,39.42
1993-09-30,9970.00,2432.93,306.00,28.71
1993-10-01,9650.00,2432.68,249.00,88.00
1993-10-02,9400.00,2432.48,204.00,77.96
1993-10-03,9170.00,2432.30,173.00,57.04
1993-10-04,8870.00,2432.06,188.00,36.75
1993-10-05,8570.00,2431.83,187.00,35.75
1993-10-06,8300.00,2431.61,168.00,31.87
1993-10-07,8050.00,2431.42,152.00,25.96
1993-10-08,7880.00,2431.28,132.00,46.29
1993-10-09,7760.00,2431.19,113.00,52.50
1993-10-10,7720.00,2431.16,102.00,81.83
1993-10-11,7670.00,2431.12,93.00,67.79
1993-10-12,7520.00,2431.00,104.00,28.37
1993-10-13,7360.00,2430.87,121.00,40.33
1993-10-14,7320.00,2430.84,110.00,89.83
1993-10-15,7380.00,2430.85,71.00,101.25
1993-10-16,7510.00,2430.99,31.00,96.54
1993-10-17,7620.00,2431.08,28.00,83.46
1993-10-18,7660.00,2431.08,26.00,46.17
1993-10-19,7710.00,2431.15,25.00,50.21
1993-10-20,7760.00,2431.19,23.00,48.21
1993-10-21,7850.00,2431.26,25.00,70.38
1993-10-22,7980.00,2431.36,31.00,96.54
1993-10-23,8090.00,2431.45,29.00,84.46
1993-10-24,8230.00,2431.56,31.00,101.58
1993-10-25,8280.00,2431.60,34.00,59.21
1993-10-26,8330.00,2431.64,34.00,59.21
1993-10-27,8380.00,2431.68,34.00,59.21
1993-10-28,8430.00,2431.72,34.00,59.21
1993-10-29,8510.00,2431.78,34.00,74.33
1993-10-30,8560.00,2431.82,34.00,59.21
1993-10-31,8620.00,2431.87,34.00,64.25
1993-11-01,8710.00,2431.94,34.00,79.38
1993-11-02,8880.00,2432.07,34.00,119.71
1993-11-03,9280.00,2432.39,35.00,236.67
1993-11-04,9670.00,2432.69,36.00,232.63
1993-11-05,9860.00,2432.84,36.00,131.79
1993-11-06,9970.00,2432.93,37.00,92.46
1993-11-07,10040.00,2432.98,37.00,72.29
1993-11-08,10100.00,2433.03,37.00,67.25
1993-11-09,10150.00,2433.07,38.00,63.21
1993-11-10,10220.00,2433.13,38.00,73.29
1993-11-11,10280.00,2433.17,38.00,68.25
1993-11-12,10350.00,2433.23,38.00,73.29
1993-11-13,10450.00,2433.31,38.00,88.42
1993-11-14,10590.00,2433.42,38.00,108.58
1993-11-15,10730.00,2433.53,38.00,108.58
1993-11-16,10840.00,2433.61,38.00,93.46
1993-11-17,10950.00,2433.70,38.00,93.46
1993-11-18,11080.00,2433.80,38.00,103.54
1993-11-19,11240.00,2433.93,38.00,118.67
1993-11-20,11390.00,2434.05,38.00,113.63
1993-11-21,11560.00,2434.18,39.00,124.71
1993-11-22,11690.00,2434.28,39.00,104.54
1993-11-23,11800.00,2434.37,40.00,95.46
1993-11-24,11890.00,2434.44,40.00,85.38
1993-11-25,12000.00,2434.52,40.00,95.46
1993-11-26,12100.00,2434.60,40.00,90.42
1993-11-27,12210.00,2434.69,40.00,95.46
1993-11-28,12320.00,2434.77,40.00,95.46
1993-11-29,12520.00,2434.93,40.00,140.83
1993-11-30,12790.00,2435.14,40.00,176.13
1993-12-01,13080.00,2435.37,41.00,187.21
1993-12-02,13340.00,2435.57,42.00,173.08
1993-12-03,13800.00,2435.93,43.00,274.92
1993-12-04,14440.00,2436.43,45.00,367.67
1993-12-05,15210.00,2437.02,45.00,433.21
1993-12-06,15970.00,2437.61,46.00,429.17
1993-12-07,16370.00,2437.92,46.00,247.67
1993-12-08,16570.00,2438.08,47.00,147.83
1993-12-09,16830.00,2438.28,48.00,179.08
1993-12-10,17240.00,2438.60,48.00,254.71
1993-12-11,17760.00,2439.00,50.00,312.17
1993-12-12,18360.00,2439.46,50.00,352.50
1993-12-13,18930.00,2439.90,44.00,331.38
1993-12-14,19240.00,2440.14,37.00,193.29
1993-12-15,19480.00,2440.32,37.00,158.00
1993-12-16,19660.00,2440.46,37.00,127.75
1993-12-17,19840.00,2440.60,37.00,127.75
1993-12-18,20060.00,2440.77,38.00,148.92
1993-12-19,20270.00,2440.93,38.00,143.88
1993-12-20,20460.00,2441.08,34.00,129.79
1993-12-21,20640.00,2441.21,30.00,120.75
1993-12-22,20800.00,2441.34,30.00,110.67
1993-12-23,20980.00,2441.47,30.00,120.75
1993-12-24,21120.00,2441.58,26.00,96.58
1993-12-25,21260.00,2441.69,24.00,94.58
1993-12-26,21410.00,2441.80,24.00,99.63
1993-12-27,21560.00,2441.92,25.00,100.63
1993-12-28,21740.00,2442.05,27.00,117.75
1993-12-29,21910.00,2442.18,27.00,112.71
1993-12-30,22060.00,2442.30,42.00,117.63
1993-12-31,22230.00,2442.43,54.00,139.71
1994-01-01,22460.00,2442.60,55.00,170.96
1994-01-02,22720.00,2442.80,55.00,186.08
1994-01-03,23070.00,2443.07,56.00,232.46
1994-01-04,23560.00,2443.44,43.00,290.04
1994-01-05,24380.00,2444.07,34.00,447.42
1994-01-06,25330.00,2444.79,32.00,510.96
1994-01-07,25890.00,2445.21,30.00,312.33
1994-01-08,26390.00,2445.59,30.00,282.08
1994-01-09,26770.00,2445.88,30.00,221.58
1994-01-10,27240.00,2446.23,30.00,266.96
1994-01-11,27860.00,2446.70,31.00,343.58
1994-01-12,28710.00,2447.34,31.00,459.54
1994-01-13,29831.93,2448.18,32.00,597.64
1994-01-14,30829.00,2448.93,33.00,535.69
1994-01-15,31720.00,2449.60,33.00,482.21
1994-01-16,32515.96,2450.19,33.00,434.30
1994-01-17,33129.83,2450.65,33.00,342.49
1994-01-18,33684.00,2451.06,33.00,312.40
1994-01-19,34125.96,2451.39,34.00,256.82
1994-01-20,34554.00,2451.71,34.00,249.80
1994-01-21,34911.00,2451.97,34.00,213.99
1994-01-22,35386.06,2452.32,34.00,273.51
1994-01-23,35821.81,2452.64,34.00,253.69
1994-01-24,36324.00,2453.01,35.00,288.19
1994-01-25,36785.16,2453.35,34.00,266.50
1994-01-26,37207.87,2453.66,35.00,248.12
1994-01-27,37572.00,2453.93,33.00,216.58
1994-01-28,37940.00,2454.20,31.00,216.53
1994-01-29,38276.00,2454.44,31.00,200.40
1994-01-30,38573.86,2454.66,32.00,182.17
1994-01-31,38835.16,2454.85,31.00,162.74
1994-02-01,39068.00,2455.02,30.00,147.39
1994-02-02,39305.96,2455.19,30.00,149.97
1994-02-03,39506.14,2455.34,30.00,130.92
1994-02-04,39734.00,2455.51,31.00,145.88
1994-02-05,39901.76,2455.63,31.00,115.58
1994-02-06,40070.00,2455.75,31.00,115.82
1994-02-07,40256.97,2455.89,31.00,125.26
1994-02-08,40396.00,2455.99,32.00,102.09
1994-02-09,40661.93,2456.18,32.00,166.07
1994-02-10,40820.00,2456.30,33.00,112.69
1994-02-11,40974.00,2456.41,33.00,110.64
1994-02-12,41114.00,2456.51,33.00,103.58
1994-02-13,41432.00,2456.74,33.00,193.33
1994-02-14,41552.10,2456.83,33.00,93.55
1994-02-15,41804.00,2457.01,32.00,159.00
1994-02-16,41958.07,2457.12,31.00,108.68
1994-02-17,42140.00,2457.25,31.00,122.72
1994-02-18,42389.00,2457.43,31.00,156.54
1994-02-19,42550.00,2457.55,31.00,112.17
1994-02-20,42675.79,2457.64,31.00,94.42
1994-02-21,42886.00,2457.79,31.00,136.98
1994-02-22,43152.00,2457.98,31.00,165.11
1994-02-23,43488.00,2458.22,32.00,201.40
1994-02-24,43670.17,2458.35,32.00,123.85
1994-02-25,43852.00,2458.48,33.00,124.67
1994-02-26,44020.00,2458.60,33.00,117.70
1994-02-27,44202.00,2458.73,33.00,124.76
1994-02-28,44566.00,2458.99,32.00,215.52
1994-03-01,45070.17,2459.35,31.00,285.19
1994-03-02,45766.14,2459.84,31.00,381.88
1994-03-03,47030.00,2460.73,31.00,668.20
1994-03-04,48298.07,2461.62,30.00,669.32
1994-03-05,49242.00,2462.28,31.00,506.90
1994-03-06,49952.00,2462.78,31.00,388.96
1994-03-07,50531.93,2463.18,31.00,323.38
1994-03-08,51042.00,2463.53,30.00,287.16
1994-03-09,51460.07,2463.82,30.00,240.78
1994-03-10,51995.96,2464.19,29.00,299.18
1994-03-11,52480.00,2464.52,29.00,273.03
1994-03-12,52988.24,2464.87,29.00,285.24
1994-03-13,53480.00,2465.20,29.00,276.93
1994-03-14,54114.74,2465.63,29.00,349.02
1994-03-15,54929.93,2466.18,29.00,439.99
1994-03-16,55880.07,2466.82,28.00,507.03
1994-03-17,56750.00,2467.40,27.00,465.59
1994-03-18,57615.00,2467.97,27.00,463.10
1994-03-19,58300.00,2468.42,28.00,373.35
1994-03-20,58928.12,2468.83,28.00,344.68
1994-03-21,59500.00,2469.20,27.00,315.32
1994-03-22,59930.00,2469.48,25.00,241.79
1994-03-23,60310.00,2469.72,25.00,216.58
1994-03-24,60676.00,2469.96,25.00,209.53
1994-03-25,60989.85,2470.16,25.00,183.23
1994-03-26,61337.92,2470.38,25.00,200.49
1994-03-27,61727.73,2470.63,25.00,221.53
1994-03-28,62278.00,2470.98,25.00,302.43
1994-03-29,63085.00,2471.49,25.00,431.86
1994-03-30,64044.00,2472.09,26.00,509.50
1994-03-31,65126.00,2472.76,26.00,571.51
1994-04-01,66304.00,2473.49,27.00,620.91
1994-04-02,67589.00,2474.27,27.00,674.85
1994-04-03,68992.08,2475.12,27.00,734.39
1994-04-04,69990.00,2475.72,28.00,531.12
1994-04-05,70920.00,2476.27,28.00,496.88
1994-04-06,71895.21,2476.85,29.00,520.67
1994-04-07,72694.09,2477.32,29.00,431.77
1994-04-08,73605.21,2477.85,29.00,488.36
1994-04-09,74482.25,2478.36,30.00,472.17
1994-04-10,75312.18,2478.84,30.00,448.42
1994-04-11,76154.09,2479.32,30.00,454.46
1994-04-12,77160.00,2479.90,30.00,537.15
1994-04-13,78203.00,2480.49,31.00,556.85
1994-04-14,79074.00,2480.98,31.00,470.13
1994-04-15,79811.95,2481.39,31.00,403.05
1994-04-16,80683.91,2481.88,31.00,470.61
1994-04-17,82151.95,2482.69,31.00,771.14
1994-04-18,83676.00,2483.52,31.00,799.37
1994-04-19,86990.00,2485.30,32.00,1702.81
1994-04-20,89146.00,2486.44,33.00,1119.98
1994-04-21,91285.00,2487.55,33.00,1111.41
1994-04-22,93000.00,2488.43,33.00,897.65
1994-04-23,94409.76,2489.15,33.00,743.75
1994-04-24,95690.00,2489.80,33.00,678.46
1994-04-25,96750.15,2490.33,33.00,567.49
1994-04-26,97730.10,2490.82,33.00,527.06
1994-04-27,98658.00,2491.28,34.00,501.82
1994-04-28,99647.00,2491.77,34.00,532.62
1994-04-29,100741.05,2492.31,34.00,585.59
1994-04-30,101917.90,2492.88,34.00,627.33
1994-05-01,102906.30,2493.36,34.00,532.32
1994-05-02,103778.00,2493.78,34.00,473.48
1994-05-03,104586.84,2494.17,34.00,441.79
1994-05-04,105584.74,2494.65,34.00,537.11
1994-05-05,106634.74,2495.15,45.00,574.38
1994-05-06,107800.00,2495.70,58.00,645.48
1994-05-07,109346.00,2496.43,58.00,837.44
1994-05-08,110968.95,2497.19,59.00,877.24
1994-05-09,112390.27,2497.85,60.00,776.58
1994-05-10,113602.00,2498.41,60.00,670.92
1994-05-11,114780.00,2498.95,62.00,655.91
1994-05-12,115946.00,2499.48,62.00,649.86
1994-05-13,116847.95,2499.89,63.00,517.73
1994-05-14,117507.95,2500.19,63.00,395.75
1994-05-15,118112.00,2500.46,65.00,369.54
1994-05-16,118595.89,2500.68,90.00,333.96
1994-05-17,118914.11,2500.82,154.00,314.44
1994-05-18,119178.00,2500.94,188.00,321.04
1994-05-19,119576.11,2501.12,188.00,388.71
1994-05-20,120072.23,2501.34,188.00,438.13
1994-05-21,120408.00,2501.49,190.00,359.29
1994-05-22,120741.66,2501.64,190.00,358.22
1994-05-23,121056.00,2501.78,190.00,348.48
1994-05-24,121484.00,2501.97,190.00,405.78
1994-05-25,121933.84,2502.17,190.00,416.79
1994-05-26,122230.00,2502.30,218.00,367.32
1994-05-27,122299.17,2502.33,240.00,274.87
1994-05-28,122299.17,2502.33,240.00,240.00
1994-05-29,122749.00,2502.53,240.00,466.79
1994-05-30,122841.00,2502.57,240.00,286.38
1994-05-31,122910.00,2502.60,257.00,291.79
1994-06-01,122864.00,2502.58,300.00,276.81
1994-06-02,122703.00,2502.51,336.00,254.83
1994-06-03,122548.00,2502.44,348.00,269.85
1994-06-04,122368.34,2502.36,348.00,257.42
1994-06-05,122184.00,2502.28,348.00,255.06
1994-06-06,122023.00,2502.21,334.00,252.83
1994-06-07,121911.78,2502.16,308.00,251.93
1994-06-08,121757.00,2502.09,298.00,219.96
1994-06-09,121596.00,2502.02,298.00,216.83
1994-06-10,121528.00,2501.99,240.00,205.72
1994-06-11,121596.00,2502.02,203.00,237.28
1994-06-12,121665.00,2502.05,203.00,237.79
1994-06-13,122092.00,2502.24,165.00,380.28
1994-06-14,122703.00,2502.51,139.00,447.05
1994-06-15,123070.83,2502.67,139.00,324.45
1994-06-16,123301.00,2502.77,139.00,255.05
1994-06-17,123590.00,2502.90,139.00,284.70
1994-06-18,124187.77,2503.16,141.00,442.38
1994-06-19,124533.05,2503.31,141.00,315.08
1994-06-20,124806.00,2503.43,141.00,278.61
1994-06-21,125121.00,2503.57,141.00,299.81
1994-06-22,125466.00,2503.72,141.00,314.94
1994-06-23,125719.17,2503.83,141.00,268.64
1994-06-24,125833.89,2503.88,141.00,198.84
1994-06-25,125972.00,2503.94,141.00,210.63
1994-06-26,126018.00,2503.96,141.00,164.19
1994-06-27,126087.00,2503.99,141.00,175.79
1994-06-28,126156.00,2504.02,141.00,175.79
1994-06-29,126225.00,2504.05,141.00,175.79
1994-06-30,126271.00,2504.07,141.00,164.19
1994-07-01,126386.11,2504.12,141.00,199.03
1994-07-02,126570.00,2504.20,142.00,234.71
1994-07-03,126639.00,2504.23,142.00,176.79
1994-07-04,126662.00,2504.24,142.00,153.60
1994-07-05,126823.05,2504.31,142.00,223.20
1994-07-06,126869.17,2504.33,142.00,165.25
1994-07-07,126892.23,2504.34,142.00,153.62
1994-07-08,126915.28,2504.35,142.00,153.62
1994-07-09,126892.23,2504.34,142.00,130.38
1994-07-10,126892.23,2504.34,142.00,142.00
1994-07-11,126846.11,2504.32,142.00,118.75
1994-07-12,126754.00,2504.28,142.00,95.56
1994-07-13,126685.00,2504.25,142.00,107.21
1994-07-14,126593.00,2504.21,142.00,95.62
1994-07-15,126500.83,2504.17,143.00,96.53
1994-07-16,126386.11,2504.12,145.00,87.16
1994-07-17,126064.00,2503.98,199.00,36.60
1994-07-18,125696.11,2503.82,269.00,83.52
1994-07-19,125236.11,2503.62,332.00,100.08
1994-07-20,124648.34,2503.36,397.00,100.66
1994-07-21,123820.00,2503.00,503.00,85.38
1994-07-22,122795.00,2502.55,568.00,51.23
1994-07-23,121711.00,2502.07,611.00,64.48
1994-07-24,120584.00,2501.57,624.00,55.80
1994-07-25,119440.00,2501.06,624.00,47.23
1994-07-26,118222.00,2500.51,656.00,41.92
1994-07-27,116910.00,2499.92,713.00,51.53
1994-07-28,115418.00,2499.24,779.00,26.78
1994-07-29,113932.00,2498.56,800.00,50.81
1994-07-30,112434.38,2497.87,797.00,41.95
1994-07-31,110947.90,2497.18,797.00,47.57
1994-08-01,109434.00,2496.47,831.00,67.74
1994-08-02,107757.90,2495.68,897.00,51.96
1994-08-03,105774.00,2494.74,1040.00,39.78
1994-08-04,103588.95,2493.69,1152.00,50.37
1994-08-05,101320.00,2492.59,1184.00,40.07
1994-08-06,99668.00,2491.78,897.00,64.12
1994-08-07,98030.00,2490.97,891.00,65.17
1994-08-08,96210.00,2490.06,978.00,60.42
1994-08-09,94310.00,2489.10,1027.00,69.08
1994-08-10,92320.00,2488.08,1094.00,90.71
1994-08-11,90182.00,2486.98,1147.00,69.09
1994-08-12,88006.19,2485.84,1178.00,81.03
1994-08-13,85626.00,2484.57,1273.00,72.99
1994-08-14,83013.81,2483.16,1392.00,75.02
1994-08-15,80396.00,2481.72,1416.00,96.19
1994-08-16,77726.00,2480.22,1436.00,89.87
1994-08-17,74984.79,2478.65,1484.00,101.97
1994-08-18,72201.00,2477.03,1517.00,113.51
1994-08-19,69392.25,2475.36,1525.00,108.92
1994-08-20,66601.88,2473.67,1529.00,122.19
1994-08-21,63804.00,2471.94,1517.00,106.40
1994-08-22,61082.00,2470.22,1517.00,144.66
1994-08-23,58300.00,2468.42,1545.00,142.41
1994-08-24,55460.00,2466.54,1594.00,162.17
1994-08-25,52697.90,2464.67,1582.00,189.44
1994-08-26,49995.04,2462.81,1546.00,183.31
1994-08-27,47382.00,2460.98,1490.00,172.59
1994-08-28,44817.90,2459.17,1434.00,141.26
1994-08-29,42335.96,2457.39,1374.00,122.69
1994-08-30,39915.79,2455.64,1314.00,93.83
1994-08-31,37586.00,2453.94,1261.00,86.40
1994-09-01,35318.00,2452.27,1209.00,65.55
1994-09-02,33157.90,2450.67,1156.00,66.95
1994-09-03,31229.00,2449.23,1107.00,134.51
1994-09-04,29320.00,2447.80,1055.00,92.55
1994-09-05,27370.00,2446.33,995.00,11.87
1994-09-06,25560.00,2444.96,942.00,29.46
1994-09-07,24020.00,2443.79,819.00,42.58
1994-09-08,22850.00,2442.90,625.00,35.12
1994-09-09,21840.00,2442.13,576.00,66.79
1994-09-10,20920.00,2441.43,507.00,43.17
1994-09-11,20140.00,2440.83,432.00,38.75
1994-09-12,19440.00,2440.29,403.00,50.08
1994-09-13,18680.00,2439.71,420.00,36.83
1994-09-14,18020.00,2439.20,431.00,98.25
1994-09-15,17450.00,2438.76,420.00,132.62
1994-09-16,16770.00,2438.23,407.00,64.17
1994-09-17,16080.00,2437.70,393.00,45.12
1994-09-18,15390.00,2437.16,380.00,32.12
1994-09-19,14720.00,2436.64,365.00,27.21
1994-09-20,14120.00,2436.18,352.00,49.50
1994-09-21,13600.00,2435.77,337.00,74.83
1994-09-22,13080.00,2435.37,321.00,58.83
1994-09-23,12650.00,2435.03,230.00,13.21
1994-09-24,12330.00,2434.78,222.00,60.67
1994-09-25,11980.00,2434.51,215.00,38.54
1994-09-26,11610.00,2434.22,214.00,27.46
1994-09-27,11250.00,2433.94,213.00,31.50
1994-09-28,10890.00,2433.65,215.00,33.50
1994-09-29,10470.00,2433.32,219.00,7.25
1994-09-30,10070.00,2433.01,216.00,14.33
1994-10-01,9700.00,2432.72,218.00,37.00
1994-10-02,9280.00,2432.39,212.00,6.66
1994-10-03,8940.00,2432.12,205.00,39.76
1994-10-04,8640.00,2431.88,184.00,38.23
1994-10-05,8410.00,2431.70,164.00,53.07
1994-10-06,8130.00,2431.48,143.00,7.96
1994-10-07,7880.00,2431.28,150.00,29.40
1994-10-08,7700.00,2431.14,136.00,49.97
1994-10-09,7570.00,2431.04,118.00,53.10
1994-10-10,7430.00,2430.93,103.00,30.96
1994-10-11,7310.00,2430.83,93.00,30.26
1994-10-12,7230.00,2430.77,83.00,40.97
1994-10-13,7220.00,2430.76,76.00,69.07
1994-10-14,7260.00,2430.79,81.00,98.69
1994-10-15,7270.00,2430.80,78.00,80.98
1994-10-16,7230.00,2430.77,73.00,50.55
1994-10-17,7260.00,2430.79,43.00,59.28
1994-10-18,7330.00,2430.85,27.00,60.55
1994-10-19,7380.00,2430.89,26.00,50.11
1994-10-20,7440.00,2430.94,25.00,55.04
1994-10-21,8170.00,2431.51,27.00,394.93
1994-10-22,8520.00,2431.79,28.00,205.05
1994-10-23,8790.00,2432.00,28.00,165.35
1994-10-24,8880.00,2432.07,28.00,75.04
1994-10-25,9310.00,2432.41,28.00,246.67
1994-10-26,10700.00,2433.50,30.00,732.51
1994-10-27,12980.00,2435.29,29.00,1181.06
1994-10-28,14170.00,2436.22,25.00,628.11
1994-10-29,15370.00,2437.15,26.00,633.86
1994-10-30,16570.00,2438.09,26.00,634.53
1994-10-31,17880.00,2439.09,30.00,693.54
1994-11-01,19320.00,2440.20,31.00,760.47
1994-11-02,21200.00,2441.64,29.00,980.98
1994-11-03,22590.00,2442.70,29.00,733.94
1994-11-04,23260.00,2443.21,30.00,369.19
1994-11-05,23690.00,2443.54,30.00,246.67
1994-11-06,24030.00,2443.80,30.00,201.30
1994-11-07,24280.00,2443.99,31.00,156.42
1994-11-08,24550.00,2444.20,31.00,166.67
1994-11-09,24840.00,2444.42,31.00,176.75
1994-11-10,25120.00,2444.63,32.00,171.85
1994-11-11,25400.00,2444.84,32.00,172.37
1994-11-12,25700.00,2445.07,32.00,182.45
1994-11-13,25990.00,2445.29,32.00,177.05
1994-11-14,26260.00,2445.49,33.00,167.30
1994-11-15,26530.00,2445.70,33.00,167.33
1994-11-16,26800.00,2445.90,33.00,167.38
1994-11-17,27100.00,2446.13,34.00,183.10
1994-11-18,27480.00,2446.41,34.00,223.43
1994-11-19,27770.00,2446.63,34.00,178.11
1994-11-20,28210.00,2446.96,34.00,253.95
1994-11-21,28570.00,2447.23,34.00,213.57
1994-11-22,28934.00,2447.51,35.00,216.02
1994-11-23,29229.00,2447.73,35.00,181.23
1994-11-24,29512.00,2447.94,35.00,175.32
1994-11-25,29775.79,2448.14,36.00,166.15
1994-11-26,29990.00,2448.30,36.00,141.15
1994-11-27,30260.00,2448.50,36.00,169.28
1994-11-28,30441.81,2448.64,36.00,124.81
1994-11-29,31050.00,2449.10,37.00,340.59
1994-11-30,35783.03,2452.61,43.00,2425.26
1994-12-01,38504.04,2454.61,44.00,1412.58
1994-12-02,39707.00,2455.49,45.00,647.04
1994-12-03,40354.00,2455.96,45.00,366.74
1994-12-04,41072.00,2456.48,45.00,402.53
1994-12-05,41552.10,2456.83,41.00,279.17
1994-12-06,41999.83,2457.15,35.00,256.27
1994-12-07,42376.00,2457.42,35.00,220.19
1994-12-08,42830.00,2457.75,35.00,259.43
1994-12-09,43138.00,2457.97,34.00,185.02
1994-12-10,43417.90,2458.17,32.00,168.36
1994-12-11,43698.24,2458.37,32.00,168.58
1994-12-12,43936.00,2458.54,32.00,147.11
1994-12-13,44160.00,2458.70,32.00,140.17
1994-12-14,44398.24,2458.87,33.00,147.35
1994-12-15,44692.00,2459.08,31.00,177.00
1994-12-16,45042.10,2459.33,28.00,205.02
1994-12-17,45612.00,2459.73,28.00,316.24
1994-12-18,46260.00,2460.19,29.00,356.53
1994-12-19,47284.00,2460.91,26.00,544.44
1994-12-20,49330.00,2462.34,25.00,1058.20
1994-12-21,50850.00,2463.40,25.00,793.24
1994-12-22,51840.00,2464.08,22.00,522.57
1994-12-23,52570.00,2464.58,17.00,387.60
1994-12-24,53210.00,2465.02,17.00,342.23
1994-12-25,53785.00,2465.41,17.00,309.46
1994-12-26,54660.00,2466.00,17.00,460.75
1994-12-27,55895.11,2466.83,14.00,640.09
1994-12-28,57119.78,2467.64,10.00,630.84
1994-12-29,57970.00,2468.20,10.00,441.88
1994-12-30,58639.78,2468.64,10.00,350.91
1994-12-31,59190.00,2469.00,10.00,290.63
1995-01-01,59660.00,2469.30,10.00,249.93
1995-01-02,60104.00,2469.59,10.00,236.61
1995-01-03,60415.00,2469.79,10.00,169.56
1995-01-04,60505.18,2469.85,10.00,58.23
1995-01-05,61082.00,2470.22,10.00,303.57
1995-01-06,61415.00,2470.43,10.00,180.65
1995-01-07,61727.73,2470.63,11.00,171.23
1995-01-08,62030.07,2470.82,11.00,166.05
1995-01-09,62390.00,2471.05,10.00,194.92
1995-01-10,62710.00,2471.25,10.00,174.43
1995-01-11,62995.00,2471.43,10.00,157.06
1995-01-12,63323.77,2471.64,10.00,178.98
1995-01-13,63644.16,2471.84,10.00,174.76
1995-01-14,63932.00,2472.02,10.00,158.35
1995-01-15,64171.88,2472.17,10.00,134.37
1995-01-16,64444.16,2472.34,11.00,150.97
1995-01-17,64717.00,2472.51,11.00,151.26
1995-01-18,65110.00,2472.75,11.00,211.82
1995-01-19,65317.92,2472.88,10.00,118.06
1995-01-20,65510.00,2473.00,10.00,110.09
1995-01-21,65687.04,2473.11,11.00,102.96
1995-01-22,65888.00,2473.23,10.00,114.78
1995-01-23,66048.12,2473.33,12.00,95.50
1995-01-24,66224.00,2473.44,14.00,105.55
1995-01-25,66422.00,2473.56,14.00,116.71
1995-01-26,66569.80,2473.65,16.00,94.04
1995-01-27,66714.00,2473.74,18.00,94.50
1995-01-28,66980.00,2473.90,19.00,156.45
1995-01-29,67334.09,2474.12,19.00,200.88
1995-01-30,68147.04,2474.61,20.00,432.55
1995-01-31,71571.84,2476.66,21.00,1751.29
1995-02-01,75778.05,2479.11,22.00,2146.55
1995-02-02,77870.00,2480.30,22.00,1080.61
1995-02-03,79200.00,2481.05,22.00,696.46
1995-02-04,80233.70,2481.63,22.00,547.08
1995-02-05,81133.70,2482.13,22.00,479.67
1995-02-06,81954.00,2482.58,22.00,438.65
1995-02-07,82738.00,2483.01,21.00,419.31
1995-02-08,83460.00,2483.40,21.00,388.40
1995-02-09,84118.00,2483.76,20.00,354.77
1995-02-10,84750.00,2484.10,18.00,339.87
1995-02-11,85405.00,2484.45,18.00,351.47
1995-02-12,85908.00,2484.72,18.00,274.84
1995-02-13,86316.00,2484.94,18.00,226.94
1995-02-14,86771.91,2485.18,18.00,251.09
1995-02-15,87408.00,2485.52,18.00,341.94
1995-02-16,87930.00,2485.80,18.00,284.46
1995-02-17,88613.81,2486.16,18.00,366.21
1995-02-18,89726.00,2486.74,19.00,583.09
1995-02-19,95730.10,2489.82,23.00,3054.29
1995-02-20,99670.00,2491.78,23.00,2013.27
1995-02-21,102449.70,2493.14,22.00,1427.35
1995-02-22,104130.00,2493.95,23.00,874.26
1995-02-23,105340.00,2494.53,18.00,631.84
1995-02-24,106404.00,2495.04,13.00,552.80
1995-02-25,107464.00,2495.54,12.00,549.71
1995-02-26,108409.00,2495.99,12.00,491.77
1995-02-27,109237.90,2496.38,13.00,433.72
1995-02-28,109962.00,2496.72,13.00,380.89
1995-03-01,110582.00,2497.01,13.00,328.40
1995-03-02,111137.00,2497.27,13.00,295.63
1995-03-03,111661.00,2497.51,13.00,280.00
1995-03-04,112126.00,2497.73,13.00,250.12
1995-03-05,112584.00,2497.94,12.00,246.20
1995-03-06,112930.00,2498.10,12.00,189.73
1995-03-07,113297.00,2498.27,13.00,200.79
1995-03-08,113822.00,2498.51,13.00,280.51
1995-03-09,114408.00,2498.78,13.00,311.26
1995-03-10,115044.00,2499.07,13.00,336.94
1995-03-11,115792.00,2499.41,13.00,393.47
1995-03-12,116540.00,2499.75,13.00,393.47
1995-03-13,117330.00,2500.11,13.00,414.64
1995-03-14,118222.00,2500.51,13.00,466.22
1995-03-15,119178.00,2500.94,14.00,498.86
1995-03-16,120026.11,2501.32,14.00,444.47
1995-03-17,120787.77,2501.66,14.00,400.89
1995-03-18,121757.00,2502.09,14.00,505.75
1995-03-19,122887.00,2502.59,15.00,587.54
1995-03-20,123912.00,2503.04,15.00,534.71
1995-03-21,124762.00,2503.41,15.00,446.48
1995-03-22,125466.00,2503.72,15.00,372.87
1995-03-23,126133.00,2504.01,15.00,354.69
1995-03-24,126685.00,2504.25,15.00,296.77
1995-03-25,127145.00,2504.45,15.00,250.39
1995-03-26,127568.61,2504.63,15.00,231.75
1995-03-27,128006.11,2504.82,15.00,238.51
1995-03-28,128443.00,2505.01,15.00,238.21
1995-03-29,128913.00,2505.21,15.00,255.39
1995-03-30,129442.00,2505.44,15.00,285.17
1995-03-31,130026.95,2505.69,15.00,313.38
1995-04-01,130727.00,2505.99,15.00,371.41
1995-04-02,131364.00,2506.26,15.00,339.62
1995-04-03,132064.00,2506.56,15.00,371.39
1995-04-04,132980.00,2506.95,16.00,480.73
1995-04-05,133930.30,2507.35,16.00,498.11
1995-04-06,134808.00,2507.72,16.00,461.51
1995-04-07,135829.70,2508.15,16.00,534.11
1995-04-08,136886.00,2508.59,16.00,552.09
1995-04-09,137942.00,2509.03,16.00,552.10
1995-04-10,138648.13,2509.32,69.00,441.35
1995-04-11,139128.00,2509.52,157.00,400.94
1995-04-12,139535.94,2509.69,159.00,364.67
1995-04-13,139810.00,2509.80,266.00,415.06
1995-04-14,139439.70,2509.65,516.00,321.84
1995-04-15,138744.36,2509.36,614.00,247.14
1995-04-16,138014.00,2509.06,617.00,227.49
1995-04-17,137294.00,2508.76,619.00,229.50
1995-04-18,136480.00,2508.42,645.00,202.04
1995-04-19,135422.00,2507.98,723.00,145.86
1995-04-20,134472.00,2507.58,720.00,198.23
1995-04-21,133500.83,2507.17,717.00,185.37
1995-04-22,132607.00,2506.79,714.00,222.26
1995-04-23,131805.00,2506.45,714.00,267.01
1995-04-24,131244.00,2506.21,711.00,387.16
1995-04-25,130888.00,2506.06,711.00,489.36
1995-04-26,130658.00,2505.96,708.00,551.54
1995-04-27,130589.00,2505.93,708.00,632.71
1995-04-28,130589.00,2505.93,685.00,646.43
1995-04-29,130566.00,2505.92,656.00,608.40
1995-04-30,130471.88,2505.88,654.00,572.55
1995-05-01,130400.30,2505.85,652.00,605.90
1995-05-02,130727.00,2505.99,650.00,822.21
1995-05-03,131220.00,2506.20,598.00,856.68
1995-05-04,131621.39,2506.37,562.00,773.82
1995-05-05,131897.00,2506.49,560.00,711.45
1995-05-06,132184.06,2506.61,558.00,716.91
1995-05-07,132607.00,2506.79,556.00,785.73
1995-05-08,133363.06,2507.11,444.00,851.70
1995-05-09,134687.83,2507.67,296.00,980.50
1995-05-10,136405.94,2508.39,197.00,1079.65
1995-05-11,137966.00,2509.04,161.00,959.83
1995-05-12,139128.00,2509.52,160.00,759.14
1995-05-13,139978.41,2509.87,215.00,665.36
1995-05-14,140852.00,2510.23,275.00,732.84
1995-05-15,142096.00,2510.74,305.00,947.50
1995-05-16,143420.00,2511.28,332.00,1011.68
1995-05-17,144500.00,2511.72,335.00,888.58
1995-05-18,145015.00,2511.93,409.00,677.28
1995-05-19,145165.00,2511.99,548.00,624.93
1995-05-20,144965.00,2511.91,679.00,578.03
1995-05-21,144820.30,2511.85,715.00,638.05
1995-05-22,144675.00,2511.79,717.00,637.50
1995-05-23,144525.00,2511.73,719.00,634.24
1995-05-24,144329.70,2511.65,721.00,611.78
1995-05-25,144010.00,2511.52,753.00,581.00
1995-05-26,143760.00,2511.42,797.00,657.21
1995-05-27,143395.00,2511.27,799.00,598.98
1995-05-28,143099.70,2511.15,801.00,634.12
1995-05-29,142905.00,2511.07,803.00,684.71
1995-05-30,142682.00,2510.98,805.00,669.69
1995-05-31,142365.31,2510.85,834.00,651.51
1995-06-01,141654.00,2510.56,854.00,469.38
1995-06-02,140876.00,2510.24,892.00,472.36
1995-06-03,140000.00,2509.88,924.00,453.46
1995-06-04,139032.00,2509.48,926.00,405.59
1995-06-05,137990.00,2509.05,934.00,376.09
1995-06-06,136910.00,2508.60,948.00,367.50
1995-06-07,135590.00,2508.05,947.00,243.10
1995-06-08,134257.00,2507.49,961.00,250.17
1995-06-09,132932.00,2506.93,977.00,265.49
1995-06-10,131736.00,2506.42,976.00,327.02
1995-06-11,130589.00,2505.93,975.00,350.21
1995-06-12,129326.95,2505.39,974.00,288.58
1995-06-13,128029.17,2504.83,973.00,267.82
1995-06-14,126662.00,2504.24,975.00,230.46
1995-06-15,125327.77,2503.66,957.00,229.84
1995-06-16,124050.00,2503.10,926.00,224.96
1995-06-17,122841.00,2502.57,916.00,247.21
1995-06-18,121619.00,2502.03,912.00,237.27
1995-06-19,120342.00,2501.46,929.00,222.64
1995-06-20,119024.38,2500.87,940.00,212.18
1995-06-21,117634.00,2500.28,939.00,172.88
1995-06-22,116390.00,2499.68,946.00,254.25
1995-06-23,115132.05,2499.11,952.00,256.03
1995-06-24,113910.00,2498.55,944.00,314.52
1995-06-25,112605.00,2497.95,960.00,314.99
1995-06-26,111200.00,2497.30,1010.00,314.69
1995-06-27,109584.00,2496.54,1063.00,262.56
1995-06-28,107884.00,2495.74,1102.00,263.01
1995-06-29,106131.00,2494.91,1113.00,252.05
1995-06-30,104377.00,2494.07,1121.00,259.96
1995-07-01,102549.95,2493.19,1147.00,253.46
1995-07-02,100720.00,2492.30,1151.00,259.49
1995-07-03,98940.00,2491.42,1141.00,277.09
1995-07-04,97130.00,2490.52,1131.00,254.40
1995-07-05,95320.05,2489.61,1122.00,245.49
1995-07-06,93443.81,2488.66,1109.00,203.19
1995-07-07,91618.00,2487.72,1113.00,234.38
1995-07-08,89764.00,2486.76,1114.00,224.75
1995-07-09,88025.23,2485.85,1104.00,274.38
1995-07-10,86203.91,2484.88,1066.00,199.08
1995-07-11,84434.00,2483.93,1032.00,193.77
1995-07-12,82666.00,2482.97,1019.00,185.11
1995-07-13,80882.00,2481.99,1009.00,169.19
1995-07-14,79110.00,2481.00,996.00,165.16
1995-07-15,77304.00,2479.98,1021.00,176.11
1995-07-16,75454.00,2478.92,1040.00,173.52
1995-07-17,73554.09,2477.82,1058.00,170.42
1995-07-18,71571.84,2476.66,1086.00,127.41
1995-07-19,69510.00,2475.43,1128.00,88.28
1995-07-20,67384.79,2474.15,1145.00,72.82
1995-07-21,65302.27,2472.87,1128.00,77.85
1995-07-22,63180.00,2471.55,1149.00,79.31
1995-07-23,61019.93,2470.18,1159.00,70.83
1995-07-24,58850.00,2468.78,1173.00,79.20
1995-07-25,56600.00,2467.30,1201.00,68.19
1995-07-26,54494.96,2465.89,1194.00,133.00
1995-07-27,52360.00,2464.44,1184.00,106.89
1995-07-28,50186.00,2462.94,1194.00,97.32
1995-07-29,47924.21,2461.36,1209.00,69.80
1995-07-30,45696.00,2459.79,1205.00,81.74
1995-07-31,43460.00,2458.20,1191.00,64.22
1995-08-01,41212.00,2456.58,1205.00,72.46
1995-08-02,38928.00,2454.92,1205.00,54.33
1995-08-03,37143.03,2453.61,958.00,76.47
1995-08-04,35984.00,2452.76,667.00,99.21
1995-08-05,35318.00,2452.27,394.00,77.09
1995-08-06,34924.00,2451.98,299.00,113.18
1995-08-07,34708.07,2451.82,292.00,199.96
1995-08-08,34461.81,2451.64,292.00,183.84
1995-08-09,34098.24,2451.37,290.00,122.27
1995-08-10,33712.00,2451.08,287.00,108.01
1995-08-11,33358.07,2450.82,285.00,122.30
1995-08-12,32982.00,2450.54,283.00,108.96
1995-08-13,32595.00,2450.25,281.00,101.08
1995-08-14,32208.00,2449.96,279.00,99.98
1995-08-15,31817.90,2449.67,279.00,97.93
1995-08-16,31431.93,2449.38,278.00,98.28
1995-08-17,31147.90,2449.17,276.00,147.45
1995-08-18,30829.00,2448.93,274.00,128.77
1995-08-19,30454.84,2448.65,292.00,118.85
1995-08-20,30016.06,2448.32,306.00,100.35
1995-08-21,29590.00,2448.00,302.00,104.02
1995-08-22,29150.90,2447.67,300.00,93.69
1995-08-23,28699.10,2447.33,296.00,83.70
1995-08-24,28234.00,2446.98,306.00,88.26
1995-08-25,27650.00,2446.54,316.00,38.31
1995-08-26,27250.00,2446.24,332.00,146.36
1995-08-27,26640.00,2445.78,344.00,51.86
1995-08-28,26080.00,2445.36,340.00,73.32
1995-08-29,25570.00,2444.97,350.00,108.45
1995-08-30,24910.00,2444.47,384.00,59.53
1995-08-31,24320.00,2444.02,400.00,102.85
1995-09-01,23750.00,2443.59,394.00,105.85
1995-09-02,23080.00,2443.08,382.00,47.34
1995-09-03,22420.00,2442.57,369.00,44.89
1995-09-04,21750.00,2442.06,357.00,32.10
1995-09-05,21240.00,2441.67,291.00,53.34
1995-09-06,20950.00,2441.45,188.00,61.65
1995-09-07,20880.00,2441.40,90.00,72.42
1995-09-08,20880.00,2441.40,54.00,58.55
1995-09-09,20870.00,2441.39,53.00,47.59
1995-09-10,20860.00,2441.28,51.00,46.60
1995-09-11,20840.00,2441.37,51.00,40.83
1995-09-12,20830.00,2441.36,50.00,45.16
1995-09-13,20820.00,2441.35,49.00,44.38
1995-09-14,20820.00,2441.35,51.00,50.36
1995-09-15,20820.00,2441.35,51.00,51.49
1995-09-16,20820.00,2441.35,51.00,50.41
1995-09-17,20820.00,2441.35,50.00,49.60
1995-09-18,20790.00,2441.33,51.00,35.41
1995-09-19,20750.00,2441.30,52.00,31.83
1995-09-20,20710.00,2441.27,52.00,31.83
1995-09-21,20670.00,2441.24,52.00,31.83
1995-09-22,20660.00,2441.23,52.00,46.96
1995-09-23,20640.00,2441.21,52.00,41.92
1995-09-24,20620.00,2441.20,52.00,41.92
1995-09-25,20580.00,2441.17,52.00,31.83
1995-09-26,20560.00,2441.15,52.00,41.92
1995-09-27,20560.00,2441.15,52.00,52.00
1995-09-28,20560.00,2441.15,52.00,52.00
1995-09-29,20650.00,2441.22,52.00,97.38
1995-09-30,20770.00,2441.31,52.00,112.50
1995-10-01,20950.00,2441.45,52.00,142.00
1995-10-02,21530.00,2441.89,52.00,344.42
1995-10-03,22190.00,2442.40,52.00,384.75
1995-10-04,22740.00,2442.82,52.00,329.29
1995-10-05,23050.00,2443.05,51.00,207.29
1995-10-06,23450.00,2443.36,51.00,252.67
1995-10-07,23740.00,2443.58,51.00,197.21
1995-10-08,24030.00,2443.80,51.00,197.21
1995-10-09,24290.00,2444.00,51.00,182.08
1995-10-10,25390.00,2444.83,51.00,605.58
1995-10-11,28650.00,2447.29,50.00,1693.58
1995-10-12,30218.00,2448.47,50.00,840.53
1995-10-13,31050.00,2449.10,50.00,469.47
1995-10-14,31655.00,2449.55,50.00,355.02
1995-10-15,32169.00,2449.93,50.00,309.14
1995-10-16,33034.00,2450.58,50.00,486.10
1995-10-17,34252.00,2451.48,50.00,664.08
1995-10-18,35276.00,2452.24,49.00,565.27
1995-10-19,36092.13,2452.84,49.00,460.47
1995-10-20,36772.13,2453.34,49.00,391.83
1995-10-21,37558.00,2453.92,49.00,445.21
1995-10-22,38136.14,2454.34,49.00,340.48
1995-10-23,38630.00,2454.70,49.00,297.99
1995-10-24,39096.00,2455.04,48.00,282.94
1995-10-25,39832.00,2455.58,48.00,419.07
1995-10-26,41198.00,2456.57,48.00,736.69
1995-10-27,42140.00,2457.25,48.00,522.93
1995-10-28,42858.00,2457.77,48.00,409.99
1995-10-29,43431.93,2458.18,48.00,337.36
1995-10-30,43908.00,2458.52,48.00,288.02
1995-10-31,44300.00,2458.80,47.00,244.63
1995-11-01,44622.00,2459.03,47.00,209.34
1995-11-02,44916.00,2459.24,47.00,195.23
1995-11-03,45140.00,2459.40,47.00,159.93
1995-11-04,45485.79,2459.64,47.00,221.34
1995-11-05,45821.93,2459.88,47.00,216.47
1995-11-06,46144.04,2460.11,46.00,208.39
1995-11-07,47522.00,2461.08,46.00,740.72
1995-11-08,56090.00,2466.96,46.00,4365.70
1995-11-09,59356.04,2469.11,46.00,1692.63
1995-11-10,61050.00,2470.20,46.00,900.04
1995-11-11,65856.00,2473.21,46.00,2469.03
1995-11-12,68062.00,2474.56,46.00,1158.19
1995-11-13,70613.00,2476.09,45.00,1331.13
1995-11-14,73480.00,2477.78,45.00,1490.45
1995-11-15,75539.00,2478.97,45.00,1083.08
1995-11-16,77092.25,2479.86,45.00,828.10
1995-11-17,78220.00,2480.50,45.00,613.57
1995-11-18,79811.95,2481.39,45.00,847.61
1995-11-19,80918.00,2482.01,44.00,601.63
1995-11-20,81792.00,2482.49,44.00,484.64
1995-11-21,82521.95,2482.89,45.00,413.02
1995-11-22,83346.19,2483.34,45.00,460.55
1995-11-23,84821.73,2484.14,45.00,788.92
1995-11-24,86972.00,2485.29,47.00,1131.09
1995-11-25,90489.70,2487.14,49.00,1822.51
1995-11-26,92046.00,2487.94,49.00,833.63
1995-11-27,95020.00,2489.46,50.00,1549.39
1995-11-28,104690.00,2494.22,60.00,4935.29
1995-11-29,119560.00,2501.11,65.00,7561.96
1995-11-30,126454.72,2504.15,61.00,3537.09
1995-12-01,130165.00,2505.75,62.00,1932.60
1995-12-02,132327.83,2506.67,62.00,1152.43
1995-12-03,133906.23,2507.34,65.00,860.78
1995-12-04,134424.00,2507.56,291.00,552.04
1995-12-05,132768.34,2506.86,1288.00,453.27
1995-12-06,130257.00,2505.79,1640.00,373.86
1995-12-07,127637.77,2504.66,1638.00,317.47
1995-12-08,125121.00,2503.57,1520.00,251.13
1995-12-09,123255.00,2502.75,1293.00,352.22
1995-12-10,121462.00,2501.96,1193.00,289.03
1995-12-11,119848.00,2501.24,1093.00,279.27
1995-12-12,118686.00,2500.72,976.00,390.16
1995-12-13,117980.00,2500.40,971.00,615.06
1995-12-14,117354.11,2500.12,827.00,511.45
1995-12-15,116890.00,2499.91,623.00,389.01
1995-12-16,116385.89,2499.68,582.00,327.84
1995-12-17,115836.00,2499.43,580.00,302.76
1995-12-18,115528.00,2499.29,411.00,255.72
1995-12-19,115462.00,2499.26,280.00,246.72
1995-12-20,115396.00,2499.23,255.00,221.72
1995-12-21,115352.00,2499.21,230.00,207.82
1995-12-22,115307.95,2499.19,207.00,184.79
1995-12-23,115307.95,2499.19,179.00,179.00
1995-12-24,115285.89,2499.18,178.00,166.88
1995-12-25,115263.84,2499.17,178.00,166.88
1995-12-26,115241.78,2499.16,155.00,143.88
1995-12-27,115285.89,2499.18,133.00,155.24
1995-12-28,115307.95,2499.19,133.00,144.12
1995-12-29,115660.27,2499.35,131.00,308.63
1995-12-30,116363.84,2499.67,132.00,486.72
1995-12-31,117840.00,2500.34,132.00,876.23
1996-01-01,118755.00,2500.75,132.00,593.31
1996-01-02,119980.00,2501.30,131.00,748.60
1996-01-03,123001.66,2502.64,134.00,1657.42
1996-01-04,124326.00,2503.22,208.00,875.69
1996-01-05,124602.23,2503.34,432.00,571.26
1996-01-06,124533.05,2503.31,583.00,548.13
1996-01-07,126041.00,2503.97,593.00,1353.26
1996-01-08,126685.00,2504.25,738.00,1062.68
1996-01-09,126225.00,2504.05,951.00,719.08
1996-01-10,125535.00,2503.75,951.00,603.12
1996-01-11,124533.05,2503.31,948.00,442.85
1996-01-12,123545.89,2502.88,867.00,369.30
1996-01-13,122749.00,2502.53,804.00,402.23
1996-01-14,122956.11,2502.62,804.00,908.42
1996-01-15,124487.00,2503.29,810.00,1581.82
1996-01-16,125304.72,2503.65,813.00,1225.27
1996-01-17,125098.00,2503.56,813.00,708.78
1996-01-18,124464.00,2503.28,810.00,490.36
1996-01-19,123774.00,2502.98,810.00,462.12
1996-01-20,123070.83,2502.67,813.00,458.48
1996-01-21,122138.00,2502.26,810.00,339.70
1996-01-22,121506.00,2501.98,603.00,284.37
1996-01-23,121352.00,2501.91,424.00,346.36
1996-01-24,121123.05,2501.81,424.00,308.57
1996-01-25,120856.95,2501.69,356.00,221.84
1996-01-26,120718.61,2501.63,276.00,206.26
1996-01-27,120628.00,2501.59,276.00,230.32
1996-01-28,120540.00,2501.55,276.00,231.63
1996-01-29,120518.00,2501.54,276.00,264.91
1996-01-30,120072.23,2501.34,249.00,24.26
1996-01-31,119936.00,2501.28,215.00,146.32
1996-02-01,119804.00,2501.22,180.00,113.45
1996-02-02,119848.00,2501.24,131.00,153.18
1996-02-03,119914.00,2501.27,132.00,165.28
1996-02-04,120003.05,2501.31,133.00,177.90
1996-02-05,120298.00,2501.44,135.00,283.70
1996-02-06,121596.00,2502.02,138.00,792.41
1996-02-07,126477.77,2504.16,143.00,2604.23
1996-02-08,136430.00,2508.40,153.00,5170.58
1996-02-09,141750.00,2510.60,154.00,2836.17
1996-02-10,143685.94,2511.39,153.00,1129.04
1996-02-11,144820.30,2511.85,156.00,727.91
1996-02-12,145738.00,2512.22,157.00,619.68
1996-02-13,146355.00,2512.47,159.00,470.07
1996-02-14,146630.00,2512.58,296.00,434.65
1996-02-15,146530.00,2512.54,455.00,404.58
1996-02-16,146430.00,2512.50,458.00,407.58
1996-02-17,146605.00,2512.57,461.00,549.23
1996-02-18,147945.06,2513.11,467.00,1142.62
1996-02-19,149045.00,2513.55,470.00,1024.55
1996-02-20,149595.00,2513.77,475.00,752.29
1996-02-21,149570.00,2513.76,590.00,577.40
1996-02-22,149020.00,2513.54,828.00,550.71
1996-02-23,147420.00,2512.90,1243.00,436.33
1996-02-24,145090.00,2511.96,1502.00,327.29
1996-02-25,142755.00,2511.01,1494.00,316.77
1996-02-26,140679.75,2510.16,1289.00,242.73
1996-02-27,138984.00,2509.46,1079.00,224.06
1996-02-28,138110.00,2509.10,653.00,212.36
1996-02-29,137726.00,2508.94,438.00,244.40
1996-03-01,137294.00,2508.76,435.00,217.20
1996-03-02,136862.00,2508.58,433.00,215.20
1996-03-03,136646.00,2508.49,430.00,321.10
1996-03-04,136381.88,2508.38,381.00,247.84
1996-03-05,136286.23,2508.34,281.00,232.78
1996-03-06,136286.23,2508.34,239.00,239.00
1996-03-07,136286.23,2508.34,238.00,238.00
1996-03-08,136214.06,2508.31,237.00,200.61
1996-03-09,136238.13,2508.32,235.00,247.13
1996-03-10,136381.88,2508.38,234.00,306.47
1996-03-11,136646.00,2508.49,233.00,366.16
1996-03-12,137029.70,2508.65,232.00,425.45
1996-03-13,137366.00,2508.79,231.00,400.55
1996-03-14,137678.00,2508.92,230.00,387.30
1996-03-15,138253.77,2509.16,229.00,519.28
1996-03-16,138696.23,2509.34,230.00,453.08
1996-03-17,139032.00,2509.48,229.00,398.28
1996-03-18,139320.00,2509.60,228.00,373.20
1996-03-19,139685.00,2509.75,227.00,411.02
1996-03-20,139760.00,2509.78,314.00,351.81
1996-03-21,139635.00,2509.73,400.00,336.98
1996-03-22,139487.83,2509.67,398.00,323.80
1996-03-23,139320.00,2509.60,396.00,311.39
1996-03-24,139056.00,2509.49,395.00,261.90
1996-03-25,138768.41,2509.37,394.00,249.00
1996-03-26,138450.00,2509.24,393.00,232.47
1996-03-27,138086.00,2509.09,389.00,205.48
1996-03-28,137846.00,2508.99,306.00,185.00
1996-03-29,138014.00,2509.06,220.00,304.70
1996-03-30,137966.00,2509.04,221.00,196.80
1996-03-31,137942.00,2509.03,222.00,209.90
1996-04-01,138062.00,2509.08,190.00,250.50
1996-04-02,138277.83,2509.17,118.00,226.81
1996-04-03,138525.00,2509.27,83.00,207.62
1996-04-04,138791.88,2509.38,84.00,218.55
1996-04-05,139128.00,2509.52,84.00,253.46
1996-04-06,139735.00,2509.77,85.00,391.03
1996-04-07,141070.13,2510.32,87.00,760.13
1996-04-08,143000.00,2511.11,85.00,1057.98
1996-04-09,145315.00,2512.05,87.00,1254.15
1996-04-10,147295.31,2512.85,89.00,1087.41
1996-04-11,148895.00,2513.49,91.00,897.51
1996-04-12,149869.88,2513.88,261.00,752.50
1996-04-13,150120.00,2513.98,462.00,588.10
1996-04-14,150270.00,2514.04,463.00,538.63
1996-04-15,150345.00,2514.07,515.00,552.81
1996-04-16,150904.00,2514.29,576.00,857.83
1996-04-17,151154.94,2514.39,620.00,746.51
1996-04-18,151105.42,2514.37,662.00,637.04
1996-04-19,150852.00,2514.27,662.00,534.23
1996-04-20,150420.00,2514.10,662.00,444.20
1996-04-21,149920.00,2513.90,662.00,409.92
1996-04-22,149845.42,2513.87,535.00,497.40
1996-04-23,151829.75,2514.66,418.00,1418.43
1996-04-24,154110.00,2515.56,420.00,1569.63
1996-04-25,154660.00,2515.78,756.00,1033.29
1996-04-26,154010.00,2515.52,1145.00,817.29
1996-04-27,152915.00,2515.09,1142.00,589.94
1996-04-28,151605.00,2514.57,1139.00,478.54
1996-04-29,151030.25,2514.34,641.00,351.23
1996-04-30,151605.00,2514.57,210.00,499.77
1996-05-01,152112.00,2514.77,258.00,513.61
1996-05-02,152515.00,2514.93,229.00,432.18
1996-05-03,152865.00,2515.07,206.00,382.46
1996-05-04,153147.88,2515.18,202.00,344.62
1996-05-05,153400.00,2515.28,198.00,325.11
1996-05-06,153700.00,2515.40,172.00,323.25
1996-05-07,154210.00,2515.60,100.00,357.13
1996-05-08,154635.00,2515.77,69.00,283.27
1996-05-09,155045.00,2515.93,69.00,275.71
1996-05-10,155428.00,2516.08,69.00,262.10
1996-05-11,155955.00,2516.29,69.00,334.70
1996-05-12,156575.00,2516.53,69.00,381.58
1996-05-13,157822.00,2517.02,69.00,697.70
1996-05-14,159060.00,2517.50,201.00,825.16
1996-05-15,159413.63,2517.64,552.00,730.29
1996-05-16,159285.00,2517.59,691.00,626.15
1996-05-17,159336.06,2517.61,616.00,641.74
1996-05-18,159413.63,2517.64,622.00,661.10
1996-05-19,159465.75,2517.66,659.00,685.28
1996-05-20,159387.56,2517.63,647.00,607.58
1996-05-21,159336.06,2517.61,582.00,556.04
1996-05-22,159543.94,2517.69,587.00,691.80
1996-05-23,159543.94,2517.69,636.00,636.00
1996-05-24,159491.81,2517.67,624.00,597.72
1996-05-25,159570.00,2517.70,624.00,663.42
1996-05-26,159648.00,2517.73,676.00,715.33
1996-05-27,159596.00,2517.71,676.00,649.78
1996-05-28,159362.13,2517.62,600.00,482.09
1996-05-29,159439.69,2517.65,576.00,615.10
1996-05-30,159260.00,2517.58,551.00,460.41
1996-05-31,159110.00,2517.52,471.00,395.37
1996-06-01,159034.00,2517.49,417.00,378.68
1996-06-02,159210.00,2517.56,439.00,527.73
1996-06-03,159491.81,2517.67,552.00,694.08
1996-06-04,159465.75,2517.66,601.00,587.86
1996-06-05,159285.00,2517.59,552.00,460.87
1996-06-06,159260.00,2517.58,506.00,493.40
1996-06-07,159285.00,2517.59,506.00,518.60
1996-06-08,159235.00,2517.57,506.00,480.79
1996-06-09,159085.00,2517.51,461.00,385.37
1996-06-10,158930.00,2517.45,397.00,318.85
1996-06-11,158878.00,2517.43,357.00,330.78
1996-06-12,158826.00,2517.41,337.00,310.78
1996-06-13,158800.00,2517.40,317.00,303.89
1996-06-14,158773.94,2517.39,317.00,303.86
1996-06-15,158722.44,2517.37,300.00,274.04
1996-06-16,158670.31,2517.35,283.00,256.72
1996-06-17,158618.19,2517.33,266.00,239.72
1996-06-18,158566.06,2517.31,249.00,222.72
1996-06-19,158462.00,2517.27,225.00,172.54
1996-06-20,158410.00,2517.25,204.00,177.78
1996-06-21,158410.00,2517.25,197.00,197.00
1996-06-22,158410.00,2517.25,197.00,197.00
1996-06-23,158514.00,2517.29,211.00,263.43
1996-06-24,158540.00,2517.30,232.00,245.11
1996-06-25,158566.06,2517.31,232.00,245.14
1996-06-26,158514.00,2517.29,232.00,205.75
1996-06-27,158488.00,2517.28,218.00,204.89
1996-06-28,158436.00,2517.26,211.00,184.78
1996-06-29,158410.00,2517.25,204.00,190.89
1996-06-30,158384.00,2517.24,190.00,176.89
1996-07-01,158410.00,2517.25,190.00,203.11
1996-07-02,158410.00,2517.25,197.00,197.00
1996-07-03,158410.00,2517.25,197.00,197.00
1996-07-04,158358.00,2517.23,190.00,163.78
1996-07-05,158280.00,2517.20,176.00,136.67
1996-07-06,158254.94,2517.19,151.00,138.36
1996-07-07,158229.88,2517.18,132.00,119.36
1996-07-08,158280.00,2517.20,138.00,163.27
1996-07-09,158254.94,2517.19,144.00,131.36
1996-07-10,158229.88,2517.18,124.00,111.36
1996-07-11,158229.88,2517.18,119.00,119.00
1996-07-12,158229.88,2517.18,119.00,119.00
1996-07-13,158229.88,2517.18,119.00,119.00
1996-07-14,158229.88,2517.18,119.00,119.00
1996-07-15,158204.81,2517.17,119.00,106.36
1996-07-16,158129.64,2517.14,109.00,71.10
1996-07-17,158129.64,2517.14,97.00,97.00
1996-07-18,158129.64,2517.14,97.00,97.00
1996-07-19,158204.81,2517.17,109.00,146.90
1996-07-20,158179.75,2517.16,109.00,96.36
1996-07-21,158154.69,2517.15,109.00,96.36
1996-07-22,158104.58,2517.13,97.00,71.74
1996-07-23,158104.58,2517.13,92.00,92.00
1996-07-24,158080.13,2517.12,86.00,73.67
1996-07-25,158030.00,2517.10,81.00,55.73
1996-07-26,158004.00,2517.09,85.00,71.89
1996-07-27,157900.00,2517.05,97.00,44.57
1996-07-28,157822.00,2517.02,75.00,35.67
1996-07-29,157720.00,2516.98,115.00,63.57
1996-07-30,157442.44,2516.87,168.00,28.06
1996-07-31,157130.00,2516.75,181.00,23.48
1996-08-01,156899.75,2516.66,211.00,94.92
1996-08-02,156396.00,2516.46,278.00,24.03
1996-08-03,155980.00,2516.30,280.00,70.27
1996-08-04,155579.64,2516.14,284.00,82.15
1996-08-05,155272.00,2516.02,289.00,133.90
1996-08-06,154866.38,2515.86,293.00,88.50
1996-08-07,154434.94,2515.69,297.00,79.48
1996-08-08,153960.00,2515.50,327.00,87.55
1996-08-09,153400.00,2515.28,356.00,73.67
1996-08-10,152790.00,2515.04,398.00,90.46
1996-08-11,151956.00,2514.71,471.00,50.52
1996-08-12,151180.00,2514.40,496.00,104.77
1996-08-13,150395.00,2514.09,474.00,78.23
1996-08-14,149520.00,2513.74,527.00,85.85
1996-08-15,147170.00,2512.80,1244.00,59.21
1996-08-16,144500.00,2511.72,1389.00,42.87
1996-08-17,141949.88,2510.68,1311.00,25.31
1996-08-18,139540.00,2509.69,1254.00,39.02
1996-08-19,137198.00,2508.72,1228.00,47.24
1996-08-20,134856.00,2507.74,1217.00,36.24
1996-08-21,132584.00,2506.78,1205.00,59.53
1996-08-22,130280.00,2505.80,1193.00,31.40
1996-08-23,128351.00,2504.97,1024.00,51.46
1996-08-24,126431.66,2504.14,1027.00,59.33
1996-08-25,124418.00,2503.26,1053.00,37.78
1996-08-26,122482.00,2502.41,1024.00,47.93
1996-08-27,120540.00,2501.55,1002.00,22.91
1996-08-28,118663.00,2500.71,968.00,21.68
1996-08-29,116960.00,2499.94,905.00,46.40
1996-08-30,115352.00,2499.21,871.00,60.30
1996-08-31,113712.00,2498.46,866.00,39.17
1996-09-01,112104.00,2497.72,864.00,53.30
1996-09-02,110476.00,2496.96,871.00,50.22
1996-09-03,108902.00,2496.22,857.00,63.44
1996-09-04,107401.00,2495.51,820.00,63.25
1996-09-05,106110.00,2494.90,794.00,143.12
1996-09-06,104734.00,2494.24,780.00,86.27
1996-09-07,103360.00,2493.58,778.00,85.27
1996-09-08,102000.00,2492.92,776.00,90.33
1996-09-09,100236.00,2492.06,946.00,56.65
1996-09-10,98130.00,2491.02,1113.00,51.22
1996-09-11,96090.00,2490.00,1089.00,60.50
1996-09-12,94053.00,2488.97,1069.00,42.01
1996-09-13,92103.00,2487.97,1056.00,72.87
1996-09-14,90220.00,2487.00,1036.00,86.65
1996-09-15,88519.05,2486.11,1030.00,172.44
1996-09-16,86828.00,2485.21,982.00,129.43
1996-09-17,85120.00,2484.30,959.00,97.88
1996-09-18,83365.23,2483.35,980.00,95.31
1996-09-19,81648.00,2482.41,988.00,122.23
1996-09-20,79932.00,2481.46,979.00,113.85
1996-09-21,78346.00,2480.57,969.00,169.39
1996-09-22,76837.00,2479.71,963.00,202.21
1996-09-23,74882.00,2478.59,1125.00,139.35
1996-09-24,72983.00,2477.49,1087.00,129.59
1996-09-25,71156.00,2476.41,1046.00,124.89
1996-09-26,69239.00,2475.27,1079.00,112.51
1996-09-27,67300.00,2474.10,1097.00,119.42
1996-09-28,65382.00,2472.92,1084.00,117.01
1996-09-29,63500.00,2471.75,1071.00,122.16
1996-09-30,61568.00,2470.53,1082.00,107.95
1996-10-01,59612.00,2469.27,1093.00,107.00
1996-10-02,57630.00,2467.98,1124.00,124.74
1996-10-03,55609.78,2466.64,1142.00,123.47
1996-10-04,53739.93,2465.38,1121.00,178.28
1996-10-05,51855.00,2464.09,1093.00,142.68
1996-10-06,49995.04,2462.81,1075.00,137.27
1996-10-07,48195.00,2461.55,1051.00,143.48
1996-10-08,46405.00,2460.29,1019.00,116.54
1996-10-09,44594.00,2459.01,1041.00,127.95
1996-10-10,42774.00,2457.71,1044.00,126.42
1996-10-11,40988.00,2456.42,1019.00,118.56
1996-10-12,39277.90,2455.17,995.00,132.82
1996-10-13,37656.00,2453.99,931.00,113.29
1996-10-14,37452.13,2453.84,411.00,308.21
1996-10-15,37861.81,2454.14,145.00,351.55
1996-10-16,38136.14,2454.34,81.00,219.31
1996-10-17,38399.00,2454.53,80.00,212.53
1996-10-18,38783.03,2454.81,80.00,273.62
1996-10-19,39026.00,2454.99,80.00,202.50
1996-10-20,39194.04,2455.11,80.00,164.72
1996-10-21,39506.14,2455.34,56.00,213.35
1996-10-22,40354.00,2455.96,34.00,461.46
1996-10-23,41212.00,2456.58,35.00,467.58
1996-10-24,42467.00,2457.49,36.00,668.73
1996-10-25,43530.00,2458.25,37.00,572.93
1996-10-26,44286.00,2458.79,37.00,418.15
1996-10-27,44831.93,2459.18,37.00,312.24
1996-10-28,46640.00,2460.46,38.00,949.57
1996-10-29,48353.86,2461.66,39.00,903.07
1996-10-30,49354.21,2462.36,40.00,544.34
1996-10-31,50085.26,2462.87,40.00,408.57
1996-11-01,50644.00,2463.26,40.00,321.70
1996-11-02,51126.00,2463.59,41.00,284.01
1996-11-03,51622.00,2463.93,41.00,291.07
1996-11-04,52145.00,2464.29,41.00,304.68
1996-11-05,52570.00,2464.58,41.00,255.27
1996-11-06,53550.00,2465.25,42.00,536.08
1996-11-07,54234.00,2465.71,43.00,387.85
1996-11-08,55288.00,2466.42,43.00,574.39
1996-11-09,56300.00,2467.10,45.00,555.22
1996-11-10,57164.89,2467.67,45.00,481.05
1996-11-11,57937.92,2468.18,45.00,434.74
1996-11-12,58820.00,2468.76,45.00,489.71
1996-11-13,60231.88,2469.67,46.00,757.82
1996-11-14,61353.96,2470.39,47.00,612.71
1996-11-15,62134.96,2470.89,47.00,440.76
1996-11-16,62933.96,2471.39,48.00,450.83
1996-11-17,63596.04,2471.81,48.00,381.80
1996-11-18,64044.00,2472.09,48.00,273.85
1996-11-19,64684.00,2472.49,48.00,370.67
1996-11-20,65078.00,2472.73,48.00,246.64
1996-11-21,65398.00,2472.93,48.00,209.33
1996-11-22,65704.09,2473.12,48.00,202.32
1996-11-23,66000.00,2473.30,48.00,197.19
1996-11-24,66354.00,2473.52,48.00,226.48
1996-11-25,66714.00,2473.74,48.00,229.50
1996-11-26,66929.29,2473.87,48.00,156.54
1996-11-27,68147.04,2474.61,48.00,661.95
1996-11-28,70358.00,2475.94,48.00,1162.69
1996-11-29,71453.00,2476.59,48.00,600.06
1996-11-30,72370.00,2477.13,51.00,513.32
1996-12-01,73180.00,2477.60,52.00,460.38
1996-12-02,73809.00,2477.97,48.00,365.12
1996-12-03,74295.00,2478.25,45.00,290.03
1996-12-04,75001.84,2478.66,45.00,401.36
1996-12-05,75573.00,2478.99,46.00,333.96
1996-12-06,75958.00,2479.21,45.00,239.10
1996-12-07,76409.00,2479.47,46.00,273.38
1996-12-08,76765.87,2479.67,46.00,225.92
1996-12-09,77041.13,2479.83,40.00,178.78
1996-12-10,77394.00,2480.03,34.00,211.91
1996-12-11,77672.96,2480.19,34.00,174.64
1996-12-12,77960.22,2480.35,34.00,178.83
1996-12-13,78310.00,2480.55,34.00,210.35
1996-12-14,78489.78,2480.65,34.00,124.64
1996-12-15,78777.04,2480.81,34.00,178.83
1996-12-16,78984.00,2480.93,34.00,138.34
1996-12-17,79182.00,2481.04,34.00,133.83
1996-12-18,79379.78,2481.15,34.00,133.71
1996-12-19,79632.00,2481.29,34.00,161.16
1996-12-20,79949.00,2481.47,34.00,193.82
1996-12-21,80162.00,2481.59,34.00,141.39
1996-12-22,80341.95,2481.69,34.00,124.73
1996-12-23,80683.91,2481.88,34.00,206.41
1996-12-24,81044.00,2482.08,34.00,215.54
1996-12-25,81300.00,2482.22,34.00,163.07
1996-12-26,81610.00,2482.39,34.00,190.29
1996-12-27,81846.00,2482.52,34.00,152.98
1996-12-28,81990.00,2482.60,34.00,106.60
1996-12-29,82630.00,2482.95,34.00,356.67
1996-12-30,83051.91,2483.18,34.00,246.71
1996-12-31,83839.05,2483.61,34.00,430.85
1997-01-01,85572.00,2484.54,36.00,909.70
1997-01-02,87332.00,2485.48,36.00,923.33
1997-01-03,88632.86,2486.17,36.00,691.85
1997-01-04,89479.05,2486.61,36.00,462.62
1997-01-05,90068.00,2486.92,36.00,332.93
1997-01-06,90979.95,2487.39,37.00,496.78
1997-01-07,92800.15,2488.33,39.00,956.68
1997-01-08,94034.00,2488.96,38.00,660.07
1997-01-09,94900.00,2489.40,38.00,474.61
1997-01-10,95595.00,2489.75,38.00,388.40
1997-01-11,96210.00,2490.06,38.00,348.06
1997-01-12,96690.00,2490.30,38.00,280.00
1997-01-13,96910.00,2490.41,38.00,148.92
1997-01-14,97350.00,2490.63,38.00,259.83
1997-01-15,97790.00,2490.85,38.00,259.83
1997-01-16,98170.00,2491.04,38.00,229.58
1997-01-17,98530.00,2491.23,38.00,219.50
1997-01-18,98940.00,2491.42,38.00,244.71
1997-01-19,99300.00,2491.80,38.00,219.50
1997-01-20,99460.00,2491.80,38.00,118.67
1997-01-21,100070.00,2491.98,38.00,345.54
1997-01-22,100439.80,2492.16,38.00,224.44
1997-01-23,100951.00,2492.41,38.00,295.73
1997-01-24,101200.00,2492.53,38.00,163.54
1997-01-25,101400.00,2492.63,38.00,138.83
1997-01-26,101630.00,2492.74,38.00,153.96
1997-01-27,101917.90,2492.88,38.00,183.15
1997-01-28,102265.00,2493.05,38.00,213.00
1997-01-29,102612.00,2493.22,38.00,212.95
1997-01-30,104110.00,2493.94,39.00,794.24
1997-01-31,105420.00,2494.57,39.00,699.46
1997-02-01,106488.00,2495.08,40.00,578.45
1997-02-02,107270.00,2495.45,40.00,434.26
1997-02-03,107863.00,2495.73,40.00,338.97
1997-02-04,108367.00,2495.97,40.00,294.10
1997-02-05,108793.84,2496.17,40.00,255.20
1997-02-06,109217.36,2496.37,40.00,253.53
1997-02-07,109542.00,2496.52,40.00,203.67
1997-02-08,109835.80,2496.66,40.00,188.12
1997-02-09,110109.00,2496.79,40.00,177.74
1997-02-10,110371.00,2496.91,40.00,172.09
1997-02-11,110780.00,2497.10,40.00,246.20
1997-02-12,111244.11,2497.32,40.00,273.99
1997-02-13,111618.00,2497.49,40.00,228.50
1997-02-14,113404.11,2498.32,41.00,941.50
1997-02-15,116188.00,2499.59,42.00,1445.55
1997-02-16,117660.00,2500.30,42.00,784.13
1997-02-17,118936.16,2500.83,41.00,684.40
1997-02-18,120003.05,2501.31,42.00,579.89
1997-02-19,121146.11,2501.82,42.00,618.29
1997-02-20,121711.00,2502.07,82.00,366.80
1997-02-21,121955.89,2502.18,176.00,299.47
1997-02-22,121977.95,2502.19,236.00,247.12
1997-02-23,121977.95,2502.19,237.00,237.00
1997-02-24,121688.00,2502.06,361.00,214.82
1997-02-25,121056.00,2501.78,530.00,211.37
1997-02-26,120496.00,2501.53,529.00,246.67
1997-02-27,119826.00,2501.23,527.00,189.21
1997-02-28,119134.00,2500.92,526.00,177.12
1997-03-01,118778.00,2500.76,529.00,349.52
1997-03-02,118178.00,2500.49,530.00,227.50
1997-03-03,117530.00,2500.20,529.00,202.30
1997-03-04,116850.00,2499.89,530.00,187.17
1997-03-05,116122.00,2499.56,528.00,160.97
1997-03-06,115594.11,2499.32,472.00,205.85
1997-03-07,115241.78,2499.16,394.00,216.37
1997-03-08,114802.00,2498.96,395.00,173.28
1997-03-09,114647.95,2498.89,398.00,320.33
1997-03-10,114472.05,2498.81,282.00,193.32
1997-03-11,114516.16,2498.83,195.00,217.24
1997-03-12,114516.16,2498.83,196.00,196.00
1997-03-13,114387.00,2498.77,234.00,168.88
1997-03-14,114107.68,2498.64,287.00,146.18
1997-03-15,114151.78,2498.66,287.00,309.23
1997-03-16,114042.05,2498.61,288.00,232.68
1997-03-17,113822.00,2498.51,346.00,235.06
1997-03-18,114604.38,2498.87,405.00,799.45
1997-03-19,120141.39,2501.37,336.00,3127.58
1997-03-20,124464.00,2503.28,184.00,2363.32
1997-03-21,126317.00,2504.09,186.00,1120.22
1997-03-22,127428.00,2504.57,187.00,747.13
1997-03-23,128213.00,2504.91,187.00,582.77
1997-03-24,128489.00,2505.03,378.00,517.15
1997-03-25,127983.05,2504.81,721.00,465.92
1997-03-26,127660.83,2504.67,830.00,667.54
1997-03-27,127308.00,2504.52,829.00,651.12
1997-03-28,126800.00,2504.30,830.00,573.88
1997-03-29,125972.00,2503.94,828.00,410.55
1997-03-30,125075.00,2503.55,826.00,373.76
1997-03-31,124256.95,2503.19,828.00,415.56
1997-04-01,123255.00,2502.75,826.00,320.85
1997-04-02,122161.00,2502.27,821.00,269.44
1997-04-03,121215.28,2501.85,822.00,345.20
1997-04-04,119892.00,2501.26,919.00,251.85
1997-04-05,118310.00,2500.55,1023.00,225.41
1997-04-06,116830.00,2499.88,1020.00,273.83
1997-04-07,115285.89,2499.18,1015.00,236.51
1997-04-08,113844.00,2498.52,1009.00,282.05
1997-04-09,112477.95,2497.89,1004.00,315.28
1997-04-10,111074.00,2497.24,998.00,290.18
1997-04-11,109668.00,2496.58,996.00,287.14
1997-04-12,108262.00,2495.92,987.00,278.14
1997-04-13,107097.36,2495.37,981.00,393.83
1997-04-14,106257.00,2494.97,848.00,424.32
1997-04-15,105711.00,2494.71,690.00,414.72
1997-04-16,105440.00,2494.58,688.00,551.37
1997-04-17,105420.00,2494.57,689.00,678.92
1997-04-18,105259.00,2494.49,690.00,608.83
1997-04-19,105340.00,2494.53,692.00,732.84
1997-04-20,108073.16,2495.83,487.00,1864.97
1997-04-21,110067.00,2496.77,241.00,1246.23
1997-04-22,111464.00,2497.42,242.00,946.32
1997-04-23,112995.63,2498.13,242.00,1014.19
1997-04-24,114303.00,2498.73,243.00,902.14
1997-04-25,115219.73,2499.15,388.00,850.19
1997-04-26,116056.00,2499.53,565.00,986.62
1997-04-27,117660.00,2500.30,570.00,1378.68
1997-04-28,118732.00,2500.74,640.00,1180.47
1997-04-29,118980.27,2500.85,858.00,983.17
1997-04-30,118870.00,2500.80,1048.00,992.41
1997-05-01,118398.00,2500.59,1048.00,810.03
1997-05-02,117569.00,2500.23,1048.00,630.05
1997-05-03,116804.38,2499.87,1041.00,655.50
1997-05-04,116078.00,2499.54,1041.00,674.79
1997-05-05,115506.00,2499.28,1037.00,748.62
1997-05-06,116122.00,2499.56,1037.00,1347.57
1997-05-07,116584.00,2499.77,951.00,1183.93
1997-05-08,117046.00,2499.98,849.00,1081.93
1997-05-09,117724.16,2500.32,849.00,1190.90
1997-05-10,118958.22,2500.84,852.00,1474.17
1997-05-11,120452.00,2501.51,858.00,1611.12
1997-05-12,122570.00,2502.45,780.00,1847.83
1997-05-13,125512.00,2503.74,672.00,2155.26
1997-05-14,128443.00,2505.01,680.00,2157.71
1997-05-15,131412.00,2506.28,682.00,2178.87
1997-05-16,134663.77,2507.66,593.00,2232.43
1997-05-17,137798.00,2508.97,507.00,2087.18
1997-05-18,140122.00,2509.93,510.00,1681.68
1997-05-19,141849.64,2510.64,595.00,1466.02
1997-05-20,143070.00,2511.14,699.00,1314.26
1997-05-21,143590.30,2511.35,804.00,1066.32
1997-05-22,143661.88,2511.38,939.00,975.09
1997-05-23,143685.94,2511.39,984.00,996.13
1997-05-24,143614.36,2511.36,984.00,947.91
1997-05-25,143470.00,2511.30,984.00,911.22
1997-05-26,143320.00,2511.24,984.00,908.37
1997-05-27,143147.83,2511.17,1086.00,999.20
1997-05-28,143195.94,2511.19,1177.00,1201.26
1997-05-29,143735.00,2511.41,1177.00,1448.78
1997-05-30,144377.83,2511.67,1177.00,1501.09
1997-05-31,145564.69,2512.15,1181.00,1779.38
1997-06-01,146754.58,2512.63,1184.00,1783.90
1997-06-02,147170.00,2512.80,1184.00,1393.44
1997-06-03,147720.00,2513.02,1184.00,1461.29
1997-06-04,148094.81,2513.17,1187.00,1375.97
1997-06-05,148019.64,2513.14,1184.00,1146.10
1997-06-06,147920.00,2513.10,1111.00,1060.76
1997-06-07,147870.00,2513.08,1037.00,1011.79
1997-06-08,147745.00,2513.03,1037.00,973.98
1997-06-09,147870.00,2513.08,939.00,1002.02
1997-06-10,148445.06,2513.31,813.00,1102.93
1997-06-11,149120.00,2513.58,816.00,1156.28
1997-06-12,149545.00,2513.75,755.00,969.27
1997-06-13,149995.00,2513.93,621.00,847.88
1997-06-14,150800.00,2514.25,515.00,920.85
1997-06-15,151854.81,2514.67,515.00,1046.80
1997-06-16,153017.56,2515.13,482.00,1068.22
1997-06-17,154610.00,2515.76,421.00,1223.85
1997-06-18,155980.00,2516.30,498.00,1188.71
1997-06-19,156370.00,2516.45,652.00,848.63
1997-06-20,156396.00,2516.46,666.00,679.11
1997-06-21,156575.00,2516.53,566.00,656.25
1997-06-22,156949.88,2516.68,520.00,709.00
1997-06-23,157364.25,2516.84,519.00,727.91
1997-06-24,157770.00,2517.00,521.00,725.57
1997-06-25,157978.00,2517.08,593.00,697.87
1997-06-26,157900.00,2517.05,670.00,630.67
1997-06-27,157645.00,2516.95,646.00,517.44
1997-06-28,157570.00,2516.92,598.00,560.19
1997-06-29,157770.00,2517.00,580.00,680.83
1997-06-30,157670.00,2516.96,579.00,528.58
1997-07-01,157620.00,2516.94,524.00,498.79
1997-07-02,157493.94,2516.89,536.00,472.44
1997-07-03,157260.00,2516.80,580.00,462.06
1997-07-04,157234.00,2516.79,579.00,565.89
1997-07-05,157182.00,2516.77,628.00,601.78
1997-07-06,157000.00,2516.70,714.00,622.24
1997-07-07,156448.00,2516.48,752.00,473.70
1997-07-08,156110.31,2516.35,752.00,581.75
1997-07-09,156550.00,2516.52,751.00,972.68
1997-07-10,156500.00,2516.50,753.00,727.79
1997-07-11,156240.00,2516.40,753.00,621.92
1997-07-12,155755.00,2516.21,750.00,505.48
1997-07-13,155170.00,2515.98,750.00,455.06
1997-07-14,154585.00,2515.75,747.00,452.06
1997-07-15,153960.00,2515.50,747.00,431.90
1997-07-16,153147.88,2515.18,802.00,392.55
1997-07-17,152008.00,2514.73,932.00,357.31
1997-07-18,150670.00,2514.20,1012.00,337.42
1997-07-19,149344.81,2513.67,1016.00,347.88
1997-07-20,147994.58,2513.13,1024.00,343.26
1997-07-21,146530.00,2512.54,1081.00,342.61
1997-07-22,144700.00,2511.80,1204.00,281.37
1997-07-23,142730.00,2511.00,1254.00,260.79
1997-07-24,140629.64,2510.14,1300.00,241.07
1997-07-25,138400.00,2509.22,1346.00,221.89
1997-07-26,136166.00,2508.29,1354.00,227.69
1997-07-27,133906.23,2507.34,1358.00,218.70
1997-07-28,131690.00,2506.40,1350.00,232.65
1997-07-29,129465.00,2505.45,1338.00,216.23
1997-07-30,127237.00,2504.49,1314.00,190.72
1997-07-31,125052.00,2503.54,1289.00,187.40
1997-08-01,122864.00,2502.58,1282.00,178.88
1997-08-02,120673.05,2501.61,1272.00,167.40
1997-08-03,118507.68,2500.64,1275.00,183.29
1997-08-04,116300.00,2499.64,1293.00,179.96
1997-08-05,114040.00,2498.61,1303.00,163.58
1997-08-06,111790.00,2497.57,1307.00,172.62
1997-08-07,109500.00,2496.50,1303.00,148.46
1997-08-08,107210.00,2495.42,1300.00,145.46
1997-08-09,104900.00,2494.32,1296.00,131.37
1997-08-10,102600.00,2493.21,1293.00,133.42
1997-08-11,100278.00,2492.08,1289.00,118.32
1997-08-12,98030.00,2490.97,1258.00,124.63
1997-08-13,95890.00,2489.90,1212.00,133.08
1997-08-14,93800.20,2488.84,1181.00,127.39
1997-08-15,91713.00,2487.77,1170.00,117.71
1997-08-16,89630.95,2486.69,1160.00,110.30
1997-08-17,87579.05,2485.61,1153.00,118.50
1997-08-18,85554.00,2484.53,1142.00,121.04
1997-08-19,83550.00,2483.45,1128.00,117.65
1997-08-20,81576.30,2482.37,1117.00,121.93
1997-08-21,79614.00,2481.28,1107.00,117.67
1997-08-22,77655.91,2480.18,1096.00,108.80
1997-08-23,75709.00,2479.07,1086.00,104.43
1997-08-24,73860.00,2478.00,1053.00,120.80
1997-08-25,72235.00,2477.05,897.00,77.73
1997-08-26,71172.00,2476.42,661.00,125.07
1997-08-27,70390.00,2475.96,445.00,50.74
1997-08-28,70045.00,2475.75,250.00,76.06
1997-08-29,69960.00,2475.70,102.00,59.15
1997-08-30,70011.00,2475.73,51.00,76.71
1997-08-31,70062.00,2475.76,49.00,74.71
1997-09-01,70113.00,2475.79,49.00,74.71
1997-09-02,70130.00,2475.80,48.00,56.57
1997-09-03,70146.04,2475.81,48.00,56.09
1997-09-04,70162.08,2475.82,48.00,56.09
1997-09-05,70178.12,2475.83,47.00,55.09
1997-09-06,70178.12,2475.83,47.00,47.00
1997-09-07,70194.16,2475.84,47.00,55.09
1997-09-08,70194.16,2475.84,47.00,47.00
1997-09-09,70210.20,2475.85,47.00,55.09
1997-09-10,70226.23,2475.86,47.00,55.09
1997-09-11,70226.23,2475.86,47.00,47.00
1997-09-12,70242.27,2475.87,47.00,55.09
1997-09-13,70257.92,2475.88,47.00,54.89
1997-09-14,70341.00,2475.93,48.00,89.89
1997-09-15,70375.00,2475.95,48.00,65.14
1997-09-16,70680.71,2476.13,48.00,202.13
1997-09-17,71300.00,2476.50,48.00,360.23
1997-09-18,72455.91,2477.18,48.00,630.77
1997-09-19,72847.00,2477.41,49.00,246.17
1997-09-20,73072.00,2477.54,49.00,162.44
1997-09-21,73230.71,2477.63,49.00,129.02
1997-09-22,73367.00,2477.71,49.00,117.71
1997-09-23,73452.00,2477.76,49.00,91.85
1997-09-24,73554.09,2477.82,49.00,100.47
1997-09-25,73655.91,2477.88,48.00,99.34
1997-09-26,73911.00,2478.03,48.00,176.61
1997-09-27,74431.13,2478.33,49.00,311.23
1997-09-28,74738.00,2478.51,49.00,203.72
1997-09-29,74967.75,2478.64,49.00,164.83
1997-09-30,75172.00,2478.76,49.00,151.98
1997-10-01,75488.00,2478.94,48.00,207.00
1997-10-02,75994.00,2479.23,49.00,304.11
1997-10-03,77109.29,2479.87,49.00,611.29
1997-10-04,79915.00,2481.45,51.00,1465.55
1997-10-05,81954.00,2482.58,51.00,1079.00
1997-10-06,83090.00,2483.20,52.00,624.73
1997-10-07,83820.00,2483.60,52.00,420.04
1997-10-08,84434.00,2483.93,52.00,361.56
1997-10-09,84930.00,2484.20,52.00,302.07
1997-10-10,85405.00,2484.45,52.00,291.48
1997-10-11,86003.00,2484.77,52.00,353.49
1997-10-12,86601.00,2485.09,52.00,353.49
1997-10-13,87199.00,2485.41,53.00,354.49
1997-10-14,87750.00,2485.70,53.00,330.80
1997-10-15,88234.00,2485.96,53.00,297.02
1997-10-16,88690.00,2486.20,52.00,281.90
1997-10-17,89089.00,2486.41,52.00,253.16
1997-10-18,89420.00,2486.58,53.00,219.88
1997-10-19,89688.00,2486.72,53.00,188.12
1997-10-20,89916.19,2486.84,53.00,168.04
1997-10-21,90125.00,2486.95,53.00,158.28
1997-10-22,90315.00,2487.05,53.00,148.79
1997-10-23,90549.85,2487.17,53.00,171.40
1997-10-24,90705.00,2487.25,53.00,131.22
1997-10-25,90860.15,2487.33,53.00,131.22
1997-10-26,91095.00,2487.45,54.00,172.40
1997-10-27,91285.00,2487.55,54.00,149.79
1997-10-28,91618.00,2487.72,54.00,221.89
1997-10-29,93100.00,2488.48,55.00,802.18
1997-10-30,98150.00,2491.03,57.00,2603.04
1997-10-31,101098.00,2492.48,58.00,1544.28
1997-11-01,102843.16,2493.33,58.00,937.85
1997-11-02,103920.24,2493.85,58.00,601.03
1997-11-03,104965.26,2494.35,58.00,584.86
1997-11-04,105795.00,2494.75,58.00,476.33
1997-11-05,106404.00,2495.04,58.00,365.04
1997-11-06,106992.10,2495.32,58.00,354.50
1997-11-07,107464.00,2495.54,58.00,295.92
1997-11-08,107842.00,2495.72,58.00,248.58
1997-11-09,108157.36,2495.87,58.00,216.99
1997-11-10,108430.00,2496.00,58.00,195.46
1997-11-11,108684.11,2496.12,58.00,186.11
1997-11-12,108881.00,2496.21,58.00,157.27
1997-11-13,109070.00,2496.30,58.00,153.29
1997-11-14,109237.90,2496.38,58.00,142.65
1997-11-15,109368.00,2496.44,58.00,123.59
1997-11-16,109521.00,2496.51,57.00,134.14
1997-11-17,109920.00,2496.70,57.00,258.16
1997-11-18,110130.00,2496.80,58.00,163.88
1997-11-19,110497.00,2496.97,58.00,243.03
1997-11-20,111397.95,2497.39,58.00,512.23
1997-11-21,112038.95,2497.69,58.00,381.17
1997-11-22,112521.00,2497.91,58.00,301.04
1997-11-23,113127.95,2498.19,58.00,364.00
1997-11-24,113602.00,2498.41,58.00,297.00
1997-11-25,114064.11,2498.62,59.00,291.98
1997-11-26,114387.00,2498.77,59.00,221.79
1997-11-27,114736.00,2498.93,59.00,234.95
1997-11-28,115197.68,2499.14,59.00,291.76
1997-11-29,115638.22,2499.34,59.00,281.11
1997-11-30,116122.00,2499.56,60.00,303.91
1997-12-01,116474.00,2499.72,60.00,237.47
1997-12-02,116650.00,2499.80,60.00,148.73
1997-12-03,117068.00,2499.99,59.00,269.74
1997-12-04,117310.00,2500.10,59.00,181.01
1997-12-05,117530.00,2500.20,59.00,169.92
1997-12-06,117634.00,2500.28,59.00,111.43
1997-12-07,117915.84,2500.38,59.00,201.10
1997-12-08,118134.00,2500.47,59.00,168.99
1997-12-09,118288.00,2500.54,59.00,136.64
1997-12-10,118485.63,2500.63,59.00,158.64
1997-12-11,118595.89,2500.68,59.00,114.59
1997-12-12,118732.00,2500.74,59.00,127.62
1997-12-13,118824.00,2500.78,60.00,106.38
1997-12-14,118936.16,2500.83,60.00,116.55
1997-12-15,119112.00,2500.91,60.00,148.65
1997-12-16,119958.00,2501.29,60.00,486.53
1997-12-17,120474.00,2501.52,61.00,321.15
1997-12-18,120650.00,2501.60,86.00,174.73
1997-12-19,120764.72,2501.65,130.00,187.84
1997-12-20,120946.00,2501.73,130.00,221.40
1997-12-21,121012.00,2501.76,131.00,164.28
1997-12-22,121012.00,2501.76,131.00,131.00
1997-12-23,121100.00,2501.80,131.00,175.37
1997-12-24,121078.00,2501.79,132.00,120.91
1997-12-25,121056.00,2501.78,132.00,120.91
1997-12-26,121146.11,2501.82,132.00,177.43
1997-12-27,121215.28,2501.85,132.00,166.87
1997-12-28,121757.00,2502.09,132.00,405.12
1997-12-29,122460.00,2502.40,133.00,487.43
1997-12-30,123001.66,2502.64,134.00,407.09
1997-12-31,123414.11,2502.82,134.00,341.94
1998-01-01,124050.00,2503.10,134.00,454.60
1998-01-02,124510.00,2503.30,134.00,365.92
1998-01-03,124806.00,2503.43,134.00,283.23
1998-01-04,125144.00,2503.58,134.00,304.41
1998-01-05,125788.34,2503.86,134.00,458.85
1998-01-06,126225.00,2504.05,136.00,356.15
1998-01-07,126500.83,2504.17,136.00,275.06
1998-01-08,126616.00,2504.22,136.00,194.07
1998-01-09,126662.00,2504.24,136.00,159.19
1998-01-10,126685.00,2504.25,137.00,148.60
1998-01-11,126708.00,2504.26,137.00,148.60
1998-01-12,126639.00,2504.23,137.00,102.21
1998-01-13,126823.05,2504.31,137.00,229.79
1998-01-14,127145.00,2504.45,137.00,299.31
1998-01-15,127237.00,2504.49,137.00,183.38
1998-01-16,127356.00,2504.54,137.00,197.00
1998-01-17,127568.61,2504.63,139.00,246.19
1998-01-18,127614.72,2504.65,139.00,162.25
1998-01-19,127706.95,2504.69,139.00,185.50
1998-01-20,127753.00,2504.71,139.00,162.22
1998-01-21,128213.00,2504.91,140.00,371.92
1998-01-22,128259.00,2504.93,140.00,163.19
1998-01-23,128443.00,2505.01,140.00,232.77
1998-01-24,128604.00,2505.08,140.00,221.17
1998-01-25,128698.12,2505.12,140.00,187.45
1998-01-26,129051.00,2505.27,142.00,319.91
1998-01-27,129143.05,2505.31,142.00,188.41
1998-01-28,129212.23,2505.34,142.00,176.87
1998-01-29,129303.89,2505.38,142.00,188.21
1998-01-30,129350.00,2505.40,142.00,165.25
1998-01-31,129442.00,2505.44,142.00,188.38
1998-02-01,129488.00,2505.46,143.00,166.19
1998-02-02,129557.00,2505.49,154.00,188.79
1998-02-03,129557.00,2505.49,168.00,168.00
1998-02-04,129557.00,2505.49,168.00,168.00
1998-02-05,129534.00,2505.48,168.00,156.40
1998-02-06,129580.00,2505.50,168.00,191.19
1998-02-07,129604.00,2505.51,168.00,180.10
1998-02-08,129748.00,2505.57,168.00,240.60
1998-02-09,129866.11,2505.62,169.00,228.55
1998-02-10,129957.77,2505.66,169.00,215.21
1998-02-11,130003.89,2505.68,169.00,192.25
1998-02-12,130376.23,2505.84,169.00,356.72
1998-02-13,130566.00,2505.92,169.00,264.67
1998-02-14,130658.00,2505.96,169.00,215.38
1998-02-15,130704.00,2505.98,169.00,192.19
1998-02-16,130727.00,2505.99,170.00,181.60
1998-02-17,130704.00,2505.98,170.00,158.40
1998-02-18,130704.00,2505.98,170.00,170.00
1998-02-19,130704.00,2505.98,170.00,170.00
1998-02-20,130773.00,2506.01,170.00,204.79
1998-02-21,130842.00,2506.04,170.00,204.79
1998-02-22,130842.00,2506.04,171.00,171.00
1998-02-23,130842.00,2506.04,171.00,171.00
1998-02-24,131123.77,2506.16,171.00,313.06
1998-02-25,131220.00,2506.20,171.00,219.52
1998-02-26,131195.94,2506.19,172.00,159.87
1998-02-27,131147.83,2506.17,173.00,148.74
1998-02-28,131123.77,2506.16,173.00,160.87
1998-03-01,131123.77,2506.16,173.00,173.00
1998-03-02,131123.77,2506.16,173.00,173.00
1998-03-03,131051.59,2506.13,173.00,136.61
1998-03-04,130957.00,2506.09,173.00,125.31
1998-03-05,130819.00,2506.03,174.00,104.42
1998-03-06,130704.00,2505.98,174.00,116.02
1998-03-07,130566.00,2505.92,174.00,104.42
1998-03-08,130495.94,2505.89,174.00,138.68
1998-03-09,130612.00,2505.94,174.00,232.51
1998-03-10,130566.00,2505.92,174.00,150.81
1998-03-11,130471.88,2505.88,174.00,126.55
1998-03-12,130495.94,2505.89,175.00,187.13
1998-03-13,130612.00,2505.94,175.00,233.51
1998-03-14,130865.00,2506.05,175.00,302.55
1998-03-15,131316.00,2506.24,175.00,402.38
1998-03-16,131759.00,2506.43,175.00,398.35
1998-03-17,132136.00,2506.59,175.00,365.07
1998-03-18,132492.00,2506.74,176.00,355.48
1998-03-19,132745.28,2506.85,176.00,303.70
1998-03-20,132932.00,2506.93,176.00,270.14
1998-03-21,133244.00,2507.06,176.00,333.30
1998-03-22,134119.00,2507.43,178.00,619.15
1998-03-23,135374.00,2507.96,178.00,810.73
1998-03-24,136550.00,2508.45,179.00,771.90
1998-03-25,137534.36,2508.86,179.00,675.28
1998-03-26,138475.00,2509.25,179.00,653.24
1998-03-27,138815.94,2509.39,181.00,352.89
1998-03-28,139320.00,2509.60,181.00,435.13
1998-03-29,139660.00,2509.74,181.00,352.42
1998-03-30,139930.30,2509.85,181.00,317.27
1998-03-31,140170.00,2509.95,182.00,302.85
1998-04-01,140266.00,2509.99,182.00,230.40
1998-04-02,140386.00,2510.04,182.00,242.50
1998-04-03,140530.00,2510.10,182.00,254.60
1998-04-04,140629.64,2510.14,182.00,232.24
1998-04-05,140754.94,2510.19,184.00,247.17
1998-04-06,140876.00,2510.24,184.00,245.04
1998-04-07,140996.00,2510.29,183.00,243.50
1998-04-08,141120.25,2510.34,183.00,245.64
1998-04-09,141438.00,2510.47,183.00,343.20
1998-04-10,141582.00,2510.53,183.00,255.60
1998-04-11,141824.58,2510.63,183.00,305.30
1998-04-12,141924.81,2510.67,185.00,235.53
1998-04-13,142192.00,2510.78,204.00,338.71
1998-04-14,142192.00,2510.78,233.00,233.00
1998-04-15,142192.00,2510.78,234.00,234.00
1998-04-16,142216.00,2510.79,234.00,246.10
1998-04-17,142144.00,2510.76,331.00,294.70
1998-04-18,141899.75,2510.66,432.00,308.86
1998-04-19,141726.00,2510.59,432.00,344.40
1998-04-20,141630.00,2510.55,432.00,383.60
1998-04-21,141678.00,2510.57,431.00,455.20
1998-04-22,142096.00,2510.74,431.00,641.74
1998-04-23,143171.88,2511.18,432.00,974.42
1998-04-24,144080.00,2511.55,432.00,889.85
1998-04-25,144990.00,2511.92,432.00,890.79
1998-04-26,145910.00,2512.29,433.00,896.83
1998-04-27,146105.42,2512.37,433.00,531.53
1998-04-28,146754.58,2512.63,434.00,761.28
1998-04-29,147495.00,2512.93,434.00,807.30
1998-04-30,149970.00,2513.92,436.00,1683.81
1998-05-01,151430.00,2514.50,504.00,1240.08
1998-05-02,153147.88,2515.18,704.00,1570.10
1998-05-03,154284.58,2515.63,1082.00,1655.09
1998-05-04,154384.81,2515.67,1177.00,1227.53
1998-05-05,154309.64,2515.64,1234.00,1196.10
1998-05-06,154235.06,2515.61,1206.00,1168.40
1998-05-07,154160.00,2515.58,1137.00,1099.16
1998-05-08,153908.00,2515.48,1008.00,880.95
1998-05-09,153400.00,2515.28,921.00,664.88
1998-05-10,152665.00,2514.99,919.00,548.44
1998-05-11,151956.00,2514.71,877.00,519.55
1998-05-12,151605.00,2514.57,725.00,548.04
1998-05-13,151730.13,2514.62,570.00,633.08
1998-05-14,152060.00,2514.75,480.00,646.31
1998-05-15,152240.13,2514.82,463.00,553.81
1998-05-16,152215.06,2514.81,464.00,451.36
1998-05-17,152365.42,2514.87,435.00,510.81
1998-05-18,152540.00,2514.94,418.00,506.02
1998-05-19,152640.00,2514.98,418.00,468.42
1998-05-20,152840.00,2515.06,418.00,518.83
1998-05-21,153121.81,2515.17,419.00,561.08
1998-05-22,153325.00,2515.25,419.00,521.44
1998-05-23,153450.00,2515.30,420.00,483.02
1998-05-24,153830.00,2515.45,420.00,611.58
1998-05-25,154762.13,2515.82,374.00,843.95
1998-05-26,155350.00,2516.05,309.00,605.39
1998-05-27,155930.00,2516.28,292.00,584.42
1998-05-28,156266.00,2516.41,292.00,461.40
1998-05-29,156625.00,2516.55,292.00,473.00
1998-05-30,157026.00,2516.71,293.00,495.17
1998-05-31,157467.88,2516.88,293.00,515.78
1998-06-01,158004.00,2517.09,333.00,603.30
1998-06-02,158104.58,2517.13,504.00,554.71
1998-06-03,158129.64,2517.14,588.00,600.64
1998-06-04,158030.00,2517.10,591.00,540.76
1998-06-05,157796.00,2517.01,589.00,471.02
1998-06-06,157695.00,2516.97,539.00,488.08
1998-06-07,157848.00,2517.03,482.00,559.14
1998-06-08,157900.00,2517.05,482.00,508.22
1998-06-09,157874.00,2517.04,483.00,469.89
1998-06-10,157926.00,2517.06,405.00,431.22
1998-06-11,157645.00,2516.95,437.00,295.33
1998-06-12,156240.00,2516.40,1033.00,324.65
1998-06-13,154814.25,2515.84,1033.00,314.18
1998-06-14,153400.00,2515.28,985.00,271.98
1998-06-15,152414.94,2514.89,877.00,380.36
1998-06-16,151405.00,2514.49,830.00,320.82
1998-06-17,150295.00,2514.05,830.00,270.37
1998-06-18,149145.00,2513.59,837.00,257.21
1998-06-19,147920.00,2513.10,841.00,223.40
1998-06-20,146705.06,2512.61,841.00,228.47
1998-06-21,145664.94,2512.19,845.00,320.60
1998-06-22,144475.00,2511.71,872.00,272.07
1998-06-23,143171.88,2511.18,906.00,249.01
1998-06-24,141924.81,2510.67,903.00,274.27
1998-06-25,140629.64,2510.14,900.00,247.02
1998-06-26,139272.00,2509.58,897.00,212.52
1998-06-27,137870.00,2509.00,906.00,199.16
1998-06-28,136622.00,2508.48,923.00,293.80
1998-06-29,134976.00,2507.79,929.00,99.14
1998-06-30,133500.83,2507.17,953.00,209.27
1998-07-01,131992.00,2506.53,970.00,209.30
1998-07-02,130448.41,2505.87,962.00,183.77
1998-07-03,128913.00,2505.21,959.00,184.89
1998-07-04,127308.00,2504.52,956.00,146.81
1998-07-05,125696.11,2503.82,950.00,137.34
1998-07-06,124073.05,2503.11,947.00,128.71
1998-07-07,122482.00,2502.41,944.00,141.84
1998-07-08,120880.00,2501.70,937.00,129.32
1998-07-09,119266.00,2500.98,931.00,117.27
1998-07-10,117595.00,2500.25,949.00,106.54
1998-07-11,115836.00,2499.43,986.00,99.17
1998-07-12,114107.68,2498.64,982.00,110.64
1998-07-13,112302.05,2497.81,979.00,68.66
1998-07-14,110518.00,2496.98,999.00,99.54
1998-07-15,108684.11,2496.12,1017.00,92.41
1998-07-16,106740.00,2495.20,1012.01,31.86
1998-07-17,104840.00,2494.29,1004.58,46.66
1998-07-18,103030.00,2493.42,997.09,84.55
1998-07-19,101240.00,2492.55,990.58,88.12
1998-07-20,99480.00,2491.69,983.28,95.95
1998-07-21,97630.00,2490.77,976.58,43.87
1998-07-22,95770.00,2489.84,970.99,33.24
1998-07-23,93920.00,2488.90,988.78,56.07
1998-07-24,92160.00,2488.00,1005.84,118.51
1998-07-25,90360.00,2487.07,994.66,87.16
1998-07-26,88500.00,2486.10,986.54,48.79
1998-07-27,86660.00,2485.12,978.03,50.37
1998-07-28,84780.00,2484.12,1008.08,60.24
1998-07-29,82864.00,2483.08,1033.60,67.61
1998-07-30,80972.00,2482.04,1023.88,69.99
1998-07-31,79056.00,2480.97,1013.00,47.02
1998-08-01,77142.96,2479.89,999.00,34.51
1998-08-02,75294.13,2478.83,988.00,55.88
1998-08-03,73401.00,2477.73,1002.00,47.54
1998-08-04,71436.00,2476.58,1058.00,67.31
1998-08-05,69324.09,2475.32,1149.00,84.24
1998-08-06,67140.00,2474.00,1195.00,93.86
1998-08-07,64933.77,2472.64,1198.00,85.69
1998-08-08,62758.00,2471.28,1198.00,101.05
1998-08-09,60612.00,2469.92,1181.00,99.06
1998-08-10,58484.00,2468.54,1184.00,111.13
1998-08-11,56330.07,2467.12,1205.00,119.06
1998-08-12,54276.00,2465.74,1205.00,169.40
1998-08-13,52040.00,2464.22,1205.00,77.68
1998-08-14,49896.00,2462.74,1201.00,120.07
1998-08-15,47742.00,2461.23,1209.00,123.02
1998-08-16,45555.96,2459.69,1219.00,116.87
1998-08-17,43375.79,2458.14,1201.00,101.83
1998-08-18,41212.00,2456.58,1198.00,107.09
1998-08-19,39012.00,2454.98,1205.00,95.83
1998-08-20,36850.00,2453.40,1201.00,110.99
1998-08-21,34610.00,2451.75,1191.00,61.67
1998-08-22,32431.76,2450.13,1191.00,92.80
1998-08-23,30218.00,2448.47,1183.00,66.90
1998-08-24,28101.93,2446.88,1141.00,74.15
1998-08-25,26244.00,2445.48,966.00,29.29
1998-08-26,24950.00,2444.50,737.00,84.61
1998-08-27,24146.97,2443.89,504.00,99.14
1998-08-28,23626.00,2443.49,293.00,30.34
1998-08-29,23383.03,2443.31,150.00,27.50
1998-08-30,23331.00,2443.27,84.00,57.77
1998-08-31,23318.00,2443.26,68.00,61.45
1998-09-01,23305.00,2443.25,64.00,57.45
1998-09-02,23279.00,2443.23,61.00,47.89
1998-09-03,23266.00,2443.22,58.00,51.45
1998-09-04,23240.00,2443.20,55.00,41.89
1998-09-05,23213.94,2443.18,55.00,41.86
1998-09-06,23187.87,2443.16,55.00,41.86
1998-09-07,23148.78,2443.13,55.00,35.29
1998-09-08,23110.00,2443.10,55.00,35.45
1998-09-09,23071.00,2443.07,55.00,35.34
1998-09-10,23032.00,2443.04,56.00,36.34
1998-09-11,23006.00,2443.02,56.00,42.89
1998-09-12,22980.00,2443.00,56.00,42.89
1998-09-13,22941.00,2442.97,56.00,36.34
1998-09-14,22902.00,2442.94,55.00,35.34
1998-09-15,22876.00,2442.92,55.00,41.89
1998-09-16,22863.00,2442.91,55.00,48.45
1998-09-17,22836.97,2442.89,56.00,42.88
1998-09-18,22798.19,2442.86,63.00,43.45
1998-09-19,22746.06,2442.82,71.00,44.72
1998-09-20,22681.00,2442.77,71.00,38.20
1998-09-21,22629.00,2442.73,71.00,44.78
1998-09-22,22563.94,2442.68,71.00,38.20
1998-09-23,22524.84,2442.65,71.00,51.29
1998-09-24,22460.00,2442.60,72.00,39.31
1998-09-25,22432.00,2442.58,71.00,56.88
1998-09-26,22376.00,2442.54,71.00,42.77
1998-09-27,22348.00,2442.52,71.00,56.88
1998-09-28,22307.00,2442.49,71.00,50.33
1998-09-29,22268.00,2442.46,71.00,51.34
1998-09-30,22242.00,2442.44,71.00,57.89
1998-10-01,22203.00,2442.41,70.00,51.00
1998-10-02,22190.00,2442.40,70.00,63.45
1998-10-03,22190.00,2442.40,70.00,70.00
1998-10-04,22190.00,2442.40,70.00,70.00
1998-10-05,22163.94,2442.38,70.00,56.86
1998-10-06,22125.16,2442.35,70.00,50.45
1998-10-07,22125.16,2442.35,70.00,70.00
1998-10-08,22112.13,2442.34,70.00,63.43
1998-10-09,22112.13,2442.34,70.00,70.00
1998-10-10,22112.13,2442.34,70.00,70.00
1998-10-11,22099.10,2442.33,70.00,63.43
1998-10-12,22086.06,2442.32,70.00,63.43
1998-10-13,22086.06,2442.32,70.00,70.00
1998-10-14,22099.10,2442.33,71.00,77.57
1998-10-15,22176.97,2442.39,71.00,110.26
1998-10-16,22229.00,2442.43,72.00,98.23
1998-10-17,22362.00,2442.53,72.00,139.05
1998-10-18,22486.06,2442.62,72.00,134.55
1998-10-19,22524.84,2442.65,72.00,91.55
1998-10-20,22550.90,2442.67,72.00,85.14
1998-10-21,22550.90,2442.67,72.00,72.00
1998-10-22,22563.94,2442.68,72.00,78.57
1998-10-23,22563.94,2442.68,72.00,72.00
1998-10-24,22563.94,2442.68,72.00,72.00
1998-10-25,22550.90,2442.67,72.00,65.43
1998-10-26,22537.87,2442.66,72.00,65.43
1998-10-27,22537.87,2442.66,72.00,72.00
1998-10-28,22603.00,2442.71,72.00,104.83
1998-10-29,22616.00,2442.72,72.00,78.55
1998-10-30,22603.00,2442.71,72.00,65.45
1998-10-31,22603.00,2442.71,72.00,72.00
1998-11-01,22603.00,2442.71,72.00,72.00
1998-11-02,22603.00,2442.71,72.00,72.00
1998-11-03,22550.90,2442.67,98.00,71.74
1998-11-04,22498.78,2442.63,127.00,100.72
1998-11-05,22432.00,2442.58,152.00,118.33
1998-11-06,22307.00,2442.49,189.00,125.98
1998-11-07,22216.00,2442.42,189.00,143.12
1998-11-08,22086.06,2442.32,188.00,122.49
1998-11-09,22176.97,2442.39,184.00,229.83
1998-11-10,22176.97,2442.39,159.00,159.00
1998-11-11,22176.97,2442.39,137.00,137.00
1998-11-12,22176.97,2442.39,129.00,129.00
1998-11-13,25144.84,2444.65,131.00,1627.30
1998-11-14,28156.00,2446.92,137.00,1655.13
1998-11-15,29655.00,2448.05,142.00,897.75
1998-11-16,30692.10,2448.83,139.00,661.87
1998-11-17,31362.10,2449.33,126.00,463.79
1998-11-18,31873.00,2449.71,127.00,384.58
1998-11-19,32338.00,2450.06,128.00,362.44
1998-11-20,33400.17,2450.85,120.00,655.51
1998-11-21,36053.03,2452.81,117.00,1454.48
1998-11-22,37370.00,2453.78,120.00,783.97
1998-11-23,38136.14,2454.34,121.00,507.26
1998-11-24,38970.00,2454.95,122.00,542.41
1998-11-25,40298.00,2455.92,124.00,793.53
1998-11-26,42196.00,2457.29,126.00,1082.91
1998-11-27,43236.00,2458.04,128.00,652.33
1998-11-28,43894.00,2458.51,129.00,460.74
1998-11-29,44398.24,2458.87,129.00,383.22
1998-11-30,44775.79,2459.14,130.00,320.35
1998-12-01,45370.00,2459.56,130.00,429.58
1998-12-02,45821.93,2459.88,131.00,358.85
1998-12-03,46032.00,2460.03,132.00,237.91
1998-12-04,46158.07,2460.12,132.00,195.56
1998-12-05,46300.00,2460.22,129.59,201.15
1998-12-06,46434.04,2460.31,134.00,201.58
1998-12-07,46616.00,2460.44,134.00,225.74
1998-12-08,46700.00,2460.50,135.00,177.35
1998-12-09,46714.00,2460.51,135.00,142.06
1998-12-10,46756.00,2460.54,136.00,157.18
1998-12-11,46909.83,2460.65,137.00,214.56
1998-12-12,47186.14,2460.84,137.00,276.31
1998-12-13,47594.74,2461.13,138.00,344.01
1998-12-14,48022.00,2461.43,138.00,353.41
1998-12-15,48410.00,2461.70,138.00,333.62
1998-12-16,48812.00,2461.98,138.00,340.68
1998-12-17,49326.14,2462.34,138.00,397.21
1998-12-18,49755.79,2462.64,138.00,354.62
1998-12-19,50055.18,2462.85,139.00,289.94
1998-12-20,50228.00,2462.97,139.00,226.13
1998-12-21,50360.00,2463.06,141.00,207.55
1998-12-22,50390.00,2463.08,141.00,156.13
1998-12-23,50434.04,2463.11,141.00,163.20
1998-12-24,50865.00,2463.41,141.00,358.28
1998-12-25,51460.07,2463.82,142.00,442.02
1998-12-26,51898.07,2464.12,143.00,363.82
1998-12-27,52683.86,2464.66,143.00,539.17
1998-12-28,55700.00,2466.70,149.00,1669.64
1998-12-29,61759.80,2470.65,154.00,3209.15
1998-12-30,65380.00,2472.92,159.00,1984.18
1998-12-31,68147.04,2474.61,191.00,1586.05
1999-01-01,69039.80,2475.15,294.00,744.10
1999-01-02,69239.00,2475.27,422.00,522.43
1999-01-03,68960.00,2475.10,590.00,449.34
1999-01-04,68508.12,2474.83,600.00,372.18
1999-01-05,67977.00,2474.51,598.00,330.23
1999-01-06,67538.00,2474.24,533.00,311.67
1999-01-07,67367.75,2474.14,418.00,332.17
1999-01-08,67284.00,2474.09,318.00,275.78
1999-01-09,67284.00,2474.09,264.00,264.00
1999-01-10,67928.00,2474.48,264.00,588.68
1999-01-11,68620.00,2474.90,266.00,614.88
1999-01-12,69205.00,2475.25,266.00,560.94
1999-01-13,69637.00,2475.51,266.00,483.80
1999-01-14,72800.00,2477.38,273.00,1867.68
1999-01-15,75121.00,2478.73,276.00,1446.17
1999-01-16,76375.00,2479.45,279.00,911.23
1999-01-17,77125.91,2479.88,281.00,659.59
1999-01-18,77621.84,2480.16,281.00,531.03
1999-01-19,77888.05,2480.31,279.00,413.21
1999-01-20,78067.00,2480.41,279.00,369.22
1999-01-21,78274.00,2480.53,279.00,383.36
1999-01-22,78346.00,2480.57,271.00,307.30
1999-01-23,78328.00,2480.56,274.00,264.92
1999-01-24,78238.00,2480.51,274.00,228.62
1999-01-25,78169.00,2480.47,237.00,202.21
1999-01-26,78186.00,2480.48,191.00,199.57
1999-01-27,78346.00,2480.57,190.00,270.67
1999-01-28,78616.00,2480.72,191.00,327.13
1999-01-29,78670.00,2480.75,191.00,218.23
1999-01-30,78652.00,2480.74,191.00,181.92
1999-01-31,78634.00,2480.73,191.00,181.92
1999-02-01,78652.00,2480.74,191.00,200.08
1999-02-02,79038.00,2480.96,191.00,385.61
1999-02-03,79218.00,2481.06,193.00,283.75
1999-02-04,79415.87,2481.17,181.00,280.76
1999-02-05,79524.00,2481.23,167.00,221.52
1999-02-06,79722.18,2481.34,167.00,266.92
1999-02-07,79881.00,2481.43,168.00,248.07
1999-02-08,79932.00,2481.46,159.00,184.71
1999-02-09,79949.00,2481.47,149.00,157.57
1999-02-10,80000.00,2481.50,149.00,174.71
1999-02-11,79983.00,2481.49,149.00,140.43
1999-02-12,79932.00,2481.46,149.00,123.29
1999-02-13,79932.00,2481.46,149.00,149.00
1999-02-14,79881.00,2481.43,149.00,123.29
1999-02-15,79830.00,2481.40,149.00,123.29
1999-02-16,79847.00,2481.41,149.00,157.57
1999-02-17,79864.00,2481.42,149.00,157.57
1999-02-18,79881.00,2481.43,148.60,157.17
1999-02-19,79881.00,2481.43,149.00,149.00
1999-02-20,79793.91,2481.38,149.00,105.09
1999-02-21,79722.18,2481.34,149.00,112.83
1999-02-22,79898.00,2481.44,149.00,237.64
1999-02-23,80018.00,2481.51,149.00,209.50
1999-02-24,80216.09,2481.62,149.00,248.87
1999-02-25,80323.91,2481.68,149.00,203.36
1999-02-26,80396.00,2481.72,149.00,185.34
1999-02-27,80720.00,2481.90,149.00,312.35
1999-02-28,80810.00,2481.95,149.00,194.38
1999-03-01,80864.00,2481.98,149.00,176.23
1999-03-02,80864.00,2481.98,149.00,149.00
1999-03-03,80900.00,2482.00,149.00,167.15
1999-03-04,80918.00,2482.01,149.00,158.08
1999-03-05,80864.00,2481.98,149.00,121.77
1999-03-06,80792.00,2481.94,149.00,112.70
1999-03-07,80720.00,2481.90,149.00,112.70
1999-03-08,80666.30,2481.87,149.00,121.93
1999-03-09,80594.13,2481.83,149.00,112.61
1999-03-10,80486.00,2481.77,149.00,94.48
1999-03-11,80396.00,2481.72,149.00,103.62
1999-03-12,80323.91,2481.68,149.00,112.66
1999-03-13,80287.82,2481.66,149.00,130.80
1999-03-14,80269.78,2481.65,149.00,139.91
1999-03-15,80269.78,2481.65,147.00,147.00
1999-03-16,80251.73,2481.64,147.00,137.90
1999-03-17,80216.09,2481.62,147.00,129.03
1999-03-18,80072.00,2481.54,190.00,117.36
1999-03-19,79847.00,2481.41,262.00,148.56
1999-03-20,79668.05,2481.31,266.00,175.78
1999-03-21,79704.13,2481.33,270.00,288.19
1999-03-22,79668.05,2481.31,333.00,314.81
1999-03-23,79542.00,2481.24,398.00,334.45
1999-03-24,79451.95,2481.19,398.00,352.60
1999-03-25,79379.78,2481.15,396.00,359.61
1999-03-26,79451.95,2481.19,398.00,434.39
1999-03-27,79326.09,2481.12,400.00,336.54
1999-03-28,79110.00,2481.00,398.00,289.06
1999-03-29,78879.29,2480.87,396.00,279.68
1999-03-30,78543.91,2480.68,396.00,226.92
1999-03-31,78186.00,2480.48,396.00,215.55
1999-04-01,77834.00,2480.28,394.00,216.53
1999-04-02,77484.00,2480.08,394.00,217.54
1999-04-03,77142.96,2479.89,394.00,222.06
1999-04-04,76765.87,2479.67,392.00,201.88
1999-04-05,76375.00,2479.45,392.00,194.94
1999-04-06,75958.00,2479.21,390.00,179.76
1999-04-07,75590.00,2479.00,390.00,204.47
1999-04-08,75189.00,2478.77,388.00,185.83
1999-04-09,74810.00,2478.55,388.00,196.92
1999-04-10,74414.09,2478.32,388.00,188.39
1999-04-11,74013.00,2478.09,386.00,183.79
1999-04-12,73672.96,2477.89,386.00,214.56
1999-04-13,73315.91,2477.68,386.00,205.99
1999-04-14,72983.00,2477.49,384.00,216.16
1999-04-15,72711.13,2477.33,384.00,246.93
1999-04-16,72609.00,2477.27,384.00,332.51
1999-04-17,72694.09,2477.32,384.00,426.90
1999-04-18,73144.00,2477.58,384.00,610.83
1999-04-19,73690.00,2477.90,386.00,661.28
1999-04-20,74244.00,2478.22,386.00,665.31
1999-04-21,74567.00,2478.41,388.00,550.85
1999-04-22,74810.00,2478.55,388.00,510.51
1999-04-23,75155.00,2478.75,388.00,561.94
1999-04-24,76171.13,2479.33,390.00,902.30
1999-04-25,76973.00,2479.79,392.00,796.28
1999-04-26,77840.00,2480.28,394.00,831.11
1999-04-27,78400.00,2480.60,394.00,676.33
1999-04-28,78777.04,2480.81,396.00,586.09
1999-04-29,79092.00,2480.99,396.00,554.79
1999-04-30,79560.00,2481.25,396.00,631.95
1999-05-01,80360.00,2481.70,398.00,801.33
1999-05-02,81026.00,2482.07,400.00,735.78
1999-05-03,81576.30,2482.37,400.00,677.45
1999-05-04,81936.00,2482.57,402.00,583.35
1999-05-05,82061.73,2482.64,402.00,465.39
1999-05-06,82265.00,2482.75,402.00,504.48
1999-05-07,82594.00,2482.93,400.00,565.87
1999-05-08,82774.00,2483.03,400.00,490.75
1999-05-09,82810.00,2483.05,400.00,418.15
1999-05-10,82792.00,2483.04,400.00,390.92
1999-05-11,82810.00,2483.05,400.00,409.08
1999-05-12,82882.00,2483.09,400.00,436.30
1999-05-13,82975.72,2483.14,400.00,447.25
1999-05-14,83051.91,2483.18,400.00,438.41
1999-05-15,83180.00,2483.25,398.00,462.58
1999-05-16,83308.09,2483.32,394.00,458.58
1999-05-17,83604.00,2483.48,394.00,543.19
1999-05-18,84341.91,2483.88,394.00,766.03
1999-05-19,85290.95,2484.39,396.00,874.48
1999-05-20,86186.30,2484.87,398.00,849.41
1999-05-21,87104.28,2485.36,398.00,860.81
1999-05-22,88215.00,2485.95,400.00,959.99
1999-05-23,89973.33,2486.87,402.00,1288.49
1999-05-24,93080.00,2488.47,406.00,1972.28
1999-05-25,96090.00,2490.00,410.00,1927.54
1999-05-26,97950.00,2490.93,414.00,1351.75
1999-05-27,99542.00,2491.72,416.00,1218.63
1999-05-28,101140.00,2492.50,418.00,1223.66
1999-05-29,102490.00,2493.16,420.00,1100.63
1999-05-30,104170.00,2493.97,420.00,1267.00
1999-05-31,105840.00,2494.77,422.00,1263.96
1999-06-01,107401.00,2495.51,424.00,1211.00
1999-06-02,108662.05,2496.11,426.00,1061.78
1999-06-03,109668.00,2496.58,426.00,933.16
1999-06-04,110990.00,2497.20,428.00,1094.51
1999-06-05,112732.00,2498.01,430.00,1308.26
1999-06-06,114064.11,2498.62,432.00,1103.61
1999-06-07,114890.00,2499.00,432.00,848.39
1999-06-08,115594.11,2499.32,434.00,788.99
1999-06-09,116280.00,2499.63,438.00,783.80
1999-06-10,117050.00,2499.98,441.00,829.21
1999-06-11,118020.00,2500.42,448.00,937.04
1999-06-12,119470.00,2501.07,453.00,1184.04
1999-06-13,121283.89,2501.88,460.00,1374.50
1999-06-14,123550.00,2502.88,467.00,1609.50
1999-06-15,126294.00,2504.08,476.00,1859.43
1999-06-16,128982.00,2505.24,483.00,1838.20
1999-06-17,130842.00,2506.04,552.00,1489.75
1999-06-18,132064.00,2506.56,840.00,1456.09
1999-06-19,132492.00,2506.74,1002.00,1217.78
1999-06-20,132515.00,2506.75,974.00,985.60
1999-06-21,132745.28,2506.85,792.00,908.10
1999-06-22,133666.00,2507.24,616.00,1080.20
1999-06-23,134687.83,2507.67,575.00,1090.17
1999-06-24,135901.88,2508.18,641.00,1253.08
1999-06-25,136598.00,2508.47,767.00,1117.96
1999-06-26,136622.00,2508.48,882.00,894.10
1999-06-27,136358.41,2508.37,883.00,750.10
1999-06-28,136118.00,2508.27,783.00,661.80
1999-06-29,136022.00,2508.23,658.00,609.60
1999-06-30,136166.00,2508.29,639.00,711.60
1999-07-01,136454.00,2508.41,640.00,785.20
1999-07-02,136886.00,2508.59,641.00,858.80
1999-07-03,137174.00,2508.71,642.00,787.20
1999-07-04,137198.00,2508.72,643.00,655.10
1999-07-05,137101.88,2508.68,644.00,595.54
1999-07-06,137342.00,2508.78,628.00,749.06
1999-07-07,137750.00,2508.95,604.00,809.70
1999-07-08,137942.00,2509.03,605.00,701.80
1999-07-09,138158.13,2509.12,594.00,702.96
1999-07-10,138672.17,2509.33,617.00,876.17
1999-07-11,138936.00,2509.44,683.00,816.01
1999-07-12,138980.00,2509.46,731.00,753.18
1999-07-13,138790.00,2509.38,795.00,699.21
1999-07-14,138110.00,2509.10,881.00,538.17
1999-07-15,137460.00,2508.83,918.00,590.29
1999-07-16,136810.00,2508.56,916.00,588.29
1999-07-17,136170.00,2508.29,917.00,594.33
1999-07-18,135494.00,2508.01,916.00,575.18
1999-07-19,134784.00,2507.71,917.00,559.04
1999-07-20,133666.00,2507.24,1072.00,508.34
1999-07-21,132327.83,2506.67,1231.00,556.34
1999-07-22,130658.00,2505.96,1279.00,437.13
1999-07-23,128936.00,2505.22,1280.00,411.82
1999-07-24,127260.00,2504.50,1275.00,430.02
1999-07-25,125420.00,2503.70,1270.00,342.33
1999-07-26,123480.27,2502.85,1296.00,318.05
1999-07-27,121642.00,2502.04,1316.00,389.21
1999-07-28,119782.00,2501.21,1338.00,400.25
1999-07-29,117915.84,2500.38,1361.00,420.15
1999-07-30,115902.00,2499.46,1355.00,339.69
1999-07-31,113976.00,2498.58,1345.00,373.97
1999-08-01,111954.74,2497.65,1339.00,319.95
1999-08-02,109962.00,2496.72,1333.00,328.33
1999-08-03,108031.05,2495.81,1323.00,349.48
1999-08-04,106047.36,2494.87,1317.00,316.89
1999-08-05,104377.00,2494.07,1276.00,433.86
1999-08-06,102633.00,2493.23,1236.00,356.73
1999-08-07,100908.95,2492.39,1227.00,357.79
1999-08-08,99020.00,2491.46,1222.00,269.66
1999-08-09,97250.00,2490.58,1216.00,323.62
1999-08-10,95340.10,2489.62,1211.00,248.09
1999-08-11,93273.00,2488.57,1262.00,219.84
1999-08-12,91304.00,2487.56,1288.00,295.30
1999-08-13,89089.00,2486.41,1315.00,198.27
1999-08-14,86936.00,2485.27,1325.00,239.53
1999-08-15,84803.70,2484.13,1315.00,239.96
1999-08-16,82702.00,2482.99,1303.00,243.39
1999-08-17,80630.22,2481.85,1294.00,249.48
1999-08-18,78525.87,2480.67,1306.00,245.06
1999-08-19,76324.00,2479.42,1336.00,225.89
1999-08-20,74137.82,2478.16,1338.00,235.80
1999-08-21,71912.25,2476.86,1324.00,201.94
1999-08-22,69756.00,2475.58,1306.00,218.89
1999-08-23,67640.00,2474.30,1291.00,224.18
1999-08-24,65542.00,2473.02,1279.00,221.26
1999-08-25,63740.00,2471.90,1100.00,191.49
1999-08-26,62374.00,2471.04,861.00,172.31
1999-08-27,61415.00,2470.43,629.00,145.50
1999-08-28,60596.00,2469.91,535.00,122.09
1999-08-29,59765.26,2469.37,515.00,96.17
1999-08-30,59220.00,2469.02,374.00,99.10
1999-08-31,59040.00,2468.90,173.00,82.25
1999-09-01,59023.96,2468.89,96.00,87.91
1999-09-02,58976.23,2468.86,95.00,70.94
1999-09-03,58928.12,2468.83,94.00,69.74
1999-09-04,58880.00,2468.80,94.00,69.74
1999-09-05,58850.00,2468.78,94.00,78.87
1999-09-06,58865.00,2468.79,94.00,101.56
1999-09-07,58835.00,2468.77,93.00,77.87
1999-09-08,58775.00,2468.73,93.00,62.75
1999-09-09,58714.96,2468.69,96.00,65.73
1999-09-10,58639.78,2468.64,101.00,63.09
1999-09-11,58548.00,2468.58,101.00,54.73
1999-09-12,58452.00,2468.52,101.00,52.60
1999-09-13,58375.00,2468.47,101.00,62.18
1999-09-14,58300.00,2468.42,100.00,62.19
1999-09-15,58225.26,2468.37,99.00,61.32
1999-09-16,58120.00,2468.30,99.00,45.93
1999-09-17,58045.00,2468.25,99.00,61.19
1999-09-18,57953.96,2468.19,99.00,53.10
1999-09-19,57857.73,2468.13,99.00,50.48
1999-09-20,57780.00,2468.08,99.00,59.81
1999-09-21,57690.00,2468.02,99.00,53.62
1999-09-22,57585.00,2467.95,99.00,46.06
1999-09-23,57494.96,2467.89,99.00,53.61
1999-09-24,57420.15,2467.84,99.00,61.28
1999-09-25,57360.00,2467.80,99.00,68.68
1999-09-26,57255.00,2467.73,99.00,46.06
1999-09-27,57149.85,2467.66,99.00,45.99
1999-09-28,57028.00,2467.58,99.00,37.57
1999-09-29,56932.00,2467.52,99.00,50.60
1999-09-30,56840.00,2467.46,99.00,52.62
1999-10-01,56734.96,2467.39,100.00,47.00
1999-10-02,56630.07,2467.32,100.00,47.12
1999-10-03,56525.00,2467.25,99.00,46.03
1999-10-04,56419.93,2467.18,98.00,45.03
1999-10-05,56315.04,2467.11,98.00,45.12
1999-10-06,56210.00,2467.04,98.00,45.04
1999-10-07,56210.00,2467.04,98.00,98.00
1999-10-08,57240.00,2467.72,99.00,618.29
1999-10-09,57615.00,2467.97,100.00,289.06
1999-10-10,57705.00,2468.03,100.00,145.38
1999-10-11,57826.04,2468.11,100.00,161.02
1999-10-12,57905.84,2468.16,100.00,140.23
1999-10-13,57970.00,2468.20,101.00,133.35
1999-10-14,57985.00,2468.21,100.00,107.56
1999-10-15,57970.00,2468.20,101.00,93.44
1999-10-16,57970.00,2468.20,101.00,101.00
1999-10-17,57937.92,2468.18,101.00,84.83
1999-10-18,57889.80,2468.15,101.00,76.74
1999-10-19,57842.08,2468.12,101.00,76.94
1999-10-20,57795.00,2468.09,101.00,77.26
1999-10-21,57735.00,2468.05,101.00,70.75
1999-10-22,57660.00,2468.00,100.00,62.19
1999-10-23,57615.00,2467.97,100.00,77.31
1999-10-24,57570.00,2467.94,99.00,76.31
1999-10-25,57570.00,2467.94,99.00,99.00
1999-10-26,57555.00,2467.93,99.00,91.44
1999-10-27,57525.00,2467.91,100.00,84.87
1999-10-28,57826.04,2468.11,100.00,251.77
1999-10-29,58105.00,2468.29,100.00,240.64
1999-10-30,58360.00,2468.46,100.00,228.56
1999-10-31,58976.23,2468.86,101.00,411.68
1999-11-01,59295.00,2469.07,101.00,261.71
1999-11-02,59500.00,2469.20,101.00,204.35
1999-11-03,59840.00,2469.42,101.00,272.42
1999-11-04,60104.00,2469.59,101.00,234.10
1999-11-05,60370.00,2469.76,101.00,235.11
1999-11-06,60772.00,2470.02,102.00,304.68
1999-11-07,61066.00,2470.21,102.00,250.23
1999-11-08,61400.00,2470.42,102.00,270.39
1999-11-09,61856.00,2470.71,102.00,331.90
1999-11-10,62438.00,2471.08,103.00,396.43
1999-11-11,63692.27,2471.87,103.00,735.36
1999-11-12,67334.09,2474.12,107.00,1943.08
1999-11-13,70028.00,2475.74,109.00,1467.18
1999-11-14,71453.00,2476.59,110.00,828.44
1999-11-15,72337.04,2477.11,110.00,555.70
1999-11-16,72932.00,2477.46,110.00,409.96
1999-11-17,73469.00,2477.77,111.00,381.74
1999-11-18,73860.00,2478.00,111.00,308.13
1999-11-19,74278.00,2478.24,111.00,321.74
1999-11-20,74810.00,2478.55,111.00,379.22
1999-11-21,75276.09,2478.82,113.00,347.99
1999-11-22,75692.00,2479.06,113.00,322.69
1999-11-23,75958.00,2479.21,113.00,247.11
1999-11-24,76922.00,2479.76,129.00,615.02
1999-11-25,81260.00,2482.20,143.00,2330.08
1999-11-26,84731.00,2484.09,146.00,1895.96
1999-11-27,86132.18,2484.84,148.00,854.43
1999-11-28,86936.00,2485.27,148.00,553.26
1999-11-29,87427.00,2485.53,202.00,449.55
1999-11-30,87616.67,2485.63,313.00,408.63
1999-12-01,87768.00,2485.71,385.00,461.29
1999-12-02,87930.00,2485.80,388.00,469.68
1999-12-03,87750.00,2485.70,386.00,295.25
1999-12-04,87541.00,2485.59,387.00,281.63
1999-12-05,87389.00,2485.51,388.00,311.37
1999-12-06,87446.00,2485.54,391.00,419.74
1999-12-07,87180.00,2485.40,390.00,255.89
1999-12-08,86846.00,2485.22,390.00,221.61
1999-12-09,86582.00,2485.08,391.00,257.90
1999-12-10,86449.00,2485.01,358.00,290.95
1999-12-11,87522.00,2485.58,327.00,867.97
1999-12-12,89260.00,2486.50,329.00,1205.24
1999-12-13,90201.00,2486.99,332.00,806.42
1999-12-14,90840.10,2487.32,384.00,706.21
1999-12-15,94980.00,2489.44,752.00,2839.20
1999-12-16,97150.00,2490.53,1316.00,2410.04
1999-12-17,97610.00,2490.76,1319.00,1550.92
1999-12-18,98679.00,2491.29,1326.00,1864.95
1999-12-19,98010.00,2490.96,1323.00,985.71
1999-12-20,96770.20,2490.34,1316.00,690.93
1999-12-21,95260.00,2489.58,1308.00,546.61
1999-12-22,93600.00,2488.74,1298.00,461.08
1999-12-23,91870.24,2487.85,1290.00,417.91
1999-12-24,90068.00,2486.92,1279.00,370.37
1999-12-25,88234.00,2485.96,1267.00,342.36
1999-12-26,86392.00,2484.98,1256.00,327.32
1999-12-27,84750.00,2484.10,1127.00,299.16
1999-12-28,83514.00,2483.43,884.00,260.85
1999-12-29,82630.00,2482.95,660.00,214.32
1999-12-30,82097.82,2482.66,469.00,200.69
1999-12-31,81792.00,2482.49,387.00,232.82
2000-01-01,81558.27,2482.36,386.00,268.16
2000-01-02,81223.91,2482.18,387.00,218.43
2000-01-03,81062.00,2482.09,325.00,243.37
2000-01-04,81080.00,2482.10,251.00,260.08
2000-01-05,80918.00,2482.01,249.00,167.32
2000-01-06,80720.00,2481.90,249.00,149.17
2000-01-07,80558.05,2481.81,249.00,167.35
2000-01-08,80648.27,2481.86,249.00,294.49
2000-01-09,80666.30,2481.87,249.00,258.09
2000-01-10,80594.13,2481.83,249.00,212.61
2000-01-11,80450.00,2481.75,251.00,178.33
2000-01-12,80287.82,2481.66,251.00,169.23
2000-01-13,80108.00,2481.56,251.00,160.34
2000-01-14,80054.00,2481.53,251.00,223.77
2000-01-15,79776.30,2481.37,251.00,111.00
2000-01-16,79650.00,2481.30,251.00,187.32
2000-01-17,79343.70,2481.13,251.00,96.57
2000-01-18,79074.00,2480.98,251.00,115.03
2000-01-19,78810.00,2480.83,249.00,115.90
2000-01-20,78525.87,2480.67,249.00,105.75
2000-01-21,78364.00,2480.58,249.00,167.39
2000-01-22,78084.00,2480.42,249.00,107.83
2000-01-23,77798.00,2480.26,249.00,104.81
2000-01-24,77520.00,2480.10,237.00,96.84
2000-01-25,77304.00,2479.98,224.00,115.10
2000-01-26,77075.21,2479.85,222.00,106.65
2000-01-27,76837.00,2479.71,222.00,101.90
2000-01-28,76550.00,2479.55,222.00,77.30
2000-01-29,76307.00,2479.41,222.00,99.49
2000-01-30,76030.00,2479.25,220.00,80.35
2000-01-31,75907.19,2479.18,220.00,158.08
2000-02-01,76084.00,2479.28,220.00,309.14
2000-02-02,75885.87,2479.17,220.00,120.11
2000-02-03,75675.00,2479.05,220.00,113.69
2000-02-04,75488.00,2478.94,220.00,125.72
2000-02-05,75258.05,2478.81,220.00,104.07
2000-02-06,75018.88,2478.67,220.00,99.42
2000-02-07,74828.00,2478.56,220.00,123.77
2000-02-08,74720.00,2478.50,219.00,164.55
2000-02-09,74532.96,2478.39,219.00,124.70
2000-02-10,74363.00,2478.29,219.00,133.31
2000-02-11,74155.87,2478.17,219.00,114.57
2000-02-12,73962.00,2478.06,219.00,121.26
2000-02-13,73741.00,2477.93,219.00,107.58
2000-02-14,73605.21,2477.85,209.00,140.54
2000-02-15,73469.00,2477.77,177.00,108.33
2000-02-16,73367.00,2477.71,169.00,117.57
2000-02-17,73264.79,2477.65,169.00,117.47
2000-02-18,73144.00,2477.58,169.00,108.10
2000-02-19,72983.00,2477.49,169.00,87.83
2000-02-20,72881.00,2477.43,169.00,117.57
2000-02-21,72795.91,2477.38,169.00,126.10
2000-02-22,72745.21,2477.35,152.00,126.44
2000-02-23,72694.09,2477.32,140.00,114.22
2000-02-24,72643.00,2477.29,140.00,114.24
2000-02-25,72626.00,2477.28,140.00,131.43
2000-02-26,72626.00,2477.28,140.00,140.00
2000-02-27,72592.00,2477.26,138.00,120.86
2000-02-28,72558.00,2477.24,138.00,120.86
2000-02-29,72609.00,2477.27,125.00,150.71
2000-03-01,72626.00,2477.28,110.00,118.57
2000-03-02,72677.04,2477.31,107.00,132.73
2000-03-03,72728.16,2477.34,107.00,132.78
2000-03-04,72830.00,2477.40,107.00,158.34
2000-03-05,72864.00,2477.42,107.00,124.14
2000-03-06,72898.00,2477.44,107.00,124.14
2000-03-07,72915.00,2477.45,107.00,115.57
2000-03-08,72932.00,2477.46,107.00,115.57
2000-03-09,72949.00,2477.47,107.00,115.57
2000-03-10,73018.00,2477.51,107.00,141.79
2000-03-11,73090.00,2477.55,107.00,143.30
2000-03-12,73126.00,2477.57,107.00,125.15
2000-03-13,73264.79,2477.65,107.00,176.97
2000-03-14,73486.00,2477.78,107.00,218.53
2000-03-15,73554.09,2477.82,107.00,141.33
2000-03-16,73809.00,2477.97,107.00,235.52
2000-03-17,74013.00,2478.09,107.00,209.85
2000-03-18,74312.00,2478.26,108.00,258.75
2000-03-19,74482.25,2478.36,108.00,193.83
2000-03-20,74584.00,2478.42,108.00,159.30
2000-03-21,74703.00,2478.49,108.00,168.00
2000-03-22,74950.71,2478.63,108.00,232.89
2000-03-23,75189.00,2478.77,108.00,228.14
2000-03-24,75366.30,2478.87,108.00,197.39
2000-03-25,75522.00,2478.96,109.00,187.50
2000-03-26,75658.00,2479.04,109.00,177.57
2000-03-27,75867.82,2479.16,109.00,214.78
2000-03-28,76084.00,2479.28,109.00,217.99
2000-03-29,76222.25,2479.36,109.00,178.70
2000-03-30,76375.00,2479.45,109.00,186.01
2000-03-31,76532.00,2479.54,109.00,188.15
2000-04-01,76888.00,2479.74,109.00,288.48
2000-04-02,77537.04,2480.11,109.00,436.22
2000-04-03,78453.70,2480.63,110.00,572.15
2000-04-04,79686.09,2481.32,110.00,731.33
2000-04-05,80612.18,2481.84,111.00,577.91
2000-04-06,81412.00,2482.28,111.00,514.24
2000-04-07,81900.00,2482.55,111.00,357.03
2000-04-08,82378.05,2482.81,113.00,354.02
2000-04-09,82938.09,2483.12,113.00,395.36
2000-04-10,83712.00,2483.54,114.00,504.18
2000-04-11,84655.00,2484.05,114.00,589.43
2000-04-12,85793.81,2484.66,114.00,688.15
2000-04-13,87503.00,2485.57,115.00,976.72
2000-04-14,90353.00,2487.07,116.00,1552.88
2000-04-15,92702.00,2488.28,117.00,1301.29
2000-04-16,94190.00,2489.04,119.00,869.20
2000-04-17,95379.00,2489.64,119.00,718.45
2000-04-18,96710.00,2490.31,119.00,790.05
2000-04-19,98110.00,2491.01,120.00,825.83
2000-04-20,99459.00,2491.68,120.00,800.12
2000-04-21,100825.00,2492.35,121.00,809.69
2000-04-22,102328.00,2493.08,121.00,878.76
2000-04-23,103547.00,2493.67,121.00,735.58
2000-04-24,104566.00,2494.06,157.00,670.75
2000-04-25,104944.00,2494.34,249.00,439.58
2000-04-26,105238.00,2494.48,339.00,487.23
2000-04-27,105753.00,2494.73,341.00,600.65
2000-04-28,106278.00,2494.98,341.00,605.69
2000-04-29,106677.00,2495.17,341.00,542.16
2000-04-30,107034.00,2495.34,341.00,520.99
2000-05-01,107433.00,2495.53,376.00,577.16
2000-05-02,107905.00,2495.75,413.00,650.97
2000-05-03,109049.00,2496.29,416.00,992.77
2000-05-04,109856.84,2496.67,376.00,783.29
2000-05-05,110497.00,2496.97,316.00,638.75
2000-05-06,110926.84,2497.17,333.00,549.71
2000-05-07,110968.95,2497.19,498.00,519.23
2000-05-08,111137.00,2497.27,437.00,521.73
2000-05-09,111661.00,2497.51,362.00,626.18
2000-05-10,112324.11,2497.82,286.00,620.32
2000-05-11,113083.84,2498.17,214.00,597.03
2000-05-12,113646.00,2498.43,214.00,497.42
2000-05-13,114217.95,2498.69,215.00,503.36
2000-05-14,115000.00,2499.05,215.00,609.29
2000-05-15,116100.00,2499.55,253.00,807.58
2000-05-16,117507.95,2500.19,287.00,996.84
2000-05-17,118980.27,2500.85,247.00,989.30
2000-05-18,120186.95,2501.39,218.00,826.37
2000-05-19,121889.73,2502.15,220.00,1078.49
2000-05-20,123567.95,2502.89,222.00,1068.10
2000-05-21,125926.00,2503.92,222.00,1410.85
2000-05-22,127914.00,2504.78,318.00,1320.28
2000-05-23,129097.00,2505.29,443.00,1039.43
2000-05-24,129748.00,2505.57,556.00,884.21
2000-05-25,129934.72,2505.65,689.00,783.14
2000-05-26,130188.00,2505.76,690.00,817.70
2000-05-27,130589.00,2505.93,690.00,892.17
2000-05-28,130888.00,2506.06,693.00,843.75
2000-05-29,130980.00,2506.10,693.00,739.38
2000-05-30,131123.77,2506.16,576.00,648.48
2000-05-31,131529.17,2506.33,380.00,584.39
2000-06-01,131992.00,2506.53,281.00,514.34
2000-06-02,132492.00,2506.74,356.00,608.08
2000-06-03,132956.00,2506.94,411.00,644.93
2000-06-04,133690.00,2507.25,412.00,782.06
2000-06-05,134639.70,2507.65,386.00,864.81
2000-06-06,135326.00,2507.94,368.00,714.01
2000-06-07,135877.83,2508.17,360.00,638.21
2000-06-08,136381.88,2508.38,344.00,598.12
2000-06-09,136790.00,2508.55,345.00,550.76
2000-06-10,137101.88,2508.68,345.00,502.24
2000-06-11,137534.36,2508.86,345.00,563.04
2000-06-12,139585.00,2509.71,376.00,1409.87
2000-06-13,139810.00,2509.80,783.00,896.44
2000-06-14,140122.00,2509.93,926.00,1083.30
2000-06-15,140074.00,2509.91,957.00,932.80
2000-06-16,139660.00,2509.74,971.00,762.27
2000-06-17,139585.00,2509.71,728.00,690.19
2000-06-18,139511.88,2509.68,679.00,642.13
2000-06-19,139391.59,2509.63,655.00,594.36
2000-06-20,139391.59,2509.63,535.00,535.00
2000-06-21,139511.88,2509.68,479.00,539.64
2000-06-22,139660.00,2509.74,421.00,495.68
2000-06-23,139685.00,2509.75,416.00,428.60
2000-06-24,139511.88,2509.68,524.00,436.72
2000-06-25,139248.00,2509.57,570.00,436.96
2000-06-26,139008.00,2509.47,570.00,449.00
2000-06-27,138791.88,2509.38,590.00,481.04
2000-06-28,138425.00,2509.23,655.00,470.03
2000-06-29,137918.00,2509.02,702.00,446.39
2000-06-30,137222.00,2508.73,722.00,371.10
2000-07-01,136190.00,2508.30,860.00,339.70
2000-07-02,134639.70,2507.65,1039.00,257.39
2000-07-03,132980.00,2506.95,1195.00,358.23
2000-07-04,131220.00,2506.20,1206.00,318.67
2000-07-05,129396.00,2505.42,1199.00,279.40
2000-07-06,127591.66,2504.64,1191.00,281.31
2000-07-07,125742.23,2503.84,1155.00,222.57
2000-07-08,123889.00,2503.03,1228.00,293.66
2000-07-09,122138.00,2502.26,1220.00,337.20
2000-07-10,120163.89,2501.38,1213.00,217.72
2000-07-11,118332.00,2500.56,1205.00,281.42
2000-07-12,116452.00,2499.71,1212.00,264.17
2000-07-13,114472.05,2498.81,1249.00,250.78
2000-07-14,112346.16,2497.83,1309.00,237.20
2000-07-15,110196.16,2496.83,1316.00,232.04
2000-07-16,108094.20,2495.84,1309.00,249.26
2000-07-17,105879.00,2494.79,1330.00,213.17
2000-07-18,103715.00,2493.75,1334.00,242.98
2000-07-19,101499.90,2492.68,1326.00,209.22
2000-07-20,99340.10,2491.62,1316.00,227.10
2000-07-21,97330.10,2490.62,1245.00,231.62
2000-07-22,95419.80,2489.66,1197.00,233.89
2000-07-23,93462.86,2488.67,1186.00,199.37
2000-07-24,91656.00,2487.74,1118.00,207.04
2000-07-25,89878.09,2486.82,1074.00,177.64
2000-07-26,88100.95,2485.89,1067.00,171.02
2000-07-27,86373.00,2484.97,1055.00,183.82
2000-07-28,84598.00,2484.02,1059.00,164.10
2000-07-29,82792.00,2483.04,1081.00,170.47
2000-07-30,81026.00,2482.07,1070.00,179.64
2000-07-31,79272.00,2481.09,1059.00,174.69
2000-08-01,77537.04,2480.11,1085.00,210.29
2000-08-02,75420.00,2478.90,1153.00,85.66
2000-08-03,73418.00,2477.74,1160.00,150.66
2000-08-04,71453.00,2476.59,1146.00,155.31
2000-08-05,69476.00,2475.41,1150.00,153.26
2000-08-06,67452.96,2474.19,1182.00,162.05
2000-08-07,65366.00,2472.91,1193.00,140.82
2000-08-08,63307.73,2471.63,1189.00,151.29
2000-08-09,61274.16,2470.34,1186.00,160.74
2000-08-10,59235.00,2469.03,1182.00,153.92
2000-08-11,57164.89,2467.67,1182.00,138.32
2000-08-12,55155.11,2466.33,1175.00,161.73
2000-08-13,53165.00,2464.99,1164.00,160.65
2000-08-14,51181.76,2463.63,1157.00,157.12
2000-08-15,49214.00,2462.26,1164.00,171.92
2000-08-16,47382.00,2460.98,1168.00,244.37
2000-08-17,45154.00,2459.41,1175.00,51.72
2000-08-18,43208.00,2458.02,1168.00,186.89
2000-08-19,41240.00,2456.60,1138.00,145.80
2000-08-20,39359.00,2455.23,1109.00,160.66
2000-08-21,37516.97,2453.89,1060.00,131.31
2000-08-22,35770.00,2452.60,1011.00,130.24
2000-08-23,34098.24,2451.37,982.00,139.15
2000-08-24,32404.04,2450.11,953.00,98.84
2000-08-25,30842.00,2448.94,924.00,136.47
2000-08-26,29445.96,2447.89,890.00,186.17
2000-08-27,27810.00,2446.66,856.00,31.20
2000-08-28,26600.00,2445.75,672.00,61.96
2000-08-29,25898.00,2445.22,413.00,59.07
2000-08-30,25636.00,2445.02,203.00,70.91
2000-08-31,25441.22,2444.87,125.00,26.80
2000-09-01,25336.00,2444.79,115.00,61.95
2000-09-02,25224.00,2444.71,115.00,58.53
2000-09-03,25106.06,2444.62,113.00,53.54
2000-09-04,24989.00,2444.53,113.00,53.98
2000-09-05,24937.00,2444.49,103.00,76.78
2000-09-06,24820.00,2444.40,94.00,35.01
2000-09-07,24768.19,2444.36,94.00,67.88
2000-09-08,24976.00,2444.52,94.00,198.77
2000-09-09,25157.87,2444.66,95.00,186.69
2000-09-10,25584.00,2444.98,95.00,309.84
2000-09-11,25675.00,2445.05,95.00,140.88
2000-09-12,25727.00,2445.09,95.00,121.22
2000-09-13,25701.00,2445.07,95.00,81.89
2000-09-14,25714.00,2445.08,95.00,101.55
2000-09-15,25649.00,2445.03,95.00,62.23
2000-09-16,25610.00,2445.00,95.00,75.34
2000-09-17,25506.00,2444.92,95.00,42.57
2000-09-18,25558.00,2444.96,95.00,121.22
2000-09-19,25519.00,2444.93,95.00,75.34
2000-09-20,25480.00,2444.90,95.00,75.34
2000-09-21,25402.13,2444.84,95.00,55.74
2000-09-22,25376.06,2444.82,95.00,81.86
2000-09-23,25308.00,2444.77,95.00,60.68
2000-09-24,25252.00,2444.73,95.00,66.77
2000-09-25,25183.94,2444.68,95.00,60.68
2000-09-26,25118.78,2444.63,95.00,62.15
2000-09-27,25067.00,2444.59,95.00,68.90
2000-09-28,24989.00,2444.53,94.00,54.67
2000-09-29,25002.00,2444.54,94.00,100.55
2000-09-30,27101.76,2446.13,97.00,1155.63
2000-10-01,28647.00,2447.29,101.00,880.00
2000-10-02,29203.00,2447.71,95.00,375.32
2000-10-03,29564.00,2447.98,90.00,272.00
2000-10-04,29789.83,2448.15,92.00,205.86
2000-10-05,29938.00,2448.26,92.00,166.70
2000-10-06,30029.10,2448.33,92.00,137.93
2000-10-07,30134.00,2448.41,92.00,144.89
2000-10-08,30190.00,2448.45,93.00,121.23
2000-10-09,30232.00,2448.48,108.00,129.18
2000-10-10,30232.00,2448.48,101.00,101.00
2000-10-11,30286.00,2448.52,90.00,117.23
2000-10-12,30286.00,2448.52,90.00,90.00
2000-10-13,30286.00,2448.52,90.00,90.00
2000-10-14,30312.00,2448.54,90.00,103.11
2000-10-15,30286.00,2448.52,92.00,78.89
2000-10-16,30441.81,2448.64,92.00,170.55
2000-10-17,30624.00,2448.78,92.00,183.85
2000-10-18,30761.93,2448.88,92.00,161.54
2000-10-19,30907.00,2448.99,92.00,165.14
2000-10-20,31499.00,2449.43,93.00,391.47
2000-10-21,32032.10,2449.83,94.00,362.77
2000-10-22,32338.00,2450.06,95.00,249.22
2000-10-23,32608.00,2450.26,95.00,231.13
2000-10-24,32800.00,2450.40,90.00,186.80
2000-10-25,32982.00,2450.54,84.00,175.76
2000-10-26,33115.79,2450.64,85.00,152.45
2000-10-27,33265.00,2450.75,81.00,156.23
2000-10-28,33483.00,2450.91,75.00,184.91
2000-10-29,33574.00,2450.98,75.00,120.88
2000-10-30,33656.00,2451.04,75.00,116.34
2000-10-31,33766.06,2451.12,75.00,130.49
2000-11-01,33830.91,2451.17,75.00,107.69
2000-11-02,33830.91,2451.17,120.00,120.00
2000-11-03,33778.78,2451.14,142.00,115.72
2000-11-04,33922.00,2451.24,129.00,201.21
2000-11-05,34000.00,2451.30,129.00,168.33
2000-11-06,34098.24,2451.37,129.00,178.53
2000-11-07,34084.21,2451.36,129.00,121.93
2000-11-08,34252.00,2451.48,129.00,213.60
2000-11-09,34252.00,2451.48,129.00,129.00
2000-11-10,34266.00,2451.49,131.00,138.06
2000-11-11,34210.00,2451.45,147.00,118.77
2000-11-12,34098.24,2451.37,169.00,112.65
2000-11-13,33987.00,2451.29,169.00,112.92
2000-11-14,33870.00,2451.20,169.00,110.01
2000-11-15,33740.00,2451.10,169.00,103.46
2000-11-16,33614.00,2451.01,168.00,104.47
2000-11-17,33483.00,2450.91,168.00,101.95
2000-11-18,33304.00,2450.78,168.00,77.75
2000-11-19,33143.86,2450.66,168.00,87.26
2000-11-20,32956.00,2450.52,166.00,71.29
2000-11-21,32771.93,2450.38,184.00,91.20
2000-11-22,32582.00,2450.24,192.00,96.24
2000-11-23,32377.00,2450.09,192.00,88.65
2000-11-24,32208.00,2449.96,183.00,97.80
2000-11-25,32130.00,2449.90,175.00,135.67
2000-11-26,32060.17,2449.85,175.00,139.79
2000-11-27,31938.00,2449.76,175.00,113.40
2000-11-28,31734.04,2449.61,178.00,75.17
2000-11-29,31525.00,2449.45,184.00,78.61
2000-11-30,31362.10,2449.33,184.00,101.87
2000-12-01,31147.90,2449.17,184.00,76.00
2000-12-02,30933.00,2449.01,183.00,74.66
2000-12-03,30761.93,2448.88,183.00,96.75
2000-12-04,30533.00,2448.71,183.00,67.58
2000-12-05,30286.00,2448.52,181.00,56.47
2000-12-06,30106.97,2448.39,181.00,90.74
2000-12-07,29873.00,2448.21,180.00,62.04
2000-12-08,29616.00,2448.02,180.00,50.43
2000-12-09,29473.00,2447.91,178.00,105.90
2000-12-10,29255.00,2447.75,178.00,68.09
2000-12-11,29018.00,2447.57,170.00,50.51
2000-12-12,28829.00,2447.43,154.66,59.37
2000-12-13,28621.00,2447.27,153.69,48.82
2000-12-14,28590.00,2447.25,153.26,137.63
2000-12-15,28540.00,2447.22,153.03,127.82
2000-12-16,28364.00,2447.08,152.91,64.18
2000-12-17,28273.00,2447.01,153.00,107.12
2000-12-18,28101.93,2446.88,153.00,66.75
2000-12-19,27925.00,2446.75,153.00,63.80
2000-12-20,27794.84,2446.65,153.00,87.38
2000-12-21,27626.00,2446.52,151.00,65.88
2000-12-22,27502.00,2446.43,151.00,88.48
2000-12-23,27356.06,2446.32,151.00,77.42
2000-12-24,27200.00,2446.20,150.00,71.32
2000-12-25,26982.00,2446.04,150.00,40.09
2000-12-26,26878.00,2445.96,150.00,97.57
2000-12-27,26735.16,2445.85,148.00,75.98
2000-12-28,26544.00,2445.71,148.00,51.62
2000-12-29,26361.00,2445.57,148.00,55.74
2000-12-30,26270.00,2445.50,147.00,101.12
2000-12-31,26192.00,2445.44,147.00,107.67
2001-01-01,25996.00,2445.29,147.00,48.18
2001-01-02,25817.87,2445.16,147.00,57.19
2001-01-03,25688.00,2445.06,145.00,79.52
2001-01-04,25610.00,2445.00,145.00,105.67
2001-01-05,25968.00,2445.27,135.00,315.49
2001-01-06,26231.00,2445.47,120.00,252.60
2001-01-07,26374.00,2445.58,114.00,186.10
2001-01-08,26530.00,2445.70,100.00,178.65
2001-01-09,26670.00,2445.80,89.00,159.58
2001-01-10,26761.22,2445.87,95.00,140.99
2001-01-11,26800.00,2445.90,122.00,141.55
2001-01-12,26773.94,2445.88,132.00,118.86
2001-01-13,26773.94,2445.88,137.00,137.00
2001-01-14,26748.19,2445.86,137.00,124.02
2001-01-15,26642.00,2445.78,144.00,90.46
2001-01-16,26586.00,2445.74,149.00,120.77
2001-01-17,26544.00,2445.71,156.00,134.82
2001-01-18,26516.97,2445.69,155.00,141.37
2001-01-19,26451.81,2445.64,151.00,118.15
2001-01-20,26374.00,2445.58,145.00,105.77
2001-01-21,26257.00,2445.49,145.00,86.01
2001-01-22,26140.00,2445.40,145.00,86.01
2001-01-23,26036.06,2445.32,145.00,92.60
2001-01-24,25940.00,2445.25,145.00,96.57
2001-01-25,25804.84,2445.15,144.00,75.86
2001-01-26,25701.00,2445.07,144.00,91.65
2001-01-27,25584.00,2444.98,144.00,85.01
2001-01-28,25389.10,2444.83,144.00,45.74
2001-01-29,25294.00,2444.76,144.00,96.06
2001-01-30,25389.10,2444.83,144.00,191.94
2001-01-31,25350.00,2444.80,144.00,124.29
2001-02-01,25280.00,2444.75,142.00,106.71
2001-02-02,25252.00,2444.73,142.00,127.88
2001-02-03,25224.00,2444.71,142.00,127.88
2001-02-04,25308.00,2444.77,142.00,184.35
2001-02-05,25280.00,2444.75,134.00,119.88
2001-02-06,25280.00,2444.75,131.00,131.00
2001-02-07,25196.97,2444.69,131.00,89.14
2001-02-08,25131.81,2444.64,131.00,98.15
2001-02-09,25054.00,2444.58,131.00,91.77
2001-02-10,24976.00,2444.52,131.00,91.67
2001-02-11,24898.00,2444.46,131.00,91.67
2001-02-12,24885.00,2444.45,131.00,124.45
2001-02-13,24833.00,2444.41,131.00,104.78
2001-02-14,24781.22,2444.37,129.00,102.90
2001-02-15,24729.10,2444.33,129.00,102.72
2001-02-16,24690.00,2444.30,129.00,109.29
2001-02-17,24592.00,2444.23,129.00,79.59
2001-02-18,24497.87,2444.16,129.00,81.54
2001-02-19,24407.00,2444.09,129.00,83.18
2001-02-20,24290.00,2444.00,128.00,69.01
2001-02-21,24199.00,2443.93,128.00,82.12
2001-02-22,24095.16,2443.85,128.00,75.65
2001-02-23,24004.00,2443.78,128.00,82.04
2001-02-24,23886.97,2443.69,128.00,69.00
2001-02-25,23783.03,2443.61,127.00,74.60
2001-02-26,23653.00,2443.51,127.00,61.44
2001-02-27,23542.00,2443.43,127.00,71.04
2001-02-28,23448.19,2443.36,126.00,78.70
2001-03-01,23383.03,2443.31,129.00,96.15
2001-03-02,23292.00,2443.24,134.00,88.11
2001-03-03,23161.81,2443.14,134.00,68.36
2001-03-04,23045.00,2443.05,134.00,75.11
2001-03-05,22902.00,2442.94,133.00,60.90
2001-03-06,22798.19,2442.86,133.00,80.66
2001-03-07,22720.00,2442.80,133.00,93.58
2001-03-08,22694.00,2442.78,128.00,114.89
2001-03-09,22720.00,2442.80,114.00,127.11
2001-03-10,22772.13,2442.84,102.00,128.28
2001-03-11,22798.19,2442.86,101.00,114.14
2001-03-12,22798.19,2442.86,101.00,101.00
2001-03-13,22954.00,2442.98,89.00,167.55
2001-03-14,23240.00,2443.20,79.00,223.19
2001-03-15,23500.00,2443.40,79.00,210.08
2001-03-16,23770.00,2443.60,80.00,216.13
2001-03-17,24030.00,2443.80,80.00,211.08
2001-03-18,24360.00,2444.05,80.00,246.38
2001-03-19,24750.00,2444.35,82.00,278.63
2001-03-20,25196.97,2444.69,83.00,308.35
2001-03-21,25701.00,2445.07,84.00,338.12
2001-03-22,26140.00,2445.40,85.00,306.33
2001-03-23,26572.00,2445.73,86.00,303.80
2001-03-24,27330.00,2446.30,86.00,468.16
2001-03-25,28340.00,2447.06,88.00,597.21
2001-03-26,29320.00,2447.80,89.00,583.08
2001-03-27,30042.13,2448.34,90.00,454.07
2001-03-28,30761.93,2448.88,93.00,455.90
2001-03-29,31418.24,2449.37,93.00,423.89
2001-03-30,32074.21,2449.86,94.00,424.72
2001-03-31,32917.00,2450.49,95.00,519.91
2001-04-01,33656.00,2451.04,97.00,469.58
2001-04-02,34210.00,2451.45,98.00,377.31
2001-04-03,34638.00,2451.77,98.00,313.78
2001-04-04,35020.00,2452.05,100.00,292.59
2001-04-05,35399.09,2452.33,100.00,291.13
2001-04-06,35714.00,2452.56,101.00,259.77
2001-04-07,35984.00,2452.76,101.00,237.13
2001-04-08,36212.00,2452.93,102.00,216.95
2001-04-09,36436.00,2453.09,102.00,214.93
2001-04-10,36720.00,2453.30,102.00,245.18
2001-04-11,36920.00,2453.45,102.00,202.83
2001-04-12,37156.06,2453.62,103.00,222.01
2001-04-13,37274.00,2453.71,103.00,162.46
2001-04-14,37413.03,2453.81,103.00,173.09
2001-04-15,37530.00,2453.90,103.00,161.97
2001-04-16,37810.00,2454.10,104.00,245.17
2001-04-17,38220.00,2454.40,104.00,310.71
2001-04-18,38714.00,2454.76,104.00,353.06
2001-04-19,39194.04,2455.11,105.00,347.02
2001-04-20,39734.00,2455.51,107.00,379.23
2001-04-21,40340.00,2455.95,108.00,413.53
2001-04-22,41002.00,2456.43,108.00,441.76
2001-04-23,41790.00,2457.00,109.00,506.28
2001-04-24,42703.86,2457.66,110.00,570.74
2001-04-25,44188.00,2458.72,104.00,852.25
2001-04-26,46300.00,2460.22,101.00,1165.80
2001-04-27,48410.00,2461.70,83.00,1146.79
2001-04-28,50242.00,2462.98,66.00,989.63
2001-04-29,51780.00,2464.04,67.00,842.41
2001-04-30,53550.00,2465.25,68.00,960.38
2001-05-01,54975.00,2466.21,69.00,787.44
2001-05-02,55984.96,2466.89,69.00,578.19
2001-05-03,56840.00,2467.46,70.00,501.08
2001-05-04,57705.00,2468.03,70.00,506.10
2001-05-05,58699.93,2468.68,70.00,571.61
2001-05-06,59500.00,2469.20,80.00,483.37
2001-05-07,60310.00,2469.72,85.00,493.38
2001-05-08,61274.16,2470.34,86.00,572.10
2001-05-09,62294.00,2470.99,86.00,600.17
2001-05-10,63323.77,2471.64,87.00,606.17
2001-05-11,64428.12,2472.33,87.00,643.78
2001-05-12,66127.92,2473.38,88.00,944.99
2001-05-13,67912.00,2474.47,89.00,988.47
2001-05-14,69756.00,2475.58,90.00,1019.68
2001-05-15,71776.00,2476.78,92.00,1110.42
2001-05-16,73894.00,2478.02,93.00,1160.83
2001-05-17,75240.00,2478.80,94.00,772.61
2001-05-18,76290.00,2479.40,94.00,623.38
2001-05-19,77160.00,2479.90,94.00,532.63
2001-05-20,77996.30,2480.37,95.00,516.64
2001-05-21,78862.25,2480.86,95.00,531.58
2001-05-22,80305.87,2481.67,96.00,823.82
2001-05-23,82378.05,2482.81,97.00,1141.72
2001-05-24,84341.91,2483.88,97.00,1087.11
2001-05-25,85908.00,2484.72,98.00,887.57
2001-05-26,87199.00,2485.41,100.00,750.88
2001-05-27,88310.00,2486.00,100.00,660.13
2001-05-28,89222.00,2486.48,101.00,560.80
2001-05-29,89878.09,2486.82,101.00,431.78
2001-05-30,90277.00,2487.03,136.00,337.12
2001-05-31,90549.85,2487.17,215.00,352.56
2001-06-01,91019.00,2487.41,246.00,482.53
2001-06-02,91380.00,2487.60,247.00,429.00
2001-06-03,91675.00,2487.75,234.00,382.73
2001-06-04,91810.10,2487.82,227.00,295.11
2001-06-05,91830.15,2487.83,262.00,272.11
2001-06-06,91850.20,2487.84,273.00,283.11
2001-06-07,91870.24,2487.85,281.00,291.11
2001-06-08,91949.95,2487.89,298.00,338.19
2001-06-09,92065.00,2487.95,315.00,373.00
2001-06-10,92103.00,2487.97,328.00,347.16
2001-06-11,92473.81,2488.16,343.00,529.95
2001-06-12,92820.20,2488.34,355.00,529.63
2001-06-13,92960.00,2488.41,354.00,424.48
2001-06-14,93000.00,2488.43,368.00,388.17
2001-06-15,92860.30,2488.36,431.00,360.57
2001-06-16,92569.00,2488.21,493.00,346.14
2001-06-17,92160.00,2488.00,508.00,301.80
2001-06-18,91732.00,2487.78,504.00,288.22
2001-06-19,91209.00,2487.51,561.00,297.32
2001-06-20,90705.00,2487.25,583.00,328.90
2001-06-21,90182.00,2486.98,581.00,317.32
2001-06-22,89611.91,2486.68,601.00,313.58
2001-06-23,88861.00,2486.29,620.00,241.42
2001-06-24,88177.00,2485.93,615.00,270.15
2001-06-25,87370.00,2485.50,611.00,204.14
2001-06-26,86601.00,2485.09,606.00,218.30
2001-06-27,86041.00,2484.79,602.00,319.67
2001-06-28,85290.95,2484.39,600.00,221.85
2001-06-29,84524.00,2483.98,596.00,209.33
2001-06-30,83748.00,2483.56,598.00,206.77
2001-07-01,82938.09,2483.12,595.00,186.67
2001-07-02,82097.82,2482.66,597.00,173.36
2001-07-03,81223.91,2482.18,636.00,195.41
2001-07-04,80251.73,2481.64,670.00,179.86
2001-07-05,79218.00,2481.06,680.00,158.83
2001-07-06,78186.00,2480.48,680.00,159.70
2001-07-07,77109.29,2479.87,699.00,156.16
2001-07-08,75921.95,2479.19,748.00,149.38
2001-07-09,74703.00,2478.49,766.00,151.44
2001-07-10,73486.00,2477.78,760.00,146.43
2001-07-11,72252.00,2477.06,763.00,140.86
2001-07-12,71004.09,2476.32,767.00,137.84
2001-07-13,69739.00,2475.57,760.00,122.19
2001-07-14,68476.04,2474.81,764.00,127.26
2001-07-15,67188.00,2474.03,764.00,114.61
2001-07-16,65952.00,2473.27,758.00,134.85
2001-07-17,64700.00,2472.50,765.00,133.78
2001-07-18,63436.00,2471.71,765.00,127.73
2001-07-19,62166.00,2470.91,768.00,127.71
2001-07-20,60884.00,2470.09,769.00,122.66
2001-07-21,59644.00,2469.29,772.00,146.83
2001-07-22,58360.00,2468.46,779.00,131.65
2001-07-23,57075.04,2467.61,776.00,128.16
2001-07-24,55790.00,2466.76,770.00,122.13
2001-07-25,54540.00,2465.92,763.00,132.79
2001-07-26,53270.00,2465.06,760.00,119.71
2001-07-27,52010.00,2464.20,757.00,121.75
2001-07-28,50850.00,2463.40,754.00,169.17
2001-07-29,49602.00,2462.53,754.00,124.80
2001-07-30,48367.90,2461.67,752.00,129.81
2001-07-31,47115.00,2460.79,755.00,123.33
2001-08-01,45850.00,2459.90,752.00,114.23
2001-08-02,44594.00,2459.01,753.00,119.77
2001-08-03,43320.00,2458.10,756.00,113.69
2001-08-04,42041.93,2457.18,753.00,108.64
2001-08-05,40781.00,2456.27,753.00,117.28
2001-08-06,39506.14,2455.34,750.00,107.26
2001-08-07,38234.00,2454.41,754.00,112.63
2001-08-08,36934.00,2453.46,754.00,98.58
2001-08-09,35630.00,2452.50,757.00,99.57
2001-08-10,34332.00,2451.54,758.00,103.59
2001-08-11,33021.00,2450.57,754.00,93.04
2001-08-12,31734.04,2449.61,752.00,103.15
2001-08-13,30441.81,2448.64,749.00,97.50
2001-08-14,29137.87,2447.66,746.00,88.60
2001-08-15,27794.84,2446.65,779.00,101.89
2001-08-16,26400.00,2445.60,796.00,92.77
2001-08-17,25015.00,2444.55,795.95,97.68
2001-08-18,23598.00,2443.47,788.13,73.73
2001-08-19,22290.00,2442.52,762.41,102.96
2001-08-20,21020.00,2441.50,746.95,106.65
2001-08-21,19890.00,2440.64,721.72,152.01
2001-08-22,18880.00,2439.86,685.36,176.15
2001-08-23,17900.00,2439.11,585.07,90.99
2001-08-24,16910.00,2438.34,523.41,24.28
2001-08-25,15970.00,2437.61,492.00,18.08
2001-08-26,15210.00,2437.02,463.00,79.83
2001-08-27,14460.00,2436.44,399.00,20.87
2001-08-28,13840.00,2435.96,319.00,6.42
2001-08-29,13360.00,2435.59,248.00,6.00
2001-08-30,13010.00,2435.31,185.00,8.54
2001-08-31,12830.00,2435.17,124.00,33.25
2001-09-01,12760.00,2435.12,94.00,58.71
2001-09-02,12700.00,2435.07,88.00,57.75
2001-09-03,12640.00,2435.02,85.00,54.75
2001-09-04,12570.00,2434.97,83.00,47.71
2001-09-05,12510.00,2434.92,81.00,50.75
2001-09-06,12440.00,2434.87,80.00,44.71
2001-09-07,12380.00,2434.82,80.00,49.75
2001-09-08,12300.00,2434.76,81.00,40.67
2001-09-09,12230.00,2434.70,80.00,44.71
2001-09-10,12150.00,2434.64,79.00,38.67
2001-09-11,12070.00,2434.58,78.00,37.67
2001-09-12,12000.00,2434.52,78.00,42.71
2001-09-13,11890.00,2434.44,76.00,20.54
2001-09-14,11790.00,2434.36,77.00,26.58
2001-09-15,11740.00,2434.32,77.00,51.79
2001-09-16,11660.00,2434.26,78.00,37.67
2001-09-17,11560.00,2434.18,79.00,28.58
2001-09-18,11480.00,2434.12,79.00,38.67
2001-09-19,11420.00,2434.07,79.00,48.75
2001-09-20,11360.00,2434.02,78.00,47.75
2001-09-21,11280.00,2433.96,78.00,37.67
2001-09-22,11190.00,2433.89,76.00,30.62
2001-09-23,11100.00,2433.82,77.00,31.62
2001-09-24,11010.00,2433.75,79.00,33.62
2001-09-25,10940.00,2433.69,79.00,43.71
2001-09-26,10860.00,2433.63,79.00,38.67
2001-09-27,10780.00,2433.57,78.00,37.67
2001-09-28,10720.00,2433.52,78.00,47.75
2001-09-29,10640.00,2433.46,77.00,36.67
2001-09-30,10560.00,2433.39,77.00,36.67
2001-10-01,10480.00,2433.33,77.00,37.00
2001-10-02,10414.00,2433.28,76.00,42.72
2001-10-03,10362.00,2433.24,75.42,49.20
2001-10-04,10260.00,2433.16,75.27,23.84
2001-10-05,10177.00,2433.09,75.18,33.33
2001-10-06,10086.00,2433.02,75.00,29.12
2001-10-07,9982.00,2432.94,75.00,22.57
2001-10-08,9969.00,2432.93,74.00,67.45
2001-10-09,9956.00,2432.92,73.00,66.45
2001-10-10,10164.00,2433.08,74.00,178.87
2001-10-11,10225.79,2433.13,75.00,106.15
2001-10-12,10466.06,2433.32,74.00,195.14
2001-10-13,10989.00,2433.73,74.00,337.65
2001-10-14,11460.00,2434.10,75.00,312.46
2001-10-15,11788.19,2434.36,75.00,240.46
2001-10-16,12048.00,2434.56,74.00,204.99
2001-10-17,12074.00,2434.58,74.00,87.11
2001-10-18,12164.84,2434.65,73.00,118.80
2001-10-19,12584.00,2434.98,78.00,289.33
2001-10-20,12856.97,2435.19,85.00,222.62
2001-10-21,13172.00,2435.44,85.00,243.83
2001-10-22,13773.00,2435.91,85.00,388.00
2001-10-23,15846.00,2437.52,78.00,1123.14
2001-10-24,16613.03,2438.11,71.00,457.71
2001-10-25,17500.00,2438.80,72.00,519.18
2001-10-26,18266.97,2439.39,74.00,460.68
2001-10-27,19021.00,2439.97,70.00,450.16
2001-10-28,19528.19,2440.36,69.00,324.71
2001-10-29,19930.90,2440.67,75.00,278.03
2001-10-30,20516.06,2441.12,85.00,380.02
2001-10-31,22034.00,2442.28,87.00,852.29
2001-11-01,23370.00,2443.30,91.00,764.57
2001-11-02,24471.81,2444.14,90.00,645.50
2001-11-03,25308.00,2444.77,85.00,506.58
2001-11-04,25996.00,2445.29,87.00,433.87
2001-11-05,26614.00,2445.76,88.00,399.58
2001-11-06,27074.04,2446.11,89.00,320.93
2001-11-07,27421.22,2446.37,91.00,266.04
2001-11-08,27743.03,2446.61,86.00,248.25
2001-11-09,28018.07,2446.82,79.00,217.66
2001-11-10,28247.00,2446.99,79.00,194.42
2001-11-11,28445.79,2447.14,78.00,178.23
2001-11-12,28634.00,2447.28,79.00,173.89
2001-11-13,29431.93,2447.88,79.00,481.29
2001-11-14,33656.00,2451.04,77.00,2206.64
2001-11-15,36092.13,2452.84,73.00,1301.22
2001-11-16,37516.97,2453.89,75.00,793.36
2001-11-17,38451.00,2454.57,76.00,546.91
2001-11-18,39082.00,2455.03,77.00,395.13
2001-11-19,39734.00,2455.51,74.00,402.72
2001-11-20,40522.00,2456.08,66.00,463.28
2001-11-21,41432.00,2456.74,65.00,523.79
2001-11-22,42480.00,2457.50,65.00,593.37
2001-11-23,43488.00,2458.22,66.00,574.20
2001-11-24,44202.00,2458.73,66.00,425.98
2001-11-25,44734.04,2459.11,67.00,335.23
2001-11-26,45238.00,2459.47,67.00,321.08
2001-11-27,45696.00,2459.79,66.00,296.91
2001-11-28,46213.86,2460.16,67.00,328.09
2001-11-29,46588.00,2460.42,67.00,255.63
2001-11-30,46951.93,2460.68,67.00,250.48
2001-12-01,47270.00,2460.90,68.00,228.36
2001-12-02,47522.00,2461.08,68.00,195.05
2001-12-03,47714.00,2461.21,68.00,164.80
2001-12-04,48008.00,2461.42,67.00,215.23
2001-12-05,48225.00,2461.57,68.00,177.40
2001-12-06,48565.04,2461.81,68.00,239.43
2001-12-07,48784.00,2461.96,66.00,176.39
2001-12-08,48995.04,2462.11,63.00,169.40
2001-12-09,49242.00,2462.28,63.00,187.51
2001-12-10,49340.17,2462.35,62.00,111.50
2001-12-11,49470.00,2462.44,62.00,127.46
2001-12-12,49700.00,2462.60,62.00,177.96
2001-12-13,50760.15,2463.34,63.00,597.49
2001-12-14,51505.18,2463.85,64.00,439.62
2001-12-15,52025.00,2464.21,64.00,326.07
2001-12-16,53434.89,2465.17,64.00,774.82
2001-12-17,54810.00,2466.10,66.00,759.28
2001-12-18,55730.00,2466.72,66.00,529.83
2001-12-19,56255.00,2467.07,66.00,330.69
2001-12-20,56719.93,2467.38,65.00,299.40
2001-12-21,57075.04,2467.61,65.00,244.03
2001-12-22,57435.18,2467.85,61.00,242.57
2001-12-23,57645.00,2467.99,58.00,163.78
2001-12-24,57873.77,2468.14,58.00,173.34
2001-12-25,58105.00,2468.29,58.00,174.58
2001-12-26,58270.00,2468.40,57.00,140.19
2001-12-27,58420.00,2468.50,57.00,132.63
2001-12-28,58654.82,2468.65,58.00,176.39
2001-12-29,58790.00,2468.74,58.00,126.16
2001-12-30,58912.08,2468.82,58.00,119.55
2001-12-31,59070.00,2468.92,60.00,139.62
2002-01-01,59160.00,2468.98,62.00,107.38
2002-01-02,59310.00,2469.08,62.00,137.63
2002-01-03,59435.84,2469.16,62.00,125.45
2002-01-04,59532.00,2469.22,62.00,110.48
2002-01-05,59660.00,2469.30,62.00,126.53
2002-01-06,60104.00,2469.59,62.00,285.85
2002-01-07,62774.00,2471.29,64.00,1410.13
2002-01-08,66827.04,2473.81,67.00,2110.41
2002-01-09,68773.00,2474.99,67.00,1048.09
2002-01-10,69925.91,2475.68,67.00,648.26
2002-01-11,70714.79,2476.15,67.00,464.72
2002-01-12,71810.00,2476.80,68.00,620.17
2002-01-13,72541.00,2477.23,68.00,436.55
2002-01-14,73000.00,2477.50,68.00,299.41
2002-01-15,73367.00,2477.71,68.00,253.03
2002-01-16,73758.00,2477.94,68.00,265.13
2002-01-17,74013.00,2478.09,68.00,196.56
2002-01-18,74363.00,2478.29,68.00,244.46
2002-01-19,74703.00,2478.49,68.00,239.42
2002-01-20,75172.00,2478.76,69.00,305.45
2002-01-21,75420.00,2478.90,69.00,194.03
2002-01-22,75692.00,2479.06,69.00,206.13
2002-01-23,75994.00,2479.23,69.00,221.26
2002-01-24,76676.09,2479.62,69.00,412.89
2002-01-25,77376.00,2480.02,70.00,422.87
2002-01-26,77816.00,2480.27,70.00,291.83
2002-01-27,78118.00,2480.44,70.00,222.26
2002-01-28,78274.00,2480.53,70.08,148.65
2002-01-29,78543.91,2480.68,70.00,206.08
2002-01-30,78811.13,2480.83,70.00,204.72
2002-01-31,79110.00,2481.00,70.00,220.68
2002-02-01,79290.00,2481.10,70.00,160.75
2002-02-02,79379.78,2481.15,70.00,115.26
2002-02-03,79614.00,2481.28,70.00,188.09
2002-02-04,79632.00,2481.29,70.00,79.08
2002-02-05,79722.18,2481.34,70.00,115.47
2002-02-06,80018.00,2481.51,70.00,219.14
2002-02-07,80090.00,2481.55,70.00,106.30
2002-02-08,80287.82,2481.66,70.00,169.73
2002-02-09,80323.91,2481.68,70.00,88.20
2002-02-10,80486.00,2481.77,71.00,152.72
2002-02-11,80594.13,2481.83,70.00,124.52
2002-02-12,80576.09,2481.82,71.00,61.90
2002-02-13,80594.13,2481.83,71.00,80.10
2002-02-14,80648.27,2481.86,71.00,98.29
2002-02-15,80738.00,2481.91,71.00,116.24
2002-02-16,80738.00,2481.91,71.00,71.00
2002-02-17,80792.00,2481.94,71.00,98.23
2002-02-18,80936.00,2482.02,71.00,143.60
2002-02-19,80954.00,2482.03,71.00,80.08
2002-02-20,80990.00,2482.05,71.00,89.15
2002-02-21,81666.00,2482.42,72.00,412.82
2002-02-22,83032.86,2483.17,73.00,762.13
2002-02-23,84655.00,2484.05,74.00,891.83
2002-02-24,85590.00,2484.55,74.00,545.40
2002-02-25,86297.00,2484.93,68.00,424.45
2002-02-26,86990.00,2485.30,65.00,414.39
2002-02-27,87313.00,2485.47,65.00,227.85
2002-02-28,87654.77,2485.65,67.00,239.31
2002-03-01,87987.14,2485.83,65.00,232.57
2002-03-02,88234.00,2485.96,65.00,189.46
2002-03-03,88481.00,2486.09,65.00,189.53
2002-03-04,88861.00,2486.29,65.00,256.58
2002-03-05,89013.33,2486.37,65.00,141.80
2002-03-06,89280.00,2486.51,66.00,200.45
2002-03-07,89516.67,2486.63,66.00,185.32
2002-03-08,89669.00,2486.71,66.00,142.80
2002-03-09,89859.05,2486.81,66.00,161.82
2002-03-10,90106.00,2486.94,66.00,190.51
2002-03-11,91019.00,2487.41,66.00,526.30
2002-03-12,91790.05,2487.81,67.00,455.74
2002-03-13,92180.00,2488.01,67.00,263.60
2002-03-14,92550.00,2488.20,67.00,253.54
2002-03-15,92919.95,2488.39,67.00,253.52
2002-03-16,93197.00,2488.53,67.00,206.68
2002-03-17,93405.72,2488.64,67.00,172.23
2002-03-18,93780.15,2488.83,67.00,255.78
2002-03-19,94350.10,2489.12,67.00,354.35
2002-03-20,94624.00,2489.26,67.00,205.09
2002-03-21,94760.15,2489.33,68.00,136.64
2002-03-22,94920.00,2489.41,68.00,148.59
2002-03-23,95080.00,2489.49,67.00,147.67
2002-03-24,95260.00,2489.58,68.00,158.75
2002-03-25,95633.00,2489.77,68.00,256.05
2002-03-26,95730.10,2489.82,67.00,115.96
2002-03-27,96030.00,2489.97,68.00,219.20
2002-03-28,96550.00,2490.23,68.00,330.17
2002-03-29,96830.34,2490.37,68.00,209.34
2002-03-30,97130.00,2490.52,68.00,219.08
2002-03-31,97349.66,2490.63,68.00,178.74
2002-04-01,97790.24,2490.85,69.00,291.13
2002-04-02,98170.00,2491.04,69.00,260.46
2002-04-03,98553.00,2491.23,69.00,262.10
2002-04-04,98960.00,2491.43,69.00,274.20
2002-04-05,99459.90,2491.68,69.00,321.03
2002-04-06,100459.85,2492.17,69.00,573.14
2002-04-07,101479.85,2492.67,70.00,584.25
2002-04-08,102349.00,2493.09,70.00,508.20
2002-04-09,103463.00,2493.63,70.00,631.64
2002-04-10,104544.74,2494.15,71.00,616.38
2002-04-11,105837.00,2494.77,72.00,723.51
2002-04-12,107736.84,2495.67,72.00,1029.84
2002-04-13,111137.00,2497.27,116.00,1830.25
2002-04-14,116166.00,2499.58,154.00,2689.46
2002-04-15,118222.00,2500.51,154.00,1190.57
2002-04-16,119398.00,2501.04,155.00,747.90
2002-04-17,120141.39,2501.37,183.00,557.79
2002-04-18,120880.00,2501.70,219.00,591.38
2002-04-19,121283.89,2501.88,272.00,475.63
2002-04-20,121396.00,2501.93,301.00,357.52
2002-04-21,121734.00,2502.08,301.00,471.41
2002-04-22,122023.00,2502.21,300.00,445.70
2002-04-23,122276.11,2502.32,300.00,427.61
2002-04-24,122368.34,2502.36,329.00,375.50
2002-04-25,122322.23,2502.34,398.00,374.75
2002-04-26,122253.05,2502.31,441.00,406.13
2002-04-27,122115.00,2502.25,500.00,430.40
2002-04-28,122023.00,2502.21,516.00,469.62
2002-04-29,121977.95,2502.19,513.00,490.28
2002-04-30,122276.11,2502.32,512.00,662.32
2002-05-01,123140.00,2502.70,514.00,949.55
2002-05-02,124027.00,2503.09,517.00,964.20
2002-05-03,124510.00,2503.30,519.00,762.51
2002-05-04,124693.89,2503.38,518.00,610.71
2002-05-05,124872.00,2503.46,518.00,607.80
2002-05-06,124916.00,2503.48,517.00,539.18
2002-05-07,124510.00,2503.30,588.00,383.31
2002-05-08,123820.00,2503.00,653.00,305.12
2002-05-09,123160.00,2502.71,677.00,344.25
2002-05-10,122368.34,2502.36,690.00,290.87
2002-05-11,121711.00,2502.07,716.00,384.59
2002-05-12,121352.00,2501.91,715.00,534.00
2002-05-13,121462.00,2501.96,714.00,769.46
2002-05-14,121911.78,2502.16,669.00,895.76
2002-05-15,122161.00,2502.27,615.00,740.65
2002-05-16,122526.00,2502.43,547.00,731.02
2002-05-17,123232.00,2502.74,516.00,871.94
2002-05-18,124027.00,2503.09,479.00,879.81
2002-05-19,124894.00,2503.47,461.00,898.11
2002-05-20,126408.61,2504.13,435.00,1198.62
2002-05-21,127799.00,2504.73,421.00,1121.99
2002-05-22,129074.00,2505.28,423.00,1065.81
2002-05-23,130050.00,2505.70,423.00,915.07
2002-05-24,130980.00,2506.10,425.00,893.88
2002-05-25,132016.00,2506.54,425.00,947.32
2002-05-26,133124.00,2507.01,511.00,1069.62
2002-05-27,134280.00,2507.50,618.00,1200.82
2002-05-28,135901.88,2508.18,806.00,1623.70
2002-05-29,137101.88,2508.68,1089.00,1694.00
2002-05-30,137462.17,2508.83,1260.00,1441.65
2002-05-31,137486.23,2508.84,1294.00,1306.13
2002-06-01,137294.00,2508.76,1290.00,1193.08
2002-06-02,137174.00,2508.71,1230.00,1169.50
2002-06-03,137198.00,2508.72,1196.00,1208.10
2002-06-04,137077.83,2508.67,1196.00,1135.41
2002-06-05,137174.00,2508.71,1196.00,1244.49
2002-06-06,137222.00,2508.73,1221.00,1245.20
2002-06-07,136646.00,2508.49,1240.00,949.60
2002-06-08,136094.00,2508.26,1014.00,735.70
2002-06-09,135758.13,2508.12,818.00,648.66
2002-06-10,135758.13,2508.12,777.00,777.00
2002-06-11,136238.13,2508.32,727.00,969.00
2002-06-12,137101.88,2508.68,701.00,1136.47
2002-06-13,138038.00,2509.07,841.00,1312.96
2002-06-14,138253.77,2509.16,1298.00,1406.78
2002-06-15,137990.00,2509.05,1434.00,1301.02
2002-06-16,137654.00,2508.91,1252.00,1082.60
2002-06-17,137558.41,2508.87,990.00,941.80
2002-06-18,138158.13,2509.12,809.00,1111.36
2002-06-19,138400.00,2509.22,792.00,913.95
2002-06-20,138525.00,2509.27,792.00,855.02
2002-06-21,138768.41,2509.37,749.00,871.72
2002-06-22,138936.00,2509.44,805.00,889.50
2002-06-23,138984.00,2509.46,832.00,856.20
2002-06-24,138984.00,2509.46,704.00,704.00
2002-06-25,139248.00,2509.57,616.00,749.10
2002-06-26,139585.00,2509.71,654.00,823.90
2002-06-27,139610.00,2509.72,760.00,772.60
2002-06-28,139735.00,2509.77,724.00,787.02
2002-06-29,139710.00,2509.76,1030.00,1017.40
2002-06-30,139032.00,2509.48,946.00,604.17
2002-07-01,138815.94,2509.39,597.00,488.07
2002-07-02,138696.23,2509.34,497.00,436.65
2002-07-03,137702.00,2508.93,870.00,368.74
2002-07-04,135901.88,2508.18,1304.00,396.44
2002-07-05,133906.23,2507.34,1352.00,345.86
2002-07-06,131944.00,2506.51,1344.00,354.71
2002-07-07,130257.00,2505.79,1341.00,490.47
2002-07-08,128698.12,2505.12,1275.00,489.06
2002-07-09,127030.00,2504.40,1201.00,359.99
2002-07-10,125558.00,2503.76,1197.00,454.87
2002-07-11,124118.61,2503.13,1189.00,463.31
2002-07-12,122592.00,2502.46,1186.00,416.33
2002-07-13,121034.00,2501.77,1178.00,392.51
2002-07-14,119420.00,2501.05,1171.00,357.27
2002-07-15,117621.00,2500.27,1168.00,261.00
2002-07-16,115858.00,2499.44,1201.00,312.15
2002-07-17,113888.00,2498.54,1275.00,281.79
2002-07-18,111912.64,2497.63,1267.00,271.09
2002-07-19,109898.95,2496.69,1256.00,240.76
2002-07-20,107863.00,2495.73,1249.00,222.54
2002-07-21,105816.00,2494.76,1238.00,205.97
2002-07-22,103694.00,2493.74,1286.00,216.16
2002-07-23,101459.80,2492.66,1326.00,199.59
2002-07-24,99240.00,2491.57,1323.00,203.85
2002-07-25,96970.00,2490.44,1326.00,181.54
2002-07-26,94700.00,2489.30,1326.00,181.54
2002-07-27,92360.00,2488.10,1326.00,146.25
2002-07-28,90049.00,2486.91,1326.00,160.87
2002-07-29,87711.91,2485.68,1326.00,147.71
2002-07-30,85348.00,2484.42,1326.00,134.20
2002-07-31,82975.72,2483.14,1326.00,129.97
2002-08-01,80612.18,2481.84,1326.00,134.38
2002-08-02,78220.00,2480.50,1323.00,116.94
2002-08-03,75867.82,2479.16,1333.34,147.45
2002-08-04,73480.00,2477.78,1315.99,112.13
2002-08-05,71170.00,2476.42,1298.28,133.65
2002-08-06,68892.00,2475.06,1275.58,127.09
2002-08-07,66746.00,2473.76,1215.00,133.06
2002-08-08,64523.96,2472.39,1234.00,113.72
2002-08-09,62294.00,2470.99,1245.00,120.73
2002-08-10,60056.00,2469.56,1245.00,116.67
2002-08-11,57826.04,2468.11,1269.41,145.14
2002-08-12,55670.00,2466.68,1264.06,177.06
2002-08-13,53845.00,2465.45,1017.87,97.77
2002-08-14,52315.00,2464.41,888.57,117.19
2002-08-15,50700.00,2463.30,925.00,110.77
2002-08-16,49039.78,2462.14,946.00,108.97
2002-08-17,47312.00,2460.93,959.00,87.91
2002-08-18,45598.00,2459.72,973.00,108.86
2002-08-19,43725.96,2458.39,1037.00,93.18
2002-08-20,41818.00,2457.02,1052.00,90.07
2002-08-21,39915.79,2455.64,1048.00,88.97
2002-08-22,37968.00,2454.22,1081.00,98.99
2002-08-23,35970.00,2452.75,1093.00,85.67
2002-08-24,33974.00,2451.28,1096.00,89.68
2002-08-25,32004.04,2449.81,1090.00,96.81
2002-08-26,29925.00,2448.25,1062.81,14.63
2002-08-27,27890.00,2446.72,1041.22,15.24
2002-08-28,26283.00,2445.51,873.38,63.18
2002-08-29,25196.97,2444.69,641.00,93.46
2002-08-30,24620.00,2444.25,365.00,74.11
2002-08-31,24381.00,2444.07,174.00,53.50
2002-09-01,24251.00,2443.97,132.00,66.46
2002-09-02,24146.97,2443.89,130.00,77.55
2002-09-03,24030.00,2443.80,118.00,59.03
2002-09-04,23926.00,2443.72,105.00,52.57
2002-09-05,23834.84,2443.65,101.00,55.04
2002-09-06,23731.00,2443.57,102.00,49.65
2002-09-07,23626.00,2443.49,101.00,48.06
2002-09-08,23542.00,2443.43,102.00,59.65
2002-09-09,23435.16,2443.35,102.00,48.13
2002-09-10,23344.00,2443.28,102.00,56.04
2002-09-11,23213.94,2443.18,106.00,40.43
2002-09-12,23110.00,2443.10,105.00,52.60
2002-09-13,22980.00,2443.00,106.00,40.46
2002-09-14,22889.00,2442.93,106.00,60.12
2002-09-15,22772.13,2442.84,106.00,47.08
2002-09-16,22668.00,2442.76,107.00,54.50
2002-09-17,22563.94,2442.68,106.00,53.53
2002-09-18,22432.00,2442.58,106.00,39.48
2002-09-19,22348.00,2442.52,107.00,64.65
2002-09-20,22203.00,2442.41,107.00,33.90
2002-09-21,22060.00,2442.30,107.00,34.90
2002-09-22,21956.00,2442.22,106.00,53.57
2002-09-23,21851.81,2442.14,107.00,54.47
2002-09-24,21722.00,2442.04,106.00,40.55
2002-09-25,21631.00,2441.97,104.00,58.12
2002-09-26,21526.97,2441.89,102.00,49.55
2002-09-27,21397.00,2441.79,103.00,37.47
2002-09-28,21306.00,2441.72,102.00,56.12
2002-09-29,21214.84,2441.65,100.00,54.04
2002-09-30,21098.00,2441.56,100.00,41.09
2002-10-01,20978.00,2441.47,98.00,37.00
2002-10-02,20880.00,2441.40,100.00,50.59
2002-10-03,20802.13,2441.34,94.00,54.74
2002-10-04,20711.00,2441.27,93.00,47.06
2002-10-05,20593.94,2441.18,94.00,34.98
2002-10-06,20503.03,2441.11,93.00,47.17
2002-10-07,20399.00,2441.03,93.00,40.55
2002-10-08,20295.00,2440.95,92.00,39.57
2002-10-09,20191.22,2440.87,92.00,39.68
2002-10-10,20113.03,2440.81,92.00,52.58
2002-10-11,19970.00,2440.70,90.00,17.89
2002-10-12,19840.00,2440.60,93.00,27.46
2002-10-13,19736.00,2440.52,94.00,41.57
2002-10-14,19606.00,2440.42,93.00,27.46
2002-10-15,19502.13,2440.34,92.00,39.63
2002-10-16,19372.00,2440.24,93.00,27.39
2002-10-17,19267.87,2440.16,93.00,40.50
2002-10-18,19151.00,2440.07,92.00,33.08
2002-10-19,19047.00,2439.99,94.00,41.57
2002-10-20,18943.00,2439.91,95.00,42.57
2002-10-21,18813.03,2439.81,96.00,30.47
2002-10-22,18696.00,2439.72,95.00,36.00
2002-10-23,18540.00,2439.60,95.00,16.35
2002-10-24,18423.00,2439.51,96.00,37.01
2002-10-25,18293.00,2439.41,98.00,32.46
2002-10-26,18150.00,2439.30,100.00,27.90
2002-10-27,18046.00,2439.22,98.00,45.57
2002-10-28,17928.78,2439.13,98.00,38.90
2002-10-29,17812.00,2439.04,101.00,42.12
2002-10-30,17669.00,2438.93,100.00,27.90
2002-10-31,17513.03,2438.81,100.00,21.37
2002-11-01,17370.00,2438.70,98.00,25.89
2002-11-02,17253.03,2438.61,98.00,39.03
2002-11-03,17107.00,2438.49,100.00,26.38
2002-11-04,16951.22,2438.37,112.00,36.71
2002-11-05,16730.00,2438.20,139.00,32.44
2002-11-06,16483.00,2438.01,163.00,42.40
2002-11-07,16249.10,2437.83,169.00,55.82
2002-11-08,16001.81,2437.64,151.00,26.33
2002-11-09,15846.00,2437.52,129.00,50.45
2002-11-10,15748.00,2437.44,122.00,72.59
2002-11-11,15661.22,2437.37,120.00,76.25
2002-11-12,15736.00,2437.43,110.00,147.70
2002-11-13,15885.00,2437.55,97.00,172.12
2002-11-14,15924.00,2437.58,90.00,109.66
2002-11-15,15950.00,2437.60,90.00,103.11
2002-11-16,15937.00,2437.59,94.00,87.45
2002-11-17,16145.00,2437.75,94.00,198.87
2002-11-18,16431.00,2437.97,95.00,239.19
2002-11-19,17980.90,2439.17,121.00,902.41
2002-11-20,18748.00,2439.76,134.00,520.74
2002-11-21,19021.00,2439.97,157.00,294.64
2002-11-22,19190.00,2440.10,168.00,253.20
2002-11-23,19190.00,2440.10,168.00,168.00
2002-11-24,19177.00,2440.09,168.00,161.45
2002-11-25,19060.00,2440.00,180.00,121.01
2002-11-26,18943.00,2439.91,181.00,122.01
2002-11-27,18800.00,2439.80,181.00,108.90
2002-11-28,18578.78,2439.63,180.00,68.47
2002-11-29,18423.00,2439.51,178.00,99.46
2002-11-30,18253.94,2439.38,178.00,92.76
2002-12-01,18033.00,2439.21,177.00,65.61
2002-12-02,17890.00,2439.10,153.00,80.90
2002-12-03,17812.00,2439.04,119.00,79.67
2002-12-04,17747.00,2438.99,102.00,69.23
2002-12-05,17734.00,2438.98,95.00,88.30
2002-12-06,17643.00,2438.91,95.00,48.97
2002-12-07,17580.00,2438.86,95.00,63.09
2002-12-08,17480.00,2438.78,95.00,44.44
2002-12-09,17330.90,2438.67,114.00,39.35
2002-12-10,17304.84,2438.65,146.00,137.22
2002-12-11,17240.00,2438.60,176.00,143.31
2002-12-12,17156.00,2438.53,164.00,121.65
2002-12-13,17120.00,2438.50,145.00,126.85
2002-12-14,17304.84,2438.65,142.00,235.19
2002-12-15,17500.00,2438.80,137.00,235.39
2002-12-16,18150.00,2439.30,121.00,448.71
2002-12-17,18319.00,2439.43,115.00,200.20
2002-12-18,18540.00,2439.60,121.00,232.42
2002-12-19,18540.00,2439.60,135.00,135.00
2002-12-20,18527.00,2439.59,143.00,136.45
2002-12-21,18514.00,2439.58,144.00,137.45
2002-12-22,18475.00,2439.55,143.00,123.34
2002-12-23,18397.00,2439.49,156.00,116.67
2002-12-24,18280.00,2439.40,153.00,94.01
2002-12-25,18189.10,2439.33,152.00,106.17
2002-12-26,18150.00,2439.30,152.00,143.67
2002-12-27,18085.00,2439.25,153.00,132.03
2002-12-28,18046.00,2439.22,150.00,142.69
2002-12-29,17903.03,2439.11,149.00,88.40
2002-12-30,17890.00,2439.10,147.00,152.89
2002-12-31,17786.00,2439.02,149.00,107.37
2003-01-01,17825.00,2439.05,149.00,179.39
2003-01-02,17850.00,2439.07,149.00,172.61
2003-01-03,17941.81,2439.14,147.00,205.22
2003-01-04,18462.00,2439.54,147.00,421.05
2003-01-05,18865.16,2439.85,128.00,331.26
2003-01-06,19099.00,2440.03,123.00,240.90
2003-01-07,19293.94,2440.18,131.00,229.28
2003-01-08,19372.00,2440.24,132.00,171.36
2003-01-09,19437.00,2440.29,127.00,159.77
2003-01-10,19515.16,2440.35,121.00,160.40
2003-01-11,19619.00,2440.43,121.00,173.35
2003-01-12,19697.00,2440.49,122.00,161.33
2003-01-13,19736.00,2440.52,122.00,141.66
2003-01-14,19736.00,2440.52,122.00,122.00
2003-01-15,19684.00,2440.48,122.00,95.78
2003-01-16,19684.00,2440.48,122.00,122.00
2003-01-17,19658.00,2440.46,123.00,109.89
2003-01-18,19606.00,2440.42,123.00,96.78
2003-01-19,19528.19,2440.36,123.00,83.77
2003-01-20,19463.03,2440.31,122.00,89.15
2003-01-21,19528.19,2440.36,123.00,155.85
2003-01-22,19541.22,2440.37,123.00,129.57
2003-01-23,19671.00,2440.47,123.00,188.43
2003-01-24,19840.00,2440.60,122.00,207.20
2003-01-25,20152.13,2440.84,118.00,275.36
2003-01-26,23757.00,2443.59,110.00,1927.46
2003-01-27,26126.97,2445.39,100.00,1294.86
2003-01-28,27446.97,2446.39,95.00,760.50
2003-01-29,28621.00,2447.27,95.00,686.91
2003-01-30,31050.00,2449.10,94.00,1318.62
2003-01-31,38399.00,2454.53,95.00,3800.12
2003-02-01,41198.00,2456.57,90.00,1501.16
2003-02-02,42675.79,2457.64,90.00,835.05
2003-02-03,43698.24,2458.37,92.00,607.48
2003-02-04,44370.17,2458.85,93.00,431.77
2003-02-05,44888.00,2459.22,93.00,354.07
2003-02-06,45295.00,2459.51,93.00,298.20
2003-02-07,45654.00,2459.76,93.00,274.00
2003-02-08,45920.00,2459.95,94.00,228.11
2003-02-09,46185.79,2460.14,93.00,227.00
2003-02-10,46405.00,2460.29,93.00,203.52
2003-02-11,46588.00,2460.42,93.00,185.26
2003-02-12,46742.00,2460.53,93.00,170.64
2003-02-13,46923.86,2460.66,93.00,184.69
2003-02-14,47040.00,2460.74,93.00,151.55
2003-02-15,47200.17,2460.85,94.00,174.75
2003-02-16,47396.00,2460.99,94.00,192.73
2003-02-17,47609.78,2461.14,94.00,201.78
2003-02-18,47728.00,2461.22,94.00,153.60
2003-02-19,47910.17,2461.35,94.00,185.85
2003-02-20,48381.93,2461.68,88.00,326.19
2003-02-21,49769.83,2462.65,89.00,789.17
2003-02-22,50925.00,2463.45,90.00,672.66
2003-02-23,51490.00,2463.84,90.00,375.15
2003-02-24,51855.00,2464.09,86.00,270.15
2003-02-25,52188.07,2464.32,84.00,251.71
2003-02-26,52420.00,2464.48,84.00,200.93
2003-02-27,52655.79,2464.64,84.00,202.88
2003-02-28,52860.00,2464.78,84.00,186.95
2003-03-01,53015.96,2464.89,84.00,162.63
2003-03-02,53195.00,2465.01,84.00,174.26
2003-03-03,53330.00,2465.10,84.00,152.06
2003-03-04,53434.89,2465.17,87.00,139.88
2003-03-05,53739.93,2465.38,90.00,243.79
2003-03-06,53965.00,2465.53,90.00,203.47
2003-03-07,54204.96,2465.69,90.00,210.98
2003-03-08,54332.00,2465.78,90.00,154.05
2003-03-09,54660.00,2466.00,92.00,257.37
2003-03-10,55020.00,2466.24,93.00,274.50
2003-03-11,56225.00,2467.05,90.00,697.52
2003-03-12,58548.00,2468.58,88.00,1259.18
2003-03-13,61066.00,2470.21,85.00,1354.49
2003-03-14,62662.00,2471.22,84.00,888.65
2003-03-15,63932.00,2472.02,84.00,724.29
2003-03-16,65013.96,2472.69,84.00,629.49
2003-03-17,65856.00,2473.21,85.00,509.53
2003-03-18,66506.04,2473.61,85.00,412.73
2003-03-19,67028.00,2473.93,86.00,349.16
2003-03-20,67589.00,2474.27,86.00,368.84
2003-03-21,68380.00,2474.75,86.00,484.80
2003-03-22,69891.84,2475.66,89.00,851.22
2003-03-23,70919.00,2476.27,89.00,606.86
2003-03-24,71622.96,2476.69,89.00,443.91
2003-03-25,72320.00,2477.10,89.00,440.42
2003-03-26,72932.00,2477.46,89.00,397.55
2003-03-27,73435.00,2477.75,89.00,342.60
2003-03-28,73843.00,2477.99,90.00,295.70
2003-03-29,74244.00,2478.22,90.00,292.17
2003-03-30,74917.04,2478.61,90.00,429.32
2003-03-31,76729.78,2479.65,86.00,999.92
2003-04-01,78101.00,2480.43,85.00,776.32
2003-04-02,79002.00,2480.94,85.00,539.25
2003-04-03,79740.22,2481.35,85.00,457.19
2003-04-04,80269.78,2481.65,85.00,351.99
2003-04-05,80738.00,2481.91,85.00,321.06
2003-04-06,81205.87,2482.17,85.00,320.88
2003-04-07,81611.95,2482.39,85.00,289.74
2003-04-08,82008.05,2482.61,86.00,285.70
2003-04-09,82486.30,2482.87,86.00,327.71
2003-04-10,82940.00,2483.12,86.00,315.74
2003-04-11,83550.00,2483.45,86.00,394.54
2003-04-12,84209.05,2483.81,86.00,419.27
2003-04-13,85234.28,2484.36,87.00,603.89
2003-04-14,86259.00,2484.91,87.00,603.63
2003-04-15,87141.91,2485.38,88.00,533.13
2003-04-16,87912.00,2485.79,88.00,476.26
2003-04-17,88728.00,2486.22,88.00,499.40
2003-04-18,89280.00,2486.51,128.00,406.30
2003-04-19,89650.00,2486.70,196.00,382.54
2003-04-20,90010.95,2486.89,196.00,377.98
2003-04-21,90450.10,2487.12,194.00,415.40
2003-04-22,90900.24,2487.35,226.00,452.95
2003-04-23,91171.00,2487.49,299.00,435.51
2003-04-24,91732.00,2487.78,348.00,630.84
2003-04-25,92027.00,2487.93,344.00,492.73
2003-04-26,92200.00,2488.02,352.00,439.22
2003-04-27,92320.00,2488.08,378.00,438.50
2003-04-28,92280.00,2488.06,433.00,412.83
2003-04-29,92240.00,2488.04,463.00,442.83
2003-04-30,92180.00,2488.01,481.00,450.75
2003-05-01,92200.00,2488.02,489.00,499.08
2003-05-02,92473.81,2488.16,486.00,624.05
2003-05-03,92721.00,2488.29,465.00,589.62
2003-05-04,92960.00,2488.41,454.00,574.50
2003-05-05,93140.00,2488.50,454.00,544.75
2003-05-06,93020.00,2488.44,506.00,445.50
2003-05-07,92607.00,2488.23,618.00,409.78
2003-05-08,92008.00,2487.92,675.00,373.00
2003-05-09,91361.00,2487.59,686.00,359.80
2003-05-10,90820.05,2487.31,683.00,410.27
2003-05-11,90353.00,2487.07,683.00,447.53
2003-05-12,89973.33,2486.87,677.00,485.58
2003-05-13,89688.00,2486.72,675.00,531.15
2003-05-14,89479.05,2486.61,672.00,566.65
2003-05-15,89320.00,2486.53,672.00,591.81
2003-05-16,88956.19,2486.34,677.00,493.58
2003-05-17,88424.00,2486.06,701.00,432.69
2003-05-18,87692.86,2485.67,734.00,365.38
2003-05-19,86864.00,2485.23,753.00,335.12
2003-05-20,86022.00,2484.78,774.00,349.49
2003-05-21,85215.23,2484.35,779.00,372.26
2003-05-22,84524.00,2483.98,777.00,428.50
2003-05-23,84285.23,2483.85,731.00,610.62
2003-05-24,85006.00,2484.24,603.00,966.39
2003-05-25,85590.00,2484.55,528.00,822.43
2003-05-26,85755.72,2484.64,544.00,627.55
2003-05-27,85812.86,2484.67,594.00,622.81
2003-05-28,86203.91,2484.88,616.00,813.16
2003-05-29,86449.00,2485.01,603.00,726.56
2003-05-30,86620.00,2485.10,610.00,696.21
2003-05-31,86563.00,2485.07,649.00,620.26
2003-06-01,86335.00,2484.95,677.00,562.05
2003-06-02,85965.00,2484.75,698.00,511.46
2003-06-03,85481.00,2484.49,746.00,501.98
2003-06-04,84786.09,2484.12,796.00,445.65
2003-06-05,84247.14,2483.83,835.00,563.28
2003-06-06,83802.00,2483.59,830.00,605.57
2003-06-07,83384.28,2483.36,831.00,620.40
2003-06-08,82828.00,2483.06,860.00,579.54
2003-06-09,82151.95,2482.69,873.00,532.16
2003-06-10,81260.00,2482.20,869.00,419.31
2003-06-11,80323.91,2481.68,865.00,393.06
2003-06-12,79397.82,2481.16,858.00,391.09
2003-06-13,78436.09,2480.62,854.00,369.13
2003-06-14,77376.00,2480.02,851.00,316.54
2003-06-15,76324.00,2479.42,844.00,313.62
2003-06-16,75258.05,2478.81,837.00,299.58
2003-06-17,74261.00,2478.23,830.00,327.32
2003-06-18,73247.75,2477.64,827.00,316.15
2003-06-19,72218.00,2477.04,820.00,300.83
2003-06-20,71268.00,2476.48,753.00,274.04
2003-06-21,70409.00,2475.97,723.00,289.92
2003-06-22,69476.00,2475.41,717.00,246.61
2003-06-23,68524.16,2474.84,712.00,232.11
2003-06-24,67555.00,2474.25,706.00,217.38
2003-06-25,66617.92,2473.68,700.00,227.56
2003-06-26,65737.75,2473.14,693.00,249.25
2003-06-27,64870.00,2472.60,690.00,252.51
2003-06-28,63948.00,2472.03,686.00,221.16
2003-06-29,63055.00,2471.47,680.00,229.78
2003-06-30,62105.26,2470.87,674.00,195.17
2003-07-01,61146.00,2470.26,669.00,185.37
2003-07-02,60152.08,2469.62,662.00,160.90
2003-07-03,59175.00,2468.99,658.00,165.39
2003-07-04,58195.18,2468.35,652.00,158.01
2003-07-05,57225.00,2467.71,643.00,153.87
2003-07-06,56270.00,2467.08,637.00,155.52
2003-07-07,55302.00,2466.43,631.00,142.97
2003-07-08,54360.00,2465.80,625.00,150.07
2003-07-09,53404.82,2465.15,619.00,137.43
2003-07-10,52450.00,2464.50,613.00,131.61
2003-07-11,51505.18,2463.85,603.00,126.65
2003-07-12,50574.00,2463.21,597.00,127.53
2003-07-13,49686.00,2462.59,591.00,143.30
2003-07-14,48756.00,2461.94,582.00,113.12
2003-07-15,47522.00,2461.08,750.00,127.86
2003-07-16,46130.00,2460.10,862.00,160.20
2003-07-17,44761.76,2459.13,854.00,164.18
2003-07-18,43375.79,2458.14,847.00,148.24
2003-07-19,42013.86,2457.16,830.00,143.36
2003-07-20,40690.00,2456.20,816.00,148.55
2003-07-21,39372.00,2455.24,799.00,134.51
2003-07-22,38010.00,2454.25,827.00,140.32
2003-07-23,36608.00,2453.22,834.00,127.16
2003-07-24,35248.00,2452.22,820.00,134.33
2003-07-25,33883.00,2451.21,799.00,110.81
2003-07-26,32595.00,2450.25,776.00,126.63
2003-07-27,31307.00,2449.29,756.00,106.63
2003-07-28,30068.19,2448.36,735.00,110.43
2003-07-29,28868.00,2447.46,712.00,106.70
2003-07-30,27704.00,2446.58,691.00,105.25
2003-07-31,26570.00,2445.73,672.00,100.57
2003-08-01,25453.94,2444.88,650.00,88.29
2003-08-02,24329.00,2444.03,645.00,77.84
2003-08-03,23161.81,2443.14,672.00,83.54
2003-08-04,21982.00,2442.24,683.00,88.18
2003-08-05,20815.16,2441.35,683.00,94.72
2003-08-06,19632.00,2440.44,683.00,86.49
2003-08-07,18397.00,2439.49,694.00,71.35
2003-08-08,17474.00,2438.78,557.00,91.65
2003-08-09,16847.00,2438.29,367.00,50.89
2003-08-10,16664.84,2438.15,190.00,91.72
2003-08-11,16530.00,2438.05,122.00,49.75
2003-08-12,16430.00,2437.97,108.00,58.01
2003-08-13,16300.00,2437.87,109.00,43.08
2003-08-14,16120.00,2437.73,119.00,32.74
2003-08-15,15840.00,2437.51,163.00,30.05
2003-08-16,15680.00,2437.39,99.00,20.83
2003-08-17,15520.00,2437.26,101.00,22.49
2003-08-18,15387.87,2437.16,96.00,31.00
2003-08-19,15297.00,2437.09,94.00,49.46
2003-08-20,15180.00,2437.00,94.00,35.01
2003-08-21,15050.00,2436.90,94.00,28.46
2003-08-22,14946.86,2436.82,94.00,42.00
2003-08-23,14816.20,2436.72,94.00,28.12
2003-08-24,14673.03,2436.61,95.00,22.82
2003-08-25,14600.00,2436.55,95.00,58.18
2003-08-26,14488.00,2436.46,95.00,38.01
2003-08-27,14370.00,2436.37,94.00,34.67
2003-08-28,14240.00,2436.27,95.00,29.09
2003-08-29,14110.90,2436.17,96.00,29.47
2003-08-30,13994.00,2436.08,96.00,37.06
2003-08-31,13877.00,2435.99,95.00,36.01
2003-09-01,13733.94,2435.88,95.00,22.87
2003-09-02,13643.03,2435.81,95.00,49.17
2003-09-03,13546.00,2435.73,95.00,46.08
2003-09-04,13418.78,2435.63,94.00,29.86
2003-09-05,13302.00,2435.54,94.00,35.12
2003-09-06,13159.00,2435.43,95.00,20.45
2003-09-07,13020.00,2435.32,97.00,24.72
2003-09-08,12870.00,2435.20,103.00,25.10
2003-09-09,12720.00,2435.09,98.00,21.00
2003-09-10,12584.00,2434.98,97.00,27.28
2003-09-11,12493.00,2434.91,96.00,49.38
2003-09-12,12480.00,2434.90,96.00,88.07
2003-09-13,12350.00,2434.80,95.00,27.83
2003-09-14,12266.00,2434.73,95.00,51.17
2003-09-15,12151.81,2434.64,95.00,37.43
2003-09-16,12126.06,2434.62,95.00,82.02
2003-09-17,12035.00,2434.55,95.00,49.09
2003-09-18,11892.00,2434.44,94.00,21.90
2003-09-19,11866.00,2434.42,93.00,79.89
2003-09-20,11813.94,2434.38,93.00,64.91
2003-09-21,11723.03,2434.31,92.00,44.53
2003-09-22,11620.00,2434.23,92.00,38.80
2003-09-23,11486.06,2434.12,93.00,23.37
2003-09-24,11356.00,2434.02,95.00,26.67
2003-09-25,11239.00,2433.93,94.00,35.01
2003-09-26,11175.94,2433.88,94.00,62.21
2003-09-27,11080.00,2433.80,95.00,46.63
2003-09-28,10950.00,2433.70,96.00,30.46
2003-09-29,10846.06,2433.62,96.00,43.60
2003-09-30,10724.00,2433.52,95.00,33.46
2003-10-01,10609.00,2433.43,95.00,35.00
2003-10-02,10479.10,2433.33,94.00,25.88
2003-10-03,10300.00,2433.19,95.00,2.36
2003-10-04,10170.00,2433.09,98.00,30.54
2003-10-05,10050.00,2432.99,97.00,33.98
2003-10-06,9900.00,2432.87,95.00,16.86
2003-10-07,9770.00,2432.77,100.00,32.10
2003-10-08,9810.00,2432.80,97.00,115.60
2003-10-09,9780.00,2432.78,101.00,83.78
2003-10-10,9700.00,2432.72,101.00,57.93
2003-10-11,9680.00,2432.70,101.00,88.87
2003-10-12,10080.00,2433.20,102.00,301.34
2003-10-13,10687.00,2433.49,101.00,404.92
2003-10-14,10772.00,2433.56,100.00,140.24
2003-10-15,10910.90,2433.67,100.00,167.80
2003-10-16,12230.00,2434.70,101.00,763.37
2003-10-17,13483.94,2435.68,99.00,728.72
2003-10-18,13942.00,2436.04,98.00,325.52
2003-10-19,14241.00,2436.27,98.00,245.60
2003-10-20,16366.00,2437.92,103.00,1170.68
2003-10-21,19241.81,2440.14,104.00,1551.23
2003-10-22,20216.97,2440.89,99.00,587.16
2003-10-23,20978.00,2441.47,97.00,477.78
2003-10-24,21423.03,2441.81,99.00,320.46
2003-10-25,21683.00,2442.01,101.00,232.00
2003-10-26,21982.00,2442.24,101.00,252.00
2003-10-27,22151.22,2442.37,102.00,183.63
2003-10-28,22836.97,2442.89,99.00,441.40
2003-10-29,23473.94,2443.38,99.00,417.21
2003-10-30,23860.90,2443.67,101.00,292.65
2003-10-31,24225.00,2443.95,102.00,281.95
2003-11-01,24471.81,2444.14,100.00,219.91
2003-11-02,24592.00,2444.23,98.00,155.96
2003-11-03,24729.10,2444.33,100.00,165.14
2003-11-04,24755.16,2444.35,100.00,109.16
2003-11-05,24833.00,2444.41,101.00,136.22
2003-11-06,24820.00,2444.40,129.00,120.25
2003-11-07,24781.22,2444.37,146.00,123.46
2003-11-08,24742.13,2444.34,146.00,122.73
2003-11-09,24676.00,2444.29,146.00,109.10
2003-11-10,24950.00,2444.50,146.00,280.82
2003-11-11,26218.00,2445.46,114.00,749.62
2003-11-12,26786.97,2445.89,96.00,380.83
2003-11-13,27213.00,2446.21,95.00,309.94
2003-11-14,27558.00,2446.47,92.00,265.59
2003-11-15,27846.97,2446.69,85.00,230.98
2003-11-16,28431.76,2447.13,82.00,376.21
2003-11-17,29294.00,2447.78,80.00,514.26
2003-11-18,35796.06,2452.62,73.00,3353.44
2003-11-19,39359.00,2455.23,84.00,1879.91
2003-11-20,40945.96,2456.39,85.00,884.76
2003-11-21,41930.00,2457.10,85.00,581.14
2003-11-22,42480.00,2457.50,86.00,362.83
2003-11-23,43068.00,2457.92,86.00,382.37
2003-11-24,43488.00,2458.22,86.00,298.01
2003-11-25,44006.00,2458.59,87.00,348.16
2003-11-26,44356.14,2458.84,88.00,264.46
2003-11-27,44580.00,2459.00,88.00,200.95
2003-11-28,45340.00,2459.54,89.00,472.10
2003-11-29,47424.00,2461.01,93.00,1143.67
2003-11-30,48565.04,2461.81,94.00,668.97
2003-12-01,49284.04,2462.31,88.00,450.46
2003-12-02,49952.00,2462.78,86.00,422.19
2003-12-03,50315.00,2463.03,86.00,268.93
2003-12-04,50745.11,2463.33,86.00,302.77
2003-12-05,51112.00,2463.58,86.00,270.89
2003-12-06,51445.04,2463.81,86.00,253.82
2003-12-07,51750.00,2464.02,86.00,240.15
2003-12-08,52115.00,2464.27,87.00,270.98
2003-12-09,52330.00,2464.42,92.00,200.20
2003-12-10,52435.00,2464.49,94.00,146.64
2003-12-11,52555.00,2464.57,94.00,154.20
2003-12-12,52770.00,2464.72,94.00,202.09
2003-12-13,53075.00,2464.93,94.00,247.47
2003-12-14,53270.00,2465.06,94.00,192.01
2003-12-15,53374.74,2465.13,94.00,146.53
2003-12-16,53635.04,2465.31,95.00,225.74
2003-12-17,53620.00,2465.30,95.00,87.27
2003-12-18,53680.15,2465.34,95.00,125.18
2003-12-19,53725.26,2465.37,95.00,117.60
2003-12-20,53800.00,2465.42,95.00,132.54
2003-12-21,53905.00,2465.49,95.00,147.79
2003-12-22,53890.00,2465.48,95.00,87.29
2003-12-23,53965.00,2465.53,95.00,132.67
2003-12-24,54070.00,2465.60,95.00,147.79
2003-12-25,54129.78,2465.64,95.00,124.99
2003-12-26,54144.82,2465.65,95.00,102.43
2003-12-27,54248.00,2465.72,95.00,146.87
2003-12-28,54262.00,2465.73,95.00,101.91
2003-12-29,54234.00,2465.71,95.00,80.74
2003-12-30,54262.00,2465.73,95.00,108.97
2003-12-31,54276.00,2465.74,95.00,101.91
2004-01-01,54318.00,2465.77,95.00,116.03
2004-01-02,54290.00,2465.75,95.00,80.74
2004-01-03,54332.00,2465.78,95.00,116.03
2004-01-04,54276.00,2465.74,95.00,66.62
2004-01-05,54204.96,2465.69,117.00,82.19
2004-01-06,54220.00,2465.70,140.00,148.49
2004-01-07,54204.96,2465.69,140.00,133.53
2004-01-08,54159.85,2465.66,140.00,118.37
2004-01-09,54114.74,2465.63,124.00,103.78
2004-01-10,54025.00,2465.57,117.00,73.13
2004-01-11,53980.00,2465.54,115.00,94.83
2004-01-12,53935.00,2465.51,115.00,94.83
2004-01-13,53875.00,2465.47,115.00,87.26
2004-01-14,53890.00,2465.48,123.00,133.03
2004-01-15,54040.00,2465.58,127.00,206.39
2004-01-16,54262.00,2465.73,109.00,224.55
2004-01-17,54375.04,2465.81,102.00,162.49
2004-01-18,54570.00,2465.94,112.00,214.28
2004-01-19,54660.00,2466.00,112.00,161.73
2004-01-20,54720.00,2466.04,112.00,146.61
2004-01-21,54914.89,2466.17,114.00,216.87
2004-01-22,54825.04,2466.11,117.00,76.91
2004-01-23,55020.00,2466.24,117.00,220.51
2004-01-24,55140.07,2466.32,116.00,182.75
2004-01-25,55200.22,2466.36,116.00,152.72
2004-01-26,55386.00,2466.49,117.00,216.84
2004-01-27,55445.00,2466.53,117.00,153.06
2004-01-28,55895.11,2466.83,108.00,341.95
2004-01-29,58315.00,2468.43,97.00,1324.94
2004-01-30,60820.00,2470.05,98.00,1368.52
2004-01-31,62060.15,2470.84,98.00,731.01
2004-02-01,62838.12,2471.33,98.00,498.17
2004-02-02,63340.00,2471.65,100.00,360.07
2004-02-03,63680.00,2471.86,95.00,273.34
2004-02-04,64090.00,2472.12,93.00,306.30
2004-02-05,64300.00,2472.25,93.00,205.88
2004-02-06,64690.00,2472.49,94.00,291.50
2004-02-07,64930.00,2472.64,93.00,215.00
2004-02-08,65060.00,2472.72,94.00,159.91
2004-02-09,65190.00,2472.80,94.00,160.38
2004-02-10,65200.00,2472.81,92.00,97.14
2004-02-11,65302.27,2472.87,84.00,136.49
2004-02-12,65430.00,2472.95,94.00,159.25
2004-02-13,65542.00,2473.02,94.00,151.32
2004-02-14,65720.71,2473.13,94.00,184.95
2004-02-15,65720.71,2473.13,94.00,94.85
2004-02-16,65805.91,2473.18,94.00,137.81
2004-02-17,65984.00,2473.29,94.00,184.64
2004-02-18,66143.96,2473.39,94.00,175.50
2004-02-19,66112.27,2473.37,94.00,78.88
2004-02-20,66208.00,2473.43,94.00,143.63
2004-02-21,66304.00,2473.49,95.00,144.42
2004-02-22,66390.00,2473.54,95.00,139.38
2004-02-23,66456.00,2473.58,95.00,129.29
2004-02-24,66490.00,2473.60,95.00,113.16
2004-02-25,66537.73,2473.63,95.00,120.08
2004-02-26,66522.08,2473.62,95.00,88.13
2004-02-27,66633.96,2473.69,95.00,152.43
2004-02-28,66601.88,2473.67,95.00,79.85
2004-02-29,66746.00,2473.76,95.00,168.68
2004-03-01,66794.00,2473.79,95.00,120.22
2004-03-02,66762.00,2473.77,95.00,80.03
2004-03-03,66895.21,2473.85,95.00,163.24
2004-03-04,67140.00,2474.00,96.00,220.53
2004-03-05,67504.00,2474.22,92.00,276.28
2004-03-06,67589.00,2474.27,86.00,129.85
2004-03-07,67864.00,2474.44,87.00,226.94
2004-03-08,68300.00,2474.70,88.00,309.03
2004-03-09,68976.04,2475.11,85.00,425.69
2004-03-10,69688.00,2475.54,82.00,439.71
2004-03-11,70273.96,2475.89,82.00,376.54
2004-03-12,71038.16,2476.34,82.00,466.31
2004-03-13,71504.09,2476.62,83.00,316.61
2004-03-14,71895.21,2476.85,83.00,279.02
2004-03-15,72507.00,2477.21,84.00,391.08
2004-03-16,72966.00,2477.48,85.00,314.87
2004-03-17,73537.04,2477.81,83.00,370.13
2004-03-18,74244.00,2478.22,82.00,436.99
2004-03-19,74900.00,2478.60,82.00,411.41
2004-03-20,75366.30,2478.87,82.00,315.78
2004-03-21,75675.00,2479.05,82.00,236.31
2004-03-22,76324.00,2479.42,83.00,408.50
2004-03-23,77092.25,2479.86,83.00,469.47
2004-03-24,78101.00,2480.43,84.00,591.25
2004-03-25,78966.00,2480.92,84.00,519.05
2004-03-26,79632.00,2481.29,83.00,417.06
2004-03-27,80450.00,2481.75,82.00,493.09
2004-03-28,81080.00,2482.10,82.00,398.72
2004-03-29,81954.00,2482.58,83.00,521.84
2004-03-30,82810.00,2483.05,83.00,513.26
2004-03-31,83604.00,2483.48,83.00,482.02
2004-04-01,84380.00,2483.90,83.00,472.94
2004-04-02,85006.00,2484.24,83.00,397.58
2004-04-03,85481.00,2484.49,84.00,321.73
2004-04-04,86392.00,2484.98,84.00,541.78
2004-04-05,87275.00,2485.45,84.00,527.92
2004-04-06,88063.33,2485.87,84.00,480.19
2004-04-07,89089.00,2486.41,84.00,600.06
2004-04-08,89991.91,2486.88,85.00,538.87
2004-04-09,91076.00,2487.44,85.00,630.46
2004-04-10,92122.00,2487.98,86.00,612.21
2004-04-11,93481.91,2488.68,86.00,770.47
2004-04-12,95180.00,2489.54,86.00,941.01
2004-04-13,96570.00,2490.24,87.00,786.71
2004-04-14,98090.00,2491.00,87.00,852.26
2004-04-15,99000.00,2491.45,86.00,543.30
2004-04-16,100152.00,2492.02,85.00,665.00
2004-04-17,100783.00,2492.33,85.00,403.00
2004-04-18,101687.00,2492.77,86.00,542.00
2004-04-19,102160.00,2493.00,86.00,324.00
2004-04-20,103053.00,2493.43,86.00,536.00
2004-04-21,103652.00,2493.72,86.00,388.00
2004-04-22,104314.00,2494.04,86.00,420.00
2004-04-23,105460.00,2494.59,88.00,666.00
2004-04-24,105900.00,2494.80,90.00,312.00
2004-04-25,106887.00,2495.27,92.00,590.00
2004-04-26,107779.00,2495.69,92.00,542.00
2004-04-27,109563.00,2496.53,92.00,991.00
2004-04-28,110518.00,2496.98,92.00,573.00
2004-04-29,111829.00,2497.59,98.00,759.00
2004-04-30,112605.00,2497.95,109.00,500.00
2004-05-01,114152.00,2498.66,114.00,894.00
2004-05-02,115418.00,2499.24,114.00,752.00
2004-05-03,116782.00,2499.86,115.00,803.00
2004-05-04,118156.00,2500.48,116.00,809.00
2004-05-05,118958.00,2500.84,116.00,520.00
2004-05-06,120026.00,2501.32,116.00,654.00
2004-05-07,120765.00,2501.65,116.00,488.00
2004-05-08,121596.00,2502.02,117.00,535.00
2004-05-09,122482.00,2502.41,117.00,564.00
2004-05-10,123094.00,2502.68,117.00,426.00
2004-05-11,123682.00,2502.94,117.00,413.00
2004-05-12,124418.00,2503.26,117.00,488.00
2004-05-13,124717.00,2503.39,119.00,270.00
2004-05-14,125374.00,2503.68,139.00,470.00
2004-05-15,125765.00,2503.85,157.00,354.00
2004-05-16,126340.00,2504.10,161.00,451.00
2004-05-17,126685.00,2504.25,199.00,373.00
2004-05-18,127030.00,2504.40,250.00,424.00
2004-05-19,127661.00,2504.67,304.00,622.00
2004-05-20,127730.00,2504.70,350.00,385.00
2004-05-21,128121.00,2504.87,360.00,557.00
2004-05-22,128351.00,2504.97,360.00,476.00
2004-05-23,128374.00,2504.98,357.00,369.00
2004-05-24,128558.00,2505.06,355.00,448.00
2004-05-25,128512.00,2505.04,352.00,329.00
2004-05-26,129534.00,2505.48,350.00,865.00
2004-05-27,129889.00,2505.63,350.00,529.00
2004-05-28,130496.00,2505.89,347.00,653.00
2004-05-29,131460.00,2506.30,345.00,831.00
2004-05-30,132492.00,2506.74,344.00,864.00
2004-05-31,133455.00,2507.15,344.00,829.00
2004-06-01,133978.00,2507.37,384.00,648.00
2004-06-02,134050.00,2507.40,441.00,477.00
2004-06-03,134073.00,2507.41,513.00,524.00
2004-06-04,133987.00,2507.37,582.00,539.00
2004-06-05,133570.00,2507.20,600.00,390.00
2004-06-06,133386.00,2507.12,620.00,527.00
2004-06-07,132908.00,2506.92,637.00,396.00
2004-06-08,132350.00,2506.68,677.00,396.00
2004-06-09,131851.00,2506.47,686.00,439.28
2004-06-10,131147.83,2506.17,769.00,422.64
2004-06-11,130280.00,2505.80,809.00,375.07
2004-06-12,129350.00,2505.40,806.00,339.86
2004-06-13,128627.00,2505.09,809.00,447.30
2004-06-14,127868.00,2504.76,806.00,427.85
2004-06-15,126938.34,2504.36,803.00,338.75
2004-06-16,125972.00,2503.94,809.00,325.24
2004-06-17,125029.00,2503.53,809.00,338.10
2004-06-18,124073.05,2503.11,813.00,334.41
2004-06-19,123047.77,2502.66,820.00,306.05
2004-06-20,122000.00,2502.20,809.00,286.70
2004-06-21,120833.89,2501.68,851.00,269.82
2004-06-22,119667.77,2501.16,884.00,301.54
2004-06-23,118485.63,2500.63,881.00,287.89
2004-06-24,117288.00,2500.09,877.00,275.21
2004-06-25,116012.00,2499.51,874.00,233.14
2004-06-26,114714.00,2498.92,867.00,216.86
2004-06-27,113404.11,2498.32,863.00,206.54
2004-06-28,112082.00,2497.71,860.00,195.12
2004-06-29,110758.00,2497.09,853.00,189.41
2004-06-30,109434.00,2496.47,849.00,185.31
2004-07-01,108052.10,2495.82,846.00,151.25
2004-07-02,106655.80,2495.16,853.00,151.33
2004-07-03,105300.00,2494.51,853.00,172.93
2004-07-04,103880.15,2493.83,850.00,135.07
2004-07-05,102449.70,2493.14,843.00,125.01
2004-07-06,101035.00,2492.45,854.00,140.77
2004-07-07,99626.00,2491.76,851.00,140.78
2004-07-08,98130.00,2491.02,895.00,141.06
2004-07-09,96570.00,2490.24,917.00,130.30
2004-07-10,95060.00,2489.48,921.00,160.11
2004-07-11,93500.95,2488.69,921.00,135.97
2004-07-12,92008.00,2487.92,914.00,159.60
2004-07-13,90430.05,2487.11,917.00,120.67
2004-07-14,88899.05,2486.31,921.00,148.25
2004-07-15,87313.00,2485.47,925.00,123.74
2004-07-16,85755.72,2484.64,914.00,129.71
2004-07-17,84190.00,2483.80,921.00,133.11
2004-07-18,82576.00,2482.92,925.00,110.68
2004-07-19,81008.00,2482.06,921.00,130.11
2004-07-20,79361.73,2481.14,928.00,96.80
2004-07-21,77726.00,2480.22,921.00,98.12
2004-07-22,76171.13,2479.33,917.00,135.08
2004-07-23,74397.00,2478.31,925.00,29.31
2004-07-24,72609.00,2477.27,925.00,21.61
2004-07-25,70885.00,2476.25,925.00,55.77
2004-07-26,69205.00,2475.25,917.00,72.03
2004-07-27,67606.00,2474.28,917.00,112.91
2004-07-28,66016.04,2473.31,921.00,117.74
2004-07-29,64428.12,2472.33,914.00,113.14
2004-07-30,62806.04,2471.31,917.00,100.13
2004-07-31,61194.00,2470.29,921.00,109.42
2004-08-01,59612.00,2469.27,921.00,121.98
2004-08-02,58045.00,2468.25,917.00,126.90
2004-08-03,56404.89,2467.17,910.00,82.36
2004-08-04,54854.74,2466.13,899.00,119.04
2004-08-05,53240.00,2465.04,899.00,85.02
2004-08-06,51765.00,2464.03,932.00,186.75
2004-08-07,50214.00,2462.96,942.00,160.64
2004-08-08,48625.18,2461.85,966.00,164.39
2004-08-09,46980.00,2460.70,991.00,162.59
2004-08-10,45270.00,2459.49,991.00,129.68
2004-08-11,43540.00,2458.26,991.00,118.68
2004-08-12,41820.00,2457.02,987.00,120.92
2004-08-13,40110.00,2455.78,980.00,120.00
2004-08-14,38360.00,2454.50,991.00,107.39
2004-08-15,36580.00,2453.20,987.00,88.75
2004-08-16,34770.00,2451.87,977.00,65.67
2004-08-17,32980.00,2450.54,959.00,57.68
2004-08-18,31320.00,2449.30,925.00,87.86
2004-08-19,29710.00,2448.09,888.00,77.84
2004-08-20,28090.00,2446.87,869.00,52.65
2004-08-21,26400.00,2445.60,880.00,28.42
2004-08-22,24830.00,2444.41,876.00,84.05
2004-08-23,23253.00,2443.21,869.00,114.55
2004-08-24,22404.00,2442.56,841.00,452.26
2004-08-25,22486.06,2442.62,823.00,905.37
2004-08-26,21995.00,2442.25,786.00,577.40
2004-08-27,21330.00,2441.74,683.00,381.91
2004-08-28,20660.00,2441.23,570.00,263.07
2004-08-29,20000.00,2440.72,479.00,150.19
2004-08-30,19530.00,2440.36,347.00,96.25
2004-08-31,19370.00,2440.24,193.00,100.62
2004-09-01,19346.00,2440.22,115.00,104.67
2004-09-02,19620.00,2440.43,100.00,240.28
2004-09-03,19740.00,2440.52,100.00,162.51
2004-09-04,19780.00,2440.55,100.00,122.13
2004-09-05,19790.00,2440.56,100.00,106.80
2004-09-06,19870.00,2440.62,100.00,142.02
2004-09-07,19920.00,2440.66,100.00,126.90
2004-09-08,19970.00,2440.70,100.00,126.64
2004-09-09,19956.97,2440.69,100.00,94.90
2004-09-10,19996.00,2440.72,94.00,115.93
2004-09-11,20554.84,2441.15,92.00,374.96
2004-09-12,20776.06,2441.32,90.00,204.09
2004-09-13,21150.00,2441.60,92.00,282.55
2004-09-14,21930.00,2442.20,92.00,486.96
2004-09-15,22941.00,2442.97,92.00,603.65
2004-09-16,23939.00,2443.73,95.00,600.10
2004-09-17,24793.94,2444.38,96.00,529.04
2004-09-18,25532.00,2444.94,97.00,469.90
2004-09-19,26126.97,2445.39,98.00,398.43
2004-09-20,26558.00,2445.72,99.00,316.90
2004-09-21,26917.00,2445.99,100.00,281.65
2004-09-22,27213.00,2446.21,99.00,250.03
2004-09-23,27421.22,2446.37,99.00,206.04
2004-09-24,27639.00,2446.53,98.00,209.57
2004-09-25,27743.03,2446.61,96.00,150.84
2004-09-26,27886.00,2446.72,97.00,172.10
2004-09-27,28032.10,2446.83,98.00,174.46
2004-09-28,28130.00,2446.90,98.00,150.16
2004-09-29,28208.00,2446.96,97.00,136.00
2004-09-30,28182.00,2446.94,97.00,84.00
2004-10-01,28221.00,2446.97,97.00,119.00
2004-10-02,28221.00,2446.97,97.00,100.80
2004-10-03,28182.00,2446.94,97.00,81.14
2004-10-04,28182.00,2446.94,97.00,100.80
2004-10-05,28340.00,2447.06,97.00,107.35
2004-10-06,28423.00,2447.13,97.00,215.75
2004-10-07,28418.07,2447.12,97.00,95.95
2004-10-08,28487.90,2447.17,97.00,131.22
2004-10-09,28647.00,2447.29,98.00,176.95
2004-10-10,28842.00,2447.44,98.00,195.51
2004-10-11,29032.00,2447.58,98.00,193.47
2004-10-12,29086.06,2447.62,100.00,125.61
2004-10-13,29163.94,2447.68,100.00,137.65
2004-10-14,29190.00,2447.70,100.00,111.45
2004-10-15,29229.00,2447.73,100.00,117.92
2004-10-16,29445.96,2447.89,100.00,207.77
2004-10-17,29789.83,2448.15,97.00,269.71
2004-10-18,30218.00,2448.47,96.00,310.76
2004-10-19,30585.00,2448.75,94.00,277.77
2004-10-20,31024.00,2449.08,93.00,312.75
2004-10-21,31334.04,2449.31,93.00,247.73
2004-10-22,31817.90,2449.67,94.00,336.03
2004-10-23,32234.00,2449.98,94.00,302.86
2004-10-24,32660.00,2450.30,95.00,308.59
2004-10-25,32969.00,2450.53,96.00,250.64
2004-10-26,33239.00,2450.73,94.00,228.56
2004-10-27,33496.00,2450.92,93.00,220.99
2004-10-28,33698.00,2451.07,93.00,193.26
2004-10-29,33883.00,2451.21,93.00,184.69
2004-10-30,34196.00,2451.44,93.00,249.30
2004-10-31,34410.00,2451.60,94.00,200.45
2004-11-01,34859.00,2451.93,95.00,320.18
2004-11-02,37143.03,2453.61,93.00,1242.85
2004-11-03,38346.00,2454.49,90.00,695.52
2004-11-04,39152.00,2455.08,90.00,495.97
2004-11-05,39655.00,2455.45,92.00,343.89
2004-11-06,40284.00,2455.91,92.00,380.95
2004-11-07,40703.00,2456.21,93.00,230.96
2004-11-08,40988.00,2456.42,93.00,229.06
2004-11-09,41250.00,2456.61,93.00,231.07
2004-11-10,41419.00,2456.73,89.00,270.47
2004-11-11,41621.93,2456.88,88.00,189.31
2004-11-12,41790.00,2457.00,88.00,171.73
2004-11-13,41944.04,2457.11,88.00,164.66
2004-11-14,42041.93,2457.18,88.00,136.39
2004-11-15,42294.21,2457.36,88.00,213.82
2004-11-16,42494.00,2457.51,87.00,186.65
2004-11-17,42592.00,2457.58,87.00,135.33
2004-11-18,42858.00,2457.77,87.00,220.08
2004-11-19,42998.24,2457.87,87.00,156.99
2004-11-20,43124.00,2457.96,88.00,149.32
2004-11-21,43292.00,2458.08,93.00,176.03
2004-11-22,43417.90,2458.17,96.00,157.17
2004-11-23,43656.14,2458.34,96.00,213.90
2004-11-24,45654.00,2459.76,95.00,1099.80
2004-11-25,48784.00,2461.96,96.00,1672.16
2004-11-26,50099.93,2462.88,93.00,754.06
2004-11-27,50955.00,2463.47,91.00,519.47
2004-11-28,51475.11,2463.83,92.00,351.41
2004-11-29,51939.83,2464.15,92.00,323.48
2004-11-30,52360.00,2464.44,92.00,301.02
2004-12-01,52655.79,2464.64,92.00,238.32
2004-12-02,52918.07,2464.82,92.00,221.42
2004-12-03,53180.00,2465.00,92.00,221.35
2004-12-04,53389.78,2465.14,92.00,194.95
2004-12-05,53592.00,2465.28,94.00,191.87
2004-12-06,53754.96,2465.39,94.00,172.46
2004-12-07,54010.00,2465.56,94.00,219.81
2004-12-08,54375.04,2465.81,94.00,277.58
2004-12-09,54854.74,2466.13,96.00,337.34
2004-12-10,59280.00,2469.06,96.00,2327.16
2004-12-11,64012.00,2472.07,95.00,2480.77
2004-12-12,65820.00,2473.19,93.00,1004.09
2004-12-13,66778.00,2473.78,93.00,575.55
2004-12-14,67832.00,2474.42,93.00,623.73
2004-12-15,68773.00,2474.99,93.00,566.97
2004-12-16,69460.00,2475.40,93.00,438.92
2004-12-17,70011.00,2475.73,93.00,370.35
2004-12-18,70494.00,2476.02,93.00,336.18
2004-12-19,71072.25,2476.36,93.00,384.54
2004-12-20,71571.84,2476.66,94.00,345.40
2004-12-21,71929.29,2476.87,94.00,273.91
2004-12-22,72269.00,2477.07,94.00,264.97
2004-12-23,72541.00,2477.23,94.00,230.83
2004-12-24,72812.96,2477.39,94.00,231.05
2004-12-25,73090.00,2477.55,95.00,234.53
2004-12-26,73315.91,2477.68,95.00,208.75
2004-12-27,73469.00,2477.77,95.00,172.03
2004-12-28,73605.21,2477.85,95.00,163.53
2004-12-29,73843.00,2477.99,95.00,214.74
2004-12-30,74013.00,2478.09,95.00,180.56
2004-12-31,74137.82,2478.16,95.00,157.78
2005-01-01,74210.00,2478.20,95.00,131.24
2005-01-02,74295.00,2478.25,95.00,137.71
2005-01-03,74329.00,2478.27,98.00,115.14
2005-01-04,74295.00,2478.25,105.00,88.63
2005-01-05,74346.00,2478.28,113.00,138.91
2005-01-06,74363.00,2478.29,125.00,133.74
2005-01-07,74363.00,2478.29,127.00,127.03
2005-01-08,74363.00,2478.29,114.00,114.08
2005-01-09,74363.00,2478.29,114.00,114.08
2005-01-10,74346.00,2478.28,109.00,100.65
2005-01-11,74346.00,2478.28,102.00,102.19
2005-01-12,74448.16,2478.34,104.00,156.08
2005-01-13,74363.00,2478.29,111.00,68.78
2005-01-14,74261.00,2478.23,123.00,72.13
2005-01-15,74227.00,2478.21,131.00,113.64
2005-01-16,74210.00,2478.20,131.00,122.21
2005-01-17,75104.00,2478.72,132.00,582.22
2005-01-18,82115.87,2482.67,134.00,3670.13
2005-01-19,86168.27,2484.86,116.00,2159.19
2005-01-20,88443.00,2486.07,102.00,1250.20
2005-01-21,90489.70,2487.14,99.00,1132.07
2005-01-22,91949.95,2487.89,98.00,837.01
2005-01-23,93311.00,2488.59,98.00,786.99
2005-01-24,94409.76,2489.15,96.00,653.63
2005-01-25,95240.00,2489.57,92.00,514.41
2005-01-26,95990.00,2489.95,88.00,470.50
2005-01-27,96570.00,2490.24,87.00,383.84
2005-01-28,97130.00,2490.52,87.00,373.75
2005-01-29,97610.00,2490.76,87.00,333.42
2005-01-30,98030.00,2490.97,87.00,303.58
2005-01-31,98511.00,2491.21,87.00,334.46
2005-02-01,98879.95,2491.39,88.00,278.57
2005-02-02,99240.00,2491.57,88.00,274.08
2005-02-03,99563.00,2491.73,88.00,255.40
2005-02-04,100152.00,2492.02,89.00,387.86
2005-02-05,100600.00,2492.24,92.00,317.17
2005-02-06,100930.00,2492.40,92.00,257.80
2005-02-07,101220.00,2492.54,92.00,237.63
2005-02-08,101459.80,2492.66,92.00,212.32
2005-02-09,101687.00,2492.77,92.00,205.96
2005-02-10,101834.20,2492.84,92.00,165.64
2005-02-11,102020.00,2492.93,92.00,185.09
2005-02-12,102223.00,2493.03,92.00,193.77
2005-02-13,102390.05,2493.11,92.00,175.64
2005-02-14,102509.85,2493.17,92.00,151.82
2005-02-15,102612.00,2493.22,93.00,144.37
2005-02-16,102675.00,2493.25,95.00,126.62
2005-02-17,102738.00,2493.28,95.00,126.62
2005-02-18,102843.16,2493.33,93.00,145.67
2005-02-19,102864.20,2493.34,92.00,102.03
2005-02-20,102927.36,2493.37,92.00,123.26
2005-02-21,102947.90,2493.38,94.00,104.14
2005-02-22,102990.00,2493.40,98.00,119.96
2005-02-23,102990.00,2493.40,98.00,98.97
2005-02-24,103032.00,2493.42,96.00,117.19
2005-02-25,103053.00,2493.43,96.00,106.58
2005-02-26,103074.00,2493.44,96.00,106.61
2005-02-27,103095.00,2493.45,96.00,106.61
2005-02-28,103158.00,2493.48,96.00,127.71
2005-03-01,103200.00,2493.50,95.00,115.65
2005-03-02,103240.00,2493.52,93.00,112.24
2005-03-03,103300.00,2493.55,94.00,123.80
2005-03-04,103340.00,2493.57,96.00,116.35
2005-03-05,103360.00,2493.58,98.00,108.47
2005-03-06,103400.00,2493.60,98.00,118.55
2005-03-07,103462.64,2493.63,107.00,138.31
2005-03-08,103546.84,2493.67,120.00,162.30
2005-03-09,103631.00,2493.71,121.00,163.12
2005-03-10,103778.00,2493.78,117.00,191.20
2005-03-11,103900.20,2493.84,114.00,175.68
2005-03-12,104020.00,2493.90,114.00,174.48
2005-03-13,104125.00,2493.95,114.00,167.01
2005-03-14,104230.00,2494.00,114.00,166.34
2005-03-15,104230.00,2494.00,116.00,114.91
2005-03-16,104544.74,2494.15,115.00,272.79
2005-03-17,104628.95,2494.19,115.00,156.39
2005-03-18,104650.00,2494.20,114.00,123.56
2005-03-19,104755.00,2494.25,114.00,165.89
2005-03-20,104881.05,2494.31,114.00,176.50
2005-03-21,104944.20,2494.34,114.00,144.79
2005-03-22,104965.26,2494.35,122.00,131.27
2005-03-23,104986.30,2494.36,132.00,141.39
2005-03-24,104965.26,2494.35,132.00,120.76
2005-03-25,104902.10,2494.32,132.00,99.34
2005-03-26,105300.00,2494.51,133.00,332.51
2005-03-27,105690.00,2494.70,122.00,317.34
2005-03-28,106047.36,2494.87,111.00,290.64
2005-03-29,106634.74,2495.15,109.00,404.46
2005-03-30,106908.00,2495.28,109.00,246.09
2005-03-31,107097.36,2495.37,109.00,203.79
2005-04-01,107694.74,2495.65,110.00,410.38
2005-04-02,107989.00,2495.79,110.00,257.98
2005-04-03,108304.00,2495.94,110.00,268.43
2005-04-04,108619.00,2496.09,110.00,268.43
2005-04-05,108837.95,2496.19,110.00,220.32
2005-04-06,109133.16,2496.33,110.00,258.96
2005-04-07,109668.00,2496.58,105.00,374.25
2005-04-08,110240.27,2496.85,98.00,386.17
2005-04-09,110692.00,2497.06,98.00,324.95
2005-04-10,111053.00,2497.23,94.00,275.08
2005-04-11,111596.00,2497.48,92.00,364.31
2005-04-12,111975.80,2497.66,92.00,282.01
2005-04-13,112302.05,2497.81,92.00,254.79
2005-04-14,112605.00,2497.95,92.00,243.21
2005-04-15,112952.05,2498.11,93.00,266.27
2005-04-16,113448.22,2498.34,93.00,341.45
2005-04-17,113932.00,2498.56,93.00,335.30
2005-04-18,114261.00,2498.71,131.00,297.08
2005-04-19,114408.00,2498.78,248.00,323.29
2005-04-20,114429.00,2498.79,374.00,342.52
2005-04-21,114560.00,2498.85,451.00,417.01
2005-04-22,114604.38,2498.87,508.00,669.22
2005-04-23,114934.00,2499.02,525.00,688.40
2005-04-24,115330.00,2499.20,545.00,740.30
2005-04-25,115747.95,2499.39,557.00,763.93
2005-04-26,116056.00,2499.53,614.00,762.84
2005-04-27,116166.00,2499.58,622.00,672.12
2005-04-28,115990.00,2499.50,685.00,593.73
2005-04-29,115440.00,2499.25,738.00,455.88
2005-04-30,114802.00,2498.96,735.00,408.46
2005-05-01,114020.00,2498.60,773.00,372.59
2005-05-02,113234.00,2498.24,790.00,387.40
2005-05-03,112346.16,2497.83,800.00,345.28
2005-05-04,111530.00,2497.45,804.00,384.66
2005-05-05,110648.00,2497.04,801.00,348.47
2005-05-06,109814.74,2496.65,788.00,357.81
2005-05-07,108944.00,2496.24,785.00,337.26
2005-05-08,107968.00,2495.78,789.00,288.24
2005-05-09,107138.95,2495.39,773.00,345.01
2005-05-10,106761.00,2495.21,669.00,472.40
2005-05-11,106404.00,2495.04,568.00,380.03
2005-05-12,105984.20,2494.84,545.00,324.08
2005-05-13,105480.00,2494.60,537.00,278.25
2005-05-14,105048.95,2494.39,534.00,318.52
2005-05-15,104713.00,2494.23,535.00,365.80
2005-05-16,104440.00,2494.10,497.00,361.39
2005-05-17,104083.00,2493.93,466.00,285.00
2005-05-18,103880.15,2493.83,443.00,341.30
2005-05-19,103694.00,2493.74,438.00,343.36
2005-05-20,103462.64,2493.63,438.00,320.85
2005-05-21,103260.00,2493.53,438.00,335.88
2005-05-22,102970.00,2493.39,479.00,336.19
2005-05-23,102612.00,2493.22,494.00,318.79
2005-05-24,102181.00,2493.01,489.00,280.10
2005-05-25,101603.00,2492.73,520.00,241.38
2005-05-26,100990.00,2492.43,540.00,248.38
2005-05-27,100360.00,2492.12,545.00,246.68
2005-05-28,99710.00,2491.80,548.00,242.95
2005-05-29,99020.00,2491.46,550.00,227.37
2005-05-30,98310.00,2491.11,550.00,219.01
2005-05-31,97750.00,2490.83,550.00,294.14
2005-06-01,97190.00,2490.55,550.00,293.20
2005-06-02,96510.00,2490.21,547.00,230.30
2005-06-03,95850.00,2489.88,544.00,237.88
2005-06-04,95100.00,2489.50,544.00,191.87
2005-06-05,94370.00,2489.13,542.00,199.88
2005-06-06,93600.00,2488.74,539.00,177.78
2005-06-07,92840.00,2488.35,539.00,181.56
2005-06-08,92080.00,2487.96,536.00,180.00
2005-06-09,91340.00,2487.58,533.00,187.15
2005-06-10,90550.00,2487.17,533.00,160.53
2005-06-11,89820.00,2486.79,530.00,188.46
2005-06-12,89070.00,2486.40,530.00,177.00
2005-06-13,88410.00,2486.05,527.00,220.44
2005-06-14,87690.00,2485.67,524.00,188.62
2005-06-15,87009.05,2485.31,524.00,206.74
2005-06-16,86278.00,2484.92,522.00,162.17
2005-06-17,85644.00,2484.58,522.00,202.38
2005-06-18,84893.91,2484.18,519.00,141.67
2005-06-19,84172.00,2483.79,519.00,154.39
2005-06-20,83496.00,2483.42,516.00,175.84
2005-06-21,82774.00,2483.03,514.00,149.88
2005-06-22,81990.00,2482.60,511.00,115.98
2005-06-23,81205.87,2482.17,508.00,114.09
2005-06-24,80450.00,2481.75,514.00,133.74
2005-06-25,79650.00,2481.30,516.00,112.71
2005-06-26,78845.21,2480.85,514.00,107.46
2005-06-27,78067.00,2480.41,511.00,118.93
2005-06-28,77286.00,2479.97,508.00,115.39
2005-06-29,76496.00,2479.52,516.00,117.62
2005-06-30,75692.00,2479.06,544.00,138.94
2005-07-01,74774.00,2478.53,552.00,89.12
2005-07-02,73775.00,2477.95,561.00,30.46
2005-07-03,72762.25,2477.36,563.00,49.13
2005-07-04,71810.00,2476.80,560.00,36.21
2005-07-05,70885.00,2476.25,554.00,37.78
2005-07-06,70045.00,2475.75,551.00,39.36
2005-07-07,69188.00,2475.24,547.00,45.83
2005-07-08,68412.00,2474.77,553.00,45.78
2005-07-09,67640.00,2474.30,547.00,45.87
2005-07-10,66794.00,2473.79,538.00,48.72
2005-07-11,65888.00,2473.23,572.00,82.67
2005-07-12,64917.73,2472.63,598.00,110.68
2005-07-13,63932.00,2472.02,595.00,120.71
2005-07-14,63055.00,2471.47,589.00,104.95
2005-07-15,62134.96,2470.89,591.00,119.09
2005-07-16,61098.00,2470.23,591.00,119.08
2005-07-17,60183.77,2469.64,591.00,133.20
2005-07-18,59205.00,2469.01,587.00,119.76
2005-07-19,58484.00,2468.54,587.00,131.98
2005-07-20,57435.18,2467.85,584.00,133.85
2005-07-21,56434.96,2467.19,592.00,142.14
2005-07-22,55624.82,2466.65,598.00,147.44
2005-07-23,54420.15,2465.84,601.00,164.60
2005-07-24,53434.89,2465.17,612.00,167.01
2005-07-25,52450.00,2464.50,603.00,164.48
2005-07-26,51280.00,2463.70,612.00,177.27
2005-07-27,50200.00,2462.95,611.00,183.04
2005-07-28,49040.00,2462.14,614.00,184.47
2005-07-29,47910.17,2461.35,635.00,76.33
2005-07-30,46980.00,2460.70,651.00,191.28
2005-07-31,45794.21,2459.86,648.00,60.32
2005-08-01,44734.04,2459.11,645.00,120.46
2005-08-02,43656.14,2458.34,645.00,113.24
2005-08-03,42494.00,2457.51,645.00,69.14
2005-08-04,41365.96,2456.69,655.00,98.21
2005-08-05,40284.00,2455.91,663.00,128.55
2005-08-06,39124.00,2455.06,671.00,98.90
2005-08-07,37926.97,2454.19,676.00,84.81
2005-08-08,36746.06,2453.32,681.00,98.65
2005-08-09,35518.00,2452.42,684.00,77.72
2005-08-10,34280.00,2451.50,684.00,73.32
2005-08-11,33115.79,2450.64,681.00,109.20
2005-08-12,31886.00,2449.72,694.00,90.14
2005-08-13,30637.00,2448.79,711.00,83.32
2005-08-14,29334.04,2447.81,723.00,65.69
2005-08-15,28088.24,2446.87,723.00,95.73
2005-08-16,26878.00,2445.96,723.00,113.26
2005-08-17,25649.00,2445.03,721.00,98.34
2005-08-18,24420.00,2444.10,701.00,75.93
2005-08-19,23305.00,2443.25,679.00,109.03
2005-08-20,22125.16,2442.35,658.00,50.47
2005-08-21,20922.00,2441.43,634.00,12.85
2005-08-22,19983.00,2440.71,613.00,116.64
2005-08-23,18903.94,2439.88,590.00,19.69
2005-08-24,18020.00,2439.20,564.00,89.71
2005-08-25,17020.00,2438.43,539.00,4.07
2005-08-26,16093.00,2437.71,512.00,11.38
2005-08-27,15206.00,2437.02,486.00,3.95
2005-08-28,14371.22,2436.37,458.00,0.54
2005-08-29,13630.00,2435.80,436.00,22.96
2005-08-30,13237.00,2435.49,384.00,148.42
2005-08-31,12918.00,2435.24,274.00,84.23
2005-09-01,12804.84,2435.15,184.00,99.42
2005-09-02,12584.00,2434.98,143.00,5.99
2005-09-03,12389.10,2434.83,137.00,12.50
2005-09-04,12302.00,2434.76,139.00,66.27
2005-09-05,12100.00,2434.60,139.00,7.94
2005-09-06,11892.00,2434.44,133.00,29.10
2005-09-07,11866.00,2434.42,107.00,100.39
2005-09-08,11686.00,2434.28,94.00,13.19
2005-09-09,11511.81,2434.14,87.00,14.36
2005-09-10,11408.00,2434.06,87.00,49.84
2005-09-11,11330.00,2434.00,87.00,51.67
2005-09-12,11240.00,2433.93,86.00,44.62
2005-09-13,11090.00,2433.81,85.00,14.37
2005-09-14,10950.00,2433.70,85.00,18.59
2005-09-15,10840.00,2433.61,85.00,27.94
2005-09-16,10770.00,2433.56,85.00,48.82
2005-09-17,10712.00,2433.51,85.00,54.37
2005-09-18,10583.00,2433.41,84.00,17.53
2005-09-19,10479.10,2433.33,84.00,30.07
2005-09-20,10380.00,2433.25,84.00,32.99
2005-09-21,10260.00,2433.16,84.00,21.90
2005-09-22,10160.00,2433.08,84.00,31.82
2005-09-23,10080.00,2433.02,83.00,41.85
2005-09-24,9980.00,2432.94,83.00,31.14
2005-09-25,9870.00,2432.85,83.00,26.21
2005-09-26,9760.00,2432.76,83.00,25.81
2005-09-27,9654.00,2432.68,82.00,27.39
2005-09-28,9580.00,2432.62,82.00,43.80
2005-09-29,9969.00,2432.93,84.00,278.40
2005-09-30,10960.00,2433.73,84.00,582.38
2005-10-01,11460.00,2434.10,83.00,333.00
2005-10-02,11730.00,2434.31,84.00,218.57
2005-10-03,11905.00,2434.45,83.00,169.89
2005-10-04,11905.00,2434.45,82.00,80.39
2005-10-05,11918.00,2434.46,83.00,88.26
2005-10-06,12022.00,2434.54,84.00,134.92
2005-10-07,12203.94,2434.68,80.00,172.27
2005-10-08,12350.00,2434.80,78.00,152.54
2005-10-09,12428.19,2434.86,78.00,117.82
2005-10-10,12584.00,2434.98,76.00,155.55
2005-10-11,12649.00,2435.03,77.00,111.00
2005-10-12,12688.00,2435.06,87.00,108.32
2005-10-13,12727.00,2435.09,89.00,109.98
2005-10-14,12830.90,2435.17,81.00,134.07
2005-10-15,12766.06,2435.12,81.00,49.28
2005-10-16,12966.00,2435.28,81.00,183.00
2005-10-17,13029.10,2435.33,80.00,112.53
2005-10-18,13172.00,2435.44,81.00,154.27
2005-10-19,13510.00,2435.70,85.00,256.66
2005-10-20,13799.00,2435.93,86.00,232.70
2005-10-21,14046.06,2436.12,86.00,211.26
2005-10-22,14202.00,2436.24,85.00,164.71
2005-10-23,14475.00,2436.45,84.00,222.27
2005-10-24,14540.00,2436.50,85.00,118.47
2005-10-25,14576.00,2436.53,84.00,102.77
2005-10-26,14698.78,2436.63,84.00,147.04
2005-10-27,14790.00,2436.70,85.00,131.97
2005-10-28,14881.70,2436.77,85.00,132.07
2005-10-29,14881.70,2436.77,85.00,86.26
2005-10-30,14946.86,2436.82,92.00,125.30
2005-10-31,15963.03,2437.61,89.00,603.06
2005-11-01,17132.00,2438.51,87.00,677.97
2005-11-02,17903.03,2439.11,86.00,475.44
2005-11-03,18553.03,2439.61,83.00,411.87
2005-11-04,19241.81,2440.14,85.00,432.90
2005-11-05,19814.00,2440.58,85.00,374.13
2005-11-06,20373.00,2441.01,85.00,368.28
2005-11-07,20776.06,2441.32,86.00,290.21
2005-11-08,21059.00,2441.53,86.00,228.09
2005-11-09,21306.00,2441.72,86.00,209.83
2005-11-10,21618.00,2441.96,87.00,243.24
2005-11-11,22255.00,2442.45,84.00,404.42
2005-11-12,22629.00,2442.73,83.00,270.78
2005-11-13,23598.00,2443.47,86.00,572.95
2005-11-14,24329.00,2444.03,84.00,451.33
2005-11-15,24872.00,2444.44,82.00,354.73
2005-11-16,25336.00,2444.79,83.00,315.85
2005-11-17,25740.00,2445.10,84.00,286.43
2005-11-18,26140.00,2445.40,83.00,283.69
2005-11-19,26572.00,2445.73,83.00,299.51
2005-11-20,27088.07,2446.12,83.00,342.40
2005-11-21,27421.22,2446.37,84.00,250.71
2005-11-22,27768.78,2446.63,85.00,258.71
2005-11-23,27964.00,2446.78,84.00,181.64
2005-11-24,28351.00,2447.07,84.00,277.86
2005-11-25,28712.13,2447.34,84.00,264.81
2005-11-26,28907.00,2447.49,84.00,181.15
2005-11-27,28962.00,2447.53,85.00,111.52
2005-11-28,29176.97,2447.69,84.00,190.85
2005-11-29,29362.10,2447.83,83.00,175.05
2005-11-30,29655.00,2448.05,83.00,229.38
2005-12-01,29789.83,2448.15,83.00,149.68
2005-12-02,29912.00,2448.24,83.00,143.30
2005-12-03,30029.10,2448.33,83.00,140.99
2005-12-04,30106.97,2448.39,84.00,121.68
2005-12-05,30176.00,2448.44,83.00,116.89
2005-12-06,30190.00,2448.45,84.00,89.80
2005-12-07,30176.00,2448.44,84.00,76.64
2005-12-08,30176.00,2448.44,91.00,89.92
2005-12-09,30260.00,2448.50,93.00,136.05
2005-12-10,30190.00,2448.45,93.00,58.41
2005-12-11,30204.00,2448.46,93.00,100.76
2005-12-12,30232.00,2448.48,92.00,107.81
2005-12-13,30176.00,2448.44,92.00,65.46
2005-12-14,30218.00,2448.47,97.00,120.99
2005-12-15,30162.00,2448.43,105.00,80.52
2005-12-16,30120.00,2448.40,109.00,90.65
2005-12-17,30029.10,2448.33,109.00,66.00
2005-12-18,29990.00,2448.30,110.00,92.73
2005-12-19,29899.00,2448.23,111.00,67.92
2005-12-20,29845.96,2448.19,116.00,92.08
2005-12-21,29899.00,2448.23,116.00,145.47
2005-12-22,30204.00,2448.46,115.00,271.25
2005-12-23,31216.00,2449.22,105.00,616.12
2005-12-24,33386.14,2450.84,101.00,1195.48
2005-12-25,34992.00,2452.03,93.00,901.04
2005-12-26,36184.00,2452.91,90.00,687.87
2005-12-27,37386.00,2453.79,88.00,689.61
2005-12-28,38346.00,2454.49,88.00,568.29
2005-12-29,39138.00,2455.07,89.00,484.50
2005-12-30,39915.79,2455.64,90.00,478.06
2005-12-31,40438.00,2456.02,90.00,349.35
2006-01-01,40848.07,2456.32,92.00,293.74
2006-01-02,41281.76,2456.63,92.00,305.65
2006-01-03,41594.21,2456.86,92.00,244.57
2006-01-04,41902.00,2457.08,89.00,240.44
2006-01-05,42224.04,2457.31,85.00,243.04
2006-01-06,43068.00,2457.92,86.00,507.66
2006-01-07,44174.00,2458.71,89.00,642.36
2006-01-08,45028.07,2459.32,89.00,515.44
2006-01-09,46018.00,2460.02,89.00,584.13
2006-01-10,48255.00,2461.59,97.00,1220.17
2006-01-11,50360.00,2463.06,92.00,1148.21
2006-01-12,51650.00,2463.95,84.00,729.92
2006-01-13,52570.00,2464.58,85.00,544.51
2006-01-14,53225.00,2465.03,85.00,410.45
2006-01-15,53754.96,2465.39,84.00,346.98
2006-01-16,54435.18,2465.85,85.00,423.62
2006-01-17,54825.04,2466.11,85.00,277.23
2006-01-18,55185.18,2466.35,85.00,262.26
2006-01-19,55535.00,2466.59,85.00,257.05
2006-01-20,55984.96,2466.89,85.00,307.83
2006-01-21,56255.00,2467.07,85.00,217.26
2006-01-22,56480.00,2467.22,86.00,194.77
2006-01-23,56690.22,2467.36,86.00,187.69
2006-01-24,56916.00,2467.51,86.00,195.54
2006-01-25,57164.89,2467.67,86.00,207.19
2006-01-26,57405.11,2467.83,75.00,201.70
2006-01-27,57630.00,2467.98,73.00,193.05
2006-01-28,58030.00,2468.24,73.00,281.28
2006-01-29,58516.00,2468.56,73.00,324.69
2006-01-30,59085.00,2468.93,75.00,368.11
2006-01-31,59750.22,2469.36,73.00,414.92
2006-02-01,60355.00,2469.75,73.00,384.33
2006-02-02,60974.82,2470.15,74.00,392.88
2006-02-03,61520.00,2470.50,74.00,355.54
2006-02-04,62150.00,2470.90,74.00,398.44
2006-02-05,62533.77,2471.14,74.00,274.16
2006-02-06,62854.16,2471.34,74.00,242.21
2006-02-07,63164.00,2471.54,74.00,236.89
2006-02-08,63420.00,2471.70,74.00,209.75
2006-02-09,63644.16,2471.84,74.00,193.69
2006-02-10,63820.00,2471.95,75.00,170.15
2006-02-11,64012.00,2472.07,75.00,178.51
2006-02-12,64203.96,2472.19,75.00,178.16
2006-02-13,64316.00,2472.26,74.00,137.30
2006-02-14,64412.08,2472.32,75.00,130.10
2006-02-15,64540.00,2472.40,75.00,146.20
2006-02-16,64652.00,2472.47,75.00,138.17
2006-02-17,64734.00,2472.52,75.00,123.05
2006-02-18,64785.00,2472.55,75.00,107.42
2006-02-19,64886.04,2472.61,75.00,132.65
2006-02-20,64981.88,2472.67,75.00,129.72
2006-02-21,65062.00,2472.72,83.00,130.48
2006-02-22,65254.16,2472.84,78.00,181.93
2006-02-23,65574.00,2473.04,78.00,243.06
2006-02-24,65654.00,2473.09,83.00,123.08
2006-02-25,65737.75,2473.14,83.00,124.97
2006-02-26,65805.91,2473.18,83.00,117.11
2006-02-27,66064.16,2473.34,83.00,212.94
2006-02-28,66192.00,2473.42,83.00,147.20
2006-03-01,66272.00,2473.47,83.00,123.08
2006-03-02,66320.00,2473.50,83.00,106.94
2006-03-03,66388.00,2473.54,83.00,117.03
2006-03-04,66506.04,2473.61,83.00,142.26
2006-03-05,66553.77,2473.64,83.00,106.81
2006-03-06,66633.96,2473.69,83.00,123.18
2006-03-07,66746.00,2473.76,83.00,139.23
2006-03-08,67012.00,2473.92,83.00,216.77
2006-03-09,67060.00,2473.95,83.00,107.45
2006-03-10,67108.00,2473.98,84.00,107.99
2006-03-11,67124.00,2473.99,84.00,91.86
2006-03-12,67140.00,2474.00,84.00,91.76
2006-03-13,67236.00,2474.06,84.00,132.19
2006-03-14,67284.00,2474.09,84.00,107.87
2006-03-15,67284.00,2474.09,84.00,83.79
2006-03-16,67317.04,2474.11,84.00,100.45
2006-03-17,67367.75,2474.14,84.00,109.36
2006-03-18,67317.04,2474.11,84.00,58.01
2006-03-19,67452.96,2474.19,84.00,152.32
2006-03-20,67435.91,2474.18,84.00,75.20
2006-03-21,67487.00,2474.21,84.00,109.55
2006-03-22,67487.00,2474.21,83.00,82.96
2006-03-23,67521.00,2474.23,83.00,99.89
2006-03-24,67623.00,2474.29,83.00,134.39
2006-03-25,67720.20,2474.35,84.00,132.46
2006-03-26,67800.00,2474.40,83.00,123.19
2006-03-27,67896.00,2474.46,84.00,131.70
2006-03-28,68062.00,2474.56,84.00,167.48
2006-03-29,68265.91,2474.68,84.00,186.84
2006-03-30,68428.00,2474.78,84.00,165.81
2006-03-31,68620.00,2474.90,85.00,181.34
2006-04-01,68960.00,2475.10,85.00,256.74
2006-04-02,69273.00,2475.29,86.00,243.72
2006-04-03,69588.00,2475.48,86.00,244.73
2006-04-04,70011.00,2475.73,86.00,299.58
2006-04-05,70443.00,2475.99,87.00,305.03
2006-04-06,70902.00,2476.26,88.00,319.06
2006-04-07,71334.00,2476.52,88.00,305.89
2006-04-08,71945.91,2476.88,88.00,396.81
2006-04-09,72660.00,2477.30,89.00,449.13
2006-04-10,73350.00,2477.70,89.00,437.48
2006-04-11,74013.00,2478.09,90.00,424.24
2006-04-12,74756.00,2478.52,90.00,464.87
2006-04-13,75488.00,2478.94,85.00,454.10
2006-04-14,76550.00,2479.55,82.00,617.01
2006-04-15,77376.00,2480.02,82.00,498.11
2006-04-16,78050.00,2480.40,82.00,421.20
2006-04-17,78543.91,2480.68,82.00,330.38
2006-04-18,79074.00,2480.98,82.00,349.20
2006-04-19,79578.00,2481.26,83.00,336.42
2006-04-20,80144.00,2481.58,83.00,368.10
2006-04-21,80900.00,2482.00,83.00,464.37
2006-04-22,81684.00,2482.43,84.00,479.06
2006-04-23,82450.22,2482.85,84.00,470.34
2006-04-24,83346.19,2483.34,84.00,535.97
2006-04-25,84360.95,2483.89,85.00,596.27
2006-04-26,85424.00,2484.46,85.00,620.76
2006-04-27,86620.00,2485.10,86.00,688.81
2006-04-28,88291.00,2485.99,86.00,928.38
2006-04-29,90410.00,2487.10,86.00,1154.33
2006-04-30,92300.00,2488.07,87.00,1039.93
2006-05-01,93390.00,2488.63,87.00,636.81
2006-05-02,94470.00,2489.18,88.00,632.53
2006-05-03,95340.10,2489.62,88.00,526.76
2006-05-04,96290.00,2490.10,88.00,566.99
2006-05-05,97369.70,2490.64,88.00,632.44
2006-05-06,98616.00,2491.26,88.00,716.43
2006-05-07,99869.90,2491.88,128.00,760.81
2006-05-08,101056.00,2492.46,110.00,708.65
2006-05-09,102000.00,2492.92,97.00,573.13
2006-05-10,102927.36,2493.37,97.00,564.74
2006-05-11,103920.24,2493.85,97.00,597.78
2006-05-12,104902.10,2494.32,88.00,583.44
2006-05-13,105837.00,2494.77,83.00,554.09
2006-05-14,106887.00,2495.27,83.00,612.12
2006-05-15,109028.00,2496.28,83.00,1162.25
2006-05-16,112082.00,2497.71,84.00,1623.52
2006-05-17,115792.00,2499.41,84.00,1954.49
2006-05-18,119486.00,2501.08,86.00,1948.19
2006-05-19,122548.00,2502.44,87.00,1630.63
2006-05-20,125236.11,2503.62,88.00,1443.13
2006-05-21,127308.00,2504.52,88.00,1132.76
2006-05-22,129488.00,2505.46,89.00,1188.27
2006-05-23,131412.00,2506.28,90.00,1060.10
2006-05-24,133220.00,2507.05,90.00,1001.87
2006-05-25,134735.94,2507.69,90.00,854.58
2006-05-26,136070.00,2508.25,92.00,764.01
2006-05-27,137318.00,2508.77,92.00,720.62
2006-05-28,138575.00,2509.29,93.00,725.84
2006-05-29,139810.00,2509.80,93.00,715.20
2006-05-30,140948.00,2510.27,93.00,666.30
2006-05-31,142216.00,2510.79,94.00,732.81
2006-06-01,143910.00,2511.48,94.00,948.12
2006-06-02,145980.13,2512.32,95.00,1138.54
2006-06-03,147695.00,2513.01,95.00,959.61
2006-06-04,149520.00,2513.74,96.00,1016.15
2006-06-05,151430.00,2514.50,97.00,1060.16
2006-06-06,152966.06,2515.11,97.00,872.11
2006-06-07,154309.64,2515.64,98.00,776.31
2006-06-08,155428.00,2516.08,111.00,677.69
2006-06-09,156136.38,2516.36,227.00,597.81
2006-06-10,156700.00,2516.58,271.00,569.15
2006-06-11,157493.94,2516.89,234.00,652.30
2006-06-12,158280.00,2517.20,425.00,873.39
2006-06-13,158229.88,2517.18,724.00,750.61
2006-06-14,157926.00,2517.06,776.00,680.97
2006-06-15,157796.00,2517.01,693.00,687.28
2006-06-16,157720.00,2516.98,669.00,694.44
2006-06-17,157520.00,2516.90,663.00,631.77
2006-06-18,157156.00,2516.76,656.00,549.03
2006-06-19,156625.00,2516.55,671.00,488.17
2006-06-20,156136.38,2516.36,695.00,546.55
2006-06-21,155428.00,2516.08,700.00,371.86
2006-06-22,154660.00,2515.78,719.00,362.80
2006-06-23,153830.00,2515.45,745.00,360.54
2006-06-24,152992.13,2515.12,770.00,383.28
2006-06-25,152190.00,2514.80,786.00,420.79
2006-06-26,151430.00,2514.50,815.00,473.60
2006-06-27,150470.13,2514.12,897.00,452.60
2006-06-28,149145.00,2513.59,1009.00,383.68
2006-06-29,147570.00,2512.96,1085.00,335.81
2006-06-30,145930.00,2512.30,1093.00,309.13
2006-07-01,144280.00,2511.63,1081.00,293.85
2006-07-02,142580.00,2510.94,1074.00,261.29
2006-07-03,140950.00,2510.26,1063.00,287.63
2006-07-04,139200.00,2509.53,1096.00,255.61
2006-07-05,137410.00,2508.78,1104.00,244.47
2006-07-06,135490.00,2507.98,1129.00,207.01
2006-07-07,133530.00,2507.15,1157.00,219.85
2006-07-08,131530.00,2506.29,1160.00,206.68
2006-07-09,129490.00,2505.42,1146.00,179.51
2006-07-10,127470.00,2504.53,1139.00,185.60
2006-07-11,125350.00,2503.62,1160.00,161.18
2006-07-12,123320.00,2502.71,1171.00,221.56
2006-07-13,121260.00,2501.80,1160.00,198.43
2006-07-14,119180.00,2500.87,1153.00,184.35
2006-07-15,117070.00,2499.90,1125.00,147.22
2006-07-16,114930.00,2498.93,1122.00,125.10
2006-07-17,112750.00,2497.92,1142.00,137.93
2006-07-18,110520.00,2496.88,1150.00,123.72
2006-07-19,108320.00,2495.85,1142.00,135.85
2006-07-20,106090.00,2494.78,1164.00,108.72
2006-07-21,103800.00,2493.67,1186.00,142.48
2006-07-22,101540.00,2492.57,1178.00,157.60
2006-07-23,99260.00,2491.45,1164.00,136.52
2006-07-24,96970.00,2490.31,1171.00,142.48
2006-07-25,94660.00,2489.15,1160.00,135.48
2006-07-26,92370.00,2487.98,1142.00,126.56
2006-07-27,90106.00,2486.94,1142.00,136.64
2006-07-28,87804.00,2485.73,1139.00,106.41
2006-07-29,85481.00,2484.49,1275.00,103.82
2006-07-30,83180.00,2483.25,1271.00,110.91
2006-07-31,80918.00,2482.01,1271.00,130.57
2006-08-01,78580.00,2480.70,1271.00,92.26
2006-08-02,76273.00,2479.39,1264.00,99.90
2006-08-03,74013.00,2478.09,1256.00,115.72
2006-08-04,71725.00,2476.75,1241.00,88.22
2006-08-05,69508.00,2475.43,1249.00,129.32
2006-08-06,67268.00,2474.08,1249.00,117.77
2006-08-07,65030.00,2472.70,1241.00,113.63
2006-08-08,62726.00,2471.26,1241.00,79.04
2006-08-09,60430.00,2469.80,1241.00,82.32
2006-08-10,58180.00,2468.34,1234.00,99.99
2006-08-11,55955.00,2466.87,1237.00,115.09
2006-08-12,53710.00,2465.36,1252.00,119.31
2006-08-13,51535.00,2463.87,1251.00,153.62
2006-08-14,49410.00,2462.40,1212.00,135.84
2006-08-15,47241.00,2460.88,1192.00,91.46
2006-08-16,45098.00,2459.37,1176.00,87.14
2006-08-17,43011.00,2457.88,1167.00,104.12
2006-08-18,40988.00,2456.42,1165.00,135.26
2006-08-19,38887.00,2454.89,1167.00,93.69
2006-08-20,36823.00,2453.38,1165.00,108.00
2006-08-21,34778.00,2451.87,1139.00,90.14
2006-08-22,32688.00,2450.32,1098.00,25.30
2006-08-23,30493.00,2448.68,1059.00,18.37
2006-08-24,28543.00,2447.21,1014.00,8.01
2006-08-25,26813.00,2445.91,970.00,73.06
2006-08-26,25183.00,2444.68,927.00,75.70
2006-08-27,23612.00,2443.48,877.00,57.88
2006-08-28,22577.00,2442.69,652.00,107.83
2006-08-29,22112.00,2442.34,323.00,84.12
2006-08-30,21969.00,2442.23,145.00,64.73
2006-08-31,21878.00,2442.16,104.00,46.07
2006-09-01,21787.00,2442.09,97.00,51.57
2006-09-02,21709.00,2442.03,94.00,53.95
2006-09-03,21605.00,2441.95,93.00,40.12
2006-09-04,21592.00,2441.94,93.00,85.54
2006-09-05,21526.97,2441.89,92.00,58.39
2006-09-06,21423.03,2441.81,92.00,38.46
2006-09-07,21358.00,2441.76,90.00,57.51
2006-09-08,21306.00,2441.72,90.00,64.08
2006-09-09,21201.81,2441.64,90.00,37.77
2006-09-10,21124.00,2441.58,90.00,52.67
2006-09-11,21033.00,2441.51,91.00,46.67
2006-09-12,20936.00,2441.44,90.00,42.90
2006-09-13,20894.00,2441.41,87.00,68.03
2006-09-14,20802.13,2441.34,89.00,44.81
2006-09-15,20750.00,2441.30,90.00,66.31
2006-09-16,20698.00,2441.26,87.00,63.09
2006-09-17,20620.00,2441.20,90.00,52.72
2006-09-18,20567.87,2441.16,89.00,66.78
2006-09-19,20490.00,2441.10,90.00,54.11
2006-09-20,20477.00,2441.09,90.00,86.85
2006-09-21,20477.00,2441.09,90.00,93.38
2006-09-22,20451.00,2441.07,88.00,79.46
2006-09-23,20347.00,2440.99,95.00,41.89
2006-09-24,20282.00,2440.94,98.00,62.51
2006-09-25,20178.19,2440.86,96.00,40.90
2006-09-26,20113.03,2440.81,90.00,61.43
2006-09-27,20061.00,2440.77,89.00,69.76
2006-09-28,19970.00,2440.70,89.00,51.29
2006-09-29,19878.78,2440.63,90.00,52.05
2006-09-30,19814.00,2440.58,87.00,63.61
2006-10-01,19697.00,2440.49,88.00,38.92
2006-10-02,19593.00,2440.41,88.00,46.33
2006-10-03,19463.03,2440.31,89.00,33.89
2006-10-04,19359.00,2440.23,95.00,48.69
2006-10-05,19254.84,2440.15,96.00,43.77
2006-10-06,19151.00,2440.07,94.00,41.73
2006-10-07,19008.00,2439.96,96.00,24.36
2006-10-08,18903.94,2439.88,95.00,42.92
2006-10-09,18748.00,2439.76,96.00,17.66
2006-10-10,18630.90,2439.67,96.00,37.44
2006-10-11,18514.00,2439.58,96.00,37.23
2006-10-12,18410.00,2439.50,96.00,43.44
2006-10-13,18293.00,2439.41,97.00,37.65
2006-10-14,18189.10,2439.33,96.00,43.59
2006-10-15,18085.00,2439.25,95.00,42.91
2006-10-16,18072.00,2439.24,95.00,88.45
2006-10-17,17954.84,2439.15,97.00,37.66
2006-10-18,17851.00,2439.07,96.00,45.94
2006-10-19,17825.00,2439.05,97.00,86.38
2006-10-20,17760.00,2439.00,98.00,67.53
2006-10-21,17721.00,2438.97,98.00,81.74
2006-10-22,17603.94,2438.88,98.00,41.57
2006-10-23,17526.06,2438.82,97.00,60.88
2006-10-24,17487.00,2438.79,98.00,80.97
2006-10-25,17526.06,2438.82,98.00,120.39
2006-10-26,17396.00,2438.72,98.00,35.19
2006-10-27,17461.00,2438.77,98.00,133.58
2006-10-28,17487.00,2438.79,98.00,114.16
2006-10-29,17591.22,2438.87,98.00,153.89
2006-10-30,17513.03,2438.81,98.00,61.83
2006-10-31,17435.00,2438.75,98.00,62.01
2006-11-01,17409.00,2438.73,98.00,88.05
2006-11-02,17487.00,2438.79,98.00,139.70
2006-11-03,17877.00,2439.09,98.00,297.55
2006-11-04,20451.00,2441.07,103.00,1403.55
2006-11-05,23019.00,2443.03,98.00,1395.40
2006-11-06,37143.03,2453.61,113.00,7236.52
2006-11-07,46345.00,2460.25,81.00,4722.29
2006-11-08,49010.07,2462.12,87.00,1432.74
2006-11-09,50375.00,2463.07,86.00,776.72
2006-11-10,51490.15,2463.84,82.00,645.91
2006-11-11,52315.00,2464.41,83.00,500.22
2006-11-12,53255.00,2465.05,84.00,559.75
2006-11-13,54375.04,2465.81,83.00,649.69
2006-11-14,55005.00,2466.23,81.00,399.91
2006-11-15,56225.00,2467.05,82.00,698.41
2006-11-16,57795.00,2468.09,84.00,877.35
2006-11-17,58745.00,2468.71,82.00,563.00
2006-11-18,59387.73,2469.13,82.00,407.83
2006-11-19,60072.00,2469.57,83.00,429.38
2006-11-20,60756.00,2470.01,83.00,429.70
2006-11-21,61337.92,2470.38,83.00,378.24
2006-11-22,62294.00,2470.99,83.00,566.92
2006-11-23,63010.00,2471.44,84.00,446.41
2006-11-24,63420.00,2471.70,84.00,292.56
2006-11-25,63788.00,2471.93,84.00,271.45
2006-11-26,64171.88,2472.17,84.00,279.46
2006-11-27,64412.08,2472.32,88.00,211.36
2006-11-28,64588.00,2472.43,96.00,187.08
2006-11-29,64802.00,2472.56,96.00,206.28
2006-11-30,65078.00,2472.73,96.00,236.80
2006-12-01,65190.00,2472.80,96.00,153.66
2006-12-02,65254.16,2472.84,96.00,129.54
2006-12-03,65333.96,2472.89,96.00,137.43
2006-12-04,65510.00,2473.00,96.00,185.95
2006-12-05,65638.00,2473.08,96.00,161.73
2006-12-06,65754.79,2473.15,96.00,156.08
2006-12-07,65856.00,2473.21,96.00,148.22
2006-12-08,65904.00,2473.24,96.00,121.40
2006-12-09,66032.08,2473.32,96.00,161.77
2006-12-10,66096.23,2473.36,96.00,129.54
2006-12-11,66304.00,2473.49,96.00,202.19
2006-12-12,66762.00,2473.77,97.00,329.27
2006-12-13,67572.00,2474.26,98.00,508.42
2006-12-14,68248.88,2474.67,90.00,432.84
2006-12-15,68756.00,2474.98,86.00,342.64
2006-12-16,68992.08,2475.12,89.00,209.32
2006-12-17,69205.00,2475.25,89.00,197.65
2006-12-18,69375.21,2475.35,89.00,176.11
2006-12-19,69425.91,2475.38,89.00,115.86
2006-12-20,69620.00,2475.50,89.00,188.15
2006-12-21,69790.00,2475.60,89.00,176.01
2006-12-22,69840.71,2475.63,89.00,115.87
2006-12-23,70113.00,2475.79,89.00,227.58
2006-12-24,70290.00,2475.90,89.00,179.54
2006-12-25,70341.00,2475.93,89.00,116.01
2006-12-26,70460.00,2476.00,93.00,154.23
2006-12-27,70545.00,2476.05,95.00,138.87
2006-12-28,70562.00,2476.06,95.00,104.59
2006-12-29,70613.00,2476.09,95.00,121.73
2006-12-30,70613.00,2476.09,95.00,96.00
2006-12-31,70596.00,2476.08,95.00,87.50
2007-01-01,70596.00,2476.08,95.00,96.00
2007-01-02,71962.96,2476.89,97.00,788.01
2007-01-03,73860.00,2478.00,95.00,1052.57
2007-01-04,74950.71,2478.63,87.00,638.38
2007-01-05,75813.70,2479.13,87.00,523.17
2007-01-06,76426.00,2479.48,87.00,396.52
2007-01-07,77655.91,2480.18,89.00,710.60
2007-01-08,78525.87,2480.67,92.00,531.09
2007-01-09,79308.05,2481.11,89.00,484.93
2007-01-10,79915.00,2481.45,89.00,396.23
2007-01-11,80305.87,2481.67,89.00,287.36
2007-01-12,80576.09,2481.82,89.00,226.53
2007-01-13,80918.00,2482.01,89.00,262.68
2007-01-14,81151.73,2482.14,89.00,208.14
2007-01-15,81279.00,2482.21,89.00,154.46
2007-01-16,81540.22,2482.35,89.00,222.00
2007-01-17,81702.00,2482.44,89.00,171.86
2007-01-18,81918.00,2482.56,89.00,199.20
2007-01-19,82079.78,2482.65,89.00,171.86
2007-01-20,82208.00,2482.72,89.00,154.85
2007-01-21,82378.05,2482.81,89.00,176.03
2007-01-22,82503.91,2482.88,89.00,153.76
2007-01-23,82612.00,2482.94,89.00,144.79
2007-01-24,82720.00,2483.00,89.00,144.75
2007-01-25,82882.00,2483.09,89.00,171.97
2007-01-26,83013.81,2483.16,89.00,156.75
2007-01-27,83070.95,2483.19,89.00,119.11
2007-01-28,83108.00,2483.21,89.00,108.98
2007-01-29,83198.00,2483.26,89.00,135.67
2007-01-30,83252.00,2483.29,89.00,117.52
2007-01-31,83365.23,2483.35,89.00,147.39
2007-02-01,83440.95,2483.39,89.00,128.47
2007-02-02,83496.00,2483.42,89.00,118.05
2007-02-03,83496.00,2483.42,89.00,90.30
2007-02-04,83604.00,2483.48,89.00,144.75
2007-02-05,83622.00,2483.49,89.00,99.37
2007-02-06,83694.00,2483.53,92.00,129.57
2007-02-07,83784.00,2483.58,96.00,141.19
2007-02-08,83895.72,2483.64,95.00,151.18
2007-02-09,83933.81,2483.66,95.00,114.06
2007-02-10,84100.00,2483.75,95.00,178.64
2007-02-11,84190.00,2483.80,95.00,140.23
2007-02-12,84304.28,2483.86,95.00,152.47
2007-02-13,84452.00,2483.94,95.00,169.33
2007-02-14,84579.00,2484.01,95.00,158.88
2007-02-15,85680.00,2484.60,98.00,652.43
2007-02-16,87180.00,2485.40,94.00,850.45
2007-02-17,88310.00,2486.00,82.00,651.93
2007-02-18,89380.00,2486.56,81.00,620.60
2007-02-19,90391.00,2487.09,82.00,591.32
2007-02-20,91637.00,2487.73,85.00,712.88
2007-02-21,92260.00,2488.05,84.00,397.47
2007-02-22,92820.20,2488.34,83.00,365.18
2007-02-23,93254.00,2488.56,83.00,301.45
2007-02-24,93660.00,2488.77,83.00,287.44
2007-02-25,93939.00,2488.91,83.00,223.41
2007-02-26,94230.00,2489.06,83.00,229.46
2007-02-27,94469.90,2489.18,83.00,203.69
2007-02-28,94760.15,2489.33,84.00,229.08
2007-03-01,94920.00,2489.41,87.00,166.22
2007-03-02,95100.00,2489.50,88.00,177.75
2007-03-03,95300.00,2489.60,88.00,187.83
2007-03-04,95419.80,2489.66,88.00,147.40
2007-03-05,95576.00,2489.74,88.00,165.75
2007-03-06,95790.24,2489.85,88.00,195.01
2007-03-07,96050.00,2489.98,88.00,217.96
2007-03-08,96409.80,2490.16,88.00,268.40
2007-03-09,96710.05,2490.31,88.00,238.70
2007-03-10,97190.00,2490.55,89.00,330.22
2007-03-11,99080.00,2491.49,90.00,1042.49
2007-03-12,104314.00,2494.04,97.00,2734.66
2007-03-13,106697.90,2495.18,88.00,1289.10
2007-03-14,107989.00,2495.79,87.00,736.83
2007-03-15,108923.00,2496.23,87.00,556.59
2007-03-16,109626.00,2496.56,87.00,440.17
2007-03-17,110648.00,2497.04,87.00,601.39
2007-03-18,112434.38,2497.87,88.00,988.03
2007-03-19,114538.22,2498.84,90.00,1148.70
2007-03-20,115902.00,2499.46,88.00,775.03
2007-03-21,116958.00,2499.94,90.00,622.20
2007-03-22,117660.00,2500.30,90.00,445.60
2007-03-23,118709.00,2500.73,91.00,620.94
2007-03-24,123163.00,2502.71,96.00,2344.39
2007-03-25,127404.00,2504.56,98.00,2238.21
2007-03-26,129258.34,2505.36,95.00,1032.61
2007-03-27,130566.00,2505.92,95.00,756.38
2007-03-28,131412.00,2506.28,95.00,523.69
2007-03-29,132160.00,2506.60,96.00,474.31
2007-03-30,132836.94,2506.89,96.00,438.49
2007-03-31,133666.00,2507.24,96.00,515.18
2007-04-01,134328.00,2507.52,96.00,430.96
2007-04-02,135000.00,2507.80,96.00,436.00
2007-04-03,135446.00,2507.99,96.00,322.06
2007-04-04,135925.94,2508.19,96.00,339.17
2007-04-05,136262.17,2508.33,96.00,266.96
2007-04-06,136838.00,2508.57,96.00,388.07
2007-04-07,137702.00,2508.93,97.00,533.99
2007-04-08,138912.00,2509.43,97.00,708.49
2007-04-09,140604.58,2510.13,98.00,952.39
2007-04-10,141775.06,2510.61,98.00,689.71
2007-04-11,142730.00,2511.00,98.00,581.03
2007-04-12,143420.00,2511.28,98.00,447.46
2007-04-13,144135.00,2511.57,98.00,460.07
2007-04-14,144772.17,2511.83,98.00,420.83
2007-04-15,144965.00,2511.91,240.00,349.79
2007-04-16,145115.00,2511.97,349.00,422.20
2007-04-17,145090.00,2511.96,390.00,371.34
2007-04-18,145140.00,2511.98,408.00,428.70
2007-04-19,145040.00,2511.94,406.00,352.91
2007-04-20,144891.88,2511.88,403.00,328.67
2007-04-21,144724.06,2511.81,400.00,319.27
2007-04-22,144650.00,2511.78,395.00,364.84
2007-04-23,144724.06,2511.81,393.00,438.94
2007-04-24,144525.00,2511.73,472.00,385.45
2007-04-25,144425.94,2511.69,522.00,488.97
2007-04-26,144425.94,2511.69,534.00,550.29
2007-04-27,144401.88,2511.68,558.00,562.85
2007-04-28,144650.00,2511.78,594.00,734.97
2007-04-29,144940.00,2511.90,607.00,766.83
2007-04-30,145465.06,2512.11,608.00,885.70
2007-05-01,145714.00,2512.21,533.00,671.94
2007-05-02,146055.31,2512.35,457.00,638.77
2007-05-03,146580.00,2512.56,437.00,709.72
2007-05-04,146829.75,2512.66,453.00,586.87
2007-05-05,146779.64,2512.64,501.00,482.79
2007-05-06,146705.06,2512.61,515.00,485.75
2007-05-07,146954.00,2512.71,519.00,650.11
2007-05-08,147845.00,2513.07,483.00,937.13
2007-05-09,148920.00,2513.50,473.00,1019.43
2007-05-10,149795.31,2513.85,409.00,853.25
2007-05-11,150696.00,2514.21,359.00,814.49
2007-05-12,151580.00,2514.56,351.00,797.56
2007-05-13,152465.00,2514.91,352.00,798.96
2007-05-14,153069.69,2515.15,355.00,659.04
2007-05-15,153830.00,2515.45,355.00,737.50
2007-05-16,154840.31,2515.85,413.00,922.42
2007-05-17,155554.58,2516.13,554.00,918.15
2007-05-18,155955.00,2516.29,603.00,811.54
2007-05-19,156344.00,2516.44,598.00,806.15
2007-05-20,156675.00,2516.57,596.00,779.39
2007-05-21,156824.58,2516.63,609.00,703.81
2007-05-22,156775.06,2516.61,617.00,614.80
2007-05-23,156675.00,2516.57,612.00,589.29
2007-05-24,156700.00,2516.58,579.00,620.45
2007-05-25,156949.88,2516.68,532.00,688.88
2007-05-26,157286.06,2516.81,513.00,712.35
2007-05-27,157442.44,2516.87,633.00,741.09
2007-05-28,157390.31,2516.85,605.00,606.02
2007-05-29,157390.31,2516.85,552.00,582.40
2007-05-30,157442.44,2516.87,649.00,708.39
2007-05-31,157390.31,2516.85,835.00,848.96
2007-06-01,157234.00,2516.79,878.00,839.52
2007-06-02,157338.19,2516.83,773.00,863.34
2007-06-03,157545.00,2516.91,810.00,955.21
2007-06-04,157620.00,2516.94,884.00,963.09
2007-06-05,157570.00,2516.92,744.00,763.38
2007-06-06,157545.00,2516.91,615.00,633.52
2007-06-07,157390.31,2516.85,530.00,483.39
2007-06-08,157208.00,2516.78,494.00,433.78
2007-06-09,157208.00,2516.78,435.00,464.94
2007-06-10,157416.38,2516.86,415.00,548.58
2007-06-11,157545.00,2516.91,417.00,509.41
2007-06-12,157364.25,2516.84,447.00,386.37
2007-06-13,157078.00,2516.73,501.00,387.99
2007-06-14,156625.00,2516.55,551.00,356.88
2007-06-15,156187.88,2516.38,580.00,395.34
2007-06-16,155755.00,2516.21,574.00,391.29
2007-06-17,155428.00,2516.08,574.00,444.73
2007-06-18,154943.94,2515.89,591.00,383.06
2007-06-19,154460.00,2515.70,606.00,364.20
2007-06-20,153934.00,2515.49,602.00,342.20
2007-06-21,153450.00,2515.30,601.00,362.54
2007-06-22,152790.00,2515.04,633.00,307.55
2007-06-23,151879.88,2514.68,701.00,249.71
2007-06-24,150930.00,2514.30,776.00,307.85
2007-06-25,150045.00,2513.95,725.00,293.37
2007-06-26,149095.00,2513.57,692.00,223.89
2007-06-27,148119.88,2513.18,749.00,275.22
2007-06-28,146930.00,2512.70,800.00,217.22
2007-06-29,145786.00,2512.24,833.00,273.57
2007-06-30,144500.00,2511.72,875.00,247.13
2007-07-01,143123.77,2511.16,899.00,226.30
2007-07-02,141654.00,2510.56,934.00,213.70
2007-07-03,140170.00,2509.95,950.00,226.53
2007-07-04,138696.23,2509.34,990.00,272.07
2007-07-05,137101.88,2508.68,1021.00,244.09
2007-07-06,135422.00,2507.98,1034.00,215.27
2007-07-07,133690.00,2507.25,1039.00,195.92
2007-07-08,131920.00,2506.50,1045.00,184.96
2007-07-09,130119.00,2505.73,1044.00,168.47
2007-07-10,128328.00,2504.96,1035.00,167.05
2007-07-11,126477.77,2504.16,1059.00,162.50
2007-07-12,124556.11,2503.32,1096.00,136.27
2007-07-13,122592.00,2502.46,1104.00,115.18
2007-07-14,120650.00,2501.60,1096.00,118.53
2007-07-15,118686.00,2500.72,1104.00,113.95
2007-07-16,116628.00,2499.79,1111.00,73.65
2007-07-17,114625.89,2498.88,1107.00,98.26
2007-07-18,112605.00,2497.95,1114.00,95.36
2007-07-19,110539.00,2496.99,1121.00,80.55
2007-07-20,108451.00,2496.01,1114.00,63.13
2007-07-21,106446.00,2495.06,1107.00,95.37
2007-07-22,104419.00,2494.09,1107.00,85.92
2007-07-23,102370.00,2493.10,1107.00,74.92
2007-07-24,100299.00,2492.09,1107.00,62.08
2007-07-25,98230.00,2491.07,1107.00,63.87
2007-07-26,96130.00,2490.02,1107.00,49.30
2007-07-27,93860.00,2488.87,1107.00,61.15
2007-07-28,91750.00,2487.79,1111.00,49.05
2007-07-29,89610.00,2486.68,1111.00,34.03
2007-07-30,87484.00,2485.56,1107.00,36.23
2007-07-31,85380.00,2484.44,1107.00,45.95
2007-08-01,83290.00,2483.31,1107.00,53.10
2007-08-02,81190.00,2482.16,1107.00,47.79
2007-08-03,79020.00,2480.95,1104.00,10.39
2007-08-04,76880.00,2479.74,1104.00,25.30
2007-08-05,74720.00,2478.50,1104.00,14.57
2007-08-06,72600.00,2477.26,1104.00,34.18
2007-08-07,70480.00,2476.01,1104.00,33.58
2007-08-08,68360.00,2474.74,1100.00,31.03
2007-08-09,66230.00,2473.44,1100.00,24.86
2007-08-10,64120.00,2472.14,1096.00,33.80
2007-08-11,62090.00,2470.86,1100.00,75.69
2007-08-12,59960.00,2469.50,1100.00,26.12
2007-08-13,57970.00,2468.20,1146.00,110.05
2007-08-14,56120.00,2466.98,1111.00,176.47
2007-08-15,54304.00,2465.76,1085.00,167.85
2007-08-16,52345.00,2464.43,1067.00,77.98
2007-08-17,50475.79,2463.14,1044.00,103.13
2007-08-18,48669.93,2461.88,1026.00,115.76
2007-08-19,46909.83,2460.65,1005.00,117.79
2007-08-20,45238.00,2459.47,970.00,126.46
2007-08-21,43698.24,2458.37,895.00,118.63
2007-08-22,42224.04,2457.31,841.00,96.34
2007-08-23,40876.14,2456.34,776.00,97.30
2007-08-24,39655.00,2455.45,717.00,103.23
2007-08-25,38386.00,2454.52,694.00,54.46
2007-08-26,37116.00,2453.59,683.00,42.11
2007-08-27,35942.00,2452.73,669.00,78.32
2007-08-28,34937.00,2451.99,588.00,80.68
2007-08-29,34098.00,2451.37,428.00,5.01
2007-08-30,33642.00,2451.03,258.00,28.10
2007-08-31,33399.83,2450.85,131.00,8.91
2007-09-01,33304.00,2450.78,98.00,49.69
2007-09-02,33239.00,2450.73,96.00,63.23
2007-09-03,33143.86,2450.66,95.00,47.03
2007-09-04,33020.68,2450.57,94.00,31.90
2007-09-05,32917.00,2450.49,92.00,39.73
2007-09-06,32771.93,2450.38,94.00,20.86
2007-09-07,32621.00,2450.27,96.00,19.91
2007-09-08,32515.96,2450.19,96.00,43.04
2007-09-09,32390.00,2450.11,96.00,32.50
2007-09-10,32208.00,2449.96,96.00,4.24
2007-09-11,32074.21,2449.86,95.00,27.55
2007-09-12,31951.00,2449.77,95.00,32.88
2007-09-13,31873.00,2449.71,95.00,55.68
2007-09-14,31720.00,2449.60,94.00,16.86
2007-09-15,31603.00,2449.51,93.00,34.01
2007-09-16,31445.96,2449.39,93.00,13.83
2007-09-17,31320.00,2449.30,93.00,29.50
2007-09-18,31190.00,2449.20,93.00,27.46
2007-09-19,31078.07,2449.12,93.00,36.57
2007-09-20,30933.00,2449.01,93.00,19.86
2007-09-21,31024.00,2449.08,93.00,138.88
2007-09-22,30985.00,2449.05,92.00,72.34
2007-09-23,30868.00,2448.96,92.00,33.01
2007-09-24,30775.96,2448.89,92.00,45.60
2007-09-25,30692.10,2448.83,92.00,49.72
2007-09-26,30572.00,2448.74,93.00,32.45
2007-09-27,30546.00,2448.72,93.00,79.89
2007-09-28,30390.00,2448.50,93.00,14.35
2007-09-29,30218.00,2448.47,93.00,6.28
2007-09-30,30232.00,2448.48,93.00,100.06
2007-10-01,30232.00,2448.48,93.00,93.00
2007-10-02,30775.96,2448.89,94.00,368.24
2007-10-03,31376.14,2449.34,94.00,396.59
2007-10-04,31603.00,2449.51,93.00,207.37
2007-10-05,31694.00,2449.58,93.00,138.88
2007-10-06,31775.79,2449.64,93.00,134.24
2007-10-07,32169.00,2449.93,94.00,292.24
2007-10-08,32515.96,2450.19,95.00,269.92
2007-10-09,32660.00,2450.30,95.00,167.62
2007-10-10,32813.00,2450.41,95.00,172.14
2007-10-11,33034.00,2450.58,95.00,206.42
2007-10-12,33143.86,2450.66,96.00,151.39
2007-10-13,33185.96,2450.69,95.00,116.23
2007-10-14,33252.00,2450.74,95.00,128.29
2007-10-15,33239.00,2450.73,95.00,88.45
2007-10-16,33226.00,2450.72,95.00,88.45
2007-10-17,33239.00,2450.73,95.00,101.55
2007-10-18,33304.00,2450.78,95.00,127.77
2007-10-19,33712.00,2451.08,97.00,302.70
2007-10-20,34182.00,2451.43,93.00,329.95
2007-10-21,34778.24,2451.87,90.00,390.60
2007-10-22,35644.00,2452.51,89.00,525.48
2007-10-23,36408.00,2453.07,89.00,474.18
2007-10-24,37046.00,2453.54,89.00,410.65
2007-10-25,37386.00,2453.79,90.00,261.41
2007-10-26,37810.00,2454.10,92.00,305.76
2007-10-27,38052.00,2454.28,92.00,214.01
2007-10-28,38290.00,2454.45,92.00,211.99
2007-10-29,38464.00,2454.58,92.00,179.72
2007-10-30,38477.00,2454.59,93.00,99.55
2007-10-31,38601.93,2454.68,105.00,167.98
2007-11-01,38559.83,2454.65,113.00,91.77
2007-11-02,38630.00,2454.70,117.00,152.38
2007-11-03,38630.00,2454.70,120.00,120.00
2007-11-04,38601.93,2454.68,120.00,105.85
2007-11-05,38601.93,2454.68,120.00,120.00
2007-11-06,38573.86,2454.66,120.00,105.85
2007-11-07,38587.90,2454.67,120.00,127.08
2007-11-08,38545.79,2454.64,120.00,98.77
2007-11-09,38504.04,2454.61,120.00,98.95
2007-11-10,38587.90,2454.67,120.00,162.28
2007-11-11,38700.00,2454.75,120.00,176.52
2007-11-12,39124.00,2455.06,121.00,334.76
2007-11-13,39424.00,2455.28,113.00,264.25
2007-11-14,39616.00,2455.42,107.00,203.80
2007-11-15,39985.96,2455.69,103.00,289.52
2007-11-16,41226.00,2456.59,97.00,722.18
2007-11-17,42441.00,2457.47,93.00,705.55
2007-11-18,43431.93,2458.18,92.00,591.59
2007-11-19,44145.96,2458.69,92.00,451.98
2007-11-20,44594.00,2459.01,93.00,318.88
2007-11-21,44874.00,2459.21,93.00,234.16
2007-11-22,45154.00,2459.41,93.00,234.16
2007-11-23,45355.00,2459.55,93.00,194.34
2007-11-24,45570.00,2459.70,93.00,201.39
2007-11-25,45682.00,2459.78,93.00,149.47
2007-11-26,45821.93,2459.88,98.00,168.55
2007-11-27,46004.00,2460.01,100.00,191.79
2007-11-28,46088.00,2460.07,98.00,140.35
2007-11-29,46158.07,2460.12,98.00,133.33
2007-11-30,46315.00,2460.23,98.00,177.12
2007-12-01,46315.00,2460.23,98.00,98.00
2007-12-02,46672.00,2460.48,98.00,277.98
2007-12-03,48536.00,2461.79,97.00,1036.75
2007-12-04,52040.00,2464.22,88.00,1854.57
2007-12-05,53920.00,2465.50,83.00,1030.82
2007-12-06,54990.00,2466.22,80.00,619.45
2007-12-07,55715.00,2466.71,81.00,446.52
2007-12-08,56195.00,2467.03,81.00,323.00
2007-12-09,56630.07,2467.32,81.00,300.34
2007-12-10,56932.00,2467.52,82.00,234.22
2007-12-11,57194.96,2467.69,86.00,218.57
2007-12-12,57465.26,2467.87,87.00,223.27
2007-12-13,57630.00,2467.98,87.00,170.06
2007-12-14,57889.80,2468.15,87.00,217.98
2007-12-15,58120.00,2468.30,87.00,203.06
2007-12-16,58239.93,2468.38,87.00,147.46
2007-12-17,58375.00,2468.47,87.00,155.10
2007-12-18,58624.74,2468.63,93.00,218.91
2007-12-19,58820.00,2468.76,96.00,194.44
2007-12-20,58928.12,2468.83,96.00,150.51
2007-12-21,59055.00,2468.91,96.00,159.97
2007-12-22,59115.00,2468.95,96.00,126.25
2007-12-23,59356.04,2469.11,96.00,217.52
2007-12-24,59419.80,2469.15,96.00,128.15
2007-12-25,59596.00,2469.26,96.00,184.83
2007-12-26,59735.18,2469.35,94.00,164.17
2007-12-27,59794.96,2469.39,92.00,122.14
2007-12-28,59976.00,2469.51,92.00,183.27
2007-12-29,60056.00,2469.56,92.00,132.33
2007-12-30,60215.84,2469.66,92.00,172.58
2007-12-31,60199.80,2469.65,92.00,83.91
2008-01-01,60231.00,2469.67,92.00,107.73
2008-01-02,60263.96,2469.69,92.00,108.62
2008-01-03,60263.96,2469.69,92.00,92.00
2008-01-04,60340.00,2469.74,92.00,130.34
2008-01-05,60340.00,2469.74,92.00,92.00
2008-01-06,60355.00,2469.75,92.00,99.56
2008-01-07,60325.00,2469.73,92.00,76.88
2008-01-08,60520.22,2469.86,92.00,190.42
2008-01-09,60490.15,2469.84,92.00,76.84
2008-01-10,60772.00,2470.02,92.00,234.10
2008-01-11,60944.74,2470.13,92.00,179.09
2008-01-12,61082.00,2470.22,92.00,161.20
2008-01-13,61162.00,2470.27,92.00,132.33
2008-01-14,61385.00,2470.41,92.00,204.43
2008-01-15,61415.00,2470.43,92.00,107.12
2008-01-16,61445.00,2470.45,92.00,107.12
2008-01-17,61430.00,2470.44,92.00,84.44
2008-01-18,61460.00,2470.46,92.00,107.12
2008-01-19,61536.00,2470.51,92.00,130.32
2008-01-20,61520.00,2470.50,92.00,83.93
2008-01-21,61520.00,2470.50,92.00,92.00
2008-01-22,61415.00,2470.43,122.00,69.06
2008-01-23,61322.27,2470.37,149.00,102.25
2008-01-24,61226.04,2470.31,141.00,92.48
2008-01-25,61098.00,2470.23,133.00,68.45
2008-01-26,61114.00,2470.24,132.00,140.07
2008-01-27,60989.85,2470.16,131.00,68.41
2008-01-28,60989.85,2470.16,119.00,119.00
2008-01-29,61130.00,2470.25,109.00,179.66
2008-01-30,61194.00,2470.29,105.00,137.27
2008-01-31,61337.92,2470.38,105.00,177.56
2008-02-01,61430.00,2470.44,105.00,151.42
2008-02-02,61337.92,2470.38,105.00,58.58
2008-02-03,61306.23,2470.36,105.00,89.02
2008-02-04,61274.16,2470.34,105.00,88.83
2008-02-05,61400.00,2470.42,105.00,168.44
2008-02-06,61445.00,2470.45,105.00,127.69
2008-02-07,61568.00,2470.53,105.00,167.01
2008-02-08,61920.00,2470.75,105.00,282.46
2008-02-09,61968.00,2470.78,107.00,131.20
2008-02-10,62214.00,2470.94,107.00,231.02
2008-02-11,62374.00,2471.04,98.00,178.67
2008-02-12,62694.00,2471.24,89.00,250.33
2008-02-13,62838.12,2471.33,89.00,161.66
2008-02-14,62965.00,2471.41,89.00,152.97
2008-02-15,63164.00,2471.54,89.00,189.33
2008-02-16,63228.00,2471.58,94.00,126.27
2008-02-17,63292.08,2471.62,95.00,127.31
2008-02-18,63403.96,2471.69,95.00,151.41
2008-02-19,63452.00,2471.72,95.00,119.22
2008-02-20,63548.00,2471.78,95.00,143.40
2008-02-21,63564.00,2471.79,95.00,103.07
2008-02-22,63676.23,2471.86,95.00,151.58
2008-02-23,63676.23,2471.86,95.00,95.00
2008-02-24,63788.00,2471.93,95.00,151.35
2008-02-25,63804.00,2471.94,96.00,104.07
2008-02-26,63820.00,2471.95,96.00,104.07
2008-02-27,63916.00,2472.01,96.00,144.40
2008-02-28,64028.00,2472.08,97.00,153.47
2008-02-29,64236.00,2472.21,97.00,201.87
2008-03-01,64507.92,2472.38,92.00,229.09
2008-03-02,64734.00,2472.52,89.00,202.98
2008-03-03,65030.00,2472.70,89.00,238.23
2008-03-04,65142.00,2472.77,89.00,145.47
2008-03-05,65350.00,2472.90,89.00,193.87
2008-03-06,65478.00,2472.98,89.00,153.53
2008-03-07,65638.00,2473.08,89.00,169.67
2008-03-08,65737.75,2473.14,89.00,139.29
2008-03-09,65968.00,2473.28,90.00,206.08
2008-03-10,66176.00,2473.41,90.00,194.87
2008-03-11,66422.00,2473.56,90.00,214.02
2008-03-12,66650.00,2473.70,90.00,204.95
2008-03-13,66895.21,2473.85,92.00,215.62
2008-03-14,67156.00,2474.01,92.00,223.48
2008-03-15,67317.04,2474.11,92.00,173.19
2008-03-16,67504.00,2474.22,92.00,186.26
2008-03-17,67720.20,2474.35,92.00,201.00
2008-03-18,67944.00,2474.49,92.00,204.83
2008-03-19,68130.00,2474.60,92.00,185.77
2008-03-20,68300.00,2474.70,92.00,177.71
2008-03-21,68428.00,2474.78,92.00,156.53
2008-03-22,68540.20,2474.85,92.00,148.57
2008-03-23,68790.00,2475.00,92.00,217.94
2008-03-24,68824.00,2475.02,92.00,109.14
2008-03-25,68960.00,2475.10,92.00,160.57
2008-03-26,69071.88,2475.17,92.00,148.41
2008-03-27,69087.92,2475.18,92.00,100.09
2008-03-28,69256.00,2475.28,92.00,176.74
2008-03-29,69341.13,2475.33,92.00,134.92
2008-03-30,69409.29,2475.37,92.00,126.36
2008-03-31,69442.96,2475.39,92.00,108.98
2008-04-01,69588.00,2475.48,92.00,165.12
2008-04-02,69588.00,2475.48,92.00,92.00
2008-04-03,69637.00,2475.51,92.00,116.70
2008-04-04,69654.00,2475.52,92.00,100.57
2008-04-05,69671.00,2475.53,92.00,100.57
2008-04-06,69773.00,2475.59,93.00,144.42
2008-04-07,69908.88,2475.67,93.00,161.51
2008-04-08,69508.00,2475.43,242.00,39.89
2008-04-09,68807.00,2475.01,490.00,136.58
2008-04-10,68113.00,2474.59,487.00,137.11
2008-04-11,67418.88,2474.17,484.00,134.05
2008-04-12,66861.13,2473.83,482.00,200.81
2008-04-13,66506.04,2473.61,482.00,302.98
2008-04-14,66569.80,2473.65,273.00,305.15
2008-04-15,66980.00,2473.90,133.00,339.81
2008-04-16,67401.84,2474.16,101.00,313.67
2008-04-17,67767.92,2474.38,96.00,280.56
2008-04-18,67928.00,2474.48,175.00,255.71
2008-04-19,67912.00,2474.47,258.00,249.93
2008-04-20,67783.96,2474.39,279.00,214.45
2008-04-21,67555.00,2474.25,312.00,196.57
2008-04-22,67284.00,2474.09,334.00,197.37
2008-04-23,67108.00,2473.98,334.00,245.27
2008-04-24,66778.00,2473.78,332.00,165.63
2008-04-25,66439.00,2473.57,332.00,161.09
2008-04-26,66256.00,2473.46,332.00,239.74
2008-04-27,66064.16,2473.34,332.00,235.28
2008-04-28,66000.00,2473.30,332.00,299.65
2008-04-29,66208.00,2473.43,332.00,436.87
2008-04-30,66354.00,2473.52,332.00,405.61
2008-05-01,66388.00,2473.54,358.00,375.14
2008-05-02,66272.00,2473.47,372.00,313.52
2008-05-03,66192.00,2473.42,372.00,331.67
2008-05-04,66304.00,2473.49,372.00,428.47
2008-05-05,66762.00,2473.77,374.00,604.90
2008-05-06,67720.20,2474.35,300.00,783.09
2008-05-07,68824.00,2475.02,217.00,773.49
2008-05-08,69807.04,2475.61,178.00,673.61
2008-05-09,70630.00,2476.10,169.00,583.90
2008-05-10,71504.09,2476.62,170.00,610.68
2008-05-11,72472.96,2477.19,170.00,658.46
2008-05-12,73315.91,2477.68,172.00,596.98
2008-05-13,74173.91,2478.18,185.00,617.57
2008-05-14,76154.09,2479.32,178.00,1176.33
2008-05-15,79254.00,2481.08,122.00,1684.85
2008-05-16,83162.00,2483.24,107.12,2075.25
2008-05-17,87949.05,2485.81,105.00,2518.44
2008-05-18,92760.05,2488.31,108.00,2533.51
2008-05-19,96730.10,2490.32,109.00,2110.54
2008-05-20,100459.85,2492.17,102.00,1982.39
2008-05-21,103462.64,2493.63,100.00,1613.88
2008-05-22,105711.00,2494.71,100.00,1233.53
2008-05-23,107380.00,2495.50,101.00,942.44
2008-05-24,108986.00,2496.26,101.00,910.68
2008-05-25,111508.00,2497.44,101.00,1372.49
2008-05-26,114450.00,2498.80,102.00,1585.24
2008-05-27,117288.00,2500.09,103.00,1533.80
2008-05-28,120364.00,2501.47,103.00,1653.79
2008-05-29,123140.00,2502.70,101.00,1500.55
2008-05-30,125489.00,2503.73,98.00,1282.27
2008-05-31,127500.00,2504.60,98.00,1111.86
2008-06-01,129396.00,2505.42,98.00,1053.89
2008-06-02,131100.00,2506.15,100.00,959.09
2008-06-03,132607.00,2506.79,263.00,1022.77
2008-06-04,134234.00,2507.48,308.00,1128.27
2008-06-05,135854.00,2508.16,160.00,976.74
2008-06-06,137750.00,2508.95,102.00,1057.89
2008-06-07,139785.00,2509.79,102.00,1127.96
2008-06-08,141342.00,2510.43,103.00,887.98
2008-06-09,143075.64,2511.14,103.00,977.03
2008-06-10,144844.36,2511.86,104.00,995.72
2008-06-11,146405.00,2512.49,104.00,890.81
2008-06-12,147770.00,2513.04,105.00,793.18
2008-06-13,149319.75,2513.66,105.00,886.32
2008-06-14,150852.00,2514.27,105.00,877.50
2008-06-15,152640.00,2514.98,107.00,1008.44
2008-06-16,154384.81,2515.67,107.00,986.66
2008-06-17,155980.00,2516.30,115.00,919.23
2008-06-18,157312.13,2516.82,125.00,796.61
2008-06-19,157620.00,2516.94,473.00,628.22
2008-06-20,157416.38,2516.86,917.00,814.34
2008-06-21,157520.00,2516.90,916.00,968.24
2008-06-22,157595.00,2516.93,892.00,929.81
2008-06-23,158004.00,2517.09,582.00,788.20
2008-06-24,158306.00,2517.21,534.00,686.26
2008-06-25,158514.00,2517.29,565.00,669.87
2008-06-26,158154.69,2517.15,768.00,586.85
2008-06-27,157745.00,2516.99,922.00,715.45
2008-06-28,157796.00,2517.01,965.00,990.71
2008-06-29,157595.00,2516.93,1176.00,1074.66
2008-06-30,157645.00,2516.95,1150.00,1175.21
2008-07-01,157467.88,2516.88,1118.00,1028.70
2008-07-02,157595.00,2516.93,873.00,937.09
2008-07-03,157900.00,2517.05,776.00,929.77
2008-07-04,157695.00,2516.97,776.00,672.65
2008-07-05,157364.25,2516.84,750.00,583.25
2008-07-06,157000.00,2516.70,738.00,554.36
2008-07-07,156370.00,2516.45,738.00,420.38
2008-07-08,155679.88,2516.18,776.00,428.07
2008-07-09,154814.25,2515.84,865.00,428.58
2008-07-10,153649.88,2515.38,956.00,368.97
2008-07-11,152240.13,2514.82,1015.00,304.26
2008-07-12,150670.00,2514.20,1059.00,267.40
2008-07-13,149120.00,2513.58,1070.00,288.55
2008-07-14,147470.00,2512.92,1107.00,275.14
2008-07-15,145690.00,2512.20,1139.00,241.60
2008-07-16,143835.00,2511.45,1157.00,221.78
2008-07-17,142000.00,2510.70,1180.00,254.87
2008-07-18,140025.94,2509.89,1188.00,192.76
2008-07-19,138110.00,2509.10,1184.00,218.06
2008-07-20,136142.00,2508.28,1181.00,188.81
2008-07-21,134211.00,2507.47,1186.00,212.47
2008-07-22,132208.13,2506.62,1201.00,191.23
2008-07-23,130142.00,2505.74,1210.00,168.34
2008-07-24,128075.28,2504.85,1222.00,180.04
2008-07-25,125949.00,2503.93,1226.00,154.02
2008-07-26,123889.00,2503.03,1220.00,181.43
2008-07-27,121780.00,2502.10,1232.00,168.73
2008-07-28,119621.66,2501.14,1233.00,144.85
2008-07-29,117530.00,2500.20,1233.00,178.47
2008-07-30,115462.00,2499.26,1231.00,188.40
2008-07-31,113150.00,2498.20,1232.00,66.38
2008-08-01,111244.11,2497.32,1236.00,275.13
2008-08-02,109112.10,2496.32,1237.00,162.13
2008-08-03,106950.00,2495.30,1234.00,143.96
2008-08-04,104776.00,2494.26,1231.00,134.96
2008-08-05,102654.00,2493.24,1232.00,162.17
2008-08-06,100499.95,2492.19,1237.00,151.02
2008-08-07,98070.00,2490.99,1234.00,8.92
2008-08-08,95930.00,2489.92,1224.00,145.10
2008-08-09,93760.10,2488.82,1236.00,142.02
2008-08-10,91580.00,2487.70,1237.00,137.88
2008-08-11,89380.00,2486.56,1234.00,124.85
2008-08-12,87047.00,2485.33,1234.00,57.80
2008-08-13,84750.00,2484.10,1231.00,72.95
2008-08-14,82576.00,2482.92,1232.00,135.96
2008-08-15,80360.00,2481.70,1240.00,122.78
2008-08-16,78238.00,2480.51,1233.00,163.17
2008-08-17,76120.00,2479.30,1218.00,150.19
2008-08-18,73962.00,2478.06,1204.00,116.02
2008-08-19,71878.16,2476.84,1183.00,132.41
2008-08-20,70062.00,2475.76,1151.00,235.37
2008-08-21,68348.00,2474.73,1098.00,233.87
2008-08-22,66650.00,2473.70,1032.00,175.94
2008-08-23,65078.00,2472.73,972.00,179.46
2008-08-24,63500.00,2471.75,945.00,149.44
2008-08-25,61984.00,2470.79,869.00,104.69
2008-08-26,60724.00,2469.99,753.00,117.76
2008-08-27,59840.00,2469.42,650.00,204.32
2008-08-28,59085.00,2468.93,542.00,161.36
2008-08-29,58548.00,2468.58,430.00,159.27
2008-08-30,58045.00,2468.25,341.00,87.41
2008-08-31,57675.00,2468.01,263.00,76.46
2008-09-01,57494.96,2467.89,189.00,98.23
2008-09-02,57465.26,2467.87,137.00,122.03
2008-09-03,57494.96,2467.89,100.00,114.97
2008-09-04,57465.26,2467.87,87.00,72.03
2008-09-05,57435.18,2467.85,85.00,69.83
2008-09-06,57405.11,2467.83,85.00,69.84
2008-09-07,57435.18,2467.85,85.00,100.16
2008-09-08,57435.18,2467.85,85.00,85.00
2008-09-09,57375.04,2467.81,85.00,54.68
2008-09-10,57390.07,2467.82,87.00,94.58
2008-09-11,57375.04,2467.81,88.00,80.42
2008-09-12,57315.00,2467.77,88.00,57.73
2008-09-13,57270.00,2467.74,88.00,65.31
2008-09-14,57194.96,2467.69,88.00,50.17
2008-09-15,57179.93,2467.68,87.00,79.42
2008-09-16,57134.82,2467.65,87.00,64.26
2008-09-17,57134.82,2467.65,87.00,87.00
2008-09-18,56996.00,2467.56,87.00,17.01
2008-09-19,56900.00,2467.50,87.00,38.60
2008-09-20,56870.00,2467.48,87.00,71.88
2008-09-21,56825.00,2467.45,87.00,64.31
2008-09-22,56765.00,2467.41,87.00,56.75
2008-09-23,56630.07,2467.32,94.00,25.97
2008-09-24,56600.00,2467.30,101.00,85.84
2008-09-25,56570.00,2467.28,98.00,82.88
2008-09-26,56495.00,2467.23,98.00,60.19
2008-09-27,56465.00,2467.21,98.00,82.88
2008-09-28,56359.78,2467.14,98.00,44.95
2008-09-29,56300.00,2467.10,98.00,67.86
2008-09-30,56285.00,2467.09,98.00,90.44
2008-10-01,56195.00,2467.03,97.00,51.63
2008-10-02,56090.00,2466.96,97.00,44.06
2008-10-03,56075.00,2466.95,97.00,89.44
2008-10-04,56030.00,2466.92,98.00,75.31
2008-10-05,55940.22,2466.86,96.00,50.74
2008-10-06,55925.18,2466.85,98.00,90.42
2008-10-07,55984.96,2466.89,97.00,127.14
2008-10-08,55940.22,2466.86,98.00,75.44
2008-10-09,55865.04,2466.81,98.00,60.10
2008-10-10,55820.00,2466.78,98.00,75.29
2008-10-11,55760.00,2466.74,98.00,67.75
2008-10-12,55715.00,2466.71,97.00,74.31
2008-10-13,55745.00,2466.73,97.00,112.12
2008-10-14,55730.00,2466.72,97.00,89.44
2008-10-15,55715.00,2466.71,99.00,91.44
2008-10-16,55805.00,2466.77,99.00,144.37
2008-10-17,55880.07,2466.82,99.00,136.85
2008-10-18,55865.04,2466.81,98.00,90.42
2008-10-19,55820.00,2466.78,99.00,76.29
2008-10-20,55969.93,2466.88,99.00,174.59
2008-10-21,55984.96,2466.89,99.00,106.58
2008-10-22,56000.00,2466.90,95.00,102.58
2008-10-23,55984.96,2466.89,90.00,82.42
2008-10-24,56030.00,2466.92,87.00,109.71
2008-10-25,56045.00,2466.93,86.00,93.56
2008-10-26,56045.00,2466.93,87.00,87.00
2008-10-27,56000.00,2466.90,100.00,77.31
2008-10-28,55805.00,2466.77,165.00,66.69
2008-10-29,55639.85,2466.66,174.00,90.74
2008-10-30,55520.00,2466.58,135.00,74.58
2008-10-31,55430.00,2466.52,128.00,82.63
2008-11-01,55330.00,2466.45,128.00,77.58
2008-11-02,55344.00,2466.46,128.00,135.06
2008-11-03,55330.00,2466.45,128.00,120.94
2008-11-04,55430.00,2466.52,128.00,178.42
2008-11-05,55400.00,2466.50,128.00,112.88
2008-11-06,56060.00,2466.94,130.00,462.75
2008-11-07,59500.00,2469.20,104.00,1838.31
2008-11-08,61226.04,2470.31,92.00,962.20
2008-11-09,62246.00,2470.96,101.00,615.22
2008-11-10,63040.00,2471.46,94.00,494.30
2008-11-11,63996.00,2472.06,93.00,574.98
2008-11-12,74550.00,2478.40,108.00,5428.90
2008-11-13,79020.00,2480.95,90.00,2343.59
2008-11-14,80720.00,2481.90,89.00,946.07
2008-11-15,81828.00,2482.51,89.00,647.61
2008-11-16,82558.00,2482.91,88.00,456.04
2008-11-17,83070.95,2483.19,88.00,346.61
2008-11-18,83496.00,2483.42,88.00,302.29
2008-11-19,83748.00,2483.56,88.00,215.05
2008-11-20,84190.00,2483.80,88.00,310.84
2008-11-21,84470.00,2483.95,88.00,229.16
2008-11-22,84768.05,2484.11,87.00,237.26
2008-11-23,84911.95,2484.19,87.00,159.55
2008-11-24,85120.00,2484.30,87.00,191.89
2008-11-25,85348.00,2484.42,88.00,202.95
2008-11-26,85386.00,2484.44,88.00,107.16
2008-11-27,85554.00,2484.53,88.00,172.70
2008-11-28,85812.86,2484.67,88.00,218.51
2008-11-29,86335.00,2484.95,88.00,351.24
2008-11-30,86918.00,2485.26,88.00,381.92
2008-12-01,87389.00,2485.51,88.00,325.46
2008-12-02,87968.09,2485.82,88.00,379.95
2008-12-03,88386.00,2486.04,89.00,299.69
2008-12-04,88690.00,2486.20,89.00,242.26
2008-12-05,88956.19,2486.34,89.00,223.20
2008-12-06,89241.00,2486.49,89.00,232.59
2008-12-07,89745.00,2486.75,89.00,343.10
2008-12-08,90163.00,2486.97,89.00,299.74
2008-12-09,90334.00,2487.06,89.00,175.21
2008-12-10,90781.00,2487.29,89.00,314.36
2008-12-11,91114.00,2487.46,89.00,256.89
2008-12-12,91580.00,2487.70,90.00,324.94
2008-12-13,91830.15,2487.83,90.00,216.12
2008-12-14,91989.00,2487.91,90.00,170.09
2008-12-15,92122.00,2487.98,90.00,157.05
2008-12-16,92260.00,2488.05,90.00,159.57
2008-12-17,92607.00,2488.23,90.00,264.94
2008-12-18,92820.20,2488.34,90.00,197.49
2008-12-19,92960.00,2488.41,90.00,160.48
2008-12-20,93100.00,2488.48,90.00,160.58
2008-12-21,93216.00,2488.54,90.00,148.48
2008-12-22,93273.00,2488.57,90.00,118.74
2008-12-23,93386.67,2488.63,90.00,147.31
2008-12-24,93580.00,2488.73,90.00,187.47
2008-12-25,93660.00,2488.77,90.00,130.33
2008-12-26,93760.10,2488.82,90.00,140.47
2008-12-27,94170.00,2489.03,90.00,296.65
2008-12-28,94409.76,2489.15,90.00,210.88
2008-12-29,94624.00,2489.26,90.00,198.01
2008-12-30,94681.00,2489.29,90.00,118.74
2008-12-31,95000.00,2489.45,90.00,250.83
2009-01-01,95280.00,2489.59,99.00,240.16
2009-01-02,95300.00,2489.60,104.00,114.08
2009-01-03,95379.70,2489.64,105.00,145.18
2009-01-04,95538.00,2489.72,105.00,184.81
2009-01-05,95970.00,2489.94,105.00,322.80
2009-01-06,97360.00,2490.64,106.00,806.78
2009-01-07,108304.00,2495.94,128.00,5645.52
2009-01-08,116144.00,2499.57,126.00,4078.61
2009-01-09,118573.84,2500.67,119.00,1344.03
2009-01-10,120026.11,2501.32,117.00,849.18
2009-01-11,121146.11,2501.82,117.00,681.66
2009-01-12,122207.00,2502.29,117.00,651.86
2009-01-13,123070.83,2502.67,123.00,558.51
2009-01-14,123774.00,2502.98,129.00,483.51
2009-01-15,124280.00,2503.20,129.00,384.10
2009-01-16,124762.00,2503.41,129.00,372.00
2009-01-17,125098.00,2503.56,129.00,298.40
2009-01-18,125373.89,2503.68,129.00,268.09
2009-01-19,125581.00,2503.77,129.00,233.42
2009-01-20,125719.17,2503.83,129.00,198.66
2009-01-21,125903.00,2503.91,129.00,221.68
2009-01-22,126041.00,2503.97,128.00,197.57
2009-01-23,126087.00,2503.99,128.00,151.19
2009-01-24,126271.00,2504.07,128.00,220.77
2009-01-25,126317.00,2504.09,128.00,151.19
2009-01-26,126340.00,2504.10,128.00,139.60
2009-01-27,126593.00,2504.21,128.00,255.55
2009-01-28,126616.00,2504.22,128.00,139.60
2009-01-29,126685.00,2504.25,128.00,162.79
2009-01-30,126777.00,2504.29,128.00,174.38
2009-01-31,126708.00,2504.26,128.00,93.21
2009-02-01,126777.00,2504.29,128.00,162.79
2009-02-02,126708.00,2504.26,128.00,93.21
2009-02-03,126685.00,2504.25,128.00,116.40
2009-02-04,126731.00,2504.27,128.00,151.19
2009-02-05,126685.00,2504.25,121.00,97.81
2009-02-06,126708.00,2504.26,108.00,119.60
2009-02-07,126662.00,2504.24,102.00,78.81
2009-02-08,126708.00,2504.26,97.00,120.19
2009-02-09,126800.00,2504.30,97.00,143.38
2009-02-10,126823.05,2504.31,97.00,108.62
2009-02-11,126800.00,2504.30,97.00,85.38
2009-02-12,126800.00,2504.30,97.00,97.00
2009-02-13,126823.05,2504.31,97.00,108.62
2009-02-14,126777.00,2504.29,97.00,73.78
2009-02-15,126823.05,2504.31,97.00,120.22
2009-02-16,126754.00,2504.28,97.00,62.19
2009-02-17,126731.00,2504.27,97.00,85.40
2009-02-18,126731.00,2504.27,97.00,97.00
2009-02-19,126662.00,2504.24,96.00,61.21
2009-02-20,126616.00,2504.22,96.00,72.81
2009-02-21,126570.00,2504.20,96.00,72.81
2009-02-22,126593.00,2504.21,96.00,107.60
2009-02-23,126570.00,2504.20,96.00,84.40
2009-02-24,126846.11,2504.32,96.00,235.20
2009-02-25,126915.28,2504.35,97.00,131.87
2009-02-26,126961.39,2504.37,94.00,117.25
2009-02-27,126938.34,2504.36,93.00,81.38
2009-02-28,126938.34,2504.36,93.00,93.00
2009-03-01,126938.34,2504.36,93.00,93.00
2009-03-02,126983.89,2504.38,93.00,115.96
2009-03-03,127214.00,2504.48,93.00,209.01
2009-03-04,127730.00,2504.70,93.00,353.15
2009-03-05,127983.05,2504.81,93.00,220.58
2009-03-06,128029.17,2504.83,93.00,116.25
2009-03-07,128143.89,2504.88,93.00,150.84
2009-03-08,128190.00,2504.90,93.00,116.25
2009-03-09,128351.00,2504.97,93.00,174.17
2009-03-10,128328.00,2504.96,93.00,81.40
2009-03-11,128282.00,2504.94,92.00,68.81
2009-03-12,128305.00,2504.95,92.00,103.60
2009-03-13,128213.00,2504.91,92.00,45.62
2009-03-14,128558.00,2505.06,92.00,265.93
2009-03-15,128698.12,2505.12,91.00,161.64
2009-03-16,128817.82,2505.17,91.00,151.35
2009-03-17,128841.88,2505.18,91.00,103.13
2009-03-18,128913.00,2505.21,91.00,126.86
2009-03-19,128793.77,2505.16,91.00,30.89
2009-03-20,128913.00,2505.21,90.00,150.11
2009-03-21,128865.94,2505.19,91.00,67.27
2009-03-22,128982.00,2505.24,91.00,149.51
2009-03-23,128890.00,2505.20,91.00,44.62
2009-03-24,129097.00,2505.29,90.00,194.36
2009-03-25,129258.34,2505.36,91.00,172.34
2009-03-26,129396.00,2505.42,91.00,160.40
2009-03-27,129442.00,2505.44,91.00,114.19
2009-03-28,129465.00,2505.45,91.00,102.60
2009-03-29,129511.00,2505.47,91.00,114.19
2009-03-30,129580.00,2505.50,91.00,125.79
2009-03-31,129866.11,2505.62,92.00,236.25
2009-04-01,130050.00,2505.70,92.00,184.71
2009-04-02,130352.18,2505.83,92.00,244.35
2009-04-03,130376.23,2505.84,92.00,104.13
2009-04-04,130448.41,2505.87,93.00,129.39
2009-04-05,130520.00,2505.90,94.00,130.09
2009-04-06,130543.00,2505.91,94.00,105.60
2009-04-07,130727.00,2505.99,95.00,187.77
2009-04-08,130934.00,2506.08,95.00,199.36
2009-04-09,131195.94,2506.19,95.00,227.06
2009-04-10,131388.00,2506.27,122.00,218.83
2009-04-11,131552.22,2506.34,157.00,239.79
2009-04-12,132208.13,2506.62,157.00,487.68
2009-04-13,132699.17,2506.83,159.00,406.56
2009-04-14,133196.00,2507.04,159.00,409.48
2009-04-15,133500.83,2507.17,159.00,312.68
2009-04-16,133642.00,2507.23,159.00,230.17
2009-04-17,134073.00,2507.41,160.00,377.29
2009-04-18,134448.00,2507.57,160.00,349.06
2009-04-19,134832.00,2507.73,160.00,353.60
2009-04-20,135686.00,2508.09,162.00,592.55
2009-04-21,136981.59,2508.63,164.00,817.18
2009-04-22,138450.00,2509.24,164.00,904.31
2009-04-23,139511.88,2509.68,164.00,699.36
2009-04-24,140242.00,2509.98,164.00,532.10
2009-04-25,140804.00,2510.21,164.00,447.34
2009-04-26,141170.36,2510.36,180.00,364.70
2009-04-27,141510.00,2510.50,233.00,404.23
2009-04-28,141678.00,2510.57,260.00,344.70
2009-04-29,141678.00,2510.57,315.00,315.00
2009-04-30,141775.06,2510.61,336.00,384.93
2009-05-01,141849.64,2510.64,336.00,373.60
2009-05-02,142072.00,2510.73,337.00,449.10
2009-05-03,142538.00,2510.92,337.00,571.94
2009-05-04,143051.59,2511.13,337.00,595.93
2009-05-05,144010.00,2511.52,340.00,823.19
2009-05-06,145215.00,2512.01,342.00,949.51
2009-05-07,146555.00,2512.55,399.00,1074.57
2009-05-08,147074.00,2512.76,474.00,735.66
2009-05-09,147445.00,2512.91,504.00,691.04
2009-05-10,147720.00,2513.02,502.00,640.64
2009-05-11,148720.00,2513.42,500.00,1004.16
2009-05-12,149520.00,2513.74,599.00,1002.33
2009-05-13,149745.19,2513.83,717.00,830.53
2009-05-14,150120.00,2513.98,780.00,968.96
2009-05-15,150095.00,2513.97,864.00,851.40
2009-05-16,149920.00,2513.90,914.00,825.77
2009-05-17,150345.00,2514.07,908.00,1122.27
2009-05-18,151505.00,2514.53,906.00,1490.82
2009-05-19,152690.00,2515.00,907.00,1504.43
2009-05-20,153069.69,2515.15,905.00,1096.42
2009-05-21,152992.13,2515.12,869.00,829.90
2009-05-22,152790.00,2515.04,843.00,741.09
2009-05-23,153147.88,2515.18,846.00,1026.43
2009-05-24,153500.13,2515.32,914.00,1091.59
2009-05-25,153830.00,2515.45,952.00,1118.31
2009-05-26,153726.00,2515.41,1077.00,1024.57
2009-05-27,153600.36,2515.36,1074.00,1010.66
2009-05-28,153625.42,2515.37,1013.00,1025.63
2009-05-29,154135.00,2515.57,1015.00,1271.91
2009-05-30,154788.19,2515.83,1055.00,1384.31
2009-05-31,155120.00,2515.96,1123.00,1290.29
2009-06-01,155272.00,2516.02,1090.00,1166.63
2009-06-02,155579.64,2516.14,1030.00,1185.10
2009-06-03,155679.88,2516.18,990.00,1040.54
2009-06-04,155905.00,2516.27,926.00,1039.50
2009-06-05,156318.00,2516.43,877.00,1085.22
2009-06-06,156500.00,2516.50,844.00,935.76
2009-06-07,156448.00,2516.48,772.00,745.78
2009-06-08,156700.00,2516.58,537.00,664.05
2009-06-09,157104.00,2516.74,441.00,644.68
2009-06-10,157620.00,2516.94,411.00,671.15
2009-06-11,158055.06,2517.11,415.00,634.34
2009-06-12,157926.00,2517.06,624.00,558.93
2009-06-13,157770.00,2517.00,702.00,623.35
2009-06-14,157570.00,2516.92,673.00,572.17
2009-06-15,157467.88,2516.88,562.00,510.52
2009-06-16,157364.25,2516.84,513.00,460.75
2009-06-17,157208.00,2516.78,512.00,433.23
2009-06-18,156899.75,2516.66,553.00,397.59
2009-06-19,156550.00,2516.52,614.00,437.67
2009-06-20,156136.38,2516.36,632.00,423.47
2009-06-21,155376.00,2516.06,669.00,285.65
2009-06-22,154788.19,2515.83,673.00,376.65
2009-06-23,154035.00,2515.53,661.00,281.27
2009-06-24,153275.00,2515.23,658.00,274.84
2009-06-25,152565.00,2514.95,676.00,318.05
2009-06-26,151754.58,2514.63,691.00,282.42
2009-06-27,150852.00,2514.27,700.00,244.96
2009-06-28,149869.88,2513.88,709.00,213.86
2009-06-29,148770.00,2513.44,753.00,198.49
2009-06-30,147595.00,2512.97,803.00,210.61
2009-07-01,146330.00,2512.46,858.00,220.24
2009-07-02,144796.23,2511.84,946.00,172.74
2009-07-03,143320.00,2511.24,966.00,221.74
2009-07-04,141750.00,2510.60,973.00,181.47
2009-07-05,140122.00,2509.93,1005.00,184.23
2009-07-06,138450.00,2509.24,1015.00,172.05
2009-07-07,136646.00,2508.49,1041.00,131.50
2009-07-08,134832.00,2507.73,1056.00,141.46
2009-07-09,133028.00,2506.97,1078.00,168.50
2009-07-10,131171.88,2506.18,1090.00,154.22
2009-07-11,129419.00,2505.36,1093.00,209.27
2009-07-12,127428.00,2504.57,1109.00,105.22
2009-07-13,125443.00,2503.71,1109.00,108.24
2009-07-14,123524.00,2502.87,1102.00,134.52
2009-07-15,121506.00,2501.98,1106.00,88.61
2009-07-16,119508.00,2501.09,1117.00,109.69
2009-07-17,117442.00,2500.16,1120.00,78.41
2009-07-18,115484.00,2499.27,1121.00,133.86
2009-07-19,113470.00,2498.35,1121.00,105.62
2009-07-20,111398.00,2497.39,1121.00,76.38
2009-07-21,109412.00,2496.46,1121.00,119.74
2009-07-22,107401.00,2495.51,1115.00,101.14
2009-07-23,105360.00,2494.54,1122.00,93.01
2009-07-24,103320.00,2493.56,1129.00,100.51
2009-07-25,101300.00,2492.58,1130.00,111.60
2009-07-26,99300.00,2491.60,1123.00,114.68
2009-07-27,97310.00,2490.61,1113.00,109.72
2009-07-28,95359.00,2489.63,1106.00,122.39
2009-07-29,93443.00,2488.66,1095.00,129.03
2009-07-30,91519.00,2487.67,1092.00,122.00
2009-07-31,89516.00,2486.63,1096.00,86.17
2009-08-01,87560.00,2485.60,1093.00,106.86
2009-08-02,85590.00,2484.55,1082.00,88.81
2009-08-03,83640.00,2483.50,1071.00,87.89
2009-08-04,81702.00,2482.44,1060.00,82.94
2009-08-05,79812.00,2481.39,1046.00,93.14
2009-08-06,77852.00,2480.29,1037.00,48.85
2009-08-07,75922.00,2479.19,1028.00,54.97
2009-08-08,73996.00,2478.08,1018.00,46.99
2009-08-09,72184.00,2477.02,1004.00,90.46
2009-08-10,70341.00,2475.93,994.00,64.83
2009-08-11,68587.00,2474.88,980.00,95.70
2009-08-12,66878.00,2473.84,970.00,108.39
2009-08-13,65046.00,2472.71,961.00,37.38
2009-08-14,63355.00,2471.66,952.00,99.47
2009-08-15,61680.00,2470.60,939.00,94.53
2009-08-16,60072.00,2469.57,926.00,115.31
2009-08-17,58564.00,2468.59,912.00,151.73
2009-08-18,56916.00,2467.51,901.00,70.15
2009-08-19,55460.00,2466.54,888.00,153.94
2009-08-20,53920.00,2465.50,874.00,97.59
2009-08-21,52286.00,2464.39,878.00,54.20
2009-08-22,50715.00,2463.31,876.00,83.97
2009-08-23,49084.00,2462.17,862.00,39.72
2009-08-24,47669.00,2461.18,848.00,134.61
2009-08-25,46158.00,2460.12,835.00,73.22
2009-08-26,44650.00,2459.05,819.00,58.73
2009-08-27,43389.00,2458.15,744.00,108.26
2009-08-28,42336.00,2457.39,630.00,99.12
2009-08-29,41337.00,2456.67,519.00,15.34
2009-08-30,40729.00,2456.23,405.00,98.47
2009-08-31,40270.00,2455.90,312.00,80.59
2009-09-01,39832.00,2455.58,250.00,29.18
2009-09-02,39548.00,2455.37,186.00,42.82
2009-09-03,39346.00,2455.22,141.00,39.16
2009-09-04,39306.00,2455.19,106.00,85.83
2009-09-05,39194.00,2455.11,92.00,35.53
2009-09-06,39249.00,2455.15,92.00,119.73
2009-09-07,39291.00,2455.18,89.00,110.17
2009-09-08,39333.00,2455.21,87.00,108.17
2009-09-09,39291.00,2455.18,87.00,65.83
2009-09-10,39249.00,2455.15,84.00,62.83
2009-09-11,39263.00,2455.16,83.00,90.06
2009-09-12,39221.00,2455.13,83.00,61.83
2009-09-13,39180.00,2455.10,82.00,61.33
2009-09-14,39054.00,2455.01,82.00,18.48
2009-09-15,39026.00,2454.99,82.00,67.88
2009-09-16,38956.00,2454.94,83.00,47.71
2009-09-17,38861.00,2454.87,83.00,35.10
2009-09-18,38756.00,2454.79,83.00,30.06
2009-09-19,38728.00,2454.77,82.00,67.88
2009-09-20,38616.00,2454.69,85.00,28.53
2009-09-21,38504.00,2454.61,86.00,29.53
2009-09-22,38438.00,2454.56,86.00,52.73
2009-09-23,38360.00,2454.50,86.00,46.68
2009-09-24,38290.00,2454.45,86.00,50.71
2009-09-25,38150.00,2454.35,86.00,15.42
2009-09-26,38066.00,2454.29,86.00,43.65
2009-09-27,37940.00,2454.20,85.00,21.48
2009-09-28,37823.00,2454.11,84.00,25.01
2009-09-29,37754.00,2454.06,84.00,49.21
2009-09-30,37698.00,2454.02,84.00,55.77
2009-10-01,37656.00,2453.99,83.00,61.83
2009-10-02,37530.00,2453.90,83.00,19.48
2009-10-03,37426.06,2453.82,83.00,30.60
2009-10-04,37358.00,2453.77,82.00,47.69
2009-10-05,37260.00,2453.70,82.00,32.59
2009-10-06,37246.97,2453.69,82.00,75.43
2009-10-07,37156.06,2453.62,82.00,36.17
2009-10-08,37074.00,2453.56,82.00,40.63
2009-10-09,37004.00,2453.51,82.00,46.71
2009-10-10,36948.00,2453.47,82.00,53.77
2009-10-11,36892.00,2453.43,82.00,53.77
2009-10-12,36811.22,2453.37,82.00,41.27
2009-10-13,36759.09,2453.33,82.00,55.72
2009-10-14,36746.06,2453.32,82.00,75.43
2009-10-15,36678.00,2453.27,82.00,47.69
2009-10-16,36622.00,2453.23,81.00,52.77
2009-10-17,36664.00,2453.26,81.00,102.17
2009-10-18,36785.16,2453.35,81.00,142.08
2009-10-19,36836.97,2453.39,81.00,107.12
2009-10-20,36850.00,2453.40,81.00,87.57
2009-10-21,36864.00,2453.41,81.00,88.06
2009-10-22,36934.00,2453.46,81.00,116.29
2009-10-23,37628.00,2453.97,83.00,432.89
2009-10-24,38038.00,2454.27,83.00,289.71
2009-10-25,38191.93,2454.38,111.00,188.61
2009-10-26,39110.00,2455.05,141.00,603.85
2009-10-27,40243.94,2455.88,108.00,679.69
2009-10-28,40675.96,2456.19,87.00,304.81
2009-10-29,41254.04,2456.61,84.00,375.44
2009-10-30,43334.04,2458.11,86.00,1134.65
2009-10-31,46199.83,2460.15,87.00,1531.81
2009-11-01,47424.00,2461.01,84.00,701.18
2009-11-02,48150.00,2461.52,83.00,449.02
2009-11-03,48595.11,2461.83,84.00,308.41
2009-11-04,48910.00,2462.05,84.00,242.75
2009-11-05,49312.10,2462.33,84.00,286.72
2009-11-06,49910.00,2462.75,83.00,384.44
2009-11-07,50517.90,2463.17,84.00,390.48
2009-11-08,51042.00,2463.53,84.00,348.23
2009-11-09,51430.00,2463.80,84.00,279.61
2009-11-10,51840.00,2464.08,84.00,290.71
2009-11-11,52100.00,2464.26,84.00,215.08
2009-11-12,52405.00,2464.47,84.00,237.77
2009-11-13,52683.86,2464.66,84.00,224.59
2009-11-14,52890.00,2464.80,84.00,187.93
2009-11-15,53195.00,2465.01,85.00,238.77
2009-11-16,53695.18,2465.35,85.00,337.17
2009-11-17,54675.00,2466.01,87.00,580.99
2009-11-18,55330.00,2466.45,87.00,417.22
2009-11-19,55940.22,2466.86,84.00,391.65
2009-11-20,56525.00,2467.25,82.00,376.82
2009-11-21,56900.00,2467.50,83.00,272.06
2009-11-22,57420.15,2467.84,83.00,345.24
2009-11-23,57826.04,2468.11,83.00,287.63
2009-11-24,58850.00,2468.78,85.00,601.24
2009-11-25,59735.18,2469.35,81.00,527.27
2009-11-26,60535.26,2469.87,80.00,483.37
2009-11-27,61430.00,2470.44,81.00,532.09
2009-11-28,62198.00,2470.93,81.00,468.19
2009-11-29,62838.12,2471.33,81.00,403.72
2009-11-30,63484.00,2471.74,81.00,406.63
2009-12-01,64187.92,2472.18,82.00,436.89
2009-12-02,64588.00,2472.43,82.00,283.70
2009-12-03,65094.00,2472.74,82.00,337.10
2009-12-04,65350.00,2472.90,82.00,211.06
2009-12-05,65670.00,2473.10,82.00,243.33
2009-12-06,65920.00,2473.25,82.00,208.04
2009-12-07,66112.27,2473.37,82.00,178.93
2009-12-08,66272.00,2473.47,82.00,162.53
2009-12-09,66354.00,2473.52,82.00,123.34
2009-12-10,66456.00,2473.58,82.00,133.42
2009-12-11,66585.84,2473.66,82.00,147.46
2009-12-12,66682.00,2473.72,82.00,130.48
2009-12-13,66844.09,2473.82,82.00,163.72
2009-12-14,67028.00,2473.93,82.00,174.72
2009-12-15,67268.00,2474.08,82.00,203.00
2009-12-16,67401.84,2474.16,82.00,149.48
2009-12-17,67521.00,2474.23,82.00,142.08
2009-12-18,67504.00,2474.22,82.00,73.43
2009-12-19,67864.00,2474.44,82.00,263.50
2009-12-20,68062.00,2474.56,82.00,181.82
2009-12-21,68380.00,2474.75,82.00,242.32
2009-12-22,68603.96,2474.89,82.00,194.91
2009-12-23,68705.00,2474.95,82.00,132.94
2009-12-24,68992.08,2475.12,82.00,226.73
2009-12-25,69007.73,2475.13,82.00,89.89
2009-12-26,69205.00,2475.25,82.00,181.46
2009-12-27,69358.16,2475.34,82.00,159.22
2009-12-28,69425.91,2475.38,82.00,116.16
2009-12-29,69460.00,2475.40,82.00,99.19
2009-12-30,69671.00,2475.53,82.00,188.38
2009-12-31,69824.09,2475.62,83.00,160.18
2010-01-01,69960.00,2475.70,83.00,151.52
2010-01-02,70409.00,2475.97,83.00,309.37
2010-01-03,70664.09,2476.12,83.00,211.61
2010-01-04,71072.25,2476.36,83.00,288.78
2010-01-05,71708.00,2476.74,84.00,404.52
2010-01-06,72354.09,2477.12,84.00,409.73
2010-01-07,72592.00,2477.26,84.00,203.94
2010-01-08,73126.00,2477.57,84.00,353.22
2010-01-09,73350.00,2477.70,84.85,196.93
2010-01-10,73605.21,2477.85,84.00,212.67
2010-01-11,74083.70,2478.13,85.00,326.24
2010-01-12,74414.09,2478.32,85.00,251.57
2010-01-13,74917.04,2478.61,82.00,335.57
2010-01-14,75437.00,2478.91,79.00,341.14
2010-01-15,76205.21,2479.35,80.00,467.30
2010-01-16,77041.13,2479.83,81.00,502.44
2010-01-17,77502.00,2480.09,81.00,313.35
2010-01-18,78152.00,2480.46,81.00,408.70
2010-01-19,78489.78,2480.65,81.00,251.29
2010-01-20,78895.91,2480.88,81.00,285.75
2010-01-21,79343.70,2481.13,81.00,306.76
2010-01-22,79578.00,2481.26,81.00,199.12
2010-01-23,79983.00,2481.49,81.00,285.18
2010-01-24,80360.00,2481.70,81.00,271.07
2010-01-25,80558.05,2481.81,81.00,180.85
2010-01-26,80720.00,2481.90,81.00,162.65
2010-01-27,80936.00,2482.02,81.00,189.90
2010-01-28,80972.00,2482.04,81.00,99.15
2010-01-29,81260.00,2482.20,81.00,226.20
2010-01-30,81279.00,2482.21,81.00,90.58
2010-01-31,81412.00,2482.28,81.00,148.05
2010-02-01,81540.22,2482.35,81.00,145.64
2010-02-02,81558.00,2482.36,81.00,89.96
2010-02-03,81558.27,2482.39,82.00,82.14
2010-02-04,81684.00,2482.43,82.00,145.39
2010-02-05,81828.00,2482.51,82.00,154.60
2010-02-06,81972.00,2482.59,82.00,154.60
2010-02-07,82079.78,2482.65,82.00,136.34
2010-02-08,82170.00,2482.70,82.00,127.49
2010-02-09,82265.00,2482.75,80.00,127.90
2010-02-10,82378.05,2482.81,79.00,136.00
2010-02-11,82594.00,2482.93,79.00,187.87
2010-02-12,82828.00,2483.06,79.00,196.97
2010-02-13,83032.86,2483.17,80.00,183.28
2010-02-14,83365.23,2483.35,80.00,247.57
2010-02-15,83658.00,2483.51,80.00,227.60
2010-02-16,84082.00,2483.74,81.00,294.76
2010-02-17,84398.00,2483.91,81.00,240.31
2010-02-18,84655.00,2484.05,81.00,210.57
2010-02-19,84930.00,2484.20,81.00,219.64
2010-02-20,85120.00,2484.30,81.00,176.79
2010-02-21,85310.00,2484.40,81.00,176.79
2010-02-22,85500.00,2484.50,81.00,176.79
2010-02-23,85626.00,2484.57,81.00,144.52
2010-02-24,85908.00,2484.72,81.00,223.17
2010-02-25,86132.18,2484.84,81.00,194.02
2010-02-26,86411.00,2484.99,81.00,221.57
2010-02-27,86639.05,2485.11,81.00,195.97
2010-02-28,86864.00,2485.23,82.00,195.41
2010-03-01,87085.23,2485.35,82.00,193.54
2010-03-02,87503.00,2485.57,82.00,292.62
2010-03-03,88063.33,2485.87,83.00,365.50
2010-03-04,88556.67,2486.13,83.00,331.72
2010-03-05,88918.09,2486.32,83.00,265.21
2010-03-06,89280.00,2486.51,83.00,265.46
2010-03-07,89611.91,2486.68,83.00,250.34
2010-03-08,89897.14,2486.83,81.00,224.80
2010-03-09,90182.00,2486.98,79.00,222.61
2010-03-10,90410.00,2487.10,79.00,193.95
2010-03-11,90781.00,2487.29,79.00,266.04
2010-03-12,91057.00,2487.43,79.00,218.15
2010-03-13,91228.00,2487.52,79.00,165.21
2010-03-14,91400.05,2487.61,80.00,166.74
2010-03-15,91559.95,2487.69,80.00,160.62
2010-03-16,91790.05,2487.81,80.00,196.01
2010-03-17,92046.00,2487.94,80.00,209.04
2010-03-18,92280.00,2488.06,80.00,197.97
2010-03-19,92435.72,2488.14,80.00,158.51
2010-03-20,92607.00,2488.23,80.00,166.35
2010-03-21,93000.00,2488.43,80.00,278.13
2010-03-22,93405.72,2488.64,81.00,285.55
2010-03-23,93740.05,2488.81,81.00,249.56
2010-03-24,94091.00,2488.99,81.00,257.93
2010-03-25,94548.00,2489.22,81.00,311.40
2010-03-26,95040.00,2489.47,81.00,329.05
2010-03-27,95439.85,2489.67,81.00,282.59
2010-03-28,95950.00,2489.93,81.00,338.20
2010-03-29,96810.30,2490.36,81.00,514.73
2010-03-30,97409.80,2490.66,79.00,381.24
2010-03-31,97830.34,2490.87,79.00,291.02
2010-04-01,98210.00,2491.06,79.00,270.41
2010-04-02,98637.00,2491.27,79.00,294.28
2010-04-03,99020.00,2491.46,78.00,271.09
2010-04-04,99280.00,2491.59,79.00,210.08
2010-04-05,99605.00,2491.75,79.00,242.85
2010-04-06,99910.00,2491.90,79.00,232.77
2010-04-07,100299.00,2492.09,79.00,275.12
2010-04-08,100825.26,2492.35,80.00,345.32
2010-04-09,101098.00,2492.48,80.00,217.50
2010-04-10,101320.00,2492.59,80.00,191.92
2010-04-11,101479.85,2492.67,80.00,160.59
2010-04-12,101708.00,2492.78,80.00,195.02
2010-04-13,101917.90,2492.88,80.00,185.82
2010-04-14,102181.00,2493.01,80.00,212.64
2010-04-15,102449.70,2493.14,80.00,215.47
2010-04-16,102801.05,2493.31,80.00,257.14
2010-04-17,103400.00,2493.60,80.00,381.97
2010-04-18,104146.00,2493.96,80.00,456.10
2010-04-19,105154.00,2494.44,80.00,588.19
2010-04-20,106467.00,2495.07,80.00,741.96
2010-04-21,108346.00,2495.96,81.00,1028.32
2010-04-22,109563.00,2496.53,81.00,694.56
2010-04-23,110284.38,2496.87,152.00,515.69
2010-04-24,110822.10,2497.12,256.00,527.10
2010-04-25,111116.00,2497.26,274.00,422.17
2010-04-26,111288.22,2497.34,302.00,388.83
2010-04-27,111508.00,2497.44,370.00,480.80
2010-04-28,111787.00,2497.57,409.00,549.66
2010-04-29,112082.00,2497.71,399.00,547.73
2010-04-30,112126.00,2497.73,451.00,473.18
2010-05-01,112148.00,2497.74,479.00,490.09
2010-05-02,112236.00,2497.78,466.00,510.37
2010-05-03,113192.00,2498.22,495.00,976.98
2010-05-04,113470.27,2498.35,516.00,656.29
2010-05-05,113404.11,2498.32,492.00,458.64
2010-05-06,113192.00,2498.22,497.00,390.06
2010-05-07,112864.00,2498.07,516.00,350.64
2010-05-08,112500.00,2497.90,516.00,332.49
2010-05-09,112126.00,2497.73,516.00,327.44
2010-05-10,111808.00,2497.58,514.00,353.68
2010-05-11,111552.00,2497.46,505.00,375.94
2010-05-12,111486.00,2497.43,503.00,469.73
2010-05-13,111618.00,2497.49,484.00,550.55
2010-05-14,111954.74,2497.65,474.00,643.77
2010-05-15,112605.00,2497.95,458.00,785.83
2010-05-16,113580.00,2498.40,365.00,856.56
2010-05-17,115066.00,2499.08,318.00,1067.18
2010-05-18,117068.00,2499.99,244.00,1253.33
2010-05-19,118709.00,2500.73,193.00,1020.33
2010-05-20,120026.11,2501.32,193.00,857.03
2010-05-21,120810.83,2501.67,217.00,612.62
2010-05-22,121169.17,2501.83,318.00,498.66
2010-05-23,121374.00,2501.92,345.00,448.27
2010-05-24,121506.00,2501.98,334.00,400.55
2010-05-25,121596.00,2502.02,316.00,361.37
2010-05-26,122000.00,2502.20,318.00,521.68
2010-05-27,122460.00,2502.40,320.00,551.91
2010-05-28,123414.11,2502.82,281.00,762.02
2010-05-29,124349.00,2503.23,244.00,715.33
2010-05-30,125006.00,2503.52,266.00,597.23
2010-05-31,125719.17,2503.83,279.00,638.55
2010-06-01,126477.77,2504.16,281.00,663.46
2010-06-02,128328.00,2504.96,217.00,1149.81
2010-06-03,130234.00,2505.78,169.00,1129.93
2010-06-04,131736.00,2506.42,163.00,920.25
2010-06-05,133028.00,2506.97,163.00,814.37
2010-06-06,134304.00,2507.51,178.00,821.31
2010-06-07,135518.00,2508.02,184.00,796.05
2010-06-08,136670.00,2508.50,199.00,779.79
2010-06-09,138086.00,2509.09,212.00,925.89
2010-06-10,139344.06,2509.61,212.00,846.26
2010-06-11,140458.00,2510.07,212.00,773.60
2010-06-12,141414.00,2510.46,244.00,725.98
2010-06-13,142365.31,2510.85,272.00,751.61
2010-06-14,142980.00,2511.10,347.00,656.90
2010-06-15,143195.94,2511.19,421.00,529.87
2010-06-16,143099.70,2511.15,483.00,434.48
2010-06-17,142830.00,2511.04,524.00,388.03
2010-06-18,142514.00,2510.91,548.00,388.69
2010-06-19,142216.00,2510.79,572.00,421.76
2010-06-20,142024.00,2510.71,579.00,482.20
2010-06-21,141750.00,2510.60,577.00,438.86
2010-06-22,141510.00,2510.50,576.00,455.00
2010-06-23,141366.00,2510.44,589.00,516.40
2010-06-24,141244.94,2510.39,599.00,537.97
2010-06-25,141020.00,2510.30,620.00,506.59
2010-06-26,140679.75,2510.16,636.00,464.46
2010-06-27,140146.00,2509.94,690.00,420.90
2010-06-28,139535.94,2509.69,727.00,419.43
2010-06-29,138791.88,2509.38,735.00,359.88
2010-06-30,137990.00,2509.05,737.00,332.72
2010-07-01,136981.59,2508.63,774.00,265.60
2010-07-02,135950.00,2508.20,800.00,279.91
2010-07-03,134880.00,2507.75,820.00,280.55
2010-07-04,133810.00,2507.30,836.00,296.55
2010-07-05,132676.11,2506.82,878.00,306.34
2010-07-06,131412.00,2506.28,936.00,298.69
2010-07-07,130188.00,2505.76,991.00,373.91
2010-07-08,128793.77,2505.16,1071.00,368.09
2010-07-09,127356.00,2504.54,1113.00,388.13
2010-07-10,125903.00,2503.91,1107.00,374.46
2010-07-11,124464.00,2503.28,1104.00,378.51
2010-07-12,122887.00,2502.59,1105.00,309.94
2010-07-13,121123.05,2501.81,1141.00,251.69
2010-07-14,119354.00,2501.02,1157.00,265.12
2010-07-15,117530.00,2500.20,1169.00,249.41
2010-07-16,115704.38,2499.37,1173.00,252.60
2010-07-17,113844.00,2498.52,1189.00,251.07
2010-07-18,111975.80,2497.66,1186.00,244.13
2010-07-19,110088.00,2496.78,1191.00,239.25
2010-07-20,108177.90,2495.88,1199.00,236.01
2010-07-21,106257.00,2494.97,1201.00,232.56
2010-07-22,104482.10,2494.12,1121.00,226.17
2010-07-23,102738.00,2493.28,1088.00,208.70
2010-07-24,101014.00,2492.44,1080.00,210.83
2010-07-25,99260.00,2491.58,1080.00,195.70
2010-07-26,97510.00,2490.71,1080.00,197.72
2010-07-27,95730.10,2489.82,1079.00,181.65
2010-07-28,93977.00,2488.93,1071.00,187.16
2010-07-29,92220.00,2488.03,1071.00,185.19
2010-07-30,90410.00,2487.10,1082.00,169.47
2010-07-31,88613.00,2486.16,1093.00,187.03
2010-08-01,86733.00,2485.16,1088.00,140.18
2010-08-02,84893.00,2484.18,1084.00,156.35
2010-08-03,83071.00,2483.19,1088.00,169.42
2010-08-04,81242.00,2482.19,1084.00,161.89
2010-08-05,79415.00,2481.17,1076.00,154.90
2010-08-06,77621.00,2480.16,1064.00,159.54
2010-08-07,75813.00,2479.13,1057.00,145.48
2010-08-08,74030.00,2478.10,1045.00,146.08
2010-08-09,72252.00,2477.06,1034.00,137.60
2010-08-10,70494.00,2476.02,1023.00,136.69
2010-08-11,68773.00,2474.99,1012.00,144.34
2010-08-12,67092.00,2473.97,1001.00,153.51
2010-08-13,65430.00,2472.96,991.00,153.09
2010-08-14,63788.00,2471.93,977.00,149.17
2010-08-15,62135.00,2470.90,970.35,136.97
2010-08-16,60565.00,2469.90,956.00,164.47
2010-08-17,58976.23,2468.86,942.00,141.01
2010-08-18,57390.07,2467.82,932.00,132.32
2010-08-19,55790.00,2466.76,917.00,110.31
2010-08-20,54304.00,2465.76,906.00,156.82
2010-08-21,52770.00,2464.72,891.00,117.62
2010-08-22,51325.00,2463.73,876.00,147.49
2010-08-23,50010.07,2462.82,813.00,150.07
2010-08-24,48854.00,2462.01,719.00,136.16
2010-08-25,47910.17,2461.35,618.00,142.16
2010-08-26,47040.00,2460.74,513.00,74.30
2010-08-27,46270.00,2460.20,419.00,30.80
2010-08-28,45738.07,2459.82,337.00,68.82
2010-08-29,45295.00,2459.51,261.00,37.62
2010-08-30,45042.10,2459.33,178.00,50.50
2010-08-31,45238.00,2459.47,116.00,214.76
2010-09-01,45266.00,2459.49,98.00,112.12
2010-09-02,45280.00,2459.50,96.00,103.06
2010-09-03,45280.00,2459.50,92.00,92.00
2010-09-04,45196.00,2459.44,90.00,47.65
2010-09-05,45125.96,2459.39,88.00,52.69
2010-09-06,45070.17,2459.35,89.00,60.87
2010-09-07,45210.00,2459.45,90.00,160.50
2010-09-08,45415.00,2459.59,90.00,193.35
2010-09-09,45527.90,2459.67,90.00,146.92
2010-09-10,45584.00,2459.71,90.00,118.28
2010-09-11,45612.00,2459.73,90.00,104.12
2010-09-12,45570.00,2459.70,90.00,68.83
2010-09-13,45654.00,2459.76,90.00,132.35
2010-09-14,45626.00,2459.74,91.00,76.88
2010-09-15,45598.00,2459.72,91.00,76.88
2010-09-16,45598.00,2459.72,91.00,91.00
2010-09-17,45626.00,2459.74,91.00,105.12
2010-09-18,45626.00,2459.74,91.00,91.00
2010-09-19,45710.00,2459.80,91.00,133.35
2010-09-20,45976.00,2459.99,91.00,225.11
2010-09-21,46213.86,2460.16,93.00,212.92
2010-09-22,46345.00,2460.25,92.00,158.12
2010-09-23,46462.10,2460.33,89.00,148.04
2010-09-24,46686.00,2460.49,90.00,202.88
2010-09-25,46784.00,2460.56,90.00,139.41
2010-09-26,46909.83,2460.65,90.00,153.44
2010-09-27,46980.00,2460.70,90.00,125.38
2010-09-28,47070.00,2460.76,90.00,135.37
2010-09-29,47130.00,2460.80,91.00,121.25
2010-09-30,47158.07,2460.82,92.00,106.15
2010-10-01,47200.17,2460.85,90.00,111.23
2010-10-02,47186.14,2460.84,90.00,82.93
2010-10-03,47158.07,2460.82,90.00,75.85
2010-10-04,47070.00,2460.76,90.00,45.60
2010-10-05,46980.00,2460.70,90.00,44.63
2010-10-06,46937.90,2460.67,90.00,68.77
2010-10-07,46923.86,2460.66,90.00,82.92
2010-10-08,46895.79,2460.64,90.00,75.85
2010-10-09,47085.00,2460.77,90.00,185.39
2010-10-10,48008.00,2461.42,93.00,558.34
2010-10-11,48270.00,2461.60,92.00,224.09
2010-10-12,48480.00,2461.75,92.00,197.87
2010-10-13,48580.07,2461.82,92.00,142.45
2010-10-14,48742.00,2461.93,92.00,173.64
2010-10-15,48756.00,2461.94,92.00,99.06
2010-10-16,48826.00,2461.99,92.00,127.29
2010-10-17,49024.00,2462.13,91.00,190.82
2010-10-18,49114.96,2462.19,91.00,136.86
2010-10-19,49172.00,2462.23,91.00,119.76
2010-10-20,49172.00,2462.23,91.00,91.00
2010-10-21,49186.00,2462.24,91.00,98.06
2010-10-22,49144.00,2462.21,91.00,69.83
2010-10-23,49099.93,2462.18,91.00,68.78
2010-10-24,49326.14,2462.34,92.00,206.05
2010-10-25,49910.00,2462.75,93.00,387.36
2010-10-26,50390.00,2463.08,93.00,335.00
2010-10-27,50775.18,2463.35,93.00,287.19
2010-10-28,51181.76,2463.63,94.00,298.98
2010-10-29,51475.11,2463.83,93.00,240.90
2010-10-30,51780.00,2464.04,93.00,246.71
2010-10-31,52160.00,2464.30,93.00,284.58
2010-11-01,53739.93,2465.38,96.00,892.54
2010-11-02,55445.00,2466.53,96.00,955.63
2010-11-03,56330.07,2467.12,93.00,539.22
2010-11-04,56948.00,2467.53,93.00,404.54
2010-11-05,57479.93,2467.88,93.00,361.18
2010-11-06,58045.00,2468.25,93.00,377.89
2010-11-07,58730.00,2468.70,90.00,435.35
2010-11-08,59280.00,2469.06,88.00,365.29
2010-11-09,59705.11,2469.33,88.00,302.32
2010-11-10,60088.00,2469.58,88.00,281.04
2010-11-11,60370.00,2469.76,89.00,231.17
2010-11-12,60660.00,2469.95,89.00,235.21
2010-11-13,60959.78,2470.14,89.00,240.14
2010-11-14,61415.00,2470.43,83.00,312.50
2010-11-15,62742.00,2471.27,79.00,748.02
2010-11-16,64588.00,2472.43,97.00,1027.68
2010-11-17,65936.00,2473.26,85.00,764.61
2010-11-18,66895.21,2473.85,80.00,563.59
2010-11-19,67538.00,2474.24,75.00,399.07
2010-11-20,67928.00,2474.48,97.00,293.62
2010-11-21,68428.00,2474.78,106.00,358.08
2010-11-22,68739.00,2474.97,106.00,262.79
2010-11-23,68841.00,2475.03,106.00,157.42
2010-11-24,69120.00,2475.20,127.00,267.66
2010-11-25,69290.00,2475.30,136.00,221.71
2010-11-26,69476.00,2475.41,137.00,230.77
2010-11-27,69637.00,2475.51,137.00,218.17
2010-11-28,69807.00,2475.61,137.00,222.71
2010-11-29,69997.00,2475.71,130.00,225.79
2010-11-30,70146.00,2475.81,132.00,207.12
2010-12-01,70257.92,2475.88,124.00,180.43
2010-12-02,70273.96,2475.89,116.00,124.09
2010-12-03,70273.96,2475.89,115.00,115.00
2010-12-04,70324.00,2475.92,110.00,135.23
2010-12-05,70307.00,2475.91,107.00,98.43
2010-12-06,70341.00,2475.93,105.00,122.14
2010-12-07,70375.00,2475.95,106.00,123.14
2010-12-08,70409.00,2475.97,98.00,115.14
2010-12-09,70697.75,2476.14,96.00,241.58
2010-12-10,70851.00,2476.23,96.00,173.26
2010-12-11,71204.00,2476.44,96.00,273.97
2010-12-12,73418.00,2477.74,98.00,1214.21
2010-12-13,76426.00,2479.48,100.00,1616.51
2010-12-14,78346.00,2480.57,98.00,1065.99
2010-12-15,79397.82,2481.16,96.00,626.28
2010-12-16,80054.00,2481.53,96.00,426.82
2010-12-17,80540.00,2481.80,95.00,340.02
2010-12-18,80954.00,2482.03,95.00,303.72
2010-12-19,81298.00,2482.22,95.00,268.43
2010-12-20,81576.30,2482.37,95.00,235.31
2010-12-21,81810.00,2482.50,95.00,212.82
2010-12-22,81990.00,2482.60,95.00,185.75
2010-12-23,82133.91,2482.68,95.00,167.55
2010-12-24,82341.00,2482.79,95.00,199.41
2010-12-25,82503.91,2482.88,95.00,177.13
2010-12-26,82648.00,2482.96,95.00,167.64
2010-12-27,82919.05,2483.11,95.00,231.65
2010-12-28,83108.00,2483.21,95.00,190.26
2010-12-29,83198.00,2483.26,94.00,139.37
2010-12-30,83289.05,2483.31,94.00,139.90
2010-12-31,83346.19,2483.34,105.00,133.81
2011-01-01,83365.23,2483.35,111.00,120.60
2011-01-02,83346.19,2483.34,111.00,101.40
2011-01-03,83346.19,2483.34,110.00,110.00
2011-01-04,83327.14,2483.33,110.00,100.40
2011-01-05,83440.95,2483.39,110.00,167.38
2011-01-06,83895.72,2483.64,110.00,339.28
2011-01-07,84750.00,2484.10,111.00,541.69
2011-01-08,85424.00,2484.46,111.00,450.80
2011-01-09,85927.00,2484.73,111.00,364.59
2011-01-10,86186.30,2484.87,102.00,232.73
2011-01-11,86506.00,2485.04,106.00,267.18
2011-01-12,87123.33,2485.37,105.00,416.23
2011-01-13,88405.00,2486.05,100.00,746.17
2011-01-14,91713.00,2487.77,96.00,1763.76
2011-01-15,94409.76,2489.15,93.00,1452.60
2011-01-16,103631.00,2493.71,97.00,4745.97
2011-01-17,111310.27,2497.35,89.00,3960.58
2011-01-18,113888.00,2498.54,79.00,1378.59
2011-01-19,115285.89,2499.18,83.00,787.76
2011-01-20,116297.68,2499.64,86.00,596.10
2011-01-21,117660.00,2500.30,86.00,772.83
2011-01-22,118980.27,2500.85,87.00,752.63
2011-01-23,119914.00,2501.27,87.00,557.75
2011-01-24,120990.00,2501.75,87.00,629.48
2011-01-25,122138.00,2502.26,88.00,666.77
2011-01-26,123093.89,2502.68,88.00,569.92
2011-01-27,123912.00,2503.04,88.00,500.46
2011-01-28,124806.00,2503.43,88.00,538.72
2011-01-29,126179.00,2504.03,88.00,780.21
2011-01-30,127308.00,2504.52,89.00,658.20
2011-01-31,128052.23,2504.84,89.00,464.21
2011-02-01,128721.59,2505.13,89.00,426.46
2011-02-02,129212.23,2505.34,90.00,337.36
2011-02-03,129820.00,2505.60,90.00,396.41
2011-02-04,131244.00,2506.21,91.00,808.92
2011-02-05,132630.00,2506.80,92.00,790.76
2011-02-06,133978.41,2507.37,92.00,771.81
2011-02-07,135470.00,2508.00,94.00,846.00
2011-02-08,136454.00,2508.41,93.00,589.09
2011-02-09,137198.00,2508.72,93.00,468.09
2011-02-10,137990.00,2509.05,93.00,492.29
2011-02-11,138575.00,2509.29,93.00,387.93
2011-02-12,139152.00,2509.53,93.00,383.90
2011-02-13,139685.00,2509.75,93.00,361.72
2011-02-14,140170.00,2509.95,93.00,337.52
2011-02-15,140482.00,2510.08,135.00,292.30
2011-02-16,140729.88,2510.18,130.00,254.97
2011-02-17,141020.00,2510.30,117.00,263.27
2011-02-18,141170.36,2510.36,117.00,192.81
2011-02-19,141366.00,2510.44,117.00,215.63
2011-02-20,141486.00,2510.49,117.00,177.50
2011-02-21,141702.00,2510.58,108.00,216.90
2011-02-22,142024.00,2510.71,124.00,286.34
2011-02-23,142192.00,2510.78,134.00,218.70
2011-02-24,142192.00,2510.78,134.00,134.00
2011-02-25,142216.00,2510.79,134.00,146.10
2011-02-26,142340.25,2510.84,132.00,194.64
2011-02-27,142464.94,2510.89,134.00,196.86
2011-02-28,142730.00,2511.00,134.00,267.63
2011-03-01,142855.00,2511.05,134.00,197.02
2011-03-02,142880.00,2511.06,134.00,146.60
2011-03-03,142905.00,2511.07,134.00,146.60
2011-03-04,142955.00,2511.09,134.00,159.21
2011-03-05,142955.00,2511.09,134.00,134.00
2011-03-06,142880.00,2511.06,134.00,96.19
2011-03-07,142780.00,2511.02,134.00,83.58
2011-03-08,142830.00,2511.04,134.00,159.21
2011-03-09,143051.59,2511.13,134.00,245.72
2011-03-10,143345.00,2511.25,134.00,281.93
2011-03-11,143370.00,2511.26,134.00,146.60
2011-03-12,143345.00,2511.25,134.00,121.40
2011-03-13,143470.09,2511.30,134.00,197.07
2011-03-14,143245.00,2511.21,274.00,160.52
2011-03-15,142930.00,2511.08,396.00,237.19
2011-03-16,142610.00,2510.95,415.00,253.67
2011-03-17,142192.00,2510.78,380.00,169.26
2011-03-18,141949.88,2510.68,362.00,239.93
2011-03-19,141486.00,2510.49,399.00,165.13
2011-03-20,141045.06,2510.31,399.00,176.70
2011-03-21,140604.58,2510.13,389.00,166.93
2011-03-22,140170.00,2509.95,389.00,169.90
2011-03-23,139660.00,2509.74,389.00,131.88
2011-03-24,139368.13,2509.62,345.00,197.85
2011-03-25,139248.00,2509.57,286.00,225.44
2011-03-26,139128.00,2509.52,239.00,178.50
2011-03-27,139008.00,2509.47,227.00,166.50
2011-03-28,138840.00,2509.40,227.00,142.30
2011-03-29,138936.00,2509.44,227.00,275.40
2011-03-30,141045.06,2510.31,234.00,1297.30
2011-03-31,146730.13,2512.62,247.00,3113.18
2011-04-01,149520.00,2513.74,244.00,1650.54
2011-04-02,151505.00,2514.53,275.00,1275.76
2011-04-03,152138.00,2514.78,403.00,722.13
2011-04-04,152190.00,2514.80,695.00,721.22
2011-04-05,151555.00,2514.55,891.00,570.86
2011-04-06,150619.88,2514.18,956.00,484.55
2011-04-07,149470.00,2513.72,921.00,341.28
2011-04-08,148245.00,2513.23,925.00,307.40
2011-04-09,146954.00,2512.71,925.00,274.13
2011-04-10,145762.00,2512.23,925.00,324.04
2011-04-11,144748.13,2511.82,855.00,343.85
2011-04-12,143785.00,2511.43,739.00,253.43
2011-04-13,143028.13,2511.12,630.00,248.42
2011-04-14,142490.00,2510.90,593.00,321.70
2011-04-15,141726.00,2510.59,596.00,210.82
2011-04-16,141219.88,2510.38,599.00,343.83
2011-04-17,140604.58,2510.13,599.00,288.79
2011-04-18,139930.30,2509.85,602.00,262.06
2011-04-19,138912.00,2509.43,756.00,242.61
2011-04-20,137798.00,2508.97,816.00,254.37
2011-04-21,136742.00,2508.53,776.00,243.61
2011-04-22,135829.70,2508.15,702.00,242.06
2011-04-23,135023.06,2507.81,623.00,216.32
2011-04-24,134352.00,2507.53,605.00,266.68
2011-04-25,133930.30,2507.35,569.00,356.40
2011-04-26,133570.00,2507.20,483.00,301.35
2011-04-27,133340.00,2507.10,452.00,336.04
2011-04-28,133148.00,2507.02,457.00,360.20
2011-04-29,132791.39,2506.87,459.00,279.21
2011-04-30,132423.00,2506.71,464.00,278.27
2011-05-01,132040.00,2506.55,469.00,275.91
2011-05-02,131851.00,2506.47,474.00,378.71
2011-05-03,131666.94,2506.39,479.00,386.20
2011-05-04,131506.11,2506.32,484.00,402.92
2011-05-05,131460.00,2506.30,479.00,455.75
2011-05-06,131436.00,2506.29,477.00,464.90
2011-05-07,131552.22,2506.34,474.00,532.59
2011-05-08,131690.00,2506.40,471.00,540.46
2011-05-09,131759.00,2506.43,469.00,503.79
2011-05-10,131920.00,2506.50,481.91,549.17
2011-05-11,132351.88,2506.68,468.00,685.74
2011-05-12,132722.22,2506.84,499.00,685.71
2011-05-13,132932.00,2506.93,551.00,656.76
2011-05-14,133666.00,2507.24,551.00,921.05
2011-05-15,138229.70,2509.15,369.00,2669.83
2011-05-16,141020.00,2510.30,284.00,1690.76
2011-05-17,142048.00,2510.72,491.00,1009.28
2011-05-18,142514.00,2510.91,605.00,839.94
2011-05-19,142930.00,2511.08,607.00,816.73
2011-05-20,143470.00,2511.30,607.00,879.25
2011-05-21,144160.00,2511.58,656.00,1003.87
2011-05-22,144575.00,2511.75,691.00,900.23
2011-05-23,144820.30,2511.85,696.00,819.67
2011-05-24,144868.41,2511.87,696.00,720.26
2011-05-25,145165.00,2511.99,695.00,844.53
2011-05-26,145614.81,2512.17,695.00,921.78
2011-05-27,145882.00,2512.28,678.00,812.71
2011-05-28,146255.00,2512.43,541.00,729.05
2011-05-29,146680.00,2512.60,437.00,651.27
2011-05-30,147220.13,2512.82,377.00,649.31
2011-05-31,148069.75,2513.16,359.00,787.34
2011-06-01,149394.94,2513.69,361.00,1029.11
2011-06-02,150470.13,2514.12,438.00,980.07
2011-06-03,151330.00,2514.46,524.00,957.51
2011-06-04,152164.00,2514.79,561.00,981.47
2011-06-05,153200.00,2515.20,605.00,1127.31
2011-06-06,154560.00,2515.74,649.00,1334.66
2011-06-07,155554.58,2516.13,831.00,1332.43
2011-06-08,156110.31,2516.35,939.00,1219.18
2011-06-09,156240.00,2516.40,959.00,1024.38
2011-06-10,156422.00,2516.47,957.00,1048.76
2011-06-11,156396.00,2516.46,990.00,976.89
2011-06-12,156422.00,2516.47,856.00,869.11
2011-06-13,156675.00,2516.57,769.00,896.55
2011-06-14,156874.69,2516.65,767.00,867.68
2011-06-15,157026.00,2516.71,740.00,816.28
2011-06-16,156974.94,2516.69,704.00,678.26
2011-06-17,156824.58,2516.63,693.00,617.19
2011-06-18,156874.69,2516.65,686.00,711.26
2011-06-19,157104.00,2516.74,693.00,808.61
2011-06-20,157104.00,2516.74,721.00,721.00
2011-06-21,157000.00,2516.70,788.00,735.57
2011-06-22,157026.00,2516.71,834.00,847.11
2011-06-23,157182.00,2516.77,784.00,862.65
2011-06-24,157182.00,2516.77,711.00,711.00
2011-06-25,157234.00,2516.79,613.00,639.22
2011-06-26,157260.00,2516.80,521.00,534.11
2011-06-27,157467.88,2516.88,508.00,612.80
2011-06-28,157645.00,2516.95,637.00,726.30
2011-06-29,157520.00,2516.90,860.00,796.98
2011-06-30,157312.13,2516.82,938.00,833.20
2011-07-01,157182.00,2516.77,683.00,617.39
2011-07-02,157312.13,2516.82,546.00,611.61
2011-07-03,157364.25,2516.84,639.00,665.28
2011-07-04,157234.00,2516.79,612.00,546.33
2011-07-05,157208.00,2516.78,548.00,534.89
2011-07-06,157338.19,2516.83,535.00,600.64
2011-07-07,157467.88,2516.88,539.00,604.38
2011-07-08,157260.00,2516.80,629.00,524.20
2011-07-09,156370.00,2516.45,871.00,422.30
2011-07-10,155220.00,2516.00,1004.00,424.22
2011-07-11,153985.00,2515.51,1045.00,422.36
2011-07-12,152690.00,2515.00,1086.00,433.11
2011-07-13,151330.00,2514.46,1095.00,409.34
2011-07-14,150020.00,2513.94,1088.00,427.55
2011-07-15,148595.42,2513.37,1125.00,406.78
2011-07-16,147170.00,2512.80,1144.00,425.36
2011-07-17,145738.00,2512.22,1134.00,412.04
2011-07-18,144305.64,2511.64,1092.00,369.86
2011-07-19,142980.00,2511.10,1071.00,402.67
2011-07-20,141486.00,2510.49,1127.00,373.79
2011-07-21,139906.23,2509.84,1188.00,391.54
2011-07-22,138301.88,2509.18,1178.00,369.15
2011-07-23,136454.00,2508.41,1255.00,323.37
2011-07-24,134591.59,2507.63,1293.00,354.05
2011-07-25,132791.39,2506.87,1284.00,376.41
2011-07-26,131028.12,2506.12,1265.00,376.03
2011-07-27,129189.17,2505.33,1246.00,318.88
2011-07-28,127284.00,2504.51,1256.00,295.49
2011-07-29,125373.89,2503.68,1274.00,311.00
2011-07-30,123480.27,2502.85,1278.00,323.31
2011-07-31,121484.00,2501.97,1288.00,281.56
2011-08-01,119464.00,2501.07,1291.00,272.60
2011-08-02,117463.84,2500.17,1287.00,278.60
2011-08-03,115374.00,2499.22,1286.00,232.39
2011-08-04,113339.00,2498.29,1293.00,267.04
2011-08-05,111266.16,2497.33,1289.00,243.96
2011-08-06,109237.90,2496.38,1281.00,258.43
2011-08-07,107226.00,2495.43,1280.00,265.68
2011-08-08,105091.00,2494.41,1276.00,199.62
2011-08-09,102906.00,2493.37,1286.00,184.41
2011-08-10,100700.00,2492.30,1294.00,181.82
2011-08-11,98532.00,2491.23,1283.00,189.98
2011-08-12,96349.00,2490.13,1298.00,197.42
2011-08-13,94110.00,2489.00,1294.00,165.19
2011-08-14,91929.00,2487.88,1283.00,183.43
2011-08-15,89669.00,2486.71,1290.00,150.60
2011-08-16,87427.00,2485.54,1290.00,159.67
2011-08-17,85215.00,2484.36,1293.00,177.80
2011-08-18,83013.00,2483.17,1281.00,170.84
2011-08-19,81098.00,2482.12,1144.00,178.53
2011-08-20,79361.00,2481.14,1071.00,195.28
2011-08-21,77655.00,2480.18,1051.00,190.90
2011-08-22,76084.00,2479.28,975.00,182.97
2011-08-23,74703.00,2478.49,882.00,185.76
2011-08-24,73503.00,2477.80,773.00,168.01
2011-08-25,72473.00,2477.20,669.00,149.72
2011-08-26,71674.00,2476.73,540.00,137.18
2011-08-27,70987.00,2476.32,454.00,107.64
2011-08-28,70358.00,2475.94,399.00,81.88
2011-08-29,69891.00,2475.66,309.00,73.56
2011-08-30,69572.00,2475.47,210.00,49.17
2011-08-31,69358.00,2475.34,144.00,36.11
2011-09-01,69256.00,2475.29,109.00,57.58
2011-09-02,69137.00,2475.22,97.00,37.01
2011-09-03,69055.00,2475.17,97.00,55.66
2011-09-04,68976.00,2475.12,97.00,57.17
2011-09-05,68943.00,2475.09,96.00,79.36
2011-09-06,68875.00,2475.05,96.00,61.72
2011-09-07,68773.00,2474.99,95.00,43.58
2011-09-08,68654.00,2474.92,95.00,35.01
2011-09-09,68587.00,2474.88,95.00,61.22
2011-09-10,68524.16,2474.84,95.00,63.32
2011-09-11,68460.00,2474.80,95.00,62.65
2011-09-12,68380.00,2474.75,95.00,54.67
2011-09-13,68214.79,2474.65,94.00,10.71
2011-09-14,68113.00,2474.59,94.00,42.68
2011-09-15,68011.00,2474.53,94.00,42.58
2011-09-16,67896.00,2474.46,94.00,36.02
2011-09-17,67832.00,2474.42,96.00,63.73
2011-09-18,67880.00,2474.45,96.00,120.20
2011-09-19,67800.00,2474.40,96.00,55.67
2011-09-20,67752.27,2474.37,96.00,71.94
2011-09-21,67688.12,2474.33,96.00,63.66
2011-09-22,67589.00,2474.27,95.00,45.03
2011-09-23,67589.00,2474.27,95.00,95.00
2011-09-24,67555.00,2474.25,95.00,77.86
2011-09-25,67435.00,2474.18,95.00,34.50
2011-09-26,67521.00,2474.23,95.00,138.36
2011-09-27,67606.00,2474.28,95.00,137.85
2011-09-28,67589.00,2474.27,95.00,86.43
2011-09-29,67572.00,2474.26,95.00,86.43
2011-09-30,67452.96,2474.19,95.00,34.98
2011-10-01,67435.91,2474.18,95.00,85.81
2011-10-02,67384.79,2474.15,95.00,69.08
2011-10-03,67334.09,2474.12,94.00,68.54
2011-10-04,67284.00,2474.09,94.00,68.63
2011-10-05,67268.00,2474.08,94.00,85.76
2011-10-06,67236.00,2474.06,94.00,77.56
2011-10-07,67172.00,2474.02,94.00,61.43
2011-10-08,67140.00,2474.00,95.00,78.35
2011-10-09,67124.00,2473.99,95.00,86.40
2011-10-10,67172.00,2474.02,95.00,118.88
2011-10-11,68231.84,2474.66,96.00,630.09
2011-10-12,68976.04,2475.11,96.00,471.22
2011-10-13,69239.00,2475.27,96.00,228.60
2011-10-14,69442.96,2475.39,96.00,198.85
2011-10-15,69524.00,2475.44,96.00,136.88
2011-10-16,69604.00,2475.49,96.00,136.35
2011-10-17,69604.00,2475.49,96.00,96.02
2011-10-18,69588.00,2475.48,96.00,87.95
2011-10-19,69604.00,2475.49,96.00,104.09
2011-10-20,69604.00,2475.49,96.00,96.02
2011-10-21,69654.00,2475.52,96.00,121.23
2011-10-22,70477.00,2476.01,97.00,512.20
2011-10-23,71236.00,2476.46,98.00,481.06
2011-10-24,71537.75,2476.64,97.00,250.51
2011-10-25,71725.00,2476.75,97.00,192.79
2011-10-26,71912.25,2476.86,99.00,194.84
2011-10-27,71997.00,2476.91,100.00,144.75
2011-10-28,72303.00,2477.09,101.00,257.15
2011-10-29,72507.00,2477.21,101.00,206.11
2011-10-30,72949.00,2477.47,101.00,326.10
2011-10-31,73401.00,2477.73,101.00,331.14
2011-11-01,73672.96,2477.89,101.00,240.37
2011-11-02,73894.00,2478.02,101.00,214.70
2011-11-03,74101.73,2478.14,101.00,207.99
2011-11-04,74244.00,2478.22,101.00,175.05
2011-11-05,74312.00,2478.26,102.00,138.73
2011-11-06,74380.00,2478.30,102.00,138.79
2011-11-07,74499.29,2478.37,102.00,164.24
2011-11-08,74515.91,2478.38,102.00,112.80
2011-11-09,74567.00,2478.41,102.00,130.26
2011-11-10,74601.00,2478.43,102.00,121.65
2011-11-11,74828.00,2478.56,102.00,218.95
2011-11-12,75018.88,2478.67,102.00,200.90
2011-11-13,75590.00,2479.00,104.00,394.80
2011-11-14,76171.13,2479.33,104.00,400.02
2011-11-15,76392.00,2479.46,104.00,218.39
2011-11-16,76854.00,2479.72,104.00,339.96
2011-11-17,77109.29,2479.87,104.00,235.17
2011-11-18,77268.00,2479.96,104.00,186.89
2011-11-19,77340.00,2480.00,104.00,143.34
2011-11-20,77394.00,2480.03,104.00,134.26
2011-11-21,77554.09,2480.12,104.00,187.75
2011-11-22,77942.18,2480.34,104.00,302.70
2011-11-23,78203.00,2480.49,104.00,238.53
2011-11-24,78525.87,2480.67,104.00,269.81
2011-11-25,78598.00,2480.71,104.00,143.40
2011-11-26,78688.00,2480.76,104.00,152.41
2011-11-27,79128.00,2481.01,104.00,329.38
2011-11-28,79451.95,2481.19,105.00,271.65
2011-11-29,79704.13,2481.33,105.00,235.46
2011-11-30,79966.00,2481.48,105.00,240.34
2011-12-01,80144.00,2481.58,105.00,198.06
2011-12-02,80251.73,2481.64,105.00,162.63
2011-12-03,80378.00,2481.71,105.00,171.98
2011-12-04,80468.00,2481.76,105.00,153.69
2011-12-05,80522.00,2481.79,105.00,135.54
2011-12-06,80594.13,2481.83,105.00,144.69
2011-12-07,80630.22,2481.85,105.00,126.51
2011-12-08,80666.30,2481.87,105.00,126.51
2011-12-09,80954.00,2482.03,105.00,253.37
2011-12-10,80972.00,2482.04,105.00,117.39
2011-12-11,80990.00,2482.05,105.00,117.39
2011-12-12,80972.00,2482.04,105.00,99.24
2011-12-13,80936.00,2482.02,105.00,90.17
2011-12-14,80936.00,2482.02,105.00,108.32
2011-12-15,80954.00,2482.03,105.00,117.39
2011-12-16,80954.00,2482.03,105.00,108.32
2011-12-17,80900.00,2482.00,105.00,81.09
2011-12-18,80918.00,2482.01,105.00,117.39
2011-12-19,80900.00,2482.00,105.00,99.24
2011-12-20,80900.00,2482.00,105.00,108.32
2011-12-21,80864.00,2481.98,105.00,90.17
2011-12-22,80828.00,2481.96,109.00,94.06
2011-12-23,80810.00,2481.95,111.00,105.00
2011-12-24,80828.00,2481.96,111.00,123.15
2011-12-25,80864.00,2481.98,111.00,132.23
2011-12-26,80846.00,2481.97,111.00,105.00
2011-12-27,81336.00,2482.24,112.00,361.98
2011-12-28,85101.00,2484.29,120.00,2021.33
2011-12-29,88575.72,2486.14,120.00,1875.83
2011-12-30,90410.00,2487.10,119.00,1047.11
2011-12-31,91342.00,2487.58,119.00,592.10
2012-01-01,91929.90,2487.88,118.00,418.61
2012-01-02,92473.81,2488.16,118.00,396.44
2012-01-03,92800.15,2488.33,118.00,286.74
2012-01-04,93349.05,2488.61,118.00,398.96
2012-01-05,94170.00,2489.03,116.00,533.25
2012-01-06,94720.05,2489.31,109.00,391.39
2012-01-07,95100.00,2489.50,109.00,305.64
2012-01-08,95419.80,2489.66,109.00,275.31
2012-01-09,95730.10,2489.82,109.00,270.52
2012-01-10,95930.00,2489.92,109.00,214.81
2012-01-11,96150.00,2490.03,100.00,213.78
2012-01-12,96290.00,2490.10,94.00,165.05
2012-01-13,96469.95,2490.19,101.00,191.53
2012-01-14,96710.05,2490.31,101.00,221.85
2012-01-15,96849.90,2490.38,101.00,171.31
2012-01-16,97010.00,2490.46,101.00,181.52
2012-01-17,97270.00,2490.59,101.00,231.88
2012-01-18,97550.00,2490.73,102.00,242.83
2012-01-19,97730.10,2490.82,102.00,192.82
2012-01-20,97910.00,2490.91,102.00,192.72
2012-01-21,98090.00,2491.00,101.00,191.89
2012-01-22,98230.00,2491.07,102.00,172.55
2012-01-23,98230.00,2491.07,102.00,102.01
2012-01-24,98553.00,2491.23,102.00,264.87
2012-01-25,99060.00,2491.48,102.00,357.93
2012-01-26,99419.80,2491.66,102.00,283.44
2012-01-27,99521.00,2491.71,102.00,153.04
2012-01-28,99647.00,2491.77,102.00,165.55
2012-01-29,100499.95,2492.19,103.00,533.36
2012-01-30,101687.00,2492.77,104.00,702.98
2012-01-31,102370.00,2493.10,104.00,448.85
2012-02-01,102947.90,2493.38,104.00,395.85
2012-02-02,103300.00,2493.55,104.00,282.02
2012-02-03,103588.95,2493.69,104.00,250.18
2012-02-04,103840.05,2493.81,104.00,231.10
2012-02-05,104020.00,2493.90,104.00,195.23
2012-02-06,104188.00,2493.98,104.00,189.21
2012-02-07,104314.00,2494.04,104.00,165.85
2012-02-08,104482.10,2494.12,104.00,185.55
2012-02-09,104628.95,2494.19,104.00,174.83
2012-02-10,104713.00,2494.23,104.00,143.18
2012-02-11,104839.00,2494.29,104.00,164.32
2012-02-12,104923.16,2494.33,104.00,143.23
2012-02-13,104965.26,2494.35,104.00,122.03
2012-02-14,105048.95,2494.39,104.00,142.99
2012-02-15,105091.00,2494.41,104.00,122.00
2012-02-16,105154.00,2494.44,104.00,132.56
2012-02-17,105300.00,2494.51,104.00,174.41
2012-02-18,105668.95,2494.69,104.00,286.81
2012-02-19,105668.95,2494.69,104.00,100.80
2012-02-20,105795.00,2494.75,104.00,164.35
2012-02-21,107358.00,2495.49,108.00,892.50
2012-02-22,111032.00,2497.22,117.00,1965.86
2012-02-23,112390.27,2497.85,110.00,792.38
2012-02-24,113255.00,2498.25,110.00,542.97
2012-02-25,113954.00,2498.57,109.00,458.20
2012-02-26,114366.00,2498.76,109.00,313.48
2012-02-27,114670.00,2498.90,109.00,259.03
2012-02-28,114912.00,2499.01,109.00,227.77
2012-02-29,115197.68,2499.14,109.00,249.79
2012-03-01,115418.00,2499.24,109.00,216.84
2012-03-02,115660.27,2499.35,109.00,227.91
2012-03-03,115902.00,2499.46,110.00,228.40
2012-03-04,116100.00,2499.55,110.00,206.86
2012-03-05,116496.00,2499.73,110.00,306.69
2012-03-06,116716.16,2499.83,110.00,218.03
2012-03-07,116914.00,2499.92,110.00,206.78
2012-03-08,117046.00,2499.98,110.00,173.59
2012-03-09,117178.00,2500.04,110.00,173.59
2012-03-10,117463.84,2500.17,110.00,251.14
2012-03-11,117621.00,2500.27,110.00,186.27
2012-03-12,118068.00,2500.44,110.00,332.40
2012-03-13,118244.00,2500.52,110.00,195.77
2012-03-14,118507.68,2500.64,110.00,242.29
2012-03-15,118266.00,2500.53,397.00,309.40
2012-03-16,117634.00,2500.28,536.00,217.47
2012-03-17,117112.00,2500.01,536.00,272.90
2012-03-18,116474.00,2499.72,533.00,211.76
2012-03-19,116122.00,2499.56,341.00,187.03
2012-03-20,116474.00,2499.72,131.00,310.18
2012-03-21,116606.00,2499.78,110.00,177.27
2012-03-22,116694.11,2499.82,110.00,155.14
2012-03-23,116738.22,2499.84,110.00,132.96
2012-03-24,116782.32,2499.86,110.00,132.95
2012-03-25,116825.89,2499.88,110.00,132.67
2012-03-26,116847.95,2499.89,109.00,121.16
2012-03-27,116914.00,2499.92,110.00,143.94
2012-03-28,117024.00,2499.97,111.00,166.16
2012-03-29,117556.00,2500.22,111.00,378.93
2012-03-30,117947.92,2500.39,112.00,309.00
2012-03-31,118376.00,2500.58,112.00,327.65
2012-04-01,118686.00,2500.72,111.00,267.18
2012-04-02,118892.05,2500.81,111.00,214.70
2012-04-03,119134.00,2500.92,111.00,232.84
2012-04-04,119310.00,2501.00,111.00,199.68
2012-04-05,119442.00,2501.06,111.00,177.78
2012-04-06,119553.05,2501.11,111.00,166.96
2012-04-07,119690.83,2501.17,112.00,180.83
2012-04-08,119826.00,2501.23,112.00,179.98
2012-04-09,119980.00,2501.30,112.00,189.80
2012-04-10,120186.95,2501.39,112.00,216.70
2012-04-11,120584.00,2501.57,114.00,313.03
2012-04-12,121056.00,2501.78,114.00,350.92
2012-04-13,121462.00,2501.96,114.00,317.64
2012-04-14,121955.89,2502.18,114.00,362.09
2012-04-15,122504.00,2502.42,114.00,389.74
2012-04-16,123458.22,2502.84,123.00,603.92
2012-04-17,124349.00,2503.23,115.00,563.42
2012-04-18,125098.00,2503.56,117.00,491.71
2012-04-19,125903.00,2503.91,119.00,520.29
2012-04-20,127356.00,2504.54,123.00,848.84
2012-04-21,128698.12,2505.12,126.00,793.76
2012-04-22,130424.35,2505.86,128.00,988.11
2012-04-23,132860.00,2506.90,270.00,1497.43
2012-04-24,135446.00,2507.99,400.00,1677.11
2012-04-25,137101.88,2508.68,505.00,1345.32
2012-04-26,138253.77,2509.16,701.00,1281.79
2012-04-27,138375.00,2509.21,1011.00,1073.90
2012-04-28,137822.00,2508.98,1157.00,874.91
2012-04-29,137150.00,2508.70,1155.00,810.17
2012-04-30,137414.06,2508.81,1153.00,1281.61
2012-05-01,137630.00,2508.90,1158.00,1259.62
2012-05-02,137198.00,2508.72,1155.00,929.67
2012-05-03,136862.00,2508.58,1030.00,852.68
2012-05-04,136958.13,2508.62,811.00,854.95
2012-05-05,137510.30,2508.85,660.00,928.65
2012-05-06,138086.00,2509.09,539.00,819.99
2012-05-07,138648.00,2509.32,474.00,744.40
2012-05-08,139200.00,2509.55,416.00,682.97
2012-05-09,139785.00,2509.79,400.00,696.52
2012-05-10,140362.00,2510.03,401.00,692.48
2012-05-11,140804.00,2510.21,433.00,657.16
2012-05-12,141195.42,2510.37,459.00,657.36
2012-05-13,141824.58,2510.63,500.00,819.86
2012-05-14,143195.94,2511.19,554.00,1250.63
2012-05-15,145290.00,2512.04,611.00,1673.12
2012-05-16,147026.00,2512.74,658.00,1542.32
2012-05-17,148220.00,2513.22,704.00,1316.37
2012-05-18,148895.00,2513.49,750.00,1104.54
2012-05-19,149120.00,2513.58,800.00,931.86
2012-05-20,149244.58,2513.63,850.00,933.90
2012-05-21,149845.42,2513.87,870.00,1193.86
2012-05-22,151205.00,2514.41,868.00,1578.34
2012-05-23,152815.00,2515.05,914.00,1749.89
2012-05-24,153525.19,2515.33,978.00,1363.17
2012-05-25,153726.00,2515.41,935.00,1064.62
2012-05-26,153934.00,2515.49,821.00,958.21
2012-05-27,154384.81,2515.67,702.00,959.06
2012-05-28,154995.00,2515.91,618.00,952.75
2012-05-29,155530.13,2516.12,593.00,893.48
2012-05-30,155930.00,2516.28,591.00,825.85
2012-05-31,156700.00,2516.58,665.00,1088.59
2012-06-01,157695.00,2516.97,965.00,1513.40
2012-06-02,157720.00,2516.98,1465.00,1528.68
2012-06-03,157052.00,2516.72,1522.00,1238.42
2012-06-04,156824.58,2516.63,1154.00,1090.95
2012-06-05,157000.00,2516.70,999.00,1140.65
2012-06-06,156949.88,2516.68,942.00,968.54
2012-06-07,156974.94,2516.69,828.00,896.95
2012-06-08,156974.94,2516.69,755.00,810.27
2012-06-09,157078.00,2516.73,678.00,780.76
2012-06-10,157182.00,2516.77,649.00,750.34
2012-06-11,157312.13,2516.82,697.00,817.46
2012-06-12,157493.94,2516.89,814.00,971.20
2012-06-13,157570.00,2516.92,976.00,1085.53
2012-06-14,157234.00,2516.79,1017.00,918.53
2012-06-15,157104.00,2516.74,805.00,812.89
2012-06-16,157208.00,2516.78,735.00,857.14
2012-06-17,157695.00,2516.97,923.00,1245.13
2012-06-18,157595.00,2516.93,1241.00,1273.53
2012-06-19,157286.06,2516.81,1142.00,1063.28
2012-06-20,157156.00,2516.76,862.00,869.43
2012-06-21,157234.00,2516.79,782.00,889.03
2012-06-22,157416.38,2516.86,841.00,996.15
2012-06-23,157390.31,2516.85,899.00,947.70
2012-06-24,157338.19,2516.83,782.00,815.18
2012-06-25,157416.38,2516.86,609.00,689.73
2012-06-26,157620.00,2516.94,594.00,735.91
2012-06-27,157645.00,2516.95,615.00,664.72
2012-06-28,157645.00,2516.95,612.00,650.65
2012-06-29,157520.00,2516.90,729.00,718.96
2012-06-30,157286.06,2516.81,792.00,724.95
2012-07-01,157234.00,2516.79,717.00,734.54
2012-07-02,157078.00,2516.73,680.00,641.33
2012-07-03,157052.00,2516.72,658.00,685.86
2012-07-04,156775.06,2516.61,658.00,559.69
2012-07-05,156474.00,2516.49,658.00,546.76
2012-07-06,156162.44,2516.37,691.00,575.18
2012-07-07,155980.00,2516.30,677.00,625.63
2012-07-08,156110.31,2516.35,647.00,752.34
2012-07-09,156213.94,2516.39,612.00,702.25
2012-07-10,156084.25,2516.34,683.00,662.02
2012-07-11,155350.00,2516.05,911.00,541.30
2012-07-12,154260.13,2515.62,1072.00,521.15
2012-07-13,153121.81,2515.17,1099.00,523.58
2012-07-14,152008.00,2514.73,1096.00,532.57
2012-07-15,150519.64,2514.14,1093.00,339.37
2012-07-16,149095.00,2513.57,1130.00,406.98
2012-07-17,147595.00,2512.97,1159.00,397.79
2012-07-18,146055.31,2512.35,1153.00,372.19
2012-07-19,144500.00,2511.72,1150.00,360.67
2012-07-20,143051.59,2511.13,1151.00,414.49
2012-07-21,141438.00,2510.47,1170.00,347.77
2012-07-22,139610.00,2509.72,1215.00,284.39
2012-07-23,137726.00,2508.94,1249.00,287.76
2012-07-24,135758.13,2508.12,1261.00,257.03
2012-07-25,133834.06,2507.31,1269.00,287.14
2012-07-26,131851.00,2506.47,1282.00,269.12
2012-07-27,129796.00,2505.59,1323.00,241.31
2012-07-28,127683.89,2504.68,1323.00,212.55
2012-07-29,125581.00,2503.77,1319.00,214.27
2012-07-30,123458.22,2502.84,1319.00,203.16
2012-07-31,121330.00,2501.90,1316.00,199.76
2012-08-01,119134.00,2500.93,1323.00,169.87
2012-08-02,116980.00,2499.95,1326.00,196.54
2012-08-03,114758.00,2498.94,1337.00,174.36
2012-08-04,112521.00,2497.91,1337.00,165.06
2012-08-05,110262.00,2496.87,1341.00,160.16
2012-08-06,108052.00,2495.83,1337.00,181.52
2012-08-07,105816.00,2494.77,1341.00,169.59
2012-08-08,103547.00,2493.68,1344.00,158.91
2012-08-09,101240.00,2492.56,1334.00,141.23
2012-08-10,98960.00,2491.44,1337.00,187.45
2012-08-11,96610.00,2490.27,1334.00,148.90
2012-08-12,94310.00,2489.11,1334.00,173.17
2012-08-13,91970.00,2487.91,1337.00,156.22
2012-08-14,89650.00,2486.71,1330.00,161.02
2012-08-15,87351.00,2485.49,1326.00,167.50
2012-08-16,85063.00,2484.27,1319.00,166.12
2012-08-17,82738.00,2483.01,1330.00,157.98
2012-08-18,80468.00,2481.76,1330.00,185.93
2012-08-19,78169.00,2480.47,1330.00,171.75
2012-08-20,75813.00,2479.13,1330.00,140.90
2012-08-21,73520.00,2477.80,1330.00,174.76
2012-08-22,71172.00,2476.42,1330.00,144.65
2012-08-23,68892.00,2475.06,1324.00,167.06
2012-08-24,66553.00,2473.64,1310.00,120.74
2012-08-25,64476.00,2472.36,1218.00,156.58
2012-08-26,62549.00,2471.15,1110.00,119.83
2012-08-27,60989.00,2470.16,970.00,163.01
2012-08-28,59628.00,2469.28,795.00,97.89
2012-08-29,58580.00,2468.60,644.00,122.15
2012-08-30,57795.00,2468.09,483.00,98.96
2012-08-31,57300.00,2467.76,328.00,93.75
2012-09-01,56825.00,2467.45,282.00,55.84
2012-09-02,56389.85,2467.16,278.00,73.89
2012-09-03,55969.93,2466.88,276.00,80.29
2012-09-04,55684.96,2466.69,204.00,77.60
2012-09-05,55565.04,2466.61,127.00,82.47
2012-09-06,55475.00,2466.55,103.00,57.11
2012-09-07,55316.00,2466.44,98.00,18.22
2012-09-08,55260.00,2466.40,98.00,70.15
2012-09-09,55170.15,2466.34,97.00,52.32
2012-09-10,55050.00,2466.26,97.00,37.06
2012-09-11,55050.00,2466.26,98.00,98.39
2012-09-12,54899.85,2466.16,98.00,22.69
2012-09-13,54854.74,2466.13,98.00,75.62
2012-09-14,54780.00,2466.08,97.00,60.03
2012-09-15,54705.00,2466.03,97.00,59.38
2012-09-16,54645.00,2465.99,97.00,67.12
2012-09-17,54540.00,2465.92,97.00,44.26
2012-09-18,54450.22,2465.86,97.00,51.93
2012-09-19,54390.07,2465.82,97.00,66.86
2012-09-20,54290.00,2465.75,97.00,46.26
2012-09-21,54174.89,2465.67,95.00,38.43
2012-09-22,54070.00,2465.60,95.00,43.14
2012-09-23,53935.00,2465.51,95.00,27.96
2012-09-24,53830.00,2465.44,95.00,43.08
2012-09-25,53739.93,2465.38,95.00,50.61
2012-09-26,53620.00,2465.30,95.00,35.56
2012-09-27,53564.00,2465.26,95.00,67.79
2012-09-28,53480.00,2465.20,95.00,53.26
2012-09-29,53360.07,2465.12,94.00,34.71
2012-09-30,53240.00,2465.04,94.00,34.32
2012-10-01,53195.00,2465.01,94.00,72.17
2012-10-02,52974.21,2464.86,94.00,20.00
2012-10-03,52830.00,2464.76,94.00,17.59
2012-10-04,52697.90,2464.67,93.00,23.70
2012-10-05,52585.00,2464.59,93.00,33.38
2012-10-06,52480.00,2464.52,93.00,36.89
2012-10-07,52405.00,2464.47,94.00,54.12
2012-10-08,52330.00,2464.42,96.00,55.88
2012-10-09,52230.17,2464.35,96.00,43.37
2012-10-10,52130.00,2464.28,96.00,43.19
2012-10-11,52010.00,2464.20,96.00,33.20
2012-10-12,51911.76,2464.13,96.00,44.17
2012-10-13,51898.07,2464.12,96.00,86.79
2012-10-14,51939.83,2464.15,95.00,114.75
2012-10-15,52145.00,2464.29,95.00,197.42
2012-10-16,52555.00,2464.57,95.00,300.78
2012-10-17,52628.07,2464.62,96.00,131.52
2012-10-18,52711.93,2464.68,96.00,137.13
2012-10-19,53494.00,2465.21,97.00,490.67
2012-10-20,54144.82,2465.65,97.00,425.32
2012-10-21,54390.07,2465.82,97.00,220.85
2012-10-22,54600.00,2465.96,97.00,203.03
2012-10-23,54705.00,2466.03,96.00,148.80
2012-10-24,54840.07,2466.12,95.00,162.95
2012-10-25,54929.93,2466.18,95.00,140.15
2012-10-26,55020.00,2466.24,95.00,140.27
2012-10-27,55580.07,2466.62,96.00,378.52
2012-10-28,56964.00,2467.54,96.00,793.40
2012-10-29,60104.00,2469.59,100.00,1682.99
2012-10-30,62980.00,2471.42,101.00,1550.75
2012-10-31,65046.00,2472.71,102.00,1143.63
2012-11-01,66224.00,2473.44,100.00,693.55
2012-11-02,67108.00,2473.98,98.00,544.40
2012-11-03,67928.00,2474.48,100.00,512.99
2012-11-04,68807.00,2475.01,100.00,542.75
2012-11-05,69572.00,2475.47,100.00,485.27
2012-11-06,70178.12,2475.83,100.00,405.35
2012-11-07,70562.00,2476.06,101.00,293.85
2012-11-08,70919.00,2476.27,101.00,280.79
2012-11-09,71172.00,2476.42,101.00,228.35
2012-11-10,71385.00,2476.55,101.00,208.19
2012-11-11,71640.00,2476.70,101.00,229.36
2012-11-12,71878.16,2476.84,101.00,220.87
2012-11-13,72065.00,2476.95,101.00,195.00
2012-11-14,72455.91,2477.18,102.00,299.03
2012-11-15,72694.09,2477.32,102.00,222.10
2012-11-16,72881.00,2477.43,96.00,190.47
2012-11-17,73126.00,2477.57,93.00,216.07
2012-11-18,73520.00,2477.80,93.00,291.39
2012-11-19,74756.00,2478.52,98.00,721.19
2012-11-20,75921.95,2479.19,98.00,685.82
2012-11-21,76888.00,2479.74,96.00,583.06
2012-11-22,77502.00,2480.09,96.00,405.58
2012-11-23,78616.00,2480.72,97.00,658.94
2012-11-24,79966.00,2481.48,98.00,779.53
2012-11-25,80846.00,2481.97,97.00,540.99
2012-11-26,81486.00,2482.32,97.00,419.86
2012-11-27,81954.00,2482.58,97.00,333.15
2012-11-28,82378.05,2482.81,97.00,310.99
2012-11-29,82702.00,2482.99,97.00,260.52
2012-11-30,83051.91,2483.18,97.00,273.61
2012-12-01,83365.23,2483.35,97.00,255.17
2012-12-02,84028.00,2483.71,97.00,431.91
2012-12-03,84750.00,2484.10,98.00,462.43
2012-12-04,86132.18,2484.84,101.00,797.36
2012-12-05,87275.00,2485.45,101.00,676.97
2012-12-06,88177.00,2485.93,101.00,555.56
2012-12-07,89031.91,2486.38,101.00,532.09
2012-12-08,89498.09,2486.62,102.00,337.05
2012-12-09,89916.19,2486.84,102.00,312.45
2012-12-10,90296.00,2487.04,102.00,292.91
2012-12-11,90705.00,2487.25,102.00,308.23
2012-12-12,91019.00,2487.41,102.00,260.33
2012-12-13,91247.00,2487.53,102.00,216.97
2012-12-14,91499.80,2487.66,95.00,222.37
2012-12-15,91810.10,2487.82,92.00,247.86
2012-12-16,92141.00,2487.99,92.00,258.25
2012-12-17,92454.77,2488.15,90.00,248.79
2012-12-18,92626.00,2488.24,92.00,177.70
2012-12-19,92880.34,2488.37,92.00,219.65
2012-12-20,93060.00,2488.46,92.00,182.00
2012-12-21,93159.00,2488.51,92.00,141.33
2012-12-22,93235.00,2488.55,92.00,129.74
2012-12-23,93349.05,2488.61,92.00,148.92
2012-12-24,93424.77,2488.65,90.00,128.99
2012-12-25,93540.00,2488.71,92.00,149.52
2012-12-26,93600.00,2488.74,92.00,121.67
2012-12-27,93700.00,2488.79,92.00,141.69
2012-12-28,93700.00,2488.79,92.00,91.42
2012-12-29,93700.00,2488.79,92.00,91.33
2012-12-30,93700.00,2488.79,92.00,91.23
2012-12-31,93720.00,2488.80,92.00,101.50
2013-01-01,93720.00,2488.80,92.00,90.94
2013-01-02,93620.00,2488.75,92.00,40.58
2013-01-03,93700.00,2488.79,90.00,130.86
2013-01-04,93680.00,2488.78,90.00,80.21
2013-01-05,93720.00,2488.80,90.00,110.48
2013-01-06,93760.10,2488.82,90.00,110.52
2013-01-07,94091.00,2488.99,90.00,257.67
2013-01-08,94369.66,2489.13,92.00,231.91
2013-01-09,94643.00,2489.27,92.00,229.23
2013-01-10,94820.30,2489.36,92.00,180.81
2013-01-11,94940.00,2489.42,92.00,151.77
2013-01-12,95040.00,2489.47,92.00,141.84
2013-01-13,95140.00,2489.52,92.00,141.84
2013-01-14,95260.00,2489.58,92.00,151.92
2013-01-15,95340.10,2489.62,92.00,131.80
2013-01-16,95399.76,2489.65,92.00,121.50
2013-01-17,95479.95,2489.69,92.00,131.85
2013-01-18,95519.00,2489.71,92.00,110.25
2013-01-19,95538.00,2489.72,92.00,99.88
2013-01-20,95595.00,2489.75,92.00,119.04
2013-01-21,95633.00,2489.77,92.00,109.46
2013-01-22,95633.00,2489.77,92.00,90.30
2013-01-23,95710.05,2489.81,92.00,129.14
2013-01-24,95770.20,2489.84,92.00,120.62
2013-01-25,95890.00,2489.90,92.00,150.70
2013-01-26,95950.00,2489.93,92.00,120.55
2013-01-27,96030.00,2489.97,92.00,130.63
2013-01-28,96210.00,2490.06,92.00,181.05
2013-01-29,96389.76,2490.15,92.00,180.94
2013-01-30,96570.00,2490.24,93.00,182.29
2013-01-31,96830.34,2490.37,93.00,222.75
2013-02-01,97050.00,2490.48,94.00,203.30
2013-02-02,97270.00,2490.59,93.00,202.79
2013-02-03,97449.90,2490.68,93.00,182.12
2013-02-04,97610.00,2490.76,93.00,172.14
2013-02-05,97890.00,2490.90,93.00,232.59
2013-02-06,98130.00,2491.02,94.00,213.03
2013-02-07,98310.05,2491.11,93.00,182.67
2013-02-08,98449.90,2491.18,93.00,162.40
2013-02-09,98595.00,2491.25,93.00,164.58
2013-02-10,98740.10,2491.32,93.00,164.58
2013-02-11,98820.30,2491.36,93.00,131.85
2013-02-12,98960.00,2491.43,93.00,162.06
2013-02-13,99140.00,2491.52,94.00,183.73
2013-02-14,99300.00,2491.60,95.00,174.15
2013-02-15,99439.85,2491.67,95.00,164.21
2013-02-16,99689.00,2491.79,95.00,219.14
2013-02-17,99869.90,2491.88,95.00,184.75
2013-02-18,99950.00,2491.92,95.00,134.08
2013-02-19,100070.00,2491.98,95.00,153.79
2013-02-20,100152.00,2492.02,94.00,134.26
2013-02-21,100399.70,2492.14,94.00,217.44
2013-02-22,100762.10,2492.32,94.00,275.64
2013-02-23,100951.00,2492.41,94.00,187.90
2013-02-24,101014.00,2492.44,94.00,124.87
2013-02-25,101200.00,2492.53,94.00,186.72
2013-02-26,101240.00,2492.55,95.00,113.68
2013-02-27,101340.00,2492.60,95.00,143.82
2013-02-28,101582.00,2492.72,95.00,215.71
2013-03-01,101980.00,2492.91,96.00,295.00
2013-03-02,102570.00,2493.20,96.00,392.35
2013-03-03,103116.00,2493.46,96.00,370.13
2013-03-04,103504.74,2493.65,96.00,290.84
2013-03-05,103820.00,2493.80,96.00,253.80
2013-03-06,104146.00,2493.96,96.00,259.21
2013-03-07,104377.00,2494.07,96.00,211.32
2013-03-08,104607.90,2494.18,96.00,211.26
2013-03-09,104776.00,2494.26,96.00,179.60
2013-03-10,104944.20,2494.34,96.00,179.66
2013-03-11,105133.00,2494.43,96.00,190.04
2013-03-12,105753.00,2494.73,97.00,408.86
2013-03-13,106845.00,2495.25,100.00,648.35
2013-03-14,108052.10,2495.82,100.00,706.78
2013-03-15,109521.00,2496.51,100.00,839.43
2013-03-16,111310.27,2497.35,101.00,1001.98
2013-03-17,112605.00,2497.95,101.00,752.35
2013-03-18,113470.27,2498.35,101.00,535.80
2013-03-19,114085.63,2498.63,101.00,409.83
2013-03-20,114802.00,2498.96,101.00,460.19
2013-03-21,115330.00,2499.20,100.00,365.06
2013-03-22,115638.22,2499.34,101.00,254.98
2013-03-23,115924.00,2499.47,101.00,243.67
2013-03-24,116144.00,2499.57,101.00,210.50
2013-03-25,116341.78,2499.66,101.00,199.30
2013-03-26,116518.00,2499.74,101.00,188.43
2013-03-27,116716.16,2499.83,101.00,199.49
2013-03-28,116870.00,2499.90,101.00,177.15
2013-03-29,117068.00,2499.99,101.00,199.69
2013-03-30,117375.63,2500.13,101.00,255.18
2013-03-31,117788.00,2500.34,102.00,308.70
2013-04-01,118640.00,2500.70,102.00,519.38
2013-04-02,119737.00,2501.20,102.00,641.71
2013-04-03,120765.00,2501.66,102.00,608.04
2013-04-04,121978.00,2502.19,103.00,692.68
2013-04-05,124717.00,2503.39,104.00,1469.97
2013-04-06,127546.00,2504.63,104.00,1515.83
2013-04-07,129557.00,2505.50,105.00,1109.76
2013-04-08,130773.00,2506.01,107.00,695.22
2013-04-09,131644.00,2506.38,105.00,530.64
2013-04-10,133220.00,2507.06,107.00,883.67
2013-04-11,134976.00,2507.80,107.00,991.08
2013-04-12,136358.00,2508.37,107.00,802.59
2013-04-13,137558.00,2508.87,107.00,711.09
2013-04-14,138326.00,2509.20,108.00,494.24
2013-04-15,139056.00,2509.49,108.00,475.08
2013-04-16,139463.77,2509.66,108.00,312.75
2013-04-17,139785.00,2509.79,148.00,310.04
2013-04-18,139954.36,2509.86,240.00,315.96
2013-04-19,140629.64,2510.14,263.00,589.59
2013-04-20,141775.06,2510.61,267.00,827.10
2013-04-21,142855.00,2511.05,272.00,795.31
2013-04-22,143395.00,2511.27,352.00,595.58
2013-04-23,143590.30,2511.35,454.00,511.55
2013-04-24,143494.06,2511.31,572.00,517.82
2013-04-25,143245.00,2511.21,697.00,557.56
2013-04-26,143171.88,2511.18,691.00,642.56
2013-04-27,143590.30,2511.35,642.00,840.04
2013-04-28,144281.59,2511.63,642.00,978.78
2013-04-29,145539.64,2512.14,634.00,1255.81
2013-04-30,145690.00,2512.20,689.00,750.56
2013-05-01,145390.00,2512.08,779.00,612.33
2013-05-02,144820.30,2511.85,865.00,567.12
2013-05-03,144258.13,2511.62,899.00,606.03
2013-05-04,144135.00,2511.57,858.00,790.81
2013-05-05,144600.00,2511.76,789.00,1020.32
2013-05-06,145415.00,2512.09,796.00,1207.70
2013-05-07,146530.00,2512.54,888.00,1454.13
2013-05-08,147770.00,2513.04,939.00,1570.96
2013-05-09,148945.00,2513.51,935.00,1539.56
2013-05-10,150095.00,2513.97,935.00,1529.56
2013-05-11,151230.00,2514.42,935.00,1524.98
2013-05-12,152414.94,2514.89,935.00,1520.17
2013-05-13,153674.94,2515.39,876.00,1505.90
2013-05-14,154510.00,2515.72,769.00,1190.58
2013-05-15,154995.00,2515.91,606.00,848.95
2013-05-16,155480.00,2516.10,492.00,735.63
2013-05-17,156032.13,2516.32,461.00,739.37
2013-05-18,156500.00,2516.50,461.00,696.89
2013-05-19,156874.69,2516.65,460.00,650.44
2013-05-20,157156.00,2516.76,499.00,642.76
2013-05-21,157416.38,2516.86,561.00,694.29
2013-05-22,157620.00,2516.94,569.00,672.19
2013-05-23,157695.00,2516.97,531.00,570.31
2013-05-24,157645.00,2516.95,499.00,474.63
2013-05-25,157620.00,2516.94,462.00,452.03
2013-05-26,157645.00,2516.95,449.00,463.30
2013-05-27,157770.00,2517.00,477.00,544.60
2013-05-28,157695.00,2516.97,598.00,562.61
2013-05-29,157720.00,2516.98,659.00,675.43
2013-05-30,157720.00,2516.98,681.00,684.46
2013-05-31,157670.00,2516.96,626.00,602.23
2013-06-01,157695.00,2516.97,600.00,615.25
2013-06-02,157645.00,2516.95,600.00,577.12
2013-06-03,157645.00,2516.95,600.00,602.90
2013-06-04,157670.00,2516.96,615.00,631.03
2013-06-05,157796.00,2517.01,647.00,713.27
2013-06-06,157770.00,2517.00,719.00,711.24
2013-06-07,157720.00,2516.98,710.00,692.29
2013-06-08,157796.00,2517.01,584.00,625.59
2013-06-09,157796.00,2517.01,549.00,553.16
2013-06-10,157670.00,2516.96,549.00,489.63
2013-06-11,157390.31,2516.85,607.00,468.95
2013-06-12,156800.13,2516.62,701.00,409.23
2013-06-13,156006.06,2516.31,787.00,394.30
2013-06-14,155120.00,2515.96,803.00,362.45
2013-06-15,154284.58,2515.63,800.00,386.23
2013-06-16,153550.25,2515.34,800.00,435.30
2013-06-17,152840.00,2515.06,756.00,407.61
2013-06-18,152190.00,2514.80,723.00,402.09
2013-06-19,151430.00,2514.50,775.00,399.67
2013-06-20,150852.00,2514.27,829.00,547.10
2013-06-21,150195.00,2514.01,812.00,490.71
2013-06-22,149445.00,2513.71,771.00,393.65
2013-06-23,148695.00,2513.41,761.00,383.73
2013-06-24,148069.75,2513.16,736.00,421.16
2013-06-25,147295.31,2512.85,748.00,359.70
2013-06-26,146355.00,2512.47,803.00,332.27
2013-06-27,145390.00,2512.08,844.00,363.65
2013-06-28,144401.88,2511.68,869.00,376.37
2013-06-29,143494.06,2511.31,869.00,415.19
2013-06-30,142562.00,2510.93,865.00,400.96
2013-07-01,141606.00,2510.54,864.00,387.41
2013-07-02,140629.64,2510.14,860.00,373.74
2013-07-03,139511.88,2509.68,856.00,299.63
2013-07-04,138229.70,2509.15,922.00,279.99
2013-07-05,136718.00,2508.52,995.00,240.73
2013-07-06,135092.22,2507.84,1030.00,219.17
2013-07-07,133477.78,2507.16,1045.00,236.55
2013-07-08,131759.00,2506.43,1077.00,220.35
2013-07-09,129934.72,2505.65,1117.00,207.21
2013-07-10,128029.17,2504.83,1167.00,215.76
2013-07-11,125972.00,2503.94,1218.00,189.28
2013-07-12,123820.00,2503.00,1232.00,155.50
2013-07-13,121688.00,2502.06,1221.00,142.59
2013-07-14,119553.05,2501.11,1213.00,134.81
2013-07-15,117441.78,2500.16,1238.00,174.06
2013-07-16,115197.68,2499.14,1279.00,144.34
2013-07-17,112952.05,2498.11,1294.00,159.49
2013-07-18,110648.00,2497.04,1304.00,137.48
2013-07-19,108346.00,2495.96,1314.00,149.66
2013-07-20,105942.10,2494.82,1331.00,111.96
2013-07-21,103610.00,2493.70,1330.00,144.23
2013-07-22,101240.00,2492.55,1333.00,124.51
2013-07-23,98900.00,2491.40,1332.00,135.00
2013-07-24,96530.00,2490.22,1327.00,115.41
2013-07-25,94190.00,2489.04,1330.00,128.17
2013-07-26,91810.10,2487.82,1336.00,112.21
2013-07-27,89440.00,2486.59,1332.00,109.81
2013-07-28,87047.14,2485.33,1345.00,108.41
2013-07-29,84674.00,2484.06,1341.00,113.30
2013-07-30,82341.00,2482.79,1351.00,137.94
2013-07-31,79966.00,2481.48,1346.00,109.68
2013-08-01,77554.00,2480.12,1349.00,144.11
2013-08-02,75155.00,2478.75,1348.00,149.38
2013-08-03,72728.00,2477.34,1354.00,138.35
2013-08-04,70358.00,2475.94,1353.00,163.06
2013-08-05,67994.00,2474.52,1356.00,167.74
2013-08-06,65606.00,2473.06,1362.00,158.42
2013-08-07,63228.00,2471.59,1350.00,151.33
2013-08-08,61114.00,2470.24,1230.00,167.29
2013-08-09,59280.00,2469.06,1047.00,126.33
2013-08-10,57905.00,2468.16,866.00,181.18
2013-08-11,56765.00,2467.41,755.00,188.73
2013-08-12,55760.00,2466.74,651.00,152.76
2013-08-13,54854.74,2466.13,582.00,133.79
2013-08-14,54025.00,2465.57,520.00,111.76
2013-08-15,53285.00,2465.07,479.00,117.06
2013-08-16,52555.00,2464.57,468.00,110.25
2013-08-17,51810.00,2464.06,464.00,99.85
2013-08-18,51084.00,2463.56,457.00,106.10
2013-08-19,50345.00,2463.05,454.00,95.56
2013-08-20,49602.00,2462.53,450.00,90.39
2013-08-21,48868.00,2462.02,444.00,90.71
2013-08-22,48165.00,2461.53,438.00,102.68
2013-08-23,47452.00,2461.03,434.00,94.03
2013-08-24,46714.00,2460.51,430.00,77.50
2013-08-25,46004.00,2460.01,424.00,88.67
2013-08-26,45355.00,2459.55,421.00,115.77
2013-08-27,44650.00,2459.05,415.00,83.77
2013-08-28,44006.00,2458.59,411.00,110.81
2013-08-29,43516.00,2458.24,358.00,134.10
2013-08-30,43068.00,2457.92,275.00,71.62
2013-08-31,42731.93,2457.68,222.00,72.31
2013-09-01,42508.00,2457.52,180.00,85.40
2013-09-02,42335.96,2457.39,143.00,74.35
2013-09-03,42182.00,2457.28,126.00,64.69
2013-09-04,42027.90,2457.17,105.00,60.38
2013-09-05,42070.00,2457.20,108.00,128.47
2013-09-06,42027.90,2457.17,98.00,76.89
2013-09-07,41944.04,2457.11,97.00,54.92
2013-09-08,41888.00,2457.07,97.00,68.95
2013-09-09,41804.00,2457.01,97.00,54.85
2013-09-10,41734.00,2456.96,97.00,61.91
2013-09-11,41678.00,2456.92,96.00,68.33
2013-09-12,41608.24,2456.87,96.00,60.85
2013-09-13,41524.04,2456.81,96.00,53.57
2013-09-14,41445.00,2456.75,96.00,56.17
2013-09-15,41380.00,2456.70,96.00,62.95
2013-09-16,41254.04,2456.61,95.00,31.36
2013-09-17,41086.00,2456.49,95.00,10.13
2013-09-18,40945.96,2456.39,95.00,24.25
2013-09-19,40820.00,2456.30,95.00,31.35
2013-09-20,40703.00,2456.21,95.00,35.87
2013-09-21,40661.93,2456.18,95.00,74.15
2013-09-22,40633.86,2456.16,95.00,80.70
2013-09-23,40633.86,2456.16,95.00,94.85
2013-09-24,40578.07,2456.12,95.00,66.72
2013-09-25,40536.00,2456.09,95.00,73.64
2013-09-26,40480.00,2456.05,95.00,66.62
2013-09-27,40466.00,2456.04,95.00,87.79
2013-09-28,41226.00,2456.59,97.00,480.45
2013-09-29,42494.00,2457.51,98.00,737.61
2013-09-30,45154.00,2459.41,104.00,1445.47
2013-10-01,46756.00,2460.54,104.00,912.18
2013-10-02,47826.00,2461.29,104.00,644.16
2013-10-03,48508.00,2461.77,104.00,448.35
2013-10-04,48924.00,2462.06,104.00,314.24
2013-10-05,49326.14,2462.34,104.00,307.25
2013-10-06,49672.00,2462.58,104.00,278.94
2013-10-07,50172.00,2462.93,105.00,357.33
2013-10-08,51154.04,2463.61,107.00,601.70
2013-10-09,51780.00,2464.04,107.00,422.63
2013-10-10,52202.10,2464.33,107.00,319.85
2013-10-11,52555.00,2464.57,103.00,280.88
2013-10-12,52830.00,2464.76,101.00,239.44
2013-10-13,53015.96,2464.89,101.00,194.56
2013-10-14,53180.00,2465.00,101.00,183.50
2013-10-15,53330.00,2465.10,101.00,176.42
2013-10-16,53449.93,2465.18,101.00,161.26
2013-10-17,53508.00,2465.22,101.00,130.08
2013-10-18,53578.00,2465.27,101.00,136.09
2013-10-19,53665.11,2465.33,101.00,144.72
2013-10-20,53710.22,2465.36,101.00,123.54
2013-10-21,53754.96,2465.39,101.00,123.36
2013-10-22,53785.00,2465.41,101.00,115.94
2013-10-23,53770.00,2465.40,101.00,93.24
2013-10-24,53920.00,2465.50,101.00,176.42
2013-10-25,53905.00,2465.49,101.00,93.24
2013-10-26,53920.00,2465.50,101.00,108.36
2013-10-27,53875.00,2465.47,101.00,78.11
2013-10-28,53815.00,2465.43,101.00,70.55
2013-10-29,53755.00,2465.39,101.00,70.55
2013-10-30,53695.18,2465.35,101.00,70.64
2013-10-31,53725.26,2465.37,101.00,115.96
2013-11-01,53695.18,2465.35,101.00,85.64
2013-11-02,54010.00,2465.56,101.00,260.04
2013-11-03,54159.85,2465.66,102.00,177.57
2013-11-04,54174.89,2465.67,102.00,109.61
2013-11-05,54494.96,2465.89,97.00,258.22
2013-11-06,54645.00,2465.99,94.00,168.94
2013-11-07,55330.00,2466.45,96.00,440.86
2013-11-08,56300.00,2467.10,96.00,584.77
2013-11-09,56900.00,2467.50,94.00,396.20
2013-11-10,57360.00,2467.80,94.00,325.61
2013-11-11,57735.00,2468.05,94.00,282.76
2013-11-12,58330.00,2468.44,94.00,393.68
2013-11-13,59040.00,2468.90,93.00,450.27
2013-11-14,59596.00,2469.26,92.00,371.74
2013-11-15,60280.00,2469.70,90.00,435.39
2013-11-16,61019.93,2470.18,90.00,463.60
2013-11-17,61743.77,2470.64,92.00,456.56
2013-11-18,63260.00,2471.60,94.00,858.13
2013-11-19,66240.00,2473.45,97.00,1599.22
2013-11-20,67487.00,2474.21,96.00,724.72
2013-11-21,68282.96,2474.69,94.00,495.41
2013-11-22,68790.00,2475.00,93.00,348.19
2013-11-23,69256.00,2475.28,93.00,327.50
2013-11-24,69572.00,2475.47,93.00,251.87
2013-11-25,69857.75,2475.64,93.00,236.62
2013-11-26,70079.00,2475.77,93.00,204.10
2013-11-27,70273.96,2475.89,93.00,190.85
2013-11-28,70443.00,2475.99,92.00,177.78
2013-11-29,70613.00,2476.09,92.00,178.05
2013-11-30,70800.00,2476.20,92.00,186.51
2013-12-01,73435.00,2477.75,96.00,1425.75
2013-12-02,75556.00,2478.98,97.00,1167.71
2013-12-03,76532.00,2479.54,96.00,589.26
2013-12-04,77125.91,2479.88,96.00,396.56
2013-12-05,77570.71,2480.13,95.00,320.72
2013-12-06,77924.13,2480.33,95.00,274.30
2013-12-07,78169.00,2480.47,95.00,219.53
2013-12-08,78400.00,2480.60,94.00,212.51
2013-12-09,78561.95,2480.69,94.00,177.67
2013-12-10,78760.00,2480.80,94.00,195.87
2013-12-11,78879.29,2480.87,94.00,156.16
2013-12-12,79038.00,2480.96,94.00,176.04
2013-12-13,79308.05,2481.11,94.00,230.39
2013-12-14,79470.00,2481.20,94.00,175.35
2013-12-15,79632.00,2481.29,94.00,175.78
2013-12-16,79811.95,2481.39,95.00,185.28
2013-12-17,79966.00,2481.48,95.00,171.98
2013-12-18,80090.00,2481.55,93.00,156.48
2013-12-19,80233.70,2481.63,94.00,166.87
2013-12-20,80648.27,2481.86,94.00,303.58
2013-12-21,80972.00,2482.04,95.00,258.84
2013-12-22,81468.05,2482.31,95.00,345.96
2013-12-23,82738.00,2483.01,96.00,737.36
2013-12-24,83676.00,2483.52,93.00,566.91
2013-12-25,84228.09,2483.82,91.00,369.56
2013-12-26,84674.00,2484.06,89.00,315.11
2013-12-27,85101.00,2484.29,89.00,305.58
2013-12-28,85424.00,2484.46,89.00,253.14
2013-12-29,85889.00,2484.71,89.00,324.74
2013-12-30,86078.05,2484.81,89.00,185.61
2013-12-31,86506.00,2485.04,89.00,306.06
2014-01-01,87066.00,2485.35,89.00,372.00
2014-01-02,87654.00,2485.66,89.00,387.00
2014-01-03,88234.00,2485.97,90.00,386.97
2014-01-04,88842.00,2486.28,90.00,397.00
2014-01-05,89440.00,2486.59,90.00,392.00
2014-01-06,90030.00,2486.91,90.00,389.00
2014-01-07,90629.00,2487.22,90.00,393.00
2014-01-08,91228.00,2487.53,90.00,393.00
2014-01-09,91830.00,2487.84,89.00,394.00
2014-01-10,92435.00,2488.15,90.00,396.94
2014-01-11,93040.00,2488.46,92.00,399.29
2014-01-12,93660.00,2488.77,96.00,410.51
2014-01-13,94270.00,2489.08,97.00,407.72
2014-01-14,95040.00,2489.47,95.00,484.98
2014-01-15,95830.34,2489.87,93.00,492.43
2014-01-16,96449.90,2490.18,93.00,404.91
2014-01-17,96910.00,2490.41,94.00,324.52
2014-01-18,97330.10,2490.62,94.00,304.35
2014-01-19,97670.00,2490.79,94.00,263.92
2014-01-20,97910.00,2490.91,95.00,213.55
2014-01-21,98150.00,2491.03,95.00,213.55
2014-01-22,98369.70,2491.14,95.00,203.32
2014-01-23,98532.00,2491.22,96.00,174.38
2014-01-24,98700.00,2491.30,96.00,177.25
2014-01-25,98820.30,2491.36,96.00,153.20
2014-01-26,98920.00,2491.41,97.00,142.82
2014-01-27,99000.00,2491.45,97.00,132.89
2014-01-28,99180.00,2491.54,95.00,181.56
2014-01-29,99542.00,2491.72,93.00,273.18
2014-01-30,99770.15,2491.83,93.00,207.58
2014-01-31,99869.90,2491.88,93.00,142.84
2014-02-01,99990.00,2491.94,93.00,153.10
2014-02-02,100050.00,2491.97,93.00,122.80
2014-02-03,100090.00,2491.99,93.00,112.72
2014-02-04,100070.00,2491.98,93.00,82.47
2014-02-05,100050.00,2491.97,93.00,82.47
2014-02-06,100050.00,2491.97,93.00,92.55
2014-02-07,100090.00,2491.99,93.00,112.72
2014-02-08,100110.00,2492.00,93.00,102.64
2014-02-09,100194.00,2492.04,93.00,134.90
2014-02-10,100419.76,2492.15,93.00,206.37
2014-02-11,100660.00,2492.27,93.00,213.68
2014-02-12,101340.00,2492.60,94.00,436.48
2014-02-13,102040.00,2492.94,95.00,447.73
2014-02-14,102654.00,2493.24,95.00,404.41
2014-02-15,103220.00,2493.51,95.00,380.12
2014-02-16,103694.00,2493.74,95.00,333.32
2014-02-17,104293.00,2494.03,95.00,396.46
2014-02-18,104776.00,2494.26,95.00,338.05
2014-02-19,105048.95,2494.39,94.00,231.84
2014-02-20,105340.00,2494.53,95.00,241.14
2014-02-21,105501.05,2494.61,95.00,176.05
2014-02-22,105605.80,2494.66,95.00,147.66
2014-02-23,105816.00,2494.76,95.00,200.83
2014-02-24,106047.36,2494.87,95.00,211.50
2014-02-25,106088.95,2494.89,95.00,115.82
2014-02-26,106173.00,2494.93,95.00,137.23
2014-02-27,106236.00,2494.96,95.00,126.62
2014-02-28,106236.00,2494.96,95.00,94.85
2014-03-01,106320.00,2495.00,95.00,137.20
2014-03-02,106530.00,2495.10,95.00,200.73
2014-03-03,106824.00,2495.24,95.00,243.08
2014-03-04,107380.00,2495.50,96.00,376.18
2014-03-05,108705.63,2496.13,97.00,765.92
2014-03-06,110497.00,2496.97,100.00,1002.88
2014-03-07,112236.00,2497.78,102.00,978.77
2014-03-08,114217.95,2498.69,102.00,1101.27
2014-03-09,118485.63,2500.63,107.00,2258.53
2014-03-10,121100.00,2501.80,100.00,1417.83
2014-03-11,122570.00,2502.45,94.00,835.32
2014-03-12,123613.00,2502.91,93.00,618.79
2014-03-13,124418.00,2503.26,93.00,498.41
2014-03-14,125765.28,2503.85,95.00,773.57
2014-03-15,126938.34,2504.36,95.00,686.29
2014-03-16,128466.00,2505.02,96.00,866.39
2014-03-17,129700.00,2505.55,96.00,718.38
2014-03-18,130589.00,2505.93,96.00,544.22
2014-03-19,131506.11,2506.32,96.00,558.36
2014-03-20,132112.00,2506.58,96.00,401.49
2014-03-21,132607.00,2506.79,96.00,345.58
2014-03-22,133028.00,2506.97,96.00,308.27
2014-03-23,133431.66,2507.14,96.00,299.53
2014-03-24,133762.00,2507.28,92.00,258.35
2014-03-25,134234.00,2507.48,86.00,324.17
2014-03-26,134663.77,2507.66,83.00,299.67
2014-03-27,135115.28,2507.85,84.00,311.20
2014-03-28,135805.64,2508.14,84.00,431.85
2014-03-29,136310.30,2508.35,84.00,338.22
2014-03-30,136838.00,2508.57,84.00,350.15
2014-03-31,137294.00,2508.76,86.00,314.75
2014-04-01,137581.88,2508.88,132.00,281.24
2014-04-02,137390.00,2508.80,352.00,262.83
2014-04-03,137101.88,2508.68,428.00,280.40
2014-04-04,136910.00,2508.60,428.00,329.56
2014-04-05,136958.13,2508.62,431.00,451.60
2014-04-06,137846.00,2508.99,202.00,665.74
2014-04-07,138864.00,2509.41,105.00,616.44
2014-04-08,140362.00,2510.03,93.00,847.06
2014-04-09,141750.00,2510.60,233.00,942.82
2014-04-10,142490.00,2510.90,347.00,716.31
2014-04-11,142514.00,2510.91,553.00,565.48
2014-04-12,142315.19,2510.83,658.00,554.21
2014-04-13,142024.00,2510.71,659.00,505.93
2014-04-14,141702.00,2510.58,656.00,488.47
2014-04-15,141582.00,2510.53,598.00,528.64
2014-04-16,141874.69,2510.65,475.00,618.28
2014-04-17,142855.00,2511.05,468.00,956.64
2014-04-18,143614.36,2511.36,491.00,867.96
2014-04-19,144060.00,2511.54,532.00,749.97
2014-04-20,144060.00,2511.54,669.00,660.82
2014-04-21,143638.41,2511.37,834.00,613.54
2014-04-22,143245.00,2511.21,892.00,681.96
2014-04-23,142830.00,2511.04,892.00,670.28
2014-04-24,142955.00,2511.09,930.00,979.87
2014-04-25,142586.00,2510.94,989.00,789.72
2014-04-26,141974.94,2510.69,958.00,635.93
2014-04-27,141630.00,2510.55,829.00,645.23
2014-04-28,141270.00,2510.40,722.00,530.93
2014-04-29,140996.00,2510.29,612.00,461.78
2014-04-30,141045.00,2510.31,579.00,592.29
2014-05-01,141342.00,2510.43,580.00,717.39
2014-05-02,142340.25,2510.84,548.00,1040.38
2014-05-03,143760.00,2511.42,525.00,1230.07
2014-05-04,144891.88,2511.88,528.00,1087.41
2014-05-05,145930.00,2512.30,529.00,1041.43
2014-05-06,146705.06,2512.61,532.00,910.19
2014-05-07,147245.19,2512.83,532.00,791.95
2014-05-08,147945.06,2513.11,535.00,874.16
2014-05-09,149070.00,2513.56,536.00,1089.25
2014-05-10,149770.25,2513.84,536.00,876.51
2014-05-11,150195.00,2514.01,539.00,739.03
2014-05-12,150569.75,2514.16,540.00,713.88
2014-05-13,150980.13,2514.32,540.00,731.84
2014-05-14,151779.64,2514.64,540.00,928.45
2014-05-15,153147.88,2515.18,543.00,1217.67
2014-05-16,154585.00,2515.75,590.00,1299.41
2014-05-17,155350.00,2516.05,685.00,1057.22
2014-05-18,155780.00,2516.22,680.00,880.97
2014-05-19,156187.88,2516.38,640.00,829.57
2014-05-20,156575.00,2516.53,599.00,791.70
2014-05-21,157052.00,2516.72,577.00,814.16
2014-05-22,157670.00,2516.96,581.00,887.20
2014-05-23,158358.00,2517.23,644.00,1028.51
2014-05-24,158204.81,2517.17,863.00,858.36
2014-05-25,158204.81,2517.17,768.00,819.93
2014-05-26,158306.00,2517.21,666.00,774.54
2014-05-27,158204.81,2517.17,667.00,677.02
2014-05-28,158080.13,2517.12,705.00,675.59
2014-05-29,157874.00,2517.04,753.00,675.84
2014-05-30,157545.00,2516.91,728.00,552.76
2014-05-31,157595.00,2516.93,625.00,636.66
2014-06-01,157745.00,2516.99,595.00,653.98
2014-06-02,157952.00,2517.07,596.00,693.49
2014-06-03,158129.64,2517.14,597.00,707.04
2014-06-04,158154.69,2517.15,598.00,640.77
2014-06-05,158055.06,2517.11,599.00,571.16
2014-06-06,157848.00,2517.03,600.00,499.74
2014-06-07,157745.00,2516.99,543.00,473.84
2014-06-08,157745.00,2516.99,502.00,482.02
2014-06-09,157822.00,2517.02,503.00,523.09
2014-06-10,157745.00,2516.99,504.00,446.35
2014-06-11,157595.00,2516.93,458.00,360.43
2014-06-12,157570.00,2516.92,431.00,396.01
2014-06-13,157620.00,2516.94,431.00,433.93
2014-06-14,157570.00,2516.92,431.00,383.53
2014-06-15,157545.00,2516.91,431.00,396.09
2014-06-16,157390.31,2516.85,441.00,362.07
2014-06-17,156775.06,2516.61,663.00,360.65
2014-06-18,155930.00,2516.28,754.00,338.22
2014-06-19,155170.00,2515.98,750.00,380.05
2014-06-20,154434.94,2515.69,749.00,395.40
2014-06-21,153550.25,2515.34,767.00,344.57
2014-06-22,152590.00,2514.96,782.00,326.98
2014-06-23,151655.00,2514.59,805.00,366.43
2014-06-24,150644.94,2514.19,838.00,367.20
2014-06-25,149545.00,2513.75,873.00,362.87
2014-06-26,148270.00,2513.24,934.00,337.49
2014-06-27,146804.69,2512.65,964.00,207.15
2014-06-28,146030.25,2512.34,959.00,554.01
2014-06-29,144965.00,2511.91,951.00,404.81
2014-06-30,143638.41,2511.37,957.00,282.93
2014-07-01,142439.88,2510.88,973.00,367.34
2014-07-02,141244.94,2510.39,987.00,381.09
2014-07-03,139535.94,2509.69,988.00,118.86
2014-07-04,138110.00,2509.10,988.00,256.55
2014-07-05,136646.00,2508.49,995.00,243.35
2014-07-06,135092.22,2507.84,1009.00,207.50
2014-07-07,133546.94,2507.19,1072.00,270.15
2014-07-08,132064.00,2506.56,1113.00,336.56
2014-07-09,130376.23,2505.84,1131.00,247.53
2014-07-10,128443.00,2505.01,1166.00,158.94
2014-07-11,126500.83,2504.17,1196.00,176.49
2014-07-12,124556.11,2503.32,1189.00,167.73
2014-07-13,122548.00,2502.44,1204.00,143.39
2014-07-14,120540.00,2501.55,1204.00,142.10
2014-07-15,118595.89,2500.68,1201.00,166.26
2014-07-16,116847.95,2499.89,1204.00,268.69
2014-07-17,114824.00,2498.97,1208.00,132.37
2014-07-18,112930.00,2498.10,1197.00,189.57
2014-07-19,110714.00,2497.07,1204.00,31.53
2014-07-20,108577.00,2496.07,1201.00,70.59
2014-07-21,106509.00,2495.10,1193.00,96.29
2014-07-22,104377.00,2494.08,1186.00,58.08
2014-07-23,102510.00,2493.17,1182.00,188.79
2014-07-24,100762.00,2492.32,1178.00,245.58
2014-07-25,98820.00,2491.36,1175.00,143.87
2014-07-26,96810.00,2490.36,1186.00,119.20
2014-07-27,94780.00,2489.34,1201.00,123.74
2014-07-28,92780.00,2488.33,1197.00,136.37
2014-07-29,90762.00,2487.29,1186.00,116.94
2014-07-30,88728.00,2486.22,1193.00,115.11
2014-07-31,86639.05,2485.11,1201.00,94.47
2014-08-01,84655.00,2484.05,1164.00,110.42
2014-08-02,82702.00,2482.99,1146.00,107.10
2014-08-03,80720.00,2481.90,1150.00,96.70
2014-08-04,78688.00,2480.76,1142.00,63.10
2014-08-05,76676.09,2479.62,1146.00,80.02
2014-08-06,74669.00,2478.47,1153.00,88.53
2014-08-07,72660.00,2477.30,1150.00,84.77
2014-08-08,70664.09,2476.12,1146.00,88.04
2014-08-09,68654.00,2474.92,1150.00,83.39
2014-08-10,66666.00,2473.71,1153.00,96.67
2014-08-11,64684.00,2472.49,1150.00,96.86
2014-08-12,62902.27,2471.37,1150.00,199.80
2014-08-13,61210.00,2470.30,1111.00,202.24
2014-08-14,59467.92,2469.18,1078.00,146.19
2014-08-15,57780.00,2468.08,1026.00,123.26
2014-08-16,56150.00,2467.00,991.00,170.80
2014-08-17,54540.00,2465.92,974.00,160.53
2014-08-18,53015.96,2464.89,934.00,161.19
2014-08-19,51636.00,2463.94,836.00,138.75
2014-08-20,50420.00,2463.10,729.00,114.41
2014-08-21,49368.24,2462.37,656.00,122.92
2014-08-22,48410.00,2461.70,601.00,113.26
2014-08-23,47550.00,2461.10,543.00,104.70
2014-08-24,46798.00,2460.57,484.00,99.57
2014-08-25,46171.76,2460.13,421.00,100.32
2014-08-26,45640.00,2459.75,360.00,93.20
2014-08-27,45182.00,2459.43,302.00,73.95
2014-08-28,44831.93,2459.18,248.00,77.11
2014-08-29,44552.00,2458.98,195.00,60.15
2014-08-30,44425.96,2458.89,161.00,106.22
2014-08-31,44314.04,2458.81,138.00,92.14
2014-09-01,44216.00,2458.74,124.00,72.17
2014-09-02,44117.90,2458.67,111.00,61.35
2014-09-03,44202.00,2458.73,96.00,138.44
2014-09-04,44244.00,2458.76,91.00,112.02
2014-09-05,44244.00,2458.76,91.00,90.78
2014-09-06,44244.00,2458.76,91.00,90.30
2014-09-07,44216.00,2458.74,91.00,76.12
2014-09-08,44174.00,2458.71,92.00,69.96
2014-09-09,44160.00,2458.70,94.00,85.50
2014-09-10,44089.83,2458.65,94.00,57.18
2014-09-11,43992.00,2458.58,94.00,43.23
2014-09-12,43922.00,2458.53,94.00,57.26
2014-09-13,43866.00,2458.49,93.00,64.32
2014-09-14,43768.00,2458.42,93.00,43.15
2014-09-15,43711.93,2458.38,93.00,64.28
2014-09-16,43614.04,2458.31,92.00,42.63
2014-09-17,43572.00,2458.28,92.00,70.23
2014-09-18,43516.00,2458.24,91.00,63.36
2014-09-19,43460.00,2458.20,91.00,63.75
2014-09-20,43375.79,2458.14,92.00,50.10
2014-09-21,43320.00,2458.10,92.00,64.42
2014-09-22,43180.00,2458.00,92.00,21.75
2014-09-23,43138.00,2457.97,92.00,71.38
2014-09-24,43138.00,2457.97,91.00,92.55
2014-09-25,43152.00,2457.98,91.00,99.61
2014-09-26,43152.00,2457.98,91.00,92.55
2014-09-27,43166.00,2457.99,91.00,99.61
2014-09-28,43166.00,2457.99,91.00,92.55
2014-09-29,43166.00,2457.99,91.00,92.55
2014-09-30,43306.00,2458.09,90.00,163.24
2014-10-01,43334.04,2458.11,89.00,107.25
2014-10-02,43320.00,2458.10,90.00,86.53
2014-10-03,43306.00,2458.09,90.00,86.64
2014-10-04,43250.00,2458.05,90.00,65.46
2014-10-05,43236.00,2458.04,90.00,86.64
2014-10-06,43208.00,2458.02,90.00,79.58
2014-10-07,43152.00,2457.98,90.00,65.46
2014-10-08,43110.00,2457.95,90.00,72.46
2014-10-09,43040.00,2457.90,90.00,58.41
2014-10-10,42970.17,2457.85,90.00,58.02
2014-10-11,42984.21,2457.86,90.00,100.25
2014-10-12,42928.07,2457.82,90.00,65.12
2014-10-13,42900.00,2457.80,90.00,79.55
2014-10-14,42886.00,2457.79,90.00,86.51
2014-10-15,42886.00,2457.79,90.00,93.70
2014-10-16,42886.00,2457.79,88.00,87.82
2014-10-17,42998.24,2457.87,87.00,143.76
2014-10-18,43403.86,2458.16,88.00,292.60
2014-10-19,43502.00,2458.23,88.00,137.58
2014-10-20,43656.14,2458.34,88.00,165.81
2014-10-21,43768.00,2458.42,88.00,144.49
2014-10-22,44608.00,2459.02,90.00,513.27
2014-10-23,45752.10,2459.83,92.00,667.85
2014-10-24,46854.04,2460.61,91.00,647.04
2014-10-25,47669.93,2461.18,91.00,502.92
2014-10-26,48669.93,2461.88,94.00,597.99
2014-10-27,49381.93,2462.38,94.00,452.67
2014-10-28,50256.00,2462.99,96.00,536.14
2014-10-29,51564.96,2463.89,96.00,755.96
2014-10-30,52600.00,2464.60,97.00,618.74
2014-10-31,53464.96,2465.19,94.00,529.30
2014-11-01,54234.00,2465.71,91.00,479.14
2014-11-02,54810.00,2466.10,93.00,382.46
2014-11-03,55684.96,2466.69,92.00,533.82
2014-11-04,57510.00,2467.90,96.00,1015.71
2014-11-05,58850.00,2468.78,96.00,771.60
2014-11-06,59960.00,2469.50,89.00,648.95
2014-11-07,60868.00,2470.08,85.00,542.63
2014-11-08,61584.00,2470.54,85.00,445.83
2014-11-09,62613.96,2471.19,86.00,605.59
2014-11-10,63339.80,2471.65,87.00,452.94
2014-11-11,63772.00,2471.93,87.00,304.90
2014-11-12,64092.00,2472.12,87.00,248.33
2014-11-13,64412.08,2472.32,87.00,248.37
2014-11-14,64636.00,2472.46,87.00,199.89
2014-11-15,64902.08,2472.62,93.00,227.74
2014-11-16,65030.00,2472.70,97.00,161.69
2014-11-17,65174.00,2472.79,97.00,169.80
2014-11-18,65286.23,2472.86,100.00,157.28
2014-11-19,65366.00,2472.91,105.00,145.98
2014-11-20,65414.00,2472.94,97.00,121.37
2014-11-21,65788.88,2473.17,91.00,280.42
2014-11-22,66064.16,2473.34,91.00,230.56
2014-11-23,66617.92,2473.68,93.00,372.56
2014-11-24,67236.00,2474.06,90.00,402.08
2014-11-25,72694.09,2477.32,100.00,2853.21
2014-11-26,77412.00,2480.04,94.00,2473.04
2014-11-27,81080.00,2482.10,89.00,1938.47
2014-11-28,84617.00,2484.03,90.00,1873.05
2014-11-29,86487.00,2485.03,91.00,1034.04
2014-11-30,87522.00,2485.58,91.00,613.23
2014-12-01,88215.00,2485.95,91.00,440.81
2014-12-02,88728.00,2486.22,91.00,350.06
2014-12-03,89184.00,2486.46,91.00,321.32
2014-12-04,89573.81,2486.66,91.00,287.95
2014-12-05,89878.09,2486.82,91.00,244.83
2014-12-06,90296.00,2487.04,91.00,302.11
2014-12-07,90549.85,2487.17,91.00,219.40
2014-12-08,90959.90,2487.38,91.00,298.15
2014-12-09,91539.90,2487.68,92.00,384.56
2014-12-10,92379.05,2488.11,92.00,515.62
2014-12-11,93178.00,2488.52,92.00,495.36
2014-12-12,93860.34,2488.87,92.00,436.75
2014-12-13,94409.76,2489.15,93.00,370.59
2014-12-14,94859.90,2489.38,93.00,320.64
2014-12-15,95260.00,2489.58,90.00,291.70
2014-12-16,95576.00,2489.74,86.00,246.31
2014-12-17,95910.00,2489.91,86.00,255.39
2014-12-18,96210.00,2490.06,86.00,238.25
2014-12-19,96530.00,2490.22,86.00,248.33
2014-12-20,97429.85,2490.67,87.00,541.38
2014-12-21,99889.95,2491.89,93.00,1334.24
2014-12-22,101499.90,2492.68,91.00,903.52
2014-12-23,103240.00,2493.52,91.00,968.56
2014-12-24,104965.26,2494.35,91.00,961.24
2014-12-25,105963.16,2494.83,91.00,594.53
2014-12-26,106697.90,2495.18,91.00,461.85
2014-12-27,107590.00,2495.60,91.00,541.19
2014-12-28,108136.30,2495.86,91.00,367.24
2014-12-29,108556.00,2496.06,92.00,304.15
2014-12-30,108837.95,2496.19,92.00,234.61
2014-12-31,109133.16,2496.33,91.00,240.72
2015-01-01,109390.00,2496.45,91.00,220.98
2015-01-02,109668.00,2496.58,91.00,231.58
2015-01-03,109835.80,2496.66,91.00,176.02
2015-01-04,110455.00,2496.95,91.00,403.83
2015-01-05,117266.00,2500.08,102.00,3536.63
2015-01-06,119936.00,2501.28,97.00,1444.45
2015-01-07,121283.89,2501.88,96.00,776.76
2015-01-08,122184.00,2502.28,96.00,551.00
2015-01-09,122910.00,2502.60,96.00,463.22
2015-01-10,123480.27,2502.85,96.00,384.71
2015-01-11,123958.00,2503.06,96.00,338.05
2015-01-12,124326.00,2503.22,114.00,300.23
2015-01-13,124556.11,2503.32,126.00,242.70
2015-01-14,124762.00,2503.41,126.00,230.88
2015-01-15,125052.00,2503.54,127.00,273.26
2015-01-16,125258.61,2503.63,127.00,231.22
2015-01-17,125788.34,2503.86,128.00,394.43
2015-01-18,127356.00,2504.54,131.00,919.95
2015-01-19,128650.00,2505.10,131.00,782.08
2015-01-20,129396.00,2505.42,132.00,505.64
2015-01-21,129934.72,2505.65,132.00,401.13
2015-01-22,130448.41,2505.87,133.00,388.52
2015-01-23,131340.00,2506.25,134.00,579.36
2015-01-24,133810.00,2507.30,136.00,1376.00
2015-01-25,135470.00,2508.00,136.00,968.21
2015-01-26,136574.00,2508.46,138.00,688.64
2015-01-27,137462.17,2508.83,139.00,579.82
2015-01-28,138158.13,2509.12,139.00,482.91
2015-01-29,138744.36,2509.36,140.00,427.60
2015-01-30,139224.00,2509.56,140.00,373.86
2015-01-31,139560.00,2509.70,141.00,301.44
2015-02-01,139978.41,2509.87,142.00,343.08
2015-02-02,140482.00,2510.08,142.00,385.75
2015-02-03,140852.00,2510.23,144.00,318.55
2015-02-04,141219.88,2510.38,145.00,317.51
2015-02-05,142144.00,2510.76,147.00,598.88
2015-02-06,143885.00,2511.47,147.00,1011.21
2015-02-07,146230.00,2512.42,149.00,1316.86
2015-02-08,148295.00,2513.25,151.00,1176.66
2015-02-09,149795.31,2513.85,152.00,892.28
2015-02-10,151982.00,2514.72,154.00,1239.01
2015-02-11,153400.00,2515.28,155.00,852.19
2015-02-12,154309.64,2515.64,189.00,629.06
2015-02-13,154995.00,2515.91,222.00,546.17
2015-02-14,155554.58,2516.13,222.00,482.75
2015-02-15,156006.06,2516.31,222.00,428.26
2015-02-16,156344.00,2516.44,222.00,371.76
2015-02-17,156600.00,2516.54,224.00,331.19
2015-02-18,156800.13,2516.62,215.00,293.32
2015-02-19,157052.00,2516.72,212.00,316.09
2015-02-20,157260.00,2516.80,212.00,293.97
2015-02-21,157390.31,2516.85,212.00,254.80
2015-02-22,157467.88,2516.88,204.00,219.63
2015-02-23,157570.00,2516.92,188.00,218.72
2015-02-24,157645.00,2516.95,184.00,200.96
2015-02-25,157720.00,2516.98,184.00,200.96
2015-02-26,157770.00,2517.00,198.00,202.47
2015-02-27,157874.00,2517.04,237.00,267.81
2015-02-28,157770.00,2517.00,256.00,180.03
2015-03-01,157745.00,2516.99,216.00,184.01
2015-03-02,157745.00,2516.99,176.00,158.38
2015-03-03,157770.00,2517.00,161.00,156.23
2015-03-04,157770.00,2517.00,153.00,135.70
2015-03-05,157770.00,2517.00,137.00,135.68
2015-03-06,157770.00,2517.00,137.00,137.07
2015-03-07,157770.00,2517.00,138.00,137.78
2015-03-08,157770.00,2517.00,140.00,138.15
2015-03-09,157745.00,2516.99,134.00,119.53
2015-03-10,157770.00,2517.00,117.00,128.20
2015-03-11,157822.00,2517.02,109.00,133.02
2015-03-12,157952.00,2517.07,110.00,172.22
2015-03-13,158030.00,2517.10,110.00,171.61
2015-03-14,158436.00,2517.26,430.00,846.52
2015-03-15,158332.00,2517.22,935.00,949.96
2015-03-16,158358.00,2517.23,630.00,710.54
2015-03-17,158358.00,2517.23,440.00,492.26
2015-03-18,158332.00,2517.22,277.00,350.70
2015-03-19,157874.00,2517.04,510.00,325.94
2015-03-20,157570.00,2516.92,469.00,320.84
2015-03-21,157645.00,2516.95,344.00,389.42
2015-03-22,157770.00,2517.00,262.00,329.83
2015-03-23,157848.00,2517.03,244.00,285.06
2015-03-24,157770.00,2517.00,276.00,238.95
2015-03-25,158204.81,2517.17,300.00,519.56
2015-03-26,158030.00,2517.10,608.00,624.46
2015-03-27,157800.00,2517.00,622.00,508.10
2015-03-28,157874.00,2517.04,569.00,607.58
2015-03-29,157796.00,2517.01,493.00,458.23
2015-03-30,157822.00,2517.02,363.00,382.72
2015-03-31,158080.13,2517.12,322.00,453.87
2015-04-01,158055.06,2517.11,371.00,394.92
2015-04-02,157848.00,2517.03,410.00,327.04
2015-04-03,157745.00,2516.99,350.00,319.76
2015-04-04,157770.00,2517.00,268.00,297.90
2015-04-05,157416.38,2516.86,251.00,88.34
2015-04-06,157745.00,2516.99,216.00,397.73
2015-04-07,157874.00,2517.04,134.00,206.06
2015-04-08,157952.00,2517.07,137.00,184.93
2015-04-09,157874.00,2517.04,245.00,226.25
2015-04-10,157695.00,2516.97,292.00,208.09
2015-04-11,157670.00,2516.96,292.00,285.75
2015-04-12,157493.94,2516.89,291.00,199.24
2015-04-13,157416.38,2516.86,254.00,212.54
2015-04-14,157286.06,2516.81,295.00,230.71
2015-04-15,156675.00,2516.57,485.00,181.93
2015-04-16,155955.00,2516.29,553.00,189.62
2015-04-17,155272.00,2516.02,551.00,206.69
2015-04-18,154610.00,2515.76,551.00,216.53
2015-04-19,153960.00,2515.50,551.00,222.58
2015-04-20,153350.00,2515.26,551.00,241.36
2015-04-21,152640.00,2514.98,622.00,261.23
2015-04-22,151680.00,2514.60,722.00,237.03
2015-04-23,150519.64,2514.14,822.00,235.16
2015-04-24,149344.81,2513.67,854.00,260.45
2015-04-25,148119.88,2513.18,854.00,234.33
2015-04-26,146854.81,2512.67,851.00,212.13
2015-04-27,145589.75,2512.16,848.00,208.08
2015-04-28,144425.94,2511.69,849.00,256.98
2015-04-29,143270.00,2511.22,842.00,254.94
2015-04-30,142072.00,2510.73,842.00,234.32
2015-05-01,140876.00,2510.24,839.00,232.64
2015-05-02,139660.00,2509.74,836.00,219.17
2015-05-03,138425.00,2509.23,840.00,212.93
2015-05-04,137270.00,2508.75,841.00,252.53
2015-05-05,136118.00,2508.27,844.00,258.27
2015-05-06,134880.00,2507.75,852.00,219.08
2015-05-07,133618.00,2507.22,845.00,202.84
2015-05-08,131713.00,2506.41,846.00,190.27
2015-05-09,130400.30,2505.85,842.00,171.43
2015-05-10,129097.00,2505.29,843.00,178.53
2015-05-11,127845.00,2504.75,843.00,204.19
2015-05-12,126662.00,2504.24,844.00,237.08
2015-05-13,125673.05,2503.81,769.00,264.24
2015-05-14,124716.95,2503.39,717.00,227.90
2015-05-15,123820.00,2503.00,646.00,186.37
2015-05-16,123001.66,2502.64,607.00,187.88
2015-05-17,122138.00,2502.26,603.00,163.21
2015-05-18,121352.00,2501.91,602.00,200.80
2015-05-19,120584.00,2501.57,599.00,207.75
2015-05-20,119804.00,2501.22,598.00,200.16
2015-05-21,118980.27,2500.85,594.00,176.33
2015-05-22,118200.00,2500.50,594.00,197.08
2015-05-23,117375.63,2500.13,590.00,172.63
2015-05-24,116518.00,2499.74,586.00,153.39
2015-05-25,115660.27,2499.35,583.00,151.31
2015-05-26,114780.00,2498.95,591.00,146.80
2015-05-27,114151.78,2498.66,440.00,135.25
2015-05-28,113998.00,2498.59,185.00,116.54
2015-05-29,113297.00,2498.27,433.00,122.73
2015-05-30,112280.00,2497.80,647.00,136.66
2015-05-31,111244.11,2497.32,644.00,125.67
2015-06-01,110240.27,2496.85,641.00,140.01
2015-06-02,109217.36,2496.37,637.00,127.44
2015-06-03,108198.95,2495.89,637.00,128.07
2015-06-04,107160.00,2495.40,634.00,115.21
2015-06-05,106131.00,2494.91,632.00,114.47
2015-06-06,105112.00,2494.42,629.00,115.96
2015-06-07,104062.00,2493.92,627.00,97.53
2015-06-08,103032.00,2493.42,625.00,105.29
2015-06-09,101980.00,2492.91,622.00,91.58
2015-06-10,100908.95,2492.39,620.00,79.55
2015-06-11,99910.00,2491.90,594.00,87.30
2015-06-12,98900.00,2491.40,565.00,53.69
2015-06-13,97950.00,2490.93,565.00,81.70
2015-06-14,96970.00,2490.44,563.00,63.80
2015-06-15,96030.00,2489.97,560.00,81.32
2015-06-16,95060.00,2489.48,569.00,74.88
2015-06-17,94072.00,2488.98,569.00,68.06
2015-06-18,93080.00,2488.47,570.00,63.25
2015-06-19,92103.00,2487.97,567.00,68.98
2015-06-20,91133.00,2487.47,565.00,69.19
2015-06-21,90144.00,2486.96,562.00,56.62
2015-06-22,89127.00,2486.43,580.00,61.76
2015-06-23,88120.00,2485.90,589.00,75.19
2015-06-24,87123.33,2485.37,586.00,76.22
2015-06-25,86132.18,2484.84,584.00,75.61
2015-06-26,85120.00,2484.30,593.00,74.37
2015-06-27,84118.00,2483.76,593.00,81.13
2015-06-28,83108.00,2483.21,591.00,73.20
2015-06-29,82079.78,2482.65,597.00,69.63
2015-06-30,81062.00,2482.09,597.00,75.78
2015-07-01,80018.00,2481.51,601.00,65.62
2015-07-02,78984.00,2480.93,604.00,72.45
2015-07-03,77942.18,2480.34,601.00,64.68
2015-07-04,76922.00,2479.76,605.00,79.27
2015-07-05,75849.78,2479.15,614.00,63.28
2015-07-06,74792.00,2478.54,614.00,71.11
2015-07-07,73690.00,2477.90,620.00,55.12
2015-07-08,72626.00,2477.28,620.00,74.72
2015-07-09,71571.84,2476.66,618.00,74.99
2015-07-10,70460.00,2476.00,619.00,47.49
2015-07-11,69392.25,2475.36,619.00,80.97
2015-07-12,68332.00,2474.72,617.00,81.09
2015-07-13,67268.00,2474.08,615.00,75.78
2015-07-14,66208.00,2473.43,613.00,73.72
2015-07-15,65174.00,2472.79,607.00,81.72
2015-07-16,64092.08,2472.12,611.00,60.22
2015-07-17,63040.00,2471.46,614.00,78.21
2015-07-18,62000.00,2470.80,618.00,88.40
2015-07-19,60959.78,2470.14,618.00,87.05
2015-07-20,59900.00,2469.46,619.00,77.68
2015-07-21,58835.00,2468.77,619.00,74.31
2015-07-22,57765.00,2468.07,620.00,74.51
2015-07-23,56705.26,2467.37,620.00,76.94
2015-07-24,55669.93,2466.68,618.00,88.92
2015-07-25,54645.00,2465.99,632.00,106.50
2015-07-26,53578.00,2465.27,633.00,85.19
2015-07-27,52555.00,2464.57,628.00,101.90
2015-07-28,51505.18,2463.85,631.00,91.86
2015-07-29,50434.04,2463.11,644.00,93.73
2015-07-30,49368.24,2462.37,641.00,94.93
2015-07-31,48284.04,2461.61,644.00,88.49
2015-08-01,47200.17,2460.85,646.00,90.73
2015-08-02,46102.00,2460.08,643.00,80.68
2015-08-03,45000.00,2459.30,637.00,74.65
2015-08-04,43950.00,2458.55,636.00,99.15
2015-08-05,42858.00,2457.77,636.00,79.16
2015-08-06,41985.00,2457.14,476.00,33.11
2015-08-07,41198.00,2456.57,432.00,28.45
2015-08-08,40703.00,2456.21,439.00,182.69
2015-08-09,39943.86,2455.66,434.00,44.88
2015-08-10,39249.83,2455.15,436.00,80.09
2015-08-11,38477.00,2454.59,440.00,45.68
2015-08-12,37768.00,2454.07,435.00,72.71
2015-08-13,37004.00,2453.51,442.00,52.23
2015-08-14,36198.00,2452.92,449.00,38.56
2015-08-15,35399.09,2452.33,459.00,53.28
2015-08-16,34423.03,2451.61,568.00,73.61
2015-08-17,33317.00,2450.79,621.00,60.39
2015-08-18,32325.00,2450.05,609.00,106.91
2015-08-19,31294.00,2449.28,596.00,74.45
2015-08-20,30246.00,2448.49,584.00,53.15
2015-08-21,29190.00,2447.70,569.00,50.76
2015-08-22,28195.00,2446.95,557.00,69.56
2015-08-23,27278.00,2446.26,545.00,96.25
2015-08-24,26348.00,2445.56,533.00,76.94
2015-08-25,25415.16,2444.85,517.00,61.63
2015-08-26,24497.00,2444.16,502.00,56.14
2015-08-27,23611.84,2443.48,491.00,61.36
2015-08-28,22361.97,2442.53,671.00,67.84
2015-08-29,20936.00,2441.49,763.00,71.38
2015-08-30,19658.00,2440.46,740.00,120.68
2015-08-31,18643.00,2439.68,522.00,38.86
2015-09-01,18020.00,2439.20,347.00,56.16
2015-09-02,17578.00,2438.86,231.00,29.11
2015-09-03,17461.00,2438.78,134.00,89.06
2015-09-04,17357.00,2438.70,97.00,48.46
2015-09-05,17656.00,2438.92,90.00,70.59
2015-09-06,17578.19,2438.86,90.00,51.07
2015-09-07,17474.03,2438.78,90.00,37.79
2015-09-08,17383.00,2438.71,90.00,44.04
2015-09-09,17317.87,2438.66,89.00,56.54
2015-09-10,17240.00,2438.60,89.00,49.93
2015-09-11,17156.00,2438.53,89.00,46.84
2015-09-12,17068.00,2438.46,88.00,44.20
2015-09-13,16963.94,2438.38,88.00,35.63
2015-09-14,16873.03,2438.31,88.00,42.26
2015-09-15,16769.00,2438.23,87.00,34.59
2015-09-16,16664.84,2438.15,87.00,34.49
2015-09-17,16574.00,2438.08,86.00,40.57
2015-09-18,16496.00,2438.02,86.00,46.59
2015-09-19,16418.00,2437.96,86.00,46.59
2015-09-20,16340.00,2437.90,86.00,46.59
2015-09-21,16262.13,2437.84,86.00,46.66
2015-09-22,16184.00,2437.78,86.00,46.23
2015-09-23,16093.00,2437.71,85.00,39.13
2015-09-24,16001.81,2437.64,85.00,38.87
2015-09-25,15898.00,2437.56,85.00,32.44
2015-09-26,15820.00,2437.50,84.00,44.74
2015-09-27,15760.00,2437.45,84.00,53.54
2015-09-28,15695.31,2437.40,84.00,51.18
2015-09-29,15619.76,2437.34,84.00,45.70
2015-09-30,15531.00,2437.27,84.00,38.56
2015-10-01,15466.00,2437.22,83.00,49.97
2015-10-02,15336.00,2437.12,83.00,17.02
2015-10-03,15206.00,2437.02,82.00,16.31
2015-10-04,15063.00,2436.91,82.00,9.61
2015-10-05,14978.00,2436.84,82.00,38.85
2015-10-06,14912.80,2436.79,82.00,48.49
2015-10-07,14894.00,2436.78,81.00,71.37
2015-10-08,14870.71,2436.76,81.00,68.94
2015-10-09,14750.90,2436.67,81.00,20.28
2015-10-10,14985.66,2436.85,81.00,199.15
2015-10-11,14894.80,2436.78,81.00,34.87
2015-10-12,14868.60,2436.76,81.00,67.17
2015-10-13,14921.00,2436.80,81.00,106.37
2015-10-14,14829.30,2436.73,84.00,36.19
2015-10-15,14776.97,2436.69,85.00,57.41
2015-10-16,14673.03,2436.61,84.00,30.46
2015-10-17,14660.00,2436.60,84.00,76.17
2015-10-18,14636.00,2436.58,84.00,70.64
2015-10-19,14600.00,2436.55,84.00,64.59
2015-10-20,14552.00,2436.51,84.00,58.38
2015-10-21,14475.00,2436.45,83.00,43.29
2015-10-22,14410.00,2436.40,83.00,48.94
2015-10-23,14358.19,2436.36,83.00,55.59
2015-10-24,14306.06,2436.32,83.00,55.43
2015-10-25,14228.00,2436.26,82.00,42.35
2015-10-26,14293.03,2436.31,82.00,114.49
2015-10-27,14241.00,2436.27,82.00,55.47
2015-10-28,14293.03,2436.31,82.00,107.94
2015-10-29,14514.00,2436.48,82.00,193.37
2015-10-30,16275.16,2437.85,86.00,973.98
2015-10-31,24690.00,2444.30,98.00,4339.37
2015-11-01,28816.00,2447.42,81.00,2161.06
2015-11-02,30637.00,2448.79,82.00,1000.06
2015-11-03,31681.00,2449.57,83.00,609.18
2015-11-04,32515.96,2450.19,84.00,504.75
2015-11-05,33101.76,2450.63,82.00,376.74
2015-11-06,33698.00,2451.07,79.00,379.75
2015-11-07,34111.93,2451.38,80.00,288.35
2015-11-08,34680.00,2451.80,80.00,366.07
2015-11-09,35167.87,2452.16,81.00,326.48
2015-11-10,35476.97,2452.39,81.00,236.52
2015-11-11,35928.00,2452.72,81.00,308.31
2015-11-12,36501.81,2453.14,82.00,371.26
2015-11-13,41580.17,2456.85,85.00,2645.66
2015-11-14,44594.00,2459.02,83.00,1601.72
2015-11-15,47130.00,2460.81,81.00,1359.25
2015-11-16,49980.00,2462.80,81.00,1517.56
2015-11-17,59160.00,2468.98,97.00,4725.25
2015-11-18,63180.00,2471.55,84.00,2110.09
2015-11-19,64819.00,2472.57,83.00,909.94
2015-11-20,65737.75,2473.14,83.00,546.61
2015-11-21,66456.00,2473.58,80.00,442.80
2015-11-22,66996.00,2473.91,80.00,352.93
2015-11-23,67435.91,2474.18,80.00,302.47
2015-11-24,67880.00,2474.45,80.00,304.57
2015-11-25,68147.04,2474.61,81.00,215.87
2015-11-26,68348.00,2474.73,81.00,183.03
2015-11-27,68540.20,2474.85,80.00,178.61
2015-11-28,68739.00,2474.97,80.00,181.94
2015-11-29,68892.00,2475.06,80.00,158.84
2015-11-30,69137.00,2475.21,80.00,205.23
2015-12-01,69273.00,2475.29,80.00,150.27
2015-12-02,69392.25,2475.36,80.00,141.83
2015-12-03,69572.00,2475.47,80.00,172.22
2015-12-04,69756.00,2475.58,80.00,174.15
2015-12-05,70079.00,2475.77,79.00,244.43
2015-12-06,70409.00,2475.97,79.00,248.08
2015-12-07,70953.00,2476.29,79.00,356.17
2015-12-08,76120.00,2479.30,89.00,2696.52
2015-12-09,84380.00,2483.90,97.00,4265.42
2015-12-10,86954.00,2485.28,83.00,1383.64
2015-12-11,88272.00,2485.98,81.00,748.44
2015-12-12,89400.00,2486.57,81.00,652.49
2015-12-13,90334.00,2487.06,81.00,554.68
2015-12-14,90959.90,2487.38,80.00,399.35
2015-12-15,91499.80,2487.66,80.00,355.99
2015-12-16,91949.95,2487.89,80.00,310.74
2015-12-17,92569.00,2488.21,80.00,395.89
2015-12-18,93100.00,2488.48,80.00,351.50
2015-12-19,93405.72,2488.64,80.00,237.93
2015-12-20,93860.34,2488.87,80.00,313.00
2015-12-21,94250.00,2489.07,80.00,280.24
2015-12-22,94605.00,2489.25,79.00,262.77
2015-12-23,95040.00,2489.47,80.00,303.89
2015-12-24,95320.05,2489.61,82.00,227.68
2015-12-25,95459.90,2489.68,82.00,157.51
2015-12-26,95479.95,2489.69,82.00,97.11
2015-12-27,95479.95,2489.69,82.00,87.00
2015-12-28,95557.00,2489.73,83.00,126.66
2015-12-29,95910.00,2489.91,83.00,266.06
2015-12-30,95990.00,2489.95,83.00,128.42
2015-12-31,96030.00,2489.97,82.00,108.25
2016-01-01,96090.00,2490.00,82.00,118.34
2016-01-02,96130.00,2490.02,82.00,108.25
2016-01-03,96230.00,2490.07,82.00,138.50
2016-01-04,96349.66,2490.13,82.00,148.96
2016-01-05,96409.80,2490.16,83.00,119.51
2016-01-06,96449.90,2490.18,83.00,109.40
2016-01-07,96490.00,2490.20,82.00,108.42
2016-01-08,96510.00,2490.21,81.00,98.17
2016-01-09,96530.00,2490.22,81.00,98.17
2016-01-10,96550.00,2490.23,81.00,98.17
2016-01-11,96590.00,2490.25,81.00,108.25
2016-01-12,96710.05,2490.31,83.00,151.12
2016-01-13,96810.30,2490.36,85.00,143.30
2016-01-14,96810.30,2490.36,85.00,92.55
2016-01-15,96830.34,2490.37,85.00,97.56
2016-01-16,97050.00,2490.48,87.00,196.56
2016-01-17,97090.00,2490.50,87.00,106.08
2016-01-18,97090.00,2490.50,94.00,92.74
2016-01-19,97110.00,2490.51,101.00,109.67
2016-01-20,97170.00,2490.54,99.00,127.06
2016-01-21,97409.80,2490.66,97.00,215.25
2016-01-22,97510.00,2490.71,96.00,145.05
2016-01-23,97650.00,2490.78,96.00,166.99
2016-01-24,97730.10,2490.82,97.00,137.25
2016-01-25,97770.20,2490.84,97.00,117.41
2016-01-26,97930.00,2490.92,96.00,177.77
2016-01-27,98110.00,2491.01,96.00,187.95
2016-01-28,99260.00,2491.58,97.00,678.01
2016-01-29,100299.00,2492.09,97.00,622.48
2016-01-30,100951.00,2492.41,97.00,427.62
2016-01-31,101360.05,2492.61,97.00,304.66
2016-02-01,101729.00,2492.79,96.00,284.56
2016-02-02,101960.00,2492.90,97.00,215.79
2016-02-03,102202.00,2493.02,97.00,221.60
2016-02-04,102633.00,2493.23,97.00,316.87
2016-02-05,102990.00,2493.40,97.00,279.56
2016-02-06,103320.00,2493.56,98.00,266.60
2016-02-07,103546.84,2493.67,98.00,215.17
2016-02-08,103736.00,2493.76,97.00,196.17
2016-02-09,103960.34,2493.87,97.00,213.91
2016-02-10,104188.00,2493.98,97.00,215.58
2016-02-11,104502.64,2494.13,97.00,259.43
2016-02-12,105070.00,2494.40,97.00,386.91
2016-02-13,105900.00,2494.80,97.00,520.31
2016-02-14,107863.00,2495.73,98.00,1093.22
2016-02-15,113404.11,2498.32,107.00,2904.98
2016-02-16,117485.89,2500.18,105.00,2168.92
2016-02-17,119804.00,2501.22,105.00,1279.43
2016-02-18,121596.00,2502.02,105.00,1014.18
2016-02-19,122933.05,2502.61,105.00,784.98
2016-02-20,123958.75,2503.06,105.00,628.95
2016-02-21,124671.39,2503.37,105.00,471.12
2016-02-22,125351.77,2503.62,105.00,454.86
2016-02-23,125788.34,2503.86,105.00,331.93
2016-02-24,126202.00,2504.04,105.00,320.38
2016-02-25,126523.89,2504.18,104.00,274.13
2016-02-26,126846.11,2504.32,104.00,274.71
2016-02-27,127237.00,2504.49,105.00,309.92
2016-02-28,127960.00,2504.80,105.00,477.50
2016-02-29,128489.00,2505.03,106.00,380.36
2016-03-01,129326.95,2505.39,106.00,536.51
2016-03-02,130142.00,2505.74,107.00,525.81
2016-03-03,130957.00,2506.09,107.00,526.11
2016-03-04,131643.89,2506.38,107.00,461.52
2016-03-05,132423.00,2506.71,107.00,508.47
2016-03-06,133523.89,2507.18,108.00,671.90
2016-03-07,134544.06,2507.61,109.00,631.61
2016-03-08,135278.00,2507.92,109.00,487.48
2016-03-09,136070.00,2508.25,109.00,516.81
2016-03-10,136862.00,2508.58,108.00,516.81
2016-03-11,137486.23,2508.84,108.00,432.23
2016-03-12,138110.00,2509.10,108.00,432.10
2016-03-13,138672.17,2509.33,109.00,401.81
2016-03-14,139200.00,2509.55,133.00,411.94
2016-03-15,139487.83,2509.67,160.00,317.61
2016-03-16,139710.00,2509.76,160.00,283.98
2016-03-17,139834.06,2509.81,159.00,234.53
2016-03-18,139930.30,2509.85,159.00,220.50
2016-03-19,140025.94,2509.89,159.00,220.20
2016-03-20,140146.00,2509.94,159.00,232.52
2016-03-21,140362.00,2510.03,159.00,280.89
2016-03-22,140754.94,2510.19,159.00,369.45
2016-03-23,141270.00,2510.40,159.00,432.05
2016-03-24,142096.00,2510.74,160.00,589.95
2016-03-25,142658.00,2510.97,160.00,457.15
2016-03-26,143099.70,2511.15,161.00,397.15
2016-03-27,143661.88,2511.38,161.00,457.71
2016-03-28,144010.00,2511.52,161.00,350.50
2016-03-29,144329.70,2511.65,160.00,336.19
2016-03-30,144625.00,2511.77,160.00,323.89
2016-03-31,145040.00,2511.94,160.00,384.24
2016-04-01,145714.00,2512.21,189.00,546.08
2016-04-02,146680.00,2512.60,256.00,765.26
2016-04-03,147670.00,2513.00,310.00,836.51
2016-04-04,148820.00,2513.46,361.00,974.09
2016-04-05,149445.00,2513.71,461.00,816.64
2016-04-06,149420.00,2513.70,637.00,669.45
2016-04-07,149294.69,2513.65,720.00,708.35
2016-04-08,149820.36,2513.86,711.00,1032.08
2016-04-09,150670.00,2514.20,769.00,1262.45
2016-04-10,151154.94,2514.39,862.00,1178.09
2016-04-11,151080.36,2514.36,959.00,997.73
2016-04-12,150644.94,2514.19,1000.00,821.02
2016-04-13,150220.00,2514.02,882.00,659.10
2016-04-14,150020.00,2513.94,738.00,624.16
2016-04-15,149720.13,2513.82,674.00,506.27
2016-04-16,149344.81,2513.67,660.00,447.83
2016-04-17,149070.00,2513.56,664.00,498.50
2016-04-18,149394.94,2513.69,628.00,756.76
2016-04-19,150494.58,2514.13,523.00,1042.05
2016-04-20,152086.00,2514.76,506.00,1268.43
2016-04-21,153882.00,2515.47,511.00,1372.32
2016-04-22,155324.00,2516.04,544.00,1227.15
2016-04-23,156110.31,2516.35,650.00,998.60
2016-04-24,156600.00,2516.54,720.00,920.96
2016-04-25,156500.00,2516.50,837.00,730.77
2016-04-26,156006.06,2516.31,899.00,587.36
2016-04-27,155324.00,2516.04,921.00,514.76
2016-04-28,154535.00,2515.73,917.00,519.42
2016-04-29,153778.00,2515.43,895.00,511.45
2016-04-30,153121.81,2515.17,851.00,517.32
2016-05-01,152640.00,2514.98,806.00,562.33
2016-05-02,152640.00,2514.98,720.00,721.86
2016-05-03,153275.00,2515.23,591.00,910.85
2016-05-04,154110.00,2515.56,503.00,923.86
2016-05-05,154892.44,2515.87,451.00,845.36
2016-05-06,155505.06,2516.11,484.00,794.22
2016-05-07,156370.00,2516.45,503.00,939.67
2016-05-08,157208.00,2516.78,505.00,928.38
2016-05-09,157595.00,2516.93,550.00,748.19
2016-05-10,157234.00,2516.79,623.00,442.77
2016-05-11,157130.00,2516.75,626.00,572.66
2016-05-12,157078.00,2516.73,626.00,599.21
2016-05-13,157026.00,2516.71,626.00,600.15
2016-05-14,157208.00,2516.78,626.00,718.15
2016-05-15,157312.13,2516.82,637.00,690.61
2016-05-16,157156.00,2516.76,650.00,571.86
2016-05-17,156974.94,2516.69,650.00,559.31
2016-05-18,156899.75,2516.66,594.00,555.32
2016-05-19,157130.00,2516.75,413.00,537.61
2016-05-20,157390.31,2516.85,294.00,426.18
2016-05-21,157874.00,2517.04,302.00,546.14
2016-05-22,158030.00,2517.10,458.00,544.60
2016-05-23,157978.00,2517.08,542.00,514.87
2016-05-24,157796.00,2517.01,542.00,449.08
2016-05-25,157570.00,2516.92,547.00,434.64
2016-05-26,157234.00,2516.79,597.00,429.08
2016-05-27,156849.64,2516.64,597.00,403.01
2016-05-28,156500.00,2516.50,588.00,411.48
2016-05-29,155980.00,2516.30,626.00,363.32
2016-05-30,155428.00,2516.08,634.00,356.07
2016-05-31,154917.88,2515.88,618.00,361.98
2016-06-01,154510.00,2515.72,618.00,412.13
2016-06-02,154409.88,2515.68,550.00,503.15
2016-06-03,154434.94,2515.69,394.00,406.50
2016-06-04,154409.88,2515.68,441.00,432.44
2016-06-05,154010.00,2515.52,677.00,478.21
2016-06-06,153450.00,2515.30,735.00,453.78
2016-06-07,152765.00,2515.03,735.00,389.33
2016-06-08,151930.00,2514.70,750.00,331.24
2016-06-09,151005.19,2514.33,786.00,319.51
2016-06-10,149970.00,2513.92,789.00,277.51
2016-06-11,148970.00,2513.52,786.00,291.15
2016-06-12,147895.00,2513.09,782.00,249.74
2016-06-13,146854.81,2512.67,779.00,264.94
2016-06-14,145858.00,2512.27,776.00,284.47
2016-06-15,144748.13,2511.82,776.00,225.16
2016-06-16,143590.30,2511.35,773.00,197.44
2016-06-17,142415.42,2510.87,766.00,183.82
2016-06-18,141606.00,2510.54,766.00,366.52
2016-06-19,140580.13,2510.12,763.00,254.85
2016-06-20,139560.00,2509.70,759.00,253.88
2016-06-21,138600.00,2509.30,756.00,281.47
2016-06-22,137534.36,2508.86,753.00,225.34
2016-06-23,136574.00,2508.46,750.00,275.83
2016-06-24,135781.59,2508.13,750.00,359.26
2016-06-25,134904.00,2507.76,747.00,313.26
2016-06-26,133906.23,2507.34,763.00,271.06
2016-06-27,132813.89,2506.88,806.00,266.94
2016-06-28,131643.89,2506.38,844.00,266.65
2016-06-29,130352.18,2505.83,891.00,252.34
2016-06-30,128959.00,2505.23,928.00,237.29
2016-07-01,127500.00,2504.60,949.00,225.14
2016-07-02,125972.00,2503.94,973.00,213.91
2016-07-03,124395.00,2503.25,977.00,193.56
2016-07-04,122818.00,2502.56,973.00,188.91
2016-07-05,121238.34,2501.86,966.00,181.65
2016-07-06,119667.77,2501.16,963.00,180.19
2016-07-07,118090.00,2500.45,973.00,189.83
2016-07-08,116474.00,2499.72,984.00,178.64
2016-07-09,114956.00,2499.03,977.00,223.58
2016-07-10,113318.00,2498.28,973.00,157.21
2016-07-11,111724.00,2497.54,966.00,173.09
2016-07-12,110109.00,2496.79,959.00,156.95
2016-07-13,108535.00,2496.05,952.00,171.17
2016-07-14,106950.00,2495.30,949.00,158.99
2016-07-15,105340.00,2494.53,942.00,140.22
2016-07-16,103694.00,2493.74,963.00,143.55
2016-07-17,102040.00,2492.94,973.00,150.02
2016-07-18,100459.85,2492.17,949.00,181.80
2016-07-19,98820.30,2491.36,943.00,143.27
2016-07-20,97150.00,2490.53,954.00,117.49
2016-07-21,95500.00,2489.70,958.00,131.94
2016-07-22,93800.20,2488.84,963.00,109.59
2016-07-23,92103.00,2487.97,967.00,112.49
2016-07-24,90430.05,2487.11,964.00,122.14
2016-07-25,88728.00,2486.22,965.00,130.24
2016-07-26,87047.14,2485.33,973.00,124.27
2016-07-27,85290.95,2484.39,1001.00,115.35
2016-07-28,83550.00,2483.45,998.00,120.65
2016-07-29,81828.00,2482.51,988.00,120.88
2016-07-30,80036.00,2481.52,1014.00,108.58
2016-07-31,78238.00,2480.51,1025.00,116.21
2016-08-01,76460.00,2479.50,1014.00,115.31
2016-08-02,74720.00,2478.50,1004.00,123.42
2016-08-03,73000.00,2477.50,994.00,122.98
2016-08-04,71317.00,2476.51,984.00,131.50
2016-08-05,69604.00,2475.49,974.00,105.61
2016-08-06,67896.00,2474.46,974.00,108.70
2016-08-07,66176.00,2473.41,982.00,108.70
2016-08-08,64476.23,2472.36,975.00,112.52
2016-08-09,62790.00,2471.30,976.00,119.61
2016-08-10,61082.00,2470.22,980.00,113.10
2016-08-11,59372.08,2469.12,983.00,116.21
2016-08-12,57690.00,2468.02,988.00,133.11
2016-08-13,56000.00,2466.90,982.00,122.57
2016-08-14,54332.00,2465.78,970.00,118.62
2016-08-15,52697.90,2464.67,954.00,119.08
2016-08-16,51084.00,2463.56,938.00,111.29
2016-08-17,49500.00,2462.46,921.00,107.78
2016-08-18,47910.17,2461.35,922.00,103.90
2016-08-19,46315.00,2460.23,923.00,101.58
2016-08-20,44706.00,2459.09,932.00,103.68
2016-08-21,43110.00,2457.95,922.00,96.99
2016-08-22,41539.73,2456.82,923.00,122.58
2016-08-23,39943.00,2455.66,906.00,104.76
2016-08-24,38531.00,2454.63,817.00,107.71
2016-08-25,37233.94,2453.68,755.00,100.51
2016-08-26,36026.00,2452.79,677.00,68.81
2016-08-27,34937.00,2451.99,620.00,61.69
2016-08-28,33961.00,2451.27,558.00,89.97
2016-08-29,33185.96,2450.69,478.00,101.44
2016-08-30,32530.00,2450.20,383.00,60.86
2016-08-31,32046.14,2449.84,304.00,61.76
2016-09-01,31720.00,2449.60,228.00,65.91
2016-09-02,31577.00,2449.49,176.00,106.25
2016-09-03,31390.17,2449.35,146.00,55.06
2016-09-04,31229.00,2449.23,124.00,42.56
2016-09-05,31105.79,2449.14,118.00,52.88
2016-09-06,30998.00,2449.06,117.00,60.65
2016-09-07,30868.00,2448.96,115.00,48.79
2016-09-08,30775.96,2448.89,104.00,57.31
2016-09-09,30692.10,2448.83,98.00,56.11
2016-09-10,30585.00,2448.75,96.00,43.74
2016-09-11,30480.90,2448.67,94.00,44.72
2016-09-12,30377.00,2448.59,93.00,44.81
2016-09-13,30286.00,2448.52,92.00,46.12
2016-09-14,30218.00,2448.47,93.00,58.72
2016-09-15,30093.94,2448.38,103.00,40.45
2016-09-16,29977.00,2448.29,103.00,44.04
2016-09-17,30120.00,2448.40,103.00,174.16
2016-09-18,30055.16,2448.35,103.00,69.36
2016-09-19,30081.22,2448.37,103.00,115.16
2016-09-20,30029.10,2448.33,103.00,75.74
2016-09-21,29964.00,2448.28,103.00,69.20
2016-09-22,29886.00,2448.22,102.00,62.70
2016-09-23,29831.93,2448.18,102.00,74.59
2016-09-24,29720.00,2448.10,102.00,45.06
2016-09-25,29655.00,2448.05,101.00,68.08
2016-09-26,29551.00,2447.97,101.00,48.37
2016-09-27,29460.00,2447.90,101.00,54.92
2016-09-28,29348.07,2447.82,101.00,44.37
2016-09-29,29242.00,2447.74,101.00,47.26
2016-09-30,29163.94,2447.68,101.00,61.10
2016-10-01,29004.00,2447.56,101.00,19.62
2016-10-02,28907.00,2447.49,99.00,50.68
2016-10-03,28790.00,2447.40,98.00,40.60
2016-10-04,28686.06,2447.32,99.00,47.19
2016-10-05,28595.00,2447.25,99.00,53.68
2016-10-06,28515.96,2447.19,99.00,59.74
2016-10-07,28595.00,2447.25,99.00,139.59
2016-10-08,28763.94,2447.38,99.00,184.82
2016-10-09,29460.00,2447.90,101.00,451.91
2016-10-10,29707.00,2448.09,102.00,226.29
2016-10-11,29845.96,2448.19,102.00,172.08
2016-10-12,29899.00,2448.23,102.00,128.76
2016-10-13,30403.03,2448.61,104.00,356.95
2016-10-14,31590.00,2449.50,105.00,703.47
2016-10-15,32771.93,2450.38,107.00,703.29
2016-10-16,33670.00,2451.05,104.00,556.16
2016-10-17,34652.00,2451.78,104.00,598.75
2016-10-18,35672.00,2452.53,106.00,619.31
2016-10-19,36476.06,2453.12,103.00,507.29
2016-10-20,39874.04,2455.61,106.00,1817.42
2016-10-21,41608.24,2456.87,105.00,978.21
2016-10-22,42550.00,2457.55,101.00,574.44
2016-10-23,43152.00,2457.98,103.00,404.15
2016-10-24,43670.17,2458.35,103.00,362.04
2016-10-25,43964.00,2458.56,103.00,248.94
2016-10-26,44860.00,2459.20,104.00,553.76
2016-10-27,46116.00,2460.09,106.00,736.98
2016-10-28,46840.00,2460.60,107.00,469.52
2016-10-29,47480.00,2461.05,109.00,428.03
2016-10-30,47965.96,2461.39,109.00,350.77
2016-10-31,48882.00,2462.03,110.00,568.85
2016-11-01,49938.00,2462.77,111.00,643.40
2016-11-02,50805.26,2463.37,107.00,543.84
2016-11-03,51505.18,2463.85,104.00,456.42
2016-11-04,52010.00,2464.20,104.00,358.51
2016-11-05,52555.00,2464.57,104.00,378.77
2016-11-06,53150.00,2464.98,105.00,405.04
2016-11-07,53606.00,2465.29,102.00,332.12
2016-11-08,53965.00,2465.53,101.00,281.79
2016-11-09,54290.00,2465.75,101.00,264.65
2016-11-10,54555.00,2465.93,101.00,234.40
2016-11-11,54765.00,2466.07,101.00,207.27
2016-11-12,55065.00,2466.27,102.00,253.01
2016-11-13,55372.00,2466.48,102.00,256.89
2016-11-14,56585.00,2467.29,104.00,716.00
2016-11-15,57780.00,2468.08,104.00,707.37
2016-11-16,58730.00,2468.70,105.00,584.67
2016-11-17,59419.80,2469.15,105.00,453.54
2016-11-18,59945.00,2469.49,103.00,368.09
2016-11-19,60415.00,2469.79,98.00,335.34
2016-11-20,60804.00,2470.04,98.00,294.51
2016-11-21,61178.00,2470.28,98.00,286.94
2016-11-22,61505.00,2470.49,98.00,263.25
2016-11-23,61807.92,2470.68,98.00,251.11
2016-11-24,62198.00,2470.93,98.00,295.57
2016-11-25,62565.84,2471.16,100.00,285.04
2016-11-26,62886.23,2471.36,100.00,261.12
2016-11-27,63307.73,2471.63,100.00,312.09
2016-11-28,63723.96,2471.89,100.00,309.53
2016-11-29,64107.73,2472.13,100.00,293.11
2016-11-30,64668.00,2472.48,101.00,383.30
2016-12-01,65110.00,2472.75,102.00,324.86
2016-12-02,65606.00,2473.06,102.00,352.09
2016-12-03,66224.00,2473.44,102.00,413.73
2016-12-04,66895.21,2473.85,103.00,441.66
2016-12-05,67300.00,2474.10,103.00,307.34
2016-12-06,67623.00,2474.29,102.00,264.89
2016-12-07,67848.00,2474.43,101.00,214.24
2016-12-08,68045.00,2474.55,101.00,200.12
2016-12-09,68332.00,2474.72,101.00,245.49
2016-12-10,68637.00,2474.92,101.00,254.57
2016-12-11,68875.00,2475.05,101.00,220.79
2016-12-12,69039.80,2475.15,101.00,183.89
2016-12-13,69120.00,2475.20,101.00,141.23
2016-12-14,69256.00,2475.28,101.00,169.37
2016-12-15,69307.04,2475.31,101.00,126.53
2016-12-16,69358.16,2475.34,103.00,128.47
2016-12-17,69392.25,2475.36,105.00,122.95
2016-12-18,69392.25,2475.36,105.00,105.76
2016-12-19,69588.00,2475.48,105.00,204.55
2016-12-20,69874.79,2475.65,107.00,251.39
2016-12-21,69977.00,2475.71,107.00,158.57
2016-12-22,70045.00,2475.75,107.00,141.32
2016-12-23,70130.00,2475.80,107.00,149.89
2016-12-24,70178.12,2475.83,106.00,131.29
2016-12-25,70210.20,2475.85,106.00,123.21
2016-12-26,70324.00,2475.92,106.00,164.41
2016-12-27,70511.00,2476.03,106.00,201.28
2016-12-28,70528.00,2476.04,106.00,115.61
2016-12-29,70697.75,2476.14,106.00,192.62
2016-12-30,70748.88,2476.17,106.00,132.81
2016-12-31,70817.00,2476.21,106.00,141.38
2017-01-01,70851.00,2476.23,106.00,124.18
2017-01-02,70834.00,2476.22,106.00,98.46
2017-01-03,70817.00,2476.21,106.00,98.46
2017-01-04,70765.91,2476.18,118.00,92.89
2017-01-05,70714.79,2476.15,131.00,106.26
2017-01-06,70714.79,2476.15,131.00,132.04
2017-01-07,70714.79,2476.15,131.00,132.04
2017-01-08,70714.79,2476.15,131.00,132.04
2017-01-09,70714.79,2476.15,131.00,132.04
2017-01-10,70714.79,2476.15,131.00,132.04
2017-01-11,70714.79,2476.15,131.00,132.04
2017-01-12,70697.75,2476.14,131.00,123.45
2017-01-13,70714.79,2476.15,131.00,140.56
2017-01-14,70714.79,2476.15,130.00,131.17
2017-01-15,70714.79,2476.15,125.00,125.61
2017-01-16,70714.79,2476.15,122.00,122.21
2017-01-17,70714.79,2476.15,122.00,122.21
2017-01-18,70714.79,2476.15,122.00,122.21
2017-01-19,70011.00,2475.73,122.00,-232.61
2017-01-20,69942.96,2475.69,122.00,87.45
2017-01-21,69874.79,2475.65,120.00,86.67
2017-01-22,69807.04,2475.61,120.00,86.87
2017-01-23,69739.00,2475.57,120.00,86.72
2017-01-24,69739.00,2475.57,120.00,121.03
2017-01-25,69722.00,2475.56,120.00,112.45
2017-01-26,69620.00,2475.50,120.00,69.60
2017-01-27,69572.00,2475.47,120.00,96.83
2017-01-28,69572.00,2475.47,120.00,121.03
2017-01-29,69540.00,2475.45,120.00,104.89
2017-01-30,69307.04,2475.31,120.00,3.57
2017-01-31,69273.00,2475.29,120.00,103.86
2017-02-01,69273.00,2475.29,120.00,121.03
2017-02-02,69273.00,2475.29,120.00,121.03
2017-02-03,69273.00,2475.29,120.00,121.03
2017-02-04,69273.00,2475.29,120.00,121.03
2017-02-05,69273.00,2475.29,120.00,121.03
2017-02-06,69273.00,2475.29,120.00,121.03
2017-02-07,69273.00,2475.29,120.00,121.03
2017-02-08,69273.00,2475.29,120.00,121.03
2017-02-09,69290.00,2475.30,117.00,127.42
2017-02-10,69273.00,2475.29,107.00,100.02
2017-02-11,69256.00,2475.28,107.00,99.75
2017-02-12,69273.00,2475.29,107.00,116.89
2017-02-13,69273.00,2475.29,107.00,108.37
2017-02-14,69273.00,2475.29,107.00,108.63
2017-02-15,69442.96,2475.39,108.00,195.16
2017-02-16,70028.00,2475.74,108.00,404.57
2017-02-17,70528.00,2476.04,108.00,362.13
2017-02-18,70919.00,2476.27,109.00,307.82
2017-02-19,71236.00,2476.46,109.00,270.54
2017-02-20,71487.04,2476.61,109.00,237.26
2017-02-21,71691.00,2476.73,105.00,209.22
2017-02-22,71861.13,2476.83,103.00,190.28
2017-02-23,71929.29,2476.87,103.00,138.87
2017-02-24,72116.00,2476.98,103.00,198.64
2017-02-25,72252.00,2477.06,103.00,173.07
2017-02-26,72370.71,2477.13,103.00,164.36
2017-02-27,72524.00,2477.22,102.00,181.79
2017-02-28,72643.00,2477.29,102.00,164.50
2017-03-01,72728.16,2477.34,102.00,147.65
2017-03-02,72830.00,2477.40,104.00,156.69
2017-03-03,73036.00,2477.52,101.00,207.40
2017-03-04,73144.00,2477.58,98.00,154.04
2017-03-05,73230.71,2477.63,97.00,143.30
2017-03-06,73367.00,2477.71,97.00,168.30
2017-03-07,73622.25,2477.86,97.00,228.28
2017-03-08,73724.00,2477.92,97.00,150.89
2017-03-09,73962.00,2478.06,97.00,219.72
2017-03-10,74278.00,2478.24,98.00,260.44
2017-03-11,74756.00,2478.52,98.00,341.94
2017-03-12,75312.18,2478.84,99.00,382.43
2017-03-13,76290.00,2479.40,101.00,595.64
2017-03-14,78328.00,2480.56,102.00,1132.60
2017-03-15,81133.70,2482.13,101.00,1518.11
2017-03-16,83365.23,2483.35,98.00,1225.94
2017-03-17,84803.70,2484.13,98.00,826.02
2017-03-18,86060.00,2484.80,98.00,734.70
2017-03-19,86918.00,2485.26,99.00,534.60
2017-03-20,87635.72,2485.64,99.00,463.87
2017-03-21,88291.00,2485.99,99.00,432.39
2017-03-22,88880.00,2486.30,99.00,398.98
2017-03-23,89440.00,2486.59,99.00,384.79
2017-03-24,90125.00,2486.95,100.00,448.61
2017-03-25,90762.00,2487.28,100.00,424.94
2017-03-26,91380.00,2487.60,101.00,416.08
2017-03-27,91970.00,2487.90,100.00,400.34
2017-03-28,92702.00,2488.28,99.00,471.07
2017-03-29,93800.20,2488.84,100.00,656.59
2017-03-30,95060.00,2489.48,101.00,739.16
2017-03-31,95970.00,2489.94,101.00,562.80
2017-04-01,96770.20,2490.34,101.00,507.52
2017-04-02,97570.00,2490.74,101.00,507.74
2017-04-03,98190.00,2491.05,101.00,417.09
2017-04-04,98780.20,2491.34,101.00,402.06
2017-04-05,99340.10,2491.62,101.00,387.00
2017-04-06,100070.00,2491.98,102.00,474.09
2017-04-07,101180.00,2492.52,103.00,666.66
2017-04-08,102160.00,2493.00,103.00,601.12
2017-04-09,102947.90,2493.38,103.00,504.27
2017-04-10,103588.95,2493.69,103.00,430.23
2017-04-11,104146.00,2493.96,103.00,387.88
2017-04-12,104839.00,2494.29,104.00,457.49
2017-04-13,105690.00,2494.70,105.00,538.52
2017-04-14,106362.00,2495.02,146.00,494.27
2017-04-15,106782.00,2495.22,200.00,418.14
2017-04-16,107138.95,2495.39,200.00,386.04
2017-04-17,107401.00,2495.51,239.00,377.91
2017-04-18,107548.00,2495.57,332.00,414.66
2017-04-19,107632.10,2495.62,385.00,434.62
2017-04-20,108115.26,2495.85,322.00,573.50
2017-04-21,108860.00,2496.20,207.00,589.57
2017-04-22,109941.00,2496.71,117.00,667.98
2017-04-23,111137.00,2497.27,94.00,700.18
2017-04-24,112060.00,2497.70,183.00,660.59
2017-04-25,112584.00,2497.94,345.00,618.09
2017-04-26,113470.27,2498.35,388.00,842.16
2017-04-27,114324.00,2498.74,310.00,748.86
2017-04-28,115132.05,2499.11,204.00,618.37
2017-04-29,115968.00,2499.49,119.00,545.25
2017-04-30,116958.00,2499.94,95.00,597.50
2017-05-01,117820.39,2500.35,95.00,532.60
2017-05-02,118709.00,2500.73,94.00,545.20
2017-05-03,119936.00,2501.28,94.00,715.81
2017-05-04,123116.95,2502.69,95.00,1701.54
2017-05-05,127452.00,2504.58,95.00,2284.04
2017-05-06,129911.66,2505.64,96.00,1339.66
2017-05-07,131529.17,2506.33,96.00,915.08
2017-05-08,132745.28,2506.85,96.00,712.71
2017-05-09,134001.88,2507.38,96.00,733.12
2017-05-10,135614.00,2508.06,96.00,912.69
2017-05-11,137702.00,2508.93,97.00,1153.50
2017-05-12,139415.64,2509.64,97.00,964.76
2017-05-13,140754.94,2510.19,98.00,776.67
2017-05-14,141750.00,2510.60,131.00,637.43
2017-05-15,142514.00,2510.91,186.00,574.85
2017-05-16,143370.00,2511.26,270.00,703.30
2017-05-17,143910.00,2511.48,282.00,551.49
2017-05-18,144475.00,2511.71,265.00,544.29
2017-05-19,145240.00,2512.02,268.00,645.16
2017-05-20,146555.00,2512.55,271.00,922.51
2017-05-21,148320.00,2513.26,276.00,1150.46
2017-05-22,150569.75,2514.16,320.00,1435.75
2017-05-23,153325.00,2515.25,336.00,1706.05
2017-05-24,155402.00,2516.07,340.00,1366.45
2017-05-25,156550.00,2516.52,353.00,911.48
2017-05-26,157130.00,2516.75,465.00,760.25
2017-05-27,157796.00,2517.01,742.00,1093.78
2017-05-28,157720.00,2516.98,1345.00,1308.92
2017-05-29,157720.00,2516.98,1449.00,1451.87
2017-05-30,157595.00,2516.93,1505.00,1446.30
2017-05-31,157260.00,2516.80,1323.00,1159.52
2017-06-01,157416.38,2516.86,1009.00,1092.57
2017-06-02,157493.94,2516.89,930.00,968.83
2017-06-03,157595.00,2516.93,808.00,863.89
2017-06-04,157670.00,2516.96,711.00,750.49
2017-06-05,157595.00,2516.93,669.00,631.92
2017-06-06,157520.00,2516.90,677.00,639.38
2017-06-07,157670.00,2516.96,678.00,752.97
2017-06-08,157900.00,2517.05,896.00,1018.41
2017-06-09,157695.00,2516.97,871.00,775.22
2017-06-10,157770.00,2517.00,523.00,563.73
2017-06-11,157848.00,2517.03,442.00,481.11
2017-06-12,157900.00,2517.05,423.00,446.97
2017-06-13,157822.00,2517.02,451.00,410.13
2017-06-14,157595.00,2516.93,519.00,402.49
2017-06-15,157745.00,2516.99,536.00,609.04
2017-06-16,158436.00,2517.26,542.00,888.03
2017-06-17,158358.00,2517.23,585.00,543.80
2017-06-18,158254.94,2517.19,527.00,473.27
2017-06-19,158204.81,2517.17,530.00,501.41
2017-06-20,158104.58,2517.13,570.00,518.40
2017-06-21,157900.00,2517.05,542.00,436.93
2017-06-22,157645.00,2516.95,522.00,390.75
2017-06-23,157312.13,2516.82,579.00,408.29
2017-06-24,156775.06,2516.61,672.00,398.21
2017-06-25,156240.00,2516.40,703.00,430.99
2017-06-26,155629.75,2516.16,732.00,423.02
2017-06-27,154788.19,2515.83,789.00,364.04
2017-06-28,153752.00,2515.42,854.00,330.24
2017-06-29,152565.00,2514.95,920.00,317.30
2017-06-30,151280.00,2514.44,979.00,328.03
2017-07-01,149894.94,2513.89,1010.00,309.13
2017-07-02,148470.13,2513.32,1013.00,294.70
2017-07-03,146954.00,2512.71,1049.00,283.27
2017-07-04,145365.00,2512.07,1067.00,264.69
2017-07-05,143735.00,2511.41,1063.00,239.57
2017-07-06,142120.00,2510.75,1055.00,243.19
2017-07-07,140482.00,2510.08,1054.00,229.76
2017-07-08,138815.94,2509.39,1061.00,223.72
2017-07-09,137125.94,2508.69,1064.00,215.90
2017-07-10,135422.00,2507.98,1064.00,206.16
2017-07-11,133690.00,2507.25,1067.00,195.65
2017-07-12,131968.00,2506.52,1063.00,200.01
2017-07-13,130234.00,2505.78,1070.00,200.06
2017-07-14,128466.00,2505.02,1069.00,183.55
2017-07-15,126708.00,2504.26,1069.00,189.21
2017-07-16,124894.00,2503.47,1064.00,157.60
2017-07-17,123116.95,2502.69,1064.00,175.47
2017-07-18,121352.00,2501.91,1060.00,178.48
2017-07-19,119553.05,2501.11,1067.00,165.97
2017-07-20,117660.00,2500.30,1077.00,131.14
2017-07-21,115924.00,2499.47,1091.00,223.56
2017-07-22,114085.63,2498.63,1097.00,179.17
2017-07-23,112258.00,2497.79,1100.00,190.90
2017-07-24,110371.00,2496.91,1106.00,166.44
2017-07-25,108514.00,2496.04,1111.00,186.82
2017-07-26,106613.70,2495.14,1105.00,160.44
2017-07-27,104734.00,2494.24,1104.00,171.25
2017-07-28,102843.16,2493.33,1099.00,161.35
2017-07-29,100951.00,2492.41,1105.00,168.72
2017-07-30,99020.00,2491.46,1115.00,160.58
2017-07-31,97050.00,2490.48,1125.00,151.26
2017-08-01,95100.00,2489.50,1124.00,161.48
2017-08-02,93159.00,2488.51,1130.00,170.09
2017-08-03,91209.00,2487.51,1129.00,166.90
2017-08-04,89241.00,2486.49,1125.00,154.83
2017-08-05,87313.00,2485.47,1121.00,172.04
2017-08-06,85386.00,2484.44,1116.00,166.49
2017-08-07,83478.00,2483.41,1105.00,168.04
2017-08-08,81593.91,2482.38,1093.00,170.06
2017-08-09,79740.22,2481.35,1084.00,173.71
2017-08-10,77888.05,2480.31,1075.00,134.62
2017-08-11,76066.00,2479.27,1067.00,138.85
2017-08-12,74261.00,2478.23,1054.00,136.17
2017-08-13,72472.96,2477.19,1049.00,134.00
2017-08-14,70731.84,2476.16,1012.00,120.70
2017-08-15,69055.00,2475.16,993.00,129.67
2017-08-16,67367.00,2474.14,999.00,128.24
2017-08-17,65670.00,2473.10,1005.00,128.77
2017-08-18,63980.00,2472.05,1011.00,133.83
2017-08-19,62278.00,2470.98,1006.00,123.36
2017-08-20,60708.00,2469.98,959.00,138.26
2017-08-21,59205.00,2469.01,897.00,109.21
2017-08-22,57810.00,2468.10,838.00,102.96
2017-08-23,56525.00,2467.25,789.00,109.14
2017-08-24,55344.00,2466.46,719.00,93.38
2017-08-25,54276.00,2465.74,658.00,90.97
2017-08-26,53330.00,2465.10,607.00,96.34
2017-08-27,52465.00,2464.51,556.00,85.22
2017-08-28,51664.00,2463.96,515.00,78.05
2017-08-29,50940.00,2463.46,471.00,72.54
2017-08-30,50285.00,2463.01,423.00,87.31
2017-08-31,49741.76,2462.63,374.00,94.30
2017-09-01,49256.00,2462.29,317.00,71.97
2017-09-02,48868.00,2462.02,267.00,74.55
2017-09-03,48565.04,2461.81,213.00,66.93
2017-09-04,48325.79,2461.64,176.00,66.14
2017-09-05,48106.00,2461.49,147.00,37.37
2017-09-06,47994.00,2461.41,114.00,58.66
2017-09-07,47896.14,2461.34,102.00,54.76
2017-09-08,47784.00,2461.26,99.00,45.49
2017-09-09,47684.96,2461.19,98.00,52.09
2017-09-10,47565.04,2461.11,97.00,41.49
2017-09-11,47452.00,2461.03,96.00,44.52
2017-09-12,47354.00,2460.96,96.00,51.39
2017-09-13,47228.24,2460.87,100.00,37.65
2017-09-14,47115.00,2460.79,102.00,47.41
2017-09-15,46965.96,2460.69,102.00,29.37
2017-09-16,46854.04,2460.61,102.00,48.07
2017-09-17,46770.00,2460.55,101.00,62.14
2017-09-18,46714.00,2460.51,101.00,76.27
2017-09-19,46728.00,2460.52,101.00,111.56
2017-09-20,46644.00,2460.46,101.00,62.16
2017-09-21,46531.93,2460.38,101.00,48.00
2017-09-22,46434.04,2460.31,101.00,55.15
2017-09-23,46315.00,2460.23,101.00,44.48
2017-09-24,46227.90,2460.17,100.00,55.21
2017-09-25,46130.00,2460.10,99.00,50.08
2017-09-26,46032.00,2460.03,99.00,50.18
2017-09-27,45920.00,2459.95,99.00,43.12
2017-09-28,45808.24,2459.87,99.00,43.24
2017-09-29,45724.04,2459.81,99.00,57.13
2017-09-30,45668.00,2459.77,98.00,71.34
2017-10-01,45612.00,2459.73,98.00,71.00
2017-10-02,45513.86,2459.66,98.00,50.11
2017-10-03,45415.00,2459.59,98.00,49.74
2017-10-04,45295.00,2459.51,98.00,39.20
2017-10-05,45196.00,2459.44,97.00,49.02
2017-10-06,45140.00,2459.40,98.00,71.56
2017-10-07,45125.96,2459.39,100.00,94.72
2017-10-08,45111.93,2459.38,100.00,94.95
2017-10-09,45028.07,2459.32,100.00,59.74
2017-10-10,44958.00,2459.27,100.00,66.66
2017-10-11,44958.00,2459.27,100.00,101.93
2017-10-12,45028.07,2459.32,100.00,136.92
2017-10-13,45070.17,2459.35,101.00,122.81
2017-10-14,45028.07,2459.32,100.00,79.57
2017-10-15,44986.00,2459.29,100.00,79.59
2017-10-16,44944.00,2459.26,100.00,79.62
2017-10-17,45042.10,2459.33,100.00,150.17
2017-10-18,45385.00,2459.57,100.00,274.10
2017-10-19,47025.00,2460.73,102.00,930.49
2017-10-20,48180.00,2461.54,103.00,686.53
2017-10-21,50070.22,2462.86,107.00,1061.08
2017-10-22,55955.26,2466.87,119.00,3087.15
2017-10-23,57555.00,2467.93,116.00,921.75
2017-10-24,58420.00,2468.50,117.00,551.32
2017-10-25,59085.00,2468.93,117.00,450.48
2017-10-26,59612.00,2469.27,117.00,381.02
2017-10-27,59960.00,2469.50,117.00,290.91
2017-10-28,60247.92,2469.68,117.00,260.34
2017-10-29,60445.04,2469.81,117.00,214.59
2017-10-30,60596.00,2469.91,111.00,184.98
2017-10-31,60724.00,2469.99,105.00,167.78
2017-11-01,60915.04,2470.11,105.00,199.30
2017-11-02,61162.00,2470.27,105.00,227.77
2017-11-03,61337.92,2470.38,103.00,190.01
2017-11-04,61460.00,2470.46,102.00,160.76
2017-11-05,61648.00,2470.58,102.00,194.37
2017-11-06,61696.04,2470.61,102.00,123.81
2017-11-07,61648.00,2470.58,136.00,112.56
2017-11-08,61490.00,2470.48,213.00,129.73
2017-11-09,61400.00,2470.42,220.00,173.16
2017-11-10,61210.00,2470.30,220.00,122.35
2017-11-11,61004.89,2470.17,220.00,114.74
2017-11-12,60836.00,2470.06,213.00,125.73
2017-11-13,60989.85,2470.16,159.00,238.52
2017-11-14,61258.12,2470.33,109.00,244.90
2017-11-15,61475.00,2470.47,150.00,262.31
2017-11-16,61536.00,2470.51,185.00,217.43
2017-11-17,61616.00,2470.56,192.00,232.68
2017-11-18,61600.00,2470.55,192.00,184.28
2017-11-19,61727.73,2470.63,202.00,266.05
2017-11-20,62646.00,2471.21,167.00,631.87
2017-11-21,64604.00,2472.44,119.00,1106.59
2017-11-22,67944.00,2474.49,102.00,1785.86
2017-11-23,74261.00,2478.23,107.00,3291.46
2017-11-24,77125.91,2479.88,107.00,1551.56
2017-11-25,78616.00,2480.72,107.00,857.96
2017-11-26,79811.95,2481.39,107.00,709.90
2017-11-27,80756.00,2481.92,107.00,582.99
2017-11-28,81630.00,2482.40,107.00,547.68
2017-11-29,82208.00,2482.72,107.00,398.46
2017-11-30,82792.00,2483.04,104.00,398.98
2017-12-01,83234.00,2483.28,102.00,324.86
2017-12-02,83658.00,2483.51,102.00,315.79
2017-12-03,83933.81,2483.66,102.00,241.08
2017-12-04,84154.00,2483.78,102.00,213.03
2017-12-05,84341.91,2483.88,102.00,196.76
2017-12-06,84488.00,2483.96,102.00,175.68
2017-12-07,84636.00,2484.04,102.00,176.64
2017-12-08,84731.00,2484.09,102.00,149.92
2017-12-09,84803.70,2484.13,102.00,138.67
2017-12-10,84857.82,2484.16,101.00,128.65
2017-12-11,84930.00,2484.20,101.00,137.34
2017-12-12,84987.00,2484.23,101.00,129.54
2017-12-13,85006.00,2484.24,101.00,110.38
2017-12-14,85082.00,2484.28,101.00,139.12
2017-12-15,85139.05,2484.31,101.00,129.56
2017-12-16,85177.14,2484.33,101.00,120.00
2017-12-17,85500.00,2484.50,101.00,263.73
2017-12-18,87066.19,2485.34,104.00,894.26
2017-12-19,88234.00,2485.96,104.00,692.78
2017-12-20,88766.00,2486.24,103.00,179.89
2017-12-21,89089.00,2486.41,103.00,457.69
2017-12-22,89400.00,2486.57,103.00,260.05
2017-12-23,89630.95,2486.69,103.00,219.70
2017-12-24,89840.00,2486.80,103.00,208.65
2017-12-25,90030.00,2486.90,103.00,199.05
2017-12-26,90163.00,2486.97,103.00,170.31
2017-12-27,90296.00,2487.04,103.00,170.31
2017-12-28,90589.95,2487.19,103.00,251.46
2017-12-29,91890.30,2487.86,104.00,760.38
2017-12-30,93040.00,2488.45,105.00,684.95
2017-12-31,93680.00,2488.78,105.00,428.43
2018-01-01,94150.00,2489.02,104.00,342.09
2018-01-02,94529.00,2489.21,104.00,295.58
2018-01-03,94780.20,2489.34,104.00,231.15
2018-01-04,95080.00,2489.49,104.00,255.66
2018-01-05,95359.66,2489.63,104.00,245.74
2018-01-06,95671.00,2489.79,104.00,261.70
2018-01-07,95910.00,2489.91,105.00,226.25
2018-01-08,96090.00,2490.00,102.00,193.22
2018-01-09,96389.76,2490.15,100.00,250.71
2018-01-10,96610.00,2490.26,100.00,210.63
2018-01-11,97190.00,2490.55,100.00,392.00
2018-01-12,97890.00,2490.90,100.00,452.59
2018-01-13,98900.00,2491.40,101.00,610.01
2018-01-14,99830.30,2491.86,101.00,569.86
2018-01-15,100700.00,2492.29,102.00,540.50
2018-01-16,101519.95,2492.69,102.00,515.42
2018-01-17,102370.00,2493.10,102.00,530.90
2018-01-18,103280.00,2493.54,103.00,562.05
2018-01-19,103999.95,2493.89,103.00,466.23
2018-01-20,104544.74,2494.15,103.00,377.92
2018-01-21,105027.90,2494.38,103.00,346.85
2018-01-22,105440.00,2494.58,103.00,311.03
2018-01-23,106026.30,2494.86,103.00,398.85
2018-01-24,106446.00,2495.06,102.00,313.29
2018-01-25,106697.90,2495.18,100.00,226.59
2018-01-26,107034.20,2495.34,100.00,269.14
2018-01-27,107443.00,2495.53,100.00,305.69
2018-01-28,107694.74,2495.65,100.00,226.51
2018-01-29,108157.36,2495.87,101.00,333.63
2018-01-30,108619.00,2496.09,101.00,333.70
2018-01-31,108986.00,2496.26,101.00,285.83
2018-02-01,109478.00,2496.49,101.00,348.85
2018-02-02,110262.32,2496.86,102.00,497.43
2018-02-03,111682.00,2497.52,105.00,821.51
2018-02-04,115374.00,2499.22,114.00,1975.19
2018-02-05,118354.00,2500.57,109.00,1612.40
2018-02-06,120186.95,2501.39,108.00,1032.25
2018-02-07,121506.00,2501.98,108.00,772.98
2018-02-08,122933.05,2502.61,109.00,828.46
2018-02-09,124303.00,2503.21,109.00,800.30
2018-02-10,125281.66,2503.64,108.00,602.01
2018-02-11,125995.00,2503.95,108.00,467.96
2018-02-12,126547.00,2504.19,108.00,386.62
2018-02-13,127030.00,2504.40,108.00,351.83
2018-02-14,127523.05,2504.61,108.00,356.90
2018-02-15,127845.00,2504.75,108.00,270.63
2018-02-16,128374.00,2504.98,105.00,372.66
2018-02-17,129212.23,2505.34,105.00,528.11
2018-02-18,129557.00,2505.49,105.00,279.59
2018-02-19,129866.11,2505.62,105.00,261.61
2018-02-20,129866.11,2505.62,105.00,105.76
2018-02-21,130165.00,2505.75,105.00,256.46
2018-02-22,130280.00,2505.80,105.00,163.74
2018-02-23,130352.00,2505.83,105.00,141.96
2018-02-24,130234.00,2505.78,105.00,46.26
2018-02-25,130681.00,2505.97,105.00,331.13
2018-02-26,130934.00,2506.08,105.00,233.32
2018-02-27,131075.64,2506.14,105.00,177.18
2018-02-28,131147.83,2506.17,105.00,142.16
2018-03-01,131575.28,2506.35,105.00,321.27
2018-03-02,131690.00,2506.40,105.00,163.60
2018-03-03,131736.00,2506.42,105.00,128.96
2018-03-04,131897.00,2506.49,105.00,186.94
2018-03-05,131920.00,2506.50,105.00,117.36
2018-03-06,131944.00,2506.51,105.00,117.86
2018-03-07,131944.00,2506.51,105.00,105.76
2018-03-08,132255.64,2506.64,105.00,262.88
2018-03-09,132400.00,2506.70,105.00,178.55
2018-03-10,132446.00,2506.72,105.00,128.96
2018-03-11,132469.00,2506.73,105.00,117.36
2018-03-12,132538.00,2506.76,105.00,140.97
2018-03-13,132722.22,2506.84,107.00,199.82
2018-03-14,132884.00,2506.91,107.00,188.60
2018-03-15,133028.00,2506.97,107.00,179.64
2018-03-16,133148.00,2507.02,107.00,167.54
2018-03-17,133268.00,2507.07,107.00,167.54
2018-03-18,133386.11,2507.12,107.00,166.58
2018-03-19,133477.78,2507.16,107.00,153.25
2018-03-20,133570.00,2507.20,107.00,153.53
2018-03-21,133431.66,2507.14,210.00,161.08
2018-03-22,132860.00,2506.90,514.00,226.73
2018-03-23,132208.13,2506.62,544.00,216.41
2018-03-24,131552.22,2506.34,544.00,212.84
2018-03-25,130819.00,2506.03,542.00,172.11
2018-03-26,130280.00,2505.80,542.00,269.47
2018-03-27,130026.95,2505.69,547.00,419.22
2018-03-28,129652.00,2505.53,550.00,360.59
2018-03-29,129189.17,2505.33,547.00,314.24
2018-03-30,128745.65,2505.14,539.00,314.69
2018-03-31,128627.00,2505.09,332.00,286.81
2018-04-01,129074.00,2505.28,138.00,365.71
2018-04-02,129373.00,2505.41,104.00,256.60
2018-04-03,129604.00,2505.51,103.00,222.23
2018-04-04,129911.66,2505.64,161.00,329.69
2018-04-05,130026.95,2505.69,288.00,351.14
2018-04-06,130211.00,2505.77,290.00,387.30
2018-04-07,131412.00,2506.28,205.00,817.73
2018-04-08,133431.66,2507.14,116.00,1136.62
2018-04-09,134928.00,2507.77,102.00,859.24
2018-04-10,136334.36,2508.36,101.00,812.30
2018-04-11,137702.00,2508.93,101.00,792.78
2018-04-12,138864.00,2509.41,101.00,689.10
2018-04-13,140001.88,2509.88,101.00,677.18
2018-04-14,141558.00,2510.52,103.00,890.04
2018-04-15,143004.06,2511.11,103.00,834.82
2018-04-16,144450.00,2511.70,103.00,834.80
2018-04-17,145639.88,2512.18,104.00,706.70
2018-04-18,146430.00,2512.50,104.00,505.39
2018-04-19,147074.00,2512.76,121.00,448.44
2018-04-20,147520.00,2512.94,181.00,411.19
2018-04-21,147920.00,2513.10,235.00,441.03
2018-04-22,147970.13,2513.12,360.00,397.70
2018-04-23,147695.00,2513.01,547.00,417.47
2018-04-24,147420.00,2512.90,599.00,467.91
2018-04-25,147445.00,2512.91,599.00,619.00
2018-04-26,147920.00,2513.10,599.00,846.02
2018-04-27,148920.00,2513.50,599.00,1110.69
2018-04-28,149970.00,2513.92,599.00,1136.73
2018-04-29,150594.81,2514.17,602.00,924.54
2018-04-30,150904.00,2514.29,636.00,797.93
2018-05-01,151080.36,2514.36,655.00,749.74
2018-05-02,151205.00,2514.41,671.00,742.32
2018-05-03,151405.00,2514.49,737.00,849.21
2018-05-04,151455.00,2514.51,1073.00,1108.15
2018-05-05,150748.00,2514.23,1459.00,1110.72
2018-05-06,150320.00,2514.06,1508.00,1302.37
2018-05-07,150320.00,2514.06,1486.00,1493.23
2018-05-08,150826.00,2514.26,1414.00,1677.23
2018-05-09,152008.00,2514.73,1358.00,1962.42
2018-05-10,152365.42,2514.87,1266.00,1455.03
2018-05-11,152290.25,2514.84,1188.00,1158.25
2018-05-12,152060.00,2514.75,1173.00,1064.95
2018-05-13,152389.88,2514.88,1076.00,1249.69
2018-05-14,153250.00,2515.22,996.00,1439.31
2018-05-15,154510.00,2515.72,934.00,1577.59
2018-05-16,155505.06,2516.11,1035.00,1549.59
2018-05-17,155830.00,2516.24,1162.00,1336.20
2018-05-18,155480.00,2516.10,1292.00,1122.72
2018-05-19,154995.00,2515.91,1266.00,1031.71
2018-05-20,154762.13,2515.82,1091.00,981.77
2018-05-21,154814.25,2515.84,886.00,922.11
2018-05-22,155145.00,2515.97,737.00,912.55
2018-05-23,155855.00,2516.25,676.00,1042.67
2018-05-24,156700.00,2516.58,590.00,1023.32
2018-05-25,157208.00,2516.78,630.00,892.08
2018-05-26,157364.25,2516.84,643.00,728.79
2018-05-27,157442.44,2516.87,592.00,638.00
2018-05-28,157595.00,2516.93,537.00,621.53
2018-05-29,157670.00,2516.96,515.00,561.50
2018-05-30,157822.00,2517.02,379.00,468.38
2018-05-31,158030.00,2517.10,260.00,369.25
2018-06-01,158129.64,2517.14,240.00,294.06
2018-06-02,158280.00,2517.20,177.00,257.49
2018-06-03,158436.00,2517.26,162.00,245.34
2018-06-04,158592.13,2517.32,73.00,167.37
2018-06-05,158129.64,2517.14,395.00,189.80
2018-06-06,157182.00,2516.77,787.00,329.64
2018-06-07,156032.13,2516.32,964.00,394.05
2018-06-08,154866.38,2515.86,988.00,411.31
2018-06-09,153778.00,2515.43,988.00,447.85
2018-06-10,152690.00,2515.00,985.00,445.96
2018-06-11,151430.00,2514.50,981.00,355.34
2018-06-12,149995.00,2513.93,1013.00,301.00
2018-06-13,148695.00,2513.41,1017.00,372.70
2018-06-14,147545.00,2512.95,971.00,400.28
2018-06-15,146330.00,2512.46,953.00,350.84
2018-06-16,145190.00,2512.00,950.00,385.37
2018-06-17,144234.06,2511.61,859.00,387.49
2018-06-18,143445.00,2511.29,777.00,389.87
2018-06-19,142755.00,2511.01,748.00,409.17
2018-06-20,142216.00,2510.79,706.00,442.72
2018-06-21,141750.00,2510.60,640.00,413.29
2018-06-22,141170.36,2510.36,640.00,355.61
2018-06-23,140458.00,2510.07,653.00,303.40
2018-06-24,139635.00,2509.73,724.00,318.48
2018-06-25,138744.36,2509.36,760.00,321.80
2018-06-26,137654.00,2508.91,810.00,269.23
2018-06-27,136405.94,2508.39,862.00,245.29
2018-06-28,135023.06,2507.81,922.00,232.60
2018-06-29,133618.00,2507.22,933.00,232.77
2018-06-30,132279.70,2506.65,929.00,262.95
2018-07-01,130957.00,2506.09,921.00,266.92
2018-07-02,129580.00,2505.50,936.00,252.03
2018-07-03,128190.00,2504.90,946.00,254.26
2018-07-04,126754.00,2504.28,939.00,224.38
2018-07-05,125350.83,2503.67,946.00,250.14
2018-07-06,123958.00,2503.06,956.00,264.41
2018-07-07,122482.00,2502.41,963.00,228.83
2018-07-08,120990.00,2501.75,963.00,219.82
2018-07-09,119442.00,2501.06,973.00,204.45
2018-07-10,117820.39,2500.35,980.00,172.86
2018-07-11,116319.73,2499.65,980.00,235.38
2018-07-12,114736.00,2498.93,980.00,192.36
2018-07-13,113171.00,2498.21,973.00,196.51
2018-07-14,111596.00,2497.48,980.00,195.37
2018-07-15,109983.00,2496.73,984.00,182.57
2018-07-16,108346.00,2495.96,994.00,178.55
2018-07-17,106446.00,2495.06,1125.00,176.95
2018-07-18,104776.00,2494.26,997.00,166.05
2018-07-19,103095.00,2493.45,993.00,157.21
2018-07-20,101399.66,2492.63,986.00,142.93
2018-07-21,99730.05,2491.81,982.00,153.51
2018-07-22,98030.00,2490.97,986.00,142.24
2018-07-23,96369.70,2490.14,985.00,159.34
2018-07-24,94700.00,2489.30,975.00,147.11
2018-07-25,93020.00,2488.44,971.00,135.25
2018-07-26,91323.00,2487.57,981.00,137.93
2018-07-27,89611.91,2486.68,1006.00,156.28
2018-07-28,87858.00,2485.76,1016.00,145.93
2018-07-29,86132.18,2484.84,1012.00,156.89
2018-07-30,84360.95,2483.89,1023.00,145.78
2018-07-31,82540.00,2482.90,1052.00,149.95
2018-08-01,80683.91,2481.88,1067.00,146.00
2018-08-02,78845.21,2480.85,1070.00,157.84
2018-08-03,76973.00,2479.79,1070.00,141.39
2018-08-04,75155.00,2478.75,1067.00,164.57
2018-08-05,73332.96,2477.69,1067.00,162.12
2018-08-06,71487.04,2476.61,1067.00,149.23
2018-08-07,69688.00,2475.54,1067.00,175.64
2018-08-08,67880.00,2474.45,1059.00,161.19
2018-08-09,66096.23,2473.36,1052.00,166.16
2018-08-10,64300.00,2472.25,1052.00,161.84
2018-08-11,62502.08,2471.12,1052.00,161.11
2018-08-12,60724.00,2469.99,1044.00,164.07
2018-08-13,58960.20,2468.85,1033.00,157.46
2018-08-14,57255.00,2467.73,1015.00,172.01
2018-08-15,55565.04,2466.61,1001.00,163.24
2018-08-16,53950.00,2465.52,966.00,164.74
2018-08-17,52390.00,2464.46,928.00,139.61
2018-08-18,50910.00,2463.44,877.00,128.85
2018-08-19,49545.00,2462.49,816.00,129.68
2018-08-20,48255.00,2461.59,763.00,112.71
2018-08-21,47055.00,2460.75,713.00,110.15
2018-08-22,45934.00,2459.96,661.00,99.82
2018-08-23,44888.00,2459.22,611.00,87.20
2018-08-24,43950.00,2458.55,548.00,81.16
2018-08-25,43068.00,2457.92,507.00,69.18
2018-08-26,42280.17,2457.35,475.00,83.79
2018-08-27,41484.00,2456.78,458.00,64.39
2018-08-28,40768.00,2456.26,417.00,66.08
2018-08-29,40153.03,2455.81,361.00,60.03
2018-08-30,39642.00,2455.44,310.00,62.02
2018-08-31,39208.07,2455.12,258.00,47.13
2018-09-01,38861.22,2454.87,204.00,35.76
2018-09-02,38630.00,2454.70,149.00,39.78
2018-09-03,38490.00,2454.60,118.00,51.59
2018-09-04,38373.00,2454.51,107.00,52.84
2018-09-05,38248.00,2454.42,99.00,36.76
2018-09-06,38150.17,2454.35,94.00,45.06
2018-09-07,38052.00,2454.28,93.00,41.91
2018-09-08,37940.00,2454.20,93.00,34.95
2018-09-09,37836.06,2454.12,93.00,39.02
2018-09-10,37768.00,2454.07,94.00,57.11
2018-09-11,37684.00,2454.01,94.00,49.07
2018-09-12,37586.00,2453.94,95.00,42.01
2018-09-13,37491.22,2453.87,95.00,43.43
2018-09-14,37400.00,2453.80,94.00,44.77
2018-09-15,37302.00,2453.73,94.00,40.89
2018-09-16,37288.00,2453.72,94.00,83.38
2018-09-17,37194.84,2453.65,94.00,43.33
2018-09-18,37116.00,2453.59,94.00,50.55
2018-09-19,37004.00,2453.51,94.00,33.83
2018-09-20,36906.00,2453.44,94.00,40.89
2018-09-21,36823.94,2453.38,94.00,48.90
2018-09-22,36759.09,2453.33,94.00,57.39
2018-09-23,36664.00,2453.26,93.00,41.26
2018-09-24,36566.97,2453.19,95.00,41.31
2018-09-25,36463.03,2453.11,96.00,39.02
2018-09-26,36380.00,2453.05,96.00,49.03
2018-09-27,36254.00,2452.96,95.00,26.77
2018-09-28,36143.94,2452.88,95.00,34.81
2018-09-29,36053.03,2452.81,95.00,44.47
2018-09-30,35956.00,2452.74,95.00,41.38
2018-10-01,35873.94,2452.68,95.00,49.00
2018-10-02,35834.84,2452.65,94.00,69.75
2018-10-03,35728.00,2452.57,95.00,36.27
2018-10-04,35630.00,2452.50,94.00,39.78
2018-10-05,35616.00,2452.49,94.00,82.44
2018-10-06,35546.00,2452.44,94.00,53.90
2018-10-07,35463.94,2452.38,95.00,47.81
2018-10-08,35386.06,2452.32,95.00,49.92
2018-10-09,35451.22,2452.37,95.00,122.20
2018-10-10,35425.16,2452.35,95.00,76.05
2018-10-11,35373.03,2452.31,95.00,62.91
2018-10-12,35318.00,2452.27,95.00,61.44
2018-10-13,35248.00,2452.22,95.00,53.90
2018-10-14,35141.81,2452.14,95.00,35.65
2018-10-15,35034.00,2452.06,121.00,60.80
2018-10-16,34736.14,2451.84,196.00,37.32
2018-10-17,34461.81,2451.64,190.00,43.41
2018-10-18,34280.00,2451.50,154.00,54.70
2018-10-19,34125.96,2451.39,125.00,40.09
2018-10-20,34000.00,2451.30,103.00,32.77
2018-10-21,33883.00,2451.21,112.00,45.57
2018-10-22,33561.00,2450.97,207.00,38.99
2018-10-23,32982.00,2450.54,337.00,32.29
2018-10-24,32418.07,2450.12,335.00,37.60
2018-10-25,32004.04,2449.81,327.00,104.62
2018-10-26,31886.00,2449.72,313.00,240.04
2018-10-27,31603.00,2449.51,302.00,145.19
2018-10-28,32169.00,2449.93,300.00,572.15
2018-10-29,32338.00,2450.06,283.00,356.12
2018-10-30,32473.86,2450.16,239.00,297.87
2018-10-31,33074.04,2450.61,179.00,474.62
2018-11-01,34319.00,2451.53,147.00,768.86
2018-11-02,36463.03,2453.11,126.00,1202.04
2018-11-03,37913.94,2454.18,108.00,835.51
2018-11-04,42321.93,2457.38,98.00,2316.85
2018-11-05,44888.00,2459.22,92.00,1384.20
2018-11-06,46658.00,2460.47,93.00,983.80
2018-11-07,47714.00,2461.21,94.00,624.70
2018-11-08,48395.96,2461.69,94.00,436.38
2018-11-09,48924.00,2462.06,94.00,358.77
2018-11-10,49298.07,2462.32,94.00,281.15
2018-11-11,49560.00,2462.50,95.00,225.21
2018-11-12,49783.86,2462.66,95.00,206.56
2018-11-13,49980.00,2462.80,95.00,192.11
2018-11-14,50172.00,2462.93,94.00,189.35
2018-11-15,50345.00,2463.05,94.00,179.77
2018-11-16,50545.96,2463.19,95.00,193.87
2018-11-17,50686.00,2463.29,95.00,163.15
2018-11-18,50790.22,2463.36,95.00,145.10
2018-11-19,50895.00,2463.43,95.00,145.38
2018-11-20,50970.00,2463.48,95.00,129.99
2018-11-21,51042.00,2463.53,94.00,127.72
2018-11-22,51195.79,2463.64,94.00,169.40
2018-11-23,51490.15,2463.84,94.00,240.11
2018-11-24,51608.00,2463.92,93.00,149.72
2018-11-25,51692.00,2463.98,93.00,132.65
2018-11-26,52145.00,2464.29,94.00,320.15
2018-11-27,53592.00,2465.28,98.00,824.68
2018-11-28,55080.00,2466.28,93.00,841.02
2018-11-29,55984.96,2466.89,93.00,546.55
2018-11-30,56660.15,2467.34,93.00,430.70
2018-12-01,57210.00,2467.70,93.00,367.52
2018-12-02,57615.00,2467.97,93.00,294.49
2018-12-03,57921.88,2468.17,94.00,245.02
2018-12-04,58150.07,2468.32,94.00,205.34
2018-12-05,58345.00,2468.45,94.00,188.57
2018-12-06,58500.00,2468.55,94.00,168.44
2018-12-07,58639.78,2468.64,94.00,160.77
2018-12-08,58745.00,2468.71,94.00,143.35
2018-12-09,58880.00,2468.80,94.00,158.36
2018-12-10,59130.00,2468.96,94.00,216.34
2018-12-11,59435.00,2469.16,94.00,244.60
2018-12-12,60183.77,2469.64,95.00,469.02
2018-12-13,60580.00,2469.90,95.00,291.29
2018-12-14,60930.07,2470.12,96.00,268.87
2018-12-15,61114.00,2470.24,96.00,185.06
2018-12-16,61353.96,2470.39,96.00,213.53
2018-12-17,61696.04,2470.61,96.00,265.02
2018-12-18,62374.00,2471.04,97.00,435.96
2018-12-19,63055.00,2471.47,99.00,439.60
2018-12-20,63644.16,2471.84,99.00,393.05
2018-12-21,64076.04,2472.11,95.00,309.61
2018-12-22,64428.12,2472.33,94.00,267.80
2018-12-23,64870.00,2472.60,94.00,313.08
2018-12-24,65094.00,2472.74,94.00,203.23
2018-12-25,65286.23,2472.86,94.00,187.22
2018-12-26,65494.00,2472.99,94.00,195.05
2018-12-27,65638.00,2473.08,94.00,162.90
2018-12-28,65936.00,2473.26,94.00,240.57
2018-12-29,67800.00,2474.40,101.00,1036.52
2018-12-30,69739.00,2475.57,102.00,1076.41
2018-12-31,70664.09,2476.12,98.00,561.80
2019-01-01,71284.00,2476.49,98.00,407.39
2019-01-02,71776.00,2476.78,98.00,342.90
2019-01-03,73090.00,2477.55,99.00,758.31
2019-01-04,74515.91,2478.38,101.00,815.97
2019-01-05,75488.00,2478.94,100.00,587.29
2019-01-06,76307.00,2479.41,100.00,510.10
2019-01-07,76871.00,2479.73,96.00,376.67
2019-01-08,77322.00,2479.99,94.00,317.68
2019-01-09,77708.00,2480.21,94.00,284.91
2019-01-10,78084.00,2480.42,94.00,279.87
2019-01-11,78364.00,2480.58,94.00,231.55
2019-01-12,78616.00,2480.72,94.00,217.59
2019-01-13,78794.09,2480.82,94.00,180.54
2019-01-14,78966.00,2480.92,95.00,177.79
2019-01-15,79128.00,2481.01,95.00,172.70
2019-01-16,79236.00,2481.07,95.00,145.51
2019-01-17,79488.00,2481.21,95.00,218.47
2019-01-18,79740.22,2481.35,95.00,218.46
2019-01-19,80054.00,2481.53,95.00,249.61
2019-01-20,80269.78,2481.65,95.00,200.21
2019-01-21,80378.00,2481.71,95.00,145.98
2019-01-22,80756.00,2481.92,95.00,282.00
2019-01-23,81774.00,2482.48,96.00,605.71
2019-01-24,82558.00,2482.91,96.00,487.82
2019-01-25,83108.00,2483.21,96.00,369.85
2019-01-26,83568.00,2483.46,96.00,324.47
2019-01-27,83971.91,2483.68,96.00,296.19
2019-01-28,84380.00,2483.90,96.00,298.30
2019-01-29,84731.00,2484.09,96.00,269.52
2019-01-30,85063.00,2484.27,96.00,259.94
2019-01-31,85310.00,2484.40,96.00,217.08
2019-02-01,85680.00,2484.60,96.00,279.24
2019-02-02,86041.00,2484.79,97.00,275.64
2019-02-03,86297.00,2484.93,97.00,222.49
2019-02-04,86563.00,2485.07,97.00,227.81
2019-02-05,86771.00,2485.18,97.00,198.53
2019-02-06,86954.00,2485.28,97.00,185.93
2019-02-07,87141.00,2485.38,97.00,187.95
2019-02-08,87332.00,2485.48,97.00,189.96
2019-02-09,87541.00,2485.59,97.00,199.04
2019-02-10,87731.00,2485.69,97.00,189.49
2019-02-11,87912.00,2485.79,97.00,184.95
2019-02-12,88101.00,2485.89,97.00,189.00
2019-02-13,88329.00,2486.01,97.00,208.65
2019-02-14,88519.00,2486.11,97.00,189.49
2019-02-15,88632.86,2486.17,97.00,150.67
2019-02-16,88690.00,2486.20,97.00,122.51
2019-02-17,88728.00,2486.22,97.00,112.86
2019-02-18,88842.00,2486.28,97.00,151.16
2019-02-19,88918.00,2486.32,97.00,132.01
2019-02-20,89031.00,2486.38,97.00,150.67
2019-02-21,89089.00,2486.41,97.00,122.94
2019-02-22,89127.00,2486.43,100.00,116.39
2019-02-23,89222.00,2486.48,104.00,148.69
2019-02-24,89300.00,2486.52,104.00,140.12
2019-02-25,89479.00,2486.61,104.00,191.04
2019-02-26,89535.00,2486.64,107.00,132.38
2019-02-27,89592.00,2486.67,114.00,140.00
2019-02-28,89650.00,2486.70,121.00,147.60
2019-03-01,87351.00,2485.49,124.00,130.60
2019-03-02,87351.00,2485.49,124.00,130.61
2019-03-03,87370.00,2485.50,124.00,130.60
2019-03-04,87370.00,2485.50,130.00,126.61
2019-03-05,87370.00,2485.50,127.00,124.62
2019-03-06,87389.00,2485.51,127.00,124.57
2019-03-07,87389.00,2485.51,127.00,124.62
2019-03-08,87389.00,2485.51,127.00,124.62
2019-03-09,87389.00,2485.51,127.00,124.62
2019-03-10,87389.00,2485.51,127.00,124.62
2019-03-11,87408.00,2485.52,127.00,134.20
2019-03-12,87408.00,2485.52,127.00,124.42
2019-03-13,87427.00,2485.53,127.00,134.11
2019-03-14,87408.00,2485.52,127.00,115.04
2019-03-15,87332.00,2485.48,127.00,86.30
2019-03-16,87256.00,2485.44,127.00,86.30
2019-03-17,87180.00,2485.40,127.00,86.30
2019-03-18,87085.23,2485.35,127.00,76.84
2019-03-19,87028.09,2485.32,127.00,95.81
2019-03-20,87066.19,2485.34,120.00,136.47
2019-03-21,87160.95,2485.39,117.00,161.85
2019-03-22,87160.95,2485.39,192.00,194.04
2019-03-23,87104.28,2485.36,260.00,227.46
2019-03-24,87085.23,2485.35,260.00,246.43
2019-03-25,87085.23,2485.35,260.00,256.03
2019-03-26,87104.28,2485.36,260.00,265.63
2019-03-27,87294.00,2485.46,165.00,264.27
2019-03-28,87560.00,2485.60,101.00,232.90
2019-03-29,87840.00,2485.75,101.00,239.55
2019-03-30,88139.00,2485.91,101.00,249.54
2019-03-31,88519.05,2486.11,102.00,290.91
2019-04-01,88994.28,2486.36,102.00,339.18
2019-04-02,89554.77,2486.65,102.00,382.16
2019-04-03,90334.00,2487.06,102.00,492.89
2019-04-04,91209.00,2487.51,103.00,541.95
2019-04-05,92220.00,2488.03,103.00,610.62
2019-04-06,93178.00,2488.52,104.00,585.01
2019-04-07,94091.00,2488.99,104.00,562.33
2019-04-08,94980.00,2489.44,104.00,550.39
2019-04-09,96270.00,2490.09,106.00,753.67
2019-04-10,97750.15,2490.83,106.00,850.10
2019-04-11,99359.66,2491.63,106.00,914.48
2019-04-12,100783.16,2492.33,104.00,819.70
2019-04-13,102160.00,2493.00,104.00,796.18
2019-04-14,103280.00,2493.54,104.00,666.99
2019-04-15,104062.00,2493.92,106.00,497.52
2019-04-16,104755.00,2494.25,106.00,452.25
2019-04-17,105605.80,2494.66,106.00,532.20
2019-04-18,106446.00,2495.06,106.00,526.86
2019-04-19,107778.95,2495.69,106.00,775.49
2019-04-20,109280.00,2496.40,104.00,859.12
2019-04-21,110539.00,2496.99,103.00,735.55
2019-04-22,111682.00,2497.52,103.00,677.06
2019-04-23,112864.00,2498.07,103.00,696.72
2019-04-24,114064.11,2498.62,104.00,706.52
2019-04-25,115110.00,2499.10,104.00,629.33
2019-04-26,116056.00,2499.53,104.00,578.96
2019-04-27,117024.00,2499.97,104.00,590.06
2019-04-28,117692.08,2500.31,104.00,438.85
2019-04-29,118244.00,2500.52,175.00,451.61
2019-04-30,118442.05,2500.61,266.00,358.24
2019-05-01,118442.05,2500.61,346.00,334.61
2019-05-02,118288.00,2500.54,423.00,327.15
2019-05-03,118002.00,2500.41,509.00,341.41
2019-05-04,117608.00,2500.26,582.00,351.50
2019-05-05,117463.84,2500.17,585.00,475.14
2019-05-06,117595.00,2500.25,522.00,550.87
2019-05-07,118134.00,2500.47,470.00,702.53
2019-05-08,118686.00,2500.72,456.00,691.33
2019-05-09,119222.00,2500.96,530.00,756.00
2019-05-10,119553.05,2501.11,664.00,784.67
2019-05-11,119760.00,2501.20,820.00,866.61
2019-05-12,119892.00,2501.26,820.00,828.91
2019-05-13,119848.00,2501.24,738.00,668.03
2019-05-14,119667.77,2501.16,686.00,548.81
2019-05-15,119420.00,2501.05,675.00,503.01
2019-05-16,119442.00,2501.06,689.00,652.25
2019-05-17,120026.11,2501.32,672.00,920.95
2019-05-18,120118.34,2501.36,631.00,630.09
2019-05-19,119980.00,2501.30,650.00,533.27
2019-05-20,119713.89,2501.18,711.00,530.12
2019-05-21,119288.00,2500.99,753.00,488.07
2019-05-22,118686.00,2500.72,782.00,425.85
2019-05-23,118046.00,2500.43,809.00,432.30
2019-05-24,117200.00,2500.05,969.00,485.41
2019-05-25,116122.00,2499.56,1074.00,467.61
2019-05-26,114934.00,2499.02,1067.00,407.41
2019-05-27,113954.00,2498.57,933.00,396.76
2019-05-28,113234.00,2498.24,825.00,442.86
2019-05-29,112500.00,2497.90,799.00,428.38
2019-05-30,111745.00,2497.55,783.00,402.34
2019-05-31,111011.00,2497.21,793.00,423.01
2019-06-01,110218.22,2496.84,807.00,407.77
2019-06-02,109302.00,2496.41,838.00,375.46
2019-06-03,108177.90,2495.88,900.00,330.90
2019-06-04,106929.00,2495.29,929.00,300.46
2019-06-05,105626.84,2494.67,943.00,284.88
2019-06-06,104314.00,2494.04,947.00,284.24
2019-06-07,103116.00,2493.46,944.00,338.30
2019-06-08,101771.05,2492.81,937.00,259.28
2019-06-09,100399.70,2492.14,934.00,241.68
2019-06-10,98960.00,2491.43,968.00,239.44
2019-06-11,97530.00,2490.72,972.00,250.83
2019-06-12,96190.00,2490.05,972.00,293.05
2019-06-13,94820.30,2489.36,976.00,281.71
2019-06-14,93368.09,2488.62,969.00,234.62
2019-06-15,91929.90,2487.88,962.00,234.91
2019-06-16,90529.80,2487.16,962.00,252.66
2019-06-17,89013.33,2486.37,942.00,172.75
2019-06-18,87598.09,2485.62,925.00,209.35
2019-06-19,86278.00,2484.92,902.00,228.50
2019-06-20,85006.00,2484.24,875.00,225.85
2019-06-21,83712.00,2483.54,859.00,195.64
2019-06-22,82414.13,2482.83,855.00,186.27
2019-06-23,81116.09,2482.12,850.00,179.97
2019-06-24,79793.91,2481.38,857.00,169.95
2019-06-25,78453.70,2480.63,871.00,171.55
2019-06-26,77250.00,2479.95,841.00,208.77
2019-06-27,76102.00,2479.29,809.00,202.90
2019-06-28,74950.71,2478.63,771.00,164.71
2019-06-29,73843.00,2477.99,736.00,151.19
2019-06-30,72779.29,2477.37,709.00,144.69
2019-07-01,71776.00,2476.78,680.00,145.03
2019-07-02,70782.96,2476.19,654.00,121.62
2019-07-03,69857.75,2475.64,636.00,138.08
2019-07-04,68909.00,2475.07,634.00,152.07
2019-07-05,67960.00,2474.50,633.00,149.26
2019-07-06,67028.00,2473.93,628.00,154.38
2019-07-07,66080.20,2473.35,627.00,142.47
2019-07-08,65142.00,2472.77,622.00,143.95
2019-07-09,64187.92,2472.18,631.00,141.50
2019-07-10,63260.00,2471.60,627.00,150.05
2019-07-11,62294.00,2470.99,625.00,128.56
2019-07-12,61370.00,2470.40,626.00,150.28
2019-07-13,60400.00,2469.78,625.00,123.92
2019-07-14,59451.88,2469.17,628.00,137.33
2019-07-15,58532.00,2468.57,627.00,148.64
2019-07-16,57570.00,2467.94,628.00,127.97
2019-07-17,56690.22,2467.36,629.00,170.57
2019-07-18,55805.00,2466.77,627.00,164.77
2019-07-19,54914.89,2466.17,625.00,158.34
2019-07-20,54025.00,2465.57,621.00,152.33
2019-07-21,53090.00,2464.94,625.00,133.04
2019-07-22,52188.07,2464.32,626.00,148.63
2019-07-23,51295.00,2463.71,620.00,147.89
2019-07-24,50330.00,2463.04,617.00,106.38
2019-07-25,49395.96,2462.39,621.00,131.04
2019-07-26,48452.00,2461.73,626.00,129.53
2019-07-27,47494.00,2461.06,626.00,124.17
2019-07-28,46545.96,2460.39,625.00,129.29
2019-07-29,45570.00,2459.70,624.00,114.83
2019-07-30,44594.00,2459.01,632.00,122.10
2019-07-31,43600.00,2458.30,634.00,117.55
2019-08-01,42606.00,2457.59,636.00,118.82
2019-08-02,41621.93,2456.88,636.00,125.43
2019-08-03,40619.83,2456.15,635.00,115.78
2019-08-04,39629.00,2455.43,632.00,119.35
2019-08-05,38644.00,2454.71,626.00,115.94
2019-08-06,37642.00,2453.98,620.00,102.74
2019-08-07,36664.00,2453.26,620.00,113.61
2019-08-08,35616.00,2452.49,642.00,100.35
2019-08-09,34526.97,2451.69,658.00,96.26
2019-08-10,33548.00,2450.96,656.00,147.67
2019-08-11,32515.96,2450.19,647.00,113.72
2019-08-12,31473.00,2449.41,637.00,98.19
2019-08-13,30467.87,2448.66,626.00,105.94
2019-08-14,29486.00,2447.92,603.00,94.72
2019-08-15,28595.00,2447.25,544.00,80.43
2019-08-16,27768.78,2446.63,524.00,94.33
2019-08-17,26904.00,2445.98,527.00,77.60
2019-08-18,26062.13,2445.34,519.00,82.10
2019-08-19,25170.90,2444.67,530.00,67.08
2019-08-20,24381.00,2444.07,533.00,121.72
2019-08-21,23556.00,2443.44,533.00,102.84
2019-08-22,22668.00,2442.76,533.00,72.48
2019-08-23,21800.00,2442.10,533.00,82.86
2019-08-24,20922.00,2441.43,533.00,76.28
2019-08-25,20074.00,2440.78,530.00,88.05
2019-08-26,19099.00,2440.03,530.00,25.68
2019-08-27,18228.19,2439.36,533.00,80.69
2019-08-28,17317.00,2438.66,533.00,59.39
2019-08-29,16379.00,2437.93,527.00,41.66
2019-08-30,15583.00,2437.31,486.00,74.02
2019-08-31,14946.00,2436.82,412.00,82.01
2019-09-01,14319.00,2436.33,353.00,27.96
2019-09-02,13916.00,2436.02,292.00,83.64
2019-09-03,13606.00,2435.78,225.00,62.83
2019-09-04,13367.00,2435.59,172.00,51.50
2019-09-05,13146.00,2435.42,139.00,29.01
2019-09-06,13055.16,2435.35,123.00,80.78
2019-09-07,12930.00,2435.25,113.00,57.07
2019-09-08,12856.97,2435.19,108.00,80.32
2019-09-09,12714.00,2435.08,98.00,29.20
2019-09-10,12701.00,2435.07,80.00,76.63
2019-09-11,12636.00,2435.02,78.00,47.85
2019-09-12,12519.00,2434.93,78.00,21.79
2019-09-13,12532.00,2434.94,76.00,85.03
2019-09-14,12453.94,2434.88,77.00,39.16
2019-09-15,12466.97,2434.89,77.00,85.13
2019-09-16,12402.13,2434.84,77.00,46.25
2019-09-17,12441.22,2434.87,77.00,97.96
2019-09-18,12402.13,2434.84,75.00,56.64
2019-09-19,12389.10,2434.83,74.00,68.04
2019-09-20,12363.03,2434.81,72.00,59.62
2019-09-21,12326.00,2434.78,70.00,52.35
2019-09-22,12326.00,2434.78,69.00,69.21
2019-09-23,12338.00,2434.79,74.00,79.76
2019-09-24,12230.00,2434.70,75.00,20.56
2019-09-25,12216.97,2434.69,76.00,69.34
2019-09-26,12290.00,2434.75,78.00,114.19
2019-09-27,12389.10,2434.83,78.00,127.34
2019-09-28,12480.00,2434.90,79.00,124.67
2019-09-29,12506.00,2434.92,81.00,92.34
2019-09-30,12493.00,2434.91,81.00,72.82
2019-10-01,12519.00,2434.93,81.00,92.42
2019-10-02,12519.00,2434.93,81.00,79.29
2019-10-03,12519.00,2434.93,80.00,70.00
2019-10-04,12519.00,2434.93,80.00,60.39
2019-10-05,12519.00,2434.93,79.00,114.89
2019-10-06,12610.00,2435.00,78.00,58.45
2019-10-07,12688.00,2435.06,79.00,41.13
2019-10-08,12688.00,2435.06,81.00,483.66
2019-10-09,12688.00,2435.06,82.00,152.23
2019-10-10,12701.00,2435.07,82.00,139.39
2019-10-11,12701.00,2435.07,81.00,131.86
2019-10-12,12714.00,2435.08,82.00,113.45
2019-10-13,12714.00,2435.08,83.00,112.60
2019-10-14,12727.00,2435.09,83.00,93.56
2019-10-15,12727.00,2435.09,123.00,156.91
2019-10-16,12906.00,2435.23,225.00,408.54
2019-10-17,13367.00,2435.59,209.00,285.00
2019-10-18,13799.00,2435.93,179.00,264.71
2019-10-19,14332.13,2436.34,155.00,544.58
2019-10-20,14907.90,2436.79,119.00,416.56
2019-10-21,17435.00,2438.75,85.00,1368.31
2019-10-22,22836.97,2442.89,92.00,2827.32
2019-10-23,24634.00,2444.26,84.00,999.93
2019-10-24,25506.00,2444.92,74.00,522.65
2019-10-25,26257.00,2445.49,76.00,462.36
2019-10-26,26891.00,2445.97,78.00,404.05
2019-10-27,27343.03,2446.31,76.00,310.99
2019-10-28,27678.00,2446.56,76.00,250.33
2019-10-29,27925.00,2446.75,77.00,206.24
2019-10-30,28143.00,2446.91,77.00,191.62
2019-10-31,28325.00,2447.05,78.00,173.47
2019-11-01,28487.90,2447.17,79.00,163.83
2019-11-02,28621.00,2447.27,79.00,148.81
2019-11-03,28751.22,2447.37,80.00,147.05
2019-11-04,28842.00,2447.44,80.00,126.45
2019-11-05,28934.00,2447.51,80.00,127.06
2019-11-06,28976.00,2447.54,80.00,101.86
2019-11-07,29032.00,2447.58,81.00,109.76
2019-11-08,29046.00,2447.59,105.00,114.56
2019-11-09,29046.00,2447.59,121.00,122.51
2019-11-10,28962.00,2447.53,140.00,99.35
2019-11-11,28894.00,2447.48,150.00,117.43
2019-11-12,28816.00,2447.42,146.00,108.19
2019-11-13,28725.16,2447.35,138.00,93.56
2019-11-14,28660.00,2447.30,134.00,103.03
2019-11-15,28738.19,2447.36,127.00,168.09
2019-11-16,28776.97,2447.39,120.00,140.58
2019-11-17,29098.78,2447.63,117.00,281.40
2019-11-18,29362.10,2447.83,117.00,251.31
2019-11-19,29512.00,2447.94,110.00,186.82
2019-11-20,29817.90,2448.17,98.00,253.61
2019-11-21,30093.94,2448.38,93.00,232.74
2019-11-22,30299.00,2448.53,90.00,194.81
2019-11-23,30533.00,2448.71,90.00,209.40
2019-11-24,30881.00,2448.97,90.00,266.87
2019-11-25,31668.00,2449.56,85.00,482.65
2019-11-26,31817.90,2449.67,84.00,160.42
2019-11-27,32032.10,2449.83,84.00,192.85
2019-11-28,32115.96,2449.89,89.00,132.43
2019-11-29,32169.00,2449.93,107.00,134.63
2019-11-30,32312.00,2450.04,115.00,188.45
2019-12-01,32325.00,2450.05,121.00,128.72
2019-12-02,32404.04,2450.11,116.00,157.69
2019-12-03,32487.90,2450.17,107.00,150.66
2019-12-04,32744.21,2450.36,102.00,233.07
2019-12-05,32956.00,2450.52,101.00,208.80
2019-12-06,33101.76,2450.63,95.00,169.73
2019-12-07,33358.07,2450.82,89.00,219.23
2019-12-08,33561.00,2450.97,86.00,189.77
2019-12-09,33753.03,2451.11,85.00,182.36
2019-12-10,33935.00,2451.25,84.00,176.59
2019-12-11,34154.00,2451.41,84.00,195.26
2019-12-12,34474.84,2451.65,84.00,247.14
2019-12-13,34805.96,2451.89,85.00,252.86
2019-12-14,35048.00,2452.07,85.00,207.94
2019-12-15,35234.00,2452.21,86.00,180.27
2019-12-16,35386.06,2452.32,86.00,163.15
2019-12-17,35518.00,2452.42,84.00,151.28
2019-12-18,35686.00,2452.54,81.00,166.05
2019-12-19,36066.06,2452.82,80.00,272.30
2019-12-20,37400.00,2453.80,80.00,753.10
2019-12-21,39450.00,2455.30,81.00,1115.35
2019-12-22,40591.76,2456.13,82.00,658.00
2019-12-23,41365.96,2456.69,81.00,472.03
2019-12-24,41930.00,2457.10,80.00,364.87
2019-12-25,42321.93,2457.38,79.00,277.30
2019-12-26,42717.90,2457.67,80.00,279.98
2019-12-27,43068.00,2457.92,80.00,257.19
2019-12-28,43334.04,2458.11,80.00,214.81
2019-12-29,43544.00,2458.26,80.00,186.54
2019-12-30,43754.00,2458.41,80.00,186.56
2019-12-31,44817.90,2459.17,83.00,619.77
2020-01-01,48120.00,2461.50,101.00,1766.35
2020-01-02,49882.00,2462.73,93.00,982.06
2020-01-03,51209.83,2463.65,90.00,759.86
2020-01-04,52300.00,2464.40,90.00,639.93
2020-01-05,53060.00,2464.92,90.00,473.87
2020-01-06,54944.96,2466.19,93.00,1043.52
2020-01-07,59007.92,2468.88,89.00,2138.16
2020-01-08,61210.00,2470.30,77.00,1187.51
2020-01-09,62358.00,2471.03,77.00,655.97
2020-01-10,63468.00,2471.73,77.00,636.95
2020-01-11,64348.00,2472.28,76.00,520.34
2020-01-12,65078.00,2472.73,77.00,445.06
2020-01-13,65462.00,2472.97,79.00,271.84
2020-01-14,65920.00,2473.25,81.00,311.17
2020-01-15,66240.00,2473.45,81.00,242.01
2020-01-16,66569.80,2473.65,81.00,246.96
2020-01-17,66827.04,2473.81,81.00,210.37
2020-01-18,67108.00,2473.98,81.00,222.33
2020-01-19,67284.00,2474.09,81.00,169.41
2020-01-20,67470.00,2474.20,81.00,174.46
2020-01-21,67720.20,2474.35,81.00,206.82
2020-01-22,68062.00,2474.56,81.00,253.01
2020-01-23,68841.00,2475.03,83.00,475.58
2020-01-24,69942.96,2475.69,83.00,638.58
2020-01-25,71038.16,2476.34,84.00,635.96
2020-01-26,71945.91,2476.88,84.00,541.45
2020-01-27,72812.96,2477.39,83.00,519.98
2020-01-28,73520.00,2477.80,82.00,438.17
2020-01-29,74191.95,2478.19,82.00,420.48
2020-01-30,74846.00,2478.57,82.00,411.46
2020-01-31,77322.00,2479.99,88.00,1336.76
2020-02-01,83858.09,2483.62,112.00,3407.03
2020-02-02,86525.00,2485.05,95.00,1439.34
2020-02-03,87912.00,2485.79,87.00,786.88
2020-02-04,89031.91,2486.38,82.00,646.45
2020-02-05,90762.00,2487.28,86.00,957.93
2020-02-06,95340.10,2489.62,109.00,2417.30
2020-02-07,101119.00,2492.49,117.00,3029.95
2020-02-08,103999.95,2493.89,117.00,1568.31
2020-02-09,105501.05,2494.61,98.00,854.11
2020-02-10,106551.05,2495.11,86.00,615.19
2020-02-11,107380.00,2495.50,82.00,499.92
2020-02-12,108010.00,2495.80,82.00,399.33
2020-02-13,108619.00,2496.09,81.00,388.19
2020-02-14,109217.36,2496.37,81.00,382.35
2020-02-15,109752.10,2496.62,81.00,350.28
2020-02-16,110434.00,2496.94,81.00,424.48
2020-02-17,110822.10,2497.12,81.00,276.35
2020-02-18,111116.00,2497.26,81.00,228.85
2020-02-19,111397.95,2497.39,81.00,222.83
2020-02-20,111682.00,2497.52,81.00,223.89
2020-02-21,111912.64,2497.63,81.00,196.96
2020-02-22,112170.00,2497.75,80.00,209.77
2020-02-23,112647.00,2497.97,80.00,320.15
2020-02-24,112776.00,2498.03,80.00,144.70
2020-02-25,112952.05,2498.11,80.00,168.43
2020-02-26,113150.00,2498.20,81.00,179.46
2020-02-27,113297.00,2498.27,81.00,153.78
2020-02-28,113535.89,2498.38,81.00,200.10
2020-02-29,113800.00,2498.50,81.00,212.82
2020-03-01,113976.00,2498.58,81.00,168.40
2020-03-02,114387.00,2498.77,81.00,286.98
2020-03-03,114868.00,2498.99,82.00,323.64
2020-03-04,115307.95,2499.19,84.00,304.27
2020-03-05,115660.27,2499.35,83.00,259.47
2020-03-06,116012.00,2499.51,83.00,259.04
2020-03-07,116297.68,2499.64,83.00,225.60
2020-03-08,116540.00,2499.75,83.00,203.56
2020-03-09,117178.00,2499.91,82.00,402.70
2020-03-10,117266.00,2500.04,82.00,125.05
2020-03-11,117464.00,2500.17,82.00,180.67
2020-03-12,117692.00,2500.31,83.00,196.15
2020-03-13,118090.00,2500.45,83.00,282.37
2020-03-14,118288.00,2500.54,82.00,180.92
2020-03-15,118420.00,2500.60,82.00,147.41
2020-03-16,118486.00,2500.63,82.00,114.19
2020-03-17,118573.84,2500.67,83.00,125.93
2020-03-18,118686.00,2500.72,83.00,138.11
2020-03-19,118892.05,2500.81,83.00,185.59
2020-03-20,119045.89,2500.88,83.00,159.22
2020-03-21,119244.00,2500.97,83.00,181.59
2020-03-22,119464.00,2501.07,83.00,192.62
2020-03-23,119760.00,2501.20,83.00,230.94
2020-03-24,120026.11,2501.32,83.00,215.87
2020-03-25,120254.00,2501.42,83.00,196.60
2020-03-26,120452.00,2501.51,83.00,181.53
2020-03-27,120673.05,2501.61,83.00,193.16
2020-03-28,120946.00,2501.73,83.00,219.79
2020-03-29,121440.00,2501.95,84.00,332.21
2020-03-30,122023.00,2502.21,85.00,377.72
2020-03-31,122460.00,2502.40,85.00,304.11
2020-04-01,122772.00,2502.54,85.00,241.09
2020-04-02,123070.83,2502.67,87.00,236.83
2020-04-03,123093.89,2502.68,246.00,255.67
2020-04-04,123001.66,2502.64,247.00,197.55
2020-04-05,122864.00,2502.58,255.00,182.48
2020-04-06,122658.00,2502.49,303.00,194.42
2020-04-07,122368.34,2502.36,354.00,201.26
2020-04-08,121977.95,2502.19,400.00,194.82
2020-04-09,121306.95,2501.89,611.00,268.52
2020-04-10,120163.89,2501.38,960.00,370.49
2020-04-11,119024.38,2500.87,1065.00,475.27
2020-04-12,118178.00,2500.49,906.00,463.32
2020-04-13,117621.00,2500.27,662.00,366.34
2020-04-14,116936.00,2499.93,605.00,241.79
2020-04-15,116628.00,2499.79,613.00,439.05
2020-04-16,116385.89,2499.68,614.00,472.33
2020-04-17,116166.00,2499.58,615.00,482.53
2020-04-18,116166.00,2499.58,613.00,591.65
2020-04-19,116122.00,2499.56,605.00,559.97
2020-04-20,116122.00,2499.56,592.00,567.91
2020-04-21,116210.00,2499.60,581.00,599.58
2020-04-22,116672.05,2499.81,513.00,726.53
2020-04-23,117692.08,2500.31,612.00,1099.72
2020-04-24,118112.00,2500.46,890.00,1071.56
2020-04-25,118709.00,2500.73,699.00,978.90
2020-04-26,119354.00,2501.02,590.00,889.53
2020-04-27,120606.00,2501.58,569.00,1174.61
2020-04-28,121890.00,2502.15,439.00,1073.77
2020-04-29,123140.00,2502.70,316.00,931.00
2020-04-30,125121.00,2503.57,261.00,1246.83
2020-05-01,126546.95,2504.19,232.00,939.36
2020-05-02,127730.00,2504.70,283.00,866.26
2020-05-03,128890.00,2505.20,282.00,855.47
2020-05-04,129628.00,2505.52,323.00,683.39
2020-05-05,130096.00,2505.72,380.00,604.43
2020-05-06,130865.00,2506.05,422.00,797.69
2020-05-07,131412.00,2506.28,435.00,698.97
2020-05-08,131920.00,2506.50,434.00,680.19
2020-05-09,132561.00,2506.77,600.00,914.76
2020-05-10,133316.00,2507.09,730.00,1102.57
2020-05-11,134257.00,2507.49,663.00,1130.24
2020-05-12,135326.00,2507.94,498.00,1033.29
2020-05-13,136454.00,2508.41,415.00,979.67
2020-05-14,137294.00,2508.76,383.00,803.39
2020-05-15,137774.00,2508.96,473.00,713.88
2020-05-16,138134.06,2509.11,522.00,704.64
2020-05-17,138672.17,2509.33,558.00,830.19
2020-05-18,139032.00,2509.48,571.00,754.45
2020-05-19,139224.00,2509.56,593.00,694.85
2020-05-20,139344.06,2509.61,648.00,712.74
2020-05-21,139785.00,2509.79,641.00,871.29
2020-05-22,140025.94,2509.89,609.00,740.46
2020-05-23,140074.00,2509.91,614.00,647.07
2020-05-24,139978.41,2509.87,637.00,600.86
2020-05-25,140001.88,2509.88,643.00,667.95
2020-05-26,140218.00,2509.97,664.00,787.49
2020-05-27,140122.00,2509.93,772.00,739.11
2020-05-28,139882.17,2509.83,819.00,710.17
2020-05-29,140025.94,2509.89,761.00,845.09
2020-05-30,140754.94,2510.19,737.00,1110.36
2020-05-31,141120.25,2510.34,742.00,928.78
2020-06-01,140876.00,2510.24,754.00,629.28
2020-06-02,140314.00,2510.01,824.00,538.03
2020-06-03,139635.00,2509.73,837.00,489.71
2020-06-04,138888.00,2509.42,862.00,473.89
2020-06-05,138086.00,2509.09,868.00,453.43
2020-06-06,137198.00,2508.72,886.00,430.01
2020-06-07,136334.36,2508.36,889.00,446.56
2020-06-08,135542.00,2508.03,888.00,481.04
2020-06-09,135183.89,2507.88,879.00,692.85
2020-06-10,134928.00,2507.77,839.00,703.74
2020-06-11,134568.13,2507.62,817.00,631.97
2020-06-12,134025.94,2507.39,816.00,538.79
2020-06-13,133546.94,2507.19,758.00,517.95
2020-06-14,132884.00,2506.91,777.00,441.42
2020-06-15,132208.13,2506.62,803.00,463.37
2020-06-16,131483.06,2506.31,786.00,420.31
2020-06-17,130704.00,2505.98,783.00,390.63
2020-06-18,129957.77,2505.66,783.00,405.60
2020-06-19,129281.39,2505.37,781.00,439.14
2020-06-20,128674.06,2505.11,781.00,472.60
2020-06-21,128029.17,2504.83,778.00,451.40
2020-06-22,127308.00,2504.52,779.00,410.98
2020-06-23,126639.00,2504.23,779.00,438.72
2020-06-24,125995.00,2503.95,780.00,451.48
2020-06-25,125236.11,2503.62,780.00,394.65
2020-06-26,124395.00,2503.25,832.00,402.71
2020-06-27,123458.22,2502.84,846.00,369.01
2020-06-28,122368.34,2502.36,879.00,323.09
2020-06-29,121192.23,2501.84,906.00,304.59
2020-06-30,120072.23,2501.34,906.00,333.15
2020-07-01,118870.00,2500.80,911.00,297.44
2020-07-02,117634.00,2500.28,907.00,275.12
2020-07-03,116452.00,2499.71,904.00,297.45
2020-07-04,115175.63,2499.13,901.00,246.18
2020-07-05,113932.00,2498.56,894.00,258.62
2020-07-06,112689.00,2497.99,891.00,255.19
2020-07-07,111420.00,2497.40,888.00,238.34
2020-07-08,110130.00,2496.80,888.00,226.53
2020-07-09,108860.00,2496.20,889.00,236.12
2020-07-10,107548.00,2495.58,886.00,213.35
2020-07-11,106257.00,2494.97,883.00,219.66
2020-07-12,104965.26,2494.35,879.00,215.18
2020-07-13,103631.00,2493.71,880.00,194.78
2020-07-14,102307.00,2493.07,884.00,200.73
2020-07-15,100951.00,2492.41,881.00,181.01
2020-07-16,99647.00,2491.77,874.00,202.80
2020-07-17,98310.05,2491.11,875.00,183.65
2020-07-18,96970.00,2490.44,872.00,180.48
2020-07-19,95633.00,2489.77,872.00,181.31
2020-07-20,94290.00,2489.09,869.00,175.72
2020-07-21,92960.00,2488.41,866.00,178.82
2020-07-22,91580.00,2487.70,866.00,154.04
2020-07-23,90220.00,2487.00,867.00,161.67
2020-07-24,88804.00,2486.26,860.00,127.89
2020-07-25,87446.00,2485.54,853.00,150.97
2020-07-26,86060.00,2484.80,854.00,136.01
2020-07-27,84712.00,2484.08,851.00,151.58
2020-07-28,82792.00,2483.04,1128.00,144.88
2020-07-29,80648.27,2481.86,1278.00,183.79
2020-07-30,78811.13,2480.83,1106.00,169.85
2020-07-31,77160.00,2479.90,982.00,144.27
2020-08-01,75573.00,2478.99,943.00,141.09
2020-08-02,74013.00,2478.09,940.00,155.59
2020-08-03,72387.75,2477.14,949.00,136.15
2020-08-04,70748.88,2476.17,966.00,149.50
2020-08-05,69103.96,2475.19,971.00,152.63
2020-08-06,67504.00,2474.22,973.00,173.56
2020-08-07,65872.00,2473.22,975.00,157.21
2020-08-08,64220.00,2472.20,973.00,145.80
2020-08-09,62597.92,2471.18,971.00,154.04
2020-08-10,60989.85,2470.16,959.00,150.36
2020-08-11,59419.80,2469.15,951.00,158.64
2020-08-12,57826.04,2468.11,942.00,134.87
2020-08-13,56300.00,2467.10,932.00,156.12
2020-08-14,54810.00,2466.10,921.00,160.79
2020-08-15,53330.00,2465.10,908.00,151.17
2020-08-16,51884.04,2464.11,895.00,153.72
2020-08-17,50448.07,2463.12,882.00,145.90
2020-08-18,49054.82,2462.15,869.00,153.91
2020-08-19,47594.74,2461.13,875.00,122.68
2020-08-20,46171.76,2460.13,869.00,135.18
2020-08-21,44775.79,2459.14,871.00,147.87
2020-08-22,43361.76,2458.13,873.00,137.58
2020-08-23,41930.00,2457.10,867.00,123.70
2020-08-24,40522.00,2456.08,858.00,122.71
2020-08-25,39166.00,2455.09,804.00,96.45
2020-08-26,37996.00,2454.24,738.00,124.08
2020-08-27,36878.00,2453.42,690.00,121.04
2020-08-28,35808.78,2452.63,652.00,106.78
2020-08-29,34805.96,2451.89,618.00,104.27
2020-08-30,33909.00,2451.23,572.00,108.66
2020-08-31,33101.76,2450.63,492.00,76.77
2020-09-01,32569.00,2450.23,363.00,87.99
2020-09-02,32169.00,2449.93,264.00,54.48
2020-09-03,31899.00,2449.73,216.00,72.63
2020-09-04,31616.00,2449.52,195.00,48.13
2020-09-05,31404.21,2449.36,169.00,61.80
2020-09-06,31242.00,2449.24,134.00,54.64
2020-09-07,31050.00,2449.10,117.00,24.47
2020-09-08,30946.00,2449.02,112.00,55.57
2020-09-09,30803.00,2448.91,109.00,37.06
2020-09-10,30706.14,2448.84,105.00,57.54
2020-09-11,30559.00,2448.73,103.00,28.47
2020-09-12,30467.87,2448.66,102.00,56.08
2020-09-13,30325.00,2448.55,102.00,29.99
2020-09-14,30246.00,2448.49,103.00,63.43
2020-09-15,30134.00,2448.41,104.00,48.04
2020-09-16,30029.10,2448.33,102.00,48.84
2020-09-17,29938.00,2448.26,100.00,53.66
2020-09-18,29860.00,2448.20,100.00,60.26
2020-09-19,29748.07,2448.12,100.00,43.15
2020-09-20,29668.00,2448.06,100.00,59.22
2020-09-21,29525.00,2447.95,100.00,27.06
2020-09-22,29445.96,2447.89,100.00,60.29
2020-09-23,29616.00,2448.02,101.00,186.89
2020-09-24,29761.76,2448.13,101.00,174.78
2020-09-25,30246.00,2448.49,103.00,346.81
2020-09-26,30480.90,2448.67,103.00,221.14
2020-09-27,30598.00,2448.76,103.00,162.29
2020-09-28,30664.04,2448.81,103.00,136.55
2020-09-29,30664.04,2448.81,103.00,103.26
2020-09-30,30637.00,2448.79,103.00,89.63
2020-10-01,30598.00,2448.76,103.00,83.60
2020-10-02,30559.00,2448.73,103.00,83.37
2020-10-03,30506.97,2448.69,102.00,75.91
2020-10-04,30454.84,2448.65,102.00,75.74
2020-10-05,30403.00,2448.61,103.00,76.58
2020-10-06,30246.00,2448.59,103.00,23.85
2020-10-07,30246.00,2448.49,102.00,102.02
2020-10-08,30162.00,2448.43,102.00,59.65
2020-10-09,30068.19,2448.36,102.00,54.56
2020-10-10,30273.00,2448.51,102.00,205.20
2020-10-11,30855.00,2448.95,103.00,397.08
2020-10-12,32351.00,2450.07,107.00,860.89
2020-10-13,34596.00,2451.74,105.00,1238.09
2020-10-14,36798.19,2453.36,98.00,1208.56
2020-10-15,37900.91,2454.17,100.00,655.54
2020-10-16,38861.22,2454.87,100.00,583.75
2020-10-17,40014.00,2455.71,101.00,681.69
2020-10-18,41170.00,2456.55,102.00,684.48
2020-10-19,42238.07,2457.32,102.00,640.37
2020-10-20,42942.10,2457.83,101.00,455.77
2020-10-21,43600.00,2458.30,102.00,433.66
2020-10-22,44174.00,2458.71,102.00,391.88
2020-10-23,44748.00,2459.12,103.00,393.01
2020-10-24,45340.00,2459.54,104.00,402.97
2020-10-25,45920.00,2459.95,104.00,397.23
2020-10-26,46390.00,2460.28,105.00,342.72
2020-10-27,46728.00,2460.52,105.00,276.17
2020-10-28,46980.00,2460.70,104.00,231.31
2020-10-29,47241.93,2460.88,103.00,235.31
2020-10-30,47536.00,2461.09,103.00,251.52
2020-10-31,47756.00,2461.24,104.00,215.00
2020-11-01,47924.21,2461.36,104.00,189.31
2020-11-02,48064.00,2461.46,104.00,174.98
2020-11-03,48684.96,2461.89,105.00,418.22
2020-11-04,49924.00,2462.76,104.00,729.52
2020-11-05,52525.00,2464.55,103.00,1414.62
2020-11-06,54040.00,2465.58,103.00,867.07
2020-11-07,54929.93,2466.18,103.00,551.93
2020-11-08,55520.00,2466.58,104.00,401.70
2020-11-09,56000.00,2466.90,103.00,345.54
2020-11-10,56510.00,2467.24,102.00,359.14
2020-11-11,56810.00,2467.44,102.00,253.27
2020-11-12,57104.74,2467.63,101.00,250.62
2020-11-13,57570.00,2467.94,100.00,337.12
2020-11-14,57905.84,2468.16,100.00,272.58
2020-11-15,58390.00,2468.48,101.00,348.06
2020-11-16,58865.00,2468.79,101.00,344.62
2020-11-17,59372.08,2469.12,101.00,361.52
2020-11-18,59945.00,2469.49,102.00,395.88
2020-11-19,60520.22,2469.86,108.00,402.68
2020-11-20,60959.78,2470.14,114.00,340.29
2020-11-21,61322.27,2470.37,114.00,301.88
2020-11-22,61664.00,2470.59,115.00,292.13
2020-11-23,61952.00,2470.77,115.00,265.05
2020-11-24,62278.00,2470.98,115.00,284.20
2020-11-25,62646.00,2471.21,115.00,305.38
2020-11-26,62917.92,2471.38,115.00,256.94
2020-11-27,63132.00,2471.52,116.00,228.79
2020-11-28,63403.96,2471.69,116.00,258.11
2020-11-29,63612.08,2471.82,116.00,225.95
2020-11-30,63884.00,2471.99,116.00,258.01
2020-12-01,64044.00,2472.09,116.00,201.69
2020-12-02,64171.88,2472.17,116.00,185.50
2020-12-03,64284.00,2472.24,116.00,177.55
2020-12-04,64348.00,2472.28,116.00,153.29
2020-12-05,64428.12,2472.33,116.00,161.42
2020-12-06,64492.27,2472.37,116.00,153.37
2020-12-07,64507.92,2472.38,116.00,128.91
2020-12-08,64802.00,2472.56,116.00,269.29
2020-12-09,65398.00,2472.93,116.00,421.86
2020-12-10,65788.88,2473.17,117.00,319.28
2020-12-11,66112.27,2473.37,117.00,285.26
2020-12-12,66320.00,2473.50,117.00,226.94
2020-12-13,66553.77,2473.64,117.00,240.07
2020-12-14,66762.00,2473.77,117.00,227.20
2020-12-15,67044.00,2473.94,117.00,264.39
2020-12-16,67401.84,2474.16,119.00,303.46
2020-12-17,67880.00,2474.45,119.00,364.69
2020-12-18,68348.00,2474.73,117.00,357.90
2020-12-19,69023.77,2475.14,114.00,459.62
2020-12-20,70210.20,2475.85,116.00,719.51
2020-12-21,71487.04,2476.61,116.00,627.81
2020-12-22,72558.00,2477.24,117.00,662.16
2020-12-23,73197.04,2477.61,117.00,444.40
2020-12-24,73707.00,2477.91,117.00,379.32
2020-12-25,74137.82,2478.16,117.00,339.42
2020-12-26,74499.29,2478.37,117.00,304.45
2020-12-27,74756.00,2478.52,117.00,251.64
2020-12-28,74950.71,2478.63,117.00,220.38
2020-12-29,75172.00,2478.76,117.00,233.78
2020-12-30,75539.00,2478.97,117.00,307.24
2020-12-31,75903.91,2479.18,117.00,306.19
2021-01-01,76255.91,2479.38,119.00,300.42
2021-01-02,76990.00,2479.80,119.00,493.58
2021-01-03,77604.79,2480.15,120.00,434.57
2021-01-04,78292.00,2480.54,120.00,471.12
2021-01-05,78948.00,2480.91,121.00,456.31
2021-01-06,79451.95,2481.19,121.00,379.91
2021-01-07,79704.13,2481.33,121.00,252.97
2021-01-08,79983.00,2481.49,121.00,266.43
2021-01-09,80180.00,2481.60,121.00,225.15
2021-01-10,80378.00,2481.71,121.00,225.66
2021-01-11,80720.00,2481.90,121.00,298.26
2021-01-12,81720.00,2482.45,122.00,626.41
2021-01-13,84118.00,2483.76,126.00,1334.84
2021-01-14,85290.95,2484.39,126.00,717.20
2021-01-15,86168.27,2484.86,126.00,568.14
2021-01-16,86828.00,2485.21,126.00,458.45
2021-01-17,87408.00,2485.52,126.00,418.25
2021-01-18,87876.00,2485.77,126.00,361.78
2021-01-19,88234.00,2485.96,126.00,306.39
2021-01-20,88538.09,2486.12,127.00,280.02
2021-01-21,88842.00,2486.28,127.00,280.26
2021-01-22,89050.95,2486.39,127.00,232.40
2021-01-23,89241.00,2486.49,127.00,222.81
2021-01-24,89400.00,2486.57,127.00,207.20
2021-01-25,89554.77,2486.65,122.00,200.85
2021-01-26,89630.95,2486.69,120.00,158.26
2021-01-27,89745.00,2486.75,120.00,177.34
2021-01-28,89840.00,2486.80,120.00,167.74
2021-01-29,89897.14,2486.83,120.00,148.65
2021-01-30,89973.33,2486.87,120.00,158.26
2021-01-31,90010.95,2486.89,120.00,138.82
2021-02-01,90068.00,2486.92,120.00,148.61
2021-02-02,90163.00,2486.97,120.00,167.74
2021-02-03,90220.00,2487.00,120.00,148.58
2021-02-04,90469.66,2487.13,120.00,245.71
2021-02-05,91057.00,2487.43,121.00,417.40
2021-02-06,91713.00,2487.77,122.00,452.96
2021-02-07,92360.00,2488.10,122.00,448.41
2021-02-08,92683.00,2488.27,122.00,285.06
2021-02-09,92899.90,2488.38,122.00,231.57
2021-02-10,93080.00,2488.47,122.00,213.01
2021-02-11,93178.00,2488.52,122.00,171.62
2021-02-12,93330.00,2488.60,122.00,198.85
2021-02-13,93481.91,2488.68,122.00,198.80
2021-02-14,93600.00,2488.74,122.00,181.75
2021-02-15,93860.34,2488.87,122.00,253.47
2021-02-16,94053.00,2488.97,122.00,219.34
2021-02-17,94072.00,2488.98,122.00,131.79
2021-02-18,94210.00,2489.05,122.00,191.79
2021-02-19,94290.00,2489.09,122.00,162.55
2021-02-20,94369.66,2489.13,122.00,162.37
2021-02-21,94605.00,2489.25,122.00,240.92
2021-02-22,96310.05,2490.11,125.00,983.71
2021-02-23,97490.00,2490.70,121.00,714.84
2021-02-24,98110.00,2491.01,121.00,431.26
2021-02-25,98760.15,2491.33,121.00,445.62
2021-02-26,99220.00,2491.56,121.00,353.06
2021-02-27,99500.00,2491.70,122.00,263.02
2021-02-28,99730.05,2491.81,122.00,237.71
2021-03-01,99910.00,2491.90,122.00,212.94
2021-03-02,100050.00,2491.97,122.00,192.80
2021-03-03,100194.00,2492.04,122.00,194.81
2021-03-04,100299.00,2492.09,122.00,175.15
2021-03-05,100439.80,2492.16,122.00,193.19
2021-03-06,100540.00,2492.21,122.00,172.73
2021-03-07,100640.00,2492.26,122.00,172.61
2021-03-08,100700.00,2492.29,122.00,152.46
2021-03-09,100762.10,2492.32,122.00,153.52
2021-03-10,100825.26,2492.35,122.00,154.05
2021-03-11,100846.30,2492.36,122.00,132.82
2021-03-12,100908.95,2492.39,122.00,153.79
2021-03-13,100930.00,2492.40,122.00,132.83
2021-03-14,100993.00,2492.43,122.00,153.98
2021-03-15,101014.00,2492.44,122.00,132.80
2021-03-16,101056.00,2492.46,122.00,143.39
2021-03-17,101077.00,2492.47,122.00,132.80
2021-03-18,101160.00,2492.51,122.00,164.06
2021-03-19,101240.00,2492.55,122.00,162.55
2021-03-20,101380.10,2492.62,122.00,192.85
2021-03-21,101561.00,2492.71,122.00,213.47
2021-03-22,101771.05,2492.81,122.00,228.61
2021-03-23,101876.30,2492.86,123.00,176.10
2021-03-24,102120.00,2492.98,123.00,246.22
2021-03-25,102307.00,2493.07,122.00,217.69
2021-03-26,102449.70,2493.14,122.00,195.55
2021-03-27,102633.00,2493.23,123.00,216.87
2021-03-28,103032.00,2493.42,122.00,325.78
2021-03-29,103220.00,2493.51,122.00,219.40
2021-03-30,103380.00,2493.59,122.00,205.28
2021-03-31,103525.80,2493.66,121.00,198.12
2021-04-01,103694.00,2493.74,121.00,209.52
2021-04-02,103715.00,2493.75,194.00,225.12
2021-04-03,103220.00,2493.51,514.00,282.44
2021-04-04,102780.00,2493.30,524.00,317.25
2021-04-05,102654.00,2493.24,325.00,295.13
2021-04-06,102947.90,2493.38,133.00,274.99
2021-04-07,103340.00,2493.57,130.00,320.18
2021-04-08,103757.00,2493.77,132.00,332.48
2021-04-09,104020.00,2493.90,134.00,254.81
2021-04-10,104356.00,2494.06,136.00,291.65
2021-04-11,104544.74,2494.15,138.00,217.52
2021-04-12,104607.90,2494.18,190.00,205.89
2021-04-13,104419.00,2494.09,320.00,208.38
2021-04-14,104146.00,2493.96,372.00,216.54
2021-04-15,103840.05,2493.81,433.00,264.93
2021-04-16,103462.64,2493.63,542.00,338.28
2021-04-17,103137.00,2493.47,666.00,491.88
2021-04-18,103220.00,2493.51,642.00,672.77
2021-04-19,103860.10,2493.82,514.00,824.50
2021-04-20,104628.95,2494.19,365.00,737.02
2021-04-21,105440.00,2494.58,296.00,687.26
2021-04-22,106446.00,2495.06,261.00,751.39
2021-04-23,107464.00,2495.54,248.00,744.08
2021-04-24,108514.00,2496.04,248.00,760.43
2021-04-25,109456.00,2496.48,249.00,707.34
2021-04-26,109920.00,2496.70,399.00,632.12
2021-04-27,110088.00,2496.78,570.00,637.86
2021-04-28,110218.22,2496.84,570.00,618.81
2021-04-29,110670.00,2497.05,492.00,705.08
2021-04-30,111724.00,2497.54,374.00,892.75
2021-05-01,113017.68,2498.14,314.00,954.23
2021-05-02,114282.00,2498.72,286.00,912.76
2021-05-03,115307.95,2499.19,258.00,764.22
2021-05-04,116341.78,2499.66,241.00,752.09
2021-05-05,117332.05,2500.11,288.00,782.41
2021-05-06,118354.00,2500.57,392.00,893.40
2021-05-07,119486.00,2501.08,392.00,950.04
2021-05-08,120320.00,2501.45,336.00,746.37
2021-05-09,120902.00,2501.71,334.00,615.13
2021-05-10,121261.39,2501.87,430.00,596.67
2021-05-11,121688.00,2502.06,443.00,643.18
2021-05-12,122253.05,2502.31,443.00,713.11
2021-05-13,123093.89,2502.68,443.00,852.40
2021-05-14,124233.89,2503.18,445.00,1005.27
2021-05-15,125535.00,2503.75,445.00,1086.92
2021-05-16,126983.89,2504.38,447.00,1163.54
2021-05-17,128558.00,2505.06,450.00,1228.83
2021-05-18,130026.95,2505.69,452.00,1177.51
2021-05-19,130796.00,2506.02,484.00,856.29
2021-05-20,131075.64,2506.14,566.00,694.48
2021-05-21,131123.77,2506.16,630.00,640.31
2021-05-22,131195.94,2506.19,630.00,652.37
2021-05-23,131364.00,2506.26,630.00,700.75
2021-05-24,131666.94,2506.39,630.00,768.75
2021-05-25,132040.00,2506.55,678.00,852.58
2021-05-26,132423.00,2506.71,704.00,882.11
2021-05-27,133004.00,2506.96,704.00,982.17
2021-05-28,133810.00,2507.30,703.00,1096.24
2021-05-29,134234.00,2507.48,706.00,905.99
2021-05-30,134544.06,2507.61,706.00,848.55
2021-05-31,135069.17,2507.83,706.00,957.32
2021-06-01,136381.88,2508.38,585.00,1233.55
2021-06-02,138550.00,2509.28,374.00,1460.07
2021-06-03,140900.00,2510.25,241.00,1418.68
2021-06-04,142830.00,2511.04,216.00,1181.46
2021-06-05,144329.70,2511.65,257.00,1005.27
2021-06-06,145415.00,2512.09,290.00,828.35
2021-06-07,146205.00,2512.41,309.00,698.61
2021-06-08,146605.00,2512.57,384.00,580.53
2021-06-09,146680.00,2512.60,496.00,521.69
2021-06-10,146605.00,2512.57,587.00,536.87
2021-06-11,146430.00,2512.50,630.00,529.74
2021-06-12,146305.00,2512.45,592.00,515.42
2021-06-13,146779.64,2512.64,525.00,755.06
2021-06-14,147745.00,2513.03,488.00,963.39
2021-06-15,148295.00,2513.25,509.00,775.55
2021-06-16,148520.25,2513.34,571.00,673.89
2021-06-17,148695.00,2513.41,574.00,649.38
2021-06-18,148820.00,2513.46,595.00,644.39
2021-06-19,148895.00,2513.49,626.00,652.01
2021-06-20,148995.00,2513.53,634.00,675.32
2021-06-21,149244.58,2513.63,618.00,732.91
2021-06-22,149520.00,2513.74,612.00,739.32
2021-06-23,149620.00,2513.78,612.00,650.87
2021-06-24,149520.00,2513.74,658.00,597.93
2021-06-25,149394.94,2513.69,689.00,615.10
2021-06-26,149344.81,2513.67,689.00,652.88
2021-06-27,149269.64,2513.64,689.00,640.31
2021-06-28,149145.00,2513.59,689.00,615.37
2021-06-29,148895.00,2513.49,689.00,552.06
2021-06-30,148370.00,2513.28,738.00,462.80
2021-07-01,147470.00,2512.92,858.00,390.36
2021-07-02,146330.00,2512.46,949.00,361.20
2021-07-03,145015.00,2511.93,1008.00,331.61
2021-07-04,143661.88,2511.38,1023.00,325.14
2021-07-05,142265.06,2510.81,1023.00,303.70
2021-07-06,140704.81,2510.17,1074.00,273.87
2021-07-07,139128.00,2509.52,1070.00,260.99
2021-07-08,137510.30,2508.85,1085.00,254.75
2021-07-09,135781.59,2508.13,1111.00,225.38
2021-07-10,134050.00,2507.40,1121.00,235.97
2021-07-11,132327.83,2506.67,1118.00,233.98
2021-07-12,130543.00,2505.91,1132.00,218.42
2021-07-13,128698.12,2505.12,1164.00,221.53
2021-07-14,126823.05,2504.31,1164.00,205.92
2021-07-15,124916.00,2503.48,1171.00,194.40
2021-07-16,123001.66,2502.64,1164.00,184.68
2021-07-17,121146.11,2501.82,1157.00,207.07
2021-07-18,119266.00,2500.98,1157.00,194.51
2021-07-19,117375.63,2500.13,1153.00,188.07
2021-07-20,115484.00,2499.27,1150.00,182.58
2021-07-21,113557.95,2498.39,1153.00,168.90
2021-07-22,111661.00,2497.51,1146.00,175.96
2021-07-23,109793.70,2496.64,1139.00,183.94
2021-07-24,107926.00,2495.76,1135.00,181.61
2021-07-25,106005.26,2494.85,1142.00,161.56
2021-07-26,104104.00,2493.94,1150.00,177.69
2021-07-27,102202.00,2493.02,1146.00,175.34
2021-07-28,100299.00,2492.09,1150.00,176.57
2021-07-29,98369.70,2491.14,1150.00,164.36
2021-07-30,96449.90,2490.18,1146.00,166.44
2021-07-31,94529.00,2489.21,1150.00,167.35
2021-08-01,92645.00,2488.25,1146.00,182.45
2021-08-02,90724.00,2487.26,1146.00,163.68
2021-08-03,88823.00,2486.27,1146.00,175.35
2021-08-04,86918.00,2485.26,1142.00,168.95
2021-08-05,85006.00,2484.24,1142.00,165.81
2021-08-06,83090.00,2483.20,1142.00,162.56
2021-08-07,81241.95,2482.19,1139.00,193.63
2021-08-08,79361.73,2481.14,1132.00,169.80
2021-08-09,77502.00,2480.09,1125.00,175.09
2021-08-10,75675.00,2479.05,1121.00,187.27
2021-08-11,73843.00,2477.99,1107.00,201.90
2021-08-12,72048.00,2476.94,1104.00,167.34
2021-08-13,70242.27,2475.87,1100.00,173.05
2021-08-14,68460.00,2474.80,1085.00,171.88
2021-08-15,66698.00,2473.73,1078.00,173.88
2021-08-16,64949.80,2472.65,1067.00,170.64
2021-08-17,63164.00,2471.54,1055.00,142.35
2021-08-18,61415.00,2470.43,1052.00,156.97
2021-08-19,59675.04,2469.31,1055.00,162.36
2021-08-20,58030.00,2468.24,1012.00,173.53
2021-08-21,56480.00,2467.22,950.00,161.48
2021-08-22,55035.00,2466.25,897.00,162.60
2021-08-23,53620.00,2465.30,843.00,127.57
2021-08-24,52360.00,2464.44,782.00,147.46
2021-08-25,51154.04,2463.61,735.00,131.04
2021-08-26,50040.15,2462.84,695.00,142.66
2021-08-27,48938.00,2462.07,656.00,115.39
2021-08-28,47924.21,2461.36,610.00,116.29
2021-08-29,47010.00,2460.72,546.00,109.59
2021-08-30,46199.83,2460.15,483.00,103.38
2021-08-31,45430.00,2459.60,425.00,68.60
2021-09-01,44789.83,2459.15,367.00,77.55
2021-09-02,44230.00,2458.75,312.00,62.94
2021-09-03,43796.00,2458.44,263.00,41.65
2021-09-04,43417.90,2458.17,236.00,38.24
2021-09-05,43096.00,2457.94,215.00,42.88
2021-09-06,42760.00,2457.70,208.00,25.14
2021-09-07,42508.00,2457.52,173.00,31.05
2021-09-08,42363.00,2457.41,124.00,53.65
2021-09-09,42252.10,2457.33,107.00,54.13
2021-09-10,42154.00,2457.26,101.00,55.35
2021-09-11,42041.93,2457.18,97.00,44.63
2021-09-12,41944.04,2457.11,97.00,51.85
2021-09-13,41832.00,2457.03,96.00,44.31
2021-09-14,41748.00,2456.97,96.00,58.45
2021-09-15,41608.24,2456.87,96.00,31.66
2021-09-16,41484.00,2456.78,100.00,36.96
2021-09-17,41471.00,2456.77,100.00,93.03
2021-09-18,41432.00,2456.74,100.00,79.92
2021-09-19,41432.00,2456.74,100.00,99.59
2021-09-20,41445.00,2456.75,100.00,106.14
2021-09-21,41393.00,2456.71,100.00,73.37
2021-09-22,41337.90,2456.67,100.00,71.52
2021-09-23,41240.00,2456.60,100.00,49.79
2021-09-24,41170.00,2456.55,100.00,64.14
2021-09-25,41086.00,2456.49,98.00,56.04
2021-09-26,41072.00,2456.48,98.00,91.33
2021-09-27,41044.00,2456.46,98.00,84.27
2021-09-28,41072.00,2456.48,98.00,112.50
2021-09-29,41016.00,2456.44,98.00,70.15
2021-09-30,41268.07,2456.62,98.00,225.60
2021-10-01,41380.00,2456.70,98.00,154.92
2021-10-02,41393.00,2456.71,98.00,104.99
2021-10-03,41351.93,2456.68,98.00,77.68
2021-10-04,41295.79,2456.64,98.00,70.20
2021-10-05,41268.07,2456.62,98.00,84.41
2021-10-06,41226.00,2456.59,98.00,77.18
2021-10-07,41156.00,2456.54,98.00,63.09
2021-10-08,41114.00,2456.51,98.00,77.21
2021-10-09,41016.00,2456.44,98.00,48.98
2021-10-10,41170.00,2456.55,98.00,176.08
2021-10-11,41198.00,2456.57,98.00,112.50
2021-10-12,41198.00,2456.57,98.00,98.39
2021-10-13,41212.00,2456.58,98.00,105.44
2021-10-14,41281.76,2456.63,98.00,133.56
2021-10-15,41419.00,2456.73,98.00,167.58
2021-10-16,41497.00,2456.79,98.00,137.71
2021-10-17,41608.24,2456.87,98.00,154.47
2021-10-18,41621.93,2456.88,98.00,105.30
2021-10-19,41608.24,2456.87,100.00,92.39
2021-10-20,41635.96,2456.89,100.00,113.22
2021-10-21,41650.00,2456.90,100.00,106.52
2021-10-22,41678.00,2456.92,100.00,113.37
2021-10-23,41720.00,2456.95,100.00,120.72
2021-10-24,41818.00,2457.02,100.00,149.00
2021-10-25,41804.00,2457.01,144.00,139.31
2021-10-26,41902.00,2457.08,280.00,331.73
2021-10-27,42308.24,2457.37,335.00,537.53
2021-10-28,44817.90,2459.17,249.00,1514.59
2021-10-29,46714.00,2460.51,133.00,1089.37
2021-10-30,47536.00,2461.09,108.00,520.19
2021-10-31,48008.00,2461.42,110.00,344.41
2021-11-01,48353.86,2461.66,110.00,281.41
2021-11-02,48640.22,2461.86,111.00,251.41
2021-11-03,48882.00,2462.03,111.00,228.93
2021-11-04,49630.00,2462.55,111.00,484.75
2021-11-05,50330.00,2463.04,108.00,456.53
2021-11-06,50880.00,2463.42,105.00,392.31
2021-11-07,51385.00,2463.77,107.00,328.08
2021-11-08,51706.00,2463.99,107.00,263.86
2021-11-09,52188.07,2464.32,107.00,345.23
2021-11-10,52555.00,2464.57,108.00,288.25
2021-11-11,53606.00,2465.29,109.00,634.78
2021-11-12,59419.80,2469.15,121.00,3047.10
2021-11-13,62390.00,2471.05,119.00,1611.82
2021-11-14,69942.96,2475.69,123.00,3926.82
2021-11-15,73843.00,2477.99,126.00,2086.88
2021-11-16,75539.00,2478.97,126.00,976.67
2021-11-17,76496.00,2479.52,127.00,604.70
2021-11-18,77268.00,2479.96,116.00,500.25
2021-11-19,77870.00,2480.30,102.00,405.53
2021-11-20,78292.00,2480.54,102.00,314.78
2021-11-21,78634.00,2480.73,102.00,274.45
2021-11-22,78930.00,2480.90,102.00,251.26
2021-11-23,79343.70,2481.13,102.00,310.72
2021-11-24,79596.00,2481.27,103.00,230.46
2021-11-25,80018.00,2481.51,103.00,316.17
2021-11-26,81576.30,2482.37,104.00,890.66
2021-11-27,83748.00,2483.56,107.00,1201.72
2021-11-28,87351.00,2485.49,109.00,1926.39
2021-11-29,89260.00,2486.50,108.00,1070.77
2021-11-30,90920.30,2487.36,108.00,945.39
2021-12-01,92220.00,2488.03,105.00,760.73
2021-12-02,93140.00,2488.50,102.00,566.12
2021-12-03,93820.24,2488.85,103.00,446.21
2021-12-04,94529.00,2489.21,103.00,460.59
2021-12-05,94940.00,2489.42,103.00,310.47
2021-12-06,95419.80,2489.66,103.00,345.16
2021-12-07,95810.30,2489.86,103.00,300.13
2021-12-08,96510.00,2490.21,103.00,456.16
2021-12-09,96990.00,2490.45,104.00,346.32
2021-12-10,97409.80,2490.66,104.00,316.12
2021-12-11,98230.00,2491.07,104.00,518.02
2021-12-12,98637.00,2491.27,104.00,309.70
2021-12-13,98938.50,2491.44,104.00,256.51
2021-12-14,99240.00,2491.57,104.00,256.51
2021-12-15,99459.90,2491.68,104.00,215.37
2021-12-16,99710.00,2491.80,104.00,230.60
2021-12-17,99869.90,2491.88,104.00,185.12
2021-12-18,100278.00,2492.08,105.00,311.02
2021-12-19,100399.70,2492.14,105.00,167.12
2021-12-20,100620.00,2492.25,105.00,216.83
2021-12-21,100762.10,2492.32,105.00,177.41
2021-12-22,100972.00,2492.42,105.00,211.59
2021-12-23,101240.00,2492.55,105.00,240.40
2021-12-24,101439.76,2492.65,105.00,206.48
2021-12-25,101624.00,2492.74,105.00,198.65
2021-12-26,101708.00,2492.78,105.00,148.11
2021-12-27,101771.05,2492.81,105.00,137.55
2021-12-28,101813.16,2492.83,105.00,126.99
2021-12-29,101897.36,2492.87,105.00,148.17
2021-12-30,102020.00,2492.93,105.00,167.52
2021-12-31,102040.00,2492.94,105.00,115.85
2022-01-01,102060.00,2492.95,105.00,115.85
2022-01-02,102140.00,2492.99,105.00,146.10
2022-01-03,102370.00,2493.10,105.00,221.72
2022-01-04,102470.00,2493.15,105.00,156.18
2022-01-05,102633.00,2493.23,105.00,187.94
2022-01-06,103380.00,2493.59,105.00,482.52
2022-01-07,103980.00,2493.88,105.00,408.67
2022-01-08,104482.00,2494.12,105.00,358.94
2022-01-09,104776.00,2494.26,107.00,254.66
2022-01-10,105070.00,2494.40,105.00,254.32
2022-01-11,105732.00,2494.72,107.00,440.68
2022-01-12,108031.05,2495.81,108.00,1267.37
2022-01-13,109689.00,2496.59,108.00,944.68
2022-01-14,110714.00,2497.07,116.00,633.53
2022-01-15,111420.00,2497.40,122.00,478.16
2022-01-16,111975.80,2497.66,122.00,402.43
2022-01-17,112412.32,2497.86,122.00,342.29
2022-01-18,112864.00,2498.07,122.00,349.94
2022-01-19,113382.05,2498.31,123.00,384.48
2022-01-20,114846.00,2498.98,123.00,862.02
2022-01-21,116144.00,2499.57,125.00,779.34
2022-01-22,116892.00,2499.91,125.00,501.87
2022-01-23,117464.00,2500.17,125.00,413.22
2022-01-24,118068.00,2500.44,126.00,429.99
2022-01-25,118551.78,2500.66,126.00,369.66
2022-01-26,118914.11,2500.82,126.00,308.51
2022-01-27,119200.00,2500.95,126.00,269.97
2022-01-28,119442.00,2501.06,126.00,247.84
2022-01-29,119667.77,2501.16,126.00,239.66
2022-01-30,119980.00,2501.30,126.00,283.07
2022-01-31,120232.00,2501.41,126.00,252.71
2022-02-01,120364.00,2501.47,126.00,192.38
2022-02-02,120496.00,2501.53,126.00,192.38
2022-02-03,120628.00,2501.59,126.00,192.66
2022-02-04,120787.77,2501.66,127.00,207.12
2022-02-05,120880.00,2501.70,127.00,173.27
2022-02-06,120990.00,2501.75,127.00,182.51
2022-02-07,121056.00,2501.78,127.00,159.96
2022-02-08,121146.11,2501.82,127.00,172.48
2022-02-09,121238.34,2501.86,127.00,173.55
2022-02-10,121374.00,2501.92,127.00,195.45
2022-02-11,121550.00,2502.00,127.00,215.79
2022-02-12,121734.00,2502.08,127.00,219.82
2022-02-13,121912.00,2502.16,127.00,216.80
2022-02-14,122092.00,2502.24,127.00,217.80
2022-02-15,122253.05,2502.31,127.00,208.25
2022-02-16,122391.39,2502.37,127.00,196.80
2022-02-17,122526.00,2502.43,127.00,194.92
2022-02-18,122658.00,2502.49,127.00,193.63
2022-02-19,122910.00,2502.60,127.00,254.38
2022-02-20,123163.00,2502.71,128.00,255.84
2022-02-21,123324.00,2502.78,128.00,209.46
2022-02-22,123370.00,2502.80,128.00,151.48
2022-02-23,123436.16,2502.83,128.00,161.64
2022-02-24,123480.00,2502.85,128.00,150.39
2022-02-25,123502.32,2502.86,128.00,139.54
2022-02-26,123567.95,2502.89,128.00,161.37
2022-02-27,123866.00,2503.02,128.00,278.56
2022-02-28,125581.00,2503.77,129.00,994.06
2022-03-01,129911.66,2505.64,132.00,2315.60
2022-03-02,132160.00,2506.60,133.00,1266.84
2022-03-03,133454.72,2507.15,133.00,786.06
2022-03-04,134352.00,2507.53,129.00,582.03
2022-03-05,135000.00,2507.80,127.00,453.75
2022-03-06,135494.00,2508.01,127.00,376.11
2022-03-07,135901.88,2508.18,127.00,332.69
2022-03-08,136334.36,2508.36,127.00,345.23
2022-03-09,136646.00,2508.49,128.00,285.01
2022-03-10,136886.00,2508.59,127.00,248.51
2022-03-11,137077.83,2508.67,127.00,224.06
2022-03-12,137294.00,2508.76,128.00,237.26
2022-03-13,137605.94,2508.89,128.00,285.54
2022-03-14,138110.00,2509.10,128.00,382.71
2022-03-15,138888.00,2509.42,129.00,522.01
2022-03-16,139535.94,2509.69,131.00,457.42
2022-03-17,140025.94,2509.89,123.00,370.43
2022-03-18,140434.00,2510.06,119.00,324.42
2022-03-19,140876.00,2510.24,119.00,341.59
2022-03-20,141244.94,2510.39,119.00,304.94
2022-03-21,141726.00,2510.59,120.00,362.00
2022-03-22,142072.00,2510.73,120.00,294.02
2022-03-23,142658.00,2510.97,120.00,415.51
2022-03-24,143370.00,2511.26,121.00,479.99
2022-03-25,143985.00,2511.51,121.00,431.09
2022-03-26,144575.00,2511.75,121.00,418.48
2022-03-27,145215.00,2512.01,121.00,443.92
2022-03-28,146080.36,2512.36,122.00,558.10
2022-03-29,147050.00,2512.75,122.00,611.37
2022-03-30,148044.69,2513.15,173.00,675.80
2022-03-31,148644.94,2513.39,245.00,549.61
2022-04-01,148845.00,2513.47,363.00,407.09
2022-04-02,148870.00,2513.48,412.00,453.62
2022-04-03,148920.00,2513.50,413.00,500.15
2022-04-04,149195.06,2513.61,533.00,546.68
2022-04-05,148820.00,2513.46,651.00,455.96
2022-04-06,148270.00,2513.24,649.00,365.09
2022-04-07,147745.00,2513.03,606.00,332.94
2022-04-08,147620.00,2512.98,504.00,433.55
2022-04-09,147520.00,2512.94,435.00,375.88
2022-04-10,147445.00,2512.91,436.00,387.98
2022-04-11,147170.00,2512.80,437.00,287.00
2022-04-12,146904.94,2512.69,437.00,292.01
2022-04-13,146530.00,2512.54,438.00,236.02
2022-04-14,146280.00,2512.44,368.00,231.99
2022-04-15,146030.25,2512.34,324.00,186.28
2022-04-16,145664.94,2512.19,379.00,208.05
2022-04-17,144990.00,2511.92,540.00,236.34
2022-04-18,144210.00,2511.60,636.00,274.13
2022-04-19,143395.00,2511.27,637.00,256.07
2022-04-20,142658.00,2510.97,575.00,234.27
2022-04-21,142315.19,2510.83,363.00,229.68
2022-04-22,142216.00,2510.79,224.00,171.95
2022-04-23,142120.00,2510.75,250.00,199.58
2022-04-24,141949.88,2510.68,312.00,227.17
2022-04-25,141558.00,2510.52,498.00,296.87
2022-04-26,141219.88,2510.38,535.00,356.64
2022-04-27,140804.00,2510.21,536.00,317.07
2022-04-28,140604.58,2510.13,419.00,317.33
2022-04-29,140530.00,2510.10,331.00,286.80
2022-04-30,140654.69,2510.15,332.00,387.26
2022-05-01,140876.00,2510.24,323.00,425.18
2022-05-02,141510.00,2510.50,299.00,610.09
2022-05-03,142265.06,2510.81,270.00,641.78
2022-05-04,142980.00,2511.10,305.00,664.33
2022-05-05,143885.00,2511.47,468.00,915.37
2022-05-06,145240.00,2512.02,469.00,1144.84
2022-05-07,146630.00,2512.58,470.00,1164.88
2022-05-08,147320.36,2512.86,471.00,814.25
2022-05-09,147695.00,2513.01,470.00,654.97
2022-05-10,147795.00,2513.05,468.00,516.64
2022-05-11,147945.06,2513.11,374.00,458.29
2022-05-12,148370.00,2513.28,258.00,473.80
2022-05-13,148695.00,2513.41,257.00,423.38
2022-05-14,149220.13,2513.62,256.00,524.42
2022-05-15,150095.00,2513.97,257.00,702.32
2022-05-16,151555.00,2514.55,256.00,997.37
2022-05-17,152790.00,2515.04,258.00,885.18
2022-05-18,154284.58,2515.63,258.00,1016.45
2022-05-19,155604.69,2516.15,271.00,945.63
2022-05-20,156162.44,2516.37,420.00,719.40
2022-05-21,156292.00,2516.42,540.00,625.32
2022-05-22,156292.00,2516.42,589.00,612.21
2022-05-23,156370.00,2516.45,616.00,679.84
2022-05-24,156575.00,2516.53,634.00,764.49
2022-05-25,156849.64,2516.64,711.00,885.89
2022-05-26,157130.00,2516.75,786.00,969.63
2022-05-27,157745.00,2516.99,885.00,1241.70
2022-05-28,157796.00,2517.01,1006.00,1081.90
2022-05-29,157570.00,2516.92,1047.00,985.94
2022-05-30,157182.00,2516.77,1040.00,902.53
2022-05-31,156725.00,2516.59,1001.00,829.60
2022-06-01,156550.00,2516.52,977.00,948.00
2022-06-02,156800.13,2516.62,1031.00,1220.69
2022-06-03,156949.88,2516.68,1141.00,1285.65
2022-06-04,156775.06,2516.61,1184.00,1168.17
2022-06-05,157442.44,2516.87,1196.00,1607.36
2022-06-06,156974.94,2516.69,1516.00,1360.86
2022-06-07,155780.00,2516.22,1592.00,1052.95
2022-06-08,154585.00,2515.75,1581.00,1020.73
2022-06-09,154135.00,2515.57,1520.00,1318.36
2022-06-10,155755.00,2516.21,1095.00,1931.30
2022-06-11,156750.00,2516.60,896.00,1416.39
2022-06-12,157416.38,2516.86,785.00,1135.75
2022-06-13,157848.00,2517.03,915.00,1146.33
2022-06-14,157874.00,2517.04,1096.00,1119.77
2022-06-15,157645.00,2516.95,992.00,888.12
2022-06-16,157595.00,2516.93,779.00,765.45
2022-06-17,157620.00,2516.94,699.00,716.56
2022-06-18,157595.00,2516.93,640.00,628.12
2022-06-19,157770.00,2517.00,524.00,613.75
2022-06-20,157952.00,2517.07,496.00,586.84
2022-06-21,158179.75,2517.16,497.00,610.98
2022-06-22,158332.00,2517.22,569.00,642.07
2022-06-23,158129.64,2517.14,680.17,578.15
2022-06-24,157745.00,2516.99,743.00,545.83
2022-06-25,157570.00,2516.92,664.00,574.07
2022-06-26,157822.00,2517.02,494.00,618.84
2022-06-27,158154.69,2517.15,475.00,641.85
2022-06-28,158229.88,2517.18,487.00,526.34
2022-06-29,158129.64,2517.14,496.00,447.31
2022-06-30,157926.00,2517.06,500.00,400.69
2022-07-01,157620.00,2516.94,572.00,422.12
2022-07-02,157234.00,2516.79,603.00,414.67
2022-07-03,157286.06,2516.81,602.00,635.88
2022-07-04,156824.58,2516.63,601.00,376.93
2022-07-05,156162.44,2516.37,680.00,356.87
2022-07-06,155350.00,2516.05,757.00,360.23
2022-07-07,154210.00,2515.60,906.00,347.19
2022-07-08,152665.00,2514.99,1091.00,328.63
2022-07-09,150980.13,2514.32,1151.00,319.87
2022-07-10,149269.64,2513.64,1146.00,300.52
2022-07-11,147570.00,2512.96,1142.00,302.60
2022-07-12,145882.00,2512.28,1134.00,304.41
2022-07-13,144160.00,2511.58,1129.00,281.09
2022-07-14,142365.31,2510.85,1131.00,249.52
2022-07-15,140482.00,2510.08,1178.25,228.74
2022-07-16,138600.00,2509.30,1184.28,235.44
2022-07-17,136694.00,2508.51,1153.00,217.03
2022-07-18,134808.00,2507.72,1145.00,220.21
2022-07-19,132860.00,2506.90,1137.00,182.18
2022-07-20,130957.00,2506.09,1146.00,216.24
2022-07-21,129005.00,2505.25,1151.00,195.38
2022-07-22,127053.00,2504.41,1146.00,187.61
2022-07-23,125052.00,2503.54,1158.00,172.39
2022-07-24,123070.83,2502.67,1167.00,189.77
2022-07-25,121078.00,2501.79,1162.00,177.36
2022-07-26,119067.95,2500.89,1170.00,177.59
2022-07-27,117002.00,2499.96,1190.00,164.95
2022-07-28,114934.00,2499.02,1199.00,172.71
2022-07-29,112864.00,2498.07,1197.00,166.63
2022-07-30,110822.10,2497.12,1192.00,174.90
2022-07-31,108705.63,2496.13,1193.00,136.10
2022-08-01,106592.64,2495.13,1214.00,156.87
2022-08-02,104440.00,2494.10,1212.00,132.78
2022-08-03,102286.00,2493.06,1204.00,134.52
2022-08-04,100152.00,2492.02,1193.00,141.06
2022-08-05,98010.00,2490.96,1193.00,142.90
2022-08-06,95849.90,2489.88,1182.00,130.71
2022-08-07,93760.10,2488.82,1164.00,154.42
2022-08-08,91637.00,2487.73,1160.00,142.48
2022-08-09,89498.09,2486.62,1164.00,145.82
2022-08-10,87351.00,2485.49,1150.00,134.22
2022-08-11,85253.33,2484.37,1142.00,159.19
2022-08-12,83126.00,2483.22,1132.00,137.44
2022-08-13,81008.00,2482.06,1118.00,137.22
2022-08-14,78930.00,2480.90,1104.00,150.90
2022-08-15,76854.00,2479.72,1096.00,149.57
2022-08-16,74774.00,2478.53,1085.00,145.18
2022-08-17,72728.16,2477.34,1070.00,153.77
2022-08-18,70680.71,2476.13,1078.00,151.35
2022-08-19,68773.00,2474.99,1030.00,163.75
2022-08-20,66980.00,2473.90,963.00,141.86
2022-08-21,65333.96,2472.89,893.00,133.33
2022-08-22,63788.00,2471.93,845.00,126.55
2022-08-23,62310.00,2471.00,811.00,113.07
2022-08-24,60944.74,2470.13,774.00,122.76
2022-08-25,59644.00,2469.29,740.00,108.41
2022-08-26,58452.00,2468.52,708.00,120.61
2022-08-27,57330.00,2467.78,650.00,87.02
2022-08-28,56389.85,2467.16,579.00,100.33
2022-08-29,55580.07,2466.62,511.00,89.96
2022-08-30,54929.93,2466.18,425.00,98.84
2022-08-31,54390.07,2465.82,346.00,76.90
2022-09-01,53995.00,2465.55,275.00,78.91
2022-09-02,53710.22,2465.36,215.00,73.71
2022-09-03,53494.00,2465.21,172.00,68.98
2022-09-04,53270.00,2465.06,157.00,53.90
2022-09-05,53060.00,2464.92,136.00,43.36
2022-09-06,52946.14,2464.84,113.00,55.21
2022-09-07,52830.00,2464.76,97.00,41.99
2022-09-08,52697.90,2464.67,98.00,35.75
2022-09-09,52540.00,2464.56,101.00,21.19
2022-09-10,52420.00,2464.48,101.00,40.27
2022-09-11,52271.93,2464.38,100.00,24.93
2022-09-12,52174.04,2464.31,100.00,50.23
2022-09-13,52055.00,2464.23,100.00,39.49
2022-09-14,51939.83,2464.15,101.00,42.34
2022-09-15,51810.00,2464.06,101.00,35.34
2022-09-16,51678.00,2463.97,101.00,34.25
2022-09-17,51580.00,2463.90,101.00,51.72
2022-09-18,51445.04,2463.81,102.00,33.98
2022-09-19,51310.00,2463.72,102.00,33.64
2022-09-20,51181.76,2463.63,102.00,37.18
2022-09-21,51098.00,2463.57,101.00,58.72
2022-09-22,50925.00,2463.45,101.00,13.58
2022-09-23,50790.22,2463.36,101.00,32.85
2022-09-24,50658.00,2463.27,101.00,34.14
2022-09-25,50545.96,2463.19,101.00,44.31
2022-09-26,50420.00,2463.10,101.00,37.29
2022-09-27,50300.00,2463.02,101.00,39.84
2022-09-28,50186.00,2462.94,100.00,42.11
2022-09-29,50055.18,2462.85,100.00,33.63
2022-09-30,49924.00,2462.76,100.00,33.45
2022-10-01,49811.93,2462.68,99.59,43.08
2022-10-02,49686.00,2462.59,99.59,36.10
2022-10-03,49574.00,2462.51,98.96,42.49
2022-10-04,49440.00,2462.42,98.31,30.75
2022-10-05,49312.10,2462.33,101.70,37.22
2022-10-06,49172.00,2462.23,103.96,33.33
2022-10-07,49039.78,2462.14,102.83,36.17
2022-10-08,48896.00,2462.04,102.83,30.34
2022-10-09,48770.00,2461.95,102.83,39.30
2022-10-10,48625.18,2461.85,102.83,29.82
2022-10-11,48494.00,2461.76,102.83,36.69
2022-10-12,48353.86,2461.66,102.83,32.18
2022-10-13,48210.00,2461.56,102.83,30.30
2022-10-14,48078.00,2461.47,102.83,36.28
2022-10-15,47924.21,2461.36,101.70,24.16
2022-10-16,47784.00,2461.26,101.70,31.01
2022-10-17,47654.89,2461.17,101.70,36.61
2022-10-18,47508.00,2461.07,101.70,27.64
2022-10-19,47340.00,2460.95,124.37,39.67
2022-10-20,47070.00,2460.76,196.79,60.66
2022-10-21,46560.00,2460.40,324.06,66.93
2022-10-22,46004.00,2460.01,342.13,61.81
2022-10-23,45458.07,2459.62,340.12,64.88
2022-10-24,45098.24,2459.37,338.11,156.70
2022-10-25,44692.00,2459.08,324.06,119.25
2022-10-26,44342.10,2458.83,301.97,125.56
2022-10-27,43950.00,2458.55,293.94,96.26
2022-10-28,43558.00,2458.27,291.93,94.30
2022-10-29,43138.00,2457.97,289.92,78.17
2022-10-30,42984.21,2457.86,287.92,210.38
2022-10-31,43740.00,2458.40,277.88,658.92
2022-11-01,43725.96,2458.39,257.26,250.18
2022-11-02,43558.00,2458.27,243.98,159.30
2022-11-03,43460.00,2458.20,239.00,189.59
2022-11-04,49172.00,2462.23,242.32,3122.12
2022-11-05,52785.00,2464.73,176.98,1998.54
2022-11-06,53935.00,2465.51,126.83,706.62
2022-11-07,54510.00,2465.90,109.61,399.51
2022-11-08,54884.82,2466.15,101.70,290.67
2022-11-09,55155.11,2466.33,101.70,237.97
2022-11-10,55330.00,2466.45,101.70,189.87
2022-11-11,55460.00,2466.54,101.70,167.24
2022-11-12,55565.04,2466.61,101.70,154.66
2022-11-13,55624.82,2466.65,109.61,139.75
2022-11-14,55609.78,2466.64,128.06,120.48
2022-11-15,55565.04,2466.61,137.89,115.33
2022-11-16,55445.00,2466.53,157.17,96.65
2022-11-17,55316.00,2466.44,172.40,107.36
2022-11-18,55140.07,2466.32,172.40,83.70
2022-11-19,54975.00,2466.21,172.40,89.18
2022-11-20,54810.00,2466.10,170.88,87.69
2022-11-21,54645.00,2465.99,170.88,87.69
2022-11-22,54630.00,2465.98,170.88,163.32
2022-11-23,54465.26,2465.87,170.88,87.82
2022-11-24,54332.00,2465.78,172.40,105.21
2022-11-25,54204.96,2465.69,172.40,108.35
2022-11-26,54100.07,2465.62,172.40,119.52
2022-11-27,54174.89,2465.67,172.40,210.12
2022-11-28,54129.78,2465.64,166.31,143.57
2022-11-29,54159.85,2465.66,160.21,175.37
2022-11-30,54189.93,2465.68,160.21,175.38
2022-12-01,54144.82,2465.65,155.64,132.90
2022-12-02,54025.00,2465.57,146.50,86.09
2022-12-03,53920.00,2465.50,146.50,93.56
2022-12-04,53800.00,2465.42,146.50,86.00
2022-12-05,53710.22,2465.36,146.50,101.24
2022-12-06,53592.00,2465.28,146.50,86.90
2022-12-07,53449.93,2465.18,146.50,74.87
2022-12-08,53404.82,2465.15,146.50,123.76
2022-12-09,53240.00,2465.04,157.17,74.07
2022-12-10,53105.00,2464.95,163.26,95.20
2022-12-11,52946.14,2464.84,163.26,83.17
2022-12-12,52800.00,2464.74,152.60,78.92
2022-12-13,52655.79,2464.64,141.58,68.87
2022-12-14,52525.00,2464.55,136.66,70.72
2022-12-15,52390.00,2464.46,136.66,68.60
2022-12-16,52188.07,2464.32,169.36,67.55
2022-12-17,51981.93,2464.18,199.83,95.90
2022-12-18,51825.00,2464.07,180.02,100.90
2022-12-19,51580.00,2463.90,193.74,70.22
2022-12-20,51430.00,2463.80,214.09,138.46
2022-12-21,51140.00,2463.60,214.09,67.88
2022-12-22,50805.26,2463.37,214.09,45.33
2022-12-23,50658.00,2463.27,214.09,139.85
2022-12-24,50616.00,2463.24,214.09,192.91
2022-12-25,50700.00,2463.30,214.09,256.44
2022-12-26,51340.00,2463.74,214.09,536.76
2022-12-27,52570.00,2464.58,205.93,826.06
2022-12-28,53135.00,2464.97,195.26,480.11
2022-12-29,53550.00,2465.25,163.26,372.49
2022-12-30,53980.00,2465.54,132.98,349.77
2022-12-31,54420.15,2465.84,132.98,354.89
2023-01-01,54735.00,2466.05,132.98,291.72
2023-01-02,54960.00,2466.20,132.98,246.42
2023-01-03,55110.00,2466.30,132.98,208.61
2023-01-04,55229.93,2466.38,132.98,193.44
2023-01-05,55316.00,2466.44,132.98,176.37
2023-01-06,55358.00,2466.47,132.98,154.16
2023-01-07,55400.00,2466.50,132.98,154.16
2023-01-08,55430.00,2466.52,132.98,148.11
2023-01-09,55490.00,2466.56,132.98,163.23
2023-01-10,55520.00,2466.58,123.14,138.27
2023-01-11,55565.04,2466.61,112.07,134.78
2023-01-12,55835.00,2466.79,113.30,249.40
2023-01-13,56105.00,2466.97,113.30,249.43
2023-01-14,56450.00,2467.20,113.30,287.24
2023-01-15,56810.00,2467.44,113.30,294.80
2023-01-16,57044.00,2467.59,113.30,231.28
2023-01-17,57270.00,2467.74,113.30,227.24
2023-01-18,57555.00,2467.93,106.22,249.91
2023-01-19,57735.00,2468.05,101.70,192.45
2023-01-20,57857.73,2468.13,101.70,163.58
2023-01-21,58045.00,2468.25,101.70,196.12
2023-01-22,58135.04,2468.31,101.70,147.10
2023-01-23,58225.26,2468.37,101.70,147.19
2023-01-24,58285.00,2468.41,101.70,131.82
2023-01-25,58360.00,2468.46,101.70,139.51
2023-01-26,58420.00,2468.50,101.70,131.95
2023-01-27,58624.74,2468.63,101.70,204.92
2023-01-28,58699.93,2468.68,101.70,139.61
2023-01-29,58775.00,2468.73,102.83,140.68
2023-01-30,58835.00,2468.77,102.83,133.08
2023-01-31,58896.04,2468.81,101.70,132.47
2023-02-01,58912.08,2468.82,101.70,109.79
2023-02-02,58944.16,2468.84,101.70,117.87
2023-02-03,59007.92,2468.88,101.70,133.85
2023-02-04,59055.00,2468.91,101.70,125.44
2023-02-05,59145.00,2468.97,101.70,147.08
2023-02-06,59250.00,2469.04,102.83,155.77
2023-02-07,59580.00,2469.25,102.83,269.21
2023-02-08,59779.93,2469.38,102.83,203.63
2023-02-09,59885.00,2469.45,100.57,153.54
2023-02-10,60008.00,2469.53,99.44,161.45
2023-02-11,60072.00,2469.57,99.44,131.71
2023-02-12,60167.73,2469.63,99.44,147.70
2023-02-13,60475.11,2469.83,99.44,254.41
2023-02-14,60549.93,2469.88,99.44,137.16
2023-02-15,60612.00,2469.92,99.44,130.73
2023-02-16,60692.00,2469.97,99.44,139.77
2023-02-17,60756.00,2470.01,99.44,131.71
2023-02-18,60836.00,2470.06,99.44,139.77
2023-02-19,60974.82,2470.15,99.44,169.43
2023-02-20,61400.00,2470.42,101.70,316.06
2023-02-21,61952.00,2470.77,102.83,381.13
2023-02-22,62214.00,2470.94,101.70,233.79
2023-02-23,62390.00,2471.05,101.70,190.43
2023-02-24,62533.77,2471.14,101.70,174.18
2023-02-25,62646.00,2471.21,101.70,158.28
2023-02-26,62854.16,2471.34,101.70,206.65
2023-02-27,62950.00,2471.40,101.70,150.02
2023-02-28,63025.00,2471.45,101.70,139.51
2023-03-01,63070.00,2471.48,100.57,123.26
2023-03-02,63180.00,2471.55,100.57,156.03
2023-03-03,63292.08,2471.62,101.70,158.21
2023-03-04,63307.73,2471.63,101.70,109.59
2023-03-05,63323.77,2471.64,101.70,109.79
2023-03-06,63307.73,2471.63,101.70,93.61
2023-03-07,63307.73,2471.63,101.70,101.70
2023-03-08,63307.73,2471.63,101.70,101.70
2023-03-09,63276.04,2471.61,101.70,85.72
2023-03-10,63292.08,2471.62,101.70,109.79
2023-03-11,63276.04,2471.61,101.70,93.61
2023-03-12,63276.04,2471.61,101.70,101.70
2023-03-13,63323.77,2471.64,101.70,125.76
2023-03-14,63307.73,2471.63,101.70,93.61
2023-03-15,63307.73,2471.63,101.70,101.70
2023-03-16,63276.04,2471.61,101.70,85.72
2023-03-17,63244.00,2471.59,101.70,85.55
2023-03-18,63212.00,2471.57,101.70,85.57
2023-03-19,63196.00,2471.56,101.70,93.63
2023-03-20,63196.00,2471.56,101.70,101.70
2023-03-21,63196.00,2471.56,101.70,101.70
2023-03-22,63196.00,2471.56,102.83,102.83
2023-03-23,63276.04,2471.61,102.83,143.18
2023-03-24,63323.77,2471.64,102.83,126.89
2023-03-25,63355.84,2471.66,102.83,119.00
2023-03-26,63355.84,2471.66,102.83,102.83
2023-03-27,63323.77,2471.64,102.83,86.66
2023-03-28,63339.80,2471.65,102.83,110.91
2023-03-29,63339.80,2471.65,102.83,102.83
2023-03-30,63355.84,2471.66,102.83,110.92
2023-03-31,63436.00,2471.71,102.83,143.24
2023-04-01,63548.00,2471.78,102.83,159.30
2023-04-02,63564.00,2471.79,102.83,110.90
2023-04-03,63548.00,2471.78,102.83,94.76
2023-04-04,63548.00,2471.78,102.83,102.83
2023-04-05,63532.00,2471.77,102.83,94.76
2023-04-06,63548.00,2471.78,102.83,110.90
2023-04-07,63148.00,2471.53,336.10,134.43
2023-04-08,62694.00,2471.24,406.95,178.06
2023-04-09,62438.00,2471.08,416.55,287.48
2023-04-10,62597.92,2471.18,373.37,454.00
2023-04-11,63025.00,2471.45,193.74,409.06
2023-04-12,63468.00,2471.73,105.09,328.44
2023-04-13,63820.00,2471.95,103.96,281.43
2023-04-14,64107.73,2472.13,103.96,249.02
2023-04-15,64412.08,2472.32,103.96,257.40
2023-04-16,64717.00,2472.51,103.96,257.69
2023-04-17,64965.84,2472.66,103.96,229.42
2023-04-18,65046.00,2472.71,180.02,220.43
2023-04-19,64785.00,2472.55,354.17,222.58
2023-04-20,64252.00,2472.22,530.79,262.07
2023-04-21,64012.00,2472.07,352.17,231.17
2023-04-22,63996.00,2472.06,217.41,209.34
2023-04-23,64123.77,2472.14,214.09,278.51
2023-04-24,64507.92,2472.38,166.31,359.99
2023-04-25,65046.00,2472.71,115.76,387.04
2023-04-26,65737.75,2473.14,103.96,452.72
2023-04-27,66861.13,2473.83,103.96,670.33
2023-04-28,68508.12,2474.83,105.09,935.45
2023-04-29,70613.00,2476.09,105.09,1166.30
2023-04-30,72983.00,2477.49,106.22,1301.10
2023-05-01,74967.75,2478.64,105.09,1105.74
2023-05-02,76747.82,2479.66,102.83,1000.28
2023-05-03,79308.05,2481.11,102.83,1393.61
2023-05-04,82189.00,2482.71,103.96,1556.44
2023-05-05,84341.91,2483.88,105.09,1190.52
2023-05-06,85908.00,2484.72,105.09,894.66
2023-05-07,87180.00,2485.40,106.22,747.52
2023-05-08,88443.00,2486.07,106.22,742.98
2023-05-09,89630.95,2486.69,103.96,702.89
2023-05-10,90781.00,2487.29,102.83,682.65
2023-05-11,91989.00,2487.91,107.35,716.38
2023-05-12,93235.00,2488.55,229.03,857.22
2023-05-13,94859.90,2489.38,281.89,1101.11
2023-05-14,97170.00,2490.54,207.45,1372.13
2023-05-15,99930.00,2491.91,123.14,1514.64
2023-05-16,102612.00,2493.22,109.61,1461.79
2023-05-17,105048.95,2494.39,109.61,1338.24
2023-05-18,107292.00,2495.46,189.17,1320.04
2023-05-19,109280.00,2496.40,272.20,1274.48
2023-05-20,111116.00,2497.26,277.88,1203.53
2023-05-21,112500.00,2497.90,283.90,981.67
2023-05-22,113171.00,2498.21,418.95,757.25
2023-05-23,113213.00,2498.23,604.46,625.64
2023-05-24,112886.00,2498.08,731.04,566.18
2023-05-25,112542.00,2497.92,759.86,586.43
2023-05-26,112258.00,2497.79,722.61,579.43
2023-05-27,112017.90,2497.68,711.37,590.32
2023-05-28,111766.00,2497.56,711.37,584.37
2023-05-29,111442.00,2497.41,711.37,548.02
2023-05-30,111032.00,2497.22,708.56,501.85
2023-05-31,110455.00,2496.95,708.56,417.66
2023-06-01,109772.64,2496.63,725.42,381.40
2023-06-02,108881.00,2496.21,816.16,366.62
2023-06-03,107968.00,2495.78,851.35,391.05
2023-06-04,107013.16,2495.33,844.31,362.91
2023-06-05,105963.16,2494.83,875.98,346.60
2023-06-06,104902.10,2494.32,893.58,358.63
2023-06-07,103820.00,2493.80,890.06,344.50
2023-06-08,102570.00,2493.20,993.24,363.03
2023-06-09,101340.00,2492.60,1054.19,434.06
2023-06-10,100010.00,2491.95,1047.02,376.48
2023-06-11,98595.00,2491.25,1036.27,322.87
2023-06-12,97170.00,2490.54,1039.85,321.41
2023-06-13,95671.00,2489.79,1072.12,316.37
2023-06-14,94034.00,2488.96,1107.97,282.65
2023-06-15,92360.00,2488.10,1107.97,263.99
2023-06-16,90705.00,2487.25,1100.80,266.40
2023-06-17,89050.95,2486.39,1093.63,259.71
2023-06-18,87427.00,2485.53,1082.88,264.14
2023-06-19,85812.86,2484.67,1072.12,258.32
2023-06-20,84209.05,2483.81,1072.12,263.53
2023-06-21,82612.00,2482.94,1068.53,263.35
2023-06-22,80936.00,2482.02,1093.63,248.65
2023-06-23,79218.00,2481.06,1104.39,238.23
2023-06-24,77520.00,2480.10,1093.63,237.55
2023-06-25,75778.05,2479.11,1111.56,233.33
2023-06-26,73979.00,2478.07,1144.43,237.41
2023-06-27,72133.00,2476.99,1159.04,228.35
2023-06-28,70426.00,2475.98,1079.29,218.68
2023-06-29,68926.00,2475.08,953.80,197.55
2023-06-30,67623.00,2474.29,851.35,194.42
2023-07-01,66456.00,2473.58,733.85,145.49
2023-07-02,65414.00,2472.94,669.20,143.86
2023-07-03,64396.04,2472.31,652.34,139.12
2023-07-04,63403.96,2471.69,643.90,143.73
2023-07-05,62390.00,2471.05,641.09,129.88
2023-07-06,61400.00,2470.42,632.66,133.53
2023-07-07,60400.00,2469.78,627.04,122.87
2023-07-08,59403.77,2469.14,624.23,121.96
2023-07-09,58452.00,2468.52,615.79,135.94
2023-07-10,57420.15,2467.84,635.47,115.25
2023-07-11,56359.78,2467.14,643.90,109.30
2023-07-12,55358.00,2466.47,638.28,133.22
2023-07-13,54318.00,2465.77,643.90,119.57
2023-07-14,53270.00,2465.06,643.90,115.53
2023-07-15,52244.21,2464.36,638.28,121.11
2023-07-16,51223.86,2463.66,627.04,112.61
2023-07-17,50172.00,2462.93,632.66,102.35
2023-07-18,49130.00,2462.20,638.28,112.94
2023-07-19,48078.00,2461.47,641.09,110.71
2023-07-20,47025.00,2460.73,638.28,107.39
2023-07-21,45962.00,2459.98,635.47,99.54
2023-07-22,44916.00,2459.24,632.66,105.30
2023-07-23,43880.00,2458.50,627.04,104.72
2023-07-24,42844.00,2457.76,627.04,104.72
2023-07-25,41916.00,2457.09,584.63,116.76
2023-07-26,41072.00,2456.48,513.79,88.27
2023-07-27,40326.00,2455.94,454.93,78.82
2023-07-28,39629.00,2455.43,430.94,79.54
2023-07-29,38928.00,2454.92,428.54,75.12
2023-07-30,38262.00,2454.43,423.74,87.96
2023-07-31,37544.00,2453.91,426.14,64.15
2023-08-01,36823.94,2453.38,440.54,77.51
2023-08-02,36092.13,2452.84,442.94,73.99
2023-08-03,35373.03,2452.31,447.73,85.18
2023-08-04,34624.00,2451.76,450.13,72.49
2023-08-05,33909.00,2451.23,450.13,89.65
2023-08-06,33185.96,2450.69,454.93,90.40
2023-08-07,32418.07,2450.12,457.33,70.19
2023-08-08,31681.00,2449.57,459.73,88.12
2023-08-09,30933.00,2449.01,459.73,82.61
2023-08-10,30176.00,2448.44,462.13,80.48
2023-08-11,29404.21,2447.86,466.93,77.82
2023-08-12,28621.00,2447.27,479.79,84.92
2023-08-13,27794.84,2446.65,488.29,71.77
2023-08-14,27008.00,2446.06,482.62,85.92
2023-08-15,26205.00,2445.45,479.79,74.94
2023-08-16,25428.19,2444.86,474.12,82.48
2023-08-17,24648.00,2444.27,469.32,75.97
2023-08-18,23847.87,2443.66,464.53,61.13
2023-08-19,23097.00,2443.09,457.33,78.77
2023-08-20,22348.00,2442.52,447.73,70.11
2023-08-21,21631.00,2441.97,442.94,81.45
2023-08-22,20867.00,2441.39,435.74,50.56
2023-08-23,20178.00,2440.86,411.75,64.38
2023-08-24,19593.00,2440.41,375.77,80.83
2023-08-25,19151.00,2440.07,336.10,113.26
2023-08-26,18617.00,2439.66,291.93,22.70
2023-08-27,18137.00,2439.29,245.64,3.64
2023-08-28,17708.00,2438.96,212.43,-3.86
2023-08-29,17370.00,2438.70,176.98,6.57
2023-08-30,17144.00,2438.52,151.07,37.13
2023-08-31,16977.00,2438.39,128.06,43.86
2023-09-01,16886.00,2438.32,103.96,58.08
2023-09-02,16769.00,2438.23,91.53,32.54
2023-09-03,16664.00,2438.15,89.26,36.32
2023-09-04,16509.00,2438.03,88.13,9.98
2023-09-05,16418.00,2437.96,88.13,42.25
2023-09-06,16327.00,2437.89,84.74,38.86
2023-09-07,16236.00,2437.82,82.48,36.60
2023-09-08,16119.00,2437.73,82.48,23.49
2023-09-09,16001.00,2437.64,80.22,20.73
2023-09-10,15885.00,2437.55,80.22,21.74
2023-09-11,15796.00,2437.48,80.22,35.35
2023-09-12,15712.00,2437.41,80.22,37.87
2023-09-13,15609.00,2437.31,80.22,28.29
2023-09-14,15505.00,2437.25,80.22,27.79
2023-09-15,15453.00,2437.21,80.22,54.00
2023-09-16,15387.00,2437.16,79.09,45.81
2023-09-17,15245.00,2437.05,79.09,7.50
2023-09-18,15089.00,2436.93,80.22,1.57
2023-09-19,14998.00,2436.86,81.35,35.47
2023-09-20,14921.00,2436.80,81.35,42.53
2023-09-21,14829.00,2436.73,79.09,32.71
2023-09-22,14724.00,2436.65,76.83,23.89
2023-09-23,14600.00,2436.55,76.83,14.31
2023-09-24,14564.00,2436.52,77.66,59.51
2023-09-25,14527.00,2436.49,79.04,60.38
2023-09-26,14514.00,2436.48,79.66,73.11
2023-09-27,14501.00,2436.47,79.94,73.39
2023-09-28,14540.00,2436.50,79.66,99.33
2023-09-29,14540.00,2436.50,79.66,79.66
2023-09-30,14475.00,2436.45,79.40,46.63
2023-10-01,14383.00,2436.38,78.66,32.27
2023-10-02,14371.00,2436.37,78.66,72.61
2023-10-03,14306.00,2436.32,79.87,47.10
2023-10-04,14241.00,2436.27,80.68,47.91
2023-10-05,14202.00,2436.24,80.68,61.02
2023-10-06,14084.00,2436.15,79.96,20.46
2023-10-07,14007.00,2436.09,79.66,40.84
2023-10-08,13942.00,2436.04,79.62,46.85
2023-10-09,13903.00,2436.01,78.66,59.00
2023-10-10,13890.00,2436.00,78.66,72.10
2023-10-11,13851.00,2435.97,78.66,59.00
2023-10-12,13812.00,2435.94,78.66,59.00
2023-10-13,13695.00,2435.85,78.01,19.02
2023-10-14,13643.00,2435.81,77.66,51.44
2023-10-15,13618.00,2435.79,77.66,65.06
2023-10-16,13618.00,2435.79,77.24,77.24
2023-10-17,13546.00,2435.73,76.91,40.61
2023-10-18,13510.00,2435.70,94.40,76.25
2023-10-19,13418.00,2435.63,110.84,64.46
2023-10-20,13289.00,2435.53,126.83,61.79
2023-10-21,13093.00,2435.38,140.35,41.53
2023-10-22,12906.00,2435.23,139.12,44.84
2023-10-23,12623.00,2435.01,146.50,3.82
2023-10-24,12402.00,2434.84,178.50,67.08
2023-10-25,12190.00,2434.67,172.40,65.52
2023-10-26,11957.00,2434.49,164.79,47.32
2023-10-27,11698.00,2434.29,156.64,26.06
2023-10-28,11498.78,2434.13,142.57,42.13
2023-10-29,11356.00,2434.02,131.43,59.45
2023-10-30,11239.00,2433.93,117.21,58.22
2023-10-31,10963.00,2433.71,102.83,-36.32
2023-11-01,11041.00,2433.77,96.18,135.51
2023-11-02,11421.00,2434.07,99.07,290.65
2023-11-03,11736.06,2434.32,97.23,256.07
2023-11-04,12675.00,2435.05,95.28,568.66
2023-11-05,13510.00,2435.70,94.43,515.41
2023-11-06,14163.00,2436.21,95.77,424.99
2023-11-07,15219.00,2437.03,100.90,633.30
2023-11-08,16027.87,2437.66,104.68,512.49
2023-11-09,16483.00,2438.01,101.83,331.29
2023-11-10,16951.22,2438.37,99.83,335.89
2023-11-11,18059.00,2439.23,104.12,662.63
2023-11-12,18943.00,2439.91,108.46,554.14
2023-11-13,19645.00,2440.45,109.12,463.05
2023-11-14,20126.06,2440.82,105.90,348.43
2023-11-15,20490.00,2441.10,95.31,278.80
2023-11-16,20950.00,2441.45,87.27,319.19
2023-11-17,21306.00,2441.72,85.87,265.35
2023-11-18,21501.22,2441.87,85.87,184.29
2023-11-19,21800.00,2442.10,85.87,236.51
2023-11-20,22008.00,2442.26,85.87,190.74
2023-11-21,22176.97,2442.39,86.73,171.92
2023-11-22,22376.00,2442.54,85.93,186.27
2023-11-23,22473.03,2442.61,107.74,156.66
2023-11-24,22498.78,2442.63,122.41,135.39
2023-11-25,22511.81,2442.64,123.09,129.66
2023-11-26,22498.78,2442.63,122.86,116.29
2023-11-27,22498.78,2442.63,122.36,122.36
2023-11-28,22498.78,2442.63,115.36,115.36
2023-11-29,22486.06,2442.62,108.48,102.07
2023-11-30,22498.78,2442.63,105.06,111.47
2023-12-01,22616.00,2442.72,100.57,159.67
2023-12-02,22798.19,2442.86,100.57,192.42
2023-12-03,22915.00,2442.95,99.44,158.33
2023-12-04,23279.00,2443.23,100.59,284.11
2023-12-05,26930.00,2446.00,110.27,1950.98
2023-12-06,30148.00,2448.42,85.87,1708.28
2023-12-07,32004.03,2449.81,63.54,999.29
2023-12-08,33115.79,2450.64,90.40,650.91
2023-12-09,33961.00,2451.27,91.16,517.29
2023-12-10,35141.81,2452.14,92.90,688.23
2023-12-11,36254.00,2452.96,95.24,655.97
2023-12-12,37074.00,2453.56,96.05,509.47
2023-12-13,37726.00,2454.04,88.19,416.91
2023-12-14,38234.00,2454.41,78.57,334.69
2023-12-15,38686.00,2454.74,79.09,306.97
2023-12-16,39012.00,2454.98,79.09,243.45
2023-12-17,39333.00,2455.21,79.09,240.93
2023-12-18,39561.93,2455.38,79.09,194.51
2023-12-19,39790.00,2455.55,79.09,194.08
2023-12-20,40042.00,2455.73,79.51,206.56
2023-12-21,40218.19,2455.86,80.22,169.05
2023-12-22,40424.00,2456.01,80.22,183.98
2023-12-23,40578.07,2456.12,80.22,157.90
2023-12-24,40729.00,2456.23,80.22,156.31
2023-12-25,40820.00,2456.30,80.22,126.10
2023-12-26,41016.00,2456.44,80.22,179.04
2023-12-27,41100.00,2456.50,80.22,122.57
2023-12-28,41212.00,2456.58,80.22,136.69
2023-12-29,41323.86,2456.66,81.19,137.59
2023-12-30,41471.00,2456.77,81.35,155.53
2023-12-31,41621.93,2456.88,81.35,157.44
2024-01-01,41720.00,2456.95,81.35,130.79
2024-01-02,41888.00,2457.07,81.35,166.05
2024-01-03,42041.93,2457.18,81.35,158.96
2024-01-04,42238.07,2457.32,81.61,180.50
2024-01-05,42402.00,2457.44,82.48,165.13
2024-01-06,42675.79,2457.64,82.48,220.52
2024-01-07,42802.00,2457.73,82.48,146.11
2024-01-08,43040.00,2457.90,82.48,202.47
2024-01-09,43292.00,2458.08,82.48,209.53
2024-01-10,43474.00,2458.21,81.35,173.11
2024-01-11,43684.21,2458.36,81.35,187.33
2024-01-12,43684.21,2458.36,82.10,82.10
2024-01-13,43711.93,2458.38,82.48,96.46
2024-01-14,43740.00,2458.40,82.48,96.63
2024-01-15,43768.00,2458.42,82.48,96.60
2024-01-16,43866.00,2458.49,82.48,131.89
2024-01-17,44006.00,2458.59,82.48,153.06
2024-01-18,44061.76,2458.63,82.48,110.59
2024-01-19,44117.90,2458.67,82.48,110.78
2024-01-20,44145.97,2458.69,82.48,96.63
2024-01-21,44202.00,2458.73,82.48,110.73
2024-01-22,44258.00,2458.77,82.48,110.71
2024-01-23,44342.10,2458.83,82.48,124.88
2024-01-24,44510.00,2458.95,81.96,166.61
2024-01-25,44622.00,2459.03,81.35,137.82
2024-01-26,44761.76,2459.13,81.35,151.81
2024-01-27,45182.00,2459.43,81.85,293.72
2024-01-28,46213.86,2460.16,83.09,603.32
2024-01-29,47354.00,2460.96,84.35,659.17
2024-01-30,48339.83,2461.65,85.00,582.02
2024-01-31,49672.00,2462.58,82.48,754.12
2024-02-01,50910.00,2463.44,79.83,703.99
2024-02-02,51870.00,2464.10,80.22,564.22
2024-02-03,52614.03,2464.61,80.22,455.34
2024-02-04,53195.00,2465.01,80.74,373.65
2024-02-05,53725.26,2465.37,81.35,348.69
2024-02-06,54174.89,2465.67,81.35,308.04
2024-02-07,54525.00,2465.91,81.35,257.86
2024-02-08,54840.07,2466.12,81.35,240.20
2024-02-09,55110.00,2466.30,81.35,217.44
2024-02-10,55344.00,2466.46,81.68,199.66
2024-02-11,55624.82,2466.65,82.25,223.83
2024-02-12,55910.15,2466.84,82.48,226.33
2024-02-13,56150.00,2467.00,82.48,203.40
2024-02-14,56330.07,2467.12,82.48,173.27
2024-02-15,56510.00,2467.24,82.48,173.19
2024-02-16,56645.11,2467.33,82.48,150.60
2024-02-17,56780.00,2467.42,82.48,150.49
2024-02-18,56885.00,2467.49,82.48,135.42
2024-02-19,57044.00,2467.59,82.48,162.64
2024-02-20,57194.96,2467.69,82.49,158.60
2024-02-21,57360.00,2467.80,83.32,166.53
2024-02-22,57479.93,2467.88,83.61,144.07
2024-02-23,57600.00,2467.96,83.61,144.15
2024-02-24,57750.00,2468.06,83.72,159.35
2024-02-25,58532.00,2468.57,87.13,481.39
2024-02-26,59310.00,2469.08,89.30,481.54
2024-02-27,59855.00,2469.43,87.17,361.94
2024-02-28,60520.22,2469.86,85.24,420.62
2024-02-29,61306.24,2470.36,83.60,479.89
2024-03-01,61856.00,2470.71,83.61,360.78
2024-03-02,62278.00,2470.98,83.61,296.37
2024-03-03,62630.00,2471.20,83.61,261.08
2024-03-04,62933.96,2471.39,83.61,236.86
2024-03-05,63148.00,2471.53,83.61,191.52
2024-03-06,63355.84,2471.66,83.61,188.40
2024-03-07,63516.00,2471.76,83.61,164.36
2024-03-08,63660.20,2471.85,83.61,156.31
2024-03-09,63820.00,2471.95,83.61,164.18
2024-03-10,63996.00,2472.06,83.61,172.34
2024-03-11,64203.96,2472.19,84.18,189.03
2024-03-12,64444.16,2472.34,84.74,205.84
2024-03-13,64588.00,2472.43,84.74,157.26
2024-03-14,64700.00,2472.50,84.74,141.21
2024-03-15,64836.00,2472.58,85.04,153.61
2024-03-16,64997.92,2472.68,84.88,166.51
2024-03-17,65238.12,2472.83,84.99,206.09
2024-03-18,65687.04,2473.11,84.74,311.07
2024-03-19,66422.00,2473.56,84.74,455.28
2024-03-20,67350.71,2474.13,84.74,552.96
2024-03-21,68248.88,2474.67,80.64,533.47
2024-03-22,69055.84,2475.16,81.35,488.19
2024-03-23,69977.00,2475.71,81.92,546.34
2024-03-24,70834.00,2476.22,82.63,514.70
2024-03-25,71640.00,2476.70,82.48,488.84
2024-03-26,72404.79,2477.15,82.95,468.53
2024-03-27,73214.08,2477.62,80.88,488.90
2024-03-28,73809.00,2477.97,76.83,376.77
2024-03-29,74329.00,2478.27,76.83,339.00
2024-03-30,74756.00,2478.52,76.83,292.11
2024-03-31,75206.00,2478.78,76.83,303.71
2024-04-01,75624.00,2479.02,76.83,287.57
2024-04-02,76205.21,2479.35,77.23,370.26
2024-04-03,77024.08,2479.82,77.96,490.81
2024-04-04,77726.00,2480.22,77.96,431.84
2024-04-05,78274.00,2480.53,77.96,354.24
2024-04-06,78760.00,2480.80,77.96,322.99
2024-04-07,79236.00,2481.07,77.96,317.94
2024-04-08,79776.31,2481.37,78.14,350.55
2024-04-09,80666.31,2481.87,79.09,527.80
2024-04-10,81412.00,2482.28,79.09,455.04
2024-04-11,82097.82,2482.66,79.09,424.86
2024-04-12,82756.00,2483.02,79.09,410.92
2024-04-13,83478.00,2483.41,79.09,443.10
2024-04-14,84380.00,2483.90,79.71,534.47
2024-04-15,85329.00,2484.41,79.91,558.36
2024-04-16,86132.18,2484.84,80.22,485.16
2024-04-17,86620.00,2485.10,143.45,389.39
2024-04-18,86733.81,2485.16,278.80,336.18
2024-04-19,86392.00,2484.98,499.65,327.32
2024-04-20,85908.00,2484.72,612.34,368.32
2024-04-21,85405.00,2484.45,615.79,362.19
2024-04-22,84857.82,2484.16,619.60,343.73
2024-04-23,84323.33,2483.87,623.17,353.70
2024-04-24,83802.00,2483.59,625.78,362.94
2024-04-25,83421.91,2483.38,668.82,477.19
2024-04-26,83180.00,2483.25,709.43,587.47
2024-04-27,83013.81,2483.16,691.75,607.96
2024-04-28,83198.00,2483.26,650.58,743.44
2024-04-29,83346.19,2483.34,564.05,638.76
2024-04-30,83327.14,2483.33,505.29,495.69
2024-05-01,83144.00,2483.23,524.06,431.73
2024-05-02,82774.00,2483.03,584.10,397.56
2024-05-03,82265.00,2482.75,641.94,385.32
2024-05-04,81882.00,2482.54,654.94,461.84
2024-05-05,81648.00,2482.41,652.40,534.42
2024-05-06,81666.00,2482.42,652.34,661.41
2024-05-07,81593.91,2482.38,609.07,572.72
2024-05-08,81522.18,2482.34,521.85,485.69
2024-05-09,81522.18,2482.34,456.85,456.85
2024-05-10,81738.00,2482.46,445.33,554.14
2024-05-11,82396.09,2482.82,445.36,777.15
2024-05-12,83252.00,2483.29,413.65,845.17
2024-05-13,84064.00,2483.73,363.90,773.28
2024-05-14,84674.00,2484.06,354.07,661.61
2024-05-15,85139.04,2484.31,443.49,677.95
2024-05-16,85518.00,2484.51,505.17,696.23
2024-05-17,85644.00,2484.58,527.60,591.13
2024-05-18,85572.00,2484.54,527.90,491.60
2024-05-19,85253.33,2484.37,572.97,412.31
2024-05-20,84750.00,2484.10,647.10,393.34
2024-05-21,84416.00,2483.92,680.48,512.09
2024-05-22,84323.33,2483.87,664.05,617.33
2024-05-23,84010.00,2483.70,636.15,478.18
2024-05-24,83658.00,2483.51,625.60,448.13
2024-05-25,83346.19,2483.34,624.23,467.03
2024-05-26,82938.09,2483.12,639.89,434.14
2024-05-27,82432.18,2482.84,663.99,408.93
2024-05-28,82043.69,2482.63,658.11,462.25
2024-05-29,81792.00,2482.49,643.11,516.22
2024-05-30,81412.00,2482.28,630.05,438.47
2024-05-31,80954.00,2482.03,619.57,388.66
2024-06-01,80522.00,2481.79,617.82,400.02
2024-06-02,80468.00,2481.76,616.32,589.09
2024-06-03,81702.00,2482.44,553.84,1175.98
2024-06-04,83216.00,2483.27,480.32,1243.63
2024-06-05,84398.00,2483.91,438.21,1034.14
2024-06-06,84911.96,2484.19,471.45,730.57
2024-06-07,85139.04,2484.31,493.93,608.42
2024-06-08,85329.00,2484.41,493.96,589.73
2024-06-09,85405.00,2484.45,523.21,561.53
2024-06-10,85348.00,2484.42,549.30,520.56
2024-06-11,85120.00,2484.30,573.38,458.43
2024-06-12,84617.00,2484.03,655.24,401.64
2024-06-13,83784.00,2483.58,778.56,358.59
2024-06-14,82882.00,2483.09,794.06,339.30
2024-06-15,82450.22,2482.85,638.08,420.39
2024-06-16,82008.04,2482.61,569.31,346.38
2024-06-17,81486.09,2482.32,575.48,312.33
2024-06-18,80936.00,2482.02,583.21,305.87
2024-06-19,80396.00,2481.72,581.79,309.54
2024-06-20,79811.96,2481.39,612.14,317.69
2024-06-21,79200.00,2481.05,639.57,331.04
2024-06-22,78543.91,2480.68,656.47,325.69
2024-06-23,77834.00,2480.28,653.57,295.66
2024-06-24,77024.08,2479.82,682.82,274.49
2024-06-25,76171.12,2479.33,708.56,278.53
2024-06-26,75312.18,2478.84,713.39,280.34
2024-06-27,74550.00,2478.40,733.91,349.64
2024-06-28,73724.00,2477.92,742.55,326.11
2024-06-29,72812.96,2477.39,752.92,293.60
2024-06-30,71861.12,2476.83,755.87,275.98
2024-07-01,70868.00,2476.24,764.48,263.78
2024-07-02,69807.04,2475.61,772.40,237.50
2024-07-03,68671.00,2474.93,812.68,239.93
2024-07-04,67504.00,2474.22,817.85,229.49
2024-07-05,66304.00,2473.49,819.87,214.87
2024-07-06,65126.00,2472.76,824.34,230.43
2024-07-07,63916.00,2472.01,816.79,206.75
2024-07-08,62678.00,2471.23,822.50,198.34
2024-07-09,61430.00,2470.44,828.85,199.65
2024-07-10,60183.76,2469.64,825.84,197.53
2024-07-11,58896.04,2468.81,827.05,177.82
2024-07-12,57615.00,2467.97,829.47,183.61
2024-07-13,56344.74,2467.13,830.24,189.82
2024-07-14,55065.00,2466.27,827.89,182.69
2024-07-15,53785.00,2465.41,822.98,177.65
2024-07-16,52510.00,2464.54,813.85,171.04
2024-07-17,51251.93,2463.68,803.81,169.53
2024-07-18,50010.07,2462.82,798.61,172.50
2024-07-19,48742.00,2461.93,800.88,161.56
2024-07-20,47480.00,2461.05,794.02,157.76
2024-07-21,46255.97,2460.19,780.35,163.23
2024-07-22,44986.00,2459.29,766.94,126.66
2024-07-23,43740.00,2458.40,754.00,125.81
2024-07-24,42522.00,2457.53,743.11,129.03
2024-07-25,41337.90,2456.67,735.17,138.19
2024-07-26,40153.03,2455.81,723.72,126.35
2024-07-27,38984.00,2454.96,712.66,123.27
2024-07-28,37848.78,2454.13,701.24,128.90
2024-07-29,36733.03,2453.31,689.38,126.86
2024-07-30,35644.00,2452.51,677.84,128.79
2024-07-31,34582.00,2451.73,660.45,125.02
2024-08-01,33535.00,2450.95,636.15,108.29
2024-08-02,32582.00,2450.24,614.58,134.11
2024-08-03,31629.00,2449.53,599.97,119.50
2024-08-04,30678.07,2448.82,589.00,109.57
2024-08-05,29734.03,2448.11,582.92,106.97
2024-08-06,28816.00,2447.42,577.60,114.76
2024-08-07,27899.00,2446.73,561.43,99.11
2024-08-08,27021.00,2446.07,542.74,100.08
2024-08-09,26166.00,2445.42,522.59,91.53
2024-08-10,25363.03,2444.81,506.38,101.55
2024-08-11,24578.00,2444.22,487.94,92.15
2024-08-12,23783.03,2443.61,483.98,83.18
2024-08-13,22967.00,2442.99,481.50,70.09
2024-08-14,22190.00,2442.40,475.33,83.60
2024-08-15,21410.00,2441.80,466.85,73.60
2024-08-16,20593.94,2441.18,455.51,44.08
2024-08-17,19736.00,2440.52,443.64,11.10
2024-08-18,18916.97,2439.89,430.99,18.06
2024-08-19,18228.19,2439.36,418.77,71.51
2024-08-20,17578.19,2438.86,407.03,79.32
2024-08-21,16963.94,2438.38,390.58,80.90
2024-08-22,16326.97,2437.89,366.49,45.35
2024-08-23,15833.00,2437.51,343.17,94.13
2024-08-24,15413.94,2437.18,316.18,104.90
2024-08-25,14985.66,2436.85,279.11,63.19
2024-08-26,14660.00,2436.60,247.21,83.02
2024-08-27,14383.94,2436.38,218.62,79.44
2024-08-28,14046.06,2436.12,213.28,42.93
2024-08-29,13734.00,2435.88,214.27,56.94
2024-08-30,13431.81,2435.64,215.03,62.68
2024-08-31,13172.00,2435.44,197.90,66.91
2024-09-01,12966.00,2435.28,141.72,37.86
2024-09-02,12843.94,2435.18,116.54,55.00
2024-09-03,12727.00,2435.09,105.04,46.08
2024-09-04,12636.00,2435.02,94.09,48.21
2024-09-05,12532.00,2434.94,88.10,35.67
2024-09-06,12428.19,2434.86,85.70,33.36
2024-09-07,12363.03,2434.81,83.00,50.15
2024-09-08,12314.00,2434.77,80.77,56.05
2024-09-09,12254.00,2434.72,78.82,48.57
2024-09-10,12203.94,2434.68,76.93,51.69
2024-09-11,12126.06,2434.62,75.15,35.89
2024-09-12,11996.00,2434.52,76.90,11.33
2024-09-13,11892.00,2434.44,79.30,26.87
2024-09-14,11853.00,2434.41,77.62,57.96
2024-09-15,11775.16,2434.35,76.24,37.00
2024-09-16,11686.00,2434.28,76.25,31.30
2024-09-17,11614.00,2434.22,78.23,41.93
2024-09-18,11498.78,2434.13,77.42,19.33
2024-09-19,11330.00,2434.00,78.47,-6.62
2024-09-20,11239.00,2433.93,78.40,32.52
2024-09-21,11213.00,2433.91,76.08,62.97
2024-09-22,11128.12,2433.84,74.12,31.33
2024-09-23,11054.00,2433.78,75.83,38.46
2024-09-24,10976.00,2433.72,78.45,39.12
2024-09-25,10858.78,2433.63,78.74,19.64
2024-09-26,10784.00,2433.57,80.92,43.22
2024-09-27,10724.00,2433.52,78.74,48.49
2024-09-28,10687.00,2433.49,76.32,57.67
2024-09-29,10609.00,2433.43,77.96,38.63
2024-09-30,10492.13,2433.34,78.63,19.71
2024-10-01,10401.00,2433.27,77.41,31.47
2024-10-02,10285.94,2433.18,77.45,19.44
2024-10-03,10138.00,2433.06,80.09,5.50
2024-10-04,10099.00,2433.03,78.74,59.08
2024-10-05,10086.00,2433.02,78.15,71.60
2024-10-06,9969.00,2432.93,77.87,18.88
2024-10-07,9917.97,2432.89,76.13,50.40
2024-10-08,9858.12,2432.84,77.81,47.64
2024-10-09,9822.03,2432.81,73.49,55.29
2024-10-10,9745.00,2432.75,71.44,32.60
2024-10-11,9640.90,2432.67,69.37,16.89
2024-10-12,9588.78,2432.63,67.44,41.16
2024-10-13,9550.00,2432.60,71.68,52.13
2024-10-14,9472.00,2432.54,74.38,35.05
2024-10-15,9384.00,2432.47,74.04,29.67
2024-10-16,9336.00,2432.43,75.40,51.20
2024-10-17,9312.00,2432.41,79.14,67.04
2024-10-18,9300.00,2432.40,79.80,73.75
2024-10-19,9235.16,2432.35,88.22,55.53
2024-10-20,9235.16,2432.35,116.43,116.43
2024-10-21,9222.13,2432.34,128.68,122.11
2024-10-22,9170.00,2432.30,129.43,103.15
2024-10-23,8944.06,2432.12,155.44,41.53
2024-10-24,8588.12,2431.84,201.72,22.27
2024-10-25,8423.00,2431.71,186.06,102.81
2024-10-26,8232.00,2431.56,182.34,86.04
2024-10-27,8331.81,2431.64,192.36,242.68
2024-10-28,8540.00,2431.80,221.41,326.37
2024-10-29,8564.06,2431.82,206.31,218.44
2024-10-30,8552.03,2431.81,189.83,183.76
2024-10-31,8612.18,2431.86,174.55,204.88
2024-11-01,8712.00,2431.94,165.18,215.51
2024-11-02,8944.06,2432.12,163.94,280.94
2024-11-03,9118.00,2432.26,165.90,253.59
2024-11-04,9524.00,2432.58,167.83,372.52
2024-11-05,9905.94,2432.88,165.61,358.17
2024-11-06,10008.00,2432.96,158.07,209.53
2024-11-07,10125.00,2433.05,151.56,210.55
2024-11-08,10177.00,2433.09,148.66,174.88
2024-11-09,10261.88,2433.16,146.96,189.75
2024-11-10,10375.00,2433.25,145.60,202.63
2024-11-11,10609.00,2433.43,145.27,263.25
2024-11-12,11028.00,2433.76,149.71,360.96
2024-11-13,11723.03,2434.31,159.37,509.78
2024-11-14,12376.06,2434.82,166.04,495.28
2024-11-15,12817.87,2435.16,164.36,387.11
2024-11-16,13315.00,2435.55,160.52,411.16
2024-11-17,13916.00,2436.02,132.41,435.41
2024-11-18,14673.03,2436.61,98.98,480.65
2024-11-19,15297.00,2437.09,85.87,400.46
2024-11-20,15712.00,2437.41,85.99,295.22
2024-11-21,16001.81,2437.64,95.29,241.40
2024-11-22,16301.22,2437.87,102.32,253.27
2024-11-23,16587.00,2438.09,98.31,242.39
2024-11-24,16886.06,2438.32,99.07,249.85
2024-11-25,17180.00,2438.55,99.44,247.63
2024-11-26,17370.00,2438.70,108.95,204.74
2024-11-27,17422.00,2438.74,124.37,150.59
2024-11-28,17513.03,2438.81,126.83,172.72
2024-11-29,17603.94,2438.88,130.52,176.35
2024-11-30,17630.00,2438.90,134.20,147.34
2024-12-01,17603.94,2438.88,137.89,124.75
2024-12-02,17591.22,2438.87,140.35,133.94
2024-12-03,17565.16,2438.85,141.36,128.22
2024-12-04,17539.10,2438.83,140.98,127.84
2024-12-05,17461.00,2438.77,140.35,100.97
2024-12-06,17396.00,2438.72,140.35,107.58
2024-12-07,17747.00,2438.99,140.45,317.41
2024-12-08,17980.90,2439.17,141.63,259.55
2024-12-09,18228.19,2439.36,136.39,261.07
2024-12-10,18423.00,2439.51,115.02,213.24
2024-12-11,18604.84,2439.65,101.72,193.40
2024-12-12,18722.00,2439.74,101.70,160.77
2024-12-13,18761.00,2439.77,99.80,119.46
2024-12-14,18878.19,2439.86,97.15,156.23
2024-12-15,19138.00,2440.06,97.15,228.14
2024-12-16,19411.00,2440.27,97.18,234.82
2024-12-17,19891.81,2440.64,97.39,339.80
2024-12-18,20386.00,2441.02,102.11,351.26
2024-12-19,20880.00,2441.40,102.83,351.89
2024-12-20,21319.00,2441.73,102.83,324.16
2024-12-21,21696.00,2442.02,103.18,293.25
2024-12-22,22203.00,2442.41,104.21,359.82
2024-12-23,22681.00,2442.77,105.36,346.35
2024-12-24,23187.87,2443.16,107.01,362.56
2024-12-25,23718.00,2443.56,107.75,375.02
2024-12-26,24225.00,2443.95,109.04,364.65
2024-12-27,24742.13,2444.34,110.82,371.54
2024-12-28,25675.00,2445.05,113.41,583.73
2024-12-29,26628.00,2445.77,116.61,597.08
2024-12-30,27343.03,2446.31,108.68,469.17
2024-12-31,27873.00,2446.71,98.31,365.50
2025-01-01,28273.00,2447.01,98.31,299.98
2025-01-02,28634.00,2447.28,98.31,280.31
2025-01-03,28934.00,2447.51,98.31,249.56
2025-01-04,29163.94,2447.68,98.59,214.52
2025-01-05,29512.00,2447.94,99.44,274.92
2025-01-06,29681.00,2448.07,99.44,184.64
2025-01-07,29845.97,2448.19,99.44,182.61
2025-01-08,30016.06,2448.32,99.44,185.19
2025-01-09,30162.00,2448.43,100.02,173.60
2025-01-10,30493.94,2448.68,102.11,269.46
2025-01-11,30803.00,2448.91,102.78,258.60
2025-01-12,31024.00,2449.08,103.96,215.38
2025-01-13,31229.00,2449.23,103.96,207.31
2025-01-14,31390.17,2449.35,105.09,186.35
2025-01-15,31564.00,2449.48,101.05,188.69
2025-01-16,31694.00,2449.58,98.77,164.31
2025-01-17,31831.93,2449.68,98.31,167.85
2025-01-18,31925.00,2449.75,98.31,145.23
2025-01-19,31990.00,2449.80,98.31,131.08
2025-01-20,32088.24,2449.87,98.31,147.84
2025-01-21,32143.00,2449.91,98.31,125.92
2025-01-22,32182.00,2449.94,98.31,117.97
2025-01-23,32208.00,2449.96,98.31,111.42
2025-01-24,32273.00,2450.01,98.31,131.08
2025-01-25,32273.00,2450.01,98.31,98.31
2025-01-26,32286.00,2450.02,98.31,104.86
2025-01-27,32299.00,2450.03,98.31,104.86
2025-01-28,32299.00,2450.03,98.31,98.31
2025-01-29,32312.00,2450.04,98.31,104.86
2025-01-30,32351.00,2450.07,98.31,117.97
2025-01-31,32515.97,2450.19,98.31,181.48
2025-02-01,32556.00,2450.22,98.31,118.49
2025-02-02,32569.00,2450.23,98.31,104.86
2025-02-03,32569.00,2450.23,98.31,98.31
2025-02-04,32569.00,2450.23,98.31,98.31
2025-02-05,32569.00,2450.23,98.31,98.31
2025-02-06,32543.00,2450.21,98.31,85.20
2025-02-07,32501.93,2450.18,98.31,77.60
2025-02-08,32530.00,2450.20,98.31,112.46
2025-02-09,32556.00,2450.22,98.31,111.42
2025-02-10,32608.00,2450.26,98.31,124.53
2025-02-11,32582.00,2450.24,125.02,111.91
2025-02-12,32487.90,2450.17,157.83,110.39
2025-02-13,32377.00,2450.09,138.43,82.52
2025-02-14,32286.00,2450.02,130.63,84.75
2025-02-15,32169.00,2449.93,129.29,70.30
2025-02-16,32156.00,2449.92,129.29,122.74
2025-02-17,32115.97,2449.89,129.29,109.11
2025-02-18,32032.10,2449.83,119.67,77.39
2025-02-19,32018.07,2449.82,110.47,103.40
2025-02-20,31977.00,2449.79,108.48,87.77
2025-02-21,31977.00,2449.79,108.48,108.48
2025-02-22,32130.00,2449.90,107.72,184.86
2025-02-23,33252.00,2450.74,110.64,676.32
2025-02-24,34596.00,2451.74,114.53,792.13
2025-02-25,35644.00,2452.51,115.62,643.99
2025-02-26,36436.00,2453.09,106.18,505.48
2025-02-27,37116.00,2453.59,88.35,431.18
2025-02-28,37670.00,2454.00,80.43,359.74
2025-03-01,38220.00,2454.40,80.22,357.51
2025-03-02,38783.03,2454.81,79.09,362.95
2025-03-03,39398.00,2455.26,79.90,389.95
2025-03-04,40042.00,2455.73,80.22,404.90
2025-03-05,40536.00,2456.09,80.22,329.28
2025-03-06,40988.00,2456.42,80.22,308.10
2025-03-07,41393.00,2456.71,80.22,284.41
2025-03-08,41748.00,2456.97,80.56,259.54
2025-03-09,42041.93,2457.18,81.35,229.54
2025-03-10,42350.00,2457.40,81.45,236.77
2025-03-11,42634.03,2457.61,82.48,225.68
2025-03-12,42942.10,2457.83,83.02,238.34
2025-03-13,43278.00,2458.07,82.14,251.49
2025-03-14,43516.00,2458.24,80.22,200.21
2025-03-15,43880.00,2458.50,80.22,263.74
2025-03-16,44131.93,2458.68,80.22,207.23
2025-03-17,44342.10,2458.83,81.35,187.31
2025-03-18,44524.00,2458.96,80.76,172.47
2025-03-19,44706.00,2459.09,80.56,172.32
2025-03-20,44930.00,2459.25,80.42,193.35
2025-03-21,45325.00,2459.53,81.96,281.11
2025-03-22,45640.00,2459.75,82.51,241.32
2025-03-23,46728.00,2460.52,85.13,633.66
2025-03-24,50010.07,2462.82,97.63,1752.34
2025-03-25,53195.00,2465.01,80.37,1686.11
2025-03-26,55925.18,2466.85,73.58,1450.05
2025-03-27,59483.96,2469.19,77.98,1872.20
2025-03-28,61759.80,2470.65,74.96,1222.36
2025-03-29,63307.72,2471.63,74.07,854.48
2025-03-30,64460.20,2472.35,73.80,654.84
2025-03-31,65430.00,2472.95,73.67,562.61
2025-04-01,66240.00,2473.45,74.03,482.41
2025-04-02,66929.29,2473.87,74.04,421.56
2025-04-03,67521.00,2474.23,74.04,372.36
2025-04-04,68028.00,2474.54,74.04,329.65
2025-04-05,68524.16,2474.84,74.04,324.19
2025-04-06,69087.92,2475.18,74.04,358.27
2025-04-07,70113.00,2475.79,74.66,591.47
2025-04-08,71520.71,2476.63,75.86,785.58
2025-04-09,72745.21,2477.35,76.83,694.18
2025-04-10,73894.00,2478.02,76.99,656.17
2025-04-11,75087.00,2478.71,76.83,678.30
2025-04-12,76084.00,2479.28,76.83,579.48
2025-04-13,76871.00,2479.73,76.83,473.61
2025-04-14,77554.08,2480.12,76.83,421.22
2025-04-15,78238.00,2480.51,76.83,421.64
2025-04-16,79020.00,2480.95,76.83,471.09
2025-04-17,79811.96,2481.39,76.83,476.11
2025-04-18,80594.13,2481.83,76.48,470.82
2025-04-19,81412.00,2482.28,75.89,488.23
2025-04-20,82360.00,2482.80,75.70,553.65
2025-04-21,83270.00,2483.30,75.70,534.49
2025-04-22,84010.00,2483.70,75.70,448.78
2025-04-23,84617.00,2484.03,94.32,400.35
2025-04-24,84987.00,2484.23,184.47,371.01
2025-04-25,85348.00,2484.42,267.57,449.57
2025-04-26,85908.00,2484.72,270.45,552.78
2025-04-27,86601.00,2485.09,273.83,623.22
2025-04-28,87199.00,2485.41,277.88,579.37
2025-04-29,87912.00,2485.79,282.31,641.78
2025-04-30,88594.77,2486.15,261.53,605.76
2025-05-01,89241.00,2486.49,252.28,578.09
2025-05-02,90010.96,2486.89,301.13,689.32
2025-05-03,90840.10,2487.32,329.54,747.57
2025-05-04,91342.00,2487.58,330.08,583.12
2025-05-05,91539.90,2487.68,374.12,473.89
2025-05-06,91459.70,2487.64,490.27,449.84
2025-05-07,91361.00,2487.59,574.15,524.39
2025-05-08,91323.00,2487.57,572.26,553.10
2025-05-09,91247.00,2487.53,559.13,520.81
2025-05-10,91152.00,2487.48,558.86,510.96
2025-05-11,91000.00,2487.40,558.68,482.05
2025-05-12,90800.00,2487.30,556.71,455.88
2025-05-13,90509.75,2487.15,567.80,421.47
2025-05-14,90201.00,2486.99,585.90,430.24
2025-05-15,89840.00,2486.80,603.01,421.01
2025-05-16,89420.00,2486.58,609.69,397.94
2025-05-17,89146.00,2486.44,608.24,470.10
2025-05-18,88937.14,2486.33,607.29,501.99
2025-05-19,88728.00,2486.22,613.58,508.14
2025-05-20,88272.00,2485.98,702.61,472.71
2025-05-21,87711.91,2485.68,781.30,498.92
2025-05-22,87351.00,2485.49,700.47,518.51
2025-05-23,86990.00,2485.30,619.16,437.16
2025-05-24,86658.09,2485.12,615.79,448.45
2025-05-25,86468.00,2485.02,623.38,527.54
2025-05-26,86278.00,2484.92,629.85,534.06
2025-05-27,85850.96,2484.69,666.54,451.24
2025-05-28,85536.00,2484.52,700.94,542.15
2025-05-29,85215.23,2484.35,715.00,553.28
2025-05-30,84750.00,2484.10,722.61,488.06
2025-05-31,84247.14,2483.83,721.09,467.56
2025-06-01,83640.00,2483.50,730.28,424.18
2025-06-02,82864.00,2483.08,755.00,363.77
2025-06-03,81954.00,2482.58,799.34,340.55
2025-06-04,81026.00,2482.07,826.21,358.34
2025-06-05,80144.00,2481.58,828.26,383.58
2025-06-06,79290.00,2481.10,822.65,392.09
2025-06-07,78471.73,2480.64,819.68,407.14
2025-06-08,77672.96,2480.19,813.56,410.85
2025-06-09,76783.91,2479.68,838.01,389.78
2025-06-10,75692.00,2479.06,887.16,336.66
2025-06-11,74567.00,2478.41,902.08,334.89
2025-06-12,73315.92,2477.68,900.69,269.94
2025-06-13,71980.00,2476.90,909.12,235.59
2025-06-14,70647.04,2476.11,908.28,236.25
2025-06-15,69324.08,2475.32,901.86,234.87
2025-06-16,67912.00,2474.47,908.17,196.25
2025-06-17,66506.04,2473.61,919.24,210.40
2025-06-18,65110.00,2472.75,913.81,209.97
2025-06-19,63707.92,2471.88,899.52,192.64
2025-06-20,62294.00,2470.99,899.26,186.41
2025-06-21,60884.00,2470.09,908.35,197.47
2025-06-22,59435.84,2469.16,908.31,178.20
2025-06-23,57985.00,2468.21,911.39,179.92
2025-06-24,56555.00,2467.27,911.17,190.21
2025-06-25,55330.00,2466.45,845.85,228.25
2025-06-26,54390.07,2465.82,702.32,228.44
2025-06-27,53564.00,2465.26,588.32,171.84
2025-06-28,52725.97,2464.69,574.65,152.14
2025-06-29,51898.07,2464.12,573.71,156.31
2025-06-30,51084.00,2463.56,571.67,161.24
2025-07-01,50256.00,2462.99,569.34,151.89
2025-07-02,49440.00,2462.42,566.68,155.28
2025-07-03,48610.15,2461.84,565.12,146.74
2025-07-04,47770.00,2461.25,559.86,136.28
2025-07-05,46895.79,2460.64,568.39,127.64
2025-07-06,46018.00,2460.02,580.38,137.83
2025-07-07,45111.93,2459.38,583.36,126.55
2025-07-08,44230.00,2458.75,587.52,142.88
2025-07-09,43306.00,2458.09,592.33,126.48
2025-07-10,42350.00,2457.40,600.30,118.32
2025-07-11,41432.00,2456.74,598.35,135.52
2025-07-12,40494.00,2456.06,599.41,126.50
2025-07-13,39534.21,2455.36,603.66,119.77
2025-07-14,38587.90,2454.67,602.22,125.12
2025-07-15,37642.00,2453.98,595.90,119.01
2025-07-16,36733.03,2453.31,589.76,131.49
2025-07-17,35783.03,2452.61,584.39,105.43
2025-07-18,34833.00,2451.91,584.10,105.13
2025-07-19,33883.00,2451.21,581.79,102.83
2025-07-20,32969.00,2450.53,575.92,115.11
2025-07-21,32088.24,2449.87,567.60,123.55
2025-07-22,31203.00,2449.21,557.65,111.34
2025-07-23,30325.00,2448.55,552.87,110.21
2025-07-24,29431.93,2447.88,547.91,97.65
2025-07-25,28338.00,2447.06,538.79,-12.73
2025-07-26,27446.97,2446.39,528.87,79.64
2025-07-27,26656.00,2445.79,523.94,125.16
2025-07-28,25968.00,2445.27,519.52,172.65
2025-07-29,24911.00,2444.47,508.12,-24.78
2025-07-30,24186.00,2443.92,497.26,131.74
2025-07-31,23409.10,2443.33,464.25,72.56
2025-08-01,22823.94,2442.88,439.21,144.19
2025-08-02,22112.13,2442.34,430.54,71.67
2025-08-03,21410.00,2441.80,421.85,67.86
2025-08-04,20978.00,2441.47,385.49,167.69
2025-08-05,20451.00,2441.07,354.47,88.77
2025-08-06,19943.94,2440.68,349.53,93.89
2025-08-07,19515.16,2440.35,327.95,111.77
2025-08-08,19034.00,2439.98,311.80,69.22
2025-08-09,18566.06,2439.62,306.55,70.63
2025-08-10,18085.00,2439.25,301.64,59.11
2025-08-11,17708.00,2438.96,283.63,93.56
2025-08-12,17291.81,2438.64,267.74,57.91
2025-08-13,16899.10,2438.33,260.93,62.94
2025-08-14,16535.00,2438.05,254.34,70.77
2025-08-15,16249.10,2437.83,247.71,103.57
2025-08-16,15937.00,2437.59,241.14,83.79
2025-08-17,15622.13,2437.34,234.36,75.61
2025-08-18,15297.00,2437.09,228.17,64.25
2025-08-19,14972.73,2436.84,224.37,60.88
2025-08-20,14648.00,2436.59,207.33,43.61
2025-08-21,14332.13,2436.34,189.40,30.15
2025-08-22,14007.00,2436.09,182.40,18.48
2025-08-23,13682.13,2435.84,175.25,11.46
2025-08-24,13367.00,2435.59,168.02,9.14
2025-08-25,13093.94,2435.38,146.63,8.96
2025-08-26,12930.00,2435.25,132.77,50.12
2025-08-27,12740.00,2435.10,127.70,31.91
2025-08-28,12597.00,2434.99,123.93,51.83
2025-08-29,12493.00,2434.91,105.43,53.00
2025-08-30,12363.03,2434.81,92.07,26.54
2025-08-31,12266.00,2434.73,89.25,40.33
2025-09-01,12164.84,2434.65,86.51,35.51
2025-09-02,12061.00,2434.57,84.44,32.09
2025-09-03,11996.00,2434.52,85.30,52.53
2025-09-04,11905.00,2434.45,82.32,36.44
2025-09-05,11826.97,2434.39,79.25,39.91
2025-09-06,11749.10,2434.33,75.75,36.49
2025-09-07,11698.00,2434.29,74.23,48.47
2025-09-08,11614.00,2434.22,72.66,30.31
2025-09-09,11550.90,2434.17,71.13,39.32
2025-09-10,11486.06,2434.12,71.25,38.56
2025-09-11,11421.00,2434.07,70.31,37.51
2025-09-12,11343.00,2434.01,69.95,30.62
2025-09-13,11252.00,2433.94,70.19,24.31
2025-09-14,11226.00,2433.92,67.59,54.48
2025-09-15,11104.06,2433.82,69.03,7.55
2025-09-16,11067.00,2433.79,70.58,51.90
2025-09-17,10950.00,2433.70,67.38,8.39
2025-09-18,10897.87,2433.66,67.72,41.44
2025-09-19,10846.06,2433.62,69.71,43.59
2025-09-20,10760.00,2433.55,66.96,23.57
2025-09-21,10748.00,2433.54,64.32,58.27
2025-09-22,10648.00,2433.46,66.22,15.80
2025-09-23,10556.97,2433.39,73.49,27.60
2025-09-24,10466.06,2433.32,74.59,28.76
2025-09-25,10349.00,2433.23,72.94,13.92
2025-09-26,10285.94,2433.18,72.07,40.28
2025-09-27,10202.03,2433.11,76.09,33.79
2025-09-28,10138.00,2433.06,78.94,46.66
2025-09-29,10034.00,2432.98,74.62,22.19
2025-09-30,9956.00,2432.92,71.36,32.03
2025-10-01,9870.15,2432.85,71.74,28.46
2025-10-02,9822.03,2432.81,72.57,48.31
2025-10-03,9706.00,2432.72,78.96,20.46
2025-10-04,9627.87,2432.66,80.42,41.03
2025-10-05,9563.03,2432.61,80.92,48.22
2025-10-06,9485.00,2432.55,78.42,39.08
2025-10-07,9408.00,2432.49,78.80,39.98
2025-10-08,9336.00,2432.43,78.08,41.78
2025-10-09,9312.00,2432.41,77.31,65.21
2025-10-10,9157.00,2432.29,76.81,-1.34
2025-10-11,9144.00,2432.28,73.93,67.38
2025-10-12,9222.13,2432.34,71.87,111.26
2025-10-13,9183.03,2432.31,73.96,54.25
2025-10-14,9092.00,2432.24,75.65,29.75
2025-10-15,9027.97,2432.19,77.38,45.10
2025-10-16,8894.00,2432.08,79.73,12.18
2025-10-17,8829.00,2432.03,77.77,45.00
2025-10-18,8955.79,2432.13,79.67,143.59
2025-10-19,9235.16,2432.35,89.08,229.92
2025-10-20,9348.00,2432.44,94.68,151.57
2025-10-21,9420.00,2432.50,93.80,130.10
2025-10-22,9446.00,2432.52,91.69,104.80
2025-10-23,9408.00,2432.49,88.61,69.45
2025-10-24,9601.81,2432.64,86.47,184.18
2025-10-25,9905.94,2432.88,86.63,239.96
2025-10-26,10214.06,2433.12,91.20,246.54
2025-10-27,10414.00,2433.28,92.57,193.37
2025-10-28,10760.00,2433.55,78.58,253.03
2025-10-29,11067.00,2433.79,79.61,234.39
2025-10-30,11252.00,2433.94,80.82,174.09
2025-10-31,11550.90,2434.17,82.80,233.50
2025-11-01,14711.81,2436.64,91.18,1684.81
2025-11-02,16093.00,2437.71,88.33,784.69
2025-11-03,16821.00,2438.27,81.19,448.22
2025-11-04,17330.90,2438.67,79.17,336.25
2025-11-05,17825.00,2439.05,80.30,329.41
2025-11-06,19566.97,2440.39,83.98,962.22
2025-11-07,21332.00,2441.74,92.16,982.03
2025-11-08,22320.00,2442.50,92.68,590.80
2025-11-09,22915.00,2442.95,93.79,393.77
2025-11-10,23461.22,2443.37,92.03,367.42
2025-11-11,23886.97,2443.69,91.28,305.92
2025-11-12,24212.00,2443.94,89.22,253.09
2025-11-13,24793.94,2444.38,83.36,376.76
2025-11-14,26257.00,2445.49,80.94,818.57
2025-11-15,27886.00,2446.72,83.18,904.46
2025-11-16,28855.00,2447.45,85.19,573.73
2025-11-17,29564.00,2447.98,83.84,441.29
2025-11-18,30068.19,2448.36,81.56,335.76
2025-11-19,30467.87,2448.66,82.48,283.99
2025-11-20,30816.00,2448.92,81.04,256.56
2025-11-21,31091.76,2449.13,79.09,218.12
2025-11-22,31362.10,2449.33,79.09,215.39
2025-11-23,31668.00,2449.56,79.61,233.83
2025-11-24,32060.17,2449.85,80.36,278.08
2025-11-25,32431.76,2450.13,80.22,267.56
2025-11-26,32674.03,2450.31,80.53,202.67
2025-11-27,32995.00,2450.55,81.35,243.17
2025-11-28,33252.00,2450.74,81.35,210.92
2025-11-29,33509.00,2450.93,81.35,210.92
2025-11-30,33656.00,2451.04,81.35,155.46
2025-12-01,33856.97,2451.19,81.35,182.67
2025-12-02,34056.14,2451.34,82.28,182.70
2025-12-03,34224.00,2451.46,82.48,167.11
2025-12-04,34410.00,2451.60,82.72,176.49
2025-12-05,34978.00,2452.02,84.19,370.56
2025-12-06,36720.00,2453.30,86.19,964.45
2025-12-07,38861.22,2454.87,90.77,1170.31
2025-12-08,45682.00,2459.78,103.93,3542.74
2025-12-09,52711.93,2464.68,104.34,3648.60
2025-12-10,66160.00,2473.40,107.58,6887.65
2025-12-11,75052.96,2478.69,90.87,4574.40
2025-12-12,78670.00,2480.75,83.74,1907.33
2025-12-13,80522.00,2481.79,90.40,1024.11
2025-12-14,81720.00,2482.45,89.62,693.61
2025-12-15,85424.00,2484.46,94.54,1961.97
2025-12-16,89280.00,2486.51,96.81,2040.88
2025-12-17,94350.09,2489.12,109.87,2666.04
2025-12-18,97190.00,2490.55,103.90,1535.69
2025-12-19,99379.70,2491.64,104.92,1208.89
2025-12-20,100887.90,2492.38,101.70,862.08
2025-12-21,101897.36,2492.87,100.08,609.01
2025-12-22,102738.00,2493.28,99.06,522.88
2025-12-23,103320.00,2493.56,98.31,391.73
2025-12-24,103960.34,2493.87,98.31,421.15
2025-12-25,104523.69,2494.14,98.31,382.33
2025-12-26,105175.00,2494.45,97.91,426.28
2025-12-27,105605.79,2494.66,97.18,314.37
2025-12-28,105921.05,2494.81,97.18,256.12
2025-12-29,106173.00,2494.93,101.77,228.80
2025-12-30,106404.00,2495.04,108.48,224.94
2025-12-31,106592.64,2495.13,108.48,203.59
2026-01-01,106824.00,2495.24,108.48,225.13
2026-01-02,107076.31,2495.36,108.48,235.69
2026-01-03,107380.00,2495.50,108.48,261.59
2026-01-04,107673.69,2495.64,108.48,256.55
2026-01-05,107968.00,2495.78,108.48,256.86
2026-01-06,108409.00,2495.99,108.48,330.82
2026-01-07,108662.05,2496.11,108.48,236.06
2026-01-08,108944.00,2496.24,108.48,250.63
2026-01-09,109112.10,2496.32,108.95,193.71
2026-01-10,109258.95,2496.39,108.48,182.52
2026-01-11,109626.00,2496.56,108.91,293.96
2026-01-12,110413.00,2496.93,110.70,507.49
2026-01-13,111850.00,2497.60,111.96,836.44
2026-01-14,112952.05,2498.11,110.84,666.46
2026-01-15,113756.00,2498.48,110.84,516.17
2026-01-16,114387.00,2498.77,110.84,428.97
2026-01-17,114934.00,2499.02,110.84,386.62
2026-01-18,115330.00,2499.20,110.84,310.50
2026-01-19,115704.38,2499.37,111.73,300.48
2026-01-20,115968.00,2499.49,112.07,244.98
2026-01-21,116209.99,2499.60,112.07,234.08
2026-01-22,116407.95,2499.69,112.07,211.87
2026-01-23,116584.00,2499.77,112.07,200.83
2026-01-24,116716.16,2499.83,112.07,178.70
2026-01-25,116847.95,2499.89,112.07,178.52
2026-01-26,116936.00,2499.93,112.07,156.47
2026-01-27,117024.00,2499.97,112.07,156.44
2026-01-28,117244.00,2500.07,106.95,217.87
2026-01-29,117556.00,2500.22,96.39,253.69
2026-01-30,118002.00,2500.41,96.86,321.72
2026-01-31,118398.00,2500.59,97.18,296.82
2026-02-01,119045.90,2500.88,97.54,424.19
2026-02-02,119848.00,2501.24,98.31,502.70
2026-02-03,120584.00,2501.57,98.31,469.37
2026-02-04,121283.89,2501.88,98.31,451.17
2026-02-05,121933.84,2502.17,98.70,426.38
2026-02-06,122504.00,2502.42,99.44,386.90
2026-02-07,123255.00,2502.75,99.83,478.46
2026-02-08,124027.00,2503.09,100.57,489.78
2026-02-09,124740.01,2503.40,100.57,460.05
2026-02-10,125281.66,2503.64,100.57,373.65
2026-02-11,125742.23,2503.84,100.57,332.77
2026-02-12,126133.00,2504.01,100.57,297.59
2026-02-13,126523.89,2504.18,100.57,297.64
2026-02-14,126823.05,2504.31,100.57,251.40
2026-02-15,127099.00,2504.43,101.45,240.58
2026-02-16,127332.00,2504.53,101.70,219.17
2026-02-17,127546.11,2504.62,101.70,209.65
2026-02-18,127753.00,2504.71,101.70,206.01
2026-02-19,127891.00,2504.77,101.70,171.27
2026-02-20,127983.05,2504.81,101.70,148.11
2026-02-21,128075.28,2504.85,101.70,148.20
2026-02-22,128190.01,2504.90,101.70,159.54
2026-02-23,128374.00,2504.98,101.70,194.46
2026-02-24,128512.00,2505.04,101.70,171.27
2026-02-25,128581.00,2505.07,101.70,136.49
2026-02-26,128698.11,2505.12,101.70,160.75
2026-02-27,128769.71,2505.15,101.70,137.79
2026-02-28,128817.82,2505.17,101.70,125.96
2026-03-01,128890.00,2505.20,101.70,138.09
2026-03-02,128936.00,2505.22,101.70,124.89
2026-03-03,129005.00,2505.25,101.70,136.49
2026-03-04,129326.95,2505.39,102.02,264.34
2026-03-05,129652.00,2505.53,102.81,266.69
2026-03-06,130050.00,2505.70,102.83,303.49
2026-03-07,130681.00,2505.97,102.83,420.96
2026-03-08,132561.00,2506.77,103.58,1051.42
2026-03-09,133978.41,2507.37,103.96,818.58
2026-03-10,134832.00,2507.73,103.96,534.31
2026-03-11,136430.01,2508.40,104.56,910.22
2026-03-12,139056.00,2509.49,110.93,1434.87
2026-03-13,140924.00,2510.26,108.00,1049.78
2026-03-14,141749.99,2510.60,107.35,523.79
2026-03-15,142390.37,2510.86,107.35,430.21
2026-03-16,143320.00,2511.24,107.78,576.47
2026-03-17,145265.00,2512.03,111.79,1092.39
2026-03-18,149645.00,2513.79,116.15,2324.40
2026-03-19,153275.00,2515.23,172.50,2002.63
2026-03-20,159310.00,2517.60,704.52,3747.17
2026-03-21,157770.00,2517.00,1723.29,946.87
2026-03-22,156344.00,2516.44,1822.83,1103.88
2026-03-23,154585.00,2515.75,1763.53,876.70
2026-03-24,153225.00,2515.21,1700.62,1014.95
2026-03-25,151679.99,2514.60,1647.16,868.22
2026-03-26,151380.00,2514.48,1417.43,1266.18
2026-03-27,150170.00,2514.00,1194.72,941.63
2026-03-28,149169.99,2513.60,943.72,1070.71
2026-03-29,148795.00,2513.45,724.81,545.39
2026-03-30,148420.00,2513.30,575.01,535.68
2026-03-31,147670.00,2513.00,408.28,447.61
2026-04-01,147220.12,2512.82,251.64,400.00
2026-04-02,147595.00,2512.97,189.86,378.87
2026-04-03,147845.00,2513.07,189.26,315.30
2026-04-04,148044.69,2513.15,189.21,289.89
2026-04-05,148295.00,2513.25,189.17,315.36
2026-04-06,148745.00,2513.43,189.17,416.04
2026-04-07,149319.75,2513.66,189.20,478.97
2026-04-08,149845.43,2513.87,177.33,442.35
2026-04-09,150394.99,2514.09,142.90,419.97
2026-04-10,150904.00,2514.29,140.56,397.18
2026-04-11,151255.00,2514.43,204.63,381.59
2026-04-12,151605.00,2514.57,224.05,400.51
2026-04-13,152060.00,2514.75,224.05,453.45
2026-04-14,152765.00,2515.03,214.59,570.03
2026-04-15,153575.31,2515.35,185.98,594.51
2026-04-16,154060.00,2515.54,161.74,406.10
2026-04-17,154334.69,2515.65,183.42,321.91
2026-04-18,154560.00,2515.74,209.03,322.62
2026-04-19,154788.19,2515.83,217.41,332.46
2026-04-20,154970.01,2515.90,264.80,356.46
2026-04-21,154434.94,2515.69,482.77,213.01
2026-04-22,154384.82,2515.67,651.52,626.25
2026-04-23,154710.00,2515.80,585.51,749.46
2026-04-24,155095.00,2515.95,348.42,542.53
2026-04-25,155298.00,2516.03,300.57,402.91
2026-04-26,155428.00,2516.08,299.96,365.50
2026-04-27,155324.00,2516.04,338.68,286.24
2026-04-28,155220.00,2516.00,373.37,320.93
2026-04-29,154970.01,2515.90,408.13,282.09
2026-04-30,154660.00,2515.78,462.98,306.68
2026-05-01,154434.94,2515.69,482.62,369.16
2026-05-02,154309.63,2515.64,482.62,419.45
2026-05-03,154284.57,2515.63,482.62,469.99
2026-05-04,153726.01,2515.41,578.37,296.76
2026-05-05,153300.00,2515.24,690.84,476.06
2026-05-06,152790.00,2515.04,689.64,432.51
2026-05-07,152515.00,2514.93,616.00,477.36
2026-05-08,152060.00,2514.75,559.10,329.70
2026-05-09,151530.00,2514.54,558.95,291.74
2026-05-10,150955.06,2514.31,557.27,267.40
2026-05-11,150070.00,2513.96,603.31,157.09
2026-05-12,149344.82,2513.67,634.56,268.95
2026-05-13,149169.99,2513.60,628.59,540.45
2026-05-14,148795.00,2513.45,619.81,430.75
2026-05-15,148395.00,2513.29,615.79,414.13
2026-05-16,147970.12,2513.12,615.79,401.58
2026-05-17,147369.88,2512.88,615.79,313.18
2026-05-18,146705.06,2512.61,614.35,279.17
2026-05-19,146030.25,2512.34,613.08,272.86
2026-05-20,145315.00,2512.05,612.52,251.91
2026-05-21,144625.00,2511.77,611.28,263.40
2026-05-22,143910.00,2511.48,610.13,249.65
2026-05-23,143171.88,2511.18,608.83,236.70
2026-05-24,142415.43,2510.87,607.50,226.12
2026-05-25,141654.00,2510.56,607.29,223.40
2026-05-26,140754.94,2510.19,614.47,161.19
2026-05-27,139906.24,2509.84,621.45,193.56
2026-05-28,139056.00,2509.49,621.42,192.76
2026-05-29,138134.05,2509.11,619.92,155.10
2026-05-30,137077.82,2508.67,618.61,86.09
2026-05-31,136046.00,2508.24,617.84,97.63
2026-06-01,135023.05,2507.81,616.20,100.46
2026-06-02,134001.89,2507.38,650.49,135.65
2026-06-03,132956.00,2506.94,763.53,236.23
2026-06-04,131643.89,2506.38,907.65,246.13
2026-06-05,130211.00,2505.77,906.63,184.21
2026-06-06,128959.00,2505.23,904.10,272.88
2026-06-07,127660.83,2504.67,900.73,246.24
2026-06-08,126317.00,2504.09,898.27,220.76
2026-06-09,125765.28,2503.85,896.25,618.09
2026-06-10,124960.00,2503.50,894.09,488.09
2026-06-11,123866.00,2503.02,900.18,348.62
2026-06-12,122726.00,2502.52,903.92,329.17
2026-06-13,121573.00,2502.01,900.91,319.61
2026-06-14,120342.00,2501.46,898.01,277.38
2026-06-15,119156.00,2500.93,894.94,297.00
2026-06-16,117852.47,2500.36,891.20,234.00
2026-06-17,116518.00,2499.74,887.49,214.70
2026-06-18,115263.84,2499.17,883.76,251.45
2026-06-19,114019.99,2498.60,879.72,252.61
2026-06-20,112776.00,2498.03,874.41,247.23
2026-06-21,111530.00,2497.45,870.89,242.70
2026-06-22,110305.90,2496.88,867.11,249.96
2026-06-23,109091.05,2496.31,874.01,261.52
2026-06-24,107884.00,2495.74,877.12,268.57
2026-06-25,106572.10,2495.12,873.20,211.78
2026-06-26,105300.00,2494.51,868.47,227.12
2026-06-27,103999.96,2493.89,864.11,208.67
2026-06-28,102675.00,2493.25,859.86,191.86
2026-06-29,101340.00,2492.60,855.31,182.25
2026-06-30,99990.00,2491.94,857.36,176.74
2026-07-01,98658.00,2491.28,858.72,187.17
2026-07-02,97330.09,2490.62,853.66,184.18
2026-07-03,95990.00,2489.95,849.37,173.74
2026-07-04,94662.00,2489.28,843.84,174.30
2026-07-05,93349.04,2488.61,838.78,176.83
2026-07-06,92027.00,2487.93,839.92,173.39
2026-07-07,90686.00,2487.24,841.64,165.55
2026-07-08,89300.00,2486.52,844.99,146.21
2026-07-09,87949.04,2485.81,848.38,167.28
2026-07-10,86639.04,2485.11,842.56,182.10
2026-07-11,85310.00,2484.40,837.94,167.88
2026-07-12,83933.81,2483.66,832.40,138.57
2026-07-13,82576.00,2482.92,838.01,153.45
2026-07-14,81241.96,2482.19,846.95,174.37
2026-07-15,79915.00,2481.45,843.18,174.17
2026-07-16,78543.91,2480.68,845.49,154.23
2026-07-17,77178.00,2479.91,849.74,161.09
2026-07-18,75849.78,2479.15,843.43,173.79
2026-07-19,74532.96,2478.39,838.60,174.70
2026-07-20,73230.71,2477.63,832.03,175.48
2026-07-21,71945.92,2476.88,826.13,178.39
2026-07-22,70731.83,2476.16,819.13,207.03
2026-07-23,69460.00,2475.40,811.87,170.66
2026-07-24,68214.79,2474.65,805.06,177.26
2026-07-25,66996.00,2473.91,798.46,183.99
2026-07-26,65771.83,2473.16,792.56,175.37
2026-07-27,64556.00,2472.41,785.23,172.24
2026-07-28,63307.72,2471.63,793.44,164.10
2026-07-29,62000.00,2470.80,816.24,156.92
2026-07-30,60612.00,2469.92,842.81,143.03
2026-07-31,59265.00,2469.05,843.84,164.72
2026-08-01,57921.88,2468.17,853.92,176.76
2026-08-02,56510.00,2467.24,866.01,154.19
2026-08-03,55200.22,2466.36,856.15,195.81
2026-08-04,53890.00,2465.48,845.74,185.17
2026-08-05,52555.00,2464.57,851.24,178.18
2026-08-06,51223.86,2463.66,852.09,180.97
2026-08-07,49840.00,2462.70,857.51,159.81
2026-08-08,48452.00,2461.73,870.30,170.52
2026-08-09,47070.00,2460.76,866.01,169.26
2026-08-10,45696.00,2459.79,861.29,168.56
2026-08-11,44286.00,2458.79,871.55,160.67
2026-08-12,42872.00,2457.78,878.48,165.59
2026-08-13,41484.00,2456.78,876.42,176.64
2026-08-14,40112.00,2455.78,866.31,174.59
2026-08-15,38796.06,2454.82,849.37,185.92
2026-08-16,37439.10,2453.83,831.89,147.75
2026-08-17,36105.16,2452.85,827.60,155.07
2026-08-18,34750.17,2451.85,840.91,157.77
2026-08-19,33358.07,2450.82,842.99,141.14
2026-08-20,31912.00,2449.74,841.57,112.51
2026-08-21,30467.87,2448.66,826.35,98.27
2026-08-22,29073.03,2447.61,803.77,100.54
2026-08-23,27886.00,2446.72,777.35,178.89
2026-08-24,26683.03,2445.81,770.67,164.17
2026-08-25,25144.84,2444.65,764.30,-11.20
2026-08-26,23731.00,2443.57,735.96,23.15
2026-08-27,22603.00,2442.71,714.94,146.24
2026-08-28,21462.13,2441.84,693.27,118.08
2026-08-29,20243.00,2440.91,653.71,39.06
2026-08-30,19203.03,2440.11,610.45,86.13
2026-08-31,18176.06,2439.32,558.95,41.19
2026-09-01,17291.81,2438.64,489.06,43.25
2026-09-02,16587.00,2438.09,410.77,55.43
2026-09-03,16027.87,2437.66,350.49,68.60
2026-09-04,15544.00,2437.28,328.01,84.06
2026-09-05,15037.07,2436.89,319.58,64.00
2026-09-06,14552.00,2436.51,298.04,53.48
2026-09-07,14123.94,2436.18,271.53,55.72
2026-09-08,13733.94,2435.88,234.57,37.94
2026-09-09,13431.81,2435.64,176.26,23.94
2026-09-10,,,,
2026-09-11,,,,
