DateTime,rim_af,rim_fb,rim_qd,rim_qu
1990-01-01,90733.96,2874.19,0.00,190.56
1990-01-02,91243.00,2874.49,0.00,256.64
1990-01-03,91504.79,2874.65,0.00,131.99
1990-01-04,91962.00,2874.92,0.00,230.51
1990-01-05,92668.16,2875.34,0.00,356.02
1990-01-06,92838.00,2875.44,0.00,85.63
1990-01-07,94068.88,2876.17,0.00,620.57
1990-01-08,94952.96,2876.69,0.00,445.73
1990-01-09,97635.00,2878.25,2.00,1354.20
1990-01-10,100618.00,2879.96,76.00,1579.93
1990-01-11,103034.13,2881.33,15.00,1233.13
1990-01-12,105022.00,2882.44,1.00,1003.22
1990-01-13,105292.00,2882.59,0.00,136.13
1990-01-14,107930.00,2884.05,0.00,1329.99
1990-01-15,109552.00,2884.94,0.00,817.76
1990-01-16,110950.00,2885.70,0.00,704.83
1990-01-17,112100.00,2886.32,0.00,579.79
1990-01-18,113180.00,2886.90,0.00,544.50
1990-01-19,114842.00,2887.79,0.00,837.93
1990-01-20,115876.19,2888.34,0.00,521.40
1990-01-21,116864.28,2888.86,0.00,498.16
1990-01-22,117605.00,2889.25,0.00,373.45
1990-01-23,118745.23,2889.85,0.00,574.87
1990-01-24,118973.00,2889.97,0.00,114.83
1990-01-25,119591.00,2890.29,0.00,311.58
1990-01-26,120239.66,2890.63,0.00,327.03
1990-01-27,121239.76,2891.15,0.00,504.22
1990-01-28,121880.00,2891.48,0.00,322.79
1990-01-29,122651.91,2891.88,0.00,389.17
1990-01-30,122890.00,2892.00,0.00,120.04
1990-01-31,123413.00,2892.27,0.00,263.68
1990-02-01,124012.00,2892.58,0.00,302.00
1990-02-02,124520.20,2892.84,0.00,256.22
1990-02-03,125230.00,2893.20,0.00,357.86
1990-02-04,125800.00,2893.49,0.00,287.38
1990-02-05,126030.05,2893.61,0.00,115.98
1990-02-06,126580.95,2893.89,0.00,277.75
1990-02-07,127019.05,2894.11,0.00,220.87
1990-02-08,127450.15,2894.33,0.00,217.35
1990-02-09,128420.10,2894.82,0.00,489.02
1990-02-10,129300.00,2895.26,3.00,446.62
1990-02-11,129590.00,2895.41,66.00,212.21
1990-02-12,130390.05,2895.81,20.00,423.36
1990-02-13,131150.00,2896.19,2.00,385.14
1990-02-14,131980.00,2896.60,0.00,418.46
1990-02-15,132800.00,2897.01,0.00,413.42
1990-02-16,133119.86,2897.17,74.00,235.26
1990-02-17,133443.16,2897.33,203.00,366.00
1990-02-18,133670.00,2897.44,203.00,317.37
1990-02-19,133790.00,2897.50,203.00,263.50
1990-02-20,134149.91,2897.68,200.00,381.45
1990-02-21,134337.00,2897.77,201.00,295.33
1990-02-22,134480.20,2897.84,201.00,273.20
1990-02-23,134660.00,2897.93,201.00,291.65
1990-02-24,134842.00,2898.02,201.00,292.76
1990-02-25,135030.05,2898.11,204.00,298.81
1990-02-26,135230.00,2898.21,204.00,304.81
1990-02-27,135452.11,2898.32,204.00,315.98
1990-02-28,135660.00,2898.42,204.00,308.81
1990-03-01,136145.80,2898.66,204.00,448.92
1990-03-02,136210.00,2898.69,202.00,234.37
1990-03-03,136250.00,2898.71,202.00,222.17
1990-03-04,136680.00,2898.92,202.00,418.79
1990-03-05,136820.00,2898.99,202.00,272.58
1990-03-06,137040.00,2899.10,202.00,312.92
1990-03-07,137450.00,2899.30,202.00,408.71
1990-03-08,137700.00,2899.42,202.00,328.04
1990-03-09,137923.00,2899.53,202.00,314.43
1990-03-10,137965.00,2899.55,203.00,224.18
1990-03-11,138258.95,2899.69,203.00,351.20
1990-03-12,138340.00,2899.73,203.00,243.86
1990-03-13,138440.00,2899.78,203.00,253.42
1990-03-14,138543.16,2899.83,203.00,255.01
1990-03-15,138830.00,2899.97,203.00,347.62
1990-03-16,139020.00,2900.06,203.00,298.79
1990-03-17,139199.75,2900.15,203.00,293.62
1990-03-18,139468.00,2900.28,206.00,341.24
1990-03-19,139720.00,2900.40,206.00,333.05
1990-03-20,139970.00,2900.52,206.00,332.04
1990-03-21,140213.69,2900.64,210.00,332.86
1990-03-22,140834.00,2900.93,210.00,522.74
1990-03-23,141358.95,2901.19,213.00,477.66
1990-03-24,141600.00,2901.31,213.00,334.53
1990-03-25,141853.00,2901.43,213.00,340.55
1990-03-26,142580.00,2901.78,216.00,582.53
1990-03-27,142830.00,2901.90,216.00,342.04
1990-03-28,143271.05,2902.11,217.00,439.36
1990-03-29,143560.00,2902.25,220.00,365.68
1990-03-30,143880.00,2902.40,220.00,381.33
1990-03-31,144762.11,2902.82,223.00,667.73
1990-04-01,145520.00,2903.18,223.00,605.10
1990-04-02,146169.00,2903.49,223.00,550.20
1990-04-03,147250.00,2904.00,226.00,771.00
1990-04-04,148666.84,2904.67,139.00,853.33
1990-04-05,150314.00,2905.44,103.00,933.44
1990-04-06,151792.64,2906.13,103.00,848.48
1990-04-07,153560.00,2906.95,103.00,994.04
1990-04-08,155101.78,2907.66,103.00,880.32
1990-04-09,156280.00,2908.20,103.00,697.02
1990-04-10,157946.00,2908.94,105.00,944.94
1990-04-11,159208.00,2909.54,105.00,741.26
1990-04-12,160780.00,2910.25,103.00,895.55
1990-04-13,161802.00,2910.71,105.00,620.26
1990-04-14,163758.00,2911.59,105.00,1091.15
1990-04-15,166618.34,2912.86,105.00,1547.09
1990-04-16,169371.00,2914.07,105.00,1492.80
1990-04-17,172167.00,2915.29,105.00,1514.65
1990-04-18,174644.36,2916.36,110.00,1359.00
1990-04-19,176744.00,2917.26,112.00,1170.57
1990-04-20,178696.00,2918.09,114.00,1098.13
1990-04-21,180682.00,2918.93,114.00,1115.28
1990-04-22,182590.00,2919.73,118.00,1079.95
1990-04-23,184390.00,2920.48,116.00,1023.50
1990-04-24,185496.00,2920.94,175.00,732.61
1990-04-25,187315.94,2921.69,241.00,1158.55
1990-04-26,189240.00,2922.48,220.00,1190.05
1990-04-27,189780.00,2922.70,579.00,851.25
1990-04-28,188150.00,2922.03,1104.00,282.21
1990-04-29,187388.00,2921.72,1262.00,877.82
1990-04-30,186274.00,2921.26,1255.00,693.36
1990-05-01,185040.00,2920.75,1256.00,633.86
1990-05-02,183936.00,2920.29,1249.00,692.40
1990-05-03,182688.00,2919.77,1249.00,619.80
1990-05-04,182471.88,2919.68,1250.00,1141.04
1990-05-05,181896.00,2919.44,1250.00,959.66
1990-05-06,182423.77,2919.66,1243.00,1509.08
1990-05-07,182256.00,2919.59,1064.00,979.42
1990-05-08,182784.06,2919.81,598.00,864.23
1990-05-09,183432.00,2920.08,484.00,810.67
1990-05-10,183936.00,2920.29,484.00,738.10
1990-05-11,184440.00,2920.50,484.00,738.10
1990-05-12,184920.00,2920.70,489.00,731.00
1990-05-13,185304.36,2920.86,490.00,683.78
1990-05-14,185616.00,2920.99,490.00,647.12
1990-05-15,185938.13,2921.12,490.00,652.40
1990-05-16,186226.00,2921.24,490.00,635.14
1990-05-17,186105.94,2921.19,491.00,430.47
1990-05-18,186810.00,2921.48,491.00,845.97
1990-05-19,187124.06,2921.61,491.00,649.34
1990-05-20,187436.00,2921.74,491.00,648.27
1990-05-21,187854.00,2921.91,497.00,707.74
1990-05-22,188295.00,2922.09,497.00,719.34
1990-05-23,188925.31,2922.35,438.00,755.78
1990-05-24,189515.00,2922.59,402.00,699.30
1990-05-25,190005.00,2922.79,402.00,649.04
1990-05-26,190472.00,2922.98,402.00,637.45
1990-05-27,191085.00,2923.23,403.00,712.05
1990-05-28,192074.58,2923.63,403.00,901.91
1990-05-29,192965.00,2923.99,355.00,803.92
1990-05-30,193690.00,2924.28,285.00,650.52
1990-05-31,195530.00,2925.02,285.00,1212.67
1990-06-01,196840.00,2925.54,288.00,948.46
1990-06-02,197689.88,2925.88,356.00,784.48
1990-06-03,198125.00,2926.05,781.00,1000.38
1990-06-04,198125.00,2926.05,1134.00,1134.00
1990-06-05,197766.00,2925.91,1268.00,1087.00
1990-06-06,197214.94,2925.69,1132.00,854.17
1990-06-07,197214.94,2925.69,931.00,931.00
1990-06-08,198000.00,2926.00,875.00,1270.80
1990-06-09,198175.00,2926.07,958.00,1046.23
1990-06-10,198225.00,2926.09,1118.00,1143.21
1990-06-11,198000.00,2926.00,1144.00,1030.56
1990-06-12,197818.00,2925.93,941.00,849.24
1990-06-13,197870.00,2925.95,844.00,870.22
1990-06-14,197870.00,2925.95,774.00,774.00
1990-06-15,198150.00,2926.06,652.00,793.17
1990-06-16,198474.94,2926.19,722.00,885.82
1990-06-17,198374.69,2926.15,951.00,900.46
1990-06-18,198275.06,2926.11,944.00,893.77
1990-06-19,198650.00,2926.26,936.00,1125.03
1990-06-20,198828.19,2926.33,1333.00,1422.84
1990-06-21,198575.00,2926.23,1307.00,1179.35
1990-06-22,198525.00,2926.21,1229.00,1203.79
1990-06-23,198275.06,2926.11,1295.00,1168.99
1990-06-24,198100.00,2926.04,1277.00,1188.74
1990-06-25,197818.00,2925.93,981.00,838.82
1990-06-26,197870.00,2925.95,866.00,892.22
1990-06-27,197974.00,2925.99,789.00,841.43
1990-06-28,198000.00,2926.00,793.00,806.11
1990-06-29,198000.00,2926.00,786.00,786.00
1990-06-30,198150.00,2926.06,763.00,838.63
1990-07-01,198225.00,2926.09,739.00,776.81
1990-07-02,198150.00,2926.06,732.00,694.19
1990-07-03,198050.00,2926.02,703.00,652.58
1990-07-04,197818.00,2925.93,784.00,667.03
1990-07-05,197465.00,2925.79,870.00,692.03
1990-07-06,197290.00,2925.72,727.00,638.77
1990-07-07,197114.69,2925.65,720.00,631.61
1990-07-08,196990.00,2925.60,718.00,655.14
1990-07-09,196815.00,2925.53,717.00,628.77
1990-07-10,196610.00,2925.45,716.00,612.65
1990-07-11,196280.13,2925.32,711.00,544.69
1990-07-12,196584.00,2925.44,689.00,842.20
1990-07-13,196610.00,2925.45,668.00,681.11
1990-07-14,196330.25,2925.34,663.00,521.96
1990-07-15,196105.00,2925.25,664.00,550.44
1990-07-16,195879.75,2925.16,615.00,501.44
1990-07-17,195630.00,2925.06,594.00,468.08
1990-07-18,195355.00,2924.95,589.00,450.35
1990-07-19,195080.25,2924.84,590.00,451.48
1990-07-20,194679.88,2924.68,591.00,389.14
1990-07-21,194430.00,2924.58,592.00,466.02
1990-07-22,193788.13,2924.32,592.00,268.39
1990-07-23,193215.00,2924.09,593.00,304.05
1990-07-24,193090.00,2924.04,594.00,530.98
1990-07-25,192548.13,2923.82,595.00,321.80
1990-07-26,192300.00,2923.72,595.00,469.90
1990-07-27,191950.00,2923.58,596.00,419.54
1990-07-28,191459.88,2923.38,597.00,349.90
1990-07-29,190985.94,2923.19,592.00,353.06
1990-07-30,190472.00,2922.98,598.00,338.89
1990-07-31,190080.13,2922.82,593.00,395.43
1990-08-01,189635.64,2922.64,594.00,369.91
1990-08-02,189170.00,2922.45,683.00,448.24
1990-08-03,188391.59,2922.13,684.00,291.55
1990-08-04,187779.88,2921.88,684.00,375.59
1990-08-05,187076.00,2921.59,685.00,330.13
1990-08-06,186442.17,2921.33,708.00,388.44
1990-08-07,185472.00,2920.93,769.00,279.87
1990-08-08,184440.00,2920.50,770.00,249.70
1990-08-09,183144.00,2919.96,804.00,150.60
1990-08-10,182423.77,2919.66,839.00,475.88
1990-08-11,181320.00,2919.20,834.00,277.52
1990-08-12,180874.00,2919.01,835.00,610.14
1990-08-13,179310.30,2918.35,835.00,46.63
1990-08-14,178388.00,2917.96,836.00,371.01
1990-08-15,176955.28,2917.35,837.00,114.67
1990-08-16,175992.00,2916.94,838.00,352.35
1990-08-17,174500.00,2916.30,839.00,86.78
1990-08-18,173436.23,2915.84,839.00,302.68
1990-08-19,172627.00,2915.49,767.00,359.01
1990-08-20,171913.89,2915.18,702.00,342.47
1990-08-21,171546.00,2915.02,554.00,368.52
1990-08-22,170786.94,2914.69,519.00,136.31
1990-08-23,170396.00,2914.52,577.00,379.90
1990-08-24,169867.00,2914.29,578.00,311.30
1990-08-25,168956.94,2913.89,579.00,120.18
1990-08-26,168231.00,2913.57,574.00,208.01
1990-08-27,167574.00,2913.28,575.00,243.76
1990-08-28,167228.61,2913.13,576.00,401.87
1990-08-29,166236.94,2912.69,576.00,76.03
1990-08-30,165580.00,2912.40,720.00,388.79
1990-08-31,164795.00,2912.05,792.00,396.23
1990-09-01,163758.00,2911.59,766.00,243.18
1990-09-02,162735.63,2911.13,766.00,250.55
1990-09-03,161428.00,2910.54,767.00,107.74
1990-09-04,160758.00,2910.24,801.00,463.21
1990-09-05,159318.00,2909.59,896.00,170.00
1990-09-06,157680.22,2908.83,1077.00,251.28
1990-09-07,153989.73,2907.15,2235.00,374.38
1990-09-08,149800.00,2905.20,2557.00,444.67
1990-09-09,145035.00,2902.95,2474.00,71.64
1990-09-10,140770.00,2900.91,2428.00,277.73
1990-09-11,136230.00,2898.70,2429.00,140.08
1990-09-12,131791.00,2896.51,2455.00,217.00
1990-09-13,127650.00,2894.43,2421.00,333.24
1990-09-14,123259.95,2892.19,2374.00,160.68
1990-09-15,119379.90,2890.18,2340.00,383.80
1990-09-16,115297.00,2888.03,2353.00,294.54
1990-09-17,111230.22,2885.85,2355.00,304.66
1990-09-18,107040.00,2883.56,2297.00,184.43
1990-09-19,103020.00,2881.32,2286.00,259.25
1990-09-20,98922.00,2878.99,2312.00,245.92
1990-09-21,95140.00,2876.80,2302.00,395.24
1990-09-22,90852.00,2874.26,2291.00,129.13
1990-09-23,87168.00,2872.03,2281.00,423.65
1990-09-24,83432.00,2869.72,2260.00,376.43
1990-09-25,79568.00,2867.28,2240.00,291.90
1990-09-26,75308.00,2864.53,2230.00,82.25
1990-09-27,71145.00,2861.77,2254.00,155.15
1990-09-28,67200.00,2859.09,2277.00,288.06
1990-09-29,63250.00,2856.30,2257.00,265.54
1990-09-30,59388.00,2853.56,2181.00,233.91
1990-10-01,56766.06,2851.62,1480.00,159.00
1990-10-02,54801.81,2850.14,1324.00,333.69
1990-10-03,52916.97,2848.69,1238.00,287.73
1990-10-04,51335.00,2847.45,1154.00,356.42
1990-10-05,50192.00,2846.54,981.00,404.74
1990-10-06,48960.00,2845.55,920.00,298.87
1990-10-07,47596.00,2844.43,968.00,280.32
1990-10-08,45964.00,2843.07,986.00,163.20
1990-10-09,44415.00,2841.75,997.00,216.05
1990-10-10,42932.00,2840.46,1027.00,279.32
1990-10-11,41356.00,2839.06,1021.00,226.43
1990-10-12,40103.00,2837.93,949.00,317.28
1990-10-13,39269.93,2837.17,828.00,407.99
1990-10-14,38440.00,2836.40,750.00,331.58
1990-10-15,38616.00,2836.56,140.00,228.73
1990-10-16,39090.00,2837.00,137.00,375.98
1990-10-17,39101.00,2837.01,109.00,114.55
1990-10-18,39586.00,2837.46,48.00,292.52
1990-10-19,40070.00,2837.90,48.00,292.02
1990-10-20,40477.00,2838.27,47.00,252.20
1990-10-21,40972.00,2838.72,48.00,297.56
1990-10-22,42805.13,2840.35,14.00,938.20
1990-10-23,43583.00,2841.03,0.00,392.17
1990-10-24,44287.82,2841.64,0.00,355.35
1990-10-25,44732.00,2842.02,0.00,223.94
1990-10-26,45880.00,2843.00,0.00,578.78
1990-10-27,46768.00,2843.74,0.00,447.70
1990-10-28,47512.18,2844.36,0.00,375.19
1990-10-29,48242.00,2844.96,0.00,367.95
1990-10-30,48767.97,2845.39,0.00,265.18
1990-10-31,49460.00,2845.95,0.00,348.90
1990-11-01,50140.00,2846.50,0.00,342.83
1990-11-02,50666.00,2846.92,0.00,265.19
1990-11-03,51153.03,2847.31,0.00,245.55
1990-11-04,52813.03,2848.61,0.00,836.92
1990-11-05,53826.97,2849.39,0.00,511.19
1990-11-06,54711.00,2850.07,0.00,445.70
1990-11-07,55513.94,2850.68,0.00,404.81
1990-11-08,56083.03,2851.11,0.00,286.92
1990-11-09,57125.96,2852.14,0.00,525.81
1990-11-10,59510.00,2853.65,0.00,1201.95
1990-11-11,61290.00,2854.94,0.00,897.42
1990-11-12,62345.96,2855.69,0.00,532.38
1990-11-13,63564.00,2856.56,0.00,614.09
1990-11-14,64560.00,2857.26,0.00,502.15
1990-11-15,65536.00,2857.94,0.00,492.07
1990-11-16,66326.00,2858.49,0.00,398.29
1990-11-17,67070.00,2859.00,0.00,375.10
1990-11-18,67770.00,2859.48,0.00,352.92
1990-11-19,68380.00,2859.90,0.00,307.54
1990-11-20,68985.04,2860.31,0.00,305.04
1990-11-21,69560.00,2860.70,0.00,289.88
1990-11-22,70356.00,2861.24,0.00,401.32
1990-11-23,71445.00,2861.97,0.00,549.04
1990-11-24,77292.08,2865.82,0.00,2947.90
1990-11-25,86758.00,2871.78,0.00,4772.40
1990-11-26,90090.00,2873.80,0.00,1679.88
1990-11-27,92532.00,2875.26,0.00,1231.18
1990-11-28,94085.91,2876.18,0.00,783.43
1990-11-29,95642.00,2877.09,0.00,784.53
1990-11-30,97166.00,2877.98,0.00,768.35
1990-12-01,98500.00,2878.75,0.00,672.56
1990-12-02,99352.00,2879.24,0.00,429.55
1990-12-03,100564.00,2879.93,0.00,611.05
1990-12-04,101570.00,2880.50,0.00,507.19
1990-12-05,102522.00,2881.04,0.00,479.97
1990-12-06,103430.00,2881.55,0.00,457.78
1990-12-07,103978.27,2881.86,0.00,276.42
1990-12-08,105076.00,2882.47,0.00,553.44
1990-12-09,105922.00,2882.94,0.00,426.53
1990-12-10,106696.30,2883.37,0.00,390.38
1990-12-11,107641.95,2883.89,0.00,476.76
1990-12-12,108696.00,2884.47,0.00,531.42
1990-12-13,109461.95,2884.89,0.00,386.17
1990-12-14,110220.00,2885.30,0.00,382.18
1990-12-15,110988.00,2885.72,0.00,387.20
1990-12-16,111620.00,2886.06,0.00,318.63
1990-12-17,112250.00,2886.40,0.00,317.63
1990-12-18,113199.00,2886.91,0.00,478.45
1990-12-19,113683.00,2887.17,0.00,244.02
1990-12-20,114620.00,2887.67,0.00,472.40
1990-12-21,115280.00,2888.02,0.00,332.75
1990-12-22,115750.00,2888.27,0.00,236.96
1990-12-23,116220.00,2888.52,0.00,236.96
1990-12-24,116750.00,2888.80,0.00,267.21
1990-12-25,117320.00,2889.10,0.00,287.38
1990-12-26,118020.00,2889.47,0.00,352.92
1990-12-27,118780.00,2889.87,0.00,383.17
1990-12-28,119470.00,2890.23,0.00,347.88
1990-12-29,120090.00,2890.55,0.00,312.58
1990-12-30,120600.00,2890.82,0.00,257.13
1990-12-31,121090.00,2891.07,0.00,247.04
1991-01-01,121490.00,2891.28,0.00,201.67
1991-01-02,121960.00,2891.52,0.00,236.96
1991-01-03,122440.00,2891.77,0.00,242.00
1991-01-04,122850.00,2891.98,0.00,206.71
1991-01-05,123240.00,2892.18,0.00,196.63
1991-01-06,123700.00,2892.42,0.00,231.92
1991-01-07,124190.00,2892.67,0.00,247.04
1991-01-08,124700.00,2892.93,0.00,257.13
1991-01-09,125250.00,2893.21,0.00,277.29
1991-01-10,125820.00,2893.50,0.00,287.38
1991-01-11,126600.00,2893.90,0.00,393.25
1991-01-12,127630.00,2894.42,0.00,519.29
1991-01-13,128860.00,2895.04,0.00,620.13
1991-01-14,130350.00,2895.79,1.00,752.21
1991-01-15,131960.00,2896.59,54.00,865.71
1991-01-16,133340.00,2897.28,51.00,746.75
1991-01-17,134600.00,2897.90,3.00,638.25
1991-01-18,135620.00,2898.40,1.00,515.25
1991-01-19,136620.00,2898.89,0.00,504.17
1991-01-20,137700.00,2899.42,0.00,544.50
1991-01-21,138770.00,2899.94,0.00,539.46
1991-01-22,138890.00,2900.00,271.00,331.50
1991-01-23,138790.00,2899.95,505.00,454.58
1991-01-24,138790.00,2899.95,505.00,505.00
1991-01-25,138580.00,2899.85,500.00,394.12
1991-01-26,138280.00,2899.70,495.00,343.75
1991-01-27,137970.00,2899.55,495.00,338.71
1991-01-28,137660.00,2899.40,496.00,339.71
1991-01-29,137290.00,2899.22,496.00,309.46
1991-01-30,136880.00,2899.02,496.00,289.29
1991-01-31,136470.00,2898.82,496.00,289.29
1991-02-01,136290.00,2898.73,501.00,410.25
1991-02-02,136230.00,2898.70,506.00,475.75
1991-02-03,136150.00,2898.66,501.00,460.67
1991-02-04,136600.00,2898.88,507.00,733.88
1991-02-05,137310.00,2899.23,507.00,864.96
1991-02-06,138050.00,2899.59,507.00,880.08
1991-02-07,138750.00,2899.93,507.00,859.92
1991-02-08,139140.00,2900.12,507.00,703.63
1991-02-09,139320.00,2900.22,507.00,597.75
1991-02-10,138710.00,2899.91,859.00,551.46
1991-02-11,137820.00,2899.48,1093.00,644.29
1991-02-12,137580.00,2899.36,503.00,382.00
1991-02-13,137700.00,2899.42,503.00,563.50
1991-02-14,138560.00,2899.89,228.00,661.58
1991-02-15,139840.00,2900.46,65.00,710.33
1991-02-16,141150.00,2900.99,152.00,812.46
1991-02-17,142060.00,2901.53,152.00,610.79
1991-02-18,143210.00,2902.08,152.00,731.79
1991-02-19,145070.00,2902.97,152.00,1089.75
1991-02-20,147610.00,2904.17,152.00,1432.58
1991-02-21,149610.00,2905.11,155.00,1163.33
1991-02-22,151490.00,2905.99,155.00,1102.83
1991-02-23,152160.00,2906.30,494.00,831.79
1991-02-24,152160.00,2906.30,855.00,855.00
1991-02-25,151960.00,2906.21,856.00,755.17
1991-02-26,151580.00,2906.03,856.00,664.42
1991-02-27,151130.00,2905.82,856.00,629.12
1991-02-28,150680.00,2905.61,850.00,623.12
1991-03-01,150270.00,2905.42,850.00,643.29
1991-03-02,149880.00,2905.24,850.00,653.37
1991-03-03,149500.00,2905.06,857.00,665.42
1991-03-04,150100.00,2905.34,307.00,609.50
1991-03-05,151170.00,2905.84,0.00,539.46
1991-03-06,151450.00,2905.97,516.00,657.17
1991-03-07,151340.00,2905.92,423.00,367.54
1991-03-08,151321.00,2905.91,424.00,414.42
1991-03-09,151321.00,2905.91,419.00,419.00
1991-03-10,151321.00,2905.91,424.00,424.00
1991-03-11,151300.00,2905.90,424.00,413.41
1991-03-12,151260.00,2905.88,424.00,403.83
1991-03-13,151730.00,2906.10,163.00,399.96
1991-03-14,152460.00,2906.44,0.00,368.04
1991-03-15,152520.00,2906.47,407.00,437.25
1991-03-16,152270.00,2906.35,425.00,298.96
1991-03-17,152010.00,2906.23,420.00,288.92
1991-03-18,151810.00,2906.14,420.00,319.17
1991-03-19,151810.00,2906.14,306.00,306.00
1991-03-20,151990.00,2906.22,258.00,348.75
1991-03-21,152120.00,2906.28,258.00,323.54
1991-03-22,152270.00,2906.35,258.00,333.63
1991-03-23,152400.00,2906.41,258.00,323.54
1991-03-24,152550.00,2906.48,255.00,330.63
1991-03-25,152610.00,2906.51,258.00,288.25
1991-03-26,152680.00,2906.54,258.00,293.29
1991-03-27,152830.00,2906.61,162.00,237.63
1991-03-28,153110.00,2906.74,57.00,198.17
1991-03-29,153450.00,2906.90,116.00,287.42
1991-03-30,153860.00,2907.09,116.00,322.71
1991-03-31,154280.00,2907.28,116.00,327.75
1991-04-01,154710.00,2907.48,116.00,332.79
1991-04-02,155230.00,2907.72,116.00,378.17
1991-04-03,155690.00,2907.93,116.00,347.92
1991-04-04,156580.00,2908.34,126.00,574.71
1991-04-05,157740.00,2908.87,131.00,715.83
1991-04-06,158880.00,2909.39,131.00,705.75
1991-04-07,159740.00,2909.78,131.00,564.58
1991-04-08,160600.00,2910.17,131.00,564.58
1991-04-09,161400.00,2910.53,133.00,536.33
1991-04-10,162040.00,2910.82,132.00,454.67
1991-04-11,162670.00,2911.10,132.00,449.63
1991-04-12,163340.00,2911.40,132.00,469.79
1991-04-13,163880.00,2911.64,134.00,406.25
1991-04-14,164460.00,2911.90,133.00,425.42
1991-04-15,165130.00,2912.20,129.00,466.79
1991-04-16,165810.00,2912.50,125.00,467.83
1991-04-17,166480.00,2912.80,124.00,461.79
1991-04-18,167000.00,2913.03,126.00,388.17
1991-04-19,167550.00,2913.27,126.00,403.29
1991-04-20,168180.00,2913.55,126.00,443.63
1991-04-21,168930.00,2913.88,127.00,505.13
1991-04-22,169820.00,2914.27,127.00,575.71
1991-04-23,170810.00,2914.70,127.00,626.13
1991-04-24,171960.00,2915.22,127.00,706.79
1991-04-25,172880.00,2915.60,130.00,593.83
1991-04-26,173580.00,2915.90,134.00,486.92
1991-04-27,174270.00,2916.20,136.00,483.88
1991-04-28,174970.00,2916.50,164.00,516.92
1991-04-29,175670.00,2916.80,162.00,514.92
1991-04-30,176370.00,2917.10,138.00,490.92
1991-05-01,177070.00,2917.40,156.00,508.92
1991-05-02,177700.00,2917.67,181.00,498.63
1991-05-03,178290.00,2917.92,193.00,490.46
1991-05-04,178950.00,2918.20,220.00,552.75
1991-05-05,179660.00,2918.50,211.00,568.96
1991-05-06,180540.00,2918.87,210.00,653.67
1991-05-07,181400.00,2919.23,213.00,646.58
1991-05-08,182330.00,2919.62,212.00,680.88
1991-05-09,183280.00,2920.02,198.00,676.96
1991-05-10,184240.00,2920.42,196.00,680.00
1991-05-11,185110.00,2920.78,195.00,633.63
1991-05-12,185960.00,2921.13,195.00,623.54
1991-05-13,186810.00,2921.48,195.00,623.54
1991-05-14,187760.00,2921.87,199.00,677.96
1991-05-15,188630.00,2922.23,196.00,634.63
1991-05-16,189490.00,2922.58,196.00,629.58
1991-05-17,190690.00,2923.07,198.00,803.00
1991-05-18,191700.00,2923.48,198.00,707.21
1991-05-19,193240.00,2924.10,198.00,974.42
1991-05-20,194730.00,2924.70,197.00,948.21
1991-05-21,196230.00,2925.30,255.00,1011.25
1991-05-22,196990.00,2925.60,686.00,1069.17
1991-05-23,197110.00,2925.65,1027.00,1087.50
1991-05-24,196940.00,2925.58,1027.00,941.29
1991-05-25,196610.00,2925.45,1026.00,859.62
1991-05-26,196130.00,2925.26,1019.00,777.00
1991-05-27,195630.00,2925.06,1018.00,765.92
1991-05-28,195430.00,2924.98,838.00,737.17
1991-05-29,195430.00,2924.98,665.00,665.00
1991-05-30,195730.00,2925.10,593.00,744.25
1991-05-31,196110.00,2925.25,513.00,704.58
1991-06-01,196740.00,2925.50,457.00,774.63
1991-06-02,197290.00,2925.72,585.00,862.29
1991-06-03,197770.00,2925.91,711.00,953.00
1991-06-04,197970.00,2925.99,710.00,810.83
1991-06-05,198200.00,2926.08,709.00,824.96
1991-06-06,198450.00,2926.18,873.00,999.04
1991-06-07,198350.00,2926.14,1076.00,1025.58
1991-06-08,198000.00,2926.00,1111.00,934.54
1991-06-09,197920.00,2925.97,978.00,937.67
1991-06-10,198220.00,2926.09,912.00,1063.25
1991-06-11,198450.00,2926.18,1121.00,1236.96
1991-06-12,198100.00,2926.04,1225.00,1048.54
1991-06-13,197790.00,2925.92,934.00,777.71
1991-06-14,197740.00,2925.90,705.00,679.79
1991-06-15,197820.00,2925.93,617.00,657.33
1991-06-16,197920.00,2925.97,595.00,645.42
1991-06-17,197974.00,2925.99,595.00,622.23
1991-06-18,198000.00,2926.00,595.00,608.11
1991-06-19,198250.00,2926.10,595.00,721.04
1991-06-20,198349.64,2926.14,793.00,843.24
1991-06-21,198400.00,2926.16,928.00,953.39
1991-06-22,198225.00,2926.09,898.00,809.77
1991-06-23,198200.00,2926.08,820.00,807.40
1991-06-24,198070.00,2926.03,814.00,748.46
1991-06-25,198170.00,2926.07,765.00,815.42
1991-06-26,198250.00,2926.10,803.00,843.33
1991-06-27,198250.00,2926.10,820.00,820.00
1991-06-28,198400.00,2926.16,844.00,919.63
1991-06-29,198420.00,2926.17,1006.00,1016.08
1991-06-30,198300.00,2926.12,964.00,903.50
1991-07-01,198225.00,2926.09,928.00,890.19
1991-07-02,198380.00,2926.15,922.00,1000.15
1991-07-03,198530.00,2926.21,1102.00,1177.63
1991-07-04,198220.00,2926.09,1239.00,1082.71
1991-07-05,198020.00,2926.01,916.00,815.17
1991-07-06,197470.00,2925.79,1197.00,919.71
1991-07-07,197060.00,2925.63,970.00,763.29
1991-07-08,197060.00,2925.63,705.00,705.00
1991-07-09,197190.00,2925.68,705.00,770.54
1991-07-10,197190.00,2925.68,705.00,705.00
1991-07-11,197140.00,2925.66,705.00,679.79
1991-07-12,197115.00,2925.65,683.00,670.40
1991-07-13,197310.00,2925.73,650.00,748.31
1991-07-14,197415.00,2925.77,650.00,702.94
1991-07-15,197290.00,2925.72,650.00,586.98
1991-07-16,197110.00,2925.65,650.00,559.25
1991-07-17,196910.00,2925.57,644.00,543.17
1991-07-18,196790.00,2925.52,644.00,583.50
1991-07-19,196510.00,2925.41,644.00,502.83
1991-07-20,196210.00,2925.29,644.00,492.75
1991-07-21,195930.00,2925.18,644.00,502.83
1991-07-22,195810.00,2925.13,644.00,583.50
1991-07-23,195880.00,2925.16,364.00,399.29
1991-07-24,195830.00,2925.14,644.00,618.79
1991-07-25,195680.00,2925.08,644.00,568.37
1991-07-26,195330.00,2924.96,644.00,467.54
1991-07-27,195060.00,2924.83,644.00,507.87
1991-07-28,194480.00,2924.60,639.00,346.58
1991-07-29,194380.00,2924.56,644.00,593.58
1991-07-30,193980.00,2924.40,644.00,442.33
1991-07-31,193560.00,2924.23,646.00,434.25
1991-08-01,193140.00,2924.06,647.00,435.25
1991-08-02,192740.00,2923.90,643.00,441.33
1991-08-03,192300.00,2923.72,645.00,423.17
1991-08-04,191850.00,2923.54,646.00,419.12
1991-08-05,191410.00,2923.36,648.00,426.17
1991-08-06,191010.00,2923.20,649.00,447.33
1991-08-07,190640.00,2923.05,629.00,442.46
1991-08-08,190230.00,2922.89,592.00,385.29
1991-08-09,189810.00,2922.71,599.00,387.25
1991-08-10,189340.00,2922.52,595.00,358.04
1991-08-11,188760.00,2922.28,596.00,303.58
1991-08-12,188390.00,2922.13,598.00,411.46
1991-08-13,187580.00,2921.80,599.00,190.62
1991-08-14,186930.00,2921.53,639.00,311.29
1991-08-15,186320.00,2921.28,663.00,355.46
1991-08-16,185720.00,2921.03,664.00,361.50
1991-08-17,185110.00,2920.78,682.00,374.46
1991-08-18,184510.00,2920.53,689.00,386.50
1991-08-19,183910.00,2920.28,685.00,382.50
1991-08-20,183240.00,2920.00,714.00,376.21
1991-08-21,182450.00,2919.67,749.00,350.71
1991-08-22,181610.00,2919.32,756.00,332.50
1991-08-23,180520.00,2918.86,768.00,218.46
1991-08-24,179520.00,2918.44,786.00,281.83
1991-08-25,178510.00,2918.01,788.00,278.79
1991-08-26,177470.00,2917.57,828.00,303.67
1991-08-27,174830.00,2916.44,1617.00,286.00
1991-08-28,172790.00,2915.56,1394.00,365.50
1991-08-29,171220.00,2914.88,1164.00,372.46
1991-08-30,169760.00,2914.24,1033.00,296.92
1991-08-31,168250.00,2913.58,987.00,225.71
1991-09-01,166760.00,2912.92,1090.00,338.79
1991-09-02,164280.00,2911.82,1503.00,252.67
1991-09-03,161070.00,2910.38,2299.00,680.62
1991-09-04,157720.00,2908.86,1773.00,84.04
1991-09-05,155320.00,2907.76,1461.00,251.00
1991-09-06,152930.00,2906.66,1454.00,249.04
1991-09-07,150660.00,2905.60,1457.00,312.54
1991-09-08,148330.00,2904.51,1510.00,335.29
1991-09-09,144800.00,2902.84,2074.00,294.29
1991-09-10,140260.00,2900.66,2670.00,381.08
1991-09-11,135800.00,2898.49,2613.00,364.42
1991-09-12,131550.00,2896.39,2377.00,234.29
1991-09-13,127370.00,2894.29,2344.00,236.58
1991-09-14,123260.00,2892.19,2347.00,274.87
1991-09-15,119280.00,2890.13,2339.00,332.42
1991-09-16,115390.00,2888.08,2294.00,332.79
1991-09-17,111560.00,2886.03,2241.00,310.04
1991-09-18,107800.00,2883.98,2233.00,337.33
1991-09-19,104110.00,2881.93,2214.00,353.62
1991-09-20,100250.00,2879.75,2272.00,325.92
1991-09-21,96200.00,2877.42,2322.00,280.12
1991-09-22,92110.00,2875.02,2326.00,263.96
1991-09-23,88220.00,2872.67,2248.00,286.79
1991-09-24,84460.00,2870.36,2207.00,311.33
1991-09-25,80790.00,2868.06,2199.00,348.71
1991-09-26,77090.00,2865.69,2202.00,336.58
1991-09-27,73420.00,2863.29,2183.00,332.71
1991-09-28,69730.00,2860.82,2164.00,303.62
1991-09-29,65910.00,2858.20,2222.00,296.08
1991-09-30,62820.00,2856.03,1994.00,436.12
1991-10-01,60390.00,2854.29,1394.00,169.00
1991-10-02,58230.00,2852.71,1318.00,229.00
1991-10-03,56150.00,2851.16,1272.00,223.33
1991-10-04,54110.00,2849.61,1266.00,237.50
1991-10-05,52020.00,2847.99,1268.00,214.29
1991-10-06,49870.00,2846.28,1255.00,171.04
1991-10-07,47840.00,2844.63,1257.00,233.54
1991-10-08,45840.00,2842.96,1245.00,236.67
1991-10-09,43770.00,2841.19,1240.00,196.37
1991-10-10,41800.00,2839.46,1235.00,241.79
1991-10-11,39850.00,2837.70,1236.00,252.87
1991-10-12,37860.00,2835.86,1224.00,220.71
1991-10-13,35910.00,2834.00,1219.00,235.87
1991-10-14,33860.00,2831.99,1214.00,180.46
1991-10-15,32080.00,2830.20,1146.00,248.58
1991-10-16,30490.00,2828.55,1102.00,300.37
1991-10-17,29430.00,2827.43,1025.00,490.58
1991-10-18,28620.00,2826.55,592.00,183.62
1991-10-19,28370.00,2826.28,145.00,18.96
1991-10-20,28620.00,2826.55,46.00,172.04
1991-10-21,28860.00,2826.81,46.00,167.00
1991-10-22,29150.00,2827.13,46.00,192.21
1991-10-23,29450.00,2827.45,33.00,184.25
1991-10-24,29730.00,2827.75,45.00,186.17
1991-10-25,30000.00,2828.04,45.00,181.13
1991-10-26,30270.00,2828.32,45.00,181.13
1991-10-27,30530.00,2828.60,45.00,176.08
1991-10-28,30780.00,2828.86,45.00,171.04
1991-10-29,31060.00,2829.15,45.00,186.17
1991-10-30,31250.00,2829.35,45.00,140.79
1991-10-31,31450.00,2829.55,45.00,145.83
1991-11-01,31690.00,2829.80,46.00,167.00
1991-11-02,31930.00,2830.05,46.00,167.00
1991-11-03,32180.00,2830.30,46.00,172.04
1991-11-04,32650.00,2830.78,46.00,282.96
1991-11-05,33950.00,2832.08,46.00,701.42
1991-11-06,34450.00,2832.58,46.00,298.08
1991-11-07,34930.00,2833.05,47.00,289.00
1991-11-08,35260.00,2833.37,118.00,284.38
1991-11-09,35520.00,2833.62,163.00,294.08
1991-11-10,35770.00,2833.87,163.00,289.04
1991-11-11,36080.00,2834.17,163.00,319.29
1991-11-12,36520.00,2834.59,163.00,384.83
1991-11-13,37010.00,2835.05,163.00,410.04
1991-11-14,37301.00,2835.33,163.00,309.71
1991-11-15,37706.00,2835.55,163.00,367.19
1991-11-16,37779.00,2835.78,163.00,199.80
1991-11-17,38037.00,2836.03,163.00,293.08
1991-11-18,38280.00,2836.25,163.00,285.51
1991-11-19,38671.00,2836.61,163.00,360.13
1991-11-20,39215.00,2837.11,163.00,437.27
1991-11-21,39674.00,2837.54,163.00,394.41
1991-11-22,39949.00,2837.79,163.00,301.65
1991-11-23,40213.00,2838.03,163.00,296.10
1991-11-24,40587.19,2838.37,118.00,306.65
1991-11-25,41686.16,2839.36,101.00,655.07
1991-11-26,42739.00,2840.29,58.00,588.81
1991-11-27,43627.00,2841.07,3.00,450.70
1991-11-28,44393.00,2841.73,0.00,386.19
1991-11-29,45048.00,2842.29,0.00,330.23
1991-11-30,45716.16,2842.86,0.00,336.86
1991-12-01,46372.00,2843.41,0.00,330.65
1991-12-02,46828.00,2843.79,1.00,230.90
1991-12-03,47235.79,2844.13,14.00,219.60
1991-12-04,47776.00,2844.58,19.00,291.35
1991-12-05,48608.00,2845.26,19.00,438.47
1991-12-06,50166.00,2846.52,20.00,805.49
1991-12-07,51958.00,2847.94,20.00,923.47
1991-12-08,52851.81,2848.64,20.00,470.63
1991-12-09,53229.00,2848.93,19.00,209.17
1991-12-10,54000.00,2849.53,19.00,407.71
1991-12-11,54760.00,2850.11,19.00,402.17
1991-12-12,55510.00,2850.68,20.00,398.13
1991-12-13,56057.00,2851.09,20.00,295.78
1991-12-14,56642.00,2851.53,20.00,314.94
1991-12-15,57098.24,2851.98,20.00,250.02
1991-12-16,57732.13,2852.34,20.00,339.59
1991-12-17,58135.79,2852.64,20.00,223.51
1991-12-18,58746.00,2853.09,20.00,327.65
1991-12-19,59362.00,2853.54,20.00,330.57
1991-12-20,59734.04,2853.81,20.00,207.57
1991-12-21,60227.90,2854.17,20.00,268.99
1991-12-22,60666.00,2854.49,20.00,240.88
1991-12-23,61184.21,2854.86,20.00,281.26
1991-12-24,61490.00,2855.08,20.00,174.17
1991-12-25,62030.00,2855.47,20.00,292.25
1991-12-26,62420.00,2855.75,21.00,217.63
1991-12-27,62820.00,2856.03,21.00,222.67
1991-12-28,63180.00,2856.29,21.00,202.50
1991-12-29,63510.00,2856.52,21.00,187.38
1991-12-30,63910.00,2856.80,21.00,222.67
1991-12-31,64330.00,2857.10,21.00,232.75
1992-01-01,64650.00,2857.32,21.00,182.33
1992-01-02,65105.79,2857.64,21.00,250.80
1992-01-03,65382.10,2857.83,59.00,198.31
1992-01-04,65564.00,2857.96,107.00,198.71
1992-01-05,65825.80,2858.14,107.00,238.99
1992-01-06,65970.00,2858.24,107.00,179.70
1992-01-07,66088.07,2858.32,107.00,166.53
1992-01-08,66385.00,2858.53,107.00,256.70
1992-01-09,66490.00,2858.60,107.00,159.94
1992-01-10,66735.00,2858.77,107.00,230.52
1992-01-11,66891.93,2858.88,107.00,186.12
1992-01-12,66965.00,2858.93,107.00,143.84
1992-01-13,67269.78,2859.14,107.00,260.66
1992-01-14,67344.96,2859.19,109.00,146.90
1992-01-15,67605.26,2859.37,109.00,240.23
1992-01-16,67634.96,2859.39,109.00,123.98
1992-01-17,68029.85,2859.66,109.00,308.09
1992-01-18,68188.00,2859.77,109.00,188.73
1992-01-19,68275.11,2859.83,109.00,152.92
1992-01-20,68395.00,2859.91,109.00,169.44
1992-01-21,68572.00,2860.03,134.00,223.24
1992-01-22,68628.00,2860.07,155.00,183.23
1992-01-23,68880.00,2860.24,155.00,282.05
1992-01-24,69380.00,2860.58,134.00,386.08
1992-01-25,69745.11,2860.83,107.00,291.08
1992-01-26,70224.82,2861.15,109.00,350.85
1992-01-27,70710.00,2861.48,53.00,297.61
1992-01-28,72160.00,2862.45,22.00,753.04
1992-01-29,73590.00,2863.40,22.00,742.96
1992-01-30,75005.11,2864.33,22.00,735.45
1992-01-31,76212.08,2865.12,22.00,630.51
1992-02-01,77650.00,2866.05,22.00,746.95
1992-02-02,78788.00,2866.78,22.00,595.74
1992-02-03,79712.27,2867.37,22.00,487.99
1992-02-04,80588.00,2867.93,22.00,463.51
1992-02-05,81410.00,2868.45,22.00,436.43
1992-02-06,82120.00,2868.90,22.00,379.96
1992-02-07,82890.00,2869.38,22.00,410.21
1992-02-08,83510.00,2869.77,22.00,334.58
1992-02-09,84151.88,2870.17,22.00,345.62
1992-02-10,84830.00,2870.59,22.00,363.88
1992-02-11,85350.00,2870.91,22.00,284.17
1992-02-12,85950.00,2871.28,22.00,324.50
1992-02-13,86502.08,2871.62,22.00,300.34
1992-02-14,87040.00,2871.95,22.00,293.20
1992-02-15,87562.00,2872.27,22.00,285.18
1992-02-16,88052.00,2872.57,22.00,269.04
1992-02-17,88616.00,2872.91,22.00,306.35
1992-02-18,89090.00,2873.20,22.00,260.98
1992-02-19,89658.00,2873.54,22.00,308.37
1992-02-20,90175.21,2873.85,22.00,282.76
1992-02-21,90733.96,2874.19,22.00,303.70
1992-02-22,91538.88,2874.67,22.00,427.81
1992-02-23,92175.00,2875.05,22.00,342.71
1992-02-24,92940.00,2875.50,22.00,407.69
1992-02-25,93984.09,2876.12,22.00,548.39
1992-02-26,94952.96,2876.69,22.00,510.47
1992-02-27,95898.00,2877.24,22.00,498.46
1992-02-28,96928.16,2877.84,22.00,541.37
1992-02-29,97908.00,2878.41,22.00,516.00
1992-03-01,98850.00,2878.95,22.00,496.93
1992-03-02,99612.96,2879.39,22.00,406.66
1992-03-03,100194.00,2879.72,22.00,314.94
1992-03-04,101142.00,2880.26,22.00,499.95
1992-03-05,102028.00,2880.76,22.00,468.69
1992-03-06,102963.00,2881.29,13.00,484.40
1992-03-07,103853.00,2881.79,8.00,456.71
1992-03-08,104698.00,2882.26,21.00,447.02
1992-03-09,105471.95,2882.69,22.00,412.20
1992-03-10,106353.91,2883.18,22.00,466.66
1992-03-11,107038.00,2883.56,22.00,366.89
1992-03-12,107750.00,2883.95,22.00,380.97
1992-03-13,108550.95,2884.39,22.00,425.81
1992-03-14,109461.95,2884.89,22.00,481.30
1992-03-15,110656.00,2885.54,22.00,624.00
1992-03-16,111934.00,2886.23,22.00,666.33
1992-03-17,113218.00,2886.92,22.00,669.35
1992-03-18,114357.00,2887.53,22.00,596.25
1992-03-19,115316.00,2888.04,22.00,505.50
1992-03-20,116180.00,2888.50,14.00,449.60
1992-03-21,116598.00,2888.72,8.00,218.74
1992-03-22,117985.00,2889.45,8.00,707.28
1992-03-23,118820.95,2889.89,8.00,429.46
1992-03-24,119591.00,2890.29,8.00,396.23
1992-03-25,120532.00,2890.78,8.00,482.42
1992-03-26,121299.90,2891.18,8.00,395.15
1992-03-27,122034.00,2891.56,8.00,378.11
1992-03-28,122850.00,2891.98,8.00,419.40
1992-03-29,123527.14,2892.33,8.00,349.39
1992-03-30,124460.05,2892.81,8.00,478.34
1992-03-31,125209.95,2893.19,8.00,386.08
1992-04-01,125991.00,2893.59,14.00,407.78
1992-04-02,127038.09,2894.12,42.00,569.91
1992-04-03,128079.76,2894.65,42.00,567.17
1992-04-04,129119.85,2895.17,42.00,566.38
1992-04-05,130029.66,2895.63,126.00,584.69
1992-04-06,130630.00,2895.93,182.00,484.67
1992-04-07,130950.00,2896.09,398.00,559.33
1992-04-08,130549.95,2895.89,712.00,510.31
1992-04-09,130330.00,2895.78,646.00,535.11
1992-04-10,130510.34,2895.87,329.00,419.92
1992-04-11,130750.00,2895.99,271.00,391.83
1992-04-12,131149.95,2896.19,271.00,472.64
1992-04-13,131430.14,2896.33,228.00,369.26
1992-04-14,131750.00,2896.49,207.00,368.26
1992-04-15,132220.00,2896.72,206.00,442.96
1992-04-16,132980.00,2897.10,137.00,520.17
1992-04-17,135330.00,2898.26,59.00,1243.79
1992-04-18,137144.75,2899.15,21.00,935.94
1992-04-19,138606.31,2899.86,21.00,757.87
1992-04-20,139840.00,2900.46,21.00,642.98
1992-04-21,141020.00,2901.03,69.00,663.92
1992-04-22,141730.00,2901.37,156.00,513.96
1992-04-23,142390.00,2901.69,201.00,533.75
1992-04-24,142900.00,2901.93,201.00,458.13
1992-04-25,143610.00,2902.27,200.00,557.96
1992-04-26,144260.00,2902.58,200.00,527.71
1992-04-27,145100.00,2902.98,200.00,623.50
1992-04-28,146530.00,2903.66,152.00,872.96
1992-04-29,148730.00,2904.70,131.00,1240.17
1992-04-30,150870.00,2905.70,131.00,1209.92
1992-05-01,152524.00,2906.47,131.00,964.89
1992-05-02,153754.00,2907.04,153.00,773.13
1992-05-03,154926.00,2907.58,177.00,767.88
1992-05-04,156191.78,2908.16,177.00,815.17
1992-05-05,157568.00,2908.79,243.00,936.84
1992-05-06,159186.00,2909.53,309.00,1124.74
1992-05-07,160384.00,2910.07,308.00,911.99
1992-05-08,161691.78,2910.66,308.00,967.34
1992-05-09,163274.38,2911.37,307.00,1104.89
1992-05-10,163917.78,2911.66,307.00,631.38
1992-05-11,164436.94,2911.89,363.00,624.74
1992-05-12,164680.00,2912.00,534.00,656.54
1992-05-13,164726.00,2912.02,533.00,556.19
1992-05-14,164887.00,2912.09,532.00,613.17
1992-05-15,164932.05,2912.11,532.00,554.71
1992-05-16,165041.78,2912.16,526.00,581.32
1992-05-17,165130.00,2912.20,530.00,574.48
1992-05-18,165337.00,2912.29,530.00,634.36
1992-05-19,165920.00,2912.55,479.00,772.93
1992-05-20,166190.00,2912.67,416.00,552.13
1992-05-21,166414.00,2912.77,532.00,644.93
1992-05-22,166572.22,2912.84,527.00,606.77
1992-05-23,166458.00,2912.79,526.00,468.41
1992-05-24,166572.22,2912.84,525.00,582.59
1992-05-25,167138.00,2913.09,455.00,740.25
1992-05-26,167505.00,2913.25,413.00,598.03
1992-05-27,168681.00,2913.77,334.00,926.90
1992-05-28,169210.00,2914.00,337.00,603.70
1992-05-29,169593.84,2914.17,337.00,530.52
1992-05-30,170120.00,2914.40,336.00,601.27
1992-05-31,170511.00,2914.57,427.00,624.13
1992-06-01,170740.83,2914.67,567.00,682.87
1992-06-02,170902.00,2914.74,550.00,631.26
1992-06-03,170948.00,2914.76,508.00,531.19
1992-06-04,170833.00,2914.71,508.00,450.02
1992-06-05,170717.78,2914.66,507.00,448.91
1992-06-06,170833.00,2914.71,401.00,459.09
1992-06-07,170994.00,2914.78,339.00,420.17
1992-06-08,171246.94,2914.89,325.00,452.52
1992-06-09,171523.00,2915.01,313.00,452.18
1992-06-10,171707.00,2915.09,312.00,404.77
1992-06-11,171844.72,2915.15,312.00,381.43
1992-06-12,172190.00,2915.30,296.00,470.08
1992-06-13,172396.94,2915.39,290.00,394.33
1992-06-14,172581.00,2915.47,277.00,369.80
1992-06-15,172742.00,2915.54,250.00,331.17
1992-06-16,172926.11,2915.62,241.00,333.82
1992-06-17,173202.00,2915.74,264.00,403.09
1992-06-18,173364.06,2915.81,300.00,381.71
1992-06-19,173436.23,2915.84,355.00,391.39
1992-06-20,173484.36,2915.86,369.00,393.26
1992-06-21,173555.94,2915.89,397.00,433.09
1992-06-22,173555.94,2915.89,450.00,450.00
1992-06-23,173460.30,2915.85,485.00,436.78
1992-06-24,173388.13,2915.82,519.00,482.61
1992-06-25,173110.00,2915.70,533.00,392.78
1992-06-26,172765.00,2915.55,542.00,368.06
1992-06-27,172489.00,2915.43,547.00,407.85
1992-06-28,172190.00,2915.30,541.00,390.25
1992-06-29,172167.00,2915.29,418.00,406.40
1992-06-30,171890.83,2915.17,364.00,224.76
1992-07-01,171821.66,2915.14,399.00,364.13
1992-07-02,171523.00,2915.01,439.00,288.43
1992-07-03,171223.89,2914.88,438.00,287.20
1992-07-04,170856.00,2914.72,457.00,271.52
1992-07-05,170626.11,2914.62,476.00,360.10
1992-07-06,170051.39,2914.37,471.00,181.25
1992-07-07,169867.00,2914.29,475.00,382.04
1992-07-08,169095.00,2913.95,469.00,79.78
1992-07-09,169026.00,2913.92,468.00,433.21
1992-07-10,168566.00,2913.72,493.00,261.08
1992-07-11,168139.00,2913.53,522.00,306.72
1992-07-12,167528.00,2913.26,531.00,222.95
1992-07-13,166962.00,2913.01,531.00,245.64
1992-07-14,166392.00,2912.76,545.00,257.62
1992-07-15,165764.00,2912.48,562.00,245.38
1992-07-16,164954.11,2912.12,556.00,147.68
1992-07-17,164614.00,2911.97,562.00,390.53
1992-07-18,164076.00,2911.73,573.00,301.76
1992-07-19,163252.33,2911.36,589.00,173.73
1992-07-20,162538.00,2911.04,589.00,228.86
1992-07-21,161494.00,2910.57,578.00,51.65
1992-07-22,161202.00,2910.44,562.00,414.78
1992-07-23,160692.00,2910.21,400.00,142.87
1992-07-24,160736.00,2910.23,232.00,254.18
1992-07-25,160736.00,2910.23,229.00,229.00
1992-07-26,160692.00,2910.21,241.00,218.82
1992-07-27,160559.73,2910.15,283.00,216.32
1992-07-28,160142.00,2909.96,360.00,149.39
1992-07-29,159721.00,2909.77,445.00,232.75
1992-07-30,159010.00,2909.45,445.00,86.54
1992-07-31,158746.16,2909.33,525.00,391.98
1992-08-01,157829.86,2908.88,671.00,209.03
1992-08-02,156970.00,2908.52,584.00,150.49
1992-08-03,156300.00,2908.22,495.00,157.21
1992-08-04,155580.00,2907.88,480.00,117.00
1992-08-05,155079.73,2907.65,475.00,222.78
1992-08-06,154077.95,2907.19,520.00,14.93
1992-08-07,153670.00,2907.00,545.00,339.32
1992-08-08,153064.00,2906.72,545.00,239.47
1992-08-09,152392.00,2906.41,567.00,228.20
1992-08-10,151384.00,2905.94,578.00,69.80
1992-08-11,150806.84,2905.67,578.00,287.02
1992-08-12,149778.95,2905.19,584.00,65.77
1992-08-13,149349.00,2904.99,611.00,394.23
1992-08-14,148499.00,2904.59,644.00,215.46
1992-08-15,147460.00,2904.10,682.00,158.17
1992-08-16,146504.75,2903.65,699.00,217.39
1992-08-17,145182.00,2903.02,693.00,26.11
1992-08-18,144594.00,2902.74,693.00,396.55
1992-08-19,143523.00,2902.23,671.00,131.04
1992-08-20,142540.00,2901.76,671.00,175.40
1992-08-21,141500.00,2901.26,660.00,135.67
1992-08-22,140520.00,2900.79,650.00,155.92
1992-08-23,139489.00,2900.29,650.00,130.20
1992-08-24,138690.00,2899.90,639.00,236.17
1992-08-25,137720.00,2899.43,628.00,138.96
1992-08-26,136535.25,2898.85,798.00,200.69
1992-08-27,134420.05,2897.81,1176.00,109.58
1992-08-28,131590.00,2896.41,1430.00,3.18
1992-08-29,128119.85,2894.67,1895.00,145.47
1992-08-30,123955.00,2892.55,2181.00,81.22
1992-08-31,120085.00,2890.55,2170.00,218.87
1992-09-01,116579.00,2888.71,2038.00,270.39
1992-09-02,112639.05,2886.61,2148.00,161.61
1992-09-03,108620.00,2884.43,2214.00,187.73
1992-09-04,104392.00,2882.09,2192.00,60.38
1992-09-05,100087.82,2879.66,2181.00,10.97
1992-09-06,96187.00,2877.41,2203.00,236.34
1992-09-07,92158.00,2875.04,2192.00,160.71
1992-09-08,88167.75,2872.64,2181.00,169.25
1992-09-09,84190.00,2870.19,2170.00,164.55
1992-09-10,79520.00,2867.25,2388.00,33.54
1992-09-11,75050.00,2864.36,2364.00,110.37
1992-09-12,70815.00,2861.55,2340.00,204.85
1992-09-13,66400.00,2858.54,2280.00,54.10
1992-09-14,62030.00,2855.47,2247.00,43.79
1992-09-15,58100.00,2852.61,2071.00,89.62
1992-09-16,54670.00,2850.05,1818.00,88.71
1992-09-17,51830.00,2847.84,1610.00,178.17
1992-09-18,49020.00,2845.60,1510.00,93.29
1992-09-19,46160.00,2843.23,1570.00,128.08
1992-09-20,43410.00,2840.88,1550.00,163.54
1992-09-21,40664.00,2838.44,1540.00,155.56
1992-09-22,37980.00,2835.97,1570.00,216.82
1992-09-23,35120.00,2833.24,1640.00,198.08
1992-09-24,33009.85,2831.14,1540.00,476.13
1992-09-25,31380.00,2829.48,1176.00,354.28
1992-09-26,29625.87,2827.64,1060.00,175.62
1992-09-27,27948.04,2825.82,1148.00,302.10
1992-09-28,25988.02,2823.61,1211.00,222.82
1992-09-29,23930.00,2821.20,1204.00,166.41
1992-09-30,21988.02,2818.81,1197.00,217.92
1992-10-01,20300.00,2816.63,1078.00,227.00
1992-10-02,19506.00,2815.57,580.00,179.69
1992-10-03,19537.02,2815.61,150.00,165.64
1992-10-04,19648.00,2815.76,110.00,165.95
1992-10-05,19813.00,2815.99,57.00,140.19
1992-10-06,20042.00,2816.29,40.00,155.45
1992-10-07,20256.00,2816.57,31.00,138.89
1992-10-08,20500.00,2816.90,19.00,142.02
1992-10-09,20687.90,2817.14,57.00,151.73
1992-10-10,20810.00,2817.30,79.00,140.56
1992-10-11,20976.00,2817.52,72.00,155.69
1992-10-12,21160.00,2817.75,73.00,165.77
1992-10-13,21310.00,2817.95,75.00,150.63
1992-10-14,21477.92,2818.16,35.00,119.66
1992-10-15,21670.00,2818.40,22.00,118.84
1992-10-16,21940.00,2818.75,22.00,158.13
1992-10-17,22132.00,2818.99,22.00,118.80
1992-10-18,22348.00,2819.26,21.00,129.90
1992-10-19,22651.88,2819.64,22.00,175.21
1992-10-20,22998.00,2820.06,22.00,196.50
1992-10-21,23503.96,2820.68,23.00,278.09
1992-10-22,23889.90,2821.15,23.00,217.58
1992-10-23,24207.00,2821.53,18.00,177.87
1992-10-24,24464.06,2821.83,24.00,153.60
1992-10-25,24761.98,2822.19,24.00,174.20
1992-10-26,24994.00,2822.46,25.00,141.98
1992-10-27,25172.93,2822.67,59.00,149.21
1992-10-28,25272.00,2822.79,78.00,127.95
1992-10-29,25468.00,2823.01,79.00,177.82
1992-10-30,25711.00,2823.29,39.00,161.51
1992-10-31,25988.02,2823.61,26.00,165.66
1992-11-01,26294.00,2823.96,26.00,180.27
1992-11-02,26734.00,2824.46,26.00,247.83
1992-11-03,27012.00,2824.78,26.00,166.16
1992-11-04,27371.96,2825.18,26.00,207.48
1992-11-05,27732.00,2825.58,26.00,207.52
1992-11-06,28074.00,2825.96,26.00,198.43
1992-11-07,28651.00,2826.59,26.00,316.90
1992-11-08,29238.00,2827.22,27.00,322.95
1992-11-09,29670.98,2827.69,27.00,245.29
1992-11-10,29970.00,2828.00,26.00,176.76
1992-11-11,30122.93,2828.17,27.00,104.10
1992-11-12,30521.00,2828.59,27.00,227.69
1992-11-13,30900.00,2828.98,27.00,218.08
1992-11-14,31260.15,2829.36,27.00,208.57
1992-11-15,31640.00,2829.75,27.00,218.51
1992-11-16,31862.00,2829.98,27.00,138.93
1992-11-17,32240.15,2830.36,27.00,217.65
1992-11-18,32559.97,2830.69,27.00,188.25
1992-11-19,32920.00,2831.05,27.00,208.51
1992-11-20,33160.00,2831.29,27.00,148.00
1992-11-21,33560.00,2831.70,27.00,228.67
1992-11-22,33930.00,2832.06,27.00,213.54
1992-11-23,34290.00,2832.42,27.00,208.50
1992-11-24,34519.88,2832.65,27.00,142.90
1992-11-25,34810.00,2832.93,27.00,173.27
1992-11-26,35039.90,2833.16,27.00,142.91
1992-11-27,35370.00,2833.48,27.00,193.42
1992-11-28,35620.00,2833.72,27.00,153.04
1992-11-29,35888.00,2833.98,27.00,162.12
1992-11-30,36200.00,2834.28,27.00,184.30
1992-12-01,36520.00,2834.59,27.00,188.33
1992-12-02,36838.97,2834.89,27.00,187.82
1992-12-03,37038.00,2835.08,27.00,127.34
1992-12-04,37182.00,2835.22,27.00,99.60
1992-12-05,37447.00,2835.47,27.00,160.60
1992-12-06,37639.88,2835.65,27.00,124.24
1992-12-07,37950.00,2835.94,27.00,183.35
1992-12-08,38218.97,2836.19,27.00,162.61
1992-12-09,38462.00,2836.42,27.00,149.53
1992-12-10,38837.00,2836.77,27.00,216.06
1992-12-11,39035.00,2836.95,27.00,126.83
1992-12-12,39289.98,2837.19,27.00,155.55
1992-12-13,39542.00,2837.42,27.00,154.06
1992-12-14,39827.95,2837.68,27.00,171.16
1992-12-15,39982.05,2837.82,27.00,104.70
1992-12-16,40333.84,2838.14,27.00,204.36
1992-12-17,40576.16,2838.36,27.00,149.17
1992-12-18,40818.00,2838.58,27.00,148.93
1992-12-19,41096.09,2838.83,27.00,167.20
1992-12-20,41389.00,2839.09,27.00,174.68
1992-12-21,41631.03,2839.31,27.00,149.02
1992-12-22,41905.00,2839.55,27.00,165.13
1992-12-23,42216.09,2839.83,27.00,183.84
1992-12-24,42399.00,2839.99,27.00,119.22
1992-12-25,42717.00,2840.27,27.00,187.33
1992-12-26,42920.00,2840.45,27.00,129.35
1992-12-27,43155.89,2840.66,28.00,146.93
1992-12-28,43430.00,2840.90,28.00,166.20
1992-12-29,43672.03,2841.11,28.00,150.02
1992-12-30,43900.00,2841.30,28.00,142.93
1992-12-31,44152.00,2841.52,28.00,155.05
1993-01-01,44347.97,2841.69,27.00,125.80
1993-01-02,44577.97,2841.89,27.00,142.96
1993-01-03,44879.85,2842.15,27.00,179.20
1993-01-04,45084.06,2842.32,27.00,129.95
1993-01-05,45302.00,2842.51,27.00,136.88
1993-01-06,45493.91,2842.67,27.00,123.75
1993-01-07,45694.11,2842.84,27.00,127.93
1993-01-08,45928.00,2843.04,26.00,143.92
1993-01-09,46140.00,2843.22,27.00,133.88
1993-01-10,46360.00,2843.40,26.00,136.92
1993-01-11,46564.00,2843.57,27.00,129.85
1993-01-12,46780.00,2843.75,27.00,135.90
1993-01-13,47020.00,2843.95,27.00,148.00
1993-01-14,47235.79,2844.13,27.00,135.80
1993-01-15,47380.00,2844.25,27.00,99.70
1993-01-16,47668.00,2844.49,27.00,172.20
1993-01-17,47859.85,2844.65,26.00,122.73
1993-01-18,48053.03,2844.81,26.00,123.39
1993-01-19,48338.00,2845.04,26.00,169.67
1993-01-20,48595.00,2845.25,26.00,155.57
1993-01-21,48780.00,2845.40,26.00,119.27
1993-01-22,49033.03,2845.61,26.00,153.57
1993-01-23,49234.00,2845.77,26.00,127.32
1993-01-24,49568.00,2846.04,26.00,194.39
1993-01-25,49756.97,2846.19,26.00,121.27
1993-01-26,50104.00,2846.47,27.00,201.96
1993-01-27,50580.15,2846.85,29.00,269.06
1993-01-28,51020.00,2847.20,28.00,249.76
1993-01-29,51448.00,2847.54,28.00,243.78
1993-01-30,51780.00,2847.80,28.00,195.38
1993-01-31,52134.00,2848.08,28.00,206.48
1993-02-01,52444.06,2848.32,28.00,184.32
1993-02-02,52709.00,2848.53,28.00,161.57
1993-02-03,53125.16,2848.85,28.00,237.81
1993-02-04,53501.81,2849.14,28.00,217.89
1993-02-05,53645.00,2849.25,28.00,100.19
1993-02-06,53990.00,2849.52,28.00,201.94
1993-02-07,54320.00,2849.77,28.00,194.38
1993-02-08,54660.00,2850.03,28.00,199.42
1993-02-09,54997.00,2850.29,28.00,197.90
1993-02-10,55306.00,2850.52,28.00,183.79
1993-02-11,55579.00,2850.73,28.00,165.64
1993-02-12,55800.00,2850.90,28.00,139.42
1993-02-13,56108.78,2851.13,28.00,183.68
1993-02-14,56431.22,2851.37,28.00,190.57
1993-02-15,56670.00,2851.55,28.00,148.38
1993-02-16,56856.97,2851.69,28.00,122.26
1993-02-17,57098.24,2851.87,28.00,149.64
1993-02-18,57340.00,2852.05,28.00,149.89
1993-02-19,57610.00,2852.25,28.00,164.13
1993-02-20,57880.00,2852.45,28.00,164.13
1993-02-21,58149.83,2852.65,27.00,163.04
1993-02-22,58378.07,2852.82,27.00,142.07
1993-02-23,58607.00,2852.99,27.00,142.42
1993-02-24,58857.90,2853.17,27.00,153.49
1993-02-25,59086.14,2853.34,27.00,142.07
1993-02-26,59296.00,2853.49,27.00,132.81
1993-02-27,59523.86,2853.66,27.00,141.88
1993-02-28,59790.00,2853.85,27.00,161.18
1993-03-01,59977.00,2853.99,27.00,121.28
1993-03-02,60185.79,2854.14,27.00,132.27
1993-03-03,60475.16,2854.35,27.00,172.89
1993-03-04,60736.00,2854.54,27.00,158.51
1993-03-05,61030.00,2854.75,27.00,175.23
1993-03-06,61225.96,2854.89,27.00,125.80
1993-03-07,61534.04,2855.11,27.00,182.32
1993-03-08,61911.93,2855.38,28.00,218.52
1993-03-09,62360.00,2855.70,28.00,253.90
1993-03-10,62710.00,2855.95,28.00,204.46
1993-03-11,63031.93,2856.18,28.00,190.31
1993-03-12,63325.96,2856.39,28.00,176.24
1993-03-13,63739.93,2856.68,28.00,236.71
1993-03-14,64106.00,2856.94,28.00,212.56
1993-03-15,64536.00,2857.24,28.00,244.79
1993-03-16,65050.00,2857.60,28.00,287.14
1993-03-17,65508.00,2857.92,28.00,258.91
1993-03-18,66000.00,2858.26,28.00,276.05
1993-03-19,66475.00,2858.59,29.00,268.48
1993-03-20,67055.00,2858.99,29.00,321.42
1993-03-21,67575.18,2859.35,29.00,291.26
1993-03-22,68146.00,2859.74,29.00,316.79
1993-03-23,69350.00,2860.56,29.00,636.02
1993-03-24,70890.00,2861.60,29.00,805.42
1993-03-25,72282.00,2862.53,29.00,730.80
1993-03-26,73425.00,2863.29,29.00,605.26
1993-03-27,74365.00,2863.91,29.00,502.92
1993-03-28,75185.00,2864.45,29.00,442.42
1993-03-29,75880.00,2864.90,28.00,378.40
1993-03-30,76624.96,2865.39,28.00,403.58
1993-03-31,77200.00,2865.76,28.00,317.92
1993-04-01,78040.00,2866.30,28.00,451.50
1993-04-02,78820.00,2866.80,29.00,422.25
1993-04-03,79835.00,2867.45,29.00,540.73
1993-04-04,80764.00,2868.04,29.00,497.37
1993-04-05,81602.00,2868.57,29.00,451.49
1993-04-06,82390.00,2869.07,29.00,426.28
1993-04-07,83287.73,2869.63,29.00,481.60
1993-04-08,84216.00,2870.21,29.00,497.00
1993-04-09,85297.92,2870.88,29.00,574.47
1993-04-10,86436.00,2871.58,29.00,602.78
1993-04-11,87398.88,2872.17,29.00,514.45
1993-04-12,88218.88,2872.67,29.00,442.42
1993-04-13,89025.84,2873.16,30.00,436.85
1993-04-14,89855.84,2873.66,30.00,448.46
1993-04-15,90606.04,2874.11,30.00,408.22
1993-04-16,91404.00,2874.59,30.00,432.31
1993-04-17,92158.00,2875.04,30.00,410.14
1993-04-18,93004.00,2875.54,29.00,455.53
1993-04-19,93695.00,2875.95,30.00,378.38
1993-04-20,94494.00,2876.42,29.00,431.83
1993-04-21,95310.00,2876.90,30.00,441.40
1993-04-22,96170.00,2877.40,29.00,462.58
1993-04-23,96962.25,2877.86,30.00,429.43
1993-04-24,97754.09,2878.32,30.00,429.22
1993-04-25,98709.29,2878.87,30.00,511.58
1993-04-26,99528.16,2879.34,30.00,442.85
1993-04-27,100420.22,2879.85,30.00,479.74
1993-04-28,101318.27,2880.36,30.00,482.77
1993-04-29,102185.21,2880.85,30.00,467.09
1993-04-30,103016.09,2881.32,30.00,448.90
1993-05-01,104392.00,2882.09,30.00,723.69
1993-05-02,105562.00,2882.74,30.00,619.88
1993-05-03,106894.00,2883.48,30.00,701.55
1993-05-04,108109.78,2884.15,29.00,641.96
1993-05-05,109156.00,2884.72,29.00,556.47
1993-05-06,110454.00,2885.43,29.00,683.41
1993-05-07,111898.00,2886.21,29.00,757.02
1993-05-08,113237.00,2886.93,29.00,704.08
1993-05-09,114490.00,2887.60,29.00,660.72
1993-05-10,115316.00,2888.04,188.00,604.44
1993-05-11,116693.00,2888.77,241.00,935.24
1993-05-12,119420.00,2890.20,177.00,1551.86
1993-05-13,122538.09,2891.82,177.00,1749.04
1993-05-14,125760.00,2893.47,200.00,1824.38
1993-05-15,128620.00,2894.92,217.00,1658.92
1993-05-16,131390.05,2896.31,220.00,1616.57
1993-05-17,133930.00,2897.57,219.00,1499.56
1993-05-18,136451.05,2898.81,219.00,1490.03
1993-05-19,139160.00,2900.13,219.00,1584.76
1993-05-20,142000.00,2901.50,222.00,1653.83
1993-05-21,144552.00,2902.72,222.00,1508.63
1993-05-22,146930.27,2903.85,222.00,1421.04
1993-05-23,149013.16,2904.83,225.00,1275.12
1993-05-24,150356.00,2905.46,246.00,923.02
1993-05-25,151277.95,2905.89,255.00,719.82
1993-05-26,152480.00,2906.45,255.00,861.03
1993-05-27,153516.00,2906.93,255.00,777.32
1993-05-28,155079.73,2907.65,258.00,1046.38
1993-05-29,156622.33,2908.36,221.00,998.72
1993-05-30,158072.00,2909.02,201.00,931.88
1993-05-31,159652.00,2909.74,201.00,997.58
1993-06-01,161022.33,2910.36,161.00,851.87
1993-06-02,162197.95,2910.89,142.00,734.71
1993-06-03,163005.00,2911.25,144.00,550.89
1993-06-04,163826.11,2911.62,144.00,557.98
1993-06-05,165603.00,2912.41,101.00,996.85
1993-06-06,167459.00,2913.23,80.00,1015.73
1993-06-07,168980.00,2913.90,80.00,846.84
1993-06-08,170051.39,2914.37,126.00,666.16
1993-06-09,171201.39,2914.87,151.00,730.79
1993-06-10,172811.00,2915.57,153.00,964.51
1993-06-11,173603.00,2915.91,217.00,616.30
1993-06-12,174385.00,2916.25,244.00,638.26
1993-06-13,174970.00,2916.50,244.00,538.94
1993-06-14,175739.17,2916.83,244.00,631.79
1993-06-15,176624.00,2917.21,244.00,690.10
1993-06-16,177356.00,2917.52,247.00,616.05
1993-06-17,178154.36,2917.86,247.00,649.51
1993-06-18,178834.72,2918.15,265.00,608.01
1993-06-19,179568.00,2918.46,277.00,646.70
1993-06-20,180163.00,2918.71,277.00,576.98
1993-06-21,180585.94,2918.89,310.00,523.23
1993-06-22,180874.00,2919.01,331.00,476.23
1993-06-23,181066.00,2919.09,315.00,411.80
1993-06-24,181227.78,2919.16,309.00,390.56
1993-06-25,181344.00,2919.21,309.00,367.59
1993-06-26,181632.17,2919.33,255.00,400.29
1993-06-27,181848.00,2919.42,327.00,435.81
1993-06-28,182064.00,2919.51,309.00,417.90
1993-06-29,182208.00,2919.57,303.00,375.60
1993-06-30,182304.06,2919.61,324.00,372.43
1993-07-01,182328.13,2919.62,341.00,353.13
1993-07-02,182328.13,2919.62,341.00,341.00
1993-07-03,182304.06,2919.61,366.00,353.87
1993-07-04,182256.00,2919.59,398.00,373.77
1993-07-05,182160.00,2919.55,416.00,367.60
1993-07-06,181992.00,2919.48,442.00,357.30
1993-07-07,181872.00,2919.43,452.00,391.50
1993-07-08,181610.00,2919.32,447.00,314.91
1993-07-09,181300.00,2919.19,492.00,335.71
1993-07-10,180970.00,2919.05,492.00,325.62
1993-07-11,180658.00,2918.92,491.00,333.70
1993-07-12,180210.00,2918.73,501.00,275.13
1993-07-13,179924.06,2918.61,511.00,366.84
1993-07-14,179568.00,2918.46,491.00,311.49
1993-07-15,179170.00,2918.29,481.00,280.34
1993-07-16,178880.83,2918.17,481.00,335.21
1993-07-17,178576.00,2918.04,486.00,332.32
1993-07-18,178273.00,2917.91,480.00,327.24
1993-07-19,177964.00,2917.78,480.00,324.21
1993-07-20,177731.88,2917.68,460.00,342.97
1993-07-21,177471.00,2917.57,445.00,313.48
1993-07-22,177166.00,2917.44,485.00,331.23
1993-07-23,176816.00,2917.29,505.00,328.54
1993-07-24,176393.06,2917.11,505.00,291.77
1993-07-25,176015.00,2916.95,504.00,313.39
1993-07-26,175670.00,2916.80,504.00,330.06
1993-07-27,175180.00,2916.59,504.00,256.96
1993-07-28,174640.00,2916.36,514.00,241.75
1993-07-29,174110.00,2916.13,519.00,251.79
1993-07-30,173690.00,2915.95,524.00,312.25
1993-07-31,173202.00,2915.74,524.00,277.97
1993-08-01,172811.00,2915.57,533.00,335.87
1993-08-02,172213.06,2915.31,538.00,236.54
1993-08-03,171454.00,2914.98,570.00,187.31
1993-08-04,170717.78,2914.66,625.00,253.82
1993-08-05,170080.00,2914.38,642.00,320.45
1993-08-06,169320.00,2914.05,669.00,285.83
1993-08-07,168612.00,2913.74,680.00,323.05
1993-08-08,167730.27,2913.35,696.00,251.46
1993-08-09,166802.00,2912.94,707.00,239.00
1993-08-10,165741.00,2912.47,729.00,194.08
1993-08-11,164887.00,2912.09,586.00,155.44
1993-08-12,163758.00,2911.59,800.00,230.80
1993-08-13,162510.00,2911.03,816.00,186.80
1993-08-14,161270.00,2910.47,822.00,196.83
1993-08-15,160120.00,2909.95,822.00,242.21
1993-08-16,159060.00,2909.47,822.00,287.58
1993-08-17,157918.00,2908.92,839.00,263.24
1993-08-18,156600.00,2908.35,875.00,210.51
1993-08-19,155160.00,2907.69,905.00,179.00
1993-08-20,153600.00,2906.97,935.00,148.50
1993-08-21,152244.20,2906.34,965.00,281.45
1993-08-22,150764.75,2905.65,965.00,219.11
1993-08-23,149200.00,2904.93,958.00,169.10
1993-08-24,147650.00,2904.19,958.00,176.54
1993-08-25,146080.00,2903.45,982.00,190.46
1993-08-26,144446.84,2902.67,1000.00,176.62
1993-08-27,142850.00,2901.91,1000.00,194.92
1993-08-28,141253.69,2901.14,1000.00,195.19
1993-08-29,139760.00,2900.42,987.00,233.93
1993-08-30,138210.00,2899.67,1011.00,229.54
1993-08-31,136640.00,2898.90,1023.00,231.46
1993-09-01,134989.00,2898.09,1047.00,214.62
1993-09-02,133506.31,2897.36,1071.00,323.48
1993-09-03,131730.00,2896.48,1083.00,187.44
1993-09-04,129810.00,2895.52,1100.00,132.00
1993-09-05,127730.00,2894.47,1174.00,125.33
1993-09-06,125480.00,2893.33,1305.00,170.62
1993-09-07,123159.70,2892.14,1346.00,176.18
1993-09-08,120570.00,2890.80,1516.00,210.36
1993-09-09,117580.00,2889.24,1666.00,158.54
1993-09-10,113250.00,2886.94,2431.00,247.96
1993-09-11,109060.00,2884.67,2454.00,341.54
1993-09-12,104499.78,2882.15,2442.00,142.89
1993-09-13,100160.00,2879.71,2430.00,242.03
1993-09-14,95670.00,2877.11,2477.00,213.29
1993-09-15,91209.00,2874.47,2501.00,251.91
1993-09-16,86630.00,2871.70,2513.00,204.42
1993-09-17,81885.00,2868.75,2548.00,155.73
1993-09-18,77110.00,2865.70,2512.00,104.60
1993-09-19,72523.96,2862.69,2512.00,199.87
1993-09-20,67999.78,2859.64,2439.00,158.06
1993-09-21,63770.00,2856.70,2319.00,186.48
1993-09-22,59664.00,2853.76,2238.00,167.89
1993-09-23,55860.00,2850.94,2150.00,232.15
1993-09-24,51520.00,2847.60,2271.00,82.92
1993-09-25,47535.94,2844.38,2294.00,285.37
1993-09-26,43430.00,2840.90,2171.00,100.92
1993-09-27,40037.19,2837.87,2006.00,295.46
1993-09-28,36353.00,2834.43,1951.00,93.55
1993-09-29,32940.00,2831.07,1950.00,229.28
1993-09-30,29410.00,2827.41,2005.00,225.29
1993-10-01,26177.07,2823.83,1818.00,189.00
1993-10-02,23222.08,2820.34,1689.00,199.19
1993-10-03,20280.00,2816.61,1668.00,184.70
1993-10-04,18125.96,2813.68,1266.00,180.01
1993-10-05,16596.00,2811.48,1028.00,256.64
1993-10-06,15373.91,2809.64,955.00,338.86
1993-10-07,14592.00,2808.42,918.00,523.79
1993-10-08,13770.00,2807.10,888.00,473.57
1993-10-09,12974.00,2805.79,863.00,461.68
1993-10-10,11970.00,2804.08,923.00,416.82
1993-10-11,10770.00,2801.92,892.00,287.00
1993-10-12,10594.00,2801.59,255.00,166.27
1993-10-13,10725.04,2801.83,92.00,158.06
1993-10-14,10780.00,2801.94,95.00,122.71
1993-10-15,10846.00,2802.06,97.00,130.28
1993-10-16,10970.00,2802.29,69.00,131.52
1993-10-17,11090.00,2802.50,56.00,116.50
1993-10-18,11240.00,2802.77,29.00,104.63
1993-10-19,11410.00,2803.10,18.00,103.71
1993-10-20,11610.00,2803.44,18.00,118.83
1993-10-21,11780.00,2803.74,18.00,103.71
1993-10-22,11960.00,2804.06,17.00,107.75
1993-10-23,12142.10,2804.37,18.00,109.81
1993-10-24,12323.99,2804.69,18.00,109.70
1993-10-25,12475.00,2804.95,18.00,94.14
1993-10-26,12626.00,2805.21,19.00,95.13
1993-10-27,12812.00,2805.52,19.00,112.78
1993-10-28,12968.00,2805.78,19.00,97.65
1993-10-29,13118.00,2806.03,19.00,94.63
1993-10-30,13298.04,2806.33,19.00,109.77
1993-10-31,13442.00,2806.57,19.00,91.58
1993-11-01,13616.09,2806.86,19.00,106.77
1993-11-02,13817.97,2807.18,19.00,120.78
1993-11-03,13962.00,2807.42,19.00,91.61
1993-11-04,14121.96,2807.67,19.00,99.64
1993-11-05,14253.99,2807.89,19.00,85.56
1993-11-06,14425.94,2808.16,20.00,106.69
1993-11-07,14567.97,2808.38,20.00,91.61
1993-11-08,14727.90,2808.64,20.00,100.63
1993-11-09,14872.10,2808.86,20.00,92.70
1993-11-10,15002.00,2809.07,20.00,85.49
1993-11-11,15157.02,2809.31,20.00,98.15
1993-11-12,15322.00,2809.56,20.00,103.18
1993-11-13,15452.00,2809.76,20.00,85.54
1993-11-14,15582.00,2809.96,20.00,85.54
1993-11-15,15680.00,2810.10,20.00,69.41
1993-11-16,15857.97,2810.38,21.00,110.73
1993-11-17,16033.91,2810.64,21.00,109.70
1993-11-18,16189.12,2810.87,21.00,99.25
1993-11-19,16326.00,2811.08,21.00,90.01
1993-11-20,16466.00,2811.28,21.00,91.58
1993-11-21,16645.00,2811.55,21.00,111.25
1993-11-22,16764.00,2811.72,21.00,81.00
1993-11-23,16929.00,2811.97,21.00,104.19
1993-11-24,17013.00,2812.09,21.00,63.35
1993-11-25,17139.00,2812.27,21.00,84.53
1993-11-26,17286.00,2812.48,21.00,95.11
1993-11-27,17418.95,2812.67,21.00,88.03
1993-11-28,17594.00,2812.92,21.00,109.25
1993-11-29,17782.98,2813.19,21.00,116.28
1993-11-30,17937.00,2813.41,21.00,98.65
1993-12-01,18148.00,2813.71,21.00,127.38
1993-12-02,18464.91,2814.15,21.00,180.78
1993-12-03,18678.00,2814.44,21.00,128.43
1993-12-04,18908.00,2814.76,21.00,136.96
1993-12-05,19073.00,2814.99,21.00,104.19
1993-12-06,19251.00,2815.23,21.00,110.74
1993-12-07,19429.00,2815.47,21.00,110.74
1993-12-08,19680.00,2815.80,21.00,147.55
1993-12-09,19920.88,2816.13,20.00,141.44
1993-12-10,20078.07,2816.34,20.00,99.25
1993-12-11,20430.00,2816.80,20.00,197.43
1993-12-12,20652.00,2817.09,19.00,130.93
1993-12-13,20873.96,2817.38,19.00,130.91
1993-12-14,21048.02,2817.61,19.00,106.75
1993-12-15,21263.96,2817.88,19.00,127.87
1993-12-16,21422.00,2818.09,19.00,98.68
1993-12-17,21590.00,2818.30,19.00,103.70
1993-12-18,21756.00,2818.52,19.00,102.69
1993-12-19,21924.00,2818.73,19.00,103.70
1993-12-20,22124.00,2818.98,19.00,119.83
1993-12-21,22324.00,2819.23,19.00,119.83
1993-12-22,22451.98,2819.39,19.00,83.52
1993-12-23,22604.00,2819.58,19.00,95.64
1993-12-24,22804.06,2819.83,19.00,119.86
1993-12-25,22974.00,2820.03,19.00,104.68
1993-12-26,23166.00,2820.27,19.00,115.80
1993-12-27,23324.00,2820.46,19.00,98.66
1993-12-28,23528.00,2820.71,19.00,121.85
1993-12-29,23689.00,2820.91,19.00,100.17
1993-12-30,23913.96,2821.18,19.00,132.42
1993-12-31,24116.00,2821.42,19.00,120.86
1994-01-01,24395.00,2821.75,20.00,160.66
1994-01-02,24770.00,2822.20,20.00,209.06
1994-01-03,25154.89,2822.65,20.00,214.05
1994-01-04,25728.02,2823.31,21.00,309.95
1994-01-05,26428.04,2824.12,20.00,372.93
1994-01-06,26899.90,2824.65,20.00,257.89
1994-01-07,27264.00,2825.06,20.00,203.57
1994-01-08,27642.00,2825.48,20.00,210.58
1994-01-09,27867.00,2825.73,20.00,133.44
1994-01-10,28289.97,2826.19,20.00,233.25
1994-01-11,28633.00,2826.57,20.00,192.94
1994-01-12,28921.96,2826.88,21.00,166.68
1994-01-13,29310.00,2827.30,21.00,216.64
1994-01-14,29634.89,2827.65,21.00,184.80
1994-01-15,29988.00,2828.02,20.00,198.03
1994-01-16,30313.15,2828.37,21.00,184.93
1994-01-17,30675.00,2828.75,21.00,203.43
1994-01-18,30974.00,2829.06,21.00,171.75
1994-01-19,31289.97,2829.39,21.00,180.30
1994-01-20,31590.00,2829.70,21.00,172.26
1994-01-21,31880.00,2830.00,21.00,167.21
1994-01-22,32230.12,2830.35,21.00,197.52
1994-01-23,32600.00,2830.73,21.00,207.48
1994-01-24,32970.00,2831.10,21.00,207.54
1994-01-25,33380.00,2831.52,21.00,227.71
1994-01-26,33726.16,2831.86,21.00,195.52
1994-01-27,34039.93,2832.17,21.00,179.19
1994-01-28,34400.00,2832.53,21.00,202.54
1994-01-29,34692.05,2832.82,21.00,168.24
1994-01-30,34970.00,2833.09,21.00,161.13
1994-01-31,35240.12,2833.35,21.00,157.19
1994-02-01,35490.00,2833.60,21.00,146.98
1994-02-02,35740.10,2833.84,21.00,147.09
1994-02-03,36000.00,2834.09,21.00,152.03
1994-02-04,36190.00,2834.27,21.00,116.79
1994-02-05,36541.03,2834.61,21.00,197.98
1994-02-06,36773.08,2834.83,21.00,137.99
1994-02-07,37040.00,2835.08,21.00,155.57
1994-02-08,37237.00,2835.27,21.00,120.32
1994-02-09,37502.00,2835.52,21.00,154.60
1994-02-10,37844.11,2835.84,21.00,193.48
1994-02-11,38087.00,2836.07,21.00,143.46
1994-02-12,38310.00,2836.28,21.00,133.43
1994-02-13,38649.00,2836.59,21.00,191.91
1994-02-14,38848.00,2836.78,21.00,121.33
1994-02-15,39068.00,2836.98,21.00,131.92
1994-02-16,39344.00,2837.24,21.00,160.15
1994-02-17,39685.00,2837.55,21.00,192.92
1994-02-18,39905.00,2837.75,21.00,131.92
1994-02-19,40202.00,2838.02,21.00,170.74
1994-02-20,40400.00,2838.20,21.00,120.83
1994-02-21,40664.00,2838.44,21.00,154.10
1994-02-22,40905.89,2838.66,21.00,142.95
1994-02-23,41367.00,2839.07,21.00,253.48
1994-02-24,41631.03,2839.31,21.00,154.11
1994-02-25,41905.00,2839.55,21.00,159.13
1994-02-26,42147.00,2839.77,21.00,143.01
1994-02-27,42388.00,2839.98,21.00,142.50
1994-02-28,42780.00,2840.33,21.00,218.63
1994-03-01,43068.00,2840.58,22.00,167.20
1994-03-02,43660.00,2841.10,22.00,320.47
1994-03-03,44518.12,2841.84,22.00,454.63
1994-03-04,45493.91,2842.67,22.00,513.96
1994-03-05,46288.12,2843.34,22.00,422.41
1994-03-06,46924.21,2843.87,22.00,342.70
1994-03-07,47535.94,2844.38,22.00,330.42
1994-03-08,48170.00,2844.90,22.00,341.67
1994-03-09,48696.09,2845.33,21.00,286.24
1994-03-10,49283.03,2845.81,21.00,316.92
1994-03-11,49806.00,2846.23,21.00,284.66
1994-03-12,50218.00,2846.56,21.00,228.72
1994-03-13,50830.00,2847.05,21.00,329.55
1994-03-14,51374.00,2847.48,21.00,295.27
1994-03-15,51982.00,2847.96,21.00,327.53
1994-03-16,52566.00,2848.42,21.00,315.43
1994-03-17,53229.00,2848.93,21.00,355.26
1994-03-18,53892.00,2849.44,21.00,355.26
1994-03-19,54490.00,2849.90,21.00,322.49
1994-03-20,55062.13,2850.34,21.00,309.45
1994-03-21,55618.00,2850.76,21.00,301.25
1994-03-22,56228.00,2851.22,21.00,328.54
1994-03-23,56726.00,2851.59,21.00,272.08
1994-03-24,57190.00,2851.94,21.00,254.93
1994-03-25,57680.00,2852.30,25.00,272.04
1994-03-26,58121.76,2852.63,27.00,249.72
1994-03-27,58555.00,2852.95,27.00,245.42
1994-03-28,59072.10,2853.33,28.00,288.71
1994-03-29,59622.00,2853.73,27.00,304.24
1994-03-30,60284.00,2854.21,27.00,360.76
1994-03-31,60960.00,2854.70,27.00,367.82
1994-04-01,61744.00,2855.26,27.00,422.27
1994-04-02,62654.00,2855.91,27.00,485.79
1994-04-03,63578.00,2856.57,27.00,492.85
1994-04-04,64330.00,2857.10,27.00,406.13
1994-04-05,65250.00,2857.74,27.00,490.83
1994-04-06,66045.00,2858.29,26.00,426.81
1994-04-07,66765.00,2858.79,40.00,403.00
1994-04-08,67472.00,2859.28,53.00,409.45
1994-04-09,68160.00,2859.75,53.00,399.87
1994-04-10,68804.96,2860.19,53.00,378.17
1994-04-11,69529.93,2860.68,52.00,417.51
1994-04-12,70224.82,2861.15,52.00,402.34
1994-04-13,70875.00,2861.59,52.00,379.80
1994-04-14,71565.00,2862.05,52.00,399.88
1994-04-15,72096.00,2862.41,73.00,340.71
1994-04-16,72824.96,2862.89,83.00,450.52
1994-04-17,73605.00,2863.41,83.00,476.27
1994-04-18,74666.04,2864.11,78.00,612.94
1994-04-19,77125.00,2865.71,34.00,1273.73
1994-04-20,79743.96,2867.39,26.00,1346.39
1994-04-21,82103.96,2868.89,26.00,1215.83
1994-04-22,84264.00,2870.24,27.00,1116.02
1994-04-23,86092.27,2871.37,27.00,948.76
1994-04-24,87594.00,2872.29,27.00,784.12
1994-04-25,89009.80,2873.15,40.00,753.80
1994-04-26,90308.00,2873.93,52.00,706.51
1994-04-27,91487.75,2874.64,52.00,646.79
1994-04-28,92532.00,2875.26,57.00,583.48
1994-04-29,93508.16,2875.84,70.00,562.15
1994-04-30,94460.00,2876.40,93.00,572.88
1994-05-01,95395.00,2876.95,139.00,610.40
1994-05-02,96187.00,2877.41,178.00,577.30
1994-05-03,96788.00,2877.76,223.00,526.00
1994-05-04,97115.00,2877.95,372.00,536.86
1994-05-05,97686.00,2878.28,432.00,719.88
1994-05-06,98358.88,2878.67,368.00,707.24
1994-05-07,99738.00,2879.46,200.00,895.31
1994-05-08,101723.00,2880.59,188.00,1188.77
1994-05-09,103853.00,2881.79,205.00,1278.88
1994-05-10,105831.95,2882.89,238.00,1235.72
1994-05-11,107696.00,2883.92,247.00,1186.79
1994-05-12,109390.22,2884.85,250.00,1104.17
1994-05-13,111026.00,2885.74,250.00,1074.71
1994-05-14,112079.05,2886.31,304.00,834.91
1994-05-15,112468.00,2886.52,414.00,610.10
1994-05-16,113406.00,2887.02,229.00,701.91
1994-05-17,114091.95,2887.39,195.00,540.83
1994-05-18,114842.00,2887.79,195.00,573.15
1994-05-19,115764.00,2888.28,180.00,644.84
1994-05-20,116864.28,2888.86,116.00,670.73
1994-05-21,118061.00,2889.49,95.00,698.35
1994-05-22,119125.00,2890.05,96.00,632.43
1994-05-23,120220.10,2890.62,96.00,648.11
1994-05-24,121473.00,2891.27,160.00,791.67
1994-05-25,122750.00,2891.93,238.00,881.82
1994-05-26,123800.00,2892.47,262.00,791.38
1994-05-27,124660.00,2892.91,262.00,695.58
1994-05-28,125306.00,2893.24,262.00,587.69
1994-05-29,125599.95,2893.39,262.00,410.20
1994-05-30,126467.14,2893.83,262.00,699.21
1994-05-31,126780.00,2893.99,286.00,443.73
1994-06-01,127019.05,2894.11,268.00,388.52
1994-06-02,127710.00,2894.46,250.00,598.36
1994-06-03,128139.90,2894.68,250.00,466.74
1994-06-04,128539.90,2894.88,250.00,451.67
1994-06-05,129418.09,2895.32,220.00,662.76
1994-06-06,130049.70,2895.64,160.00,478.44
1994-06-07,130890.00,2896.06,141.00,564.65
1994-06-08,131529.91,2896.38,141.00,463.62
1994-06-09,132079.75,2896.65,165.00,442.21
1994-06-10,132500.30,2896.86,223.00,435.03
1994-06-11,132800.00,2897.01,253.00,404.10
1994-06-12,133220.00,2897.22,253.00,464.75
1994-06-13,134400.00,2897.80,253.00,847.92
1994-06-14,134740.00,2897.97,253.00,424.42
1994-06-15,134821.00,2898.01,271.00,311.84
1994-06-16,134905.00,2898.05,376.00,418.35
1994-06-17,135290.00,2898.24,396.00,590.10
1994-06-18,135536.31,2898.36,313.00,437.18
1994-06-19,135860.00,2898.52,283.00,446.19
1994-06-20,136082.64,2898.63,277.00,389.25
1994-06-21,136820.00,2898.99,274.00,645.75
1994-06-22,137350.00,2899.25,325.00,592.21
1994-06-23,137965.00,2899.55,332.00,642.06
1994-06-24,138420.00,2899.77,304.00,533.40
1994-06-25,138750.00,2899.93,295.00,461.38
1994-06-26,139060.00,2900.08,295.00,451.29
1994-06-27,139259.91,2900.18,295.00,395.79
1994-06-28,139552.11,2900.32,295.00,442.32
1994-06-29,139840.00,2900.46,295.00,440.14
1994-06-30,140046.00,2900.56,316.00,419.86
1994-07-01,140130.00,2900.60,329.00,371.35
1994-07-02,140500.00,2900.78,310.00,496.54
1994-07-03,140660.30,2900.85,298.00,378.82
1994-07-04,140684.36,2900.86,298.00,310.13
1994-07-05,140755.94,2900.89,283.00,319.09
1994-07-06,140924.00,2900.98,277.00,361.73
1994-07-07,141191.05,2901.11,292.00,426.64
1994-07-08,141480.00,2901.25,313.00,458.68
1994-07-09,141622.11,2901.32,325.00,396.65
1994-07-10,141643.16,2901.33,332.00,342.61
1994-07-11,141664.20,2901.34,332.00,342.61
1994-07-12,141706.31,2901.36,343.00,364.23
1994-07-13,141706.31,2901.36,357.00,357.00
1994-07-14,141274.75,2901.15,384.00,166.42
1994-07-15,141128.00,2901.08,396.00,322.01
1994-07-16,141274.75,2901.15,396.00,469.99
1994-07-17,140731.88,2900.88,414.00,140.30
1994-07-18,140400.00,2900.73,423.00,255.68
1994-07-19,140213.69,2900.64,432.00,338.07
1994-07-20,140255.80,2900.66,436.00,457.23
1994-07-21,139800.00,2900.44,450.00,220.20
1994-07-22,139447.00,2900.27,460.00,282.03
1994-07-23,139426.00,2900.26,460.00,449.41
1994-07-24,138830.00,2899.97,460.00,159.52
1994-07-25,138627.36,2899.87,455.00,352.84
1994-07-26,138400.00,2899.76,479.00,364.37
1994-07-27,138028.00,2899.58,503.00,315.45
1994-07-28,137740.00,2899.44,507.00,361.80
1994-07-29,136820.00,2898.99,516.00,52.17
1994-07-30,136145.80,2898.66,520.00,180.09
1994-07-31,135473.16,2898.33,520.00,180.88
1994-08-01,134842.00,2898.02,529.00,210.79
1994-08-02,134170.00,2897.69,538.00,199.20
1994-08-03,133380.00,2897.30,547.00,148.71
1994-08-04,132600.00,2896.91,557.00,163.75
1994-08-05,131670.00,2896.45,562.00,93.12
1994-08-06,130930.00,2896.08,572.00,198.92
1994-08-07,130109.85,2895.67,571.00,157.51
1994-08-08,129360.00,2895.29,570.00,191.95
1994-08-09,128840.00,2895.03,563.00,300.83
1994-08-10,127904.00,2894.56,562.00,90.10
1994-08-11,127410.05,2894.31,567.00,317.97
1994-08-12,126390.00,2893.79,571.00,56.73
1994-08-13,125680.00,2893.43,565.00,207.04
1994-08-14,124760.00,2892.96,569.00,105.17
1994-08-15,123820.00,2892.48,590.00,116.08
1994-08-16,122985.00,2892.05,595.00,174.02
1994-08-17,122091.00,2891.59,605.00,154.27
1994-08-18,121416.00,2891.24,604.00,263.69
1994-08-19,120380.00,2890.70,603.00,80.68
1994-08-20,119458.00,2890.22,602.00,137.16
1994-08-21,118631.00,2889.79,601.00,184.05
1994-08-22,117890.00,2889.40,594.00,220.41
1994-08-23,116920.95,2888.89,604.00,115.44
1994-08-24,115876.19,2888.34,614.00,87.26
1994-08-25,114917.14,2887.83,635.00,151.48
1994-08-26,113911.00,2887.29,684.00,176.74
1994-08-27,112639.05,2886.61,727.00,85.72
1994-08-28,111400.00,2885.94,792.00,167.31
1994-08-29,109939.78,2885.15,854.00,117.81
1994-08-30,108624.00,2884.43,853.00,189.63
1994-08-31,107253.91,2883.68,846.00,155.25
1994-09-01,105742.18,2882.84,911.00,148.83
1994-09-02,104050.00,2881.90,963.00,109.86
1994-09-03,102630.00,2881.10,1010.00,294.08
1994-09-04,100931.73,2880.14,1045.00,188.79
1994-09-05,99008.00,2879.04,1086.00,116.12
1994-09-06,96788.00,2877.76,1254.00,134.75
1994-09-07,94613.00,2876.49,1324.00,227.44
1994-09-08,92042.00,2874.97,1385.00,88.79
1994-09-09,89539.00,2873.47,1412.00,150.07
1994-09-10,86858.16,2871.84,1412.00,60.41
1994-09-11,84328.00,2870.28,1403.00,127.37
1994-09-12,81745.84,2868.66,1450.00,148.16
1994-09-13,79082.00,2866.97,1520.00,176.98
1994-09-14,76323.96,2865.19,1540.00,149.49
1994-09-15,73740.00,2863.50,1530.00,227.25
1994-09-16,71055.00,2861.71,1520.00,166.31
1994-09-17,68216.00,2859.79,1510.00,78.67
1994-09-18,65620.00,2858.00,1500.00,191.18
1994-09-19,62950.00,2856.12,1470.00,123.87
1994-09-20,60326.00,2854.24,1421.00,98.07
1994-09-21,57745.16,2852.35,1421.00,119.83
1994-09-22,55090.00,2850.36,1450.00,111.36
1994-09-23,52444.06,2848.32,1480.00,146.00
1994-09-24,49704.84,2846.15,1520.00,138.98
1994-09-25,46912.18,2843.86,1500.00,92.03
1994-09-26,44264.06,2841.62,1530.00,194.91
1994-09-27,41400.00,2839.10,1530.00,86.04
1994-09-28,38660.00,2836.60,1520.00,138.58
1994-09-29,35950.00,2834.04,1510.00,143.71
1994-09-30,33400.00,2831.54,1460.00,174.37
1994-10-01,30850.00,2828.93,1316.00,44.00
1994-10-02,28552.00,2826.48,1259.00,103.55
1994-10-03,26285.00,2823.95,1252.00,102.13
1994-10-04,24116.00,2821.42,1188.00,83.57
1994-10-05,22148.00,2819.01,1106.00,97.12
1994-10-06,20270.00,2816.59,1069.00,102.39
1994-10-07,18594.04,2814.32,1075.00,202.06
1994-10-08,16589.00,2811.47,1092.00,49.89
1994-10-09,14628.00,2808.48,1103.00,79.38
1994-10-10,12962.00,2805.77,1073.00,190.02
1994-10-11,11303.99,2802.89,1024.00,137.78
1994-10-12,10692.00,2801.77,600.00,295.18
1994-10-13,10875.01,2802.11,262.00,343.46
1994-10-14,11175.94,2802.66,213.00,352.98
1994-10-15,11335.00,2802.95,179.00,244.43
1994-10-16,11432.03,2803.12,169.00,201.62
1994-10-17,11510.00,2803.26,171.00,192.01
1994-10-18,11473.99,2803.19,173.00,134.54
1994-10-19,11292.10,2802.87,224.00,109.38
1994-10-20,11100.00,2802.52,198.00,86.70
1994-10-21,11335.00,2802.95,37.00,151.79
1994-10-22,11590.00,2803.40,21.00,142.26
1994-10-23,11816.01,2803.81,21.00,127.65
1994-10-24,12021.96,2804.17,21.00,117.53
1994-10-25,12240.00,2804.55,21.00,123.63
1994-10-26,12704.06,2805.34,22.00,248.63
1994-10-27,14182.00,2807.77,23.00,760.80
1994-10-28,15020.00,2809.10,22.00,437.31
1994-10-29,15721.96,2810.17,22.00,368.70
1994-10-30,16228.00,2810.93,22.00,269.93
1994-10-31,17545.09,2812.85,25.00,681.27
1994-11-01,19332.08,2815.34,28.00,920.17
1994-11-02,20358.00,2816.71,26.00,535.33
1994-11-03,21095.94,2817.67,24.00,393.60
1994-11-04,21232.08,2818.60,24.00,93.11
1994-11-05,22364.00,2819.28,23.00,594.54
1994-11-06,22914.00,2819.96,23.00,301.09
1994-11-07,23368.00,2820.51,23.00,252.73
1994-11-08,23834.00,2821.08,23.00,258.84
1994-11-09,24270.00,2821.60,23.00,243.62
1994-11-10,24698.02,2822.11,24.00,240.10
1994-11-11,25094.00,2822.58,24.00,224.24
1994-11-12,25433.00,2822.97,24.00,195.51
1994-11-13,25768.12,2823.36,24.00,193.56
1994-11-14,26150.00,2823.80,24.00,217.13
1994-11-15,26518.00,2824.22,24.00,210.13
1994-11-16,26923.96,2824.68,24.00,229.07
1994-11-17,27219.00,2825.01,23.00,172.88
1994-11-18,27462.00,2825.28,23.00,146.62
1994-11-19,27885.00,2825.75,24.00,237.86
1994-11-20,28173.00,2826.07,24.00,169.80
1994-11-21,28498.00,2826.42,24.00,188.45
1994-11-22,28780.00,2826.73,24.00,165.90
1994-11-23,29039.00,2827.01,24.00,153.58
1994-11-24,29450.00,2827.45,24.00,230.21
1994-11-25,29760.00,2827.78,24.00,179.29
1994-11-26,30051.00,2828.09,23.00,169.71
1994-11-27,30370.00,2828.43,23.00,184.03
1994-11-28,30711.00,2828.79,23.00,194.87
1994-11-29,31049.85,2829.14,24.00,194.64
1994-11-30,32370.00,2830.50,29.00,694.45
1994-12-01,33980.02,2832.11,40.00,851.45
1994-12-02,35039.90,2833.16,29.00,563.21
1994-12-03,35822.00,2833.92,21.00,414.77
1994-12-04,36510.00,2834.58,19.00,365.54
1994-12-05,37100.00,2835.14,18.00,315.13
1994-12-06,37669.95,2835.68,18.00,304.95
1994-12-07,38250.00,2836.22,18.00,310.04
1994-12-08,38793.00,2836.73,17.00,290.94
1994-12-09,39279.95,2837.18,17.00,262.55
1994-12-10,39783.84,2837.64,17.00,271.04
1994-12-11,40235.00,2838.05,17.00,244.46
1994-12-12,40653.00,2838.43,17.00,227.74
1994-12-13,41132.18,2838.86,17.00,258.58
1994-12-14,41543.00,2839.23,17.00,224.08
1994-12-15,41938.00,2839.58,17.00,216.27
1994-12-16,42432.00,2840.02,17.00,266.33
1994-12-17,42968.00,2840.49,17.00,287.83
1994-12-18,43695.79,2841.13,17.00,384.58
1994-12-19,44426.00,2841.76,17.00,385.95
1994-12-20,45530.00,2842.70,18.00,575.10
1994-12-21,46635.79,2843.63,20.00,577.36
1994-12-22,47500.15,2844.35,19.00,455.20
1994-12-23,48290.00,2845.00,19.00,417.34
1994-12-24,49071.81,2845.64,18.00,412.96
1994-12-25,49830.00,2846.25,18.00,400.70
1994-12-26,50770.00,2847.00,18.00,492.75
1994-12-27,52631.00,2848.47,20.00,958.97
1994-12-28,54893.00,2850.21,25.00,1166.13
1994-12-29,56242.00,2851.23,22.00,702.28
1994-12-30,57640.00,2852.27,20.00,725.55
1994-12-31,58568.00,2852.96,19.00,487.40
1995-01-01,59580.00,2853.70,18.00,529.02
1995-01-02,60396.00,2854.29,17.00,429.75
1995-01-03,61016.00,2854.74,17.00,330.43
1995-01-04,61716.00,2855.24,17.00,370.67
1995-01-05,62261.76,2855.63,17.00,293.36
1995-01-06,63074.00,2856.21,17.00,427.70
1995-01-07,63770.00,2856.70,17.00,369.10
1995-01-08,64449.93,2857.18,17.00,361.00
1995-01-09,65220.00,2857.72,17.00,406.45
1995-01-10,65910.00,2858.20,17.00,366.08
1995-01-11,66573.86,2858.66,17.00,352.90
1995-01-12,67196.00,2859.09,17.00,331.86
1995-01-13,67842.00,2859.53,17.00,343.89
1995-01-14,68320.22,2859.86,17.00,259.30
1995-01-15,69060.22,2860.36,17.00,391.28
1995-01-16,69544.96,2860.69,17.00,262.59
1995-01-17,70120.00,2861.08,17.00,308.12
1995-01-18,70590.00,2861.40,17.00,255.39
1995-01-19,71085.00,2861.73,18.00,268.16
1995-01-20,71400.00,2861.94,18.00,177.61
1995-01-21,72038.24,2862.37,18.00,340.58
1995-01-22,72427.73,2862.63,17.00,215.17
1995-01-23,72870.00,2862.92,17.00,241.78
1995-01-24,73259.93,2863.18,17.00,215.39
1995-01-25,73605.00,2863.41,17.00,192.77
1995-01-26,74200.00,2863.80,17.00,318.78
1995-01-27,74515.00,2864.01,17.00,177.61
1995-01-28,75005.11,2864.33,17.00,266.00
1995-01-29,75479.78,2864.64,17.00,258.37
1995-01-30,76212.08,2865.12,18.00,388.80
1995-01-31,78724.00,2866.74,25.00,1294.73
1995-02-01,83160.00,2869.55,47.00,2287.47
1995-02-02,86044.16,2871.34,44.00,1500.64
1995-02-03,88398.00,2872.78,34.00,1224.23
1995-02-04,90340.00,2873.95,28.00,1009.38
1995-02-05,91828.16,2874.84,25.00,777.68
1995-02-06,93592.96,2875.89,23.00,914.78
1995-02-07,95021.00,2876.73,21.00,743.11
1995-02-08,96357.00,2877.51,21.00,695.97
1995-02-09,97531.95,2878.19,20.00,614.22
1995-02-10,98850.00,2878.95,19.00,684.40
1995-02-11,99861.00,2879.53,19.00,527.91
1995-02-12,100931.73,2880.14,19.00,557.90
1995-02-13,101723.00,2880.59,19.00,416.43
1995-02-14,102827.00,2881.21,18.00,573.60
1995-02-15,103888.05,2881.81,18.00,551.94
1995-02-16,104770.00,2882.30,18.00,461.70
1995-02-17,105831.95,2882.89,19.00,553.43
1995-02-18,106858.00,2883.46,20.00,535.91
1995-02-19,111600.00,2886.05,57.00,2446.67
1995-02-20,117605.00,2889.25,68.00,3093.81
1995-02-21,122072.00,2891.58,52.00,2302.16
1995-02-22,125440.05,2893.31,37.00,1733.40
1995-02-23,128300.00,2894.76,31.00,1471.38
1995-02-24,130590.00,2895.91,29.00,1181.30
1995-02-25,132800.00,2897.01,26.00,1139.17
1995-02-26,134640.00,2897.92,25.00,951.07
1995-02-27,136330.00,2898.75,23.00,873.84
1995-02-28,137923.00,2899.53,22.00,823.99
1995-03-01,139350.00,2900.22,21.00,739.64
1995-03-02,140731.88,2900.88,21.00,716.30
1995-03-03,141958.00,2901.48,21.00,637.57
1995-03-04,142977.00,2901.97,21.00,533.15
1995-03-05,144132.00,2902.52,21.00,601.71
1995-03-06,145200.00,2903.03,21.00,557.85
1995-03-07,146127.00,2903.47,21.00,486.76
1995-03-08,147017.95,2903.89,21.00,468.59
1995-03-09,148205.00,2904.45,21.00,617.87
1995-03-10,149757.89,2905.18,21.00,802.44
1995-03-11,151190.27,2905.85,21.00,741.56
1995-03-12,152436.00,2906.43,21.00,647.46
1995-03-13,153945.63,2907.13,21.00,780.50
1995-03-14,155422.05,2907.81,21.00,764.24
1995-03-15,156974.00,2908.52,21.00,802.34
1995-03-16,158327.67,2909.14,21.00,702.48
1995-03-17,159318.00,2909.59,22.00,519.82
1995-03-18,160934.11,2910.32,22.00,836.86
1995-03-19,162335.00,2910.95,22.00,729.38
1995-03-20,163848.61,2911.63,22.00,786.54
1995-03-21,165041.78,2912.16,22.00,624.83
1995-03-22,165986.00,2912.58,113.00,636.61
1995-03-23,166370.00,2912.75,411.00,728.84
1995-03-24,165854.00,2912.52,656.00,427.42
1995-03-25,165718.00,2912.46,650.00,621.04
1995-03-26,165382.05,2912.31,650.00,520.66
1995-03-27,165557.95,2912.39,578.00,670.49
1995-03-28,165107.95,2912.19,535.00,288.75
1995-03-29,164975.63,2912.13,535.00,448.49
1995-03-30,164749.00,2912.03,540.00,403.44
1995-03-31,164614.00,2911.97,535.00,447.78
1995-04-01,164436.94,2911.89,535.00,427.16
1995-04-02,164253.06,2911.81,535.00,424.15
1995-04-03,164164.00,2911.77,535.00,470.94
1995-04-04,164436.94,2911.89,535.00,653.86
1995-04-05,164413.89,2911.88,535.00,504.40
1995-04-06,163670.00,2911.55,754.00,362.62
1995-04-07,162801.78,2911.16,1048.00,583.73
1995-04-08,161868.00,2910.74,1078.00,583.97
1995-04-09,160934.11,2910.32,1072.00,579.90
1995-04-10,159922.33,2909.86,1072.00,538.87
1995-04-11,158636.00,2909.28,1072.00,400.23
1995-04-12,157524.00,2908.77,1072.00,487.11
1995-04-13,156952.00,2908.51,694.00,484.98
1995-04-14,156908.00,2908.49,441.00,406.05
1995-04-15,156908.00,2908.49,409.00,396.67
1995-04-16,156908.00,2908.49,409.00,396.84
1995-04-17,156908.00,2908.49,409.00,397.84
1995-04-18,156800.00,2908.44,409.00,343.37
1995-04-19,156754.00,2908.42,414.00,375.64
1995-04-20,156687.95,2908.39,414.00,365.37
1995-04-21,156556.16,2908.33,414.00,333.76
1995-04-22,156490.00,2908.30,414.00,367.24
1995-04-23,156427.00,2908.27,414.00,370.28
1995-04-24,156406.00,2908.26,418.00,392.43
1995-04-25,156427.00,2908.27,418.00,414.92
1995-04-26,156886.00,2908.48,418.00,637.24
1995-04-27,156908.00,2908.49,423.00,419.74
1995-04-28,157546.00,2908.78,392.00,702.53
1995-04-29,158349.73,2909.15,376.00,770.89
1995-04-30,159076.00,2909.48,380.00,732.51
1995-05-01,159449.73,2909.65,380.00,556.59
1995-05-02,160274.00,2910.02,380.00,783.71
1995-05-03,161110.00,2910.40,384.00,791.64
1995-05-04,162000.00,2910.80,384.00,821.04
1995-05-05,162845.89,2911.18,384.00,799.47
1995-05-06,163780.00,2911.60,384.00,844.12
1995-05-07,164841.00,2912.07,388.00,909.79
1995-05-08,166641.39,2912.87,388.00,1284.21
1995-05-09,168635.00,2913.75,388.00,1382.28
1995-05-10,170511.00,2914.57,388.00,1323.47
1995-05-11,172121.00,2915.27,392.00,1191.04
1995-05-12,173225.00,2915.75,400.00,942.63
1995-05-13,174644.36,2916.36,405.00,1105.94
1995-05-14,175762.22,2916.84,405.00,954.25
1995-05-15,177214.00,2917.46,405.00,1122.43
1995-05-16,178903.89,2918.18,606.00,1452.14
1995-05-17,180140.00,2918.70,1096.00,1746.42
1995-05-18,180043.77,2918.66,1560.00,1483.94
1995-05-19,180019.70,2918.65,1324.00,1307.02
1995-05-20,180067.83,2918.67,1211.00,1210.99
1995-05-21,180140.00,2918.70,1211.00,1224.38
1995-05-22,180347.00,2918.79,1211.00,1292.31
1995-05-23,181018.00,2919.07,1084.00,1409.06
1995-05-24,181656.23,2919.34,1006.00,1310.58
1995-05-25,182232.00,2919.58,1006.00,1279.75
1995-05-26,182880.30,2919.85,1006.00,1316.86
1995-05-27,183695.94,2920.19,1006.00,1399.95
1995-05-28,184730.00,2920.62,1006.00,1511.10
1995-05-29,186033.77,2921.16,1006.00,1647.49
1995-05-30,187028.00,2921.57,1176.00,1671.08
1995-05-31,187974.00,2921.96,1470.00,1916.15
1995-06-01,188344.06,2922.11,1470.00,1624.84
1995-06-02,188900.25,2922.34,1300.00,1566.64
1995-06-03,189659.70,2922.65,1211.00,1575.29
1995-06-04,190155.31,2922.85,1211.00,1442.81
1995-06-05,190376.00,2922.94,1127.00,1223.48
1995-06-06,190865.64,2923.14,994.00,1225.56
1995-06-07,190961.88,2923.18,856.00,890.00
1995-06-08,191510.00,2923.40,688.00,945.41
1995-06-09,191775.00,2923.51,617.00,732.89
1995-06-10,192500.00,2923.80,617.00,963.48
1995-06-11,193339.64,2924.14,617.00,1021.01
1995-06-12,194155.00,2924.47,545.00,942.69
1995-06-13,194980.00,2924.80,465.00,869.28
1995-06-14,195755.06,2925.11,427.00,804.23
1995-06-15,196714.00,2925.49,388.00,867.04
1995-06-16,197540.13,2925.82,372.00,787.85
1995-06-17,198575.00,2926.23,427.00,950.75
1995-06-18,198750.00,2926.30,826.00,922.68
1995-06-19,198100.00,2926.04,1102.00,782.19
1995-06-20,197689.88,2925.88,940.00,735.63
1995-06-21,197689.88,2925.88,787.00,786.22
1995-06-22,197922.00,2925.97,820.00,939.37
1995-06-23,198525.00,2926.21,880.00,1185.64
1995-06-24,198550.00,2926.22,1012.00,1021.64
1995-06-25,198575.00,2926.23,1078.00,1090.21
1995-06-26,198550.00,2926.22,1127.00,1118.31
1995-06-27,198050.00,2926.02,1090.00,839.04
1995-06-28,197922.00,2925.97,1000.00,935.84
1995-06-29,198250.00,2926.10,862.00,1025.66
1995-06-30,198075.00,2926.03,874.00,786.30
1995-07-01,198075.00,2926.03,946.00,948.79
1995-07-02,198000.00,2926.00,1024.00,983.50
1995-07-03,197922.00,2925.97,1072.00,1034.26
1995-07-04,197665.42,2925.87,1054.00,924.96
1995-07-05,197214.94,2925.69,1012.00,784.08
1995-07-06,196790.00,2925.52,976.00,760.77
1995-07-07,196380.36,2925.36,886.00,680.85
1995-07-08,196765.00,2925.51,771.00,967.74
1995-07-09,197114.69,2925.65,738.00,914.56
1995-07-10,197340.00,2925.74,672.00,784.44
1995-07-11,197164.81,2925.67,625.00,541.47
1995-07-12,197139.75,2925.66,628.00,620.17
1995-07-13,197015.06,2925.61,626.00,567.87
1995-07-14,197340.00,2925.74,624.00,794.09
1995-07-15,197290.00,2925.72,616.00,602.75
1995-07-16,197265.00,2925.71,614.00,614.70
1995-07-17,197240.00,2925.70,611.00,613.09
1995-07-18,197214.94,2925.69,603.00,611.90
1995-07-19,197240.00,2925.70,601.00,636.49
1995-07-20,197290.00,2925.72,604.00,652.02
1995-07-21,197365.00,2925.75,602.00,663.93
1995-07-22,197315.00,2925.73,600.00,603.96
1995-07-23,196790.00,2925.52,597.00,363.97
1995-07-24,196532.00,2925.42,590.00,494.01
1995-07-25,196330.25,2925.34,587.00,520.28
1995-07-26,196080.00,2925.24,585.00,495.38
1995-07-27,195904.81,2925.17,583.00,534.65
1995-07-28,195555.00,2925.03,586.00,452.81
1995-07-29,194980.00,2924.80,622.00,377.32
1995-07-30,194480.00,2924.60,639.00,432.98
1995-07-31,193884.36,2924.36,650.00,395.07
1995-08-01,193290.13,2924.12,655.00,373.51
1995-08-02,192715.94,2923.89,677.00,384.45
1995-08-03,191950.00,2923.58,738.00,348.15
1995-08-04,191210.00,2923.28,776.00,396.57
1995-08-05,190180.36,2922.86,793.00,269.82
1995-08-06,189098.00,2922.42,803.00,251.39
1995-08-07,188195.00,2922.05,798.00,339.74
1995-08-08,187291.88,2921.68,787.00,327.99
1995-08-09,186538.41,2921.37,782.00,398.39
1995-08-10,185328.41,2920.87,782.00,167.15
1995-08-11,184392.00,2920.48,765.00,289.37
1995-08-12,183288.00,2920.02,760.00,197.83
1995-08-13,182351.59,2919.63,760.00,281.39
1995-08-14,181273.89,2919.18,760.00,209.28
1995-08-15,180280.00,2918.76,754.00,249.22
1995-08-16,179334.36,2918.36,754.00,274.30
1995-08-17,178342.00,2917.94,760.00,251.15
1995-08-18,177214.00,2917.46,760.00,182.77
1995-08-19,176250.00,2917.05,765.00,275.14
1995-08-20,175108.00,2916.56,776.00,197.31
1995-08-21,174017.00,2916.09,787.00,231.41
1995-08-22,172880.00,2915.60,820.00,239.34
1995-08-23,171569.00,2915.03,838.00,171.51
1995-08-24,170235.00,2914.45,832.00,155.21
1995-08-25,169072.00,2913.94,832.00,240.95
1995-08-26,167886.00,2913.42,832.00,228.78
1995-08-27,166526.11,2912.82,832.00,139.42
1995-08-28,165270.00,2912.26,803.00,167.26
1995-08-29,164253.06,2911.79,732.00,214.12
1995-08-30,163428.00,2911.44,683.00,260.78
1995-08-31,162450.00,2911.00,683.00,182.08
1995-09-01,161560.00,2910.60,683.00,226.67
1995-09-02,160603.84,2910.17,683.00,192.42
1995-09-03,159515.89,2909.68,760.00,204.35
1995-09-04,158349.73,2909.15,843.00,249.81
1995-09-05,156665.89,2908.38,902.00,51.53
1995-09-06,155167.95,2907.69,978.00,223.58
1995-09-07,153450.00,2906.90,1270.00,411.18
1995-09-08,150010.00,2905.30,2038.00,306.75
1995-09-09,145433.69,2903.14,2580.00,273.54
1995-09-10,141400.00,2901.21,2304.00,267.40
1995-09-11,137430.00,2899.29,2181.00,180.16
1995-09-12,134169.95,2897.69,2082.00,437.51
1995-09-13,130089.80,2895.66,2126.00,77.93
1995-09-14,126210.00,2893.70,2137.00,210.25
1995-09-15,122420.00,2891.76,2159.00,282.37
1995-09-16,118364.77,2889.65,2225.00,211.83
1995-09-17,114129.00,2887.41,2258.00,159.37
1995-09-18,109886.09,2885.12,2247.00,136.08
1995-09-19,106012.00,2882.99,2236.00,315.03
1995-09-20,101723.00,2880.59,2214.00,86.97
1995-09-21,97839.29,2878.37,2159.00,238.37
1995-09-22,93899.00,2876.07,2137.00,178.45
1995-09-23,89839.80,2873.65,2104.00,93.43
1995-09-24,86252.00,2871.47,2071.00,289.99
1995-09-25,82280.00,2869.00,2049.00,83.49
1995-09-26,78547.73,2866.63,2027.00,183.22
1995-09-27,75140.00,2864.42,1906.00,224.40
1995-09-28,72427.73,2862.63,1703.00,353.88
1995-09-29,69895.00,2860.93,1497.00,221.41
1995-09-30,67650.00,2859.40,1367.00,232.27
1995-10-01,65564.00,2857.96,1268.00,217.00
1995-10-02,64176.00,2856.99,973.00,273.23
1995-10-03,63592.00,2856.58,787.00,492.57
1995-10-04,63144.00,2856.26,636.00,410.14
1995-10-05,62416.00,2855.74,677.00,309.97
1995-10-06,61492.00,2855.08,726.00,260.16
1995-10-07,60462.13,2854.34,798.00,278.78
1995-10-08,59184.00,2853.41,886.00,241.62
1995-10-09,57963.00,2852.51,940.00,324.42
1995-10-10,56574.00,2851.48,970.00,269.72
1995-10-11,56443.94,2851.38,826.00,760.43
1995-10-12,56470.00,2851.40,515.00,528.14
1995-10-13,56726.00,2851.59,239.00,368.06
1995-10-14,57166.00,2851.92,67.00,288.83
1995-10-15,57638.00,2852.27,18.00,255.96
1995-10-16,58607.00,2852.99,19.00,507.53
1995-10-17,59720.00,2853.80,21.00,582.13
1995-10-18,61100.00,2854.80,21.00,716.74
1995-10-19,61979.00,2855.43,21.00,464.16
1995-10-20,62682.00,2855.93,21.00,375.42
1995-10-21,63172.00,2856.28,21.00,268.04
1995-10-22,63826.00,2856.74,21.00,350.72
1995-10-23,64134.00,2856.96,21.00,176.28
1995-10-24,64760.00,2857.40,21.00,336.60
1995-10-25,65465.96,2857.89,22.00,377.92
1995-10-26,66116.14,2858.34,22.00,349.79
1995-10-27,66836.14,2858.84,22.00,384.99
1995-10-28,67458.00,2859.27,22.00,335.52
1995-10-29,67970.07,2859.62,22.00,280.17
1995-10-30,68440.00,2859.94,22.00,258.92
1995-10-31,68940.00,2860.28,22.00,274.08
1995-11-01,69335.00,2860.55,22.00,221.14
1995-11-02,69602.00,2860.73,76.00,210.61
1995-11-03,69880.00,2860.92,108.00,248.16
1995-11-04,69880.00,2860.92,105.00,105.00
1995-11-05,70342.00,2861.23,103.00,335.92
1995-11-06,70574.96,2861.39,118.00,235.45
1995-11-07,70650.00,2861.44,158.00,195.83
1995-11-08,73800.00,2863.54,130.00,1718.10
1995-11-09,76640.00,2865.40,38.00,1469.81
1995-11-10,78206.00,2866.41,17.00,806.51
1995-11-11,82730.00,2869.28,19.00,2299.82
1995-11-12,86060.00,2871.35,18.00,1696.85
1995-11-13,89505.00,2873.45,19.00,1755.83
1995-11-14,92872.00,2875.46,18.00,1715.50
1995-11-15,95327.00,2876.91,18.00,1255.71
1995-11-16,97584.00,2878.22,18.00,1155.89
1995-11-17,99316.00,2879.22,18.00,891.20
1995-11-18,101638.00,2880.54,18.00,1188.66
1995-11-19,103286.00,2881.47,18.00,848.85
1995-11-20,104644.00,2882.23,18.00,702.65
1995-11-21,105831.95,2882.89,18.00,616.92
1995-11-22,107110.00,2883.60,18.00,662.34
1995-11-23,108768.00,2884.51,19.00,854.90
1995-11-24,110895.87,2885.67,19.00,1091.78
1995-11-25,115183.00,2887.97,19.00,2180.40
1995-11-26,117700.00,2889.30,19.00,1287.97
1995-11-27,119686.19,2890.34,20.00,1021.35
1995-11-28,126800.00,2894.00,24.00,3610.49
1995-11-29,139900.00,2900.49,24.00,6628.49
1995-11-30,151321.00,2905.91,25.00,5783.00
1995-12-01,157988.00,2908.97,25.00,3386.23
1995-12-02,162312.00,2910.94,24.00,2203.98
1995-12-03,165649.00,2912.43,23.00,1705.38
1995-12-04,167320.83,2913.17,326.00,1168.87
1995-12-05,165810.00,2912.50,2100.00,1338.30
1995-12-06,161912.00,2910.76,2628.00,662.79
1995-12-07,158482.00,2909.21,2628.00,898.73
1995-12-08,155232.00,2907.72,2543.00,904.48
1995-12-09,152286.31,2906.36,2387.00,901.90
1995-12-10,148971.05,2904.81,2374.00,702.58
1995-12-11,148457.00,2904.57,2003.00,1743.84
1995-12-12,150207.95,2905.39,464.00,1346.76
1995-12-13,154188.00,2907.24,312.00,2318.58
1995-12-14,154882.00,2907.56,1330.00,1679.89
1995-12-15,153924.11,2907.12,1667.00,1184.07
1995-12-16,152674.00,2906.54,1770.00,1139.75
1995-12-17,151168.22,2905.84,1770.00,1010.85
1995-12-18,149590.00,2905.10,1956.00,1160.33
1995-12-19,146673.00,2903.73,2176.00,705.37
1995-12-20,144069.00,2902.49,2165.00,852.17
1995-12-21,141270.00,2901.15,2153.00,741.86
1995-12-22,139531.05,2900.31,1494.00,617.29
1995-12-23,138750.00,2899.93,840.00,446.23
1995-12-24,138770.00,2899.94,512.00,522.08
1995-12-25,138770.00,2899.94,512.00,512.00
1995-12-26,138730.00,2899.92,512.00,491.83
1995-12-27,138690.00,2899.90,471.00,450.83
1995-12-28,138750.00,2899.93,365.00,395.25
1995-12-29,139447.00,2900.27,347.00,698.40
1995-12-30,140088.00,2900.58,347.00,670.17
1995-12-31,141316.84,2901.17,350.00,969.53
1996-01-01,142147.00,2901.57,350.00,768.53
1996-01-02,142767.36,2901.87,350.00,662.76
1996-01-03,144425.80,2902.66,350.00,1186.12
1996-01-04,145412.64,2903.13,573.00,1070.53
1996-01-05,145517.89,2903.18,792.00,845.06
1996-01-06,145896.31,2903.36,791.00,981.78
1996-01-07,146673.00,2903.73,791.00,1182.57
1996-01-08,146974.38,2903.87,1057.00,1208.94
1996-01-09,146694.00,2903.74,1312.00,1170.65
1996-01-10,146316.00,2903.56,1311.00,1120.43
1996-01-11,145266.00,2903.06,1310.00,780.63
1996-01-12,144383.69,2902.64,1309.00,864.17
1996-01-13,143417.89,2902.18,1308.00,821.08
1996-01-14,142356.84,2901.67,1307.00,772.06
1996-01-15,143607.00,2902.27,764.00,1394.28
1996-01-16,145496.84,2903.17,318.00,1270.78
1996-01-17,146736.00,2903.76,318.00,942.73
1996-01-18,148268.00,2904.48,318.00,1090.37
1996-01-19,148818.00,2904.74,679.00,956.29
1996-01-20,148142.00,2904.42,1074.00,733.19
1996-01-21,147880.00,2904.30,1073.00,940.91
1996-01-22,146886.16,2903.83,1073.00,571.94
1996-01-23,146085.00,2903.45,1072.00,668.09
1996-01-24,145728.00,2903.28,999.00,819.02
1996-01-25,145224.00,2903.04,861.00,606.90
1996-01-26,144467.89,2902.68,807.00,425.80
1996-01-27,143817.36,2902.37,807.00,479.03
1996-01-28,143354.75,2902.15,806.00,572.77
1996-01-29,142977.00,2901.97,772.00,581.55
1996-01-30,142147.00,2901.57,695.00,276.55
1996-01-31,141540.00,2901.28,689.00,382.98
1996-02-01,141086.00,2901.06,688.00,459.11
1996-02-02,140636.23,2900.84,633.00,406.25
1996-02-03,140172.11,2900.62,599.00,365.01
1996-02-04,139900.00,2900.49,604.00,466.81
1996-02-05,140130.00,2900.60,430.00,545.96
1996-02-06,142063.00,2901.53,323.00,1297.54
1996-02-07,149611.05,2905.11,340.00,4145.42
1996-02-08,167028.00,2913.04,269.00,9049.92
1996-02-09,181416.00,2919.24,109.00,7362.84
1996-02-10,188608.00,2922.22,124.00,3749.91
1996-02-11,193215.00,2924.09,139.00,2461.66
1996-02-12,195804.58,2925.13,544.00,1849.56
1996-02-13,195530.00,2925.02,1617.00,1478.57
1996-02-14,193980.00,2924.40,2243.00,1461.55
1996-02-15,191800.00,2923.52,2382.00,1282.93
1996-02-16,189540.00,2922.60,2429.00,1289.60
1996-02-17,187436.00,2921.74,2428.00,1367.25
1996-02-18,185985.64,2921.14,2427.00,1695.79
1996-02-19,184799.70,2920.65,2425.00,1827.10
1996-02-20,183000.00,2919.90,2400.00,1492.66
1996-02-21,181320.00,2919.20,2377.00,1530.01
1996-02-22,178600.00,2918.05,2378.00,1006.69
1996-02-23,176226.00,2917.04,2368.00,1171.13
1996-02-24,173994.00,2916.08,2369.00,1243.72
1996-02-25,170671.66,2914.64,2358.00,683.01
1996-02-26,167863.00,2913.41,2359.00,942.99
1996-02-27,165764.00,2912.48,1848.00,789.77
1996-02-28,164460.00,2911.90,1203.00,545.58
1996-02-29,163582.00,2911.51,1084.00,641.35
1996-03-01,163164.11,2911.32,862.00,651.32
1996-03-02,163074.00,2911.28,711.00,665.57
1996-03-03,163142.05,2911.31,706.00,740.31
1996-03-04,163120.00,2911.30,668.00,656.88
1996-03-05,163120.00,2911.30,597.00,597.00
1996-03-06,163051.00,2911.27,603.00,568.21
1996-03-07,163051.00,2911.27,565.00,565.00
1996-03-08,163074.00,2911.28,539.00,550.60
1996-03-09,163142.05,2911.31,534.00,568.31
1996-03-10,163340.00,2911.40,535.00,634.80
1996-03-11,163450.00,2911.45,540.00,595.46
1996-03-12,163670.00,2911.55,536.00,646.92
1996-03-13,163848.61,2911.63,536.00,626.05
1996-03-14,164186.00,2911.78,542.00,712.10
1996-03-15,164504.00,2911.92,537.00,697.32
1996-03-16,164658.00,2911.99,538.00,615.64
1996-03-17,164818.00,2912.06,538.00,618.67
1996-03-18,165222.00,2912.24,544.00,747.68
1996-03-19,165448.22,2912.34,544.00,658.05
1996-03-20,165718.00,2912.46,545.00,681.01
1996-03-21,165787.00,2912.49,545.00,579.79
1996-03-22,165854.00,2912.52,545.00,578.78
1996-03-23,165876.00,2912.53,545.00,556.09
1996-03-24,165854.00,2912.52,545.00,533.91
1996-03-25,165854.00,2912.52,540.00,540.00
1996-03-26,165832.00,2912.51,545.00,533.91
1996-03-27,165810.00,2912.50,543.31,532.22
1996-03-28,165787.00,2912.49,432.01,420.42
1996-03-29,165920.00,2912.55,323.00,390.05
1996-03-30,166053.06,2912.61,326.00,393.08
1996-03-31,166436.00,2912.78,330.00,523.06
1996-04-01,166871.00,2912.97,282.00,501.31
1996-04-02,167343.89,2913.18,207.00,445.41
1996-04-03,167886.00,2913.42,126.00,399.31
1996-04-04,168681.00,2913.77,95.00,495.81
1996-04-05,169394.00,2914.08,95.00,454.47
1996-04-06,170073.89,2914.38,95.00,437.77
1996-04-07,171086.11,2914.82,95.00,605.32
1996-04-08,172489.00,2915.43,95.00,802.28
1996-04-09,174339.00,2916.23,102.00,1034.69
1996-04-10,176107.00,2916.99,106.00,997.35
1996-04-11,177826.00,2917.72,107.00,973.65
1996-04-12,179732.00,2918.53,107.00,1067.93
1996-04-13,181181.66,2919.14,110.00,840.86
1996-04-14,183040.00,2919.92,109.00,1045.90
1996-04-15,183695.94,2920.19,109.00,439.70
1996-04-16,185088.00,2920.77,150.00,851.82
1996-04-17,185940.00,2921.12,318.00,747.54
1996-04-18,186635.00,2921.41,517.00,867.39
1996-04-19,186760.00,2921.46,618.00,681.02
1996-04-20,186908.00,2921.52,617.00,691.62
1996-04-21,186980.00,2921.55,615.00,651.30
1996-04-22,187171.59,2921.63,517.00,613.59
1996-04-23,188560.00,2922.20,451.00,1150.98
1996-04-24,191285.06,2923.31,455.00,1828.87
1996-04-25,192350.00,2923.74,808.00,1344.90
1996-04-26,192124.69,2923.65,1172.00,1058.41
1996-04-27,191510.00,2923.40,1171.00,861.10
1996-04-28,191135.00,2923.25,1169.00,979.94
1996-04-29,191010.00,2923.20,1022.00,958.98
1996-04-30,190794.06,2923.11,746.00,637.13
1996-05-01,191435.42,2923.37,629.00,952.35
1996-05-02,191654.00,2923.46,520.00,630.20
1996-05-03,192000.00,2923.60,474.00,648.44
1996-05-04,192124.69,2923.65,477.00,539.86
1996-05-05,192450.00,2923.78,476.00,640.01
1996-05-06,192890.00,2923.96,400.00,621.83
1996-05-07,193364.69,2924.15,359.00,598.32
1996-05-08,193740.00,2924.30,360.00,549.22
1996-05-09,194030.00,2924.42,357.00,503.21
1996-05-10,194155.00,2924.47,470.00,533.02
1996-05-11,193615.00,2924.25,643.00,370.75
1996-05-12,194130.00,2924.46,641.00,900.64
1996-05-13,194780.00,2924.72,536.00,863.70
1996-05-14,196005.00,2925.21,593.75,1211.35
1996-05-15,195930.00,2925.18,1154.21,1116.40
1996-05-16,195904.81,2925.17,1253.10,1240.40
1996-05-17,195854.69,2925.15,1158.40,1133.13
1996-05-18,195829.64,2925.14,1157.14,1144.51
1996-05-19,195605.00,2925.05,1156.94,1043.68
1996-05-20,195530.00,2925.02,1023.66,985.85
1996-05-21,195605.00,2925.05,831.00,868.81
1996-05-22,195580.00,2925.04,830.00,817.40
1996-05-23,195580.00,2925.04,807.00,807.00
1996-05-24,195630.00,2925.06,763.00,788.21
1996-05-25,195829.64,2925.14,719.00,819.65
1996-05-26,196405.42,2925.37,724.00,1014.29
1996-05-27,196940.00,2925.58,790.00,1059.51
1996-05-28,197139.75,2925.66,871.00,971.71
1996-05-29,197240.00,2925.70,873.37,923.91
1996-05-30,197265.00,2925.71,875.51,888.11
1996-05-31,197215.00,2925.69,853.27,828.06
1996-06-01,197240.00,2925.70,821.75,834.35
1996-06-02,197340.00,2925.74,821.05,871.46
1996-06-03,197440.00,2925.78,1145.52,1195.93
1996-06-04,197064.58,2925.63,1752.76,1563.48
1996-06-05,197290.00,2925.72,1405.09,1518.74
1996-06-06,197590.25,2925.84,1084.50,1235.87
1996-06-07,198075.00,2926.03,1129.00,1373.39
1996-06-08,197818.00,2925.93,1302.00,1172.43
1996-06-09,197440.00,2925.78,1360.00,1169.43
1996-06-10,197015.06,2925.61,1254.00,1039.76
1996-06-11,197390.00,2925.76,953.00,1142.03
1996-06-12,198075.00,2926.03,733.00,1078.35
1996-06-13,198525.00,2926.21,732.00,958.87
1996-06-14,198600.00,2926.24,832.00,869.81
1996-06-15,198625.00,2926.25,922.00,934.60
1996-06-16,198650.00,2926.26,940.00,952.60
1996-06-17,198600.00,2926.24,903.50,878.29
1996-06-18,198575.00,2926.23,840.66,828.05
1996-06-19,198550.00,2926.22,712.02,699.42
1996-06-20,198575.00,2926.23,601.77,614.38
1996-06-21,198600.00,2926.24,599.53,612.13
1996-06-22,198600.00,2926.24,654.00,654.00
1996-06-23,198675.00,2926.27,687.00,724.81
1996-06-24,198725.00,2926.29,736.00,761.21
1996-06-25,198802.13,2926.32,752.00,790.88
1996-06-26,198828.19,2926.33,752.00,765.14
1996-06-27,198828.19,2926.33,763.00,763.00
1996-06-28,198880.31,2926.35,790.00,816.28
1996-06-29,198725.00,2926.29,801.00,722.70
1996-06-30,198650.00,2926.26,801.00,763.19
1996-07-01,198650.00,2926.26,729.00,729.00
1996-07-02,198957.88,2926.38,680.00,835.22
1996-07-03,199135.00,2926.45,784.00,873.30
1996-07-04,199135.00,2926.45,919.65,919.65
1996-07-05,199085.00,2926.43,900.36,875.15
1996-07-06,198776.06,2926.31,788.57,632.82
1996-07-07,198700.00,2926.28,706.00,667.65
1996-07-08,198725.00,2926.29,706.00,718.60
1996-07-09,198725.00,2926.29,761.00,761.00
1996-07-10,198675.00,2926.27,733.00,707.79
1996-07-11,198650.00,2926.26,695.00,682.40
1996-07-12,198650.00,2926.26,683.00,683.00
1996-07-13,198700.00,2926.28,700.00,725.21
1996-07-14,198880.31,2926.35,749.00,839.91
1996-07-15,198854.25,2926.34,787.00,773.86
1996-07-16,198650.00,2926.26,782.00,679.03
1996-07-17,198050.00,2926.02,710.00,407.50
1996-07-18,197818.00,2925.93,655.00,538.04
1996-07-19,197565.19,2925.83,610.00,482.54
1996-07-20,197340.00,2925.74,594.00,480.47
1996-07-21,197164.81,2925.67,582.00,493.68
1996-07-22,197089.64,2925.64,582.00,544.10
1996-07-23,196915.00,2925.57,626.00,537.95
1996-07-24,196890.00,2925.56,582.00,569.40
1996-07-25,196940.00,2925.58,581.00,606.21
1996-07-26,196840.00,2925.54,581.00,530.58
1996-07-27,196790.00,2925.52,608.00,582.79
1996-07-28,196454.94,2925.39,641.00,472.08
1996-07-29,196280.13,2925.32,641.00,552.87
1996-07-30,196105.00,2925.25,641.00,552.71
1996-07-31,195780.13,2925.12,640.00,476.21
1996-08-01,195804.58,2925.13,646.00,658.33
1996-08-02,194554.58,2924.63,667.00,36.80
1996-08-03,194530.13,2924.62,667.00,654.67
1996-08-04,193590.00,2924.24,667.00,193.03
1996-08-05,193215.00,2924.09,645.00,455.94
1996-08-06,192915.00,2923.97,633.00,481.75
1996-08-07,192840.00,2923.94,633.00,595.19
1996-08-08,192050.13,2923.62,655.00,256.78
1996-08-09,191582.00,2923.43,716.00,479.99
1996-08-10,190745.00,2923.09,804.00,382.02
1996-08-11,189683.77,2922.66,839.00,303.97
1996-08-12,188875.19,2922.33,845.00,437.35
1996-08-13,187902.00,2921.93,875.00,384.36
1996-08-14,186956.00,2921.54,911.00,434.07
1996-08-15,185715.00,2921.03,923.00,297.34
1996-08-16,184464.00,2920.51,918.00,287.30
1996-08-17,183312.00,2920.03,852.00,271.21
1996-08-18,182688.00,2919.77,822.00,507.40
1996-08-19,181344.00,2919.21,783.00,105.41
1996-08-20,180260.00,2918.75,811.00,264.49
1996-08-21,179190.00,2918.30,852.00,312.55
1996-08-22,177987.00,2917.79,882.00,275.50
1996-08-23,176886.11,2917.32,907.00,351.98
1996-08-24,175598.00,2916.77,913.00,263.59
1996-08-25,174270.00,2916.20,943.00,273.48
1996-08-26,172994.72,2915.65,847.00,204.06
1996-08-27,172328.34,2915.36,708.00,372.04
1996-08-28,171477.00,2914.99,691.00,261.79
1996-08-29,170763.89,2914.68,691.00,331.48
1996-08-30,170005.28,2914.35,780.00,397.54
1996-08-31,168658.00,2913.76,842.00,162.76
1996-09-01,167817.95,2913.39,842.00,418.48
1996-09-02,166282.00,2912.71,902.00,127.63
1996-09-03,164526.00,2911.93,1132.00,246.70
1996-09-04,162604.00,2911.07,1266.00,297.01
1996-09-05,160142.00,2909.96,1392.00,150.76
1996-09-06,157303.84,2908.67,1678.00,247.12
1996-09-07,154188.00,2907.24,1915.00,344.12
1996-09-08,150506.00,2905.53,2158.00,301.69
1996-09-09,146295.00,2903.55,2459.00,335.99
1996-09-10,142270.00,2901.63,2351.00,321.76
1996-09-11,138620.00,2899.87,2203.00,362.82
1996-09-12,134559.91,2897.88,2304.00,257.07
1996-09-13,130470.24,2895.85,2375.00,313.16
1996-09-14,126467.14,2893.83,2349.00,330.80
1996-09-15,122928.00,2892.02,2188.00,403.71
1996-09-16,119743.33,2890.37,2011.00,405.42
1996-09-17,116464.77,2888.65,1977.00,324.08
1996-09-18,113237.00,2886.93,2009.00,381.69
1996-09-19,109939.78,2885.15,1941.00,278.68
1996-09-20,106840.00,2883.45,1819.00,256.22
1996-09-21,103836.00,2881.78,1752.00,237.51
1996-09-22,100985.87,2880.17,1729.00,292.08
1996-09-23,98087.00,2878.51,1668.00,206.51
1996-09-24,95344.00,2876.92,1587.00,204.09
1996-09-25,92651.13,2875.33,1576.00,218.36
1996-09-26,90056.00,2873.78,1644.00,335.64
1996-09-27,86992.00,2871.92,1683.00,138.26
1996-09-28,84103.77,2870.14,1712.00,255.87
1996-09-29,81003.96,2868.19,1731.00,168.20
1996-09-30,78563.77,2866.64,1412.00,181.75
1996-10-01,76243.77,2865.14,1340.00,171.00
1996-10-02,73635.00,2863.43,1454.00,138.75
1996-10-03,71040.00,2861.70,1487.00,178.69
1996-10-04,68670.00,2860.10,1413.00,218.12
1996-10-05,66415.00,2858.55,1389.00,252.10
1996-10-06,64360.07,2857.12,1299.00,262.97
1996-10-07,62130.00,2855.54,1212.00,87.67
1996-10-08,60032.00,2854.03,1243.00,185.26
1996-10-09,57796.97,2852.39,1323.00,196.17
1996-10-10,55480.00,2850.65,1352.00,183.86
1996-10-11,54460.00,2849.88,785.00,270.75
1996-10-12,53210.00,2848.92,754.00,123.79
1996-10-13,52340.00,2848.24,751.00,312.37
1996-10-14,51819.09,2847.83,484.00,221.38
1996-10-15,52006.00,2847.98,229.00,323.23
1996-10-16,52186.06,2848.12,159.00,249.78
1996-10-17,52263.94,2848.18,187.00,226.26
1996-10-18,52492.18,2848.36,209.00,324.07
1996-10-19,52566.00,2848.42,210.00,247.22
1996-10-20,52566.00,2848.42,211.00,211.00
1996-10-21,52566.00,2848.42,212.00,212.00
1996-10-22,52683.00,2848.51,213.00,271.99
1996-10-23,52787.00,2848.59,214.00,266.43
1996-10-24,53176.97,2848.89,215.00,411.61
1996-10-25,53450.00,2849.10,174.00,311.65
1996-10-26,53671.00,2849.27,109.00,220.42
1996-10-27,54009.00,2849.53,110.00,280.41
1996-10-28,54230.00,2849.70,141.00,252.42
1996-10-29,54698.00,2850.06,67.00,302.95
1996-10-30,55224.00,2850.46,17.00,282.19
1996-10-31,55670.00,2850.80,17.00,241.86
1996-11-01,56134.84,2851.15,17.00,251.36
1996-11-02,56522.00,2851.44,17.00,212.19
1996-11-03,56804.84,2851.65,17.00,159.60
1996-11-04,57350.00,2852.06,18.00,292.85
1996-11-05,57690.00,2852.31,18.00,189.42
1996-11-06,58121.76,2852.63,18.00,235.68
1996-11-07,58581.00,2852.97,18.00,249.53
1996-11-08,59017.00,2853.29,18.00,237.82
1996-11-09,59454.04,2853.61,18.00,238.34
1996-11-10,59886.00,2853.92,19.00,236.78
1996-11-11,60326.00,2854.24,19.00,240.83
1996-11-12,60554.00,2854.41,19.00,133.95
1996-11-13,61492.00,2855.08,19.00,491.91
1996-11-14,62130.00,2855.54,19.00,340.66
1996-11-15,62598.24,2855.87,20.00,256.07
1996-11-16,63200.00,2856.30,20.00,323.39
1996-11-17,63606.00,2856.59,20.00,224.69
1996-11-18,64176.00,2856.99,20.00,307.38
1996-11-19,64886.00,2857.49,20.00,377.96
1996-11-20,65340.00,2857.80,21.00,249.89
1996-11-21,65650.00,2858.02,21.00,177.29
1996-11-22,66256.00,2858.44,21.00,326.53
1996-11-23,66705.00,2858.75,21.00,247.37
1996-11-24,67112.00,2859.03,21.00,226.20
1996-11-25,67560.15,2859.34,21.00,246.94
1996-11-26,67770.00,2859.48,21.00,126.80
1996-11-27,68455.00,2859.95,56.00,401.35
1996-11-28,70150.00,2861.10,90.00,944.56
1996-11-29,71085.00,2861.73,90.00,561.40
1996-11-30,71790.00,2862.20,92.00,447.44
1996-12-01,72750.15,2862.84,92.00,576.08
1996-12-02,73425.00,2863.29,45.00,385.24
1996-12-03,74104.00,2863.74,19.00,361.33
1996-12-04,74745.84,2864.16,19.00,342.60
1996-12-05,75585.00,2864.71,19.00,442.07
1996-12-06,76227.73,2865.13,19.00,343.04
1996-12-07,76624.96,2865.39,19.00,219.27
1996-12-08,77465.00,2865.93,19.00,442.52
1996-12-09,78055.04,2866.31,19.00,316.48
1996-12-10,78643.96,2866.69,19.00,315.91
1996-12-11,79235.00,2867.07,19.00,316.98
1996-12-12,79632.08,2867.32,19.00,219.19
1996-12-13,80230.00,2867.70,20.00,321.45
1996-12-14,80620.00,2867.95,20.00,216.63
1996-12-15,80860.00,2868.10,20.00,141.00
1996-12-16,81538.00,2868.53,20.00,361.83
1996-12-17,81900.00,2868.76,20.00,202.51
1996-12-18,82280.00,2869.00,21.00,212.58
1996-12-19,82760.00,2869.30,21.00,263.00
1996-12-20,83256.04,2869.61,21.00,271.09
1996-12-21,83672.27,2869.87,21.00,230.85
1996-12-22,84072.08,2870.12,21.00,222.57
1996-12-23,84632.00,2870.47,21.00,303.29
1996-12-24,85090.00,2870.75,34.00,264.91
1996-12-25,85474.00,2870.99,53.00,246.60
1996-12-26,85755.84,2871.16,53.00,195.10
1996-12-27,86436.00,2871.58,53.00,395.91
1996-12-28,86774.00,2871.79,54.00,224.41
1996-12-29,87415.91,2872.18,54.00,377.63
1996-12-30,88201.84,2872.66,74.00,470.24
1996-12-31,89692.00,2873.56,101.00,852.29
1997-01-01,93372.00,2875.76,71.00,1926.33
1997-01-02,96995.91,2877.88,40.00,1867.06
1997-01-03,99720.00,2879.45,40.00,1413.39
1997-01-04,101604.00,2880.52,35.00,984.85
1997-01-05,103358.00,2881.51,33.00,917.31
1997-01-06,104752.00,2882.29,31.00,733.81
1997-01-07,105868.00,2882.91,32.00,594.65
1997-01-08,107038.00,2883.56,33.00,622.88
1997-01-09,108056.09,2884.12,29.00,542.29
1997-01-10,108714.00,2884.48,30.00,361.70
1997-01-11,109774.00,2885.06,31.00,565.42
1997-01-12,110618.00,2885.52,31.00,456.52
1997-01-13,111248.27,2885.86,33.00,350.76
1997-01-14,112120.00,2886.33,35.00,474.50
1997-01-15,112810.00,2886.70,34.00,381.88
1997-01-16,113406.00,2887.02,34.00,334.48
1997-01-17,114452.00,2887.58,34.00,561.36
1997-01-18,115764.00,2888.28,34.00,695.47
1997-01-19,117395.72,2889.14,35.00,857.66
1997-01-20,118992.00,2889.98,35.00,839.79
1997-01-21,120339.90,2890.68,35.00,714.57
1997-01-22,121340.00,2891.20,35.00,539.22
1997-01-23,122538.09,2891.82,92.00,696.04
1997-01-24,123356.00,2892.24,128.00,540.36
1997-01-25,124050.00,2892.60,147.00,496.89
1997-01-26,124660.00,2892.91,144.00,451.54
1997-01-27,125249.00,2893.21,142.00,438.95
1997-01-28,125877.00,2893.53,136.00,452.62
1997-01-29,126350.00,2893.77,129.00,367.47
1997-01-30,127670.00,2894.44,130.00,795.50
1997-01-31,129240.00,2895.23,93.00,884.54
1997-02-01,130430.15,2895.83,130.00,730.03
1997-02-02,131670.00,2896.45,128.00,753.09
1997-02-03,132500.30,2896.86,127.00,545.61
1997-02-04,133670.00,2897.44,123.00,712.73
1997-02-05,134295.00,2897.75,121.00,436.10
1997-02-06,135370.00,2898.28,68.00,609.98
1997-02-07,135410.00,2898.30,493.00,513.17
1997-02-08,134780.00,2897.99,665.00,347.37
1997-02-09,134400.00,2897.80,660.00,468.42
1997-02-10,134379.00,2897.79,655.00,644.41
1997-02-11,133990.00,2897.60,648.00,451.88
1997-02-12,133340.00,2897.28,585.00,257.29
1997-02-13,134253.00,2897.73,52.00,512.30
1997-02-14,134149.91,2897.68,604.00,552.02
1997-02-15,133590.00,2897.40,646.00,363.71
1997-02-16,133464.20,2897.34,644.00,580.58
1997-02-17,133280.00,2897.25,637.00,544.13
1997-02-18,133059.70,2897.14,564.00,452.93
1997-02-19,134295.00,2897.75,29.00,651.80
1997-02-20,135050.09,2898.12,108.00,488.69
1997-02-21,134440.09,2897.82,608.00,300.46
1997-02-22,134190.00,2897.70,612.00,485.91
1997-02-23,133730.00,2897.47,605.00,373.08
1997-02-24,133485.25,2897.35,608.00,484.61
1997-02-25,133139.91,2897.18,541.00,366.89
1997-02-26,133890.00,2897.55,44.00,422.17
1997-02-27,133300.00,2897.26,559.00,261.54
1997-02-28,132980.00,2897.10,596.00,434.67
1997-03-01,132780.00,2897.00,539.00,438.17
1997-03-02,133547.89,2897.38,57.00,444.15
1997-03-03,132880.00,2897.05,579.00,242.27
1997-03-04,132440.14,2896.83,589.00,367.24
1997-03-05,131730.00,2896.48,587.00,228.97
1997-03-06,131330.00,2896.28,516.00,314.33
1997-03-07,131170.00,2896.20,400.00,319.33
1997-03-08,130890.00,2896.06,398.00,256.83
1997-03-09,130850.00,2896.04,397.00,376.83
1997-03-10,130790.00,2896.01,368.00,337.75
1997-03-11,130750.00,2895.99,332.00,311.83
1997-03-12,130730.00,2895.98,329.00,318.92
1997-03-13,130690.00,2895.96,330.00,309.83
1997-03-14,130570.00,2895.90,330.00,269.50
1997-03-15,130590.00,2895.91,331.00,341.08
1997-03-16,131029.66,2896.13,331.00,552.66
1997-03-17,131089.80,2896.16,418.00,448.32
1997-03-18,131129.91,2896.18,491.00,511.22
1997-03-19,133159.95,2897.19,361.00,1384.48
1997-03-20,136640.00,2898.90,52.00,1806.52
1997-03-21,139660.00,2900.37,51.00,1573.58
1997-03-22,142020.00,2901.51,45.00,1234.83
1997-03-23,144069.00,2902.49,42.00,1075.04
1997-03-24,145330.00,2903.09,223.00,858.75
1997-03-25,146001.00,2903.41,526.00,864.30
1997-03-26,147712.00,2904.22,130.00,992.63
1997-03-27,147124.00,2903.94,1235.00,938.55
1997-03-28,146190.00,2903.50,1354.00,883.11
1997-03-29,145266.00,2903.06,1447.00,981.15
1997-03-30,143837.89,2902.38,1438.00,717.99
1997-03-31,142310.00,2901.65,1439.00,668.69
1997-04-01,140816.00,2900.92,1441.00,687.77
1997-04-02,139219.80,2900.16,1432.00,627.25
1997-04-03,137370.00,2899.26,1564.00,631.39
1997-04-04,134842.00,2898.02,1923.00,648.47
1997-04-05,131896.00,2896.56,2089.00,603.72
1997-04-06,129200.00,2895.21,2091.00,731.77
1997-04-07,126740.00,2893.97,2092.00,851.75
1997-04-08,123394.00,2892.26,2072.00,385.06
1997-04-09,120513.00,2890.77,2062.00,609.49
1997-04-10,117662.00,2889.28,2064.00,626.62
1997-04-11,114788.00,2887.76,2054.00,605.02
1997-04-12,112042.00,2886.29,2056.00,671.56
1997-04-13,109060.00,2884.67,2046.00,542.57
1997-04-14,106606.09,2883.32,1817.00,579.82
1997-04-15,104590.00,2882.20,1601.00,584.56
1997-04-16,102844.00,2881.22,1602.00,721.72
1997-04-17,101193.00,2880.29,1603.00,770.62
1997-04-18,99963.00,2879.59,1515.00,894.87
1997-04-19,98832.00,2878.94,1391.00,820.79
1997-04-20,99684.00,2879.43,1041.00,1470.55
1997-04-21,102046.00,2881.30,484.00,1674.84
1997-04-22,104842.18,2882.34,490.00,1899.74
1997-04-23,106426.00,2883.22,491.00,1289.51
1997-04-24,107714.00,2883.93,563.00,1212.37
1997-04-25,108822.00,2884.54,718.00,1276.62
1997-04-26,109939.78,2885.15,719.00,1282.55
1997-04-27,111400.00,2885.94,632.00,1368.19
1997-04-28,114129.00,2887.41,34.00,1409.87
1997-04-29,116540.95,2888.69,18.00,1234.03
1997-04-30,118897.00,2889.93,18.00,1205.84
1997-05-01,120950.00,2891.00,17.00,1052.05
1997-05-02,122770.00,2891.94,25.00,942.58
1997-05-03,122440.00,2891.77,1051.00,884.62
1997-05-04,121160.05,2891.11,1647.00,1001.69
1997-05-05,120066.00,2890.54,1649.00,1097.42
1997-05-06,119106.00,2890.04,1650.00,1166.00
1997-05-07,117757.14,2889.33,1651.00,970.95
1997-05-08,116883.33,2888.87,1643.00,1202.45
1997-05-09,116940.00,2888.90,1319.00,1347.57
1997-05-10,117985.00,2889.45,1033.00,1559.85
1997-05-11,119439.00,2890.21,1034.00,1767.06
1997-05-12,122091.00,2891.59,726.00,2063.05
1997-05-13,126580.95,2893.89,316.00,2579.69
1997-05-14,132159.95,2896.69,200.00,3012.75
1997-05-15,138237.89,2899.68,203.00,3267.30
1997-05-16,144069.00,2902.49,206.00,3145.85
1997-05-17,149392.00,2905.01,207.00,2890.68
1997-05-18,154276.00,2907.28,207.00,2669.35
1997-05-19,158016.00,2908.99,331.00,2216.58
1997-05-20,160559.73,2910.15,832.00,2114.47
1997-05-21,161450.00,2910.55,1441.00,1889.84
1997-05-22,160603.84,2910.17,1942.00,1515.40
1997-05-23,159834.11,2909.82,2086.00,1697.93
1997-05-24,158482.00,2909.21,2077.00,1395.31
1997-05-25,157303.84,2908.67,2078.00,1484.01
1997-05-26,155972.00,2908.06,2069.00,1397.53
1997-05-27,154838.00,2907.54,2070.00,1498.27
1997-05-28,154055.89,2907.18,2083.00,1688.69
1997-05-29,153648.00,2906.99,2074.00,1868.35
1997-05-30,154144.00,2907.22,1855.00,2105.07
1997-05-31,155884.00,2908.02,1545.00,2422.25
1997-06-01,158460.00,2909.20,1546.00,2844.73
1997-06-02,159652.00,2909.74,1548.00,2148.97
1997-06-03,160472.05,2910.11,1348.00,1761.44
1997-06-04,162358.00,2910.96,1120.00,2070.84
1997-06-05,163560.00,2911.50,1115.00,1721.01
1997-06-06,164614.00,2911.97,1110.00,1641.39
1997-06-07,165514.38,2912.37,1111.00,1564.94
1997-06-08,166304.00,2912.72,1117.00,1515.10
1997-06-09,167413.00,2913.21,1118.00,1677.12
1997-06-10,169187.00,2913.99,825.00,1719.39
1997-06-11,171867.78,2915.16,427.00,1778.56
1997-06-12,174548.13,2916.32,343.00,1694.34
1997-06-13,176955.28,2917.35,385.00,1598.61
1997-06-14,179637.00,2918.49,390.00,1742.03
1997-06-15,182520.00,2919.70,390.00,1843.51
1997-06-16,185715.00,2921.03,395.00,2005.81
1997-06-17,188680.00,2922.25,396.00,1890.85
1997-06-18,191510.00,2923.40,556.00,1982.79
1997-06-19,192790.00,2923.92,887.00,1532.33
1997-06-20,193615.00,2924.25,966.00,1381.94
1997-06-21,194455.00,2924.59,907.00,1330.50
1997-06-22,195080.25,2924.84,807.00,1122.23
1997-06-23,195780.13,2925.12,725.00,1077.85
1997-06-24,196688.00,2925.48,687.00,1144.72
1997-06-25,197139.75,2925.66,738.00,965.76
1997-06-26,197265.00,2925.71,869.00,932.15
1997-06-27,197792.00,2925.92,1038.00,1303.70
1997-06-28,197818.00,2925.93,1057.00,1070.11
1997-06-29,198399.75,2926.16,1039.00,1332.30
1997-06-30,198050.00,2926.02,1181.00,1004.67
1997-07-01,197390.00,2925.76,1459.00,1126.25
1997-07-02,197390.00,2925.76,1084.00,1084.00
1997-07-03,197948.00,2925.98,902.00,1183.33
1997-07-04,198700.00,2926.28,919.00,1298.13
1997-07-05,198424.81,2926.17,1191.00,1052.26
1997-07-06,198324.58,2926.13,1489.00,1438.47
1997-07-07,197440.00,2925.78,1466.00,1020.02
1997-07-08,197948.00,2925.98,1255.00,1511.12
1997-07-09,198424.81,2926.17,1394.00,1634.39
1997-07-10,197740.00,2925.90,1427.00,1081.74
1997-07-11,197415.00,2925.77,1200.00,1036.15
1997-07-12,197640.36,2925.86,839.00,952.62
1997-07-13,198075.00,2926.03,764.00,983.13
1997-07-14,198449.88,2926.18,823.00,1012.00
1997-07-15,198474.94,2926.19,894.00,906.64
1997-07-16,198000.00,2926.00,1024.00,784.55
1997-07-17,197440.00,2925.78,1202.00,919.67
1997-07-18,196790.00,2925.52,1263.00,935.29
1997-07-19,196230.00,2925.30,1142.00,859.67
1997-07-20,196454.94,2925.39,945.00,1058.41
1997-07-21,196105.00,2925.25,768.00,591.57
1997-07-22,196990.00,2925.60,558.00,1004.19
1997-07-23,196915.00,2925.57,862.00,824.19
1997-07-24,196205.00,2925.29,850.00,492.04
1997-07-25,195904.81,2925.17,797.00,645.66
1997-07-26,196130.00,2925.26,753.00,866.53
1997-07-27,196080.00,2925.24,720.00,694.79
1997-07-28,196005.00,2925.21,697.00,659.19
1997-07-29,195980.00,2925.20,691.00,678.40
1997-07-30,195954.94,2925.19,697.00,684.36
1997-07-31,195755.06,2925.11,713.00,612.23
1997-08-01,195130.36,2924.86,729.00,414.05
1997-08-02,194880.00,2924.76,729.00,602.78
1997-08-03,194780.00,2924.72,728.00,677.58
1997-08-04,194355.00,2924.55,728.00,513.73
1997-08-05,194180.00,2924.48,728.00,639.77
1997-08-06,193955.94,2924.39,760.00,647.04
1997-08-07,193414.81,2924.17,820.00,547.18
1997-08-08,192890.00,2923.96,820.00,555.41
1997-08-09,192224.94,2923.69,822.00,486.70
1997-08-10,191800.00,2923.52,824.00,609.76
1997-08-11,191085.00,2923.23,826.00,465.52
1997-08-12,190400.00,2922.95,876.00,530.65
1997-08-13,189440.00,2922.56,950.00,466.00
1997-08-14,188439.70,2922.15,976.00,471.68
1997-08-15,187605.06,2921.81,954.00,533.20
1997-08-16,186932.00,2921.53,913.00,573.66
1997-08-17,186081.88,2921.18,867.00,438.40
1997-08-18,185112.00,2920.78,839.00,350.02
1997-08-19,184416.00,2920.49,835.00,484.10
1997-08-20,183528.13,2920.12,803.00,355.36
1997-08-21,183024.00,2919.91,733.00,478.84
1997-08-22,182568.00,2919.72,691.00,461.10
1997-08-23,182064.00,2919.51,693.00,438.90
1997-08-24,181560.00,2919.30,694.00,439.90
1997-08-25,181113.06,2919.11,696.00,470.67
1997-08-26,180590.00,2918.89,698.00,434.29
1997-08-27,180163.00,2918.71,700.00,484.72
1997-08-28,179660.00,2918.50,701.00,447.40
1997-08-29,179070.00,2918.25,703.00,405.54
1997-08-30,178434.00,2917.98,743.00,422.35
1997-08-31,177635.64,2917.64,806.00,403.49
1997-09-01,176816.00,2917.29,848.00,434.76
1997-09-02,175550.00,2916.75,1012.00,373.72
1997-09-03,173948.00,2916.06,1221.00,413.32
1997-09-04,172259.17,2915.33,1244.00,392.55
1997-09-05,170511.00,2914.57,1239.00,357.63
1997-09-06,168911.39,2913.87,1236.00,429.53
1997-09-07,167094.00,2913.07,1293.00,376.73
1997-09-08,165019.73,2912.15,1426.00,380.22
1997-09-09,162604.00,2911.07,1642.00,424.07
1997-09-10,159944.38,2909.87,1804.00,463.10
1997-09-11,157018.00,2908.54,1887.00,411.62
1997-09-12,153880.00,2907.10,1925.00,342.92
1997-09-13,150891.00,2905.71,1898.00,391.05
1997-09-14,148562.11,2904.62,1860.00,685.85
1997-09-15,145581.00,2903.21,1734.00,231.02
1997-09-16,143438.95,2902.19,1579.00,499.05
1997-09-17,141810.00,2901.41,1525.00,703.74
1997-09-18,140360.00,2900.71,1500.00,768.96
1997-09-19,138790.00,2899.95,1421.00,629.46
1997-09-20,136920.00,2899.04,1300.00,357.21
1997-09-21,135089.70,2898.14,1300.00,377.22
1997-09-22,133280.00,2897.25,1300.00,387.61
1997-09-23,131230.00,2896.23,1412.00,378.46
1997-09-24,128780.00,2895.00,1620.00,384.79
1997-09-25,126210.00,2893.70,1710.00,414.29
1997-09-26,123936.00,2892.54,1752.00,605.52
1997-09-27,121530.00,2891.30,1730.00,516.97
1997-09-28,119279.66,2890.13,1690.00,555.45
1997-09-29,117035.00,2888.95,1650.00,518.32
1997-09-30,114898.09,2887.82,1560.00,482.64
1997-10-01,113294.00,2886.96,1260.00,451.00
1997-10-02,112544.00,2886.56,1037.00,658.88
1997-10-03,111970.00,2886.25,929.00,639.61
1997-10-04,112990.00,2886.80,846.00,1360.24
1997-10-05,114205.00,2887.45,746.00,1358.55
1997-10-06,114622.86,2887.67,620.00,830.67
1997-10-07,114471.00,2887.59,549.00,472.44
1997-10-08,114879.05,2887.81,550.00,755.72
1997-10-09,114546.67,2887.63,556.00,388.43
1997-10-10,114490.00,2887.60,556.00,527.43
1997-10-11,114338.00,2887.52,551.00,474.37
1997-10-12,114148.00,2887.42,558.00,462.21
1997-10-13,113835.00,2887.25,558.00,400.20
1997-10-14,113606.67,2887.13,553.00,437.89
1997-10-15,113873.00,2887.27,352.00,486.27
1997-10-16,114243.00,2887.47,184.00,370.54
1997-10-17,114936.19,2887.84,67.00,416.48
1997-10-18,115562.86,2888.17,22.00,337.94
1997-10-19,116028.00,2888.42,22.00,256.50
1997-10-20,116731.00,2888.79,22.00,376.42
1997-10-21,117225.00,2889.05,22.00,271.05
1997-10-22,117548.00,2889.22,22.00,184.84
1997-10-23,118270.00,2889.60,22.00,386.00
1997-10-24,118707.14,2889.83,22.00,242.39
1997-10-25,119182.00,2890.08,22.00,261.40
1997-10-26,119761.91,2890.38,22.00,314.37
1997-10-27,120142.00,2890.58,22.00,213.63
1997-10-28,120646.19,2890.84,23.00,277.19
1997-10-29,121319.95,2891.19,24.00,363.69
1997-10-30,127170.95,2894.19,26.00,2975.84
1997-10-31,132880.00,2897.05,25.00,2903.27
1997-11-01,135920.00,2898.55,25.00,1557.64
1997-11-02,138028.00,2899.58,25.00,1087.77
1997-11-03,139720.00,2900.40,25.00,878.04
1997-11-04,141191.05,2901.11,62.00,803.64
1997-11-05,141316.84,2901.17,538.00,601.42
1997-11-06,141023.00,2901.03,838.00,689.86
1997-11-07,140780.00,2900.90,832.00,709.49
1997-11-08,140192.64,2900.63,832.00,535.88
1997-11-09,139820.00,2900.45,832.00,644.13
1997-11-10,139079.00,2900.09,832.00,458.42
1997-11-11,139219.80,2900.16,332.00,402.98
1997-11-12,139880.00,2900.48,43.00,375.85
1997-11-13,140755.94,2900.89,43.00,484.61
1997-11-14,141274.75,2901.15,86.00,347.56
1997-11-15,140816.00,2900.92,460.00,228.72
1997-11-16,140172.11,2900.62,650.00,325.38
1997-11-17,139900.00,2900.49,644.00,506.81
1997-11-18,139120.05,2900.11,644.00,250.78
1997-11-19,138770.00,2899.94,644.00,467.52
1997-11-20,138522.11,2899.82,644.00,519.02
1997-11-21,138112.11,2899.62,644.00,437.29
1997-11-22,137700.00,2899.42,644.00,436.23
1997-11-23,138007.00,2899.57,268.00,422.78
1997-11-24,138690.00,2899.90,45.00,389.34
1997-11-25,139552.11,2900.32,45.00,479.64
1997-11-26,140067.00,2900.57,109.00,368.59
1997-11-27,140067.00,2900.57,368.00,368.00
1997-11-28,140088.00,2900.58,368.00,378.59
1997-11-29,140151.05,2900.61,368.00,399.79
1997-11-30,140151.05,2900.61,368.00,368.00
1997-12-01,139900.00,2900.49,400.00,273.43
1997-12-02,139531.05,2900.31,455.00,268.99
1997-12-03,139573.16,2900.33,455.00,476.23
1997-12-04,139079.00,2900.09,455.00,205.87
1997-12-05,138850.00,2899.98,455.00,339.55
1997-12-06,138543.16,2899.83,455.00,300.30
1997-12-07,138320.00,2899.72,455.00,342.49
1997-12-08,137923.00,2899.53,450.00,249.85
1997-12-09,137660.00,2899.40,450.00,317.41
1997-12-10,137228.95,2899.19,450.00,232.68
1997-12-11,136960.00,2899.06,450.00,314.40
1997-12-12,136780.00,2898.97,292.00,201.25
1997-12-13,137410.00,2899.28,84.00,401.62
1997-12-14,137820.00,2899.48,84.00,290.71
1997-12-15,138049.00,2899.59,84.00,199.45
1997-12-16,138606.31,2899.86,132.00,412.97
1997-12-17,138974.00,2900.04,346.00,531.37
1997-12-18,138830.00,2899.97,510.00,437.40
1997-12-19,138543.16,2899.83,551.00,406.39
1997-12-20,138153.69,2899.64,545.00,348.65
1997-12-21,137800.00,2899.47,545.00,366.69
1997-12-22,137310.00,2899.23,545.00,297.96
1997-12-23,137000.00,2899.08,545.00,388.71
1997-12-24,136640.00,2898.90,545.00,363.50
1997-12-25,136103.69,2898.64,545.00,274.61
1997-12-26,135900.00,2898.54,545.00,442.31
1997-12-27,135109.75,2898.15,545.00,146.59
1997-12-28,134740.00,2897.97,545.00,358.59
1997-12-29,134460.14,2897.83,545.00,403.91
1997-12-30,134049.66,2897.63,545.00,338.05
1997-12-31,133930.00,2897.57,545.00,484.67
1998-01-01,133260.00,2897.24,545.00,207.21
1998-01-02,132940.00,2897.08,545.00,383.67
1998-01-03,132660.00,2896.94,545.00,403.84
1998-01-04,132240.00,2896.73,545.00,333.25
1998-01-05,131854.00,2896.54,545.00,350.39
1998-01-06,131670.00,2896.45,465.00,372.23
1998-01-07,131630.00,2896.43,343.00,322.83
1998-01-08,131630.00,2896.43,322.00,322.00
1998-01-09,131610.00,2896.42,301.00,290.92
1998-01-10,131570.00,2896.40,283.00,262.83
1998-01-11,131730.00,2896.48,283.00,363.67
1998-01-12,131770.00,2896.50,283.00,303.17
1998-01-13,132240.00,2896.73,283.00,519.95
1998-01-14,132460.20,2896.84,283.00,394.02
1998-01-15,132520.34,2896.87,283.00,313.32
1998-01-16,132700.00,2896.96,286.00,376.58
1998-01-17,132700.00,2896.96,286.00,286.00
1998-01-18,132780.00,2897.00,286.00,326.33
1998-01-19,133180.00,2897.20,286.00,487.66
1998-01-20,133240.00,2897.23,286.00,316.25
1998-01-21,133280.00,2897.25,283.00,303.17
1998-01-22,133300.00,2897.26,283.00,293.08
1998-01-23,133180.00,2897.20,283.00,222.50
1998-01-24,133630.00,2897.42,283.00,509.87
1998-01-25,133200.00,2897.21,283.00,66.21
1998-01-26,133670.00,2897.44,283.00,519.95
1998-01-27,133750.00,2897.48,283.00,323.33
1998-01-28,133750.00,2897.48,283.00,283.00
1998-01-29,133810.00,2897.51,283.00,313.25
1998-01-30,133810.00,2897.51,283.00,283.00
1998-01-31,133850.00,2897.53,283.00,303.17
1998-02-01,133890.00,2897.55,283.00,303.17
1998-02-02,133930.00,2897.57,283.00,303.17
1998-02-03,134049.66,2897.63,283.00,343.33
1998-02-04,134109.80,2897.66,283.00,313.32
1998-02-05,134232.00,2897.72,283.00,344.61
1998-02-06,134109.80,2897.66,283.00,221.39
1998-02-07,134600.00,2897.90,283.00,530.14
1998-02-08,134420.05,2897.81,286.00,195.27
1998-02-09,134842.00,2898.02,286.00,498.73
1998-02-10,134905.00,2898.05,286.00,317.76
1998-02-11,135050.09,2898.12,286.00,359.15
1998-02-12,135149.86,2898.17,286.00,336.30
1998-02-13,135250.00,2898.22,286.00,336.49
1998-02-14,135370.00,2898.28,286.00,346.50
1998-02-15,135431.05,2898.31,286.00,316.78
1998-02-16,135452.11,2898.32,286.00,296.62
1998-02-17,135494.20,2898.34,286.00,307.22
1998-02-18,135740.00,2898.46,286.00,409.92
1998-02-19,135840.00,2898.51,286.00,336.42
1998-02-20,135900.00,2898.54,286.00,316.25
1998-02-21,136230.00,2898.70,286.00,452.37
1998-02-22,136000.00,2898.59,286.00,170.04
1998-02-23,136187.89,2898.68,286.00,380.73
1998-02-24,136310.00,2898.74,244.00,305.56
1998-02-25,136680.00,2898.92,163.00,349.54
1998-02-26,136860.00,2899.01,148.00,238.75
1998-02-27,137290.00,2899.22,148.00,364.79
1998-02-28,137576.31,2899.36,148.00,292.35
1998-03-01,137860.00,2899.50,148.00,291.02
1998-03-02,138300.00,2899.71,148.00,369.83
1998-03-03,138543.16,2899.83,146.00,268.59
1998-03-04,138710.00,2899.91,146.00,230.12
1998-03-05,138930.00,2900.02,146.00,256.92
1998-03-06,139140.09,2900.12,146.00,251.92
1998-03-07,139510.00,2900.30,146.00,332.49
1998-03-08,139657.36,2900.37,146.00,220.29
1998-03-09,140088.00,2900.58,146.00,363.11
1998-03-10,140192.64,2900.63,146.00,198.76
1998-03-11,140612.17,2900.83,146.00,357.51
1998-03-12,140888.00,2900.96,146.00,285.06
1998-03-13,141212.11,2901.12,146.00,309.40
1998-03-14,141601.05,2901.31,146.00,342.09
1998-03-15,142147.00,2901.57,148.00,423.25
1998-03-16,142600.00,2901.79,148.00,376.38
1998-03-17,143124.00,2902.04,150.00,414.18
1998-03-18,143649.00,2902.29,150.00,414.68
1998-03-19,143985.00,2902.45,150.00,319.40
1998-03-20,144531.00,2902.71,150.00,425.27
1998-03-21,145161.00,2903.01,150.00,467.62
1998-03-22,145980.00,2903.40,150.00,562.91
1998-03-23,147229.00,2903.99,150.00,779.70
1998-03-24,148373.00,2904.53,150.00,726.76
1998-03-25,149370.00,2905.00,150.00,652.65
1998-03-26,150484.00,2905.52,150.00,711.63
1998-03-27,151426.00,2905.96,150.00,624.92
1998-03-28,152265.25,2906.35,150.00,573.12
1998-03-29,152975.89,2906.68,150.00,508.28
1998-03-30,153733.00,2907.03,150.00,531.70
1998-03-31,154517.95,2907.39,150.00,545.74
1998-04-01,154992.05,2907.61,150.00,389.02
1998-04-02,155444.11,2907.82,266.00,493.91
1998-04-03,155422.05,2907.81,460.00,448.88
1998-04-04,155400.00,2907.80,460.00,448.88
1998-04-05,155014.11,2907.62,460.00,265.45
1998-04-06,155190.00,2907.70,460.00,548.68
1998-04-07,155079.73,2907.65,460.00,404.41
1998-04-08,154926.00,2907.58,460.00,382.49
1998-04-09,154517.95,2907.39,423.00,217.28
1998-04-10,154926.00,2907.58,380.00,585.72
1998-04-11,154948.00,2907.59,380.00,391.09
1998-04-12,154645.00,2907.45,380.00,227.24
1998-04-13,154517.95,2907.39,380.00,315.95
1998-04-14,154474.38,2907.37,380.00,358.03
1998-04-15,154452.33,2907.36,364.00,352.88
1998-04-16,154430.27,2907.35,346.00,334.88
1998-04-17,154386.16,2907.33,346.00,323.76
1998-04-18,154386.16,2907.33,346.00,346.00
1998-04-19,154430.27,2907.35,346.00,368.24
1998-04-20,154838.00,2907.54,346.00,551.56
1998-04-21,154948.00,2907.59,346.00,401.46
1998-04-22,155190.00,2907.70,346.00,468.01
1998-04-23,156364.00,2908.24,346.00,937.88
1998-04-24,157150.00,2908.60,346.00,742.27
1998-04-25,158262.05,2909.11,346.00,906.65
1998-04-26,159186.00,2909.53,346.00,811.82
1998-04-27,159922.33,2909.86,346.00,717.23
1998-04-28,161406.00,2910.53,346.00,1094.01
1998-04-29,163428.00,2911.44,350.00,1369.41
1998-04-30,165085.89,2912.18,350.00,1185.84
1998-05-01,167730.27,2913.35,350.00,1683.19
1998-05-02,170994.00,2914.78,353.00,1998.44
1998-05-03,174644.36,2916.36,357.00,2197.36
1998-05-04,178130.30,2917.85,364.00,2121.47
1998-05-05,181512.00,2919.28,364.00,2068.92
1998-05-06,185136.00,2920.79,368.00,2195.07
1998-05-07,188487.83,2922.17,368.00,2057.86
1998-05-08,191510.00,2923.40,368.00,1891.66
1998-05-09,193180.00,2924.40,372.00,1213.95
1998-05-10,195480.00,2925.00,372.00,1531.57
1998-05-11,196840.00,2925.54,499.00,1184.66
1998-05-12,197040.13,2925.62,1094.00,1194.89
1998-05-13,196815.00,2925.53,1321.00,1207.50
1998-05-14,197040.13,2925.62,1228.00,1341.50
1998-05-15,196990.00,2925.60,1129.00,1103.73
1998-05-16,196740.00,2925.50,1129.00,1002.96
1998-05-17,196532.00,2925.42,1001.00,896.13
1998-05-18,196965.00,2925.59,798.00,1016.30
1998-05-19,197164.81,2925.67,588.00,688.74
1998-05-20,198000.00,2926.00,513.00,934.07
1998-05-21,198525.00,2926.21,565.00,829.68
1998-05-22,198880.31,2926.35,740.00,919.13
1998-05-23,198932.44,2926.37,846.00,872.28
1998-05-24,198957.88,2926.38,947.00,959.82
1998-05-25,199010.00,2926.40,1169.00,1195.28
1998-05-26,198880.31,2926.35,1196.00,1130.62
1998-05-27,198380.00,2926.15,1047.00,794.76
1998-05-28,198500.00,2926.20,752.00,812.50
1998-05-29,198802.13,2926.32,746.00,898.32
1998-05-30,198880.31,2926.35,948.00,987.42
1998-05-31,198854.25,2926.34,1026.00,1012.86
1998-06-01,198906.38,2926.36,1085.00,1111.28
1998-06-02,198854.25,2926.34,1246.00,1219.72
1998-06-03,198324.58,2926.13,1292.00,1024.96
1998-06-04,198125.00,2926.05,1246.00,1145.38
1998-06-05,197948.00,2925.98,1232.00,1142.76
1998-06-06,198324.58,2926.13,1183.00,1372.86
1998-06-07,198449.88,2926.18,1155.00,1218.17
1998-06-08,198957.88,2926.38,1332.00,1588.11
1998-06-09,198474.94,2926.19,1550.00,1306.52
1998-06-10,198349.64,2926.14,1550.00,1486.83
1998-06-11,198100.00,2926.04,1510.00,1384.14
1998-06-12,197896.00,2925.96,1349.00,1246.15
1998-06-13,197818.00,2925.93,1176.00,1136.68
1998-06-14,197922.00,2925.97,1042.00,1094.43
1998-06-15,198100.00,2926.04,1006.00,1095.74
1998-06-16,198100.00,2926.04,988.00,988.00
1998-06-17,197948.00,2925.98,970.00,893.37
1998-06-18,197740.00,2925.90,970.00,865.13
1998-06-19,197590.25,2925.84,904.00,828.50
1998-06-20,197515.06,2925.81,832.00,794.09
1998-06-21,197164.81,2925.67,892.00,715.42
1998-06-22,197064.58,2925.63,922.00,871.47
1998-06-23,196940.00,2925.58,922.00,859.19
1998-06-24,196965.00,2925.59,922.00,934.60
1998-06-25,196790.00,2925.52,832.00,743.77
1998-06-26,196915.00,2925.57,743.00,806.02
1998-06-27,196454.94,2925.39,844.00,612.06
1998-06-28,195854.69,2925.15,1048.00,745.38
1998-06-29,195055.19,2924.83,1108.00,704.92
1998-06-30,194105.00,2924.45,1218.00,738.95
1998-07-01,192890.00,2923.96,1376.00,763.45
1998-07-02,191582.00,2923.43,1490.00,830.56
1998-07-03,190352.00,2922.93,1490.00,869.88
1998-07-04,188875.19,2922.33,1480.00,735.45
1998-07-05,187730.36,2921.86,1480.00,902.82
1998-07-06,186154.00,2921.21,1470.00,675.26
1998-07-07,184632.00,2920.58,1460.00,692.67
1998-07-08,183192.00,2919.98,1550.00,824.01
1998-07-09,181113.06,2919.11,1741.00,692.88
1998-07-10,178457.00,2917.99,1895.00,555.92
1998-07-11,176130.00,2917.00,1812.00,638.82
1998-07-12,173833.00,2916.01,1699.00,540.95
1998-07-13,171960.00,2915.20,1573.00,628.71
1998-07-14,170327.00,2914.49,1373.00,549.71
1998-07-15,169505.63,2914.13,1007.00,592.90
1998-07-16,169890.00,2914.30,587.00,780.79
1998-07-17,169936.11,2914.32,485.00,508.25
1998-07-18,169959.17,2914.33,485.00,496.63
1998-07-19,169936.11,2914.32,485.00,473.37
1998-07-20,169959.17,2914.33,485.00,496.63
1998-07-21,169936.11,2914.32,485.00,473.37
1998-07-22,169936.11,2914.32,485.00,485.00
1998-07-23,169890.00,2914.30,485.00,461.75
1998-07-24,169959.17,2914.33,400.00,434.87
1998-07-25,170281.00,2914.47,274.00,436.25
1998-07-26,170786.94,2914.69,274.00,529.07
1998-07-27,171086.11,2914.82,274.00,424.83
1998-07-28,171431.00,2914.97,274.00,447.88
1998-07-29,171661.00,2915.07,271.00,386.96
1998-07-30,172305.28,2915.35,274.00,598.82
1998-07-31,172650.00,2915.50,274.00,447.79
1998-08-01,172903.06,2915.61,274.00,401.58
1998-08-02,173225.00,2915.75,274.00,436.31
1998-08-03,173460.30,2915.85,277.00,395.63
1998-08-04,173649.00,2915.93,277.00,372.14
1998-08-05,173555.94,2915.89,371.00,324.08
1998-08-06,172994.72,2915.65,503.00,220.06
1998-08-07,172673.00,2915.51,502.00,339.80
1998-08-08,172351.39,2915.37,501.00,338.86
1998-08-09,172006.00,2915.22,500.00,325.87
1998-08-10,171638.00,2915.06,494.00,308.47
1998-08-11,171385.00,2914.95,493.00,365.45
1998-08-12,170994.00,2914.78,492.00,294.87
1998-08-13,170626.11,2914.62,511.00,325.52
1998-08-14,170189.00,2914.43,572.00,351.63
1998-08-15,169417.00,2914.09,632.00,242.79
1998-08-16,168773.06,2913.81,653.00,328.35
1998-08-17,168047.00,2913.49,652.00,285.95
1998-08-18,167206.11,2913.12,651.00,227.06
1998-08-19,166526.11,2912.82,644.00,301.17
1998-08-20,166076.11,2912.62,643.00,416.13
1998-08-21,165153.00,2912.21,625.00,159.61
1998-08-22,164548.00,2911.94,608.00,302.98
1998-08-23,163894.72,2911.65,629.00,299.64
1998-08-24,163186.16,2911.33,617.00,259.77
1998-08-25,162516.00,2911.03,615.00,277.13
1998-08-26,161824.00,2910.72,686.00,337.12
1998-08-27,160912.05,2910.31,762.00,302.23
1998-08-28,159856.16,2909.83,788.00,255.66
1998-08-29,158614.00,2909.27,832.00,205.76
1998-08-30,157347.95,2908.69,975.00,336.71
1998-08-31,155774.00,2907.97,1058.00,264.48
1998-09-01,154232.00,2907.26,1056.00,278.59
1998-09-02,152800.00,2906.60,1085.00,363.04
1998-09-03,150356.00,2905.46,1510.00,277.83
1998-09-04,147292.00,2904.02,1884.00,339.26
1998-09-05,143796.31,2902.36,2115.00,352.62
1998-09-06,140276.84,2900.67,2137.00,362.63
1998-09-07,136840.00,2899.00,2148.00,415.28
1998-09-08,133139.91,2897.18,2203.00,337.56
1998-09-09,129360.00,2895.29,2352.00,446.33
1998-09-10,125109.70,2893.14,2388.00,245.17
1998-09-11,120950.00,2891.00,2448.00,350.85
1998-09-12,116674.00,2888.76,2484.00,328.21
1998-09-13,112376.00,2886.47,2448.00,281.12
1998-09-14,108290.00,2884.25,2364.00,304.01
1998-09-15,104230.00,2882.00,2346.33,299.45
1998-09-16,99810.00,2879.50,2348.70,120.32
1998-09-17,96051.13,2877.33,2228.12,333.05
1998-09-18,92175.00,2875.05,2253.00,298.82
1998-09-19,88286.00,2872.71,2261.00,300.32
1998-09-20,84664.00,2870.49,2126.00,299.93
1998-09-21,81840.00,2868.72,1712.00,288.25
1998-09-22,79130.00,2867.00,1604.00,237.73
1998-09-23,76609.93,2865.38,1536.00,265.48
1998-09-24,74072.00,2863.72,1488.20,208.68
1998-09-25,71680.00,2862.13,1473.82,267.87
1998-09-26,69200.00,2860.46,1419.05,168.74
1998-09-27,66780.00,2858.80,1377.50,157.43
1998-09-28,64419.85,2857.16,1372.00,182.11
1998-09-29,62160.00,2855.56,1347.00,207.67
1998-09-30,59845.96,2853.89,1376.00,209.36
1998-10-01,57600.00,2852.24,1364.00,244.00
1998-10-02,55280.00,2850.50,1342.85,173.20
1998-10-03,52870.00,2848.65,1317.78,102.75
1998-10-04,50670.00,2846.92,1253.37,144.22
1998-10-05,48804.00,2845.42,1122.84,182.08
1998-10-06,47200.00,2844.10,1075.00,266.33
1998-10-07,45326.00,2842.53,1070.00,125.21
1998-10-08,43755.94,2841.18,986.00,194.44
1998-10-09,42410.00,2840.00,915.00,236.43
1998-10-10,41038.00,2838.78,892.00,200.29
1998-10-11,39740.00,2837.60,856.00,201.60
1998-10-12,38484.00,2836.44,833.00,199.78
1998-10-13,37436.00,2835.46,777.00,248.64
1998-10-14,36552.05,2834.62,712.00,266.35
1998-10-15,36562.81,2834.63,248.00,253.42
1998-10-16,36751.03,2834.81,107.00,201.89
1998-10-17,36806.16,2834.86,154.00,181.80
1998-10-18,36606.92,2834.67,237.00,136.55
1998-10-19,36595.89,2834.66,208.00,202.44
1998-10-20,36784.11,2834.84,153.00,247.89
1998-10-21,36870.00,2834.92,106.00,149.30
1998-10-22,37089.83,2835.13,73.00,183.83
1998-10-23,37330.15,2835.36,42.00,163.16
1998-10-24,37568.00,2835.58,34.00,153.92
1998-10-25,37822.05,2835.82,35.00,163.08
1998-10-26,38098.00,2836.08,35.00,174.12
1998-10-27,38352.05,2836.32,35.00,163.08
1998-10-28,38572.00,2836.52,35.00,145.89
1998-10-29,38826.00,2836.76,35.00,163.06
1998-10-30,39079.00,2836.99,35.00,162.55
1998-10-31,39259.90,2837.16,35.00,126.20
1998-11-01,39542.00,2837.42,35.00,177.22
1998-11-02,39783.84,2837.64,35.00,156.93
1998-11-03,40004.11,2837.84,35.00,146.05
1998-11-04,40246.00,2838.06,36.00,157.95
1998-11-05,40510.00,2838.30,36.00,169.10
1998-11-06,40708.00,2838.48,31.00,130.82
1998-11-07,41005.00,2838.75,27.00,176.74
1998-11-08,41279.00,2838.99,26.00,164.14
1998-11-09,41476.92,2839.17,48.00,147.78
1998-11-10,41631.03,2839.31,90.00,167.70
1998-11-11,41631.03,2839.31,90.00,90.00
1998-11-12,41949.00,2839.59,91.00,251.31
1998-11-13,42252.18,2839.86,91.00,243.85
1998-11-14,42783.08,2840.33,91.00,358.66
1998-11-15,43013.00,2840.53,91.00,206.92
1998-11-16,43605.00,2841.05,90.00,388.46
1998-11-17,43944.11,2841.34,90.00,260.97
1998-11-18,44141.00,2841.51,90.00,189.26
1998-11-19,44393.00,2841.73,90.00,217.05
1998-11-20,44867.82,2842.14,90.00,329.39
1998-11-21,46228.00,2843.29,93.00,778.75
1998-11-22,46972.00,2843.91,91.00,466.09
1998-11-23,47620.00,2844.45,80.00,406.70
1998-11-24,48170.00,2844.90,62.00,339.29
1998-11-25,49097.87,2845.66,64.00,531.79
1998-11-26,50878.00,2847.09,64.00,961.47
1998-11-27,51994.00,2847.97,64.00,626.64
1998-11-28,52813.03,2848.61,64.00,476.92
1998-11-29,53488.78,2849.13,64.00,404.68
1998-11-30,54035.00,2849.55,64.00,339.38
1998-12-01,54633.00,2850.01,64.00,365.49
1998-12-02,55487.87,2850.66,64.00,494.99
1998-12-03,55898.00,2850.97,64.00,270.77
1998-12-04,56430.00,2851.37,64.00,332.21
1998-12-05,56960.00,2851.77,64.20,331.40
1998-12-06,57500.00,2852.04,64.00,336.25
1998-12-07,58240.00,2852.72,64.00,437.08
1998-12-08,58607.00,2852.99,64.00,249.03
1998-12-09,58952.00,2853.24,63.00,236.93
1998-12-10,59226.00,2853.44,63.00,201.14
1998-12-11,59680.00,2853.77,64.20,293.09
1998-12-12,60380.00,2854.28,64.20,417.11
1998-12-13,60834.00,2854.61,64.20,293.09
1998-12-14,61992.00,2855.44,66.65,650.47
1998-12-15,62766.00,2855.99,68.00,458.22
1998-12-16,63550.00,2856.55,68.00,463.26
1998-12-17,64246.00,2857.04,68.00,418.89
1998-12-18,64816.00,2857.44,68.00,355.37
1998-12-19,65295.00,2857.77,68.00,309.49
1998-12-20,65798.07,2858.12,68.00,321.63
1998-12-21,66116.14,2858.34,69.00,229.36
1998-12-22,66445.00,2858.57,68.00,233.80
1998-12-23,66750.00,2858.78,67.00,220.77
1998-12-24,67284.82,2859.15,67.00,336.63
1998-12-25,67814.00,2859.51,67.00,333.79
1998-12-26,68305.18,2859.85,67.00,314.63
1998-12-27,69120.00,2860.40,67.00,477.80
1998-12-28,71550.00,2862.04,74.00,1299.11
1998-12-29,74500.00,2864.00,117.00,1604.27
1998-12-30,78563.77,2866.64,119.00,2167.79
1998-12-31,81282.27,2868.37,103.00,1473.56
1999-01-01,83130.00,2869.53,95.33,1026.88
1999-01-02,84280.00,2870.25,90.94,670.72
1999-01-03,85400.00,2870.94,86.79,651.45
1999-01-04,86236.00,2871.46,83.40,504.87
1999-01-05,87364.79,2872.15,80.00,649.09
1999-01-06,88398.00,2872.78,78.00,598.90
1999-01-07,89192.00,2873.26,78.00,478.30
1999-01-08,89971.00,2873.73,77.00,469.74
1999-01-09,90539.00,2874.07,77.00,363.36
1999-01-10,91090.00,2874.40,77.00,354.79
1999-01-11,92074.00,2874.99,77.00,573.09
1999-01-12,92668.16,2875.34,77.00,376.55
1999-01-13,93491.13,2875.83,76.00,490.90
1999-01-14,95463.00,2876.99,76.00,1070.14
1999-01-15,97166.00,2877.98,78.00,936.58
1999-01-16,98658.16,2878.84,78.00,830.29
1999-01-17,99895.00,2879.55,78.00,701.56
1999-01-18,101091.00,2880.23,78.00,680.97
1999-01-19,102117.04,2880.81,77.00,594.29
1999-01-20,103106.30,2881.37,77.00,575.75
1999-01-21,104122.00,2881.94,80.00,592.07
1999-01-22,104824.13,2882.33,81.00,433.99
1999-01-23,105580.00,2882.75,80.27,459.08
1999-01-24,106281.73,2883.14,77.00,430.79
1999-01-25,107020.00,2883.55,77.00,449.20
1999-01-26,107588.27,2883.86,77.00,363.50
1999-01-27,108163.91,2884.18,77.00,367.22
1999-01-28,108804.00,2884.53,77.00,399.71
1999-01-29,109336.09,2884.82,77.00,345.26
1999-01-30,109957.82,2885.16,77.00,390.45
1999-01-31,110508.00,2885.46,77.00,354.38
1999-02-01,110988.00,2885.72,75.00,317.00
1999-02-02,111491.00,2885.99,77.00,330.59
1999-02-03,112304.00,2886.43,77.00,486.88
1999-02-04,112563.00,2886.57,77.00,207.58
1999-02-05,113332.00,2886.98,77.00,464.70
1999-02-06,113892.00,2887.28,77.00,359.33
1999-02-07,114433.00,2887.57,77.00,349.75
1999-02-08,115050.00,2887.90,77.00,388.07
1999-02-09,115316.00,2888.04,77.00,211.11
1999-02-10,115728.00,2888.26,77.00,284.71
1999-02-11,116256.00,2888.54,75.00,341.20
1999-02-12,116598.00,2888.72,75.00,247.42
1999-02-13,116978.00,2888.92,75.00,266.58
1999-02-14,117225.00,2889.05,75.00,199.53
1999-02-15,117662.00,2889.28,75.00,295.32
1999-02-16,118232.00,2889.58,75.00,362.37
1999-02-17,118574.00,2889.76,75.00,247.42
1999-02-18,118935.00,2889.95,76.84,258.84
1999-02-19,119420.00,2890.20,75.00,319.52
1999-02-20,119553.00,2890.27,74.00,141.05
1999-02-21,119780.95,2890.39,74.00,188.92
1999-02-22,120437.00,2890.73,74.00,404.75
1999-02-23,120817.00,2890.93,75.00,266.58
1999-02-24,120969.00,2891.01,77.00,153.63
1999-02-25,121681.91,2891.38,80.00,439.42
1999-02-26,122166.67,2891.63,81.00,325.40
1999-02-27,122670.95,2891.89,81.00,335.24
1999-02-28,123259.95,2892.19,80.00,376.95
1999-03-01,123720.00,2892.43,81.00,312.94
1999-03-02,123993.00,2892.57,83.00,220.64
1999-03-03,124820.00,2892.99,83.00,499.94
1999-03-04,125306.00,2893.24,81.00,326.02
1999-03-05,125720.00,2893.45,80.00,288.72
1999-03-06,126189.95,2893.69,78.00,314.93
1999-03-07,126700.00,2893.95,78.00,335.14
1999-03-08,126900.00,2894.05,141.00,241.83
1999-03-09,127019.05,2894.11,232.00,292.02
1999-03-10,127250.00,2894.23,268.00,384.44
1999-03-11,127113.81,2894.16,295.00,226.34
1999-03-12,126860.00,2894.03,295.00,167.04
1999-03-13,126860.00,2894.03,295.00,295.00
1999-03-14,126880.00,2894.04,295.00,305.08
1999-03-15,126860.00,2894.03,295.00,284.92
1999-03-16,126840.00,2894.02,292.00,281.92
1999-03-17,126840.00,2894.02,292.00,292.00
1999-03-18,126840.00,2894.02,292.00,292.00
1999-03-19,126800.00,2894.00,335.00,314.83
1999-03-20,126700.00,2893.95,375.00,324.58
1999-03-21,126660.00,2893.93,379.00,358.83
1999-03-22,126561.91,2893.88,426.00,376.55
1999-03-23,126429.05,2893.81,474.00,407.02
1999-03-24,126330.00,2893.76,474.00,424.06
1999-03-25,126210.00,2893.70,475.00,414.50
1999-03-26,126110.00,2893.65,477.64,427.22
1999-03-27,126030.00,2893.61,475.90,435.57
1999-03-28,125910.00,2893.55,475.00,414.50
1999-03-29,125820.00,2893.50,475.00,429.63
1999-03-30,125720.00,2893.45,472.78,422.36
1999-03-31,125620.00,2893.40,470.00,419.58
1999-04-01,125560.34,2893.37,470.00,439.92
1999-04-02,125325.00,2893.25,468.00,349.35
1999-04-03,125169.85,2893.17,468.00,389.78
1999-04-04,124840.00,2893.00,468.00,301.70
1999-04-05,124599.90,2892.88,473.00,351.95
1999-04-06,124326.00,2892.74,473.00,334.91
1999-04-07,123955.00,2892.55,473.00,285.96
1999-04-08,123621.91,2892.38,473.00,305.07
1999-04-09,123337.00,2892.23,473.00,329.36
1999-04-10,122947.00,2892.03,473.00,276.38
1999-04-11,122870.00,2891.99,473.00,434.18
1999-04-12,122614.28,2891.86,473.00,344.08
1999-04-13,122053.00,2891.57,472.00,189.02
1999-04-14,121800.00,2891.44,472.00,344.45
1999-04-15,121681.91,2891.38,477.00,417.46
1999-04-16,121530.00,2891.30,477.00,400.42
1999-04-17,121319.95,2891.19,477.00,371.10
1999-04-18,121720.00,2891.40,477.00,678.69
1999-04-19,122166.67,2891.63,482.00,707.19
1999-04-20,122595.23,2891.85,482.00,698.06
1999-04-21,122810.00,2891.96,482.00,590.28
1999-04-22,123239.90,2892.18,482.00,698.74
1999-04-23,123546.19,2892.34,482.00,636.42
1999-04-24,123920.00,2892.53,482.00,670.46
1999-04-25,124954.00,2893.06,482.00,1003.30
1999-04-26,125910.00,2893.55,487.00,968.98
1999-04-27,126561.91,2893.88,487.00,815.66
1999-04-28,127270.00,2894.24,486.00,842.99
1999-04-29,127790.00,2894.50,486.00,748.16
1999-04-30,128500.30,2894.86,486.00,844.10
1999-05-01,129200.00,2895.21,486.00,838.76
1999-05-02,129830.00,2895.53,486.00,803.62
1999-05-03,130490.30,2895.86,481.00,813.89
1999-05-04,131129.91,2896.18,481.00,803.47
1999-05-05,131529.91,2896.38,481.00,682.66
1999-05-06,132000.05,2896.61,481.00,718.03
1999-05-07,132200.00,2896.71,573.00,673.81
1999-05-08,132240.00,2896.73,661.00,681.17
1999-05-09,132220.00,2896.72,661.00,650.92
1999-05-10,132180.00,2896.70,661.00,640.83
1999-05-11,132000.05,2896.61,656.00,565.27
1999-05-12,131690.00,2896.46,656.00,499.69
1999-05-13,131610.00,2896.42,655.00,614.67
1999-05-14,131450.20,2896.34,655.00,574.44
1999-05-15,131350.00,2896.29,655.00,604.48
1999-05-16,131190.00,2896.21,655.00,574.33
1999-05-17,131250.00,2896.24,655.00,685.25
1999-05-18,131310.00,2896.27,650.00,680.25
1999-05-19,131630.00,2896.43,650.00,811.33
1999-05-20,131938.00,2896.58,650.00,805.28
1999-05-21,132500.30,2896.86,650.00,933.49
1999-05-22,133119.86,2897.17,650.00,962.36
1999-05-23,134109.80,2897.66,655.00,1154.09
1999-05-24,136350.00,2898.76,655.00,1784.42
1999-05-25,139240.00,2900.17,655.00,2112.02
1999-05-26,141895.00,2901.45,655.00,1993.54
1999-05-27,144111.00,2902.51,661.00,1778.22
1999-05-28,146297.31,2903.55,661.00,1763.25
1999-05-29,148268.00,2904.48,661.00,1654.54
1999-05-30,149968.00,2905.28,666.00,1523.07
1999-05-31,151468.00,2905.98,666.00,1422.24
1999-06-01,154364.11,2907.32,666.00,2126.10
1999-06-02,156301.00,2908.21,672.00,1648.50
1999-06-03,157680.22,2908.83,672.00,1367.35
1999-06-04,159120.00,2909.50,672.00,1397.88
1999-06-05,160846.00,2910.28,677.00,1547.18
1999-06-06,162890.00,2911.20,677.00,1707.50
1999-06-07,163986.94,2911.69,683.00,1236.03
1999-06-08,165291.00,2912.27,677.00,1334.46
1999-06-09,165986.00,2912.58,672.00,1022.39
1999-06-10,166503.06,2912.81,672.00,932.68
1999-06-11,167597.00,2913.29,672.00,1223.52
1999-06-12,168543.00,2913.71,672.00,1148.93
1999-06-13,170258.00,2914.46,677.00,1541.63
1999-06-14,172811.00,2915.57,677.00,1964.12
1999-06-15,175876.94,2916.89,803.00,2348.72
1999-06-16,179262.17,2918.33,890.00,2596.70
1999-06-17,182256.00,2919.59,895.00,2404.37
1999-06-18,184200.00,2920.40,1080.00,2060.09
1999-06-19,185112.00,2920.78,1386.00,1845.79
1999-06-20,185914.06,2921.11,1499.00,1903.37
1999-06-21,186226.00,2921.24,1347.00,1504.27
1999-06-22,187950.00,2921.95,1081.00,1950.17
1999-06-23,189540.00,2922.60,1038.00,1839.61
1999-06-24,191435.42,2923.37,1135.00,2090.59
1999-06-25,192350.00,2923.74,1450.00,1911.09
1999-06-26,191975.00,2923.59,1761.00,1571.94
1999-06-27,191310.13,2923.32,1759.00,1423.80
1999-06-28,190913.77,2923.16,1455.00,1255.17
1999-06-29,191630.00,2923.45,1074.00,1435.10
1999-06-30,192644.36,2923.86,899.00,1410.40
1999-07-01,193665.00,2924.27,994.00,1508.57
1999-07-02,194055.00,2924.43,1101.00,1297.62
1999-07-03,193980.00,2924.40,1121.82,1084.01
1999-07-04,193860.30,2924.35,1121.51,1061.16
1999-07-05,193764.06,2924.31,1116.50,1067.98
1999-07-06,193955.94,2924.39,1048.00,1144.74
1999-07-07,194455.00,2924.59,945.00,1196.61
1999-07-08,195055.19,2924.83,890.00,1192.59
1999-07-09,195605.00,2925.05,889.00,1166.19
1999-07-10,196662.00,2925.47,894.00,1426.90
1999-07-11,197290.00,2925.72,995.00,1311.61
1999-07-12,197415.00,2925.77,1332.00,1395.02
1999-07-13,197265.00,2925.71,1718.00,1642.38
1999-07-14,196155.00,2925.27,1716.00,1156.38
1999-07-15,195280.00,2924.92,1444.00,1002.86
1999-07-16,195105.31,2924.85,1061.00,972.93
1999-07-17,195755.06,2925.11,886.00,1213.58
1999-07-18,196005.00,2925.21,885.00,1011.01
1999-07-19,196940.00,2925.58,884.00,1355.39
1999-07-20,197640.00,2925.86,883.00,1235.91
1999-07-21,197792.00,2925.92,1026.00,1102.63
1999-07-22,197640.36,2925.86,1198.00,1121.55
1999-07-23,197089.64,2925.64,1197.00,919.35
1999-07-24,196558.00,2925.43,1189.00,920.97
1999-07-25,195980.00,2925.20,1187.00,895.60
1999-07-26,195505.00,2925.01,1015.00,775.52
1999-07-27,195630.00,2925.06,805.00,868.02
1999-07-28,196055.00,2925.23,760.00,974.27
1999-07-29,196280.13,2925.32,819.00,932.50
1999-07-30,196305.19,2925.33,866.00,878.64
1999-07-31,196080.00,2925.24,925.00,811.47
1999-08-01,195580.00,2925.04,972.00,719.92
1999-08-02,195080.25,2924.84,971.00,719.05
1999-08-03,194855.00,2924.75,898.00,784.44
1999-08-04,194930.00,2924.78,822.00,859.81
1999-08-05,195080.25,2924.84,796.00,871.75
1999-08-06,195305.00,2924.93,770.00,883.31
1999-08-07,195455.00,2924.99,723.00,798.62
1999-08-08,195555.00,2925.03,724.00,774.42
1999-08-09,195430.00,2924.98,726.00,662.98
1999-08-10,195380.00,2924.96,679.00,653.79
1999-08-11,195530.00,2925.02,528.00,603.62
1999-08-12,195630.00,2925.06,480.00,530.42
1999-08-13,195705.00,2925.09,481.00,518.81
1999-08-14,195705.00,2925.09,483.00,483.00
1999-08-15,195605.00,2925.05,485.00,434.58
1999-08-16,195630.00,2925.06,486.00,498.60
1999-08-17,195680.00,2925.08,488.00,513.21
1999-08-18,195780.13,2925.12,490.00,540.48
1999-08-19,195879.75,2925.16,491.00,541.23
1999-08-20,195980.00,2925.20,493.00,543.54
1999-08-21,195829.64,2925.14,494.00,418.19
1999-08-22,195755.06,2925.11,496.00,458.40
1999-08-23,195630.00,2925.06,498.00,434.95
1999-08-24,195530.00,2925.02,499.00,448.58
1999-08-25,195430.00,2924.98,521.00,470.58
1999-08-26,195330.00,2924.94,575.00,524.58
1999-08-27,195155.42,2924.87,577.00,488.98
1999-08-28,194855.00,2924.75,573.00,421.54
1999-08-29,194780.00,2924.72,575.00,537.19
1999-08-30,194405.00,2924.57,577.00,387.94
1999-08-31,194005.00,2924.41,579.00,377.34
1999-09-01,193414.81,2924.17,663.00,365.45
1999-09-02,192524.06,2923.81,813.00,363.92
1999-09-03,190985.94,2923.19,1128.00,352.54
1999-09-04,188145.00,2922.03,1585.00,152.71
1999-09-05,185914.06,2921.11,1849.00,724.25
1999-09-06,182928.41,2919.87,1973.00,467.75
1999-09-07,179732.00,2918.53,2065.00,453.50
1999-09-08,176696.00,2917.24,2013.00,482.37
1999-09-09,173718.00,2915.96,1973.00,471.61
1999-09-10,170465.00,2914.55,2109.00,468.97
1999-09-11,167251.66,2913.14,2101.00,480.96
1999-09-12,164032.00,2911.71,2094.00,470.78
1999-09-13,160802.00,2910.26,2086.00,457.57
1999-09-14,157502.00,2908.76,2156.00,492.27
1999-09-15,153967.67,2907.14,2237.00,455.14
1999-09-16,150356.00,2905.46,2297.00,476.14
1999-09-17,146715.00,2903.75,2301.00,465.36
1999-09-18,143082.00,2902.02,2304.00,472.39
1999-09-19,139489.00,2900.29,2296.00,484.56
1999-09-20,135900.00,2898.54,2288.00,478.57
1999-09-21,132340.00,2896.78,2304.00,509.19
1999-09-22,128760.00,2894.99,2308.00,503.11
1999-09-23,125209.95,2893.19,2300.00,510.21
1999-09-24,121568.09,2891.32,2292.00,455.92
1999-09-25,118061.00,2889.49,2276.00,507.87
1999-09-26,114528.09,2887.62,2262.00,480.85
1999-09-27,111083.00,2885.77,2192.00,455.12
1999-09-28,107750.00,2883.95,2133.00,452.64
1999-09-29,104734.00,2882.28,1943.00,422.46
1999-09-30,102168.16,2880.84,1700.00,406.41
1999-10-01,99878.00,2879.54,1550.00,396.00
1999-10-02,97618.00,2878.24,1515.00,375.58
1999-10-03,95361.00,2876.93,1500.00,362.10
1999-10-04,93287.00,2875.71,1389.00,343.36
1999-10-05,91308.00,2874.53,1315.00,317.25
1999-10-06,89356.23,2873.36,1303.00,318.98
1999-10-07,87381.84,2872.16,1291.00,295.57
1999-10-08,85558.00,2871.04,1311.00,391.48
1999-10-09,83736.00,2869.91,1366.00,447.41
1999-10-10,81761.88,2868.67,1352.00,356.72
1999-10-11,79600.00,2867.30,1410.00,320.05
1999-10-12,77308.12,2865.83,1483.00,327.51
1999-10-13,74945.00,2864.29,1508.00,316.59
1999-10-14,72675.00,2862.79,1463.00,318.54
1999-10-15,70485.11,2861.33,1374.00,269.93
1999-10-16,68335.26,2859.87,1360.00,276.12
1999-10-17,66172.27,2858.38,1346.00,255.49
1999-10-18,64274.00,2857.06,1191.00,233.95
1999-10-19,62906.00,2856.09,938.00,248.30
1999-10-20,62057.00,2855.49,656.00,227.96
1999-10-21,61744.00,2855.26,367.00,209.20
1999-10-22,61772.00,2855.28,208.00,222.12
1999-10-23,61898.24,2855.37,152.00,215.65
1999-10-24,62005.00,2855.45,148.00,201.83
1999-10-25,62130.00,2855.54,159.00,222.02
1999-10-26,62205.00,2855.59,193.00,230.81
1999-10-27,62345.96,2855.69,191.00,262.07
1999-10-28,62625.96,2855.89,190.00,331.17
1999-10-29,62738.00,2855.97,175.00,231.48
1999-10-30,62989.83,2856.15,141.00,267.96
1999-10-31,63284.21,2856.36,141.00,289.42
1999-11-01,63466.00,2856.49,141.00,232.65
1999-11-02,63635.04,2856.61,141.00,226.22
1999-11-03,63924.04,2856.81,141.00,286.70
1999-11-04,64050.00,2856.90,139.00,202.51
1999-11-05,64316.00,2857.09,139.00,273.11
1999-11-06,64802.00,2857.43,139.00,384.03
1999-11-07,65382.10,2857.83,139.00,431.47
1999-11-08,65755.00,2858.09,126.00,314.00
1999-11-09,66200.00,2858.40,102.00,326.35
1999-11-10,66735.00,2858.77,94.00,363.73
1999-11-11,67515.04,2859.31,78.00,471.27
1999-11-12,72065.97,2862.39,74.00,2368.43
1999-11-13,76520.07,2865.32,60.00,2305.61
1999-11-14,78676.00,2866.71,60.00,1146.95
1999-11-15,80102.08,2867.62,47.00,765.98
1999-11-16,81250.20,2868.35,34.00,612.84
1999-11-17,82200.00,2868.95,45.00,523.86
1999-11-18,83000.00,2869.45,45.00,448.33
1999-11-19,83784.00,2869.94,46.00,441.27
1999-11-20,84552.00,2870.42,46.00,433.20
1999-11-21,85234.16,2870.84,46.00,389.92
1999-11-22,85820.00,2871.20,48.00,343.36
1999-11-23,86368.00,2871.54,49.00,325.28
1999-11-24,87184.00,2872.04,51.00,462.40
1999-11-25,90606.04,2874.11,55.00,1780.28
1999-11-26,95140.00,2876.80,68.00,2353.87
1999-11-27,98940.00,2879.00,68.00,1983.83
1999-11-28,101740.00,2880.60,60.00,1471.67
1999-11-29,103591.73,2881.64,56.00,989.58
1999-11-30,104860.22,2882.35,55.00,694.53
1999-12-01,106104.37,2883.04,56.00,683.26
1999-12-02,107128.05,2883.61,56.00,572.11
1999-12-03,108127.82,2884.16,56.00,560.05
1999-12-04,108949.05,2884.61,57.00,471.04
1999-12-05,109812.00,2885.08,57.00,492.07
1999-12-06,110732.00,2885.58,58.00,521.83
1999-12-07,111396.00,2885.94,58.00,392.77
1999-12-08,112042.00,2886.29,79.00,404.69
1999-12-09,112658.09,2886.62,107.00,417.61
1999-12-10,113180.00,2886.90,107.00,370.13
1999-12-11,113759.00,2887.21,109.00,400.91
1999-12-12,114509.05,2887.61,109.00,487.15
1999-12-13,115240.00,2888.00,109.00,477.52
1999-12-14,115952.38,2888.38,109.00,468.16
1999-12-15,117149.00,2889.01,114.00,717.30
1999-12-16,118820.95,2889.89,130.00,972.94
1999-12-17,120570.00,2890.80,128.00,1009.81
1999-12-18,122420.00,2891.76,126.00,1058.71
1999-12-19,123800.00,2892.47,128.00,823.75
1999-12-20,125050.05,2893.11,122.00,752.23
1999-12-21,126109.76,2893.65,118.00,652.27
1999-12-22,127038.09,2894.12,116.00,584.04
1999-12-23,127828.00,2894.52,114.00,512.24
1999-12-24,128600.00,2894.91,112.00,501.22
1999-12-25,129280.00,2895.25,112.00,454.83
1999-12-26,129910.00,2895.57,112.00,429.63
1999-12-27,130490.30,2895.86,114.00,406.57
1999-12-28,131030.15,2896.13,120.00,392.18
1999-12-29,131570.00,2896.40,120.00,392.18
1999-12-30,132059.70,2896.64,120.00,366.89
1999-12-31,132600.00,2896.91,120.00,392.40
2000-01-01,133119.86,2897.17,118.00,380.10
2000-01-02,133630.00,2897.42,120.00,377.20
2000-01-03,134089.75,2897.65,120.00,351.79
2000-01-04,134684.58,2897.94,120.00,419.89
2000-01-05,135124.08,2898.15,120.00,341.58
2000-01-06,135563.58,2898.36,120.00,341.58
2000-01-07,136003.08,2898.57,120.00,341.58
2000-01-08,136442.58,2898.79,120.00,341.58
2000-01-09,136882.08,2899.00,120.00,341.58
2000-01-10,137321.58,2899.22,120.00,341.58
2000-01-11,137761.08,2899.44,120.00,341.58
2000-01-12,138153.69,2899.64,120.00,317.94
2000-01-13,138648.00,2899.88,120.00,369.22
2000-01-14,138995.00,2900.05,120.00,294.95
2000-01-15,139279.95,2900.19,120.00,263.66
2000-01-16,139780.00,2900.43,120.00,372.11
2000-01-17,139983.00,2900.53,120.00,222.35
2000-01-18,140172.11,2900.62,165.00,260.34
2000-01-19,140297.89,2900.68,208.00,271.41
2000-01-20,140520.00,2900.79,205.00,316.98
2000-01-21,140708.41,2900.87,203.00,297.99
2000-01-22,140852.00,2900.94,203.00,275.40
2000-01-23,140981.00,2901.01,203.00,268.04
2000-01-24,141044.00,2901.04,250.00,281.76
2000-01-25,141023.00,2901.03,286.00,275.41
2000-01-26,140942.00,2900.99,286.00,245.16
2000-01-27,140906.00,2900.97,286.00,267.85
2000-01-28,140834.00,2900.93,286.00,249.70
2000-01-29,140732.47,2900.88,286.00,234.81
2000-01-30,140540.00,2900.80,286.00,188.96
2000-01-31,140460.00,2900.76,286.00,245.67
2000-02-01,140708.41,2900.87,286.00,411.24
2000-02-02,140870.00,2900.95,286.00,367.47
2000-02-03,140942.00,2900.99,286.00,322.30
2000-02-04,140981.00,2901.01,286.00,305.66
2000-02-05,141002.00,2901.02,286.00,296.59
2000-02-06,141023.00,2901.03,286.00,296.59
2000-02-07,141128.00,2901.08,286.00,338.94
2000-02-08,141023.00,2901.03,325.00,272.06
2000-02-09,140888.00,2900.96,353.00,284.94
2000-02-10,140732.47,2900.88,405.00,326.59
2000-02-11,140480.00,2900.77,441.00,313.71
2000-02-12,140255.80,2900.66,441.00,327.96
2000-02-13,140025.00,2900.55,441.00,324.64
2000-02-14,139800.00,2900.44,441.00,327.56
2000-02-15,139615.25,2900.35,396.00,302.86
2000-02-16,139321.00,2900.21,436.00,287.65
2000-02-17,138995.00,2900.05,436.00,271.64
2000-02-18,138648.41,2899.88,436.00,261.26
2000-02-19,138360.00,2899.74,436.00,290.60
2000-02-20,137986.00,2899.56,436.00,247.44
2000-02-21,137720.00,2899.43,436.00,301.89
2000-02-22,137902.00,2899.52,214.00,305.76
2000-02-23,138258.95,2899.69,93.00,272.96
2000-02-24,138627.36,2899.87,84.00,269.74
2000-02-25,138932.00,2900.02,116.00,269.59
2000-02-26,139199.75,2900.15,153.00,287.99
2000-02-27,139426.00,2900.26,150.00,264.07
2000-02-28,139678.41,2900.38,150.00,277.25
2000-02-29,139941.00,2900.51,148.00,280.39
2000-03-01,140172.11,2900.62,148.00,264.52
2000-03-02,140400.00,2900.73,148.00,262.89
2000-03-03,140636.23,2900.84,148.00,267.10
2000-03-04,140924.00,2900.98,148.00,293.08
2000-03-05,141149.00,2901.09,148.00,261.44
2000-03-06,141380.00,2901.20,148.00,264.46
2000-03-07,141460.00,2901.24,150.00,190.33
2000-03-08,141706.31,2901.36,150.00,274.18
2000-03-09,141958.00,2901.48,148.00,274.89
2000-03-10,142168.00,2901.58,148.00,253.88
2000-03-11,142440.00,2901.71,148.00,285.13
2000-03-12,142662.11,2901.82,148.00,259.98
2000-03-13,143145.00,2902.05,148.00,391.46
2000-03-14,143229.00,2902.09,148.00,190.35
2000-03-15,143460.00,2902.20,150.00,266.46
2000-03-16,143858.95,2902.39,150.00,351.14
2000-03-17,144069.00,2902.49,150.00,255.90
2000-03-18,144404.75,2902.65,153.00,322.27
2000-03-19,144678.00,2902.78,153.00,290.76
2000-03-20,144951.00,2902.91,150.00,287.64
2000-03-21,145182.00,2903.02,150.00,266.46
2000-03-22,145623.00,2903.23,150.00,372.34
2000-03-23,145854.20,2903.34,150.00,266.56
2000-03-24,146190.00,2903.50,153.00,322.30
2000-03-25,146525.80,2903.66,153.00,322.30
2000-03-26,146886.16,2903.83,153.00,334.68
2000-03-27,147271.00,2904.01,150.00,344.03
2000-03-28,147648.95,2904.19,150.00,340.55
2000-03-29,148012.33,2904.36,150.00,333.20
2000-03-30,148373.00,2904.53,150.00,331.84
2000-03-31,148774.00,2904.72,150.00,352.17
2000-04-01,149307.00,2904.97,150.00,418.72
2000-04-02,150142.33,2905.36,150.00,571.14
2000-04-03,151212.33,2905.86,153.00,692.46
2000-04-04,152568.00,2906.49,153.00,836.48
2000-04-05,153924.11,2907.12,153.00,836.71
2000-04-06,155101.78,2907.66,153.00,746.74
2000-04-07,156147.67,2908.14,155.00,682.30
2000-04-08,157128.00,2908.59,158.00,652.25
2000-04-09,158135.00,2909.05,158.00,665.70
2000-04-10,159186.00,2909.53,158.00,687.88
2000-04-11,160384.00,2910.07,158.00,761.99
2000-04-12,161802.00,2910.71,158.00,872.91
2000-04-13,163692.00,2911.56,158.00,1110.88
2000-04-14,165649.00,2912.43,158.00,1144.65
2000-04-15,167620.00,2913.30,160.00,1153.71
2000-04-16,169348.00,2914.06,160.00,1031.20
2000-04-17,170902.00,2914.74,160.00,943.48
2000-04-18,172374.45,2915.38,160.00,902.36
2000-04-19,173994.00,2916.08,168.00,984.52
2000-04-20,175550.00,2916.75,170.00,954.48
2000-04-21,177166.00,2917.44,170.00,984.73
2000-04-22,178926.94,2918.19,170.00,1057.81
2000-04-23,180490.30,2918.85,173.00,961.19
2000-04-24,181775.94,2919.39,175.00,823.18
2000-04-25,182952.47,2919.88,216.00,809.17
2000-04-26,183888.00,2920.27,243.00,714.66
2000-04-27,184920.00,2920.70,239.00,759.30
2000-04-28,185765.00,2921.05,235.00,661.02
2000-04-29,186585.94,2921.39,235.00,648.89
2000-04-30,187315.94,2921.69,234.00,602.04
2000-05-01,188368.13,2922.12,235.00,765.48
2000-05-02,189365.00,2922.53,233.00,735.59
2000-05-03,190645.00,2923.05,232.00,877.33
2000-05-04,191775.00,2923.51,289.00,858.71
2000-05-05,192644.36,2923.86,327.00,765.30
2000-05-06,193364.69,2924.15,327.00,690.17
2000-05-07,194030.00,2924.42,326.00,661.43
2000-05-08,194654.81,2924.67,325.00,640.01
2000-05-09,195430.00,2924.98,325.00,715.82
2000-05-10,195904.81,2925.17,422.00,661.38
2000-05-11,195854.69,2925.15,622.00,596.73
2000-05-12,195655.00,2925.07,655.00,554.32
2000-05-13,195505.00,2925.01,654.00,578.37
2000-05-14,195380.00,2924.96,654.00,590.98
2000-05-15,195405.00,2924.97,654.00,666.60
2000-05-16,195680.00,2925.08,654.00,792.65
2000-05-17,196105.00,2925.25,731.00,945.27
2000-05-18,196230.00,2925.30,855.00,918.02
2000-05-19,196558.00,2925.43,945.00,1110.37
2000-05-20,197214.94,2925.69,975.00,1306.21
2000-05-21,197818.00,2925.93,992.00,1296.04
2000-05-22,198449.88,2926.18,1282.00,1600.57
2000-05-23,198125.00,2926.05,1627.00,1463.21
2000-05-24,197766.00,2925.91,1567.00,1386.00
2000-05-25,197490.00,2925.80,1391.00,1251.85
2000-05-26,197164.81,2925.67,1250.00,1086.05
2000-05-27,197114.69,2925.65,1250.00,1224.73
2000-05-28,197015.06,2925.61,1250.00,1199.77
2000-05-29,196662.00,2925.47,1257.00,1079.00
2000-05-30,196205.00,2925.29,1250.00,1019.60
2000-05-31,195705.00,2925.09,1105.00,852.92
2000-06-01,195605.00,2925.05,877.00,826.58
2000-06-02,195780.13,2925.12,729.00,817.29
2000-06-03,196305.19,2925.33,619.00,883.72
2000-06-04,197065.19,2925.63,624.00,1007.17
2000-06-05,197922.00,2925.97,762.00,1193.98
2000-06-06,197948.00,2925.98,1214.00,1227.11
2000-06-07,197665.42,2925.87,1343.00,1200.53
2000-06-08,197540.13,2925.82,1319.00,1255.83
2000-06-09,197390.00,2925.76,1164.00,1088.31
2000-06-10,197315.00,2925.73,972.00,934.19
2000-06-11,197164.81,2925.67,966.00,890.28
2000-06-12,197714.94,2925.89,1086.00,1363.35
2000-06-13,197490.00,2925.80,1613.00,1499.59
2000-06-14,197189.88,2925.68,1692.00,1540.69
2000-06-15,197520.00,2925.81,1712.00,1878.44
2000-06-16,197190.00,2925.68,1632.00,1465.62
2000-06-17,196940.00,2925.58,1342.00,1215.96
2000-06-18,196610.00,2925.45,1341.00,1174.62
2000-06-19,196480.00,2925.40,1240.00,1174.46
2000-06-20,196430.00,2925.38,1061.00,1035.79
2000-06-21,196940.00,2925.58,911.00,1168.13
2000-06-22,197290.00,2925.72,940.00,1116.46
2000-06-23,197160.00,2925.67,1066.00,1000.46
2000-06-24,196990.00,2925.60,1066.00,980.29
2000-06-25,196790.00,2925.52,1060.00,959.17
2000-06-26,196636.00,2925.46,1036.00,958.36
2000-06-27,196610.00,2925.45,946.00,932.89
2000-06-28,196740.00,2925.50,909.00,974.54
2000-06-29,196890.00,2925.56,909.00,984.63
2000-06-30,196865.00,2925.55,914.00,901.40
2000-07-01,196688.00,2925.48,914.00,824.76
2000-07-02,196610.00,2925.45,768.00,728.67
2000-07-03,196890.00,2925.56,527.00,668.17
2000-07-04,197089.64,2925.64,442.00,542.65
2000-07-05,197365.00,2925.75,389.00,527.83
2000-07-06,197640.36,2925.86,377.00,515.83
2000-07-07,197818.00,2925.93,461.00,550.56
2000-07-08,197896.00,2925.96,589.00,628.33
2000-07-09,197870.00,2925.95,600.00,586.89
2000-07-10,197896.00,2925.96,555.00,568.11
2000-07-11,197948.00,2925.98,529.00,555.22
2000-07-12,198000.00,2926.00,534.00,560.22
2000-07-13,198000.00,2926.00,549.00,549.00
2000-07-14,197974.00,2925.99,548.00,534.89
2000-07-15,197896.00,2925.96,517.00,477.67
2000-07-16,197818.00,2925.93,507.00,467.67
2000-07-17,197844.00,2925.94,457.00,470.11
2000-07-18,198025.00,2926.01,442.00,533.25
2000-07-19,198075.00,2926.03,456.00,481.21
2000-07-20,198125.00,2926.05,465.00,490.21
2000-07-21,198175.00,2926.07,470.00,495.21
2000-07-22,198150.00,2926.06,542.00,529.40
2000-07-23,198150.00,2926.06,519.00,519.00
2000-07-24,198100.00,2926.04,490.00,464.79
2000-07-25,197974.00,2925.99,472.00,408.47
2000-07-26,197896.00,2925.96,454.00,414.67
2000-07-27,197870.00,2925.95,436.00,422.89
2000-07-28,197818.00,2925.93,438.00,411.78
2000-07-29,197818.00,2925.93,435.00,435.00
2000-07-30,197818.00,2925.93,437.00,437.00
2000-07-31,197870.00,2925.95,458.00,484.22
2000-08-01,197818.00,2925.93,459.00,432.78
2000-08-02,197665.42,2925.87,441.00,364.08
2000-08-03,197440.00,2925.78,503.00,389.35
2000-08-04,197040.13,2925.62,583.00,381.40
2000-08-05,196662.00,2925.47,579.00,388.36
2000-08-06,196305.19,2925.33,581.00,401.11
2000-08-07,195904.81,2925.17,556.00,354.14
2000-08-08,195630.00,2925.06,502.00,363.45
2000-08-09,195355.00,2924.95,503.00,364.35
2000-08-10,194980.00,2924.80,525.00,335.94
2000-08-11,194430.00,2924.58,540.00,262.71
2000-08-12,194005.00,2924.41,551.00,336.73
2000-08-13,193490.00,2924.20,515.00,255.35
2000-08-14,193015.00,2924.01,505.00,265.52
2000-08-15,192475.00,2923.79,535.00,262.75
2000-08-16,191975.00,2923.59,551.00,298.92
2000-08-17,191410.36,2923.36,551.00,266.33
2000-08-18,190865.64,2923.14,540.00,265.37
2000-08-19,190328.00,2922.92,520.00,248.94
2000-08-20,189805.00,2922.71,520.00,256.32
2000-08-21,189290.00,2922.50,520.00,260.35
2000-08-22,188776.00,2922.29,525.00,265.86
2000-08-23,188220.00,2922.06,547.00,266.68
2000-08-24,187484.00,2921.76,671.00,299.93
2000-08-25,186514.36,2921.36,805.00,316.14
2000-08-26,185375.94,2920.89,926.00,352.05
2000-08-27,183840.00,2920.25,1013.00,238.63
2000-08-28,182328.13,2919.62,1028.00,265.76
2000-08-29,180874.00,2919.01,1006.00,272.88
2000-08-30,179476.00,2918.42,985.00,280.17
2000-08-31,178154.36,2917.86,940.00,273.67
2000-09-01,176672.00,2917.23,1002.00,254.64
2000-09-02,174740.00,2916.40,1217.00,242.95
2000-09-03,172535.00,2915.45,1369.00,257.31
2000-09-04,170235.00,2914.45,1409.00,249.42
2000-09-05,168047.00,2913.49,1368.00,264.88
2000-09-06,165718.00,2912.46,1381.00,206.80
2000-09-07,163208.22,2911.34,1480.00,214.65
2000-09-08,160494.11,2910.12,1648.00,279.64
2000-09-09,157680.22,2908.83,1759.00,340.33
2000-09-10,154816.00,2907.53,1757.00,312.96
2000-09-11,152286.31,2906.36,1663.00,387.62
2000-09-12,149715.80,2905.16,1591.00,295.03
2000-09-13,147103.00,2903.93,1590.00,272.71
2000-09-14,144510.00,2902.70,1608.00,300.70
2000-09-15,141685.25,2901.35,1726.00,301.85
2000-09-16,138690.00,2899.90,1823.00,312.89
2000-09-17,135700.00,2898.44,1832.00,324.54
2000-09-18,132660.00,2896.94,1830.00,297.33
2000-09-19,129710.00,2895.47,1839.00,351.71
2000-09-20,126562.38,2893.88,1903.00,316.07
2000-09-21,123337.00,2892.23,1923.00,296.87
2000-09-22,120240.15,2890.63,1822.00,260.67
2000-09-23,117358.09,2889.12,1702.00,248.96
2000-09-24,114547.14,2887.63,1630.00,212.81
2000-09-25,111880.00,2886.20,1549.00,204.32
2000-09-26,109264.00,2884.78,1497.00,178.10
2000-09-27,106606.09,2883.32,1525.00,184.97
2000-09-28,103888.05,2881.81,1553.00,182.65
2000-09-29,101091.00,2880.23,1572.00,161.82
2000-09-30,99144.09,2879.12,1610.00,628.43
2000-10-01,98375.92,2878.68,1520.00,1132.71
2000-10-02,96824.00,2877.78,1224.00,441.57
2000-10-03,95361.00,2876.93,1022.00,284.41
2000-10-04,94017.75,2876.14,918.00,240.79
2000-10-05,92752.96,2875.39,851.00,213.34
2000-10-06,91487.75,2874.64,820.00,182.13
2000-10-07,90356.00,2873.96,775.00,204.42
2000-10-08,89192.00,2873.26,757.00,170.16
2000-10-09,88100.00,2872.60,734.00,183.46
2000-10-10,87040.00,2871.95,722.00,187.59
2000-10-11,85996.04,2871.31,699.00,172.68
2000-10-12,85042.00,2870.72,669.00,188.01
2000-10-13,83992.00,2870.07,671.00,141.63
2000-10-14,82984.00,2869.44,674.00,165.81
2000-10-15,81960.00,2868.80,676.00,159.74
2000-10-16,81170.00,2868.30,558.00,159.71
2000-10-17,80732.00,2868.02,371.00,150.18
2000-10-18,80365.00,2867.79,326.00,140.97
2000-10-19,80070.00,2867.60,309.00,160.27
2000-10-20,79820.00,2867.44,250.00,123.96
2000-10-21,79680.00,2867.35,207.00,136.42
2000-10-22,79570.00,2867.28,208.00,152.54
2000-10-23,79520.00,2867.25,210.00,184.79
2000-10-24,79570.00,2867.28,200.00,225.21
2000-10-25,79616.04,2867.31,174.00,197.21
2000-10-26,79760.00,2867.40,132.00,204.58
2000-10-27,79895.00,2867.49,115.00,183.06
2000-10-28,80133.77,2867.64,118.00,238.38
2000-10-29,80320.00,2867.76,121.00,214.89
2000-10-30,80476.23,2867.86,121.00,199.77
2000-10-31,80620.00,2867.95,122.00,194.48
2000-11-01,80764.00,2868.04,105.00,177.60
2000-11-02,80955.84,2868.16,80.00,176.72
2000-11-03,81218.12,2868.33,65.00,197.23
2000-11-04,81538.00,2868.53,49.00,210.27
2000-11-05,81777.92,2868.68,48.00,168.96
2000-11-06,82056.23,2868.86,48.00,188.31
2000-11-07,82344.00,2869.04,49.00,194.08
2000-11-08,82664.00,2869.24,49.00,210.33
2000-11-09,82920.00,2869.40,50.00,179.06
2000-11-10,83160.00,2869.55,49.00,170.00
2000-11-11,83367.92,2869.68,50.00,154.83
2000-11-12,83560.00,2869.80,50.00,146.84
2000-11-13,83752.00,2869.92,51.00,147.80
2000-11-14,83976.00,2870.06,51.00,163.93
2000-11-15,84151.88,2870.17,52.00,140.67
2000-11-16,84328.00,2870.28,52.00,140.79
2000-11-17,84520.00,2870.40,53.00,149.80
2000-11-18,84697.00,2870.51,54.00,143.24
2000-11-19,84866.04,2870.61,54.00,139.22
2000-11-20,85090.00,2870.75,55.00,167.91
2000-11-21,85282.27,2870.87,56.00,152.94
2000-11-22,85426.00,2870.96,56.00,128.46
2000-11-23,85692.08,2871.12,57.00,191.15
2000-11-24,85852.00,2871.22,58.00,138.63
2000-11-25,86123.96,2871.39,58.00,195.11
2000-11-26,86368.00,2871.54,59.00,182.03
2000-11-27,86533.77,2871.64,61.00,144.57
2000-11-28,86710.00,2871.75,60.00,148.85
2000-11-29,86976.00,2871.91,61.00,195.11
2000-11-30,87136.00,2872.01,61.00,141.67
2000-12-01,87364.79,2872.15,61.00,176.35
2000-12-02,87562.00,2872.27,61.00,160.43
2000-12-03,87746.34,2872.38,61.00,153.93
2000-12-04,87940.00,2872.50,61.00,158.64
2000-12-05,88117.04,2872.61,61.00,150.26
2000-12-06,88286.00,2872.71,61.00,146.18
2000-12-07,88464.09,2872.82,61.00,150.78
2000-12-08,88632.00,2872.92,61.00,145.66
2000-12-09,88811.00,2873.03,61.00,151.24
2000-12-10,88978.12,2873.13,61.00,145.25
2000-12-11,89107.00,2873.21,61.00,125.98
2000-12-12,89243.00,2873.29,61.00,129.57
2000-12-13,89437.00,2873.41,61.00,158.81
2000-12-14,89760.00,2873.60,61.00,223.84
2000-12-15,89871.88,2873.67,61.00,117.41
2000-12-16,90260.00,2873.90,61.00,256.67
2000-12-17,90356.00,2873.96,61.00,109.40
2000-12-18,90471.00,2874.03,61.00,118.98
2000-12-19,90685.84,2874.16,61.00,169.32
2000-12-20,90903.00,2874.29,61.00,170.48
2000-12-21,91090.00,2874.40,61.00,155.28
2000-12-22,91324.00,2874.54,61.00,178.97
2000-12-23,91504.79,2874.65,61.00,152.15
2000-12-24,91675.00,2874.75,61.00,146.81
2000-12-25,91828.16,2874.84,61.00,138.22
2000-12-26,91978.00,2874.93,61.00,136.54
2000-12-27,92209.00,2875.07,61.00,177.46
2000-12-28,92378.88,2875.17,61.00,146.64
2000-12-29,92532.00,2875.26,61.00,138.20
2000-12-30,92736.34,2875.38,61.00,164.02
2000-12-31,92906.00,2875.48,61.00,146.54
2001-01-01,93084.00,2875.59,61.00,150.74
2001-01-02,93321.00,2875.73,61.00,180.49
2001-01-03,93406.00,2875.78,61.00,103.85
2001-01-04,93661.00,2875.93,61.00,189.56
2001-01-05,93916.00,2876.08,61.00,189.56
2001-01-06,94102.96,2876.19,61.00,155.26
2001-01-07,94341.13,2876.33,61.00,181.07
2001-01-08,94545.00,2876.45,61.00,163.79
2001-01-09,94715.00,2876.55,61.00,146.71
2001-01-10,94867.75,2876.64,61.00,138.01
2001-01-11,95106.00,2876.78,61.00,181.12
2001-01-12,95292.96,2876.89,62.00,156.26
2001-01-13,95534.00,2877.03,62.00,183.52
2001-01-14,95711.13,2877.13,62.00,151.30
2001-01-15,95881.00,2877.23,62.00,147.64
2001-01-16,96000.00,2877.30,62.00,121.99
2001-01-17,96187.00,2877.41,62.00,156.28
2001-01-18,96340.00,2877.50,62.00,139.14
2001-01-19,96561.13,2877.63,62.00,173.48
2001-01-20,96716.00,2877.72,62.00,140.08
2001-01-21,96928.16,2877.84,62.00,168.96
2001-01-22,97098.00,2877.94,62.00,147.62
2001-01-23,97268.00,2878.04,62.00,147.71
2001-01-24,97459.78,2878.15,62.00,158.69
2001-01-25,97618.00,2878.24,62.00,141.77
2001-01-26,97788.16,2878.34,62.00,147.79
2001-01-27,97926.00,2878.42,63.00,132.49
2001-01-28,98034.00,2878.48,63.00,117.45
2001-01-29,98291.13,2878.63,63.00,192.63
2001-01-30,98446.00,2878.72,63.00,141.08
2001-01-31,98641.13,2878.83,63.00,161.37
2001-02-01,98814.00,2878.93,62.00,149.16
2001-02-02,99025.00,2879.05,62.00,168.38
2001-02-03,99194.79,2879.15,61.00,146.60
2001-02-04,99494.09,2879.32,61.00,211.89
2001-02-05,99702.00,2879.44,60.00,164.82
2001-02-06,99912.00,2879.56,59.00,164.87
2001-02-07,100051.73,2879.64,59.00,129.45
2001-02-08,100228.00,2879.74,58.00,146.87
2001-02-09,100438.27,2879.86,58.00,164.01
2001-02-10,100618.00,2879.96,57.00,147.61
2001-02-11,100809.00,2880.07,57.00,153.29
2001-02-12,100967.82,2880.16,56.00,136.07
2001-02-13,101142.00,2880.26,57.00,144.81
2001-02-14,101354.35,2880.38,56.00,163.06
2001-02-15,101498.00,2880.46,56.00,128.42
2001-02-16,101672.00,2880.56,56.00,143.72
2001-02-17,101865.87,2880.67,56.00,153.74
2001-02-18,102028.00,2880.76,56.00,137.74
2001-02-19,102185.21,2880.85,56.00,135.26
2001-02-20,102342.00,2880.94,55.00,134.05
2001-02-21,102504.00,2881.03,55.00,136.67
2001-02-22,102684.13,2881.13,55.00,145.82
2001-02-23,102827.00,2881.21,55.00,127.03
2001-02-24,102998.05,2881.31,55.00,141.23
2001-02-25,103124.35,2881.38,55.00,118.68
2001-02-26,103268.00,2881.46,55.00,127.42
2001-02-27,103412.00,2881.54,55.00,127.60
2001-02-28,103574.13,2881.63,53.00,134.74
2001-03-01,103734.00,2881.72,53.00,133.60
2001-03-02,103906.09,2881.82,53.00,139.76
2001-03-03,104031.95,2881.89,53.00,116.46
2001-03-04,104194.00,2881.98,55.00,136.70
2001-03-05,104356.00,2882.07,54.00,135.67
2001-03-06,104517.82,2882.16,54.00,135.58
2001-03-07,104698.00,2882.26,54.00,144.84
2001-03-08,104878.27,2882.36,54.00,144.88
2001-03-09,105076.00,2882.47,54.00,153.69
2001-03-10,105292.00,2882.59,54.00,162.90
2001-03-11,105453.91,2882.68,54.00,135.63
2001-03-12,105670.00,2882.80,54.00,162.94
2001-03-13,105976.00,2882.97,53.00,207.27
2001-03-14,106192.00,2883.09,53.00,161.90
2001-03-15,106444.00,2883.23,53.00,180.05
2001-03-16,106624.13,2883.33,53.00,143.82
2001-03-17,106840.00,2883.45,53.00,161.83
2001-03-18,107092.00,2883.59,54.00,181.05
2001-03-19,107498.05,2883.81,54.00,258.71
2001-03-20,107840.00,2884.00,54.00,226.40
2001-03-21,108145.87,2884.17,54.00,208.21
2001-03-22,108437.14,2884.33,54.00,200.85
2001-03-23,108768.00,2884.51,53.00,219.81
2001-03-24,109100.95,2884.69,53.00,220.86
2001-03-25,109498.00,2884.91,53.00,253.17
2001-03-26,109939.78,2885.15,53.00,275.73
2001-03-27,110490.00,2885.45,53.00,330.40
2001-03-28,110841.73,2885.64,53.00,230.33
2001-03-29,111248.27,2885.86,53.00,257.96
2001-03-30,111582.00,2886.04,52.00,220.26
2001-03-31,112042.00,2886.29,52.00,283.91
2001-04-01,112412.00,2886.49,52.00,238.54
2001-04-02,112810.00,2886.70,52.00,252.66
2001-04-03,113160.95,2886.89,52.00,228.94
2001-04-04,113514.00,2887.08,52.00,229.99
2001-04-05,113835.00,2887.25,78.00,239.84
2001-04-06,114148.00,2887.42,87.00,244.80
2001-04-07,114433.00,2887.57,70.00,213.69
2001-04-08,114603.81,2887.66,117.00,203.12
2001-04-09,114770.00,2887.75,166.00,249.78
2001-04-10,114955.23,2887.85,150.00,243.39
2001-04-11,115221.00,2887.99,114.00,247.99
2001-04-12,115468.09,2888.12,102.00,226.57
2001-04-13,115620.00,2888.20,144.00,220.58
2001-04-14,115656.00,2888.22,201.00,219.15
2001-04-15,115600.95,2888.19,233.00,205.25
2001-04-16,115600.95,2888.19,228.00,228.00
2001-04-17,115638.00,2888.21,216.00,234.68
2001-04-18,115674.00,2888.23,214.00,232.15
2001-04-19,115782.00,2888.29,188.00,242.45
2001-04-20,115914.28,2888.36,180.00,246.69
2001-04-21,115857.14,2888.33,257.00,228.19
2001-04-22,115914.28,2888.36,215.00,243.81
2001-04-23,116066.00,2888.44,179.00,255.49
2001-04-24,116275.00,2888.55,184.00,289.37
2001-04-25,116674.00,2888.76,148.00,349.16
2001-04-26,117433.81,2889.16,122.00,505.07
2001-04-27,118479.00,2889.71,95.00,621.94
2001-04-28,119610.00,2890.30,87.00,657.20
2001-04-29,120532.00,2890.78,88.00,552.83
2001-04-30,121780.00,2891.43,88.00,717.19
2001-05-01,122557.14,2891.83,108.00,499.80
2001-05-02,123179.76,2892.15,175.00,488.90
2001-05-03,123640.95,2892.39,241.00,473.52
2001-05-04,123800.00,2892.47,404.00,484.18
2001-05-05,123820.00,2892.48,440.00,450.08
2001-05-06,123840.00,2892.49,404.00,414.08
2001-05-07,124050.00,2892.60,349.00,454.87
2001-05-08,124580.34,2892.87,256.00,523.38
2001-05-09,125268.00,2893.22,226.00,572.69
2001-05-10,125972.00,2893.58,222.00,576.93
2001-05-11,126720.00,2893.96,222.00,599.11
2001-05-12,127828.00,2894.52,222.00,780.61
2001-05-13,129220.00,2895.22,222.00,923.79
2001-05-14,130610.00,2895.92,222.00,922.78
2001-05-15,132000.05,2896.61,222.00,922.81
2001-05-16,133220.00,2897.22,228.00,843.05
2001-05-17,134232.00,2897.72,228.00,738.21
2001-05-18,135030.05,2898.11,228.00,630.34
2001-05-19,135760.00,2898.47,237.00,605.01
2001-05-20,136493.16,2898.83,237.00,606.63
2001-05-21,137270.00,2899.21,243.00,634.65
2001-05-22,138440.00,2899.78,258.00,847.87
2001-05-23,140151.05,2900.61,267.00,1129.64
2001-05-24,142042.00,2901.52,272.00,1225.34
2001-05-25,143796.31,2902.36,275.00,1159.45
2001-05-26,145329.00,2903.09,275.00,1047.72
2001-05-27,146673.00,2903.73,284.00,961.59
2001-05-28,147712.00,2904.22,290.00,813.82
2001-05-29,148415.00,2904.55,305.00,659.42
2001-05-30,148752.00,2904.71,397.00,566.90
2001-05-31,149202.00,2904.92,397.00,623.87
2001-06-01,149884.00,2905.24,385.00,728.84
2001-06-02,150572.00,2905.56,302.00,648.86
2001-06-03,151080.00,2905.80,272.00,528.11
2001-06-04,151342.00,2905.92,281.00,413.09
2001-06-05,151489.00,2905.99,340.00,414.11
2001-06-06,151708.00,2906.09,313.00,423.41
2001-06-07,152028.00,2906.24,283.00,444.33
2001-06-08,152546.00,2906.48,262.00,523.15
2001-06-09,153196.00,2906.78,262.00,589.70
2001-06-10,153626.00,2906.98,271.00,487.79
2001-06-11,153989.73,2907.15,283.00,466.38
2001-06-12,154342.05,2907.31,271.00,448.62
2001-06-13,154603.00,2907.43,270.00,401.56
2001-06-14,154838.00,2907.54,269.00,387.48
2001-06-15,155057.67,2907.64,274.00,384.75
2001-06-16,155295.00,2907.75,294.00,413.65
2001-06-17,155422.05,2907.81,303.00,367.05
2001-06-18,155510.27,2907.85,302.00,346.48
2001-06-19,155576.44,2907.88,335.00,368.36
2001-06-20,155642.00,2907.91,371.00,404.05
2001-06-21,155862.00,2908.01,351.00,461.92
2001-06-22,156126.16,2908.13,336.00,469.18
2001-06-23,156301.00,2908.21,345.00,433.15
2001-06-24,156322.00,2908.22,344.00,354.59
2001-06-25,156235.89,2908.18,343.00,299.59
2001-06-26,156257.95,2908.19,313.00,324.12
2001-06-27,156666.44,2908.38,264.00,469.94
2001-06-28,157524.00,2908.77,233.00,665.35
2001-06-29,157974.00,2908.96,229.00,455.87
2001-06-30,158240.00,2909.10,228.00,362.11
2001-07-01,158504.00,2909.22,227.00,360.10
2001-07-02,158548.00,2909.24,310.00,332.18
2001-07-03,158437.95,2909.19,422.00,366.52
2001-07-04,158327.67,2909.14,468.00,412.40
2001-07-05,158072.00,2909.02,476.00,347.10
2001-07-06,157890.00,2908.90,450.00,358.24
2001-07-07,157502.00,2908.76,448.00,252.39
2001-07-08,157216.16,2908.63,442.00,297.89
2001-07-09,156930.00,2908.50,441.00,296.73
2001-07-10,156578.22,2908.34,489.00,311.65
2001-07-11,156104.11,2908.12,537.00,297.97
2001-07-12,155686.00,2907.93,536.00,325.21
2001-07-13,155253.00,2907.73,534.00,315.70
2001-07-14,154708.00,2907.48,528.00,253.23
2001-07-15,154122.00,2907.21,526.00,230.56
2001-07-16,153516.00,2906.93,510.00,204.48
2001-07-17,152909.73,2906.65,498.00,192.35
2001-07-18,152307.36,2906.37,497.00,193.31
2001-07-19,151730.00,2906.10,495.00,203.92
2001-07-20,151190.27,2905.85,494.00,221.89
2001-07-21,150702.11,2905.62,472.00,225.89
2001-07-22,150186.44,2905.38,461.00,201.02
2001-07-23,149736.84,2905.17,479.00,252.33
2001-07-24,149118.41,2904.88,528.00,216.21
2001-07-25,148415.00,2904.55,569.00,214.37
2001-07-26,147775.00,2904.25,545.00,222.34
2001-07-27,147040.00,2903.90,548.00,177.44
2001-07-28,146421.05,2903.61,540.00,227.95
2001-07-29,145770.00,2903.30,517.00,188.77
2001-07-30,145182.00,2903.02,500.00,203.55
2001-07-31,144510.00,2902.70,492.00,153.20
2001-08-01,143858.95,2902.39,494.00,165.77
2001-08-02,143271.05,2902.11,497.00,200.60
2001-08-03,142620.00,2901.80,499.00,170.77
2001-08-04,141937.00,2901.47,547.00,202.66
2001-08-05,140834.00,2900.93,769.00,212.91
2001-08-06,140319.00,2900.69,486.00,226.36
2001-08-07,139820.00,2900.45,479.00,227.42
2001-08-08,139300.00,2900.20,481.00,218.84
2001-08-09,138730.00,2899.92,483.00,195.63
2001-08-10,138175.00,2899.65,486.00,206.19
2001-08-11,137660.00,2899.40,488.00,228.36
2001-08-12,137290.00,2899.22,485.00,298.46
2001-08-13,136740.00,2898.95,488.00,210.71
2001-08-14,136330.00,2898.75,490.00,283.29
2001-08-15,135740.00,2898.46,493.00,195.55
2001-08-16,135169.91,2898.18,495.00,207.58
2001-08-17,134640.00,2897.92,495.00,227.84
2001-08-18,133950.00,2897.58,495.00,147.13
2001-08-19,133260.00,2897.24,494.00,146.13
2001-08-20,132660.00,2896.94,494.00,191.50
2001-08-21,131980.00,2896.60,494.00,151.17
2001-08-22,131470.25,2896.35,494.00,237.00
2001-08-23,131230.00,2896.23,488.00,366.88
2001-08-24,130670.00,2895.95,488.00,205.67
2001-08-25,130049.70,2895.64,488.00,175.27
2001-08-26,129437.14,2895.33,488.00,179.17
2001-08-27,128820.00,2895.02,487.00,175.86
2001-08-28,128079.76,2894.65,553.00,179.80
2001-08-29,127230.00,2894.22,646.00,217.59
2001-08-30,126189.95,2893.69,772.00,247.65
2001-08-31,124780.00,2892.97,924.00,213.16
2001-09-01,123100.05,2892.11,1043.00,196.04
2001-09-02,121397.00,2891.23,1103.00,244.39
2001-09-03,119591.00,2890.29,1128.00,217.49
2001-09-04,117776.19,2889.34,1121.00,206.05
2001-09-05,115876.19,2888.34,1148.00,190.10
2001-09-06,113797.00,2887.23,1246.00,197.76
2001-09-07,111266.30,2885.87,1457.00,181.13
2001-09-08,108380.00,2884.30,1704.00,248.84
2001-09-09,105166.00,2882.52,1874.00,253.63
2001-09-10,101723.00,2880.59,1992.00,256.18
2001-09-11,98155.00,2878.55,2033.00,234.16
2001-09-12,94528.00,2876.44,2052.00,223.41
2001-09-13,90920.00,2874.30,2049.00,229.99
2001-09-14,87280.00,2872.10,2045.00,209.86
2001-09-15,83624.16,2869.84,2053.00,209.87
2001-09-16,79958.00,2867.53,2061.00,212.67
2001-09-17,76370.00,2865.22,2014.00,205.08
2001-09-18,73050.00,2863.04,1890.00,216.19
2001-09-19,69760.15,2860.84,1820.00,161.39
2001-09-20,66490.00,2858.60,1828.00,179.32
2001-09-21,63480.00,2856.50,1676.00,158.48
2001-09-22,60568.00,2854.42,1623.00,154.89
2001-09-23,57719.09,2852.33,1580.00,143.70
2001-09-24,55010.00,2850.30,1478.00,112.19
2001-09-25,53020.00,2848.77,1087.00,83.72
2001-09-26,51200.00,2847.34,1007.00,89.43
2001-09-27,49580.00,2846.05,879.00,62.26
2001-09-28,48004.00,2844.77,871.00,76.44
2001-09-29,46540.00,2843.55,858.00,119.91
2001-09-30,44566.23,2841.88,1096.00,100.91
2001-10-01,42355.00,2839.95,1225.00,110.00
2001-10-02,40158.00,2837.98,1216.00,108.36
2001-10-03,37930.00,2835.92,1227.00,103.73
2001-10-04,35680.00,2833.78,1224.00,89.64
2001-10-05,33480.05,2831.62,1215.00,105.88
2001-10-06,31340.00,2829.44,1178.00,99.07
2001-10-07,29238.00,2827.22,1161.00,101.26
2001-10-08,27318.04,2825.12,1075.00,107.04
2001-10-09,25532.00,2823.09,989.00,88.55
2001-10-10,23889.90,2821.15,945.00,117.11
2001-10-11,22348.00,2819.26,919.00,141.64
2001-10-12,20946.00,2817.48,844.00,137.17
2001-10-13,19852.00,2816.04,774.00,222.45
2001-10-14,18776.00,2814.58,756.00,213.52
2001-10-15,17740.88,2813.13,710.00,188.14
2001-10-16,17068.95,2812.17,479.00,140.24
2001-10-17,16850.07,2811.85,267.00,156.65
2001-10-18,16950.00,2812.00,111.00,161.38
2001-10-19,17082.98,2812.19,80.00,147.04
2001-10-20,17230.00,2812.40,81.00,155.12
2001-10-21,17384.04,2812.62,82.00,159.66
2001-10-22,17615.00,2812.95,77.00,193.44
2001-10-23,18111.93,2813.66,66.00,316.53
2001-10-24,18423.00,2814.09,60.00,216.83
2001-10-25,18685.00,2814.45,59.00,191.09
2001-10-26,18924.00,2814.78,59.00,179.49
2001-10-27,19194.91,2815.15,59.00,195.58
2001-10-28,19408.00,2815.44,59.00,166.43
2001-10-29,19624.00,2815.73,59.00,167.90
2001-10-30,19934.91,2816.15,59.00,215.75
2001-10-31,20866.14,2817.37,59.00,528.48
2001-11-01,21406.00,2818.07,59.00,331.18
2001-11-02,21840.00,2818.62,59.00,277.81
2001-11-03,22190.00,2819.06,59.00,235.46
2001-11-04,22540.00,2819.50,59.00,235.46
2001-11-05,22860.00,2819.89,57.00,218.33
2001-11-06,23130.00,2820.22,57.00,193.12
2001-11-07,23416.00,2820.57,57.00,201.19
2001-11-08,23663.96,2820.88,57.00,182.01
2001-11-09,23913.96,2821.18,57.00,183.04
2001-11-10,24156.00,2821.47,57.00,179.03
2001-11-11,24377.00,2821.73,57.00,168.42
2001-11-12,24618.00,2822.02,59.00,180.50
2001-11-13,25003.00,2822.47,59.00,253.10
2001-11-14,27678.00,2825.52,59.00,1407.63
2001-11-15,29740.00,2827.76,59.00,1098.58
2001-11-16,31146.00,2829.24,60.00,768.85
2001-11-17,32049.93,2830.17,60.00,515.72
2001-11-18,32759.97,2830.89,60.00,417.98
2001-11-19,33440.00,2831.58,60.00,402.84
2001-11-20,34330.00,2832.46,59.00,507.70
2001-11-21,35091.00,2833.21,45.00,428.67
2001-11-22,35899.00,2833.99,36.00,443.36
2001-11-23,36595.89,2834.66,36.00,387.34
2001-11-24,37215.00,2835.25,36.00,348.13
2001-11-25,37800.00,2835.80,36.00,330.93
2001-11-26,38270.00,2836.24,36.00,272.95
2001-11-27,38719.90,2836.66,36.00,262.82
2001-11-28,39259.90,2837.16,36.00,308.25
2001-11-29,39685.00,2837.55,36.00,250.32
2001-11-30,40136.00,2837.96,36.00,263.38
2001-12-01,40631.00,2838.41,36.00,285.56
2001-12-02,41016.00,2838.76,35.00,229.10
2001-12-03,41411.03,2839.11,36.00,235.16
2001-12-04,41754.00,2839.42,36.00,208.91
2001-12-05,42125.00,2839.75,36.00,223.04
2001-12-06,42509.00,2840.09,36.00,229.60
2001-12-07,42838.21,2840.38,36.00,201.98
2001-12-08,43155.89,2840.66,36.00,196.16
2001-12-09,43594.00,2841.04,36.00,256.88
2001-12-10,43755.94,2841.18,36.00,117.64
2001-12-11,44046.00,2841.43,36.00,182.24
2001-12-12,44371.00,2841.71,36.00,199.85
2001-12-13,44915.94,2842.18,39.00,313.74
2001-12-14,45650.00,2842.80,39.00,409.08
2001-12-15,46252.03,2843.31,38.00,341.52
2001-12-16,47008.00,2843.94,39.00,420.13
2001-12-17,47944.00,2844.72,40.00,511.89
2001-12-18,48828.00,2845.44,42.00,487.68
2001-12-19,49532.00,2846.01,41.00,395.93
2001-12-20,50140.00,2846.50,40.00,346.53
2001-12-21,50692.00,2846.94,39.00,317.30
2001-12-22,51179.09,2847.33,39.00,284.57
2001-12-23,51636.97,2847.69,39.00,269.84
2001-12-24,52056.00,2848.02,39.00,250.26
2001-12-25,52468.12,2848.34,38.00,245.77
2001-12-26,52839.09,2848.63,38.00,225.03
2001-12-27,53229.00,2848.93,38.00,234.57
2001-12-28,53566.97,2849.19,38.00,208.39
2001-12-29,53918.00,2849.46,38.00,214.98
2001-12-30,54269.00,2849.73,38.00,214.96
2001-12-31,54581.00,2849.97,38.00,195.30
2002-01-01,54893.00,2850.21,38.00,195.30
2002-01-02,55210.00,2850.45,40.00,199.82
2002-01-03,55526.97,2850.69,40.00,199.80
2002-01-04,55814.00,2850.91,40.00,184.71
2002-01-05,56121.81,2851.14,40.00,195.18
2002-01-06,56509.00,2851.43,40.00,235.21
2002-01-07,59336.00,2853.52,41.00,1466.26
2002-01-08,64900.00,2857.50,47.00,2852.14
2002-01-09,68100.00,2859.71,61.00,1674.31
2002-01-10,70080.00,2861.05,63.00,1061.24
2002-01-11,71385.00,2861.93,60.00,717.93
2002-01-12,72795.26,2862.87,57.00,767.99
2002-01-13,73890.00,2863.60,54.00,605.92
2002-01-14,74885.00,2864.25,52.00,553.64
2002-01-15,75736.04,2864.81,52.00,481.06
2002-01-16,76535.11,2865.33,51.00,453.86
2002-01-17,77245.00,2865.79,51.00,408.90
2002-01-18,77928.00,2866.23,51.00,395.34
2002-01-19,78548.12,2866.63,51.00,363.64
2002-01-20,79280.00,2867.10,51.00,419.99
2002-01-21,79880.00,2867.48,51.00,353.50
2002-01-22,80492.27,2867.87,51.00,359.68
2002-01-23,81050.00,2868.22,51.00,332.18
2002-01-24,81570.00,2868.55,51.00,313.16
2002-01-25,82232.00,2868.97,51.00,384.75
2002-01-26,82808.12,2869.33,51.00,341.45
2002-01-27,83272.08,2869.62,51.00,284.91
2002-01-28,83736.00,2869.91,51.00,284.89
2002-01-29,84167.92,2870.18,51.00,268.76
2002-01-30,84584.00,2870.44,51.00,260.77
2002-01-31,85058.00,2870.73,51.00,289.97
2002-02-01,85442.00,2870.97,51.00,244.60
2002-02-02,85852.00,2871.22,51.00,257.71
2002-02-03,86236.00,2871.46,51.00,244.60
2002-02-04,86597.92,2871.68,51.00,233.47
2002-02-05,86960.00,2871.90,51.00,233.55
2002-02-06,87415.91,2872.18,51.00,280.85
2002-02-07,87892.00,2872.47,51.00,291.02
2002-02-08,88151.13,2872.63,51.00,181.64
2002-02-09,88498.16,2872.84,51.00,225.96
2002-02-10,88913.00,2873.09,51.00,260.14
2002-02-11,89175.00,2873.25,51.00,183.09
2002-02-12,89454.00,2873.42,51.00,191.66
2002-02-13,89839.80,2873.65,51.00,245.50
2002-02-14,90226.34,2873.88,51.00,245.88
2002-02-15,90590.00,2874.10,51.00,234.34
2002-02-16,90920.00,2874.30,51.00,217.37
2002-02-17,91276.00,2874.51,51.00,230.48
2002-02-18,91675.00,2874.75,51.00,252.16
2002-02-19,92010.00,2874.95,51.00,219.89
2002-02-20,92294.09,2875.12,51.00,194.22
2002-02-21,92804.00,2875.42,52.00,309.08
2002-02-22,93882.00,2876.06,52.00,595.48
2002-02-23,95089.00,2876.77,56.00,664.52
2002-02-24,96034.09,2877.32,64.00,540.47
2002-02-25,96894.09,2877.82,65.00,498.58
2002-02-26,97703.00,2878.29,53.00,460.82
2002-02-27,98446.00,2878.72,42.00,416.59
2002-02-28,99144.09,2879.12,40.00,391.95
2002-03-01,99792.00,2879.49,39.00,365.65
2002-03-02,100384.13,2879.83,38.00,336.53
2002-03-03,100967.82,2880.16,38.00,332.27
2002-03-04,101638.00,2880.54,38.00,375.88
2002-03-05,102100.00,2880.80,38.00,270.92
2002-03-06,102701.73,2881.14,38.00,341.37
2002-03-07,103232.00,2881.44,38.00,305.34
2002-03-08,103734.00,2881.72,38.00,291.09
2002-03-09,104212.00,2881.99,37.00,277.99
2002-03-10,104698.00,2882.26,37.00,282.02
2002-03-11,105544.00,2882.73,38.00,464.52
2002-03-12,106353.91,2883.18,38.00,446.33
2002-03-13,106984.00,2883.53,38.00,355.66
2002-03-14,107588.27,2883.86,38.00,342.65
2002-03-15,108163.91,2884.18,39.00,329.22
2002-03-16,108678.00,2884.46,38.00,297.18
2002-03-17,109228.00,2884.76,38.00,315.29
2002-03-18,109793.00,2885.07,38.00,322.85
2002-03-19,110490.00,2885.45,38.00,389.40
2002-03-20,110877.82,2885.66,38.00,233.52
2002-03-21,111415.00,2885.95,38.00,308.82
2002-03-22,111880.00,2886.20,38.00,272.43
2002-03-23,112358.00,2886.46,38.00,278.99
2002-03-24,112828.00,2886.71,38.00,274.95
2002-03-25,113313.00,2886.97,38.00,282.52
2002-03-26,113873.00,2887.27,38.00,320.33
2002-03-27,114243.00,2887.47,38.00,224.54
2002-03-28,114770.00,2887.75,38.00,303.69
2002-03-29,115183.00,2887.97,38.00,246.22
2002-03-30,115710.00,2888.25,38.00,303.69
2002-03-31,116237.00,2888.53,38.00,303.69
2002-04-01,116845.23,2888.85,38.00,344.65
2002-04-02,117490.95,2889.19,38.00,363.55
2002-04-03,118137.00,2889.53,38.00,363.71
2002-04-04,118840.00,2889.90,38.00,392.42
2002-04-05,119610.00,2890.30,38.00,426.20
2002-04-06,120418.00,2890.72,38.00,445.36
2002-04-07,121380.00,2891.22,39.00,524.00
2002-04-08,122595.23,2891.85,39.00,651.67
2002-04-09,123584.28,2892.36,40.00,538.64
2002-04-10,124740.00,2892.95,41.00,623.67
2002-04-11,125991.00,2893.59,40.00,670.70
2002-04-12,127290.00,2894.25,40.00,694.90
2002-04-13,129513.33,2895.37,41.00,1161.91
2002-04-14,134863.00,2898.03,41.00,2738.09
2002-04-15,137944.00,2899.54,42.00,1595.31
2002-04-16,140564.06,2900.81,42.00,1362.93
2002-04-17,142662.11,2901.82,42.00,1099.75
2002-04-18,144678.00,2902.78,54.00,1070.33
2002-04-19,146505.00,2903.65,61.00,982.10
2002-04-20,148056.00,2904.38,46.00,827.95
2002-04-21,149546.00,2905.08,43.00,794.20
2002-04-22,150765.00,2905.65,43.00,657.57
2002-04-23,151900.00,2906.18,93.00,665.22
2002-04-24,152653.00,2906.53,198.00,577.63
2002-04-25,153428.95,2906.89,220.00,611.20
2002-04-26,154210.00,2907.25,203.00,596.77
2002-04-27,155101.78,2907.66,203.00,652.60
2002-04-28,155862.00,2908.01,203.00,586.27
2002-04-29,156600.27,2908.35,203.00,575.20
2002-04-30,157480.00,2908.75,203.00,646.53
2002-05-01,158526.00,2909.23,203.00,730.35
2002-05-02,159987.95,2909.89,203.00,940.06
2002-05-03,161317.00,2910.49,203.00,873.05
2002-05-04,162626.00,2911.08,203.00,862.94
2002-05-05,163803.06,2911.61,203.00,796.43
2002-05-06,164726.00,2912.02,205.00,670.31
2002-05-07,165536.44,2912.38,223.00,631.59
2002-05-08,166213.89,2912.68,242.00,583.54
2002-05-09,166871.00,2912.97,248.00,579.29
2002-05-10,167413.00,2913.21,249.00,522.25
2002-05-11,167909.00,2913.43,249.00,499.06
2002-05-12,168520.00,2913.70,250.00,558.04
2002-05-13,169256.00,2914.02,250.00,621.06
2002-05-14,170096.94,2914.39,251.00,674.97
2002-05-15,170925.00,2914.75,251.00,668.48
2002-05-16,171799.17,2915.13,252.00,692.72
2002-05-17,172788.00,2915.56,255.00,753.53
2002-05-18,173925.00,2916.05,262.00,835.23
2002-05-19,175131.00,2916.57,262.00,870.02
2002-05-20,176720.00,2917.25,263.00,1064.11
2002-05-21,178365.00,2917.95,263.00,1092.34
2002-05-22,179852.00,2918.58,264.00,1013.68
2002-05-23,181181.66,2919.14,270.00,940.36
2002-05-24,182352.17,2919.63,349.00,939.13
2002-05-25,183360.00,2920.05,525.00,1033.11
2002-05-26,184656.00,2920.59,526.00,1179.39
2002-05-27,186274.00,2921.26,532.00,1347.73
2002-05-28,188195.00,2922.05,619.00,1587.49
2002-05-29,190770.00,2923.10,791.00,2089.21
2002-05-30,192425.00,2923.77,1065.00,1899.38
2002-05-31,192940.00,2923.98,1403.00,1662.64
2002-06-01,193015.00,2924.01,1500.00,1537.81
2002-06-02,193290.13,2924.12,1340.00,1478.71
2002-06-03,193590.00,2924.24,1307.00,1458.18
2002-06-04,193690.00,2924.28,1411.00,1461.42
2002-06-05,194280.00,2924.52,1411.00,1708.45
2002-06-06,194330.00,2924.54,1619.00,1644.21
2002-06-07,193590.00,2924.24,1699.00,1325.92
2002-06-08,192524.06,2923.81,1628.00,1090.60
2002-06-09,191260.00,2923.30,1628.00,990.71
2002-06-10,190328.00,2922.92,1428.00,958.12
2002-06-11,190424.00,2922.96,1101.00,1149.40
2002-06-12,191235.00,2923.29,860.00,1268.87
2002-06-13,192375.00,2923.75,860.00,1434.74
2002-06-14,193015.00,2924.01,1322.00,1644.66
2002-06-15,193540.00,2924.22,1537.00,1801.68
2002-06-16,193836.23,2924.34,1537.00,1686.35
2002-06-17,194005.00,2924.41,1273.00,1358.08
2002-06-18,194604.69,2924.65,1076.00,1378.34
2002-06-19,194730.00,2924.70,1082.00,1145.18
2002-06-20,195005.06,2924.81,967.00,1105.68
2002-06-21,195480.00,2925.00,901.00,1140.44
2002-06-22,196180.00,2925.28,901.00,1253.91
2002-06-23,196990.00,2925.60,901.00,1309.37
2002-06-24,197315.00,2925.73,1009.00,1172.85
2002-06-25,197290.00,2925.72,1186.00,1173.40
2002-06-26,197265.00,2925.71,1288.00,1275.40
2002-06-27,197114.69,2925.65,1474.00,1398.22
2002-06-28,197089.64,2925.64,1353.00,1340.37
2002-06-29,198025.00,2926.01,1415.00,1886.57
2002-06-30,197590.25,2925.84,1524.00,1304.82
2002-07-01,197015.06,2925.61,1248.00,958.01
2002-07-02,196965.00,2925.59,888.00,862.76
2002-07-03,197065.19,2925.63,745.00,795.51
2002-07-04,196662.00,2925.47,936.00,732.73
2002-07-05,196355.31,2925.35,840.00,685.38
2002-07-06,196130.00,2925.26,783.00,669.41
2002-07-07,196155.00,2925.27,783.00,795.60
2002-07-08,196380.36,2925.36,783.00,896.62
2002-07-09,196355.31,2925.35,782.00,769.37
2002-07-10,196255.06,2925.31,782.00,731.46
2002-07-11,196255.06,2925.31,804.00,804.00
2002-07-12,196180.00,2925.28,821.00,783.16
2002-07-13,196155.00,2925.27,821.00,808.40
2002-07-14,195954.94,2925.19,815.00,714.14
2002-07-15,195580.00,2925.04,815.00,625.97
2002-07-16,195130.36,2924.86,815.00,588.31
2002-07-17,194679.88,2924.68,814.00,586.88
2002-07-18,194205.00,2924.49,815.00,575.59
2002-07-19,193764.06,2924.31,771.00,548.70
2002-07-20,193540.00,2924.22,612.00,499.04
2002-07-21,193240.00,2924.10,612.00,460.75
2002-07-22,192990.00,2924.00,612.00,485.96
2002-07-23,192668.41,2923.87,629.00,466.87
2002-07-24,192450.00,2923.78,618.00,507.89
2002-07-25,192400.00,2923.76,557.00,531.79
2002-07-26,192325.00,2923.73,536.00,498.19
2002-07-27,192124.69,2923.65,542.79,441.80
2002-07-28,192200.00,2923.68,543.34,581.31
2002-07-29,192125.00,2923.65,542.61,504.79
2002-07-30,192075.00,2923.63,542.71,517.50
2002-07-31,191850.00,2923.54,525.34,411.91
2002-08-01,191582.00,2923.43,490.00,354.89
2002-08-02,191185.00,2923.27,490.00,289.85
2002-08-03,190818.13,2923.12,483.00,298.04
2002-08-04,190352.00,2922.93,483.00,248.00
2002-08-05,189980.00,2922.78,473.00,285.45
2002-08-06,189588.13,2922.62,463.00,265.43
2002-08-07,189146.00,2922.44,463.00,240.10
2002-08-08,188728.00,2922.27,473.00,262.26
2002-08-09,188295.00,2922.09,493.00,274.70
2002-08-10,187854.00,2921.91,499.00,276.67
2002-08-11,187388.00,2921.72,499.00,264.06
2002-08-12,186932.00,2921.53,499.00,269.10
2002-08-13,186466.23,2921.34,499.00,264.18
2002-08-14,185985.64,2921.14,499.00,256.70
2002-08-15,185568.00,2920.97,499.00,288.44
2002-08-16,185040.00,2920.75,520.00,253.80
2002-08-17,184512.00,2920.53,530.00,263.80
2002-08-18,183960.00,2920.30,530.00,251.70
2002-08-19,183408.00,2920.07,530.00,251.70
2002-08-20,182832.17,2919.83,530.00,239.69
2002-08-21,182256.00,2919.59,526.00,235.52
2002-08-22,181680.30,2919.35,526.00,235.75
2002-08-23,181113.06,2919.11,526.00,240.02
2002-08-24,180562.47,2918.88,526.00,248.41
2002-08-25,180019.70,2918.65,527.00,253.36
2002-08-26,179430.00,2918.40,527.00,229.70
2002-08-27,178880.83,2918.17,527.00,250.13
2002-08-28,178319.00,2917.93,527.00,243.75
2002-08-29,177731.88,2917.68,548.00,252.00
2002-08-30,177046.94,2917.39,570.00,224.68
2002-08-31,176416.11,2917.12,571.00,252.96
2002-09-01,175430.00,2916.70,708.00,210.84
2002-09-02,174200.83,2916.17,867.00,247.30
2002-09-03,172903.06,2915.61,915.00,260.72
2002-09-04,171224.45,2914.88,1059.00,212.71
2002-09-05,169210.00,2914.00,1260.00,244.39
2002-09-06,166825.00,2912.95,1440.00,237.58
2002-09-07,164054.00,2911.72,1638.00,240.97
2002-09-08,161022.33,2910.36,1847.00,318.55
2002-09-09,157946.00,2908.94,1943.00,392.04
2002-09-10,154645.00,2907.45,1963.00,298.77
2002-09-11,151256.44,2905.88,2005.00,296.62
2002-09-12,147733.00,2904.23,2113.00,336.63
2002-09-13,144048.00,2902.48,2177.00,319.17
2002-09-14,140340.00,2900.70,2196.00,326.58
2002-09-15,136618.95,2898.89,2216.00,340.00
2002-09-16,132880.00,2897.05,2170.00,284.97
2002-09-17,129399.05,2895.31,2094.00,339.05
2002-09-18,125934.00,2893.56,2062.00,315.06
2002-09-19,122480.00,2891.79,2051.00,309.63
2002-09-20,119087.00,2890.03,2041.00,330.39
2002-09-21,115656.00,2888.22,2042.00,312.23
2002-09-22,112193.33,2886.37,2043.00,297.26
2002-09-23,108750.00,2884.50,2033.00,297.01
2002-09-24,105292.00,2882.59,2033.00,289.62
2002-09-25,101776.09,2880.62,2067.00,294.42
2002-09-26,98240.00,2878.60,2068.00,285.25
2002-09-27,94918.88,2876.67,1992.00,317.62
2002-09-28,91760.00,2874.80,1948.00,355.42
2002-09-29,88664.00,2872.94,1916.00,355.12
2002-09-30,85575.00,2871.05,1818.00,260.65
2002-10-01,83319.80,2869.65,1316.00,184.00
2002-10-02,81218.12,2868.33,1246.00,180.91
2002-10-03,79190.00,2867.04,1183.00,145.82
2002-10-04,77260.00,2865.80,1096.00,105.11
2002-10-05,75340.00,2864.55,1075.00,86.64
2002-10-06,73270.00,2863.19,1141.00,70.81
2002-10-07,71080.00,2861.73,1221.00,83.30
2002-10-08,68820.00,2860.20,1291.00,117.84
2002-10-09,66490.00,2858.60,1343.00,129.27
2002-10-10,64204.00,2857.01,1338.00,143.28
2002-10-11,62115.00,2855.53,1234.00,180.81
2002-10-12,60213.86,2854.16,1160.00,201.52
2002-10-13,58406.14,2852.84,1109.00,197.62
2002-10-14,56698.00,2851.57,1064.00,202.83
2002-10-15,55140.00,2850.40,989.00,153.06
2002-10-16,54230.00,2849.70,648.00,149.91
2002-10-17,53840.00,2849.40,360.00,136.38
2002-10-18,53762.13,2849.34,199.00,148.49
2002-10-19,53814.25,2849.38,120.00,128.78
2002-10-20,53892.00,2849.44,121.00,141.60
2002-10-21,54009.00,2849.53,99.00,150.32
2002-10-22,54190.91,2849.67,61.00,153.38
2002-10-23,54360.00,2849.80,56.00,141.05
2002-10-24,54490.00,2849.90,56.00,121.34
2002-10-25,54581.00,2849.97,52.00,101.74
2002-10-26,54750.00,2850.10,53.00,142.18
2002-10-27,54853.94,2850.18,53.00,105.56
2002-10-28,55010.00,2850.30,53.00,130.38
2002-10-29,55114.25,2850.38,53.00,104.36
2002-10-30,55280.00,2850.50,53.00,135.36
2002-10-31,55384.00,2850.58,53.00,105.43
2002-11-01,55526.97,2850.69,52.00,124.08
2002-11-02,55657.00,2850.79,52.00,117.56
2002-11-03,55800.00,2850.90,53.00,125.09
2002-11-04,55966.00,2851.02,52.00,135.69
2002-11-05,56134.84,2851.15,52.00,137.12
2002-11-06,56298.00,2851.27,53.00,135.26
2002-11-07,56548.00,2851.46,53.00,179.04
2002-11-08,56779.09,2851.63,53.00,169.51
2002-11-09,56987.00,2851.79,53.00,157.82
2002-11-10,57192.00,2851.94,53.00,156.35
2002-11-11,57368.00,2852.07,53.00,141.73
2002-11-12,57680.00,2852.30,47.00,204.30
2002-11-13,58028.00,2852.56,42.00,217.45
2002-11-14,58337.00,2852.79,37.00,192.79
2002-11-15,58568.00,2852.96,34.00,150.46
2002-11-16,58913.00,2853.21,34.00,207.93
2002-11-17,59170.00,2853.40,34.00,163.57
2002-11-18,59427.00,2853.59,34.00,163.57
2002-11-19,59776.14,2853.84,34.00,210.02
2002-11-20,60227.90,2854.17,34.00,261.76
2002-11-21,60638.00,2854.47,34.00,240.76
2002-11-22,61016.00,2854.74,34.00,224.57
2002-11-23,61324.00,2854.96,34.00,189.28
2002-11-24,61617.90,2855.17,34.00,182.17
2002-11-25,61856.14,2855.34,34.00,154.11
2002-11-26,62085.00,2855.51,34.00,149.38
2002-11-27,62331.93,2855.68,34.00,158.49
2002-11-28,62570.17,2855.85,34.00,154.11
2002-11-29,62794.00,2856.01,34.00,146.85
2002-11-30,63003.86,2856.16,34.00,139.80
2002-12-01,63228.07,2856.32,34.00,147.04
2002-12-02,63424.00,2856.46,34.00,132.78
2002-12-03,63635.04,2856.61,34.00,140.40
2002-12-04,63896.00,2856.79,34.00,165.57
2002-12-05,64106.00,2856.94,34.00,139.87
2002-12-06,64316.00,2857.09,34.00,139.87
2002-12-07,64522.00,2857.23,34.00,137.86
2002-12-08,64704.21,2857.36,34.00,125.86
2002-12-09,64900.00,2857.50,34.00,132.71
2002-12-10,65250.00,2857.74,34.00,210.46
2002-12-11,65592.00,2857.98,35.00,207.42
2002-12-12,65853.86,2858.16,35.00,167.02
2002-12-13,66102.10,2858.33,35.00,160.15
2002-12-14,66794.03,2858.81,35.00,383.84
2002-12-15,67725.00,2859.45,35.00,504.36
2002-12-16,68470.00,2859.96,35.00,410.60
2002-12-17,68925.00,2860.27,35.00,264.39
2002-12-18,69290.00,2860.52,35.00,219.02
2002-12-19,69616.00,2860.74,35.00,199.36
2002-12-20,69940.00,2860.96,35.00,198.35
2002-12-21,70300.00,2861.20,35.00,216.50
2002-12-22,70574.96,2861.39,35.00,173.62
2002-12-23,70815.00,2861.55,35.00,156.02
2002-12-24,71100.00,2861.74,35.00,178.69
2002-12-25,71370.00,2861.92,35.00,171.12
2002-12-26,71595.00,2862.07,35.00,148.44
2002-12-27,71954.03,2862.31,35.00,216.01
2002-12-28,72254.00,2862.51,35.00,186.23
2002-12-29,72491.88,2862.67,35.00,154.93
2002-12-30,72765.18,2862.85,35.00,172.79
2002-12-31,73050.00,2863.04,35.00,178.59
2003-01-01,73365.00,2863.25,35.00,193.81
2003-01-02,73770.00,2863.52,35.00,239.18
2003-01-03,74260.15,2863.84,35.00,282.11
2003-01-04,74870.00,2864.24,35.00,342.46
2003-01-05,75570.00,2864.70,36.00,388.91
2003-01-06,76075.00,2865.03,36.00,290.60
2003-01-07,76550.15,2865.34,36.00,275.55
2003-01-08,76950.00,2865.60,35.00,236.59
2003-01-09,77292.08,2865.82,35.00,207.46
2003-01-10,77602.00,2866.02,35.00,191.25
2003-01-11,77960.00,2866.25,35.00,215.49
2003-01-12,78334.00,2866.49,35.00,223.56
2003-01-13,78692.00,2866.72,35.00,215.49
2003-01-14,79002.00,2866.92,35.00,191.29
2003-01-15,79296.04,2867.11,35.00,183.24
2003-01-16,79600.00,2867.30,35.00,188.24
2003-01-17,79910.00,2867.50,35.00,192.29
2003-01-18,80197.92,2867.68,35.00,181.16
2003-01-19,80540.00,2867.90,35.00,208.46
2003-01-20,80750.00,2868.13,35.00,141.87
2003-01-21,81250.00,2868.35,35.00,288.08
2003-01-22,81740.00,2868.66,35.00,283.09
2003-01-23,82330.00,2869.03,35.00,333.77
2003-01-24,82680.00,2869.25,35.00,212.69
2003-01-25,83340.00,2869.66,36.00,369.75
2003-01-26,85590.00,2871.06,38.00,1173.33
2003-01-27,87940.00,2872.50,38.00,1222.77
2003-01-28,89760.00,2873.60,38.00,955.57
2003-01-29,90920.00,2874.30,38.00,622.82
2003-01-30,93440.00,2875.80,38.00,1308.48
2003-01-31,100880.00,2880.12,38.00,3788.95
2003-02-01,108380.00,2884.30,38.00,3819.19
2003-02-02,111730.00,2886.12,38.00,1726.93
2003-02-03,114020.00,2887.35,38.00,1192.52
2003-02-04,115800.00,2888.30,38.00,935.40
2003-02-05,117620.00,2889.26,38.00,955.57
2003-02-06,119201.00,2890.09,38.00,835.08
2003-02-07,120380.00,2890.70,38.00,632.40
2003-02-08,121397.00,2891.23,38.00,550.73
2003-02-09,122420.00,2891.76,38.00,553.76
2003-02-10,123239.90,2892.18,38.00,451.36
2003-02-11,124070.05,2892.61,38.00,456.53
2003-02-12,124878.00,2893.02,38.00,445.34
2003-02-13,125580.39,2893.38,38.00,392.12
2003-02-14,126310.00,2893.75,38.00,405.84
2003-02-15,126960.00,2894.08,38.00,365.70
2003-02-16,127670.00,2894.44,38.00,395.95
2003-02-17,128340.00,2894.78,38.00,375.79
2003-02-18,128960.00,2895.09,38.00,350.58
2003-02-19,129570.00,2895.40,38.00,345.54
2003-02-20,130270.00,2895.75,38.00,390.91
2003-02-21,131170.00,2896.20,38.00,491.74
2003-02-22,131959.00,2896.59,38.00,435.78
2003-02-23,132640.00,2896.93,38.00,381.33
2003-02-24,133260.00,2897.24,38.00,350.58
2003-02-25,133850.00,2897.53,38.00,335.45
2003-02-26,134460.14,2897.83,38.00,345.61
2003-02-27,135030.05,2898.11,38.00,325.32
2003-02-28,135598.95,2898.39,38.00,324.82
2003-03-01,136124.75,2898.65,38.00,303.09
2003-03-02,136640.00,2898.90,38.00,297.77
2003-03-03,137144.75,2899.15,38.00,292.47
2003-03-04,137660.00,2899.40,38.00,297.77
2003-03-05,138320.00,2899.72,38.00,370.75
2003-03-06,138995.00,2900.05,38.00,378.31
2003-03-07,139552.11,2900.32,38.00,318.87
2003-03-08,139962.00,2900.52,38.00,244.65
2003-03-09,140588.13,2900.82,38.00,353.67
2003-03-10,141191.05,2901.11,41.00,344.97
2003-03-11,141768.95,2901.39,36.00,327.36
2003-03-12,142600.00,2901.79,40.00,458.98
2003-03-13,144531.00,2902.71,36.00,1009.53
2003-03-14,146673.00,2903.73,38.00,1117.91
2003-03-15,148666.84,2904.67,38.00,1043.21
2003-03-16,150440.00,2905.50,38.00,931.95
2003-03-17,151940.00,2906.20,38.00,794.24
2003-03-18,153261.05,2906.81,38.00,704.02
2003-03-19,154474.38,2907.37,38.00,649.71
2003-03-20,155642.00,2907.91,38.00,626.67
2003-03-21,156798.00,2908.44,38.00,620.81
2003-03-22,158198.00,2909.08,43.00,748.82
2003-03-23,159515.89,2909.68,41.00,705.43
2003-03-24,160692.00,2910.21,36.00,628.95
2003-03-25,161757.95,2910.69,39.00,576.41
2003-03-26,162959.00,2911.23,40.00,645.52
2003-03-27,163894.72,2911.65,41.00,512.75
2003-03-28,164841.00,2912.07,40.00,517.08
2003-03-29,165695.00,2912.45,40.00,470.55
2003-03-30,166686.94,2912.89,39.00,539.09
2003-03-31,168208.00,2913.56,38.00,804.86
2003-04-01,169752.00,2914.24,38.00,816.42
2003-04-02,171155.28,2914.85,38.00,745.48
2003-04-03,172374.45,2915.38,52.00,666.66
2003-04-04,173271.00,2915.77,150.00,602.00
2003-04-05,173925.00,2916.05,205.00,534.72
2003-04-06,174572.17,2916.33,208.00,534.28
2003-04-07,175314.72,2916.65,126.00,500.36
2003-04-08,176178.00,2917.02,90.00,525.23
2003-04-09,176932.22,2917.34,90.00,470.25
2003-04-10,177780.00,2917.70,91.00,518.42
2003-04-11,178672.00,2918.08,92.00,541.71
2003-04-12,179828.00,2918.57,94.00,676.81
2003-04-13,181204.72,2919.15,95.00,789.09
2003-04-14,182447.83,2919.67,94.00,720.73
2003-04-15,183599.70,2920.15,93.00,673.73
2003-04-16,184656.00,2920.59,93.00,625.54
2003-04-17,185568.00,2920.97,134.00,593.79
2003-04-18,186322.00,2921.28,173.00,553.14
2003-04-19,187052.00,2921.58,173.00,541.04
2003-04-20,187755.42,2921.87,173.00,527.64
2003-04-21,188704.00,2922.26,80.00,558.23
2003-04-22,189780.00,2922.70,33.00,575.48
2003-04-23,190770.00,2923.10,69.00,568.12
2003-04-24,191360.25,2923.34,345.00,642.58
2003-04-25,191435.42,2923.37,599.00,636.90
2003-04-26,191484.94,2923.39,616.00,640.96
2003-04-27,191410.36,2923.36,616.00,578.40
2003-04-28,191335.19,2923.33,600.00,562.10
2003-04-29,191335.19,2923.33,595.00,595.00
2003-04-30,191360.25,2923.34,596.00,608.64
2003-05-01,191410.36,2923.36,596.00,621.26
2003-05-02,191510.00,2923.40,597.00,647.23
2003-05-03,191630.00,2923.45,597.00,657.50
2003-05-04,191750.00,2923.50,598.00,658.50
2003-05-05,191850.00,2923.54,598.00,648.42
2003-05-06,191825.00,2923.53,571.00,558.40
2003-05-07,191875.00,2923.55,524.00,549.21
2003-05-08,191950.00,2923.58,475.00,512.81
2003-05-09,192050.13,2923.62,432.00,482.48
2003-05-10,192224.94,2923.69,414.00,502.13
2003-05-11,192375.00,2923.75,414.00,489.66
2003-05-12,192548.13,2923.82,415.00,502.28
2003-05-13,192840.00,2923.94,415.00,548.24
2003-05-14,193240.00,2924.10,416.00,602.73
2003-05-15,194080.00,2924.45,416.00,825.21
2003-05-16,194730.00,2924.70,416.00,729.19
2003-05-17,195110.00,2924.85,421.00,593.91
2003-05-18,195355.00,2924.95,422.00,526.80
2003-05-19,195480.00,2925.00,480.00,524.17
2003-05-20,195430.00,2924.98,573.00,525.86
2003-05-21,195305.00,2924.93,571.00,488.87
2003-05-22,195405.00,2924.97,570.00,603.04
2003-05-23,195929.88,2925.18,575.00,839.62
2003-05-24,196990.00,2925.60,744.00,1278.47
2003-05-25,197490.00,2925.80,1300.00,1552.08
2003-05-26,197265.00,2925.71,1537.00,1423.56
2003-05-27,197015.06,2925.61,1408.00,1281.99
2003-05-28,197240.00,2925.70,1295.00,1408.40
2003-05-29,197465.00,2925.79,1521.00,1634.44
2003-05-30,197896.00,2925.96,1689.00,1906.29
2003-05-31,198150.00,2926.06,1793.00,1921.06
2003-06-01,197974.00,2925.99,1705.00,1616.27
2003-06-02,197792.00,2925.92,1453.00,1361.24
2003-06-03,197792.00,2925.92,1246.00,1246.00
2003-06-04,197714.94,2925.89,1196.00,1157.15
2003-06-05,197740.00,2925.90,1187.00,1199.64
2003-06-06,197870.00,2925.95,1256.00,1321.54
2003-06-07,197818.00,2925.93,1552.00,1525.78
2003-06-08,197665.42,2925.87,1710.00,1633.08
2003-06-09,197515.06,2925.81,1510.00,1434.19
2003-06-10,197565.19,2925.83,1173.00,1198.27
2003-06-11,197870.00,2925.95,881.00,1034.67
2003-06-12,198175.00,2926.07,819.00,972.77
2003-06-13,198275.06,2926.11,900.00,950.45
2003-06-14,198200.00,2926.08,916.00,878.16
2003-06-15,198175.00,2926.07,818.00,805.40
2003-06-16,198275.06,2926.11,744.00,794.45
2003-06-17,198474.94,2926.19,758.00,858.77
2003-06-18,198525.00,2926.21,930.00,955.24
2003-06-19,198449.88,2926.18,928.00,890.13
2003-06-20,198225.00,2926.09,818.00,704.63
2003-06-21,198025.00,2926.01,733.00,632.17
2003-06-22,197766.00,2925.91,665.00,534.42
2003-06-23,197540.13,2925.82,646.00,532.12
2003-06-24,197189.88,2925.68,699.00,522.42
2003-06-25,196890.00,2925.56,726.00,574.82
2003-06-26,196688.00,2925.48,721.00,619.16
2003-06-27,196765.00,2925.51,699.00,737.82
2003-06-28,196865.00,2925.55,699.00,749.42
2003-06-29,196815.00,2925.53,737.00,711.79
2003-06-30,196610.00,2925.45,798.00,694.65
2003-07-01,196155.00,2925.27,832.00,602.61
2003-07-02,195555.00,2925.03,832.00,529.50
2003-07-03,194980.00,2924.80,798.00,508.11
2003-07-04,194380.00,2924.56,793.00,490.50
2003-07-05,193932.47,2924.38,748.00,522.37
2003-07-06,193665.00,2924.27,704.00,569.15
2003-07-07,193339.64,2924.14,693.00,528.97
2003-07-08,192890.00,2923.96,693.00,466.31
2003-07-09,192524.06,2923.81,693.00,508.51
2003-07-10,192075.19,2923.63,688.00,461.70
2003-07-11,191750.00,2923.50,693.00,529.05
2003-07-12,191360.25,2923.34,688.00,491.50
2003-07-13,190985.94,2923.19,688.00,499.29
2003-07-14,190570.00,2923.02,671.00,461.30
2003-07-15,190304.00,2922.91,589.00,454.89
2003-07-16,190105.19,2922.83,540.00,439.77
2003-07-17,189780.00,2922.70,540.00,376.05
2003-07-18,189465.00,2922.57,540.00,381.19
2003-07-19,189194.00,2922.46,540.00,403.37
2003-07-20,188900.25,2922.34,535.00,386.90
2003-07-21,188656.00,2922.24,551.00,427.86
2003-07-22,188344.06,2922.11,561.00,403.73
2003-07-23,187950.00,2921.95,578.00,379.33
2003-07-24,187779.88,2921.88,584.00,498.23
2003-07-25,187267.83,2921.67,578.00,319.85
2003-07-26,186735.00,2921.45,578.00,309.37
2003-07-27,186226.00,2921.24,578.00,321.38
2003-07-28,185665.00,2921.01,578.00,295.17
2003-07-29,185136.00,2920.79,578.00,311.30
2003-07-30,184632.00,2920.58,572.00,317.90
2003-07-31,184104.36,2920.36,572.00,305.99
2003-08-01,183575.64,2920.14,572.00,305.44
2003-08-02,183000.00,2919.90,572.00,281.79
2003-08-03,182375.64,2919.64,572.00,257.22
2003-08-04,181728.41,2919.37,572.00,245.69
2003-08-05,181113.06,2919.11,572.00,261.77
2003-08-06,180490.30,2918.85,572.00,258.03
2003-08-07,179900.00,2918.60,561.00,263.40
2003-08-08,179334.36,2918.36,540.00,254.83
2003-08-09,178811.66,2918.14,505.00,241.47
2003-08-10,178250.00,2917.90,515.00,231.84
2003-08-11,177635.64,2917.64,551.00,241.26
2003-08-12,176955.28,2917.35,545.00,201.99
2003-08-13,176274.00,2917.06,545.00,201.53
2003-08-14,175574.00,2916.76,545.00,192.09
2003-08-15,174832.00,2916.44,584.00,209.91
2003-08-16,173994.00,2916.08,600.00,177.51
2003-08-17,173225.00,2915.75,589.00,201.30
2003-08-18,172374.45,2915.38,611.00,182.19
2003-08-19,171431.00,2914.97,688.00,212.35
2003-08-20,170235.00,2914.45,727.00,124.03
2003-08-21,169118.00,2913.96,727.00,163.85
2003-08-22,167978.00,2913.46,727.00,152.26
2003-08-23,166825.00,2912.95,727.00,145.70
2003-08-24,165649.00,2912.43,727.00,134.11
2003-08-25,164526.00,2911.93,721.00,154.83
2003-08-26,163317.95,2911.39,749.00,139.95
2003-08-27,162066.16,2910.83,760.00,128.89
2003-08-28,161000.27,2910.35,694.00,156.62
2003-08-29,160054.00,2909.92,611.00,133.93
2003-08-30,159120.00,2909.50,589.00,118.12
2003-08-31,158219.00,2909.09,611.00,156.75
2003-09-01,157128.00,2908.59,694.00,143.96
2003-09-02,155884.00,2908.02,765.00,137.83
2003-09-03,154666.00,2907.46,765.00,150.93
2003-09-04,153450.00,2906.90,782.00,168.94
2003-09-05,151962.00,2906.21,898.00,147.81
2003-09-06,149947.00,2905.27,1176.00,160.12
2003-09-07,147313.00,2904.03,1520.00,192.04
2003-09-08,144342.11,2902.62,1752.00,254.20
2003-09-09,141337.89,2901.18,1807.00,292.40
2003-09-10,138174.75,2899.65,1873.00,278.27
2003-09-11,135030.05,2898.11,1939.00,353.57
2003-09-12,132139.91,2896.68,1862.00,404.91
2003-09-13,129200.00,2895.21,1796.00,313.82
2003-09-14,126290.00,2893.74,1774.00,306.90
2003-09-15,123394.00,2892.26,1752.00,291.95
2003-09-16,120456.00,2890.74,1741.00,259.78
2003-09-17,117490.95,2889.19,1752.00,257.14
2003-09-18,114528.09,2887.62,1763.00,269.25
2003-09-19,111582.00,2886.04,1763.00,277.70
2003-09-20,108570.00,2884.40,1752.00,233.47
2003-09-21,105598.00,2882.76,1741.00,242.64
2003-09-22,102630.00,2881.10,1741.00,244.66
2003-09-23,99494.09,2879.32,1818.00,237.00
2003-09-24,96272.00,2877.46,1884.00,259.56
2003-09-25,93100.00,2875.60,1840.00,245.73
2003-09-26,89903.96,2873.69,1829.00,262.20
2003-09-27,86565.84,2871.66,1873.00,233.48
2003-09-28,83224.00,2869.59,1866.00,210.75
2003-09-29,79880.00,2867.48,1847.00,171.51
2003-09-30,76610.30,2865.38,1829.00,178.37
2003-10-01,73440.00,2863.30,1730.00,105.00
2003-10-02,70620.00,2861.42,1550.00,94.09
2003-10-03,68132.00,2859.73,1440.00,157.87
2003-10-04,65650.00,2858.02,1403.00,128.97
2003-10-05,63214.04,2856.31,1385.00,131.35
2003-10-06,60834.04,2854.61,1349.00,127.04
2003-10-07,58475.96,2852.89,1332.00,118.97
2003-10-08,56228.00,2851.22,1300.00,141.66
2003-10-09,54074.00,2849.58,1232.00,123.82
2003-10-10,51994.00,2847.97,1162.00,93.72
2003-10-11,50056.00,2846.43,1101.00,113.17
2003-10-12,48266.00,2844.98,1047.00,164.82
2003-10-13,46600.00,2843.60,998.00,208.84
2003-10-14,45072.03,2842.31,914.00,200.21
2003-10-15,43840.00,2841.25,774.00,213.21
2003-10-16,42932.00,2840.46,668.00,275.79
2003-10-17,42640.00,2840.20,507.00,431.35
2003-10-18,42750.00,2840.30,227.00,337.39
2003-10-19,42991.00,2840.51,124.00,279.13
2003-10-20,43583.00,2841.03,114.00,447.03
2003-10-21,44674.00,2841.97,77.00,643.21
2003-10-22,45326.00,2842.53,54.00,383.71
2003-10-23,45716.16,2842.86,53.00,250.34
2003-10-24,46071.88,2843.16,54.00,233.74
2003-10-25,46347.97,2843.39,54.00,193.59
2003-10-26,46612.03,2843.61,79.00,213.30
2003-10-27,46780.00,2843.75,102.00,187.78
2003-10-28,47259.85,2844.15,111.00,354.71
2003-10-29,48066.06,2844.82,90.00,497.69
2003-10-30,48446.09,2845.13,71.00,262.35
2003-10-31,48634.00,2845.28,105.00,204.76
2003-11-01,48720.15,2845.35,152.00,194.98
2003-11-02,48840.00,2845.45,121.00,184.03
2003-11-03,48948.00,2845.54,115.00,170.34
2003-11-04,49008.00,2845.59,115.00,146.33
2003-11-05,49123.94,2845.68,106.00,166.14
2003-11-06,49174.00,2845.72,115.00,140.94
2003-11-07,49222.00,2845.76,117.00,142.48
2003-11-08,49322.13,2845.84,108.00,159.10
2003-11-09,49424.00,2845.92,108.00,160.09
2003-11-10,49592.00,2846.06,108.00,193.24
2003-11-11,49854.00,2846.27,108.00,240.88
2003-11-12,50032.00,2846.41,104.00,194.79
2003-11-13,50192.00,2846.54,98.00,179.87
2003-11-14,50306.09,2846.63,104.00,163.91
2003-11-15,50390.00,2846.70,116.00,160.33
2003-11-16,50666.00,2846.92,116.00,258.15
2003-11-17,50941.81,2847.14,87.00,229.64
2003-11-18,51496.00,2847.58,64.00,344.72
2003-11-19,52540.00,2848.40,54.00,581.71
2003-11-20,53333.00,2849.01,51.00,451.60
2003-11-21,53866.00,2849.42,51.00,320.52
2003-11-22,54308.00,2849.76,51.00,274.64
2003-11-23,54763.03,2850.11,46.00,276.96
2003-11-24,55182.00,2850.43,42.00,254.63
2003-11-25,55605.00,2850.75,43.00,256.66
2003-11-26,55953.00,2851.01,45.00,218.85
2003-11-27,56256.00,2851.24,46.00,196.19
2003-11-28,56684.00,2851.56,48.00,260.09
2003-11-29,57270.00,2852.00,49.00,340.03
2003-11-30,57866.00,2852.44,49.00,345.08
2003-12-01,58448.24,2852.87,49.00,338.15
2003-12-02,58900.00,2853.20,49.00,272.36
2003-12-03,59551.93,2853.68,49.00,373.28
2003-12-04,60088.00,2854.07,49.00,314.87
2003-12-05,60708.00,2854.52,49.00,357.18
2003-12-06,61296.00,2854.94,49.00,341.05
2003-12-07,61814.04,2855.31,49.00,305.78
2003-12-08,62275.79,2855.64,49.00,277.40
2003-12-09,62696.00,2855.94,49.00,256.45
2003-12-10,63130.00,2856.25,49.00,263.41
2003-12-11,63508.00,2856.52,49.00,235.18
2003-12-12,63910.00,2856.80,49.00,247.28
2003-12-13,64375.11,2857.13,49.00,279.09
2003-12-14,64745.96,2857.39,49.00,231.57
2003-12-15,65050.00,2857.60,49.00,197.88
2003-12-16,65438.24,2857.87,49.00,240.34
2003-12-17,65695.00,2858.05,49.00,174.05
2003-12-18,66000.00,2858.26,49.00,198.37
2003-12-19,66298.00,2858.47,49.00,194.84
2003-12-20,66601.93,2858.68,49.00,198.19
2003-12-21,66892.27,2858.88,51.00,192.08
2003-12-22,67140.00,2859.05,51.00,170.70
2003-12-23,67444.00,2859.26,51.00,201.15
2003-12-24,67740.00,2859.46,51.00,198.63
2003-12-25,67999.78,2859.64,51.00,180.37
2003-12-26,68260.07,2859.82,51.00,180.34
2003-12-27,68572.00,2860.03,51.00,206.66
2003-12-28,68850.00,2860.22,51.00,189.55
2003-12-29,69120.00,2860.40,51.00,185.53
2003-12-30,69305.00,2860.53,51.00,142.32
2003-12-31,69529.93,2860.68,51.00,162.80
2004-01-01,69834.96,2860.89,51.00,203.17
2004-01-02,70060.00,2861.04,51.00,162.59
2004-01-03,70384.00,2861.26,51.00,212.75
2004-01-04,70605.00,2861.41,51.00,160.75
2004-01-05,70695.00,2861.47,83.00,130.75
2004-01-06,70815.00,2861.55,114.00,175.57
2004-01-07,71070.00,2861.72,66.00,194.08
2004-01-08,71324.96,2861.89,49.00,176.57
2004-01-09,71550.00,2862.04,48.00,160.47
2004-01-10,71774.96,2862.19,47.00,159.41
2004-01-11,72038.24,2862.37,47.00,178.54
2004-01-12,72282.00,2862.53,47.00,168.69
2004-01-13,72500.00,2862.68,47.00,157.00
2004-01-14,72795.26,2862.87,47.00,196.00
2004-01-15,73095.00,2863.07,47.00,196.92
2004-01-16,73500.15,2863.34,47.00,250.06
2004-01-17,73875.00,2863.59,47.00,234.79
2004-01-18,74230.07,2863.82,47.00,224.81
2004-01-19,74560.00,2864.04,47.00,212.14
2004-01-20,74885.00,2864.25,46.00,208.45
2004-01-21,75170.00,2864.44,45.00,187.26
2004-01-22,75450.07,2864.62,45.00,185.00
2004-01-23,75848.31,2864.88,46.00,244.90
2004-01-24,76275.84,2865.16,46.00,259.55
2004-01-25,76580.22,2865.36,45.00,197.11
2004-01-26,76905.00,2865.57,46.00,210.24
2004-01-27,77230.00,2865.78,46.00,211.94
2004-01-28,77698.00,2866.08,47.00,284.81
2004-01-29,78440.00,2866.56,47.00,424.05
2004-01-30,79820.00,2867.44,47.00,745.66
2004-01-31,80908.12,2868.13,47.00,597.99
2004-02-01,81713.77,2868.64,47.00,455.58
2004-02-02,82456.04,2869.11,47.00,423.63
2004-02-03,83128.00,2869.53,47.00,388.18
2004-02-04,83703.96,2869.89,47.00,339.78
2004-02-05,84232.00,2870.22,47.00,315.62
2004-02-06,84731.00,2870.53,47.00,300.98
2004-02-07,85234.16,2870.84,47.00,303.06
2004-02-08,85660.00,2871.10,47.00,264.10
2004-02-09,86060.20,2871.35,47.00,251.17
2004-02-10,86453.00,2871.59,47.00,247.44
2004-02-11,86824.09,2871.82,47.00,236.49
2004-02-12,87184.00,2872.04,47.00,230.86
2004-02-13,87530.00,2872.25,47.00,223.84
2004-02-14,87940.00,2872.50,47.00,256.11
2004-02-15,88286.00,2872.71,47.00,223.84
2004-02-16,88664.00,2872.94,47.00,240.05
2004-02-17,89025.84,2873.16,47.00,231.93
2004-02-18,89388.31,2873.38,46.00,232.18
2004-02-19,89692.00,2873.56,46.00,202.51
2004-02-20,90022.00,2873.76,46.00,215.83
2004-02-21,90340.00,2873.95,46.00,209.81
2004-02-22,90653.77,2874.14,46.00,207.87
2004-02-23,90937.04,2874.31,47.00,192.94
2004-02-24,91276.00,2874.51,47.00,221.46
2004-02-25,91572.96,2874.69,47.00,200.32
2004-02-26,91946.00,2874.91,47.00,238.67
2004-02-27,92260.00,2875.10,47.00,208.91
2004-02-28,92566.00,2875.28,47.00,204.88
2004-02-29,92838.00,2875.44,47.00,187.73
2004-03-01,93151.13,2875.63,47.00,208.47
2004-03-02,93423.00,2875.79,47.00,187.67
2004-03-03,93797.00,2876.01,47.00,239.16
2004-03-04,94068.88,2876.17,47.00,187.71
2004-03-05,94392.25,2876.36,47.00,213.77
2004-03-06,94732.00,2876.56,46.00,221.89
2004-03-07,95072.00,2876.76,46.00,222.37
2004-03-08,95463.00,2876.99,48.00,248.60
2004-03-09,95983.00,2877.29,47.00,313.92
2004-03-10,96544.09,2877.62,47.00,334.68
2004-03-11,97132.00,2877.96,47.00,348.21
2004-03-12,97788.16,2878.34,47.00,382.62
2004-03-13,98375.91,2878.68,47.00,348.12
2004-03-14,99042.00,2879.06,47.00,387.62
2004-03-15,99720.00,2879.45,47.00,393.63
2004-03-16,100402.18,2879.84,47.00,395.73
2004-03-17,101176.00,2880.28,47.00,441.93
2004-03-18,102134.09,2880.82,47.00,534.85
2004-03-19,102980.00,2881.30,47.00,478.28
2004-03-20,103785.00,2881.75,47.00,457.65
2004-03-21,104553.91,2882.18,47.00,439.46
2004-03-22,105399.78,2882.65,47.00,478.36
2004-03-23,106353.91,2883.18,47.00,533.43
2004-03-24,107404.00,2883.76,48.00,582.32
2004-03-25,108494.28,2884.36,48.00,602.77
2004-03-26,109552.00,2884.94,48.00,582.99
2004-03-27,110562.00,2885.49,48.00,557.41
2004-03-28,111472.00,2885.98,48.00,506.99
2004-03-29,112322.00,2886.44,48.00,476.74
2004-03-30,113294.00,2886.96,48.00,538.25
2004-03-31,114148.00,2887.42,48.00,478.76
2004-04-01,114936.19,2887.84,48.00,445.60
2004-04-02,115728.00,2888.26,48.00,447.44
2004-04-03,116483.81,2888.66,48.00,429.52
2004-04-04,117395.72,2889.14,49.00,508.63
2004-04-05,118364.77,2889.65,51.00,539.43
2004-04-06,119379.90,2890.18,51.00,562.40
2004-04-07,120513.00,2890.77,51.00,621.87
2004-04-08,121682.38,2891.38,51.00,640.16
2004-04-09,122928.00,2892.02,51.00,678.60
2004-04-10,124149.76,2892.65,51.00,666.57
2004-04-11,125460.10,2893.32,51.00,711.23
2004-04-12,126980.00,2894.09,51.00,816.90
2004-04-13,128780.00,2895.00,52.00,958.86
2004-04-14,130410.10,2895.82,51.00,872.94
2004-04-15,131896.00,2896.56,77.00,826.99
2004-04-16,133119.86,2897.17,98.00,714.63
2004-04-17,134232.00,2897.72,98.00,658.30
2004-04-18,135250.00,2898.22,98.00,610.84
2004-04-19,136187.89,2898.68,116.00,589.45
2004-04-20,137061.05,2899.11,112.00,552.69
2004-04-21,137923.00,2899.53,104.00,538.62
2004-04-22,138730.00,2899.92,104.00,510.86
2004-04-23,139962.00,2900.52,104.00,725.13
2004-04-24,140755.94,2900.89,104.00,504.28
2004-04-25,141580.00,2901.30,104.00,519.47
2004-04-26,142560.00,2901.77,104.00,598.08
2004-04-27,143901.00,2902.41,104.00,780.09
2004-04-28,145350.00,2903.10,120.00,852.01
2004-04-29,146673.00,2903.73,141.00,809.24
2004-04-30,147990.27,2904.35,144.00,806.90
2004-05-01,149458.00,2905.04,165.00,905.01
2004-05-02,151212.33,2905.86,178.00,1062.29
2004-05-03,153303.16,2906.83,203.00,1259.11
2004-05-04,155337.00,2907.77,220.00,1245.40
2004-05-05,157172.05,2908.61,211.00,1137.14
2004-05-06,158680.00,2909.30,203.00,961.74
2004-05-07,160274.00,2910.02,198.00,1000.60
2004-05-08,161735.89,2910.68,198.00,934.51
2004-05-09,163142.05,2911.31,175.00,884.03
2004-05-10,164482.00,2911.91,180.00,854.94
2004-05-11,165580.00,2912.40,205.00,760.98
2004-05-12,166503.06,2912.81,262.00,726.36
2004-05-13,167206.11,2913.12,322.00,676.65
2004-05-14,167886.00,2913.42,329.00,670.99
2004-05-15,168658.00,2913.76,329.00,717.72
2004-05-16,169549.73,2914.15,286.00,736.70
2004-05-17,170557.00,2914.59,232.00,740.41
2004-05-18,171707.00,2915.09,205.00,785.52
2004-05-19,173156.00,2915.72,188.00,917.92
2004-05-20,174901.00,2916.47,173.00,1053.29
2004-05-21,176792.00,2917.28,163.00,1115.27
2004-05-22,178648.00,2918.07,158.00,1093.74
2004-05-23,180324.00,2918.78,160.00,1005.96
2004-05-24,181751.88,2919.38,155.00,876.16
2004-05-25,183120.00,2919.95,148.00,838.27
2004-05-26,185304.36,2920.86,146.00,1247.23
2004-05-27,188439.70,2922.15,148.00,1728.02
2004-05-28,190745.00,2923.09,165.00,1327.61
2004-05-29,192275.00,2923.71,204.00,978.57
2004-05-30,193690.00,2924.28,228.00,943.51
2004-05-31,195055.19,2924.83,228.00,918.45
2004-06-01,196030.00,2925.22,308.00,810.45
2004-06-02,196480.00,2925.40,521.00,756.35
2004-06-03,196765.00,2925.51,700.00,848.93
2004-06-04,197265.00,2925.71,760.00,1015.74
2004-06-05,197896.00,2925.96,792.00,1117.35
2004-06-06,198250.00,2926.10,999.00,1186.44
2004-06-07,198480.00,2926.19,1076.00,1200.24
2004-06-08,198000.00,2926.00,1010.00,776.31
2004-06-09,198300.13,2926.12,925.00,1085.56
2004-06-10,198300.13,2926.12,906.00,917.31
2004-06-11,198200.00,2926.08,899.00,857.24
2004-06-12,197974.00,2925.99,815.00,713.81
2004-06-13,197974.00,2925.99,793.00,801.55
2004-06-14,198000.00,2926.00,797.00,824.22
2004-06-15,197714.94,2925.89,825.00,693.45
2004-06-16,197015.06,2925.61,1010.00,672.52
2004-06-17,196480.00,2925.40,955.00,698.77
2004-06-18,196155.00,2925.27,918.00,768.24
2004-06-19,195854.69,2925.15,888.00,751.75
2004-06-20,195555.00,2925.03,851.00,716.47
2004-06-21,195305.00,2924.93,874.00,764.55
2004-06-22,195080.25,2924.84,928.00,829.97
2004-06-23,195030.13,2924.82,885.00,881.13
2004-06-24,195204.94,2924.89,818.00,925.99
2004-06-25,195580.00,2925.04,724.00,932.15
2004-06-26,195854.69,2925.15,669.00,827.92
2004-06-27,195930.00,2925.18,624.00,679.56
2004-06-28,196010.00,2925.21,596.00,658.07
2004-06-29,196055.00,2925.23,601.00,643.48
2004-06-30,196255.06,2925.31,584.00,708.26
2004-07-01,196330.25,2925.34,584.00,644.55
2004-07-02,196305.19,2925.33,584.00,593.35
2004-07-03,196280.13,2925.32,584.00,592.66
2004-07-04,196180.00,2925.28,584.00,554.59
2004-07-05,196030.00,2925.22,584.00,529.50
2004-07-06,195904.81,2925.17,584.00,541.44
2004-07-07,195854.69,2925.15,584.00,564.39
2004-07-08,195580.00,2925.04,553.00,410.01
2004-07-09,195305.00,2924.93,535.00,383.75
2004-07-10,194980.00,2924.80,535.00,357.66
2004-07-11,194629.75,2924.66,535.00,344.48
2004-07-12,194355.00,2924.55,535.00,382.39
2004-07-13,194105.00,2924.45,535.00,393.78
2004-07-14,193955.94,2924.39,535.00,444.12
2004-07-15,193812.17,2924.33,535.00,445.57
2004-07-16,193615.00,2924.25,530.00,417.70
2004-07-17,193389.75,2924.16,535.00,404.48
2004-07-18,193240.00,2924.10,535.00,442.68
2004-07-19,193020.00,2924.01,515.00,388.77
2004-07-20,192840.00,2923.94,505.00,397.66
2004-07-21,192720.00,2923.89,505.00,428.07
2004-07-22,192400.00,2923.76,505.00,327.70
2004-07-23,191925.00,2923.57,551.00,297.64
2004-07-24,191534.00,2923.41,578.00,363.40
2004-07-25,191085.00,2923.23,573.00,332.18
2004-07-26,190620.00,2923.04,573.00,324.20
2004-07-27,190080.13,2922.82,573.00,285.36
2004-07-28,189588.13,2922.62,573.00,309.78
2004-07-29,189098.00,2922.42,573.00,310.50
2004-07-30,188584.00,2922.21,573.00,299.15
2004-07-31,188046.00,2921.99,573.00,285.47
2004-08-01,187484.00,2921.76,573.00,271.97
2004-08-02,186956.00,2921.54,573.00,287.22
2004-08-03,186298.00,2921.27,573.00,221.51
2004-08-04,185690.00,2921.02,584.00,261.78
2004-08-05,185088.00,2920.77,584.00,262.57
2004-08-06,184536.00,2920.54,567.00,274.72
2004-08-07,184080.30,2920.35,567.00,321.98
2004-08-08,183528.13,2920.12,567.00,272.69
2004-08-09,182880.30,2919.85,585.00,241.22
2004-08-10,181920.00,2919.45,741.00,236.82
2004-08-11,180750.00,2918.96,862.00,249.21
2004-08-12,180020.00,2918.65,918.00,524.77
2004-08-13,178576.00,2918.04,962.00,207.30
2004-08-14,177166.00,2917.44,1012.00,269.84
2004-08-15,175670.00,2916.80,1014.00,229.39
2004-08-16,174362.00,2916.24,998.00,306.74
2004-08-17,172971.66,2915.64,1018.00,278.78
2004-08-18,171454.00,2914.98,1054.00,255.69
2004-08-19,169844.00,2914.28,1114.00,302.60
2004-08-20,168185.00,2913.55,1141.00,304.37
2004-08-21,166458.00,2912.79,1141.00,269.83
2004-08-22,165063.84,2912.17,1075.00,374.37
2004-08-23,163849.17,2911.63,886.00,277.74
2004-08-24,163296.44,2911.38,735.00,466.82
2004-08-25,163406.00,2911.43,639.00,703.53
2004-08-26,163296.44,2911.38,548.00,508.00
2004-08-27,162959.00,2911.23,525.00,368.24
2004-08-28,162427.00,2910.99,541.00,292.14
2004-08-29,161824.00,2910.72,553.00,274.30
2004-08-30,161087.95,2910.39,598.00,256.55
2004-08-31,160252.00,2910.01,665.00,279.34
2004-09-01,159230.00,2909.55,705.00,228.43
2004-09-02,158177.00,2909.07,777.00,288.85
2004-09-03,156930.00,2908.50,840.00,262.15
2004-09-04,155532.33,2907.86,896.00,247.18
2004-09-05,153775.00,2907.05,1035.00,215.71
2004-09-06,151793.16,2906.13,1183.00,263.47
2004-09-07,149590.00,2905.10,1270.00,263.13
2004-09-08,147017.95,2903.89,1484.00,310.80
2004-09-09,144195.00,2902.55,1696.00,256.76
2004-09-10,141023.00,2901.03,1860.00,251.78
2004-09-11,137902.00,2899.52,1961.00,387.49
2004-09-12,134680.00,2897.94,1961.00,336.57
2004-09-13,131917.00,2896.57,1807.00,410.46
2004-09-14,129810.00,2895.52,1640.00,580.01
2004-09-15,127690.00,2894.45,1510.00,445.62
2004-09-16,125599.95,2893.39,1394.00,340.36
2004-09-17,123800.00,2892.47,1268.00,360.34
2004-09-18,122072.00,2891.58,1176.00,304.25
2004-09-19,120380.00,2890.70,1127.00,273.28
2004-09-20,118612.00,2889.78,1114.00,223.74
2004-09-21,116750.00,2888.80,1142.00,197.47
2004-09-22,114806.00,2887.77,1191.00,194.04
2004-09-23,112771.91,2886.68,1248.00,196.85
2004-09-24,110562.00,2885.49,1335.00,187.34
2004-09-25,108200.00,2884.20,1425.00,182.15
2004-09-26,105778.27,2882.86,1476.00,193.67
2004-09-27,103268.00,2881.46,1537.00,197.66
2004-09-28,100707.00,2880.01,1588.00,206.28
2004-09-29,98052.00,2878.49,1639.00,198.00
2004-09-30,94460.00,2876.40,1690.00,208.65
2004-10-01,92080.00,2874.99,1340.00,158.00
2004-10-02,89960.00,2873.72,1237.00,142.71
2004-10-03,87960.00,2872.51,1178.00,122.02
2004-10-04,86156.00,2871.41,1096.00,119.76
2004-10-05,84440.20,2870.35,1066.00,137.23
2004-10-06,82760.00,2869.30,1090.00,178.31
2004-10-07,81020.00,2868.20,1084.00,142.81
2004-10-08,79440.00,2867.20,1066.00,241.20
2004-10-09,78115.18,2866.35,1000.00,333.19
2004-10-10,76768.00,2865.48,940.00,259.05
2004-10-11,75524.89,2864.67,862.00,235.89
2004-10-12,74410.00,2863.94,782.00,219.98
2004-10-13,73410.00,2863.28,721.00,216.43
2004-10-14,72443.77,2862.64,688.00,198.51
2004-10-15,71895.00,2862.27,432.00,186.32
2004-10-16,71895.00,2862.27,217.00,219.07
2004-10-17,72296.00,2862.54,195.00,397.14
2004-10-18,72735.11,2862.83,144.00,363.18
2004-10-19,73259.93,2863.18,73.00,338.52
2004-10-20,73740.00,2863.50,59.00,291.29
2004-10-21,74215.04,2863.81,63.00,302.97
2004-10-22,74682.08,2864.12,56.00,291.15
2004-10-23,75080.30,2864.38,48.00,248.63
2004-10-24,75494.82,2864.65,42.00,251.28
2004-10-25,75863.96,2864.89,39.00,224.85
2004-10-26,76259.80,2865.15,37.00,236.31
2004-10-27,76624.96,2865.39,35.00,219.33
2004-10-28,76982.08,2865.62,34.00,214.23
2004-10-29,77372.27,2865.87,33.00,229.74
2004-10-30,77730.00,2866.10,35.00,212.60
2004-10-31,78008.00,2866.28,37.00,171.35
2004-11-01,78395.00,2866.53,40.00,226.11
2004-11-02,79145.00,2867.01,44.00,408.85
2004-11-03,79910.00,2867.50,47.00,436.29
2004-11-04,80476.23,2867.86,51.00,335.65
2004-11-05,80987.92,2868.18,49.00,307.38
2004-11-06,81458.00,2868.48,49.00,286.40
2004-11-07,81915.00,2868.77,49.00,279.80
2004-11-08,82312.00,2869.02,48.00,248.44
2004-11-09,82728.00,2869.28,48.00,257.93
2004-11-10,83128.00,2869.53,47.00,248.71
2004-11-11,83480.00,2869.75,47.00,224.47
2004-11-12,83816.00,2869.96,41.00,211.10
2004-11-13,84167.92,2870.18,46.00,223.20
2004-11-14,84456.23,2870.36,46.00,191.16
2004-11-15,84866.04,2870.61,46.00,252.22
2004-11-16,85138.00,2870.78,54.00,190.65
2004-11-17,85410.00,2870.95,53.00,190.13
2004-11-18,85771.88,2871.17,54.00,236.58
2004-11-19,86076.23,2871.36,53.00,206.90
2004-11-20,86368.00,2871.54,53.00,200.10
2004-11-21,86613.96,2871.69,53.00,177.01
2004-11-22,86892.25,2871.86,53.00,193.30
2004-11-23,87200.00,2872.05,53.00,208.16
2004-11-24,87627.04,2872.31,48.00,284.05
2004-11-25,88334.00,2872.74,81.00,437.43
2004-11-26,88828.00,2873.04,70.00,315.05
2004-11-27,89260.00,2873.30,54.00,271.75
2004-11-28,89624.00,2873.52,52.00,235.56
2004-11-29,89988.00,2873.74,51.00,234.24
2004-11-30,90324.00,2873.94,52.00,220.89
2004-12-01,90669.80,2874.15,47.00,221.57
2004-12-02,91005.21,2874.35,37.00,206.52
2004-12-03,91292.00,2874.52,36.00,180.91
2004-12-04,91641.00,2874.73,41.00,215.10
2004-12-05,91946.00,2874.91,40.00,193.77
2004-12-06,92294.09,2875.12,40.00,215.49
2004-12-07,92600.00,2875.30,40.00,194.56
2004-12-08,93100.00,2875.60,53.00,305.34
2004-12-09,93440.00,2875.80,56.00,227.03
2004-12-10,94647.00,2876.51,57.00,665.74
2004-12-11,97459.78,2878.15,48.00,1466.06
2004-12-12,98922.00,2878.99,43.00,781.08
2004-12-13,99998.05,2879.61,47.00,584.73
2004-12-14,100968.00,2880.16,47.00,536.02
2004-12-15,101776.00,2880.62,47.00,454.37
2004-12-16,102522.00,2881.04,47.00,423.11
2004-12-17,103088.00,2881.36,47.00,332.36
2004-12-18,103717.00,2881.71,47.00,364.12
2004-12-19,104410.00,2882.10,47.00,396.93
2004-12-20,104931.95,2882.39,47.00,310.15
2004-12-21,105435.87,2882.67,47.00,301.06
2004-12-22,105922.00,2882.94,47.00,292.09
2004-12-23,106390.00,2883.20,47.00,282.95
2004-12-24,106840.00,2883.45,47.00,273.88
2004-12-25,107309.00,2883.71,47.00,283.87
2004-12-26,107750.00,2883.95,48.00,270.68
2004-12-27,108200.00,2884.20,48.00,275.08
2004-12-28,108606.00,2884.42,47.00,251.92
2004-12-29,109024.77,2884.65,47.00,258.13
2004-12-30,109461.95,2884.89,47.00,267.42
2004-12-31,109793.00,2885.07,47.00,213.90
2005-01-01,110144.00,2885.26,47.00,223.96
2005-01-02,110472.00,2885.44,47.00,212.37
2005-01-03,110751.00,2885.59,43.00,183.84
2005-01-04,111102.00,2885.78,36.00,213.40
2005-01-05,111339.00,2885.91,35.00,155.53
2005-01-06,111672.00,2886.09,45.00,212.90
2005-01-07,111970.00,2886.25,51.00,200.92
2005-01-08,112268.00,2886.41,54.00,203.98
2005-01-09,112563.00,2886.57,54.00,203.76
2005-01-10,112882.00,2886.74,49.00,210.86
2005-01-11,113199.00,2886.91,41.00,201.04
2005-01-12,113607.14,2887.13,40.00,245.97
2005-01-13,113759.00,2887.21,39.00,115.58
2005-01-14,113984.13,2887.33,38.00,151.10
2005-01-15,114224.00,2887.46,34.00,155.14
2005-01-16,114471.00,2887.59,37.00,161.98
2005-01-17,114993.33,2887.87,41.00,304.87
2005-01-18,120009.00,2890.51,41.00,2569.74
2005-01-19,124090.10,2892.62,41.00,2098.56
2005-01-20,126820.00,2894.01,41.00,1417.32
2005-01-21,129159.95,2895.19,41.00,1220.73
2005-01-22,130930.00,2896.08,41.00,933.40
2005-01-23,132600.00,2896.91,41.00,882.96
2005-01-24,134030.09,2897.62,40.00,761.01
2005-01-25,135270.00,2898.23,39.00,672.70
2005-01-26,136370.00,2898.77,38.00,592.38
2005-01-27,137350.00,2899.25,37.00,531.08
2005-01-28,138320.00,2899.72,37.00,526.04
2005-01-29,139160.14,2900.13,36.00,459.94
2005-01-30,139900.00,2900.49,36.00,408.92
2005-01-31,140660.30,2900.85,35.00,418.32
2005-02-01,141400.00,2901.21,34.00,407.24
2005-02-02,141979.00,2901.49,39.00,330.91
2005-02-03,142580.00,2901.78,39.00,342.00
2005-02-04,143250.00,2902.10,39.00,377.09
2005-02-05,143838.41,2902.38,38.00,334.94
2005-02-06,144404.75,2902.65,37.00,322.84
2005-02-07,144930.00,2902.90,38.00,303.81
2005-02-08,145433.69,2903.14,37.00,292.84
2005-02-09,145917.36,2903.37,38.00,282.85
2005-02-10,146421.05,2903.61,37.00,292.69
2005-02-11,146864.11,2903.82,38.00,262.38
2005-02-12,147313.00,2904.03,38.00,265.32
2005-02-13,147796.00,2904.26,39.00,282.51
2005-02-14,148289.00,2904.49,39.00,245.20
2005-02-15,148709.00,2904.69,41.00,219.04
2005-02-16,149097.00,2904.87,39.00,223.47
2005-02-17,149500.00,2905.06,39.00,230.03
2005-02-18,149863.00,2905.23,38.00,319.32
2005-02-19,150207.95,2905.39,38.00,213.14
2005-02-20,150616.00,2905.58,38.00,245.85
2005-02-21,150954.00,2905.74,40.00,209.34
2005-02-22,151321.00,2905.91,39.00,223.21
2005-02-23,151642.00,2906.06,39.00,200.60
2005-02-24,151984.00,2906.22,39.00,211.43
2005-02-25,152348.95,2906.39,40.00,224.39
2005-02-26,152674.00,2906.54,42.00,206.08
2005-02-27,152997.95,2906.69,40.00,204.70
2005-02-28,153366.31,2906.86,39.00,224.71
2005-03-01,153712.00,2907.02,39.00,213.28
2005-03-02,154011.78,2907.16,39.00,189.87
2005-03-03,154342.05,2907.31,40.00,206.27
2005-03-04,154666.00,2907.46,40.00,203.33
2005-03-05,154992.05,2907.61,40.00,203.95
2005-03-06,155295.00,2907.75,40.00,192.74
2005-03-07,155597.95,2907.89,40.00,192.24
2005-03-08,155906.00,2908.03,40.00,195.01
2005-03-09,156280.00,2908.20,39.00,228.75
2005-03-10,156622.33,2908.36,40.00,213.59
2005-03-11,156996.00,2908.53,40.00,228.39
2005-03-12,157392.00,2908.71,39.00,238.87
2005-03-13,157859.92,2908.89,38.00,274.35
2005-03-14,158156.00,2909.06,38.00,188.70
2005-03-15,158570.00,2909.25,39.00,248.16
2005-03-16,158812.33,2909.36,40.00,162.77
2005-03-17,159098.00,2909.49,39.00,183.42
2005-03-18,159384.11,2909.62,40.00,184.11
2005-03-19,159790.00,2909.80,45.00,249.09
2005-03-20,160208.00,2909.99,46.00,256.04
2005-03-21,160559.73,2910.15,45.00,222.11
2005-03-22,160868.00,2910.29,45.00,200.02
2005-03-23,161156.00,2910.42,43.00,188.97
2005-03-24,161494.00,2910.57,43.00,213.81
2005-03-25,161802.00,2910.71,42.00,197.91
2005-03-26,162266.00,2910.92,48.00,281.66
2005-03-27,163406.00,2911.43,54.00,630.06
2005-03-28,164253.06,2911.81,46.00,473.06
2005-03-29,165130.00,2912.20,47.00,489.67
2005-03-30,165718.00,2912.46,46.00,342.80
2005-03-31,166282.00,2912.71,46.00,330.17
2005-04-01,166848.00,2912.96,45.00,349.76
2005-04-02,167343.89,2913.18,79.00,329.64
2005-04-03,167817.95,2913.39,79.00,319.24
2005-04-04,168231.00,2913.57,89.00,298.07
2005-04-05,168566.00,2913.72,101.00,271.18
2005-04-06,168980.00,2913.90,112.00,322.51
2005-04-07,169325.00,2914.05,124.00,299.45
2005-04-08,169637.95,2914.19,154.00,317.27
2005-04-09,169890.00,2914.30,161.00,291.31
2005-04-10,170143.00,2914.41,146.00,278.34
2005-04-11,170511.00,2914.57,132.00,323.21
2005-04-12,170763.89,2914.68,141.00,274.59
2005-04-13,170879.00,2914.73,219.00,287.06
2005-04-14,170763.89,2914.68,323.00,282.78
2005-04-15,170350.00,2914.50,481.00,284.70
2005-04-16,170074.45,2914.38,500.00,378.82
2005-04-17,170005.28,2914.35,427.00,408.45
2005-04-18,169913.06,2914.31,409.00,373.80
2005-04-19,169729.00,2914.23,409.00,328.08
2005-04-20,169549.73,2914.15,400.00,320.94
2005-04-21,169527.67,2914.14,339.00,345.00
2005-04-22,169798.00,2914.26,238.00,384.58
2005-04-23,170396.00,2914.52,193.00,501.52
2005-04-24,171293.00,2914.91,170.00,630.78
2005-04-25,172443.00,2915.41,132.00,719.46
2005-04-26,173787.00,2915.99,118.00,801.28
2005-04-27,175177.00,2916.59,122.00,829.05
2005-04-28,176507.78,2917.16,126.00,802.36
2005-04-29,177588.13,2917.62,126.00,676.67
2005-04-30,178504.00,2918.01,126.00,593.83
2005-05-01,179334.36,2918.36,126.00,550.92
2005-05-02,180186.00,2918.72,128.00,564.62
2005-05-03,180874.00,2919.01,168.00,521.45
2005-05-04,181584.06,2919.31,214.00,583.06
2005-05-05,182399.70,2919.65,229.00,649.39
2005-05-06,183192.00,2919.98,205.00,612.76
2005-05-07,183984.06,2920.31,203.00,610.21
2005-05-08,184632.00,2920.58,241.00,577.32
2005-05-09,185765.00,2921.05,205.00,787.69
2005-05-10,187291.88,2921.68,118.00,898.26
2005-05-11,188800.00,2922.30,89.00,756.55
2005-05-12,190280.00,2922.90,89.00,708.72
2005-05-13,191678.00,2923.47,92.00,667.18
2005-05-14,192900.00,2924.00,98.00,752.16
2005-05-15,194130.00,2924.46,99.00,879.44
2005-05-16,195455.00,2924.99,96.00,941.32
2005-05-17,196430.48,2925.38,120.00,618.91
2005-05-18,197315.00,2925.73,137.00,589.87
2005-05-19,197948.00,2925.98,280.00,625.55
2005-05-20,198100.00,2926.04,465.00,555.96
2005-05-21,198150.00,2926.06,495.00,533.07
2005-05-22,198125.00,2926.05,520.00,520.08
2005-05-23,198050.00,2926.02,500.00,476.48
2005-05-24,197896.00,2925.96,490.00,427.25
2005-05-25,197766.00,2925.91,500.00,451.93
2005-05-26,197565.19,2925.83,556.00,473.87
2005-05-27,197390.00,2925.76,584.00,513.60
2005-05-28,197365.00,2925.75,567.00,568.38
2005-05-29,197515.06,2925.81,562.00,651.39
2005-05-30,197640.36,2925.86,578.00,659.30
2005-05-31,197665.42,2925.87,578.00,606.13
2005-06-01,197615.31,2925.85,567.00,558.98
2005-06-02,197490.00,2925.80,525.00,478.06
2005-06-03,197315.00,2925.73,500.00,424.97
2005-06-04,197164.81,2925.67,450.00,391.48
2005-06-05,197114.69,2925.65,432.00,420.96
2005-06-06,197065.19,2925.63,396.00,385.65
2005-06-07,196965.00,2925.59,372.00,331.86
2005-06-08,196890.00,2925.56,368.00,342.50
2005-06-09,196740.00,2925.50,372.00,309.17
2005-06-10,196740.00,2925.50,350.00,361.09
2005-06-11,196890.00,2925.56,307.00,393.09
2005-06-12,196965.00,2925.59,286.00,332.16
2005-06-13,197040.13,2925.62,286.00,332.14
2005-06-14,197089.64,2925.64,307.00,339.86
2005-06-15,197015.06,2925.61,316.00,287.01
2005-06-16,197065.19,2925.63,316.00,350.12
2005-06-17,197139.75,2925.66,298.00,345.37
2005-06-18,197265.00,2925.71,286.00,358.49
2005-06-19,197390.00,2925.76,286.00,358.08
2005-06-20,197465.00,2925.79,286.00,320.81
2005-06-21,197565.19,2925.83,329.00,376.56
2005-06-22,197615.31,2925.85,353.00,375.68
2005-06-23,197590.25,2925.84,343.00,325.73
2005-06-24,197565.19,2925.83,346.00,329.63
2005-06-25,197515.06,2925.81,350.00,319.69
2005-06-26,197515.06,2925.81,346.00,341.72
2005-06-27,197540.13,2925.82,346.00,354.63
2005-06-28,197490.00,2925.80,357.00,328.30
2005-06-29,197415.00,2925.77,360.00,320.42
2005-06-30,197365.00,2925.75,372.00,343.23
2005-07-01,197240.00,2925.70,372.00,305.69
2005-07-02,197065.19,2925.63,372.00,280.32
2005-07-03,196840.00,2925.54,368.00,250.07
2005-07-04,196636.00,2925.46,368.00,259.61
2005-07-05,196380.36,2925.36,409.00,277.30
2005-07-06,196105.00,2925.25,455.00,310.65
2005-07-07,195805.19,2925.13,455.00,297.93
2005-07-08,195480.00,2925.00,455.00,284.44
2005-07-09,195305.00,2924.93,455.00,359.56
2005-07-10,194955.00,2924.79,450.00,270.53
2005-07-11,194579.64,2924.64,450.00,256.47
2005-07-12,194180.00,2924.48,450.00,243.72
2005-07-13,193764.06,2924.31,465.00,252.68
2005-07-14,193290.13,2924.12,485.00,241.55
2005-07-15,192840.00,2923.94,485.00,251.21
2005-07-16,192375.00,2923.75,485.00,243.87
2005-07-17,191875.00,2923.55,485.00,225.81
2005-07-18,191385.31,2923.35,480.00,229.63
2005-07-19,190865.64,2923.14,495.00,227.43
2005-07-20,190280.00,2922.90,500.00,201.80
2005-07-21,189683.77,2922.66,505.00,197.47
2005-07-22,189266.00,2922.49,505.00,287.01
2005-07-23,188728.00,2922.27,500.00,225.32
2005-07-24,188145.00,2922.03,500.00,202.29
2005-07-25,187532.00,2921.78,500.00,186.62
2005-07-26,186908.00,2921.52,510.00,192.54
2005-07-27,186298.00,2921.27,520.00,206.13
2005-07-28,185690.00,2921.02,535.00,221.25
2005-07-29,184895.94,2920.69,562.00,158.36
2005-07-30,184175.94,2920.39,578.00,208.70
2005-07-31,183384.00,2920.06,573.00,170.31
2005-08-01,182640.00,2919.75,573.00,193.48
2005-08-02,181824.00,2919.41,584.00,165.48
2005-08-03,180994.00,2919.06,589.00,167.39
2005-08-04,180140.00,2918.70,600.00,163.17
2005-08-05,179238.13,2918.32,633.00,170.11
2005-08-06,178250.00,2917.90,677.00,171.72
2005-08-07,177262.00,2917.48,693.00,187.39
2005-08-08,176250.00,2917.05,688.00,172.91
2005-08-09,175246.11,2916.62,704.00,190.15
2005-08-10,174154.72,2916.15,732.00,177.17
2005-08-11,173017.78,2915.66,732.00,155.90
2005-08-12,171890.83,2915.17,732.00,157.07
2005-08-13,170833.00,2914.71,726.00,187.76
2005-08-14,169729.00,2914.23,726.00,162.37
2005-08-15,168658.00,2913.76,726.00,179.20
2005-08-16,167574.00,2913.28,721.00,170.33
2005-08-17,166480.00,2912.80,721.00,164.51
2005-08-18,165426.16,2912.33,721.00,184.22
2005-08-19,164322.22,2911.84,726.00,164.52
2005-08-20,163208.22,2911.34,738.00,170.36
2005-08-21,162110.27,2910.85,738.00,176.90
2005-08-22,160956.16,2910.33,765.00,179.90
2005-08-23,159515.89,2909.68,826.00,94.45
2005-08-24,158198.00,2909.08,838.00,165.10
2005-08-25,156886.00,2908.48,809.00,143.52
2005-08-26,155597.95,2907.89,809.00,153.59
2005-08-27,154188.00,2907.24,856.00,141.70
2005-08-28,152695.00,2906.55,916.00,157.78
2005-08-29,151168.22,2905.84,922.00,145.90
2005-08-30,149568.00,2905.09,952.00,136.50
2005-08-31,147946.16,2904.33,976.00,155.32
2005-09-01,146274.00,2903.54,940.00,165.67
2005-09-02,144425.80,2902.66,1024.00,161.37
2005-09-03,142314.75,2901.65,1148.00,159.91
2005-09-04,139820.00,2900.45,1340.00,190.00
2005-09-05,137186.84,2899.17,1421.00,203.60
2005-09-06,134520.30,2897.86,1460.00,226.76
2005-09-07,131710.00,2896.47,1560.00,256.75
2005-09-08,128800.00,2895.01,1650.00,294.54
2005-09-09,125700.00,2893.44,1700.00,260.53
2005-09-10,122690.00,2891.90,1730.00,335.63
2005-09-11,119686.19,2890.34,1710.00,312.74
2005-09-12,116731.00,2888.79,1660.00,289.25
2005-09-13,113759.00,2887.21,1650.00,266.16
2005-09-14,110770.00,2885.60,1670.00,274.32
2005-09-15,107641.95,2883.89,1720.00,259.45
2005-09-16,104392.00,2882.09,1774.00,257.51
2005-09-17,101176.00,2880.28,1774.00,269.36
2005-09-18,97998.00,2878.46,1752.00,160.76
2005-09-19,94901.84,2876.66,1710.00,159.02
2005-09-20,91828.16,2874.84,1680.00,140.36
2005-09-21,88811.00,2873.03,1660.00,148.85
2005-09-22,85755.84,2871.16,1660.00,134.01
2005-09-23,82696.00,2869.26,1670.00,133.99
2005-09-24,79696.23,2867.36,1640.00,133.66
2005-09-25,76720.00,2865.45,1610.00,119.17
2005-09-26,73725.00,2863.49,1610.00,112.42
2005-09-27,70710.00,2861.48,1640.00,129.16
2005-09-28,67590.22,2859.36,1680.00,114.47
2005-09-29,64419.85,2857.16,1720.00,132.03
2005-09-30,61280.00,2854.93,1700.00,389.00
2005-10-01,58960.00,2853.25,1540.00,376.00
2005-10-02,56520.00,2851.44,1374.00,144.74
2005-10-03,54295.00,2849.75,1249.00,124.03
2005-10-04,52355.00,2848.25,1068.00,135.92
2005-10-05,50731.00,2846.97,922.00,145.23
2005-10-06,49270.00,2845.80,848.00,149.41
2005-10-07,47883.91,2844.67,847.00,181.18
2005-10-08,46504.00,2843.52,852.00,184.29
2005-10-09,45084.06,2842.32,850.00,158.11
2005-10-10,43649.00,2841.09,849.00,144.49
2005-10-11,42070.00,2839.70,883.00,101.92
2005-10-12,40488.00,2838.28,942.00,154.41
2005-10-13,38859.00,2836.79,958.00,140.88
2005-10-14,37855.13,2835.85,644.00,149.98
2005-10-15,37447.00,2835.47,325.00,121.44
2005-10-16,37340.17,2835.37,208.00,154.43
2005-10-17,37350.20,2835.38,146.00,146.71
2005-10-18,37436.00,2835.46,114.00,150.46
2005-10-19,37535.00,2835.55,114.00,157.11
2005-10-20,37767.00,2835.77,114.00,224.17
2005-10-21,37920.00,2835.91,114.00,184.34
2005-10-22,38021.00,2836.01,114.00,158.12
2005-10-23,38087.00,2836.07,114.00,140.48
2005-10-24,38142.05,2836.12,114.00,134.96
2005-10-25,38218.97,2836.19,114.00,145.98
2005-10-26,38260.00,2836.23,114.00,127.88
2005-10-27,38300.00,2836.27,116.00,128.21
2005-10-28,38385.13,2836.35,116.00,151.50
2005-10-29,38451.00,2836.41,116.00,141.23
2005-10-30,38506.00,2836.46,116.00,136.13
2005-10-31,39079.00,2836.99,117.00,383.47
2005-11-01,39861.00,2837.71,86.00,449.39
2005-11-02,40422.00,2838.22,53.00,333.57
2005-11-03,40873.08,2838.63,49.00,277.31
2005-11-04,41246.00,2838.96,49.00,237.14
2005-11-05,41631.03,2839.31,52.00,242.56
2005-11-06,41960.00,2839.60,63.00,228.37
2005-11-07,42264.21,2839.87,52.00,205.53
2005-11-08,42532.03,2840.11,51.00,185.45
2005-11-09,42783.08,2840.33,48.00,175.17
2005-11-10,43068.00,2840.58,70.00,213.88
2005-11-11,43418.97,2840.89,84.00,263.26
2005-11-12,43731.88,2841.16,96.00,254.05
2005-11-13,44141.00,2841.51,70.00,275.90
2005-11-14,44482.03,2841.81,63.00,234.47
2005-11-15,44809.00,2842.09,59.00,223.51
2005-11-16,45144.21,2842.37,59.00,227.60
2005-11-17,45446.09,2842.63,59.00,210.11
2005-11-18,45748.97,2842.89,53.00,206.04
2005-11-19,46083.91,2843.17,47.00,215.86
2005-11-20,46432.00,2843.46,47.00,222.47
2005-11-21,46780.00,2843.75,47.00,222.29
2005-11-22,47116.00,2844.03,47.00,216.34
2005-11-23,47452.03,2844.31,51.00,218.24
2005-11-24,47776.00,2844.58,51.00,213.93
2005-11-25,48131.22,2844.87,51.00,229.88
2005-11-26,48422.03,2845.11,49.00,196.25
2005-11-27,48708.12,2845.34,49.00,193.38
2005-11-28,48924.00,2845.52,48.00,157.55
2005-11-29,49258.00,2845.79,49.00,217.79
2005-11-30,49520.00,2846.00,49.00,181.94
2005-12-01,49794.00,2846.22,51.00,188.74
2005-12-02,50092.00,2846.46,49.00,200.21
2005-12-03,50317.82,2846.64,49.00,163.25
2005-12-04,50556.09,2846.83,49.00,169.49
2005-12-05,50770.00,2847.00,48.00,156.05
2005-12-06,50980.91,2847.17,48.00,154.53
2005-12-07,51205.16,2847.35,47.00,160.29
2005-12-08,51348.00,2847.46,57.00,157.10
2005-12-09,51424.00,2847.52,110.00,148.72
2005-12-10,51533.03,2847.61,110.00,165.37
2005-12-11,51767.00,2847.79,110.00,228.36
2005-12-12,51767.00,2847.79,110.00,110.40
2005-12-13,51871.22,2847.87,110.00,162.95
2005-12-14,51958.00,2847.94,110.00,154.15
2005-12-15,52006.00,2847.98,110.00,134.60
2005-12-16,52095.00,2848.05,110.00,155.27
2005-12-17,52160.00,2848.10,110.00,143.17
2005-12-18,52211.81,2848.14,110.00,136.52
2005-12-19,52303.00,2848.21,110.00,156.43
2005-12-20,52432.03,2848.31,110.00,175.45
2005-12-21,52605.00,2848.45,110.00,197.61
2005-12-22,53255.00,2848.95,110.00,438.85
2005-12-23,54164.84,2849.65,112.00,571.04
2005-12-24,56470.00,2851.40,112.00,1274.19
2005-12-25,58434.21,2852.86,112.00,1102.36
2005-12-26,59886.00,2853.92,114.00,845.39
2005-12-27,61058.00,2854.77,114.00,704.90
2005-12-28,62145.00,2855.55,116.00,663.94
2005-12-29,63017.90,2856.17,116.00,556.07
2005-12-30,63882.00,2856.78,68.00,511.16
2005-12-31,64745.96,2857.39,43.00,467.49
2006-01-01,65480.00,2857.90,57.00,426.67
2006-01-02,66130.17,2858.35,57.00,384.65
2006-01-03,66750.00,2858.78,56.00,367.91
2006-01-04,67255.11,2859.13,57.00,310.91
2006-01-05,67800.00,2859.50,57.00,332.00
2006-01-06,68572.00,2860.03,60.00,448.66
2006-01-07,69630.00,2860.75,61.00,594.96
2006-01-08,70515.18,2861.35,61.00,508.33
2006-01-09,71505.00,2862.01,61.00,549.03
2006-01-10,74072.00,2863.72,89.00,1341.20
2006-01-11,77420.00,2865.90,109.00,1736.95
2006-01-12,79488.00,2867.23,104.00,1090.62
2006-01-13,81218.12,2868.33,47.00,918.67
2006-01-14,82712.00,2869.27,43.00,797.15
2006-01-15,83960.00,2870.05,41.00,670.71
2006-01-16,85154.00,2870.79,41.00,638.49
2006-01-17,86565.84,2871.66,35.00,747.23
2006-01-18,87812.00,2872.42,31.00,660.80
2006-01-19,88896.00,2873.08,32.00,579.73
2006-01-20,90022.00,2873.76,34.00,602.73
2006-01-21,90937.04,2874.31,34.00,495.18
2006-01-22,91828.16,2874.84,35.00,483.39
2006-01-23,92634.09,2875.32,39.00,443.05
2006-01-24,93423.00,2875.79,36.00,433.27
2006-01-25,94154.00,2876.22,34.00,402.50
2006-01-26,94884.79,2876.65,31.00,399.79
2006-01-27,95606.00,2877.07,29.00,393.34
2006-01-28,96408.00,2877.54,32.00,435.71
2006-01-29,97234.00,2878.02,31.00,447.15
2006-01-30,98206.00,2878.58,37.00,527.89
2006-01-31,99334.00,2879.23,37.00,607.73
2006-02-01,100438.27,2879.86,47.00,590.73
2006-02-02,101462.00,2880.44,44.00,550.13
2006-02-03,102400.00,2880.97,59.00,506.91
2006-02-04,103620.00,2881.66,58.00,649.08
2006-02-05,104520.00,2882.16,35.00,487.75
2006-02-06,105380.00,2882.64,35.00,467.58
2006-02-07,106210.00,2883.10,29.00,452.46
2006-02-08,107060.00,2883.57,35.00,462.54
2006-02-09,107780.00,2883.97,35.00,397.00
2006-02-10,108490.00,2884.36,32.00,391.96
2006-02-11,109210.00,2884.75,30.00,397.00
2006-02-12,109870.00,2885.11,30.00,366.75
2006-02-13,110530.00,2885.47,30.00,366.75
2006-02-14,111180.00,2885.82,30.00,361.71
2006-02-15,111730.00,2886.12,30.00,311.29
2006-02-16,112340.00,2886.45,31.00,341.54
2006-02-17,112810.00,2886.70,32.00,270.96
2006-02-18,113313.00,2886.97,34.00,210.46
2006-02-19,113740.00,2887.20,34.00,326.42
2006-02-20,114280.00,2887.49,32.00,306.25
2006-02-21,114900.00,2887.82,36.00,346.58
2006-02-22,115411.00,2888.09,34.00,195.33
2006-02-23,115940.00,2888.37,37.00,397.00
2006-02-24,116390.00,2888.61,29.00,260.88
2006-02-25,116860.00,2888.86,35.00,270.96
2006-02-26,117380.00,2889.13,34.00,296.17
2006-02-27,117850.00,2889.38,34.00,270.96
2006-02-28,118420.00,2889.68,33.00,321.38
2006-03-01,118840.00,2889.90,37.00,245.75
2006-03-02,119400.00,2890.19,38.00,316.33
2006-03-03,119857.00,2890.43,37.00,99.54
2006-03-04,120280.00,2890.65,36.00,412.13
2006-03-05,120720.00,2890.88,36.00,255.83
2006-03-06,121160.00,2891.11,36.00,255.83
2006-03-07,121650.00,2891.36,37.00,28.96
2006-03-08,122186.00,2891.64,38.00,507.92
2006-03-09,122576.19,2891.84,38.00,278.38
2006-03-10,123004.00,2892.06,37.00,249.69
2006-03-11,123413.00,2892.27,36.00,240.20
2006-03-12,123800.00,2892.47,36.00,229.11
2006-03-13,124189.85,2892.67,35.00,230.38
2006-03-14,124619.95,2892.89,35.00,250.73
2006-03-15,124992.00,2893.08,34.00,220.79
2006-03-16,125382.00,2893.28,35.00,231.78
2006-03-17,125820.00,2893.50,35.00,254.61
2006-03-18,126149.85,2893.67,34.00,200.02
2006-03-19,126467.14,2893.83,33.00,193.74
2006-03-20,126840.00,2894.02,33.00,221.98
2006-03-21,127170.95,2894.19,33.00,200.86
2006-03-22,127569.95,2894.39,33.00,235.16
2006-03-23,127961.00,2894.59,33.00,231.49
2006-03-24,128340.00,2894.78,35.00,225.97
2006-03-25,128840.00,2895.03,39.00,290.16
2006-03-26,129200.00,2895.21,42.00,223.06
2006-03-27,129570.00,2895.40,35.00,221.21
2006-03-28,129990.05,2895.61,35.00,246.91
2006-03-29,130450.20,2895.84,35.00,267.18
2006-03-30,130910.00,2896.07,35.00,267.65
2006-03-31,131450.20,2896.34,35.00,307.23
2006-04-01,132059.70,2896.64,38.00,343.12
2006-04-02,132580.00,2896.90,37.00,297.83
2006-04-03,133220.00,2897.22,37.00,357.70
2006-04-04,133810.00,2897.51,34.00,331.71
2006-04-05,134540.34,2897.87,34.00,402.22
2006-04-06,135230.00,2898.21,34.00,381.70
2006-04-07,135980.00,2898.58,33.00,411.36
2006-04-08,136860.00,2899.01,36.00,479.89
2006-04-09,137740.00,2899.44,35.00,478.72
2006-04-10,138606.31,2899.86,36.00,473.15
2006-04-11,139510.00,2900.30,34.00,491.03
2006-04-12,140340.00,2900.70,33.00,451.59
2006-04-13,141358.95,2901.19,33.00,546.72
2006-04-14,142293.69,2901.64,33.00,504.26
2006-04-15,143396.84,2902.17,32.00,588.53
2006-04-16,144258.00,2902.58,33.00,466.53
2006-04-17,145077.00,2902.97,33.00,445.51
2006-04-18,145875.25,2903.35,71.00,475.95
2006-04-19,146631.00,2903.71,70.00,450.23
2006-04-20,147523.16,2904.13,42.00,492.38
2006-04-21,148520.00,2904.60,33.00,535.43
2006-04-22,149590.00,2905.10,33.00,572.31
2006-04-23,150572.00,2905.56,33.00,528.08
2006-04-24,151708.00,2906.09,34.00,605.12
2006-04-25,152822.05,2906.61,35.00,594.94
2006-04-26,154011.78,2907.16,40.00,652.32
2006-04-27,155274.00,2907.74,47.00,688.61
2006-04-28,156974.00,2908.52,52.00,909.03
2006-04-29,159427.67,2909.64,57.00,1294.92
2006-04-30,161934.00,2910.77,60.00,1323.61
2006-05-01,164076.00,2911.73,57.00,1137.05
2006-05-02,165810.00,2912.50,70.00,984.57
2006-05-03,167274.72,2913.15,158.00,904.09
2006-05-04,168750.00,2913.80,126.00,869.54
2006-05-05,170212.00,2914.44,126.00,862.13
2006-05-06,171707.00,2915.09,126.00,879.04
2006-05-07,173294.00,2915.78,130.00,930.12
2006-05-08,174715.94,2916.39,134.00,851.42
2006-05-09,175876.94,2916.89,180.00,765.82
2006-05-10,177001.39,2917.37,238.00,805.94
2006-05-11,178058.13,2917.82,339.00,879.46
2006-05-12,178766.11,2918.12,500.00,857.13
2006-05-13,179382.47,2918.38,573.00,880.70
2006-05-14,179995.64,2918.64,573.00,880.50
2006-05-15,180970.00,2919.05,628.00,1116.64
2006-05-16,182399.70,2919.65,892.00,1613.00
2006-05-17,185328.41,2920.87,832.00,2318.39
2006-05-18,189980.00,2922.78,310.00,2674.04
2006-05-19,194555.19,2924.63,265.00,2575.19
2006-05-20,197766.00,2925.91,820.00,2471.67
2006-05-21,198575.00,2926.23,1807.00,2226.05
2006-05-22,198675.00,2926.27,1983.00,2033.59
2006-05-23,198474.94,2926.19,2105.00,2001.99
2006-05-24,198175.00,2926.07,2072.00,1924.77
2006-05-25,197714.94,2925.89,1919.00,1687.34
2006-05-26,197089.64,2925.64,1662.00,1347.64
2006-05-27,196714.00,2925.49,1352.00,1174.67
2006-05-28,196380.36,2925.36,1234.00,1062.95
2006-05-29,196080.00,2925.24,1116.00,970.83
2006-05-30,196130.00,2925.26,937.00,959.15
2006-05-31,196330.25,2925.34,865.00,963.27
2006-06-01,197260.00,2925.72,865.00,1333.09
2006-06-02,198275.06,2926.11,1138.00,1669.87
2006-06-03,198275.06,2926.11,1647.00,1637.93
2006-06-04,198349.64,2926.14,1687.00,1720.06
2006-06-05,198449.88,2926.18,1772.00,1811.21
2006-06-06,198100.00,2926.04,1750.00,1565.70
2006-06-07,197844.00,2925.94,1659.00,1523.18
2006-06-08,197540.13,2925.82,1569.00,1410.75
2006-06-09,197415.00,2925.77,1232.00,1186.70
2006-06-10,197415.00,2925.77,1060.00,1054.19
2006-06-11,197340.00,2925.74,1061.00,1018.03
2006-06-12,198050.00,2926.02,1061.00,1414.40
2006-06-13,198700.00,2926.28,1414.00,1753.94
2006-06-14,198275.06,2926.11,1603.00,1372.74
2006-06-15,197974.00,2925.99,1352.00,1194.44
2006-06-16,198000.00,2926.00,1207.00,1213.04
2006-06-17,198000.00,2926.00,1179.00,1168.05
2006-06-18,197690.48,2925.88,1151.00,984.11
2006-06-19,197590.25,2925.84,1003.00,946.43
2006-06-20,197714.94,2925.89,757.00,809.54
2006-06-21,197792.00,2925.92,807.00,837.82
2006-06-22,197690.48,2925.88,872.00,810.38
2006-06-23,197565.19,2925.83,861.00,788.17
2006-06-24,197540.13,2925.82,861.00,837.36
2006-06-25,197714.94,2925.89,861.00,938.57
2006-06-26,197740.00,2925.90,1030.00,1032.28
2006-06-27,197640.36,2925.86,1183.00,1119.82
2006-06-28,197415.00,2925.77,1136.00,1011.90
2006-06-29,197214.94,2925.69,902.00,787.84
2006-06-30,197365.00,2925.75,760.00,817.85
2006-07-01,197440.00,2925.78,762.00,782.13
2006-07-02,197490.00,2925.80,764.00,768.78
2006-07-03,197565.19,2925.83,766.00,781.39
2006-07-04,197818.00,2925.93,773.00,874.07
2006-07-05,197766.00,2925.91,867.00,815.17
2006-07-06,197440.00,2925.78,857.00,665.05
2006-07-07,197089.64,2925.64,812.00,605.15
2006-07-08,196532.00,2925.42,825.00,514.57
2006-07-09,195980.00,2925.20,881.00,568.57
2006-07-10,195605.00,2925.05,818.00,594.05
2006-07-11,195230.00,2924.90,776.00,548.18
2006-07-12,194830.00,2924.74,690.00,448.41
2006-07-13,194830.00,2924.74,593.00,550.88
2006-07-14,194704.94,2924.69,567.00,463.09
2006-07-15,194505.06,2924.61,567.00,425.90
2006-07-16,194255.00,2924.51,567.00,399.92
2006-07-17,193980.00,2924.40,567.00,386.35
2006-07-18,193615.00,2924.25,567.00,340.61
2006-07-19,192740.00,2923.90,819.00,356.09
2006-07-20,192350.00,2923.74,583.00,342.86
2006-07-21,192025.06,2923.61,583.00,375.74
2006-07-22,191775.00,2923.51,583.00,411.61
2006-07-23,191558.00,2923.42,582.00,429.48
2006-07-24,191260.00,2923.30,593.00,402.54
2006-07-25,190842.17,2923.13,637.00,381.98
2006-07-26,190352.00,2922.93,659.00,368.94
2006-07-27,189805.00,2922.71,659.00,339.75
2006-07-28,189266.00,2922.49,659.00,343.18
2006-07-29,188560.00,2922.20,659.00,258.41
2006-07-30,187804.94,2921.89,659.00,233.70
2006-07-31,187100.00,2921.60,648.00,247.72
2006-08-01,186346.00,2921.29,636.00,215.39
2006-08-02,185592.00,2920.98,636.00,213.79
2006-08-03,184871.88,2920.68,636.00,230.00
2006-08-04,184128.41,2920.37,636.00,220.04
2006-08-05,183408.00,2920.07,630.00,228.23
2006-08-06,182664.00,2919.76,630.00,215.19
2006-08-07,181968.00,2919.47,636.00,242.05
2006-08-08,181296.94,2919.19,630.00,250.96
2006-08-09,180538.41,2918.87,630.00,232.99
2006-08-10,179876.00,2918.59,630.00,304.39
2006-08-11,179070.00,2918.25,630.00,231.80
2006-08-12,178273.00,2917.91,630.00,238.57
2006-08-13,177356.00,2917.52,690.00,234.96
2006-08-14,176298.00,2917.07,778.00,252.10
2006-08-15,175177.00,2916.59,800.00,245.49
2006-08-16,173879.00,2916.03,870.00,223.65
2006-08-17,172535.00,2915.45,906.00,237.84
2006-08-18,171178.34,2914.86,900.00,223.08
2006-08-19,169867.00,2914.29,894.00,243.65
2006-08-20,168520.00,2913.70,905.00,234.76
2006-08-21,167160.00,2913.10,917.00,243.43
2006-08-22,165741.00,2912.47,929.00,225.77
2006-08-23,164299.17,2911.83,953.00,235.27
2006-08-24,162757.67,2911.14,947.00,182.08
2006-08-25,161294.00,2910.48,947.00,220.07
2006-08-26,159834.11,2909.82,947.00,220.78
2006-08-27,158371.78,2909.16,946.00,217.84
2006-08-28,156952.00,2908.51,940.00,238.60
2006-08-29,155466.16,2907.83,940.00,205.45
2006-08-30,153902.05,2907.11,940.00,164.62
2006-08-31,152370.00,2906.40,952.00,191.87
2006-09-01,150723.16,2905.63,1009.00,195.75
2006-09-02,148820.00,2904.74,1113.00,177.48
2006-09-03,146720.00,2903.75,1206.00,172.39
2006-09-04,144510.00,2902.70,1266.00,188.75
2006-09-05,142060.00,2901.53,1432.00,244.90
2006-09-06,139120.00,2900.11,1717.00,198.41
2006-09-07,135860.00,2898.52,1907.00,233.74
2006-09-08,132380.00,2896.80,2044.00,256.77
2006-09-09,128740.00,2894.98,2115.00,260.55
2006-09-10,125030.00,2893.10,2159.00,252.76
2006-09-11,121280.00,2891.17,2214.00,282.78
2006-09-12,117410.00,2889.15,2304.00,293.74
2006-09-13,113380.00,2887.01,2376.00,273.44
2006-09-14,109390.00,2884.85,2329.00,242.67
2006-09-15,105700.00,2882.82,2160.00,318.10
2006-09-16,102430.00,2880.99,1919.00,289.46
2006-09-17,99320.00,2879.22,1799.00,251.82
2006-09-18,96530.00,2877.96,1663.00,273.21
2006-09-19,94068.88,2876.17,1514.00,286.42
2006-09-20,91555.91,2874.68,1464.00,217.42
2006-09-21,89073.96,2873.19,1425.00,189.91
2006-09-22,86710.00,2871.75,1381.00,198.56
2006-09-23,84328.00,2870.28,1372.00,180.79
2006-09-24,81960.00,2868.80,1364.00,179.93
2006-09-25,79584.00,2867.29,1355.00,167.37
2006-09-26,77093.96,2865.69,1419.00,181.76
2006-09-27,74395.00,2863.93,1558.00,211.88
2006-09-28,71610.00,2862.08,1629.00,234.52
2006-09-29,68835.00,2860.21,1609.00,217.86
2006-09-30,66158.24,2858.37,1530.00,189.84
2006-10-01,63606.00,2856.59,1450.00,160.91
2006-10-02,61142.10,2854.83,1376.00,136.65
2006-10-03,58704.00,2853.06,1367.00,135.23
2006-10-04,56298.00,2851.27,1367.00,154.23
2006-10-05,53970.00,2849.50,1300.00,128.69
2006-10-06,51819.09,2847.83,1204.00,126.15
2006-10-07,49756.97,2846.19,1148.00,111.96
2006-10-08,47847.82,2844.64,1090.00,125.35
2006-10-09,46071.88,2843.16,1036.00,139.22
2006-10-10,44311.88,2841.66,1018.00,130.29
2006-10-11,42579.85,2840.15,1018.00,142.64
2006-10-12,40818.00,2838.58,1024.00,135.19
2006-10-13,39110.00,2837.02,988.00,129.24
2006-10-14,37590.00,2835.60,904.00,137.15
2006-10-15,36180.00,2834.26,844.00,133.50
2006-10-16,34950.00,2833.07,776.00,153.79
2006-10-17,33920.00,2832.05,677.00,158.12
2006-10-18,33030.00,2831.16,597.00,143.19
2006-10-19,32280.00,2830.41,551.00,151.36
2006-10-20,32120.00,2830.24,264.00,200.70
2006-10-21,32250.00,2830.37,104.00,165.08
2006-10-22,32350.00,2830.48,104.00,139.87
2006-10-23,32430.00,2830.56,106.00,145.63
2006-10-24,32530.00,2830.66,107.00,157.40
2006-10-25,32590.00,2830.72,107.00,137.30
2006-10-26,32670.00,2830.80,107.00,147.50
2006-10-27,32700.00,2830.83,107.00,122.32
2006-10-28,32780.00,2830.91,107.00,147.50
2006-10-29,32850.00,2830.98,107.00,142.38
2006-10-30,32890.00,2831.02,107.00,127.37
2006-10-31,32920.00,2831.05,107.00,122.33
2006-11-01,32940.00,2831.07,107.00,117.28
2006-11-02,33049.95,2831.18,107.00,162.68
2006-11-03,33610.00,2831.75,107.00,390.24
2006-11-04,34850.00,2832.97,109.00,733.98
2006-11-05,36720.00,2834.78,109.00,1052.03
2006-11-06,46588.00,2843.59,81.00,5055.98
2006-11-07,61842.10,2855.33,66.00,7752.95
2006-11-08,67472.00,2859.28,66.00,2886.37
2006-11-09,70370.00,2861.25,67.00,1514.79
2006-11-10,72366.00,2862.59,66.00,1054.21
2006-11-11,73935.11,2863.63,66.00,834.35
2006-11-12,75356.00,2864.56,66.00,761.03
2006-11-13,76875.00,2865.55,64.00,818.86
2006-11-14,77976.00,2866.26,64.00,623.06
2006-11-15,79343.77,2867.14,64.00,764.92
2006-11-16,81378.00,2868.43,64.00,1075.10
2006-11-17,82984.00,2869.44,64.00,859.22
2006-11-18,84264.00,2870.24,64.00,690.30
2006-11-19,85474.00,2870.99,64.00,655.56
2006-11-20,86942.96,2871.89,64.00,788.33
2006-11-21,88184.79,2872.65,64.00,669.63
2006-11-22,89276.04,2873.31,64.00,598.32
2006-11-23,90539.00,2874.07,64.00,683.15
2006-11-24,91572.96,2874.69,63.00,568.46
2006-11-25,92498.00,2875.24,63.00,514.63
2006-11-26,93440.00,2875.80,62.00,523.13
2006-11-27,94239.00,2876.27,63.00,450.52
2006-11-28,94935.91,2876.68,63.00,399.68
2006-11-29,95516.00,2877.02,61.00,343.27
2006-11-30,96306.00,2877.48,61.00,462.58
2006-12-01,96979.29,2877.87,61.00,399.74
2006-12-02,97601.00,2878.23,61.00,364.14
2006-12-03,98155.00,2878.55,61.00,329.91
2006-12-04,98742.96,2878.89,60.00,347.31
2006-12-05,99352.00,2879.24,61.00,358.28
2006-12-06,99929.00,2879.57,60.00,341.50
2006-12-07,100510.00,2879.90,59.00,343.52
2006-12-08,101003.91,2880.18,59.00,299.62
2006-12-09,101534.00,2880.48,58.00,317.85
2006-12-10,102100.00,2880.80,58.00,335.96
2006-12-11,102791.95,2881.19,59.00,401.17
2006-12-12,103520.00,2881.60,59.00,433.58
2006-12-13,104590.00,2882.20,59.00,619.61
2006-12-14,105886.00,2882.92,59.00,760.00
2006-12-15,107786.00,2883.97,57.00,1077.96
2006-12-16,109264.00,2884.78,59.00,809.30
2006-12-17,110436.00,2885.42,58.00,653.99
2006-12-18,111453.00,2885.97,57.00,574.14
2006-12-19,112449.00,2886.51,57.00,563.02
2006-12-20,113313.00,2886.97,56.00,491.30
2006-12-21,114205.00,2887.45,56.00,502.19
2006-12-22,114955.23,2887.85,56.00,431.75
2006-12-23,115800.00,2888.30,56.00,478.01
2006-12-24,116540.95,2888.69,56.00,424.26
2006-12-25,117282.00,2889.08,56.00,423.41
2006-12-26,118004.00,2889.46,56.00,415.43
2006-12-27,118650.00,2889.80,56.00,377.97
2006-12-28,119182.00,2890.08,54.00,321.09
2006-12-29,119800.00,2890.40,52.00,363.94
2006-12-30,120319.85,2890.67,51.00,314.57
2006-12-31,120836.00,2890.94,56.00,310.94
2007-01-01,121416.00,2891.24,54.00,342.47
2007-01-02,122538.09,2891.82,56.00,630.12
2007-01-03,124364.00,2892.76,54.00,1023.21
2007-01-04,125660.00,2893.42,56.00,704.00
2007-01-05,126800.00,2894.00,57.00,625.02
2007-01-06,127961.00,2894.59,57.00,634.26
2007-01-07,129180.00,2895.20,57.00,663.24
2007-01-08,130210.00,2895.72,57.00,570.67
2007-01-09,131350.00,2896.29,58.00,626.55
2007-01-10,132260.00,2896.74,58.00,510.24
2007-01-11,133099.80,2897.16,57.00,474.00
2007-01-12,133810.00,2897.51,58.00,408.56
2007-01-13,134620.00,2897.91,58.00,459.09
2007-01-14,135410.00,2898.30,59.00,448.89
2007-01-15,135980.00,2898.58,59.00,337.98
2007-01-16,136598.41,2898.88,60.00,362.38
2007-01-17,137170.00,2899.16,60.00,338.79
2007-01-18,137740.00,2899.44,60.00,337.91
2007-01-19,138400.00,2899.76,61.00,392.93
2007-01-20,139240.00,2900.17,60.00,462.95
2007-01-21,140460.00,2900.76,60.00,664.48
2007-01-22,141020.00,2901.03,60.00,331.73
2007-01-23,141480.00,2901.25,60.00,281.32
2007-01-24,141958.00,2901.48,60.00,290.39
2007-01-25,142460.00,2901.72,60.00,302.49
2007-01-26,142935.00,2901.95,60.00,288.88
2007-01-27,143354.75,2902.15,60.00,261.06
2007-01-28,143796.31,2902.36,60.00,272.28
2007-01-29,144237.00,2902.57,60.00,272.16
2007-01-30,144636.00,2902.76,61.00,251.18
2007-01-31,145077.00,2902.97,60.00,271.78
2007-02-01,145433.69,2903.14,60.00,241.76
2007-02-02,145749.00,2903.29,60.00,230.21
2007-02-03,146190.00,2903.50,60.00,293.79
2007-02-04,146588.95,2903.69,59.00,272.81
2007-02-05,147040.00,2903.90,59.00,298.73
2007-02-06,147523.16,2904.13,59.00,315.35
2007-02-07,148034.38,2904.37,60.00,330.33
2007-02-08,148541.05,2904.61,60.00,328.03
2007-02-09,149138.95,2904.89,59.00,374.06
2007-02-10,149673.69,2905.14,59.00,342.13
2007-02-11,150207.95,2905.39,59.00,341.90
2007-02-12,150806.84,2905.67,59.00,381.81
2007-02-13,151256.44,2905.88,59.00,310.73
2007-02-14,151813.69,2906.14,58.00,365.28
2007-02-15,152737.00,2906.57,59.00,551.20
2007-02-16,153796.00,2907.06,59.00,619.41
2007-02-17,154970.00,2907.60,59.00,677.58
2007-02-18,156016.00,2908.08,59.00,599.99
2007-02-19,157216.16,2908.63,57.00,666.73
2007-02-20,158349.73,2909.15,56.00,631.51
2007-02-21,159406.16,2909.63,56.00,592.61
2007-02-22,160340.00,2910.05,56.00,530.81
2007-02-23,161271.00,2910.47,56.00,528.69
2007-02-24,162132.33,2910.86,54.00,492.32
2007-02-25,162959.00,2911.23,53.00,473.98
2007-02-26,163736.00,2911.58,53.00,448.94
2007-02-27,164482.00,2911.91,57.00,431.95
2007-02-28,165199.00,2912.23,57.00,415.89
2007-03-01,165898.00,2912.54,57.00,406.81
2007-03-02,166480.00,2912.80,57.00,352.68
2007-03-03,167138.00,2913.09,57.00,364.68
2007-03-04,167730.27,2913.35,57.00,354.66
2007-03-05,168387.67,2913.64,57.00,391.44
2007-03-06,168956.94,2913.89,51.00,347.00
2007-03-07,169775.00,2914.25,71.00,483.67
2007-03-08,170304.00,2914.48,99.00,359.30
2007-03-09,170879.00,2914.73,135.00,428.37
2007-03-10,171362.00,2914.94,173.00,428.06
2007-03-11,172420.00,2915.40,195.00,754.45
2007-03-12,176250.00,2917.05,220.00,2179.00
2007-03-13,179358.41,2918.37,268.00,1867.79
2007-03-14,180209.00,2918.73,850.00,1383.52
2007-03-15,179828.00,2918.57,1324.00,1131.37
2007-03-16,179238.13,2918.32,1316.00,1021.86
2007-03-17,178648.00,2918.07,1324.00,1028.45
2007-03-18,178365.00,2917.95,1324.00,1181.20
2007-03-19,178273.00,2917.91,1324.00,1278.08
2007-03-20,177941.00,2917.77,1367.00,1198.71
2007-03-21,177190.00,2917.45,1421.00,1037.92
2007-03-22,176298.00,2917.07,1412.00,961.91
2007-03-23,175314.72,2916.65,1412.00,915.51
2007-03-24,175383.89,2916.68,1183.00,1243.16
2007-03-25,177471.00,2917.57,856.00,1910.90
2007-03-26,178696.00,2918.09,856.00,1472.89
2007-03-27,178974.00,2918.21,1054.00,1199.35
2007-03-28,178624.00,2918.06,1169.00,994.87
2007-03-29,178130.30,2917.85,1169.00,922.79
2007-03-30,177540.00,2917.60,1169.00,872.78
2007-03-31,176863.06,2917.31,1169.00,828.15
2007-04-01,176202.00,2917.03,1102.00,771.56
2007-04-02,175992.00,2916.94,832.00,729.70
2007-04-03,175854.45,2916.88,727.00,657.93
2007-04-04,175739.17,2916.83,727.00,668.38
2007-04-05,175574.00,2916.76,727.00,643.23
2007-04-06,175337.78,2916.66,727.00,607.41
2007-04-07,175291.66,2916.64,727.00,703.25
2007-04-08,175430.00,2916.70,727.00,796.25
2007-04-09,175808.34,2916.86,727.00,917.25
2007-04-10,176015.00,2916.95,727.00,830.69
2007-04-11,176107.00,2916.99,727.00,772.88
2007-04-12,176107.00,2916.99,727.00,726.50
2007-04-13,175992.00,2916.94,727.00,668.52
2007-04-14,175854.45,2916.88,727.00,657.15
2007-04-15,175622.00,2916.78,727.00,609.30
2007-04-16,175360.83,2916.67,727.00,594.88
2007-04-17,175131.00,2916.57,727.00,610.34
2007-04-18,174832.00,2916.44,682.00,532.90
2007-04-19,174668.41,2916.37,583.00,498.91
2007-04-20,174692.47,2916.38,509.00,520.44
2007-04-21,174715.94,2916.39,468.00,483.11
2007-04-22,174786.00,2916.42,472.00,509.00
2007-04-23,174740.00,2916.40,472.00,450.95
2007-04-24,174855.00,2916.45,471.00,532.93
2007-04-25,174970.00,2916.50,470.00,532.98
2007-04-26,175062.00,2916.54,465.00,516.77
2007-04-27,175337.78,2916.66,469.00,611.70
2007-04-28,175693.06,2916.81,468.00,653.91
2007-04-29,176226.00,2917.04,463.00,740.43
2007-04-30,176840.00,2917.30,402.00,732.17
2007-05-01,177964.00,2917.78,340.00,911.73
2007-05-02,179453.00,2918.41,268.00,1024.74
2007-05-03,180538.41,2918.87,235.00,789.23
2007-05-04,181204.72,2919.15,238.00,580.00
2007-05-05,181800.00,2919.40,238.00,543.28
2007-05-06,182423.77,2919.66,235.00,556.67
2007-05-07,183216.00,2919.99,235.00,640.95
2007-05-08,184560.00,2920.55,235.00,917.91
2007-05-09,186466.23,2921.34,214.00,1174.29
2007-05-10,188295.00,2922.09,202.00,1122.34
2007-05-11,189980.00,2922.78,205.00,1051.41
2007-05-12,191800.00,2923.52,205.00,1118.94
2007-05-13,193464.94,2924.19,205.00,1040.97
2007-05-14,194930.00,2924.78,205.00,941.21
2007-05-15,196105.00,2925.25,364.00,986.51
2007-05-16,196990.00,2925.60,705.00,1147.71
2007-05-17,197240.00,2925.70,1042.00,1169.60
2007-05-18,197089.64,2925.64,1176.00,1096.89
2007-05-19,197164.81,2925.67,1060.00,1092.43
2007-05-20,197214.94,2925.69,1024.00,1043.40
2007-05-21,196990.00,2925.60,1024.00,903.16
2007-05-22,196840.00,2925.54,904.00,824.25
2007-05-23,196840.00,2925.54,832.00,825.78
2007-05-24,196865.00,2925.55,782.00,788.08
2007-05-25,197040.13,2925.62,743.00,825.16
2007-05-26,197365.00,2925.75,743.00,900.83
2007-05-27,197766.00,2925.91,910.00,1110.89
2007-05-28,197766.00,2925.91,964.00,958.31
2007-05-29,197792.00,2925.92,928.00,932.55
2007-05-30,197714.94,2925.89,1183.00,1172.64
2007-05-31,197615.31,2925.85,1510.00,1447.43
2007-06-01,197290.00,2925.72,1510.00,1332.86
2007-06-02,197315.00,2925.73,1394.00,1405.43
2007-06-03,198125.00,2926.05,1276.00,1674.08
2007-06-04,198050.00,2926.02,1490.00,1452.21
2007-06-05,197948.00,2925.98,1550.00,1496.06
2007-06-06,197540.13,2925.82,1218.00,1014.30
2007-06-07,197515.06,2925.81,844.00,827.24
2007-06-08,197640.36,2925.86,705.00,761.63
2007-06-09,197818.00,2925.93,705.00,787.87
2007-06-10,198125.00,2926.05,732.00,880.65
2007-06-11,198175.00,2926.07,798.00,817.62
2007-06-12,197844.00,2925.94,814.00,640.86
2007-06-13,197922.00,2925.97,682.00,714.52
2007-06-14,198050.00,2926.02,594.00,655.37
2007-06-15,198225.00,2926.09,660.00,745.49
2007-06-16,198175.00,2926.07,743.00,712.86
2007-06-17,197870.00,2925.95,771.00,609.57
2007-06-18,197640.36,2925.86,688.00,566.61
2007-06-19,197665.42,2925.87,600.00,609.20
2007-06-20,197870.00,2925.95,567.00,663.07
2007-06-21,198075.00,2926.03,627.00,723.58
2007-06-22,198075.00,2926.03,710.00,703.27
2007-06-23,197948.00,2925.98,743.00,671.27
2007-06-24,197740.00,2925.90,671.00,563.45
2007-06-25,197766.00,2925.91,475.00,482.59
2007-06-26,197844.00,2925.94,423.00,458.92
2007-06-27,197870.00,2925.95,455.00,465.23
2007-06-28,197948.00,2925.98,485.00,519.92
2007-06-29,198125.00,2926.05,485.00,570.57
2007-06-30,198150.00,2926.06,485.00,493.78
2007-07-01,198150.00,2926.06,510.00,504.35
2007-07-02,198050.00,2926.02,545.00,488.58
2007-07-03,197948.00,2925.98,556.00,501.32
2007-07-04,197922.00,2925.97,561.00,542.32
2007-07-05,198000.00,2926.00,572.00,606.10
2007-07-06,198100.00,2926.04,583.00,630.79
2007-07-07,197948.00,2925.98,594.00,511.79
2007-07-08,197690.48,2925.88,583.00,445.45
2007-07-09,197515.06,2925.81,545.00,451.89
2007-07-10,197340.00,2925.74,520.00,427.62
2007-07-11,197189.88,2925.68,525.00,443.43
2007-07-12,197040.13,2925.62,525.00,444.50
2007-07-13,196915.00,2925.57,520.00,454.08
2007-07-14,196840.00,2925.54,520.00,478.65
2007-07-15,196636.00,2925.46,520.00,412.07
2007-07-16,196405.42,2925.37,520.00,400.65
2007-07-17,196055.00,2925.23,525.00,343.33
2007-07-18,195780.13,2925.12,525.00,381.37
2007-07-19,195380.00,2924.96,525.00,317.80
2007-07-20,194980.00,2924.80,525.00,318.28
2007-07-21,194654.81,2924.67,525.00,356.05
2007-07-22,194380.00,2924.56,525.00,381.45
2007-07-23,194130.00,2924.46,525.00,393.62
2007-07-24,193764.06,2924.31,525.00,334.18
2007-07-25,193265.06,2924.11,556.00,299.54
2007-07-26,192692.47,2923.88,605.00,313.52
2007-07-27,192075.19,2923.63,627.00,310.79
2007-07-28,191410.36,2923.36,627.00,287.27
2007-07-29,190720.00,2923.08,627.00,275.09
2007-07-30,190005.00,2922.79,627.00,264.18
2007-07-31,189170.00,2922.45,666.00,241.73
2007-08-01,188320.00,2922.10,693.00,259.46
2007-08-02,187484.00,2921.76,693.00,266.46
2007-08-03,186585.94,2921.39,727.00,267.68
2007-08-04,185568.00,2920.97,754.00,236.95
2007-08-05,184584.00,2920.56,754.00,254.15
2007-08-06,183599.70,2920.15,754.00,252.36
2007-08-07,182592.00,2919.73,754.00,239.42
2007-08-08,181584.06,2919.31,754.00,239.27
2007-08-09,180562.47,2918.88,754.00,232.42
2007-08-10,179453.00,2918.41,754.00,188.08
2007-08-11,178434.00,2917.98,754.00,236.56
2007-08-12,177356.00,2917.52,760.00,207.84
2007-08-13,176274.00,2917.06,760.00,205.88
2007-08-14,175200.00,2916.60,754.00,208.54
2007-08-15,174154.72,2916.15,754.00,220.84
2007-08-16,173133.00,2915.71,754.00,231.66
2007-08-17,172075.00,2915.25,749.00,211.80
2007-08-18,170994.00,2914.78,749.00,197.31
2007-08-19,169936.11,2914.32,749.00,208.99
2007-08-20,168888.34,2913.86,754.00,218.22
2007-08-21,167863.00,2913.41,754.00,233.82
2007-08-22,166848.00,2912.96,760.00,239.72
2007-08-23,165787.00,2912.49,754.00,213.58
2007-08-24,164772.00,2912.04,754.00,235.37
2007-08-25,163626.00,2911.53,746.00,167.69
2007-08-26,162472.00,2911.01,776.00,195.62
2007-08-27,161202.00,2910.44,800.00,163.21
2007-08-28,159987.95,2909.89,797.00,191.42
2007-08-29,158746.16,2909.33,794.00,177.43
2007-08-30,157524.00,2908.77,813.00,213.16
2007-08-31,156213.84,2908.17,857.00,215.49
2007-09-01,154582.00,2907.42,980.00,178.09
2007-09-02,152568.00,2906.49,1163.00,177.14
2007-09-03,150272.00,2905.42,1321.00,199.31
2007-09-04,147859.00,2904.29,1431.00,259.80
2007-09-05,145224.00,2903.04,1525.00,252.67
2007-09-06,142520.00,2901.75,1580.00,273.30
2007-09-07,139698.95,2900.39,1630.00,268.97
2007-09-08,136900.00,2899.03,1630.00,279.28
2007-09-09,134050.14,2897.63,1660.00,279.08
2007-09-10,130990.05,2896.11,1752.00,229.94
2007-09-11,127690.00,2894.45,1917.00,245.95
2007-09-12,124129.70,2892.64,2049.00,244.16
2007-09-13,120513.00,2890.77,2126.00,289.40
2007-09-14,116826.19,2888.84,2164.00,285.85
2007-09-15,113160.95,2886.89,2158.00,289.11
2007-09-16,109444.35,2884.88,2164.00,262.93
2007-09-17,105616.00,2882.77,2092.00,129.59
2007-09-18,102168.16,2880.84,1998.00,219.11
2007-09-19,98709.29,2878.87,1948.00,158.88
2007-09-20,95395.00,2876.95,1931.00,209.78
2007-09-21,92124.00,2875.02,1914.00,216.88
2007-09-22,88879.00,2873.07,1887.00,190.11
2007-09-23,85755.84,2871.16,1815.00,182.12
2007-09-24,82808.12,2869.33,1722.00,171.87
2007-09-25,79880.00,2867.48,1716.00,170.78
2007-09-26,76860.00,2865.54,1753.00,155.02
2007-09-27,73949.78,2863.64,1725.00,179.33
2007-09-28,71100.00,2861.74,1661.00,142.71
2007-09-29,68335.26,2859.87,1595.00,116.37
2007-09-30,65725.00,2858.07,1520.00,120.06
2007-10-01,63770.00,2856.70,1176.00,190.37
2007-10-02,62556.14,2855.84,875.00,263.02
2007-10-03,61589.83,2855.15,768.00,280.83
2007-10-04,60368.00,2854.27,708.00,92.00
2007-10-05,59440.00,2853.60,655.00,187.14
2007-10-06,58490.00,2852.90,650.00,171.05
2007-10-07,57568.00,2852.22,668.00,203.17
2007-10-08,56726.00,2851.59,675.00,250.50
2007-10-09,55735.00,2850.85,654.00,154.38
2007-10-10,54893.00,2850.21,622.00,197.50
2007-10-11,54177.87,2849.66,607.00,246.46
2007-10-12,53540.91,2849.17,528.00,206.87
2007-10-13,52956.00,2848.72,459.00,164.11
2007-10-14,52709.00,2848.53,295.00,170.47
2007-10-15,52696.00,2848.52,212.00,205.45
2007-10-16,52722.00,2848.54,174.00,187.11
2007-10-17,52826.06,2848.62,127.00,179.46
2007-10-18,53021.00,2848.77,126.00,224.28
2007-10-19,53437.00,2849.09,124.00,333.73
2007-10-20,53788.19,2849.36,123.00,300.06
2007-10-21,53996.00,2849.52,123.00,227.77
2007-10-22,54334.00,2849.78,84.00,254.41
2007-10-23,54724.00,2850.08,45.00,241.62
2007-10-24,55293.00,2850.51,29.00,315.87
2007-10-25,55761.22,2850.87,29.00,265.06
2007-10-26,56070.00,2851.10,29.00,184.67
2007-10-27,56405.16,2851.35,30.00,198.97
2007-10-28,56684.00,2851.56,30.00,170.58
2007-10-29,56922.00,2851.74,72.00,191.99
2007-10-30,57140.00,2851.90,109.00,218.91
2007-10-31,57298.00,2852.02,111.00,190.66
2007-11-01,57500.91,2852.17,114.00,216.30
2007-11-02,57784.25,2852.38,117.00,259.85
2007-11-03,57922.00,2852.48,120.00,189.45
2007-11-04,58002.00,2852.54,124.00,164.33
2007-11-05,58191.93,2852.68,127.00,222.75
2007-11-06,58350.00,2852.80,130.00,209.69
2007-11-07,58529.00,2852.93,133.00,223.24
2007-11-08,58704.00,2853.06,137.00,225.23
2007-11-09,58871.93,2853.18,140.00,224.66
2007-11-10,59212.00,2853.43,144.00,315.45
2007-11-11,59454.04,2853.61,148.00,270.03
2007-11-12,59873.00,2853.91,151.00,362.22
2007-11-13,60241.93,2854.18,114.00,300.00
2007-11-14,60540.00,2854.40,62.00,212.27
2007-11-15,60875.79,2854.64,60.00,229.29
2007-11-16,61548.07,2855.12,64.00,402.94
2007-11-17,62528.07,2855.82,67.00,561.08
2007-11-18,63480.00,2856.50,65.00,544.92
2007-11-19,64120.00,2856.95,63.00,385.66
2007-11-20,64662.10,2857.33,63.00,336.30
2007-11-21,65133.86,2857.66,62.00,299.84
2007-11-22,65508.00,2857.92,62.00,250.63
2007-11-23,66000.00,2858.26,62.00,310.05
2007-11-24,66355.00,2858.51,62.00,240.98
2007-11-25,66587.90,2858.67,62.00,179.42
2007-11-26,67025.00,2858.97,62.00,282.37
2007-11-27,67314.89,2859.17,62.00,208.15
2007-11-28,67590.22,2859.36,62.00,200.81
2007-11-29,67940.00,2859.60,62.00,238.34
2007-11-30,68260.07,2859.82,62.00,223.37
2007-12-01,68544.00,2860.01,62.00,205.15
2007-12-02,68865.00,2860.23,62.00,223.84
2007-12-03,71460.00,2861.98,62.00,1370.29
2007-12-04,77077.92,2865.68,62.00,2894.33
2007-12-05,80038.00,2867.58,62.00,1554.35
2007-12-06,81885.00,2868.75,62.00,993.18
2007-12-07,83192.00,2869.57,62.00,720.94
2007-12-08,84248.00,2870.23,62.00,594.39
2007-12-09,85218.12,2870.83,62.00,551.10
2007-12-10,85884.00,2871.24,61.00,396.71
2007-12-11,86518.12,2871.63,61.00,380.70
2007-12-12,87184.00,2872.04,61.00,396.71
2007-12-13,87712.25,2872.36,61.00,327.32
2007-12-14,88286.00,2872.71,61.00,350.26
2007-12-15,88744.00,2872.99,61.00,291.90
2007-12-16,89292.08,2873.32,61.00,337.32
2007-12-17,89776.04,2873.61,61.00,304.99
2007-12-18,90242.96,2873.89,61.00,296.40
2007-12-19,90784.00,2874.22,61.00,333.77
2007-12-20,91158.00,2874.44,61.00,249.56
2007-12-21,91658.00,2874.74,60.00,312.08
2007-12-22,92141.00,2875.03,60.00,303.51
2007-12-23,92566.00,2875.28,60.00,274.27
2007-12-24,93100.00,2875.60,60.00,329.22
2007-12-25,93525.21,2875.85,60.00,274.37
2007-12-26,94001.13,2876.13,60.00,299.94
2007-12-27,94460.00,2876.40,60.00,291.34
2007-12-28,94901.84,2876.66,60.00,282.76
2007-12-29,95327.00,2876.91,60.00,274.35
2007-12-30,95778.88,2877.17,60.00,287.82
2007-12-31,96152.96,2877.39,59.00,247.60
2008-01-01,96408.00,2877.54,59.00,187.58
2008-01-02,96911.13,2877.83,59.00,312.66
2008-01-03,97340.00,2878.08,59.00,275.22
2008-01-04,97770.00,2878.33,59.00,275.79
2008-01-05,98120.00,2878.53,59.00,235.46
2008-01-06,98470.00,2878.73,59.00,235.46
2008-01-07,98974.00,2879.02,59.00,313.10
2008-01-08,99460.00,2879.30,59.00,304.02
2008-01-09,99946.00,2879.58,59.00,304.02
2008-01-10,100330.00,2879.80,59.00,252.60
2008-01-11,100600.00,2879.95,58.00,194.12
2008-01-12,100860.00,2880.10,58.00,189.08
2008-01-13,101120.00,2880.25,58.00,189.08
2008-01-14,101390.00,2880.40,58.00,194.12
2008-01-15,101660.00,2880.55,58.00,194.12
2008-01-16,101920.00,2880.70,58.00,189.08
2008-01-17,102185.21,2880.85,58.00,191.71
2008-01-18,102630.00,2881.10,58.00,282.25
2008-01-19,102963.00,2881.29,58.00,225.89
2008-01-20,103160.00,2881.40,58.00,157.32
2008-01-21,103394.00,2881.53,57.00,174.97
2008-01-22,103538.05,2881.61,67.00,139.62
2008-01-23,103663.91,2881.68,81.00,144.45
2008-01-24,103888.05,2881.81,87.00,200.00
2008-01-25,104031.95,2881.89,87.00,159.55
2008-01-26,104266.00,2882.02,87.00,205.00
2008-01-27,104481.73,2882.14,87.00,195.76
2008-01-28,104662.00,2882.24,87.00,177.88
2008-01-29,105040.00,2882.45,87.00,277.57
2008-01-30,105220.00,2882.55,87.00,177.75
2008-01-31,105544.00,2882.73,87.00,250.35
2008-02-01,105814.00,2882.88,87.00,223.12
2008-02-02,106084.00,2883.03,87.00,223.12
2008-02-03,106336.00,2883.17,87.00,214.05
2008-02-04,106552.00,2883.29,87.00,195.90
2008-02-05,106876.00,2883.47,87.00,250.35
2008-02-06,107074.00,2883.58,87.00,186.82
2008-02-07,107423.00,2883.77,87.00,262.95
2008-02-08,107840.00,2884.00,87.00,297.23
2008-02-09,108074.13,2884.13,87.00,205.04
2008-02-10,108326.00,2884.27,87.00,213.98
2008-02-11,108588.00,2884.41,87.00,219.09
2008-02-12,108840.00,2884.55,87.00,214.05
2008-02-13,109081.91,2884.68,87.00,208.96
2008-02-14,109300.00,2884.80,87.00,196.95
2008-02-15,109498.00,2884.91,87.00,186.82
2008-02-16,109736.00,2885.04,87.00,206.99
2008-02-17,109904.13,2885.13,87.00,171.76
2008-02-18,110163.00,2885.27,87.00,217.51
2008-02-19,110400.00,2885.40,87.00,206.49
2008-02-20,110618.00,2885.52,87.00,196.91
2008-02-21,110950.00,2885.70,87.00,254.38
2008-02-22,111140.00,2885.80,87.00,182.79
2008-02-23,111377.00,2885.93,87.00,206.49
2008-02-24,111636.00,2886.07,87.00,217.58
2008-02-25,111898.00,2886.21,87.00,219.09
2008-02-26,112079.05,2886.31,87.00,178.28
2008-02-27,112376.00,2886.47,87.00,236.71
2008-02-28,112677.14,2886.63,87.00,238.82
2008-02-29,113009.05,2886.81,87.00,254.34
2008-03-01,113388.00,2887.01,87.00,278.05
2008-03-02,113644.77,2887.15,87.00,216.45
2008-03-03,113966.09,2887.32,87.00,249.00
2008-03-04,114300.00,2887.50,87.00,255.34
2008-03-05,114603.81,2887.66,87.00,240.17
2008-03-06,114879.05,2887.81,93.00,231.76
2008-03-07,115202.00,2887.98,87.00,249.82
2008-03-08,115505.72,2888.14,87.00,240.12
2008-03-09,115764.00,2888.28,87.00,217.21
2008-03-10,116161.00,2888.49,87.00,287.15
2008-03-11,116521.91,2888.68,87.00,268.96
2008-03-12,116920.95,2888.89,87.00,288.18
2008-03-13,117301.00,2889.09,87.00,278.61
2008-03-14,117719.05,2889.31,87.00,297.76
2008-03-15,118080.00,2889.50,87.00,268.98
2008-03-16,118421.91,2889.68,87.00,259.38
2008-03-17,118820.95,2889.89,87.00,288.18
2008-03-18,119163.00,2890.07,87.00,259.45
2008-03-19,119534.00,2890.26,87.00,274.04
2008-03-20,119933.00,2890.47,87.00,288.16
2008-03-21,120200.05,2890.61,87.00,221.64
2008-03-22,120532.00,2890.78,87.00,254.36
2008-03-23,120950.00,2891.00,87.00,297.74
2008-03-24,121219.70,2891.14,89.00,224.97
2008-03-25,121587.14,2891.33,89.00,274.25
2008-03-26,121900.00,2891.49,89.00,246.73
2008-03-27,122110.00,2891.60,89.00,194.87
2008-03-28,122519.05,2891.81,89.00,295.23
2008-03-29,122690.00,2891.90,114.00,200.19
2008-03-30,122870.00,2891.99,142.00,232.75
2008-03-31,122280.95,2891.69,453.00,156.02
2008-04-01,121140.00,2891.10,854.00,278.78
2008-04-02,119895.00,2890.45,886.00,258.32
2008-04-03,118802.38,2889.88,856.00,305.15
2008-04-04,117510.00,2889.20,832.00,180.43
2008-04-05,116445.72,2888.64,826.00,289.43
2008-04-06,115392.00,2888.08,820.00,288.76
2008-04-07,114338.00,2887.52,814.00,282.62
2008-04-08,113351.00,2886.99,803.00,305.39
2008-04-09,112268.00,2886.41,798.00,252.00
2008-04-10,111301.95,2885.89,793.00,305.96
2008-04-11,110346.30,2885.37,787.00,305.20
2008-04-12,109390.22,2884.85,782.00,299.98
2008-04-13,108642.00,2884.44,776.00,398.78
2008-04-14,108002.00,2884.09,771.00,448.34
2008-04-15,107768.00,2883.96,525.00,407.03
2008-04-16,107876.00,2884.02,319.00,373.45
2008-04-17,108181.95,2884.19,250.00,404.25
2008-04-18,108624.00,2884.43,200.00,422.86
2008-04-19,108606.00,2884.42,329.00,319.93
2008-04-20,108145.87,2884.17,595.00,363.02
2008-04-21,107404.00,2883.76,732.00,357.98
2008-04-22,106516.00,2883.27,776.00,328.31
2008-04-23,105616.00,2882.77,787.00,333.26
2008-04-24,104824.13,2882.33,727.00,327.77
2008-04-25,103870.00,2881.80,782.00,300.97
2008-04-26,102701.73,2881.14,868.00,279.01
2008-04-27,101706.00,2880.58,862.00,359.99
2008-04-28,100809.00,2880.07,793.00,340.77
2008-04-29,100672.00,2879.99,551.00,481.93
2008-04-30,100724.00,2880.02,396.00,422.22
2008-05-01,100931.73,2880.14,313.00,417.73
2008-05-02,101282.18,2880.34,289.00,465.68
2008-05-03,101570.00,2880.50,286.00,431.11
2008-05-04,102046.00,2880.77,286.00,525.98
2008-05-05,102895.00,2881.25,195.00,623.03
2008-05-06,104122.00,2881.94,144.00,762.60
2008-05-07,105544.00,2882.73,144.00,860.91
2008-05-08,106894.00,2883.48,155.00,835.62
2008-05-09,108163.91,2884.18,173.00,813.24
2008-05-10,109372.18,2884.84,173.00,782.16
2008-05-11,110694.00,2885.56,173.00,839.41
2008-05-12,111934.00,2886.23,173.00,798.16
2008-05-13,113218.00,2886.92,173.00,820.34
2008-05-14,114974.28,2887.86,173.00,1058.44
2008-05-15,117870.95,2889.39,158.00,1618.38
2008-05-16,121663.33,2891.37,132.00,2043.96
2008-05-17,126448.09,2893.82,122.00,2534.28
2008-05-18,132280.00,2896.75,122.00,3062.21
2008-05-19,137555.25,2899.35,124.00,2783.57
2008-05-20,142420.00,2901.70,148.00,2600.61
2008-05-21,146379.00,2903.59,168.00,2163.97
2008-05-22,149307.00,2904.97,173.00,1649.18
2008-05-23,152050.00,2906.25,183.00,1565.91
2008-05-24,154582.00,2907.42,183.00,1459.53
2008-05-25,157480.00,2908.75,183.00,1644.05
2008-05-26,160868.00,2910.29,185.00,1893.09
2008-05-27,164253.06,2911.81,185.00,1891.61
2008-05-28,167320.83,2913.17,185.00,1731.64
2008-05-29,170442.00,2914.54,185.00,1758.57
2008-05-30,173133.00,2915.71,193.00,1549.69
2008-05-31,176061.00,2916.97,233.00,1709.18
2008-06-01,178648.00,2918.07,254.00,1558.26
2008-06-02,180898.00,2919.02,260.00,1394.36
2008-06-03,183144.00,2919.96,264.00,1396.34
2008-06-04,185160.00,2920.80,267.00,1283.39
2008-06-05,186980.00,2921.55,267.00,1184.57
2008-06-06,188680.00,2922.25,270.00,1127.07
2008-06-07,190180.36,2922.86,274.00,1030.42
2008-06-08,191484.94,2923.39,277.00,934.72
2008-06-09,192790.00,2923.92,343.00,1000.96
2008-06-10,194155.00,2924.47,401.00,1089.18
2008-06-11,194654.81,2924.67,717.00,968.98
2008-06-12,195305.00,2924.93,580.00,907.80
2008-06-13,195980.00,2925.20,548.00,888.31
2008-06-14,196740.00,2925.50,691.00,1074.16
2008-06-15,197214.94,2925.69,860.00,1099.45
2008-06-16,197490.00,2925.80,981.00,1119.67
2008-06-17,197870.00,2925.95,1077.00,1268.58
2008-06-18,197818.00,2925.93,1155.00,1128.78
2008-06-19,197540.13,2925.82,1141.00,1000.91
2008-06-20,197465.00,2925.79,1078.00,1040.12
2008-06-21,197540.13,2925.82,1078.00,1115.88
2008-06-22,197766.00,2925.91,1090.00,1203.87
2008-06-23,198025.00,2926.01,1096.00,1226.58
2008-06-24,197689.88,2925.88,1108.00,939.05
2008-06-25,197664.81,2925.87,1090.00,1077.36
2008-06-26,197740.00,2925.90,1016.00,1053.91
2008-06-27,198099.39,2926.04,1013.00,1194.19
2008-06-28,198199.39,2926.08,1290.00,1340.42
2008-06-29,197844.00,2925.94,1734.00,1554.83
2008-06-30,198000.00,2926.00,1720.00,1798.65
2008-07-01,197589.64,2925.84,1835.00,1628.11
2008-07-02,197315.00,2925.73,1531.00,1392.54
2008-07-03,197539.52,2925.82,1298.00,1411.19
2008-07-04,197614.69,2925.85,1234.00,1271.90
2008-07-05,197564.58,2925.83,1101.00,1075.74
2008-07-06,197689.88,2925.88,943.00,1006.17
2008-07-07,197564.58,2925.83,977.00,913.83
2008-07-08,197315.00,2925.73,1028.00,902.17
2008-07-09,196790.00,2925.52,1002.00,737.32
2008-07-10,196480.00,2925.40,963.00,806.71
2008-07-11,196254.45,2925.31,901.00,787.29
2008-07-12,195854.69,2925.15,826.00,624.46
2008-07-13,195629.39,2925.06,747.00,633.41
2008-07-14,195554.39,2925.03,711.00,673.19
2008-07-15,195505.00,2925.01,709.00,684.10
2008-07-16,195405.00,2924.97,707.00,656.58
2008-07-17,195104.69,2924.85,705.00,553.60
2008-07-18,194905.00,2924.77,703.00,602.32
2008-07-19,194529.52,2924.62,706.00,516.70
2008-07-20,194030.00,2924.42,704.00,452.16
2008-07-21,193787.53,2924.32,697.00,574.76
2008-07-22,193464.94,2924.19,700.00,537.36
2008-07-23,192990.00,2924.00,665.00,425.55
2008-07-24,192715.94,2923.89,614.00,475.83
2008-07-25,192499.39,2923.80,546.00,436.82
2008-07-26,192425.00,2923.77,514.00,476.50
2008-07-27,192275.00,2923.71,522.00,446.38
2008-07-28,192024.45,2923.61,525.00,398.68
2008-07-29,191824.39,2923.53,525.00,424.14
2008-07-30,191459.88,2923.38,525.00,341.23
2008-07-31,191259.39,2923.30,525.00,423.92
2008-08-01,191160.00,2923.26,525.00,474.89
2008-08-02,190937.83,2923.17,525.00,412.99
2008-08-03,190496.00,2922.99,525.00,302.25
2008-08-04,190179.75,2922.86,525.00,365.56
2008-08-05,189805.00,2922.71,525.00,336.07
2008-08-06,189414.39,2922.55,556.00,359.07
2008-08-07,189050.00,2922.40,573.00,389.29
2008-08-08,188704.00,2922.26,573.00,398.56
2008-08-09,188463.77,2922.16,545.00,423.89
2008-08-10,188144.39,2922.03,520.00,358.98
2008-08-11,187779.88,2921.88,520.00,336.23
2008-08-12,187531.42,2921.78,520.00,394.74
2008-08-13,187147.53,2921.62,525.00,331.46
2008-08-14,186760.00,2921.46,556.00,360.62
2008-08-15,186441.59,2921.33,567.00,406.47
2008-08-16,186081.88,2921.18,573.00,391.65
2008-08-17,185665.00,2921.01,573.00,362.83
2008-08-18,185279.70,2920.85,573.00,378.75
2008-08-19,184968.00,2920.72,573.00,415.85
2008-08-20,184727.53,2920.62,573.00,451.76
2008-08-21,184535.42,2920.54,573.00,476.15
2008-08-22,184031.59,2920.33,600.00,345.99
2008-08-23,183311.42,2920.03,714.00,350.92
2008-08-24,182183.42,2919.56,805.00,236.31
2008-08-25,181296.94,2919.19,793.00,346.07
2008-08-26,180441.59,2918.83,747.00,315.77
2008-08-27,179568.00,2918.46,695.00,254.57
2008-08-28,178765.55,2918.12,727.00,322.44
2008-08-29,177780.00,2917.70,802.00,305.13
2008-08-30,176530.83,2917.17,900.00,270.22
2008-08-31,174855.00,2916.45,1012.00,167.11
2008-09-01,172994.72,2915.65,1070.00,132.12
2008-09-02,170833.00,2914.71,1122.00,32.15
2008-09-03,168888.00,2913.86,1204.00,223.41
2008-09-04,166503.06,2912.81,1257.00,54.61
2008-09-05,163940.83,2911.67,1335.00,43.23
2008-09-06,161271.00,2910.47,1394.00,47.98
2008-09-07,158460.00,2909.20,1467.00,49.81
2008-09-08,155488.00,2907.84,1533.00,34.64
2008-09-09,152370.00,2906.40,1590.00,18.03
2008-09-10,149160.00,2904.90,1647.00,28.65
2008-09-11,144762.00,2902.82,2248.00,30.00
2008-09-12,140480.00,2900.77,2190.00,31.19
2008-09-13,136083.00,2898.68,2331.00,114.21
2008-09-14,132060.00,2896.64,2252.00,223.77
2008-09-15,128200.00,2894.71,2199.00,252.95
2008-09-16,124364.00,2892.76,2136.00,202.04
2008-09-17,120589.00,2890.81,2105.00,201.80
2008-09-18,116750.00,2888.80,2075.00,139.53
2008-09-19,113009.00,2886.81,2066.00,179.94
2008-09-20,109336.00,2884.82,2058.00,206.22
2008-09-21,105922.00,2882.94,1950.00,228.80
2008-09-22,102720.00,2881.15,1765.00,150.68
2008-09-23,99738.00,2879.46,1674.00,170.60
2008-09-24,96788.00,2877.76,1617.00,129.73
2008-09-25,93831.00,2876.03,1619.00,128.20
2008-09-26,90869.00,2874.27,1641.00,147.68
2008-09-27,87972.00,2872.52,1633.00,172.45
2008-09-28,85010.00,2870.70,1606.00,112.68
2008-09-29,82168.00,2868.93,1588.00,155.18
2008-09-30,79280.00,2867.10,1560.00,103.99
2008-10-01,76640.00,2865.40,1470.00,139.02
2008-10-02,74319.93,2863.88,1310.00,140.32
2008-10-03,72324.00,2862.56,1208.00,201.73
2008-10-04,70845.00,2861.57,1083.00,337.35
2008-10-05,69514.89,2860.67,940.00,269.41
2008-10-06,68349.93,2859.88,858.00,270.67
2008-10-07,67284.82,2859.15,859.00,322.01
2008-10-08,66088.07,2858.32,885.00,281.65
2008-10-09,64731.93,2857.38,893.00,209.29
2008-10-10,63396.00,2856.44,882.00,208.48
2008-10-11,62044.00,2855.48,884.00,202.38
2008-10-12,60652.00,2854.48,891.00,189.21
2008-10-13,59268.00,2853.47,887.00,189.24
2008-10-14,57950.00,2852.50,889.00,224.52
2008-10-15,57125.96,2851.89,598.00,182.55
2008-10-16,56935.00,2851.75,304.00,207.73
2008-10-17,56870.00,2851.70,236.00,203.23
2008-10-18,56843.94,2851.68,209.00,195.86
2008-10-19,56778.78,2851.63,204.00,171.15
2008-10-20,56804.84,2851.65,205.00,218.14
2008-10-21,56817.87,2851.66,206.00,212.57
2008-10-22,56791.81,2851.64,192.00,178.86
2008-10-23,56753.03,2851.61,183.00,163.45
2008-10-24,56817.87,2851.66,184.00,216.69
2008-10-25,56804.84,2851.65,185.00,178.43
2008-10-26,56753.03,2851.61,186.00,159.88
2008-10-27,56804.84,2851.65,187.00,213.12
2008-10-28,56712.00,2851.58,187.00,140.19
2008-10-29,56740.00,2851.60,188.00,202.12
2008-10-30,56765.75,2851.62,174.00,186.98
2008-10-31,56830.91,2851.67,153.00,185.85
2008-11-01,56961.00,2851.77,152.00,217.59
2008-11-02,57166.00,2851.92,152.00,255.35
2008-11-03,57500.91,2852.17,139.00,307.85
2008-11-04,57770.91,2852.37,113.00,249.12
2008-11-05,58054.00,2852.58,106.00,248.72
2008-11-06,58392.10,2852.83,102.00,272.46
2008-11-07,59282.00,2853.48,81.00,529.65
2008-11-08,60199.83,2854.15,66.00,528.73
2008-11-09,60960.00,2854.70,66.00,449.25
2008-11-10,61547.73,2855.12,67.00,363.31
2008-11-11,62057.00,2855.49,67.00,323.75
2008-11-12,67999.78,2859.64,68.00,3064.11
2008-11-13,74040.00,2863.70,70.00,3115.23
2008-11-14,76045.00,2865.01,70.00,1080.84
2008-11-15,77371.88,2865.87,70.00,738.96
2008-11-16,78455.00,2866.57,70.00,616.07
2008-11-17,79407.92,2867.18,70.00,550.42
2008-11-18,80101.69,2867.62,70.00,419.77
2008-11-19,80684.00,2867.99,70.00,363.58
2008-11-20,81426.00,2868.46,70.00,444.09
2008-11-21,82328.00,2869.03,70.00,524.75
2008-11-22,82616.00,2869.21,70.00,215.20
2008-11-23,83064.00,2869.49,70.00,295.86
2008-11-24,83400.00,2869.70,70.00,239.40
2008-11-25,84024.00,2870.09,70.00,384.60
2008-11-26,84296.00,2870.26,90.00,227.13
2008-11-27,84616.00,2870.46,99.00,260.33
2008-11-28,85026.00,2870.71,99.00,305.71
2008-11-29,85346.00,2870.91,99.00,260.33
2008-11-30,85820.00,2871.20,99.00,337.97
2008-12-01,86300.00,2871.50,99.00,341.00
2008-12-02,86694.00,2871.74,99.00,297.64
2008-12-03,87056.00,2871.97,101.00,283.51
2008-12-04,87398.00,2872.18,99.00,271.42
2008-12-05,87763.00,2872.40,99.00,283.02
2008-12-06,88020.00,2872.55,101.00,230.57
2008-12-07,88532.25,2872.86,101.00,359.26
2008-12-08,88794.00,2873.02,101.00,232.96
2008-12-09,89175.00,2873.25,101.00,293.08
2008-12-10,89607.00,2873.51,101.00,318.80
2008-12-11,89887.92,2873.68,101.00,242.63
2008-12-12,90141.13,2873.83,101.00,228.66
2008-12-13,90522.00,2874.06,101.00,293.02
2008-12-14,90767.00,2874.21,101.00,224.52
2008-12-15,90954.09,2874.32,101.00,195.32
2008-12-16,91022.25,2874.36,101.00,135.36
2008-12-17,91404.00,2874.59,101.00,293.46
2008-12-18,91641.00,2874.73,101.00,220.49
2008-12-19,91828.16,2874.84,101.00,195.36
2008-12-20,92124.00,2875.02,101.00,250.15
2008-12-21,92498.00,2875.24,101.00,289.56
2008-12-22,92634.09,2875.32,101.00,169.61
2008-12-23,92940.00,2875.50,101.00,255.23
2008-12-24,93150.71,2875.63,101.00,207.23
2008-12-25,93440.00,2875.80,101.00,246.85
2008-12-26,93763.00,2875.99,101.00,263.84
2008-12-27,94085.91,2876.18,101.00,263.80
2008-12-28,94528.00,2876.44,102.00,324.88
2008-12-29,95106.00,2876.78,102.00,393.40
2008-12-30,95275.91,2876.88,102.00,187.66
2008-12-31,95552.00,2877.04,101.00,240.19
2009-01-01,96238.00,2877.44,102.00,447.85
2009-01-02,96577.75,2877.64,102.00,273.29
2009-01-03,96911.13,2877.83,102.00,270.08
2009-01-04,97183.00,2877.99,102.00,239.07
2009-01-05,97388.05,2878.11,102.00,205.38
2009-01-06,98052.00,2878.49,102.00,436.74
2009-01-07,100913.70,2880.13,116.00,1558.75
2009-01-08,106228.05,2883.11,122.00,2801.28
2009-01-09,109100.95,2884.69,116.00,1564.40
2009-01-10,111176.09,2885.82,112.00,1158.20
2009-01-11,112544.00,2886.56,110.00,799.64
2009-01-12,114148.00,2887.42,109.00,917.67
2009-01-13,115524.77,2888.15,110.00,804.11
2009-01-14,116826.19,2888.84,109.00,765.12
2009-01-15,118042.00,2889.48,109.00,721.96
2009-01-16,119068.00,2890.02,107.00,624.27
2009-01-17,120104.00,2890.56,107.00,629.31
2009-01-18,120950.00,2891.00,107.00,533.52
2009-01-19,121820.00,2891.45,107.00,545.62
2009-01-20,122850.00,2891.98,107.00,626.28
2009-01-21,123640.95,2892.39,107.00,505.76
2009-01-22,124250.00,2892.70,107.00,414.06
2009-01-23,124878.00,2893.02,107.00,423.61
2009-01-24,125480.15,2893.33,107.00,410.58
2009-01-25,126069.66,2893.63,107.00,404.21
2009-01-26,126600.00,2893.90,107.00,374.38
2009-01-27,127151.91,2894.18,107.00,385.25
2009-01-28,127590.00,2894.40,107.00,327.87
2009-01-29,128079.76,2894.65,107.00,353.92
2009-01-30,128480.24,2894.85,98.00,299.91
2009-01-31,129000.05,2895.11,80.00,342.07
2009-02-01,129494.28,2895.36,80.00,329.17
2009-02-02,129910.00,2895.57,80.00,289.59
2009-02-03,130350.00,2895.79,81.00,302.83
2009-02-04,130750.00,2895.99,81.00,282.66
2009-02-05,131150.00,2895.19,81.00,282.66
2009-02-06,131570.00,2896.40,81.00,292.75
2009-02-07,132000.00,2896.61,81.00,297.79
2009-02-08,132440.00,2896.83,81.00,302.83
2009-02-09,132840.00,2897.03,81.00,282.66
2009-02-10,133140.00,2897.18,81.00,232.25
2009-02-11,133527.41,2897.37,81.00,276.32
2009-02-12,133870.00,2897.53,81.00,253.72
2009-02-13,134190.00,2897.70,81.00,242.33
2009-02-14,134600.00,2897.90,81.00,287.71
2009-02-15,135010.00,2898.10,83.00,289.71
2009-02-16,135410.00,2898.30,83.00,284.66
2009-02-17,135840.00,2898.51,83.00,299.79
2009-02-18,135960.00,2898.57,83.00,143.50
2009-02-19,136230.00,2898.70,83.00,219.12
2009-02-20,136556.31,2898.86,83.00,247.51
2009-02-21,136820.00,2898.99,83.00,215.94
2009-02-22,137123.69,2899.14,83.00,236.11
2009-02-23,137576.00,2899.36,83.00,311.04
2009-02-24,137944.00,2899.54,83.00,268.53
2009-02-25,138238.00,2899.68,83.00,231.22
2009-02-26,138564.00,2899.84,83.00,247.36
2009-02-27,138790.00,2899.95,83.00,196.94
2009-02-28,138995.00,2900.05,83.00,186.35
2009-03-01,139363.00,2900.23,84.00,269.53
2009-03-02,139820.00,2900.45,84.00,314.40
2009-03-03,140193.00,2900.63,84.00,272.05
2009-03-04,140688.00,2900.82,84.00,333.56
2009-03-05,141023.00,2901.03,84.00,252.89
2009-03-06,141380.00,2901.20,84.00,263.98
2009-03-07,141643.00,2901.33,84.00,216.59
2009-03-08,141916.00,2901.46,84.00,221.64
2009-03-09,142189.00,2901.59,84.00,221.64
2009-03-10,142460.00,2901.72,84.00,220.63
2009-03-11,142725.00,2901.85,84.00,217.60
2009-03-12,142998.00,2901.98,84.00,221.64
2009-03-13,143313.16,2902.13,84.00,242.89
2009-03-14,143670.00,2902.30,84.00,263.90
2009-03-15,144006.00,2902.46,85.00,254.40
2009-03-16,144090.00,2902.50,85.00,127.35
2009-03-17,144321.05,2902.61,85.00,201.49
2009-03-18,144951.00,2902.91,85.00,402.60
2009-03-19,145476.00,2903.16,85.00,349.68
2009-03-20,145896.00,2903.36,85.00,296.75
2009-03-21,146064.00,2903.44,85.00,169.70
2009-03-22,146232.00,2903.52,85.00,169.70
2009-03-23,146525.80,2903.66,85.00,233.12
2009-03-24,146799.00,2903.79,85.00,222.74
2009-03-25,147103.00,2903.93,85.00,238.26
2009-03-26,147418.00,2904.08,87.00,245.81
2009-03-27,147712.00,2904.22,87.00,235.22
2009-03-28,147990.27,2904.35,87.00,227.29
2009-03-29,148310.00,2904.50,87.00,248.19
2009-03-30,148774.00,2904.72,87.00,320.93
2009-03-31,149097.36,2904.87,87.00,250.02
2009-04-01,149458.00,2905.04,95.00,276.82
2009-04-02,149863.00,2905.23,99.00,303.18
2009-04-03,150186.00,2905.38,99.00,261.84
2009-04-04,150462.00,2905.51,99.00,238.15
2009-04-05,150765.00,2905.65,99.00,251.76
2009-04-06,151146.00,2905.83,99.00,291.08
2009-04-07,151576.00,2906.03,99.00,315.79
2009-04-08,152138.00,2906.29,99.00,382.34
2009-04-09,152800.00,2906.60,99.00,432.75
2009-04-10,153450.00,2906.90,101.00,428.70
2009-04-11,154166.00,2907.23,101.00,461.98
2009-04-12,154948.00,2907.59,101.00,495.25
2009-04-13,155752.00,2907.96,101.00,506.34
2009-04-14,156334.00,2908.32,101.00,394.42
2009-04-15,157304.00,2908.67,101.00,590.03
2009-04-16,158002.00,2908.98,101.00,452.90
2009-04-17,158768.00,2909.34,101.00,487.19
2009-04-18,159606.00,2909.72,101.00,523.49
2009-04-19,160582.00,2910.16,101.00,593.06
2009-04-20,161912.00,2910.76,101.00,771.53
2009-04-21,164142.00,2911.76,112.00,1236.28
2009-04-22,164997.67,2912.14,102.00,533.39
2009-04-23,166825.00,2912.95,102.00,1023.27
2009-04-24,168344.11,2913.62,134.00,899.87
2009-04-25,169637.95,2914.19,130.00,782.30
2009-04-26,170948.00,2914.76,114.00,774.47
2009-04-27,172052.00,2915.24,134.00,690.59
2009-04-28,173110.00,2915.70,118.00,651.40
2009-04-29,174086.11,2916.12,116.00,608.11
2009-04-30,174901.00,2916.47,137.00,547.83
2009-05-01,175969.00,2916.93,173.00,711.44
2009-05-02,176672.00,2917.23,183.00,537.42
2009-05-03,177780.00,2917.70,183.00,741.61
2009-05-04,178480.00,2918.11,168.00,520.91
2009-05-05,179996.00,2918.75,170.00,934.31
2009-05-06,182136.00,2919.54,146.00,1224.90
2009-05-07,183696.00,2920.19,128.00,914.49
2009-05-08,185208.00,2920.82,153.00,915.29
2009-05-09,186418.13,2921.32,188.00,798.10
2009-05-10,187878.00,2921.92,188.00,924.01
2009-05-11,189465.00,2922.57,188.00,988.10
2009-05-12,190842.17,2923.13,186.00,880.31
2009-05-13,192250.00,2923.70,213.00,922.77
2009-05-14,193690.00,2924.28,219.00,944.99
2009-05-15,194830.00,2924.74,258.00,832.74
2009-05-16,195879.75,2925.16,459.00,988.24
2009-05-17,196430.00,2925.38,776.00,1053.41
2009-05-18,196714.00,2925.49,1218.00,1361.18
2009-05-19,197015.00,2925.61,1701.00,1852.75
2009-05-20,196865.00,2925.55,1722.00,1646.38
2009-05-21,196155.00,2925.27,1723.00,1365.05
2009-05-22,195430.00,2924.97,1724.00,1358.48
2009-05-23,194930.00,2924.78,1625.00,1372.92
2009-05-24,195030.00,2924.82,1555.00,1605.42
2009-05-25,194880.00,2924.76,1556.00,1480.38
2009-05-26,194955.00,2924.79,1557.00,1594.81
2009-05-27,195055.19,2924.83,1558.00,1608.51
2009-05-28,195204.94,2924.89,1549.00,1624.50
2009-05-29,195879.75,2925.16,1570.00,1910.21
2009-05-30,196865.00,2925.55,1719.00,2215.72
2009-05-31,197240.00,2925.70,1981.00,2170.06
2009-06-01,197515.00,2925.81,2101.00,2239.64
2009-06-02,197390.00,2925.76,2110.00,2046.98
2009-06-03,197115.00,2925.65,2043.00,1904.36
2009-06-04,197090.00,2925.64,1866.00,1853.40
2009-06-05,197340.00,2925.74,1799.00,1925.04
2009-06-06,197690.00,2925.88,1842.00,2018.46
2009-06-07,197690.00,2925.88,1830.00,1830.00
2009-06-08,197590.00,2925.84,1549.00,1498.58
2009-06-09,197690.00,2925.88,1315.00,1365.42
2009-06-10,198025.00,2926.01,1266.00,1434.89
2009-06-11,198325.00,2926.13,1289.00,1440.25
2009-06-12,198250.00,2926.10,1372.00,1334.19
2009-06-13,198025.00,2926.01,1389.00,1275.56
2009-06-14,197896.00,2925.96,1352.00,1286.96
2009-06-15,197792.00,2925.92,1326.00,1273.57
2009-06-16,197870.00,2925.95,1285.00,1324.32
2009-06-17,197870.00,2925.95,1268.00,1268.00
2009-06-18,197844.00,2925.94,1160.00,1146.89
2009-06-19,198025.00,2926.01,1020.00,1111.25
2009-06-20,198050.00,2926.02,1078.00,1090.60
2009-06-21,197844.00,2925.94,1017.00,913.14
2009-06-22,197948.00,2925.98,835.00,887.43
2009-06-23,198100.00,2926.04,733.00,809.63
2009-06-24,198050.00,2926.02,748.00,722.79
2009-06-25,198000.00,2926.00,790.00,764.79
2009-06-26,198350.00,2926.14,821.00,997.46
2009-06-27,198500.00,2926.20,781.00,856.62
2009-06-28,198500.00,2926.20,779.00,779.00
2009-06-29,198350.00,2926.14,805.00,729.38
2009-06-30,198100.00,2926.04,844.00,717.96
2009-07-01,197974.00,2925.99,836.00,772.48
2009-07-02,197766.00,2925.91,795.00,690.13
2009-07-03,197615.31,2925.85,793.00,717.03
2009-07-04,197565.19,2925.83,786.00,760.73
2009-07-05,197590.25,2925.84,724.00,736.63
2009-07-06,197490.00,2925.80,694.00,643.46
2009-07-07,197415.00,2925.77,654.00,616.19
2009-07-08,196890.00,2925.56,586.00,321.32
2009-07-09,196662.00,2925.47,574.00,459.05
2009-07-10,196558.00,2925.43,567.00,514.57
2009-07-11,196405.42,2925.37,559.00,482.08
2009-07-12,196380.36,2925.36,558.00,545.37
2009-07-13,196305.19,2925.33,556.00,518.10
2009-07-14,196180.00,2925.28,556.00,492.88
2009-07-15,195954.94,2925.19,561.00,447.53
2009-07-16,195755.06,2925.11,583.00,482.23
2009-07-17,195430.00,2924.98,594.00,430.12
2009-07-18,195155.42,2924.87,594.00,455.57
2009-07-19,194855.00,2924.75,594.00,442.54
2009-07-20,194455.00,2924.59,599.00,397.34
2009-07-21,194080.00,2924.44,593.00,403.94
2009-07-22,193715.00,2924.29,593.00,408.98
2009-07-23,193265.06,2924.11,598.00,371.16
2009-07-24,192890.00,2923.96,598.00,408.91
2009-07-25,192644.36,2923.86,598.00,474.16
2009-07-26,192300.00,2923.72,598.00,424.39
2009-07-27,191950.00,2923.58,565.00,388.54
2009-07-28,191678.00,2923.47,548.00,410.87
2009-07-29,191360.25,2923.34,553.00,392.80
2009-07-30,190961.88,2923.18,553.00,352.16
2009-07-31,190595.00,2923.03,548.00,363.03
2009-08-01,190105.19,2922.83,548.00,301.06
2009-08-02,189707.83,2922.67,542.00,341.67
2009-08-03,189218.00,2922.47,547.00,300.05
2009-08-04,188656.00,2922.24,580.00,296.66
2009-08-05,188195.00,2922.05,596.00,363.58
2009-08-06,187655.19,2921.83,602.00,329.85
2009-08-07,186932.00,2921.53,569.00,204.40
2009-08-08,186394.06,2921.31,526.00,254.79
2009-08-09,185865.00,2921.09,511.00,244.27
2009-08-10,185328.41,2920.87,511.00,240.47
2009-08-11,184896.00,2920.69,511.00,293.00
2009-08-12,184296.00,2920.44,506.00,203.50
2009-08-13,183984.00,2920.31,506.00,348.70
2009-08-14,183480.00,2920.10,505.00,250.90
2009-08-15,182904.36,2919.86,505.00,214.79
2009-08-16,182351.59,2919.63,525.00,246.32
2009-08-17,181752.00,2919.38,556.00,253.71
2009-08-18,181090.00,2919.11,558.00,224.25
2009-08-19,180324.00,2918.78,638.00,251.81
2009-08-20,179334.36,2918.36,756.00,257.06
2009-08-21,178201.88,2917.88,879.00,308.05
2009-08-22,176696.00,2917.24,995.00,235.80
2009-08-23,175131.00,2916.57,1028.00,238.99
2009-08-24,173531.88,2915.88,1030.00,223.79
2009-08-25,171913.89,2915.18,1033.00,217.28
2009-08-26,170212.00,2914.44,1060.00,201.98
2009-08-27,168409.73,2913.65,1130.00,221.37
2009-08-28,166618.34,2912.86,1189.00,285.85
2009-08-29,164322.22,2911.84,1326.00,168.39
2009-08-30,162000.00,2910.80,1418.00,247.23
2009-08-31,159744.00,2909.78,1422.00,284.62
2009-09-01,157502.00,2908.76,1381.00,250.67
2009-09-02,155145.89,2907.68,1460.00,272.15
2009-09-03,152653.00,2906.53,1535.00,278.19
2009-09-04,150098.22,2905.34,1579.00,290.98
2009-09-05,147670.00,2904.20,1594.00,369.79
2009-09-06,145119.00,2902.99,1628.00,341.89
2009-09-07,142704.20,2901.84,1632.00,414.56
2009-09-08,140151.05,2900.61,1597.00,309.81
2009-09-09,137660.00,2899.40,1591.00,335.11
2009-09-10,135129.80,2898.16,1596.00,320.38
2009-09-11,132440.14,2896.83,1670.00,313.98
2009-09-12,129475.23,2895.35,1818.00,323.21
2009-09-13,126467.14,2893.83,1917.00,400.44
2009-09-14,123199.80,2892.16,1928.00,280.74
2009-09-15,119952.00,2890.48,2016.00,378.59
2009-09-16,116579.00,2888.71,2093.00,392.47
2009-09-17,113180.00,2886.90,2082.00,368.36
2009-09-18,109570.00,2884.95,2181.00,360.98
2009-09-19,105958.00,2882.96,2148.00,326.98
2009-09-20,102486.00,2881.02,2060.00,309.56
2009-09-21,99127.04,2879.11,2038.00,344.55
2009-09-22,95710.71,2877.13,2038.00,315.63
2009-09-23,92260.00,2875.10,2049.00,309.29
2009-09-24,88946.04,2873.11,2093.00,422.24
2009-09-25,85362.00,2870.92,2148.00,341.07
2009-09-26,81713.77,2868.64,2181.00,341.71
2009-09-27,77976.00,2866.26,2148.00,263.57
2009-09-28,74470.00,2863.98,2082.00,314.42
2009-09-29,71145.00,2861.77,1950.00,273.67
2009-09-30,68410.00,2859.92,1650.00,271.12
2009-10-01,65755.00,2858.09,1440.00,101.46
2009-10-02,63424.00,2856.46,1320.00,144.80
2009-10-03,61268.00,2854.92,1204.00,117.03
2009-10-04,59427.00,2853.59,1057.00,128.84
2009-10-05,57719.09,2852.33,1018.00,156.94
2009-10-06,55884.00,2850.96,1033.00,107.82
2009-10-07,53983.00,2849.51,1054.00,95.59
2009-10-08,52082.00,2848.04,1055.00,96.59
2009-10-09,50153.00,2846.51,1039.00,66.48
2009-10-10,48469.85,2845.15,986.00,137.42
2009-10-11,46840.00,2843.80,928.00,106.30
2009-10-12,45374.00,2842.57,869.00,129.90
2009-10-13,44082.00,2841.46,795.00,143.63
2009-10-14,43248.00,2840.74,582.00,161.53
2009-10-15,43079.00,2840.59,313.00,227.80
2009-10-16,43144.87,2840.65,200.00,233.21
2009-10-17,43430.00,2840.90,144.00,287.75
2009-10-18,43804.00,2841.22,147.00,335.56
2009-10-19,43987.95,2841.38,148.00,240.74
2009-10-20,44058.00,2841.44,148.00,183.32
2009-10-21,44152.00,2841.52,171.00,218.39
2009-10-22,44130.00,2841.50,199.00,187.91
2009-10-23,44218.00,2841.58,200.00,244.37
2009-10-24,44311.88,2841.66,200.00,247.33
2009-10-25,44323.91,2841.67,201.00,207.07
2009-10-26,44674.00,2841.97,201.00,377.50
2009-10-27,44776.00,2842.07,177.00,228.42
2009-10-28,44891.00,2842.16,112.00,169.98
2009-10-29,45108.12,2842.34,90.00,199.46
2009-10-30,46396.00,2843.43,91.00,740.30
2009-10-31,47847.82,2844.64,91.00,822.95
2009-11-01,48684.06,2845.32,93.00,514.60
2009-11-02,49136.97,2845.69,93.00,321.34
2009-11-03,49568.00,2846.04,94.00,311.31
2009-11-04,49942.13,2846.34,78.00,266.62
2009-11-05,50341.88,2846.66,67.00,268.54
2009-11-06,50866.00,2847.08,69.00,333.24
2009-11-07,51412.00,2847.51,69.00,344.27
2009-11-08,51910.00,2847.90,69.00,320.07
2009-11-09,52290.00,2848.20,68.00,259.58
2009-11-10,52696.00,2848.52,68.00,272.69
2009-11-11,53021.00,2848.77,68.00,231.85
2009-11-12,53359.00,2849.03,68.00,238.41
2009-11-13,53749.09,2849.33,68.00,264.67
2009-11-14,53957.00,2849.49,68.00,172.82
2009-11-15,54295.00,2849.75,68.00,238.41
2009-11-16,54581.00,2849.97,69.00,213.19
2009-11-17,55709.09,2850.83,69.00,637.74
2009-11-18,56548.00,2851.46,69.00,491.94
2009-11-19,57218.00,2851.96,70.00,407.79
2009-11-20,57936.00,2852.49,71.00,432.99
2009-11-21,58475.96,2852.89,71.00,343.23
2009-11-22,59072.10,2853.33,71.00,371.55
2009-11-23,59565.96,2853.69,71.00,319.98
2009-11-24,60060.00,2854.05,71.00,320.07
2009-11-25,60666.00,2854.49,71.00,376.52
2009-11-26,61225.96,2854.89,71.00,353.31
2009-11-27,61912.27,2855.38,72.00,418.01
2009-11-28,62542.10,2855.83,72.00,389.53
2009-11-29,63130.00,2856.25,72.00,368.40
2009-11-30,63592.00,2856.58,72.00,304.92
2009-12-01,64035.96,2856.89,74.00,297.83
2009-12-02,64508.00,2857.22,74.00,311.98
2009-12-03,64844.00,2857.46,74.00,243.40
2009-12-04,65190.00,2857.70,74.00,248.44
2009-12-05,65550.00,2857.95,74.00,255.50
2009-12-06,65839.83,2858.15,74.00,220.12
2009-12-07,66088.07,2858.32,74.00,199.15
2009-12-08,66228.00,2858.42,74.00,144.55
2009-12-09,66445.00,2858.57,74.00,183.40
2009-12-10,66735.00,2858.77,74.00,220.21
2009-12-11,66995.00,2858.95,74.00,205.08
2009-12-12,67240.07,2859.12,74.00,197.55
2009-12-13,67560.15,2859.34,74.00,235.37
2009-12-14,67898.00,2859.57,74.00,244.33
2009-12-15,68174.00,2859.76,74.00,213.15
2009-12-16,68558.00,2860.02,74.00,267.60
2009-12-17,68865.00,2860.23,74.00,228.78
2009-12-18,69162.00,2860.43,74.00,223.74
2009-12-19,69455.11,2860.63,74.00,221.77
2009-12-20,70015.00,2861.01,74.00,356.27
2009-12-21,70979.85,2861.66,75.00,561.44
2009-12-22,71699.78,2862.14,75.00,437.96
2009-12-23,72240.00,2862.50,75.00,347.36
2009-12-24,72720.07,2862.82,75.00,317.03
2009-12-25,73155.04,2863.11,75.00,294.29
2009-12-26,73545.26,2863.37,75.00,271.73
2009-12-27,73935.11,2863.63,75.00,271.55
2009-12-28,74290.22,2863.86,75.00,254.03
2009-12-29,74698.12,2864.13,75.00,280.65
2009-12-30,75080.30,2864.38,75.00,267.68
2009-12-31,75450.07,2864.62,75.00,261.42
2010-01-01,75880.00,2864.90,75.00,291.75
2010-01-02,76275.84,2865.16,75.00,274.57
2010-01-03,76672.00,2865.42,75.00,274.73
2010-01-04,77200.00,2865.76,75.00,341.20
2010-01-05,77880.00,2866.20,75.00,417.83
2010-01-06,78643.96,2866.69,75.00,460.16
2010-01-07,79250.00,2867.08,75.00,380.54
2010-01-08,79895.00,2867.49,75.00,400.18
2010-01-09,80428.12,2867.83,75.00,343.78
2010-01-10,81020.00,2868.20,77.00,375.40
2010-01-11,81538.00,2868.53,77.00,338.15
2010-01-12,82120.00,2868.90,77.00,370.42
2010-01-13,82712.00,2869.27,77.00,375.46
2010-01-14,83288.12,2869.63,77.00,367.46
2010-01-15,83832.00,2869.97,77.00,351.20
2010-01-16,84424.16,2870.34,77.00,375.54
2010-01-17,85010.00,2870.70,78.00,373.36
2010-01-18,85626.00,2871.08,78.00,388.56
2010-01-19,86220.00,2871.45,78.00,377.47
2010-01-20,86824.09,2871.82,78.00,382.56
2010-01-21,87364.79,2872.15,78.00,350.60
2010-01-22,87860.00,2872.45,78.00,327.66
2010-01-23,88218.88,2872.67,78.00,258.93
2010-01-24,88680.00,2872.95,78.00,310.48
2010-01-25,89107.00,2873.21,78.00,293.28
2010-01-26,89488.00,2873.44,78.00,270.08
2010-01-27,89887.92,2873.68,78.00,279.62
2010-01-28,90226.34,2873.88,78.00,248.62
2010-01-29,90653.77,2874.14,78.00,293.49
2010-01-30,90988.16,2874.34,78.00,246.59
2010-01-31,91340.00,2874.55,78.00,255.38
2010-02-01,91675.00,2874.75,78.00,246.89
2010-02-02,91978.00,2874.93,78.00,230.76
2010-02-03,92294.09,2875.12,78.00,237.36
2010-02-04,92651.13,2875.33,78.00,258.01
2010-02-05,92872.00,2875.46,80.00,191.35
2010-02-06,93218.88,2875.67,80.00,254.88
2010-02-07,93508.16,2875.84,80.00,225.84
2010-02-08,93763.00,2875.99,77.00,205.48
2010-02-09,94051.84,2876.16,74.00,219.62
2010-02-10,94392.25,2876.36,74.00,245.62
2010-02-11,94749.00,2876.57,74.00,253.86
2010-02-12,95038.00,2876.74,75.00,220.70
2010-02-13,95395.00,2876.95,75.00,254.98
2010-02-14,95864.00,2877.22,75.00,311.45
2010-02-15,96204.00,2877.42,75.00,246.41
2010-02-16,97013.38,2877.89,75.00,483.06
2010-02-17,97424.13,2878.13,75.00,282.08
2010-02-18,97771.13,2878.33,75.00,249.94
2010-02-19,98138.00,2878.54,75.00,259.96
2010-02-20,98464.00,2878.73,75.00,239.36
2010-02-21,98778.00,2878.91,75.00,233.31
2010-02-22,99127.04,2879.11,75.00,250.97
2010-02-23,99406.00,2879.27,75.00,215.64
2010-02-24,99810.00,2879.50,75.00,278.68
2010-02-25,100105.87,2879.67,75.00,224.17
2010-02-26,100528.00,2879.91,75.00,287.82
2010-02-27,100896.09,2880.12,75.00,260.58
2010-02-28,101228.05,2880.31,75.00,242.36
2010-03-01,101570.00,2880.50,75.00,247.40
2010-03-02,101901.95,2880.69,75.00,242.36
2010-03-03,102342.00,2880.94,75.00,296.86
2010-03-04,102719.78,2881.15,75.00,265.46
2010-03-05,103088.27,2881.36,75.00,260.78
2010-03-06,103412.00,2881.54,75.00,238.21
2010-03-07,103785.00,2881.75,75.00,263.05
2010-03-08,104122.00,2881.94,75.00,244.90
2010-03-09,104446.09,2882.12,75.00,238.39
2010-03-10,104806.09,2882.32,75.40,256.90
2010-03-11,105166.00,2882.52,75.00,256.45
2010-03-12,105580.00,2882.75,75.00,283.72
2010-03-13,105868.00,2882.91,75.00,220.20
2010-03-14,106192.00,2883.09,75.00,238.35
2010-03-15,106516.00,2883.27,75.00,238.35
2010-03-16,106912.00,2883.49,75.00,274.65
2010-03-17,107199.78,2883.65,75.00,220.09
2010-03-18,107570.22,2883.85,75.00,261.76
2010-03-19,107894.00,2884.03,75.00,238.24
2010-03-20,108200.00,2884.20,75.00,229.27
2010-03-21,108606.00,2884.42,75.00,279.69
2010-03-22,109024.77,2884.65,75.00,286.13
2010-03-23,109336.09,2884.82,75.00,231.95
2010-03-24,109717.00,2885.03,77.00,269.04
2010-03-25,110106.00,2885.24,78.00,274.12
2010-03-26,110490.00,2885.45,78.00,271.60
2010-03-27,110824.13,2885.63,78.00,246.45
2010-03-28,111301.95,2885.89,78.00,318.90
2010-03-29,111988.00,2886.26,77.00,422.88
2010-03-30,112525.00,2886.55,75.00,345.73
2010-03-31,112972.00,2886.79,75.00,300.36
2010-04-01,113351.00,2886.99,107.00,298.08
2010-04-02,113797.00,2887.23,97.00,321.86
2010-04-03,114205.00,2887.45,105.00,310.70
2010-04-04,114565.72,2887.64,125.00,306.86
2010-04-05,115069.00,2887.91,100.00,353.73
2010-04-06,115430.00,2888.10,84.00,266.00
2010-04-07,115764.00,2888.28,84.00,252.39
2010-04-08,116256.00,2888.54,83.00,331.05
2010-04-09,116502.86,2888.67,158.00,282.46
2010-04-10,116579.00,2888.71,257.00,295.39
2010-04-11,116712.00,2888.78,205.00,272.05
2010-04-12,116940.00,2888.90,172.00,286.95
2010-04-13,117206.00,2889.04,171.00,305.11
2010-04-14,117433.81,2889.16,171.00,285.85
2010-04-15,118042.00,2889.48,170.00,476.62
2010-04-16,118383.81,2889.66,170.00,342.33
2010-04-17,118897.00,2889.93,104.00,362.73
2010-04-18,119667.14,2890.33,71.00,459.27
2010-04-19,120494.00,2890.76,71.00,487.87
2010-04-20,121606.19,2891.34,71.00,631.72
2010-04-21,122947.00,2892.03,71.00,746.98
2010-04-22,124288.00,2892.72,71.00,747.08
2010-04-23,125500.20,2893.34,71.00,682.14
2010-04-24,126680.00,2893.94,71.00,665.81
2010-04-25,127710.00,2894.46,73.00,592.28
2010-04-26,128660.00,2894.94,83.00,561.95
2010-04-27,129830.00,2895.53,92.00,681.87
2010-04-28,130890.00,2896.06,93.00,627.41
2010-04-29,131833.00,2896.53,99.00,574.42
2010-04-30,132740.00,2896.98,104.00,561.27
2010-05-01,133590.00,2897.40,110.00,538.54
2010-05-02,134400.00,2897.80,110.00,518.37
2010-05-03,135431.05,2898.31,122.00,641.81
2010-05-04,136270.00,2898.72,153.00,575.96
2010-05-05,137000.00,2899.08,168.00,536.04
2010-05-06,137618.41,2899.38,188.00,499.78
2010-05-07,138195.80,2899.66,198.00,489.10
2010-05-08,138750.00,2899.93,198.00,477.41
2010-05-09,139259.91,2900.18,198.00,455.08
2010-05-10,139983.00,2900.53,198.00,562.55
2010-05-11,140755.94,2900.89,190.00,579.68
2010-05-12,141440.00,2901.23,178.00,522.88
2010-05-13,142314.75,2901.65,178.00,619.01
2010-05-14,143417.89,2902.18,183.00,739.16
2010-05-15,144825.25,2902.85,175.00,884.53
2010-05-16,146631.00,2903.71,150.00,1060.39
2010-05-17,148992.11,2904.82,141.00,1331.38
2010-05-18,151834.75,2906.15,112.00,1545.14
2010-05-19,154561.00,2907.41,134.00,1508.46
2010-05-20,157084.00,2908.57,144.00,1415.99
2010-05-21,158944.00,2909.42,144.00,1081.74
2010-05-22,160516.16,2910.13,160.00,952.62
2010-05-23,161824.00,2910.72,160.00,819.36
2010-05-24,162936.00,2911.22,173.00,733.63
2010-05-25,163940.83,2911.67,193.00,699.59
2010-05-26,165153.00,2912.21,193.00,804.13
2010-05-27,166618.34,2912.86,153.00,891.76
2010-05-28,168139.00,2913.53,122.00,888.65
2010-05-29,169752.00,2914.24,116.00,929.21
2010-05-30,170902.00,2914.74,118.00,697.78
2010-05-31,172420.00,2915.40,118.00,883.31
2010-06-01,174246.94,2916.19,126.00,1047.07
2010-06-02,177094.00,2917.41,130.00,1565.37
2010-06-03,180301.00,2918.77,132.00,1748.84
2010-06-04,183408.00,2920.07,139.00,1705.42
2010-06-05,185938.13,2921.12,134.00,1409.59
2010-06-06,188704.00,2922.26,134.00,1528.44
2010-06-07,191825.00,2923.53,134.00,1707.48
2010-06-08,194430.00,2924.58,247.00,1560.34
2010-06-09,196405.42,2925.37,470.00,1465.93
2010-06-10,197490.00,2925.80,952.00,1498.80
2010-06-11,197665.42,2925.87,1197.00,1285.44
2010-06-12,197896.00,2925.97,1183.00,1299.25
2010-06-13,198175.00,2926.07,1324.00,1464.66
2010-06-14,198350.00,2926.14,1430.00,1518.23
2010-06-15,198150.00,2926.07,1332.00,1231.17
2010-06-16,198025.00,2926.01,1141.00,1077.98
2010-06-17,198000.00,2926.01,912.00,899.40
2010-06-18,198200.00,2926.08,807.00,907.83
2010-06-19,198449.88,2926.18,867.00,992.98
2010-06-20,198449.88,2926.18,1067.00,1067.00
2010-06-21,198200.00,2926.08,1158.00,1032.02
2010-06-22,198075.00,2926.03,1133.00,1069.98
2010-06-23,198000.00,2926.00,1115.00,1077.19
2010-06-24,198050.00,2926.02,1144.00,1169.21
2010-06-25,198075.00,2926.03,1202.00,1214.60
2010-06-26,197922.00,2925.97,1183.00,1105.86
2010-06-27,197844.00,2925.94,1086.00,1046.68
2010-06-28,197948.00,2925.98,950.00,1002.43
2010-06-29,198150.00,2926.06,999.00,1100.84
2010-06-30,198200.00,2926.08,911.00,936.21
2010-07-01,198175.00,2926.07,829.00,816.40
2010-07-02,197948.00,2925.98,831.00,716.56
2010-07-03,197740.00,2925.90,827.00,722.13
2010-07-04,197465.00,2925.79,828.00,689.36
2010-07-05,197440.00,2925.78,741.00,728.40
2010-07-06,197540.13,2925.82,666.00,716.48
2010-07-07,197665.42,2925.87,671.00,734.17
2010-07-08,197818.00,2925.93,721.00,797.92
2010-07-09,197766.00,2925.91,880.00,853.78
2010-07-10,197640.36,2925.86,934.00,870.66
2010-07-11,198150.00,2926.06,904.00,1160.94
2010-07-12,197766.00,2925.91,892.00,698.40
2010-07-13,197390.00,2925.76,826.00,636.44
2010-07-14,197165.42,2925.67,727.00,613.78
2010-07-15,196915.00,2925.57,710.00,583.75
2010-07-16,196840.00,2925.54,688.00,650.19
2010-07-17,196790.00,2925.52,666.00,640.79
2010-07-18,196714.00,2925.49,655.00,616.68
2010-07-19,196662.00,2925.47,611.00,584.78
2010-07-20,196662.00,2925.47,578.00,578.00
2010-07-21,196688.00,2925.48,584.00,597.11
2010-07-22,196714.00,2925.49,578.00,591.11
2010-07-23,196688.00,2925.48,584.00,570.89
2010-07-24,196584.00,2925.44,584.00,531.57
2010-07-25,196532.64,2925.42,584.00,558.11
2010-07-26,196430.48,2925.38,584.00,532.50
2010-07-27,196305.19,2925.33,584.00,520.83
2010-07-28,196380.36,2925.36,584.00,621.90
2010-07-29,196330.25,2925.34,578.00,552.74
2010-07-30,196280.13,2925.32,584.00,558.73
2010-07-31,196105.00,2925.25,584.00,495.71
2010-08-01,195880.36,2925.16,573.00,459.75
2010-08-02,195680.00,2925.08,540.00,438.99
2010-08-03,195455.00,2924.99,545.00,431.56
2010-08-04,195205.55,2924.89,540.00,414.24
2010-08-05,195030.13,2924.82,515.00,426.56
2010-08-06,194955.00,2924.79,465.00,427.12
2010-08-07,194805.00,2924.73,465.00,389.38
2010-08-08,194679.88,2924.68,465.00,401.92
2010-08-09,194530.13,2924.62,465.00,389.50
2010-08-10,194230.00,2924.50,465.00,313.69
2010-08-11,193956.53,2924.39,465.00,327.13
2010-08-12,193590.00,2924.24,510.00,325.21
2010-08-13,193115.00,2924.05,578.00,338.52
2010-08-14,192596.23,2923.84,617.00,355.46
2010-08-15,192075.19,2923.63,622.00,359.31
2010-08-16,191534.58,2923.41,622.00,349.45
2010-08-17,190985.94,2923.19,643.00,366.40
2010-08-18,190328.58,2922.92,692.00,360.59
2010-08-19,189564.06,2922.61,708.00,322.56
2010-08-20,188728.00,2922.27,724.00,302.49
2010-08-21,187926.00,2921.94,718.00,313.66
2010-08-22,187196.23,2921.64,717.00,349.08
2010-08-23,186178.00,2921.22,717.00,203.65
2010-08-24,185328.41,2920.87,716.00,287.67
2010-08-25,184224.58,2920.41,844.00,287.49
2010-08-26,182880.30,2919.85,1017.00,339.27
2010-08-27,181182.22,2919.14,1132.00,275.90
2010-08-28,179310.30,2918.35,1215.00,271.25
2010-08-29,177310.00,2917.50,1264.00,255.53
2010-08-30,175269.17,2916.63,1295.00,266.10
2010-08-31,173294.00,2915.78,1294.00,298.20
2010-09-01,171546.00,2915.02,1301.00,419.73
2010-09-02,169660.00,2914.20,1300.00,349.16
2010-09-03,167642.05,2913.31,1331.00,313.63
2010-09-04,165382.05,2912.31,1458.00,318.60
2010-09-05,162890.00,2911.20,1607.00,350.61
2010-09-06,160208.00,2909.99,1696.00,343.84
2010-09-07,157502.00,2908.76,1757.00,392.74
2010-09-08,154666.00,2907.46,1800.00,370.20
2010-09-09,151772.11,2906.12,1799.00,340.02
2010-09-10,148840.00,2904.75,1797.00,318.75
2010-09-11,145917.36,2903.37,1796.00,322.52
2010-09-12,142998.00,2901.98,1764.00,292.18
2010-09-13,140235.25,2900.65,1691.00,298.13
2010-09-14,137370.00,2899.26,1743.00,298.46
2010-09-15,134420.05,2897.81,1809.00,321.76
2010-09-16,131450.20,2896.34,1832.00,334.72
2010-09-17,128780.00,2895.00,1723.00,376.79
2010-09-18,126448.09,2893.82,1604.00,428.35
2010-09-19,124421.00,2892.79,1454.00,432.02
2010-09-20,123023.00,2892.07,1214.00,509.19
2010-09-21,121939.00,2891.51,1033.00,486.49
2010-09-22,120703.33,2890.87,985.00,362.03
2010-09-23,119379.90,2890.18,986.00,318.78
2010-09-24,118042.00,2889.48,986.00,311.49
2010-09-25,116712.00,2888.78,980.00,309.47
2010-09-26,115297.00,2888.03,981.00,267.61
2010-09-27,113948.05,2887.31,1035.00,354.91
2010-09-28,112358.00,2886.46,1113.00,311.36
2010-09-29,110656.00,2885.54,1162.00,303.92
2010-09-30,108987.14,2884.63,1120.00,278.63
2010-10-01,107309.00,2883.71,1078.00,231.95
2010-10-02,105652.00,2882.79,1078.00,242.61
2010-10-03,104014.35,2881.88,1078.00,252.36
2010-10-04,102236.34,2880.88,1096.00,199.60
2010-10-05,100420.22,2879.85,1169.00,253.39
2010-10-06,98410.00,2878.70,1211.00,197.53
2010-10-07,96476.00,2877.58,1211.00,235.96
2010-10-08,94664.00,2876.52,1162.00,248.46
2010-10-09,93004.00,2875.54,1084.00,247.10
2010-10-10,91896.34,2874.88,1006.00,447.56
2010-10-11,90669.80,2874.15,916.00,297.63
2010-10-12,89522.00,2873.46,850.00,271.33
2010-10-13,88414.00,2872.79,809.00,250.39
2010-10-14,87297.04,2872.11,809.00,245.87
2010-10-15,86453.00,2871.59,595.00,169.47
2010-10-16,86204.00,2871.44,298.00,172.46
2010-10-17,86123.96,2871.39,223.00,182.65
2010-10-18,86140.00,2871.40,173.00,181.09
2010-10-19,86204.00,2871.44,130.00,162.27
2010-10-20,86252.00,2871.47,130.00,154.20
2010-10-21,86351.00,2871.53,118.00,167.91
2010-10-22,86470.00,2871.60,106.00,165.99
2010-10-23,86565.84,2871.66,106.00,154.32
2010-10-24,86875.21,2871.85,106.00,261.97
2010-10-25,87104.00,2871.99,106.00,221.35
2010-10-26,87314.09,2872.12,106.00,211.92
2010-10-27,87450.00,2872.20,106.00,174.52
2010-10-28,87678.16,2872.34,104.00,219.03
2010-10-29,87876.00,2872.46,102.00,201.74
2010-10-30,88052.00,2872.57,102.00,190.73
2010-10-31,88252.96,2872.69,102.00,203.32
2010-11-01,88632.00,2872.92,102.00,293.10
2010-11-02,89887.92,2873.68,98.00,731.18
2010-11-03,90556.00,2874.08,93.00,429.82
2010-11-04,91039.29,2874.37,93.00,336.66
2010-11-05,91504.79,2874.65,93.00,327.69
2010-11-06,92107.00,2875.01,93.00,396.61
2010-11-07,92940.00,2875.50,93.00,512.96
2010-11-08,93508.16,2875.84,93.00,379.44
2010-11-09,94001.13,2876.13,93.00,341.54
2010-11-10,94426.34,2876.38,93.00,307.37
2010-11-11,94817.04,2876.61,93.00,289.98
2010-11-12,95140.00,2876.80,93.00,255.82
2010-11-13,95429.00,2876.97,93.00,238.70
2010-11-14,95898.00,2877.24,93.00,329.45
2010-11-15,96357.00,2877.51,92.00,323.41
2010-11-16,97513.91,2878.18,94.00,677.27
2010-11-17,98358.88,2878.67,94.00,520.00
2010-11-18,98991.00,2879.03,94.00,412.69
2010-11-19,99528.16,2879.34,94.00,364.81
2010-11-20,99963.00,2879.59,93.00,312.23
2010-11-21,100366.09,2879.82,93.00,296.22
2010-11-22,100843.00,2880.09,93.00,333.44
2010-11-23,101142.00,2880.26,93.00,243.74
2010-11-24,101371.95,2880.39,93.00,208.93
2010-11-25,101672.00,2880.56,93.00,244.27
2010-11-26,101992.00,2880.74,93.00,254.33
2010-11-27,102288.00,2880.91,93.00,242.23
2010-11-28,102540.00,2881.05,93.00,220.05
2010-11-29,102827.00,2881.21,93.00,237.69
2010-11-30,103106.30,2881.37,92.00,232.81
2010-12-01,103412.00,2881.54,92.00,246.12
2010-12-02,103645.87,2881.67,94.00,211.91
2010-12-03,103836.00,2881.78,94.00,189.86
2010-12-04,104068.00,2881.91,94.00,210.96
2010-12-05,104302.00,2882.04,93.00,210.97
2010-12-06,104499.78,2882.15,93.00,192.71
2010-12-07,104716.00,2882.27,93.00,202.01
2010-12-08,104950.00,2882.40,93.00,210.97
2010-12-09,105453.91,2882.68,93.00,347.05
2010-12-10,105688.05,2882.81,81.00,199.04
2010-12-11,106012.00,2882.99,75.00,238.32
2010-12-12,107056.00,2883.57,75.00,601.34
2010-12-13,109534.00,2884.93,75.00,1324.31
2010-12-14,111564.00,2886.03,77.00,1100.44
2010-12-15,112954.00,2886.78,75.00,775.78
2010-12-16,114002.18,2887.34,75.00,603.45
2010-12-17,114879.05,2887.81,77.00,519.08
2010-12-18,115656.00,2888.22,77.00,468.71
2010-12-19,116332.00,2888.58,75.00,415.81
2010-12-20,116940.00,2888.90,75.00,381.53
2010-12-21,117510.00,2889.20,75.00,362.37
2010-12-22,118042.00,2889.48,75.00,343.21
2010-12-23,118479.00,2889.71,75.00,295.32
2010-12-24,118935.00,2889.95,75.00,304.90
2010-12-25,119399.95,2890.19,75.00,309.41
2010-12-26,119819.00,2890.41,75.00,286.27
2010-12-27,120319.85,2890.67,75.00,327.51
2010-12-28,120798.00,2890.92,76.00,317.06
2010-12-29,121219.70,2891.14,76.00,288.60
2010-12-30,121530.00,2891.30,76.00,232.44
2010-12-31,121760.00,2891.42,76.00,191.96
2011-01-01,122034.00,2891.56,76.00,214.14
2011-01-02,122261.91,2891.68,76.00,190.90
2011-01-03,122519.05,2891.81,82.00,211.64
2011-01-04,122810.00,2891.96,86.00,232.69
2011-01-05,123179.76,2892.15,86.00,272.42
2011-01-06,123489.05,2892.31,86.00,241.93
2011-01-07,123840.00,2892.49,86.00,262.93
2011-01-08,124169.80,2892.66,86.00,252.27
2011-01-09,124520.20,2892.84,86.00,262.66
2011-01-10,124800.00,2892.98,88.00,229.06
2011-01-11,125070.10,2893.12,88.00,224.17
2011-01-12,125520.24,2893.35,87.00,313.94
2011-01-13,126270.00,2893.73,87.00,465.00
2011-01-14,127630.00,2894.42,87.00,772.66
2011-01-15,129437.14,2895.33,89.00,1000.09
2011-01-16,137638.95,2899.39,92.00,4227.02
2011-01-17,147902.05,2904.31,93.00,5267.24
2011-01-18,152975.89,2906.68,95.00,2653.02
2011-01-19,156169.73,2908.15,153.00,1763.20
2011-01-20,157988.00,2908.97,405.00,1321.70
2011-01-21,159230.00,2909.55,579.00,1205.17
2011-01-22,160186.00,2909.98,573.00,1054.98
2011-01-23,160912.05,2910.31,573.00,939.04
2011-01-24,161406.00,2910.53,622.00,871.03
2011-01-25,161669.73,2910.65,677.00,809.96
2011-01-26,161691.78,2910.66,677.00,688.12
2011-01-27,161713.84,2910.67,617.00,628.12
2011-01-28,161978.00,2910.79,573.00,706.18
2011-01-29,162220.00,2910.90,577.00,699.01
2011-01-30,162404.00,2910.98,576.00,668.77
2011-01-31,162472.00,2911.01,575.00,609.28
2011-02-01,162472.00,2911.01,527.00,527.00
2011-02-02,162516.00,2911.03,491.00,513.18
2011-02-03,162626.00,2911.08,490.00,545.46
2011-02-04,162867.95,2911.19,490.00,611.98
2011-02-05,163120.00,2911.30,489.00,616.07
2011-02-06,163362.00,2911.41,488.00,610.01
2011-02-07,163516.00,2911.48,487.00,564.64
2011-02-08,163736.00,2911.58,487.00,597.92
2011-02-09,163692.00,2911.56,486.00,463.82
2011-02-10,163714.00,2911.57,485.00,496.09
2011-02-11,163736.00,2911.58,484.00,495.09
2011-02-12,163758.00,2911.59,483.00,494.09
2011-02-13,163582.00,2911.51,483.00,394.27
2011-02-14,163626.00,2911.53,487.00,509.18
2011-02-15,163648.00,2911.54,486.00,497.09
2011-02-16,163648.00,2911.54,485.00,485.00
2011-02-17,163362.00,2911.41,485.00,340.81
2011-02-18,163097.00,2911.29,444.00,310.40
2011-02-19,162959.00,2911.23,407.00,337.43
2011-02-20,162890.00,2911.20,407.00,372.21
2011-02-21,162736.00,2911.13,406.00,328.36
2011-02-22,162714.00,2911.12,347.00,335.91
2011-02-23,162758.00,2911.14,307.00,329.18
2011-02-24,162516.00,2911.03,310.00,187.99
2011-02-25,162472.00,2911.01,310.00,287.82
2011-02-26,162404.00,2910.98,310.00,275.72
2011-02-27,162692.05,2911.11,310.00,455.22
2011-02-28,162823.84,2911.17,307.00,373.44
2011-03-01,162790.00,2911.16,304.00,286.94
2011-03-02,162790.00,2911.16,304.00,304.00
2011-03-03,162823.84,2911.17,310.00,327.06
2011-03-04,162692.05,2911.11,310.00,243.56
2011-03-05,162659.00,2911.10,310.00,293.34
2011-03-06,162625.00,2911.09,310.00,292.86
2011-03-07,162626.00,2911.08,307.00,307.50
2011-03-08,162582.00,2911.06,307.00,284.82
2011-03-09,162604.00,2911.07,307.00,318.09
2011-03-10,162801.78,2911.16,307.00,406.71
2011-03-11,162890.00,2911.20,307.00,351.48
2011-03-12,162936.00,2911.22,307.00,330.19
2011-03-13,162867.95,2911.19,307.00,272.69
2011-03-14,163074.00,2911.28,310.00,413.88
2011-03-15,163097.00,2911.29,310.00,321.60
2011-03-16,163714.00,2911.57,310.00,621.07
2011-03-17,163362.00,2911.41,310.00,132.54
2011-03-18,163340.00,2911.40,310.00,298.91
2011-03-19,163516.00,2911.48,310.00,398.73
2011-03-20,163560.00,2911.50,310.00,332.18
2011-03-21,163472.00,2911.46,310.00,265.63
2011-03-22,163340.00,2911.40,310.00,243.45
2011-03-23,163362.00,2911.41,310.00,321.09
2011-03-24,163406.00,2911.43,310.00,332.18
2011-03-25,163472.00,2911.46,310.00,343.27
2011-03-26,163494.00,2911.47,313.00,324.09
2011-03-27,163582.00,2911.51,313.00,357.37
2011-03-28,163494.00,2911.47,313.00,268.63
2011-03-29,163516.00,2911.48,313.00,324.09
2011-03-30,164186.00,2911.78,313.00,650.79
2011-03-31,165854.00,2912.52,313.00,1153.94
2011-04-01,167932.00,2913.44,310.00,1357.64
2011-04-02,169844.00,2914.28,310.00,1273.95
2011-04-03,171246.94,2914.89,312.00,1019.31
2011-04-04,172328.34,2915.36,442.00,987.20
2011-04-05,172558.00,2915.46,754.00,869.79
2011-04-06,172328.34,2915.36,913.00,797.21
2011-04-07,171890.83,2915.17,941.00,720.43
2011-04-08,171293.00,2914.91,939.00,637.60
2011-04-09,170626.11,2914.62,931.00,594.78
2011-04-10,169913.06,2914.31,935.00,575.51
2011-04-11,169210.00,2914.00,872.00,517.55
2011-04-12,168658.00,2913.76,773.00,494.70
2011-04-13,168277.00,2913.59,705.00,512.92
2011-04-14,168024.00,2913.48,574.00,446.45
2011-04-15,167955.00,2913.45,507.00,472.21
2011-04-16,167909.00,2913.43,508.00,484.81
2011-04-17,167730.27,2913.35,509.00,418.89
2011-04-18,167664.11,2913.32,470.00,436.64
2011-04-19,167620.00,2913.30,437.00,414.76
2011-04-20,167620.00,2913.30,438.00,438.00
2011-04-21,167528.00,2913.26,439.00,392.62
2011-04-22,167390.00,2913.20,440.00,370.43
2011-04-23,167297.78,2913.16,441.00,394.51
2011-04-24,167228.61,2913.13,442.00,407.13
2011-04-25,167274.72,2913.15,443.00,466.25
2011-04-26,167274.72,2913.15,444.00,444.00
2011-04-27,167251.66,2913.14,445.00,433.37
2011-04-28,167183.06,2913.11,446.00,411.41
2011-04-29,167138.00,2913.09,448.00,425.28
2011-04-30,166940.00,2913.00,449.00,349.18
2011-05-01,166871.00,2912.97,450.00,415.21
2011-05-02,166871.00,2912.97,451.00,451.00
2011-05-03,166825.00,2912.95,452.00,428.81
2011-05-04,166756.00,2912.92,453.00,418.21
2011-05-05,166802.00,2912.94,454.00,477.19
2011-05-06,166917.00,2912.99,455.00,512.98
2011-05-07,167138.00,2913.09,456.00,567.42
2011-05-08,167320.83,2913.17,457.00,549.18
2011-05-09,167551.00,2913.27,458.00,574.04
2011-05-10,167909.00,2913.43,430.52,640.49
2011-05-11,168431.78,2913.66,461.00,724.56
2011-05-12,169187.00,2913.99,462.00,842.75
2011-05-13,169844.00,2914.28,463.00,794.23
2011-05-14,170856.00,2914.72,464.00,974.21
2011-05-15,174362.00,2916.24,343.00,2110.58
2011-05-16,177286.00,2917.49,266.00,1740.16
2011-05-17,179405.94,2918.39,337.00,1405.79
2011-05-18,180682.00,2918.93,560.00,1203.34
2011-05-19,181250.83,2919.17,825.00,1111.78
2011-05-20,181464.00,2919.26,1049.00,1156.47
2011-05-21,181800.00,2919.40,1050.00,1219.40
2011-05-22,182232.00,2919.58,1051.00,1268.80
2011-05-23,182568.00,2919.72,1053.00,1222.40
2011-05-24,182808.13,2919.82,1054.00,1175.06
2011-05-25,183216.00,2919.99,1055.00,1260.63
2011-05-26,183504.06,2920.11,1056.00,1201.23
2011-05-27,183792.00,2920.23,1004.00,1149.17
2011-05-28,184008.13,2920.32,963.00,1071.96
2011-05-29,184080.30,2920.35,964.00,1000.39
2011-05-30,184224.00,2920.41,966.00,1038.45
2011-05-31,184440.00,2920.50,919.00,1027.90
2011-06-01,184992.00,2920.73,796.00,1074.30
2011-06-02,185715.00,2921.03,699.00,1063.51
2011-06-03,186561.88,2921.38,661.00,1087.96
2011-06-04,187291.88,2921.68,663.00,1031.04
2011-06-05,188535.94,2922.19,664.00,1291.20
2011-06-06,190280.00,2922.90,665.00,1544.28
2011-06-07,192350.00,2923.74,793.00,1836.61
2011-06-08,193665.00,2924.27,1050.00,1712.97
2011-06-09,194330.00,2924.54,1200.00,1535.27
2011-06-10,194880.00,2924.76,1244.00,1521.29
2011-06-11,195480.00,2925.00,1299.00,1601.50
2011-06-12,195929.88,2925.18,1341.00,1567.81
2011-06-13,196205.00,2925.29,1335.00,1473.70
2011-06-14,196636.00,2925.46,1312.00,1529.29
2011-06-15,196840.00,2925.54,1314.00,1416.85
2011-06-16,196815.00,2925.53,1316.00,1303.40
2011-06-17,197315.00,2925.73,1316.00,1568.08
2011-06-18,196840.00,2925.54,1315.00,1075.52
2011-06-19,197315.00,2925.73,1323.00,1562.48
2011-06-20,197615.31,2925.85,1518.00,1669.40
2011-06-21,197465.00,2925.79,1793.00,1717.22
2011-06-22,196740.00,2925.50,1858.00,1492.48
2011-06-23,196636.00,2925.46,1676.00,1623.57
2011-06-24,196584.00,2925.44,1417.00,1390.78
2011-06-25,196610.00,2925.45,1264.00,1277.11
2011-06-26,196532.00,2925.42,1214.00,1174.68
2011-06-27,197515.06,2925.81,1213.00,1708.62
2011-06-28,197214.94,2925.69,1213.00,1061.69
2011-06-29,197689.88,2925.88,1378.00,1617.45
2011-06-30,197665.42,2925.87,1682.00,1669.67
2011-07-01,197415.00,2925.77,1571.00,1444.75
2011-07-02,197440.00,2925.78,1440.00,1452.60
2011-07-03,197290.00,2925.72,1367.00,1291.38
2011-07-04,197690.48,2925.88,1307.00,1508.91
2011-07-05,197315.00,2925.73,1307.00,1117.70
2011-07-06,197465.00,2925.79,1314.00,1389.62
2011-07-07,197690.48,2925.88,1374.00,1487.68
2011-07-08,197740.00,2925.90,1437.00,1461.97
2011-07-09,197590.25,2925.84,1215.00,1139.50
2011-07-10,197640.36,2925.86,1009.00,1034.26
2011-07-11,197896.00,2925.96,925.00,1053.88
2011-07-12,198300.13,2926.12,979.00,1182.75
2011-07-13,198175.00,2926.07,1038.00,974.91
2011-07-14,198125.00,2926.05,1038.00,1012.79
2011-07-15,198075.00,2926.03,995.00,969.79
2011-07-16,197740.00,2925.90,995.00,826.11
2011-07-17,197766.00,2925.91,1007.00,1020.11
2011-07-18,198025.00,2926.01,988.00,1118.58
2011-07-19,198025.00,2926.01,1000.00,1000.00
2011-07-20,198200.00,2926.08,988.00,1076.23
2011-07-21,197948.00,2925.98,903.00,775.95
2011-07-22,198625.00,2926.25,891.00,1232.32
2011-07-23,197792.00,2925.92,872.00,452.04
2011-07-24,197565.19,2925.83,884.00,769.65
2011-07-25,197948.00,2925.98,812.00,1005.00
2011-07-26,198175.00,2926.07,853.00,967.44
2011-07-27,198100.00,2926.04,925.00,887.19
2011-07-28,197714.94,2925.89,864.00,669.87
2011-07-29,197665.42,2925.87,761.00,736.03
2011-07-30,197740.00,2925.90,717.00,754.60
2011-07-31,198000.00,2926.00,733.00,864.08
2011-08-01,197766.00,2925.91,793.00,675.03
2011-08-02,197465.00,2925.79,826.00,674.25
2011-08-03,197089.64,2925.64,832.00,642.76
2011-08-04,196865.00,2925.55,775.00,661.75
2011-08-05,196865.00,2925.55,692.00,692.00
2011-08-06,196714.00,2925.49,626.00,549.87
2011-08-07,196740.00,2925.50,560.00,573.11
2011-08-08,196865.00,2925.55,513.00,576.02
2011-08-09,196915.00,2925.57,498.00,523.21
2011-08-10,196840.00,2925.54,492.00,454.19
2011-08-11,196740.00,2925.50,497.00,446.58
2011-08-12,196740.00,2925.50,497.00,497.00
2011-08-13,196740.00,2925.50,496.00,496.00
2011-08-14,196688.00,2925.48,496.00,469.78
2011-08-15,196532.00,2925.42,491.00,412.35
2011-08-16,196280.13,2925.32,490.00,363.02
2011-08-17,196205.00,2925.29,490.00,452.12
2011-08-18,195904.81,2925.17,490.00,338.66
2011-08-19,195730.00,2925.10,489.00,400.87
2011-08-20,195505.00,2925.01,489.00,375.56
2011-08-21,195630.00,2925.07,488.00,551.02
2011-08-22,195580.00,2925.04,488.00,462.79
2011-08-23,195530.00,2925.03,493.00,467.79
2011-08-24,195530.00,2925.02,492.00,492.00
2011-08-25,195405.00,2924.97,492.00,428.98
2011-08-26,195255.00,2924.91,492.00,416.38
2011-08-27,195080.25,2924.84,491.00,402.90
2011-08-28,194905.00,2924.77,491.00,402.65
2011-08-29,194554.58,2924.63,584.00,407.33
2011-08-30,193812.17,2924.33,765.00,390.71
2011-08-31,192865.00,2923.95,844.00,366.48
2011-09-01,191900.00,2923.56,844.00,357.49
2011-09-02,190841.59,2923.13,880.00,346.39
2011-09-03,189540.00,2922.60,1000.00,343.79
2011-09-04,187779.88,2921.88,1176.00,288.62
2011-09-05,185690.00,2921.02,1349.00,295.37
2011-09-06,183144.00,2919.96,1620.00,336.41
2011-09-07,180186.00,2918.72,1840.00,348.70
2011-09-08,177118.00,2917.42,1906.00,359.24
2011-09-09,173971.00,2916.07,1972.00,385.41
2011-09-10,170671.66,2914.64,2082.00,418.61
2011-09-11,167072.00,2913.06,2236.00,421.20
2011-09-12,163340.00,2911.40,2328.00,446.48
2011-09-13,159493.84,2909.67,2376.00,436.92
2011-09-14,155575.89,2907.88,2400.00,424.73
2011-09-15,151468.00,2905.98,2400.00,328.97
2011-09-16,147543.69,2904.14,2364.00,385.52
2011-09-17,143775.25,2902.35,2280.00,380.11
2011-09-18,140400.00,2900.73,2148.00,446.34
2011-09-19,137370.00,2899.26,1994.00,466.40
2011-09-20,134440.09,2897.82,1862.00,384.86
2011-09-21,131510.34,2896.37,1818.00,340.94
2011-09-22,128600.00,2894.91,1796.00,328.72
2011-09-23,125800.00,2893.49,1774.00,362.35
2011-09-24,123080.00,2892.10,1757.00,385.69
2011-09-25,120359.95,2890.69,1739.00,367.66
2011-09-26,117567.00,2889.23,1683.00,274.91
2011-09-27,115202.00,2887.98,1587.00,394.66
2011-09-28,112918.00,2886.76,1531.00,379.50
2011-09-29,110913.91,2885.68,1329.00,318.62
2011-09-30,109081.91,2884.68,1211.00,287.38
2011-10-01,107290.00,2883.70,1211.00,271.34
2011-10-02,105490.00,2882.70,1213.00,265.18
2011-10-03,103645.87,2881.67,1082.00,122.49
2011-10-04,102396.00,2880.97,922.00,298.14
2011-10-05,101371.95,2880.39,868.00,358.65
2011-10-06,100366.09,2879.82,786.00,285.27
2011-10-07,99460.00,2879.30,709.00,259.05
2011-10-08,98641.13,2878.83,686.00,282.83
2011-10-09,97855.91,2878.38,664.00,275.36
2011-10-10,97166.00,2877.98,647.00,306.62
2011-10-11,96752.00,2877.74,597.00,396.69
2011-10-12,96442.00,2877.56,522.00,375.99
2011-10-13,96068.16,2877.34,497.00,314.57
2011-10-14,95966.00,2877.28,296.00,272.20
2011-10-15,96187.00,2877.41,178.00,287.92
2011-10-16,96340.00,2877.50,178.00,253.54
2011-10-17,96476.00,2877.58,173.00,240.97
2011-10-18,96662.96,2877.69,139.00,234.08
2011-10-19,96894.09,2877.82,116.00,233.39
2011-10-20,97064.00,2877.92,118.00,202.90
2011-10-21,97251.00,2878.03,116.00,210.93
2011-10-22,97737.04,2878.31,116.00,360.97
2011-10-23,98832.00,2878.94,115.00,668.37
2011-10-24,99316.00,2879.22,115.00,360.74
2011-10-25,99648.00,2879.41,117.00,284.78
2011-10-26,99946.00,2879.58,117.00,267.64
2011-10-27,100141.95,2879.69,117.00,216.37
2011-10-28,100420.22,2879.85,117.00,257.91
2011-10-29,100741.00,2880.03,117.00,279.39
2011-10-30,101074.00,2880.22,117.00,285.64
2011-10-31,101390.00,2880.40,117.00,277.15
2011-11-01,101723.00,2880.59,109.00,253.56
2011-11-02,101866.00,2880.67,181.00,270.21
2011-11-03,101706.00,2880.58,329.00,252.19
2011-11-04,101776.00,2880.63,212.00,264.50
2011-11-05,102010.00,2880.76,104.00,223.16
2011-11-06,102270.00,2880.91,103.00,235.76
2011-11-07,102504.00,2881.03,103.00,222.22
2011-11-08,102666.09,2881.12,102.00,185.99
2011-11-09,102878.00,2881.24,102.00,211.23
2011-11-10,103016.09,2881.32,102.00,174.41
2011-11-11,103340.00,2881.50,104.00,268.27
2011-11-12,103591.73,2881.64,102.00,231.67
2011-11-13,103717.00,2881.71,104.00,167.99
2011-11-14,103870.00,2881.80,102.00,181.92
2011-11-15,104031.95,2881.89,104.00,186.78
2011-11-16,104194.00,2881.98,104.00,187.18
2011-11-17,104571.95,2882.19,103.00,296.23
2011-11-18,104860.22,2882.35,103.00,250.97
2011-11-19,105040.00,2882.45,103.00,196.32
2011-11-20,105220.00,2882.55,103.00,196.40
2011-11-21,105435.87,2882.67,110.00,222.22
2011-11-22,106066.00,2883.02,103.00,424.05
2011-11-23,108074.13,2884.13,89.00,1104.22
2011-11-24,109408.27,2884.86,89.00,764.27
2011-11-25,110049.00,2885.21,89.00,414.58
2011-11-26,110544.00,2885.48,89.00,341.13
2011-11-27,111230.22,2885.85,89.00,437.66
2011-11-28,111803.81,2886.16,89.00,381.30
2011-11-29,112358.00,2886.46,89.00,371.61
2011-11-30,112752.86,2886.67,89.00,291.21
2011-12-01,113104.28,2886.86,90.00,269.53
2011-12-02,113478.00,2887.06,90.00,280.69
2011-12-03,113797.00,2887.23,90.00,253.15
2011-12-04,114129.00,2887.41,90.00,259.88
2011-12-05,114414.00,2887.56,90.00,236.34
2011-12-06,114680.00,2887.70,90.00,226.52
2011-12-07,114993.33,2887.87,90.00,250.52
2011-12-08,115240.00,2888.00,90.00,217.15
2011-12-09,115487.14,2888.13,90.00,217.43
2011-12-10,115728.00,2888.26,90.00,214.18
2011-12-11,115970.95,2888.39,90.00,215.22
2011-12-12,116199.00,2888.51,90.00,207.72
2011-12-13,116408.09,2888.62,90.00,198.25
2011-12-14,116579.00,2888.71,90.00,178.93
2011-12-15,116845.23,2888.85,90.00,226.95
2011-12-16,117054.00,2888.96,90.00,197.97
2011-12-17,117301.00,2889.09,90.00,217.39
2011-12-18,117490.95,2889.19,90.00,188.49
2011-12-19,117681.00,2889.29,90.00,188.74
2011-12-20,117928.00,2889.42,90.00,217.29
2011-12-21,118080.00,2889.50,90.00,169.60
2011-12-22,118156.00,2889.54,90.00,131.32
2011-12-23,118345.72,2889.64,90.00,188.60
2011-12-24,118650.00,2889.80,90.00,246.38
2011-12-25,118840.00,2889.90,90.00,188.68
2011-12-26,119030.00,2890.00,90.00,188.79
2011-12-27,119439.00,2890.21,90.00,299.16
2011-12-28,120608.09,2890.82,92.00,683.24
2011-12-29,122890.00,2892.00,92.00,1244.96
2011-12-30,124680.00,2892.92,93.00,997.94
2011-12-31,125820.00,2893.50,92.00,669.31
2012-01-01,126780.00,2893.99,92.00,578.76
2012-01-02,127590.00,2894.40,92.00,503.25
2012-01-03,128320.00,2894.77,92.00,463.06
2012-01-04,128960.00,2895.09,92.00,417.77
2012-01-05,129750.00,2895.49,92.00,493.22
2012-01-06,130390.05,2895.81,93.00,418.08
2012-01-07,130970.00,2896.10,93.00,386.42
2012-01-08,131510.34,2896.37,93.00,366.35
2012-01-09,132040.14,2896.63,93.00,361.11
2012-01-10,132520.34,2896.87,93.00,336.01
2012-01-11,132940.00,2897.08,93.00,305.81
2012-01-12,133240.00,2897.23,93.00,245.45
2012-01-13,133630.00,2897.42,93.00,290.70
2012-01-14,134089.75,2897.65,93.00,325.60
2012-01-15,134440.09,2897.82,93.00,270.87
2012-01-16,134800.00,2898.00,93.00,275.60
2012-01-17,135189.95,2898.19,93.00,290.90
2012-01-18,135660.00,2898.42,93.00,331.94
2012-01-19,136208.95,2898.69,95.00,372.09
2012-01-20,136720.00,2898.94,93.00,352.73
2012-01-21,137040.00,2899.10,93.00,256.26
2012-01-22,137430.00,2899.29,93.00,291.87
2012-01-23,137800.00,2899.47,93.00,281.72
2012-01-24,138280.00,2899.70,95.00,337.36
2012-01-25,138932.00,2900.02,95.00,424.47
2012-01-26,139489.00,2900.29,107.00,390.88
2012-01-27,139900.00,2900.49,137.00,346.23
2012-01-28,140255.80,2900.66,153.00,335.50
2012-01-29,140780.00,2900.90,155.00,421.42
2012-01-30,141500.00,2901.26,173.00,537.19
2012-01-31,142147.00,2901.57,185.00,514.39
2012-02-01,142580.00,2901.78,203.00,425.13
2012-02-02,142851.00,2901.91,235.00,373.29
2012-02-03,143103.00,2902.03,247.00,377.82
2012-02-04,143333.69,2902.14,247.00,366.59
2012-02-05,143502.00,2902.22,247.00,335.25
2012-02-06,143670.00,2902.30,247.00,335.33
2012-02-07,143775.25,2902.35,250.00,304.86
2012-02-08,143964.00,2902.44,250.00,347.85
2012-02-09,144153.00,2902.53,250.00,347.82
2012-02-10,144300.00,2902.60,250.00,326.64
2012-02-11,144404.75,2902.65,250.00,305.34
2012-02-12,144467.89,2902.68,250.00,284.44
2012-02-13,144552.00,2902.72,235.00,280.36
2012-02-14,144678.00,2902.78,203.00,270.13
2012-02-15,144846.31,2902.86,188.00,274.25
2012-02-16,145035.00,2902.95,188.00,284.37
2012-02-17,145224.00,2903.04,188.00,285.38
2012-02-18,145371.05,2903.11,188.00,264.27
2012-02-19,145538.95,2903.19,188.00,274.39
2012-02-20,145749.00,2903.29,188.00,295.17
2012-02-21,146652.00,2903.72,190.00,646.81
2012-02-22,149414.00,2905.02,195.00,1589.76
2012-02-23,151277.95,2905.89,195.00,1136.02
2012-02-24,152590.00,2906.50,193.00,856.97
2012-02-25,153670.00,2907.00,193.00,738.91
2012-02-26,154474.38,2907.37,193.00,599.55
2012-02-27,155274.00,2907.74,190.00,596.65
2012-02-28,155928.00,2908.04,190.00,522.82
2012-02-29,156512.05,2908.31,190.00,487.71
2012-03-01,157084.00,2908.57,190.00,481.17
2012-03-02,157740.36,2908.85,190.00,523.81
2012-03-03,158016.00,2909.00,190.00,332.52
2012-03-04,158306.00,2909.14,190.00,339.18
2012-03-05,158724.00,2909.32,190.00,403.79
2012-03-06,159142.00,2909.51,190.00,404.19
2012-03-07,159744.00,2909.78,193.00,497.31
2012-03-08,160032.00,2909.91,193.00,339.35
2012-03-09,160230.00,2910.01,192.00,293.67
2012-03-10,160604.00,2910.18,191.00,382.40
2012-03-11,160978.00,2910.35,190.00,382.86
2012-03-12,161450.00,2910.56,190.00,432.62
2012-03-13,161869.00,2910.74,189.00,405.76
2012-03-14,162312.00,2910.94,188.00,418.25
2012-03-15,162714.00,2911.13,259.00,471.90
2012-03-16,162936.00,2911.22,345.00,472.26
2012-03-17,163028.00,2911.26,385.00,446.01
2012-03-18,163120.00,2911.30,384.00,445.59
2012-03-19,163186.00,2911.34,383.00,432.46
2012-03-20,163120.00,2911.30,382.00,366.22
2012-03-21,163208.00,2911.35,381.00,444.16
2012-03-22,163252.00,2911.37,380.00,421.68
2012-03-23,163186.00,2911.33,378.00,366.27
2012-03-24,163074.00,2911.28,377.00,343.24
2012-03-25,162982.00,2911.24,376.00,352.78
2012-03-26,162824.00,2911.17,375.00,318.72
2012-03-27,162802.00,2911.16,374.00,388.28
2012-03-28,162802.00,2911.16,372.00,399.83
2012-03-29,163005.00,2911.25,371.00,502.35
2012-03-30,163406.00,2911.43,370.00,602.17
2012-03-31,163825.55,2911.62,369.00,611.52
2012-04-01,164253.06,2911.81,368.00,615.54
2012-04-02,164570.00,2911.95,367.00,559.79
2012-04-03,164818.00,2912.06,365.00,525.03
2012-04-04,164887.00,2912.09,364.00,434.79
2012-04-05,164749.00,2912.03,469.00,450.01
2012-04-06,164437.00,2911.89,553.00,445.82
2012-04-07,164098.00,2911.74,546.00,430.92
2012-04-08,163714.00,2911.57,544.00,407.60
2012-04-09,163362.00,2911.41,543.00,423.39
2012-04-10,162670.00,2911.10,756.00,471.59
2012-04-11,161758.00,2910.69,928.00,537.17
2012-04-12,160846.00,2910.28,937.00,539.89
2012-04-13,160340.00,2910.05,764.00,506.56
2012-04-14,160010.00,2909.90,651.00,476.50
2012-04-15,159698.00,2909.76,653.00,485.23
2012-04-16,159493.84,2909.67,656.00,540.85
2012-04-17,158966.00,2909.43,877.00,603.51
2012-04-18,157988.00,2908.97,1054.00,542.99
2012-04-19,157480.00,2908.75,1056.00,779.26
2012-04-20,157546.00,2908.78,873.00,889.38
2012-04-21,158262.05,2909.11,761.00,1096.07
2012-04-22,159406.16,2909.63,763.00,1314.26
2012-04-23,161317.00,2910.49,880.00,1816.56
2012-04-24,164010.00,2911.70,967.00,2291.97
2012-04-25,166871.00,2912.97,975.00,2382.92
2012-04-26,169593.84,2914.17,978.00,2314.74
2012-04-27,171040.00,2914.80,1100.00,1799.12
2012-04-28,170994.00,2914.78,1562.00,1484.23
2012-04-29,170396.00,2914.52,1780.00,1395.07
2012-04-30,169959.17,2914.33,1785.00,1477.37
2012-05-01,169348.00,2914.06,1788.00,1389.05
2012-05-02,168431.78,2913.66,1790.00,1234.64
2012-05-03,167551.00,2913.27,1717.00,1184.43
2012-05-04,166848.00,2912.96,1393.00,992.13
2012-05-05,166917.00,2912.99,965.00,945.00
2012-05-06,167366.94,2913.19,679.00,856.91
2012-05-07,167909.00,2913.43,581.00,803.29
2012-05-08,168681.00,2913.77,583.00,919.22
2012-05-09,169571.78,2914.16,584.00,979.15
2012-05-10,170304.00,2914.48,673.00,984.96
2012-05-11,170626.11,2914.62,820.00,923.47
2012-05-12,170856.00,2914.72,842.00,898.03
2012-05-13,171270.00,2914.90,844.00,992.86
2012-05-14,172121.00,2915.27,851.00,1215.47
2012-05-15,173764.00,2915.98,912.00,1671.39
2012-05-16,175622.00,2916.78,1016.00,1881.71
2012-05-17,176978.34,2917.36,1071.00,1685.42
2012-05-18,177918.00,2917.76,1073.00,1474.43
2012-05-19,178552.00,2918.03,1074.00,1319.64
2012-05-20,179094.00,2918.26,1075.00,1273.95
2012-05-21,180067.83,2918.67,1077.00,1491.82
2012-05-22,181464.00,2919.26,1078.00,1703.97
2012-05-23,182423.77,2919.66,1078.00,1485.54
2012-05-24,183072.00,2919.93,1078.00,1329.69
2012-05-25,183671.88,2920.18,916.00,1145.46
2012-05-26,184320.00,2920.45,782.00,1036.94
2012-05-27,184920.00,2920.70,782.00,1012.13
2012-05-28,185640.00,2921.00,782.00,1071.91
2012-05-29,186610.00,2921.40,600.00,1025.54
2012-05-30,187780.48,2921.88,475.00,1003.62
2012-05-31,189242.00,2922.48,475.00,1150.44
2012-06-01,191654.00,2923.46,475.00,1631.10
2012-06-02,194555.19,2924.63,475.00,1877.89
2012-06-03,196584.00,2925.44,644.00,1604.79
2012-06-04,197714.94,2925.89,964.00,1465.64
2012-06-05,197818.00,2925.93,1520.00,1455.66
2012-06-06,197415.00,2925.77,1510.00,1187.80
2012-06-07,197114.69,2925.65,1358.00,1101.01
2012-06-08,197065.19,2925.63,1134.00,1032.39
2012-06-09,197139.75,2925.66,988.00,946.65
2012-06-10,197139.75,2925.66,940.00,859.97
2012-06-11,197189.88,2925.68,940.00,887.27
2012-06-12,197214.94,2925.69,1030.00,966.67
2012-06-13,197440.00,2925.78,1162.00,1192.21
2012-06-14,197365.00,2925.75,1284.00,1154.23
2012-06-15,197139.75,2925.66,1260.00,1060.52
2012-06-16,197315.00,2925.73,1162.00,1168.82
2012-06-17,198325.00,2926.13,1450.00,1884.33
2012-06-18,198000.00,2926.01,1961.00,1660.77
2012-06-19,197465.00,2925.80,1610.00,1224.86
2012-06-20,197265.00,2925.71,1268.00,1077.93
2012-06-21,197189.88,2925.68,1218.00,1088.83
2012-06-22,197766.00,2925.91,1276.00,1471.39
2012-06-23,197948.00,2925.98,1430.00,1413.92
2012-06-24,197690.00,2925.88,1460.00,1213.37
2012-06-25,197215.00,2925.69,1358.00,1013.74
2012-06-26,197140.00,2925.66,1120.00,1010.17
2012-06-27,197290.61,2925.72,946.00,946.43
2012-06-28,197465.61,2925.79,910.00,923.17
2012-06-29,197590.25,2925.84,1078.00,1068.03
2012-06-30,197565.19,2925.83,1308.00,1199.31
2012-07-01,197615.31,2925.85,1308.00,1238.68
2012-07-02,197615.31,2925.85,1246.00,1157.26
2012-07-03,197740.64,2925.90,1183.00,1157.69
2012-07-04,197565.19,2925.83,1246.00,1069.17
2012-07-05,197190.48,2925.68,1197.00,924.15
2012-07-06,197315.61,2925.73,976.00,959.08
2012-07-07,197565.19,2925.83,1030.00,1076.02
2012-07-08,197792.64,2925.92,1190.00,1216.39
2012-07-09,197690.48,2925.88,1358.00,1218.68
2012-07-10,197565.19,2925.83,1560.00,1364.72
2012-07-11,197490.00,2925.80,1300.00,1178.88
2012-07-12,197540.13,2925.82,1183.00,1122.58
2012-07-13,197640.36,2925.86,1108.00,1080.72
2012-07-14,197844.64,2925.94,1060.00,1085.15
2012-07-15,197844.64,2925.94,1078.00,997.09
2012-07-16,197766.64,2925.91,1054.00,935.80
2012-07-17,197590.25,2925.84,1042.00,879.51
2012-07-18,197665.42,2925.87,994.00,967.56
2012-07-19,197690.48,2925.88,958.00,911.35
2012-07-20,197615.31,2925.85,940.00,848.63
2012-07-21,197515.06,2925.81,898.00,798.43
2012-07-22,197340.00,2925.74,820.00,721.44
2012-07-23,197265.00,2925.71,666.00,619.08
2012-07-24,197315.00,2925.73,578.00,600.18
2012-07-25,197440.00,2925.78,558.00,617.99
2012-07-26,197640.36,2925.86,554.00,654.10
2012-07-27,197690.48,2925.88,594.00,615.42
2012-07-28,197590.25,2925.84,628.00,569.40
2012-07-29,197465.00,2925.79,625.00,555.82
2012-07-30,197290.00,2925.72,632.00,531.88
2012-07-31,197065.19,2925.63,628.00,505.91
2012-08-01,196840.00,2925.54,629.00,504.77
2012-08-02,196532.64,2925.42,631.00,462.23
2012-08-03,196305.19,2925.33,633.00,501.88
2012-08-04,196030.00,2925.22,634.00,478.45
2012-08-05,195780.13,2925.12,641.00,493.44
2012-08-06,195630.00,2925.06,638.00,542.65
2012-08-07,195430.00,2924.98,639.00,517.64
2012-08-08,195205.55,2924.89,641.00,504.66
2012-08-09,194905.00,2924.77,642.00,465.72
2012-08-10,194455.00,2924.59,644.00,389.80
2012-08-11,194030.61,2924.42,646.00,402.71
2012-08-12,193590.00,2924.24,647.00,394.47
2012-08-13,193140.00,2924.06,649.00,389.62
2012-08-14,192716.53,2923.89,650.00,403.83
2012-08-15,192350.00,2923.74,658.00,435.86
2012-08-16,191900.00,2923.56,659.00,395.24
2012-08-17,191435.42,2923.37,661.00,389.18
2012-08-18,190962.47,2923.18,662.00,383.75
2012-08-19,190520.00,2923.00,664.00,399.32
2012-08-20,190005.00,2922.79,666.00,362.70
2012-08-21,189440.00,2922.56,667.00,337.20
2012-08-22,188825.06,2922.31,669.00,312.14
2012-08-23,188195.00,2922.05,671.00,305.26
2012-08-24,187484.00,2921.76,672.00,313.48
2012-08-25,186810.00,2921.48,674.00,334.04
2012-08-26,186130.00,2921.20,681.00,333.48
2012-08-27,185448.58,2920.92,682.00,331.21
2012-08-28,184752.17,2920.63,682.00,324.03
2012-08-29,184080.30,2920.35,681.00,338.18
2012-08-30,183264.00,2920.01,758.00,340.18
2012-08-31,182088.00,2919.52,937.00,339.02
2012-09-01,180490.30,2918.85,1111.00,303.11
2012-09-02,178624.00,2918.06,1255.00,318.44
2012-09-03,176485.28,2917.15,1414.00,332.06
2012-09-04,174086.11,2916.12,1571.00,353.51
2012-09-05,171293.56,2914.91,1785.00,373.77
2012-09-06,168139.00,2913.53,1980.00,407.70
2012-09-07,164795.00,2912.05,2088.00,427.75
2012-09-08,161340.00,2910.50,2140.00,440.88
2012-09-09,157770.44,2908.86,2181.00,435.26
2012-09-10,154144.00,2907.22,2167.00,407.27
2012-09-11,150440.00,2905.50,2186.00,404.40
2012-09-12,146652.00,2903.72,2206.00,391.22
2012-09-13,142893.52,2901.93,2192.00,409.28
2012-09-14,139160.14,2900.13,2171.00,402.78
2012-09-15,135536.31,2898.36,2107.00,387.27
2012-09-16,132000.05,2896.61,2075.00,399.39
2012-09-17,128460.20,2894.84,2087.00,404.23
2012-09-18,124820.00,2892.99,2132.00,399.26
2012-09-19,121064.00,2891.06,2189.00,399.88
2012-09-20,117320.00,2889.10,2201.00,421.71
2012-09-21,113514.00,2887.08,2213.00,396.58
2012-09-22,109755.00,2885.05,2193.00,399.11
2012-09-23,106084.00,2883.03,2139.00,388.07
2012-09-24,102648.05,2881.11,2030.00,396.28
2012-09-25,99229.29,2879.17,1966.00,332.08
2012-09-26,95864.00,2877.22,1967.00,359.95
2012-09-27,92294.00,2875.12,1913.00,209.65
2012-09-28,89556.00,2873.48,1859.00,567.93
2012-09-29,86436.00,2871.58,1795.00,306.99
2012-09-30,82872.27,2869.37,1752.00,38.42
2012-10-01,80260.00,2867.72,1560.00,219.45
2012-10-02,77976.00,2866.26,1376.00,197.93
2012-10-03,75675.00,2864.77,1291.00,111.92
2012-10-04,73635.00,2863.43,1210.00,164.78
2012-10-05,71759.93,2862.18,1132.00,167.40
2012-10-06,69895.00,2860.93,1094.00,135.83
2012-10-07,68230.00,2859.80,1058.00,200.41
2012-10-08,66545.80,2858.64,1040.00,173.10
2012-10-09,64816.00,2857.44,1051.00,165.33
2012-10-10,63088.00,2856.22,1099.00,212.80
2012-10-11,61044.00,2854.76,1179.00,130.37
2012-10-12,58965.00,2853.25,1214.00,146.14
2012-10-13,57084.21,2851.86,1116.00,160.20
2012-10-14,55474.84,2850.65,1032.00,206.74
2012-10-15,54997.00,2850.29,706.00,466.57
2012-10-16,56096.06,2851.12,284.00,836.60
2012-10-17,56418.19,2851.36,208.00,364.36
2012-10-18,56548.00,2851.46,208.00,267.74
2012-10-19,57140.00,2851.90,208.00,503.19
2012-10-20,58015.00,2852.55,133.00,581.06
2012-10-21,58662.00,2853.03,100.00,424.98
2012-10-22,59086.14,2853.34,100.00,312.97
2012-10-23,59427.00,2853.59,101.00,271.04
2012-10-24,59845.96,2853.89,101.00,310.43
2012-10-25,60018.00,2854.02,102.00,185.93
2012-10-26,60270.00,2854.20,102.00,226.25
2012-10-27,60526.97,2854.39,102.00,229.11
2012-10-28,61940.00,2855.40,104.00,812.40
2012-10-29,65424.21,2857.86,105.00,1857.60
2012-10-30,68275.11,2859.83,107.00,1539.57
2012-10-31,70920.00,2861.62,101.00,1430.11
2012-11-01,72192.00,2862.47,96.00,732.85
2012-11-02,73199.78,2863.14,97.00,600.05
2012-11-03,74260.15,2863.84,99.00,627.09
2012-11-04,75308.00,2864.53,99.00,621.10
2012-11-05,76259.80,2865.15,100.00,572.84
2012-11-06,77045.84,2865.66,100.00,489.29
2012-11-07,77760.07,2866.12,100.00,453.09
2012-11-08,78410.00,2866.54,101.00,420.85
2012-11-09,78835.04,2866.81,103.00,308.17
2012-11-10,79280.00,2867.10,103.00,318.55
2012-11-11,79632.08,2867.32,104.00,272.01
2012-11-12,80181.88,2867.67,104.00,371.69
2012-11-13,80572.00,2867.92,104.00,291.18
2012-11-14,80971.88,2868.17,105.00,296.09
2012-11-15,81346.00,2868.41,105.00,283.02
2012-11-16,81697.73,2868.63,107.00,272.81
2012-11-17,82087.92,2868.88,108.00,293.06
2012-11-18,82487.73,2869.13,108.00,298.04
2012-11-19,84167.92,2870.18,111.00,945.97
2012-11-20,86694.00,2871.74,106.00,1366.29
2012-11-21,88286.00,2872.71,99.00,889.63
2012-11-22,89403.96,2873.39,98.00,650.65
2012-11-23,90701.88,2874.17,99.00,754.18
2012-11-24,93525.00,2875.86,98.00,1523.31
2012-11-25,95225.00,2876.85,98.00,957.08
2012-11-26,96594.00,2877.65,97.00,790.23
2012-11-27,97601.00,2878.23,96.00,607.72
2012-11-28,98554.00,2878.78,96.00,580.72
2012-11-29,99424.00,2879.28,91.00,533.88
2012-11-30,100313.00,2879.79,86.00,539.66
2012-12-01,101534.00,2880.48,85.00,706.96
2012-12-02,102630.00,2881.10,85.00,644.05
2012-12-03,103556.09,2881.62,84.00,558.39
2012-12-04,104770.00,2882.30,84.00,703.99
2012-12-05,106084.00,2883.03,84.00,745.30
2012-12-06,107253.91,2883.68,86.00,673.50
2012-12-07,108418.09,2884.32,86.00,670.96
2012-12-08,109372.18,2884.84,86.00,565.02
2012-12-09,110238.05,2885.31,86.00,520.54
2012-12-10,111083.00,2885.77,86.00,510.00
2012-12-11,111803.81,2886.16,86.00,447.44
2012-12-12,112525.00,2886.55,86.00,447.63
2012-12-13,113123.33,2886.87,86.00,385.78
2012-12-14,113701.91,2887.18,86.00,375.79
2012-12-15,114319.00,2887.51,86.00,395.56
2012-12-16,115069.00,2887.91,86.00,462.62
2012-12-17,115728.00,2888.26,86.00,416.88
2012-12-18,116218.00,2888.52,87.00,331.92
2012-12-19,116807.14,2888.83,87.00,382.18
2012-12-20,117358.09,2889.12,87.00,362.94
2012-12-21,117852.38,2889.38,87.00,334.51
2012-12-22,118308.09,2889.62,87.00,315.07
2012-12-23,118859.00,2889.91,87.00,363.21
2012-12-24,119260.10,2890.12,87.00,287.64
2012-12-25,119743.33,2890.37,87.00,329.11
2012-12-26,120123.00,2890.57,87.00,276.92
2012-12-27,120513.00,2890.77,87.00,282.13
2012-12-28,120912.00,2890.98,87.00,286.66
2012-12-29,121319.95,2891.19,87.00,291.18
2012-12-30,121606.19,2891.34,87.00,229.81
2012-12-31,121920.00,2891.50,87.00,243.71
2013-01-01,122242.86,2891.67,87.00,248.28
2013-01-02,122576.19,2891.84,87.00,253.58
2013-01-03,122928.00,2892.02,87.00,262.87
2013-01-04,123199.80,2892.16,87.00,222.53
2013-01-05,123489.05,2892.31,87.00,231.34
2013-01-06,123860.00,2892.50,87.00,272.52
2013-01-07,124326.00,2892.74,87.00,320.58
2013-01-08,124740.00,2892.95,87.00,294.24
2013-01-09,125230.00,2893.20,87.00,332.60
2013-01-10,125599.95,2893.39,87.00,272.02
2013-01-11,125915.00,2893.55,87.00,244.38
2013-01-12,126149.85,2893.67,87.00,204.17
2013-01-13,126390.00,2893.79,89.00,207.37
2013-01-14,126740.00,2893.97,87.00,262.28
2013-01-15,127151.91,2894.18,87.00,293.76
2013-01-16,127430.10,2894.32,87.00,226.34
2013-01-17,127750.00,2894.48,89.00,247.79
2013-01-18,128059.70,2894.64,89.00,242.76
2013-01-19,128420.10,2894.82,89.00,268.49
2013-01-20,128740.00,2894.98,89.00,248.28
2013-01-21,128980.00,2895.10,89.00,208.00
2013-01-22,129340.00,2895.28,89.00,268.50
2013-01-23,129650.00,2895.44,89.00,243.29
2013-01-24,129950.00,2895.59,89.00,238.25
2013-01-25,130310.00,2895.77,89.00,268.50
2013-01-26,130630.00,2895.93,89.00,248.33
2013-01-27,130910.00,2896.07,89.00,228.17
2013-01-28,131270.00,2896.25,89.00,268.48
2013-01-29,131570.00,2896.40,89.00,238.25
2013-01-30,131917.00,2896.57,89.00,261.95
2013-01-31,132200.00,2896.71,89.00,229.68
2013-02-01,132500.30,2896.86,89.00,238.42
2013-02-02,132800.00,2897.01,89.00,237.96
2013-02-03,133099.80,2897.16,89.00,237.75
2013-02-04,133401.05,2897.31,89.00,238.70
2013-02-05,133750.00,2897.48,89.00,262.74
2013-02-06,133990.00,2897.60,89.00,207.92
2013-02-07,134316.00,2897.76,89.00,251.19
2013-02-08,134620.00,2897.91,89.00,240.16
2013-02-09,134863.00,2898.03,89.00,209.43
2013-02-10,135189.95,2898.19,89.00,251.84
2013-02-11,135452.11,2898.32,89.00,219.08
2013-02-12,135760.00,2898.47,89.00,242.12
2013-02-13,136062.11,2898.62,89.00,239.25
2013-02-14,136310.00,2898.74,89.00,211.98
2013-02-15,136618.95,2898.89,89.00,242.76
2013-02-16,136960.00,2899.06,89.00,258.94
2013-02-17,137186.84,2899.17,89.00,201.37
2013-02-18,137450.00,2899.30,89.00,219.67
2013-02-19,137720.00,2899.43,89.00,223.13
2013-02-20,137986.00,2899.56,89.00,224.41
2013-02-21,138258.95,2899.69,89.00,229.11
2013-02-22,138606.31,2899.86,89.00,266.66
2013-02-23,138953.00,2900.03,89.00,266.33
2013-02-24,139120.05,2900.11,89.00,175.72
2013-02-25,139468.00,2900.28,89.00,267.00
2013-02-26,139678.41,2900.38,89.00,197.75
2013-02-27,139900.00,2900.49,89.00,203.45
2013-02-28,140360.00,2900.71,90.00,324.59
2013-03-01,140636.23,2900.84,90.00,231.78
2013-03-02,141044.00,2901.04,90.00,298.21
2013-03-03,141440.00,2901.23,90.00,292.47
2013-03-04,141811.00,2901.41,90.00,280.03
2013-03-05,142168.00,2901.58,90.00,272.43
2013-03-06,142560.00,2901.77,89.00,289.53
2013-03-07,142956.00,2901.96,89.00,291.85
2013-03-08,143271.05,2902.11,90.00,251.85
2013-03-09,143628.00,2902.28,90.00,272.96
2013-03-10,143985.00,2902.45,90.00,272.96
2013-03-11,144342.11,2902.62,90.00,273.17
2013-03-12,144699.00,2902.79,90.00,273.01
2013-03-13,145161.00,2903.01,90.00,326.07
2013-03-14,145707.00,2903.27,90.00,363.85
2013-03-15,146379.00,2903.59,90.00,427.52
2013-03-16,147103.00,2903.93,91.00,453.90
2013-03-17,147775.00,2904.25,91.00,427.98
2013-03-18,148394.00,2904.54,91.00,401.22
2013-03-19,149076.31,2904.86,95.00,434.82
2013-03-20,149863.00,2905.23,92.00,485.43
2013-03-21,150440.00,2905.50,140.00,430.20
2013-03-22,150975.00,2905.75,169.00,433.10
2013-03-23,151363.00,2905.93,170.00,358.99
2013-03-24,151772.11,2906.12,170.00,369.76
2013-03-25,152202.11,2906.32,171.00,380.27
2013-03-26,152611.00,2906.51,171.00,369.40
2013-03-27,153020.00,2906.70,172.00,369.79
2013-03-28,153387.36,2906.87,172.00,348.88
2013-03-29,153990.00,2907.15,175.00,467.74
2013-03-30,154430.00,2907.35,176.00,385.87
2013-03-31,154926.00,2907.58,176.00,414.04
2013-04-01,155554.38,2907.87,177.00,480.75
2013-04-02,156448.00,2908.28,177.00,614.64
2013-04-03,157436.00,2908.73,178.00,662.99
2013-04-04,158570.00,2909.25,178.00,736.73
2013-04-05,160274.00,2910.02,179.00,1024.10
2013-04-06,162154.38,2910.87,179.00,1113.61
2013-04-07,163826.11,2911.62,180.00,1008.78
2013-04-08,165176.00,2912.22,180.00,846.14
2013-04-09,166392.00,2912.76,181.00,779.21
2013-04-10,167551.00,2913.27,184.00,751.33
2013-04-11,168865.28,2913.85,184.00,829.88
2013-04-12,170028.34,2914.36,185.00,753.77
2013-04-13,171223.89,2914.88,185.00,770.23
2013-04-14,171867.78,2915.16,330.00,648.84
2013-04-15,172282.22,2915.34,412.00,591.98
2013-04-16,172719.00,2915.53,379.00,569.71
2013-04-17,173110.00,2915.70,380.00,547.16
2013-04-18,173412.17,2915.83,381.00,501.68
2013-04-19,173718.00,2915.96,429.00,548.86
2013-04-20,173879.00,2916.03,488.00,526.17
2013-04-21,174131.66,2916.14,489.00,572.93
2013-04-22,174270.00,2916.20,490.00,516.91
2013-04-23,174431.00,2916.27,489.00,573.62
2013-04-24,174596.23,2916.34,489.00,573.15
2013-04-25,174786.00,2916.42,488.00,585.41
2013-04-26,175085.00,2916.55,488.00,640.80
2013-04-27,175526.00,2916.74,487.00,712.08
2013-04-28,176298.00,2917.07,487.00,879.32
2013-04-29,177001.39,2917.37,536.00,897.48
2013-04-30,177286.00,2917.49,595.00,743.49
2013-05-01,177448.00,2917.56,688.00,773.77
2013-05-02,177262.00,2917.48,837.00,751.07
2013-05-03,176909.17,2917.33,915.00,744.21
2013-05-04,176720.00,2917.25,914.00,828.09
2013-05-05,176840.00,2917.30,914.00,982.81
2013-05-06,177333.00,2917.51,913.00,1170.43
2013-05-07,178273.00,2917.91,912.00,1397.26
2013-05-08,179637.00,2918.49,918.00,1612.84
2013-05-09,181344.00,2919.21,917.00,1785.86
2013-05-10,183264.00,2920.01,910.00,1890.31
2013-05-11,185351.88,2920.88,910.00,1975.73
2013-05-12,187605.06,2921.81,909.00,2058.55
2013-05-13,189805.00,2922.71,968.00,2092.98
2013-05-14,191260.00,2923.30,1010.00,1759.31
2013-05-15,191950.00,2923.58,949.00,1313.78
2013-05-16,192620.30,2923.85,817.00,1172.45
2013-05-17,193590.00,2924.24,613.00,1116.42
2013-05-18,194530.13,2924.62,536.00,1024.54
2013-05-19,195305.00,2924.93,535.00,941.28
2013-05-20,195954.94,2925.19,600.00,942.37
2013-05-21,196584.00,2925.44,665.00,998.91
2013-05-22,197114.69,2925.65,687.00,973.46
2013-05-23,197465.00,2925.79,686.00,880.94
2013-05-24,197640.36,2925.86,707.00,815.71
2013-05-25,197640.36,2925.86,745.00,764.71
2013-05-26,197590.25,2925.84,745.00,737.73
2013-05-27,197640.36,2925.86,739.00,784.85
2013-05-28,197740.00,2925.90,749.00,819.22
2013-05-29,197766.00,2925.91,880.00,919.27
2013-05-30,197615.31,2925.85,927.00,877.68
2013-05-31,197565.19,2925.83,831.00,833.54
2013-06-01,197590.00,2925.84,842.00,877.88
2013-06-02,197640.00,2925.87,841.00,894.65
2013-06-03,197665.42,2925.87,841.00,879.94
2013-06-04,197792.00,2925.92,858.00,947.75
2013-06-05,197896.00,2925.96,947.00,995.87
2013-06-06,198000.00,2926.00,1156.00,1216.41
2013-06-07,197896.00,2925.96,1308.00,1259.45
2013-06-08,197766.00,2925.91,1268.00,1199.84
2013-06-09,197590.25,2925.84,1196.00,1109.00
2013-06-10,197490.00,2925.80,1041.00,990.32
2013-06-11,197465.00,2925.79,867.00,859.03
2013-06-12,197515.06,2925.81,753.00,778.44
2013-06-13,197515.06,2925.81,730.00,730.11
2013-06-14,197540.13,2925.82,691.00,706.54
2013-06-15,197615.31,2925.85,691.00,730.58
2013-06-16,197792.00,2925.92,696.00,790.60
2013-06-17,198050.00,2926.02,718.00,851.71
2013-06-18,198075.00,2926.03,846.00,867.14
2013-06-19,197792.00,2925.92,930.00,789.29
2013-06-20,197590.25,2925.84,767.00,668.59
2013-06-21,197590.25,2925.84,656.00,658.95
2013-06-22,197665.42,2925.87,607.00,647.18
2013-06-23,197844.00,2925.94,606.00,703.04
2013-06-24,198000.00,2926.00,711.00,793.78
2013-06-25,197896.00,2925.96,798.00,751.12
2013-06-26,197896.00,2925.96,798.00,805.16
2013-06-27,197844.00,2925.94,798.00,777.74
2013-06-28,197870.00,2925.95,797.00,815.46
2013-06-29,198025.00,2926.01,855.00,938.46
2013-06-30,198000.00,2926.00,963.00,957.83
2013-07-01,197896.00,2925.96,1016.00,969.75
2013-07-02,197818.00,2925.93,986.00,952.08
2013-07-03,197640.36,2925.86,968.00,883.75
2013-07-04,197340.00,2925.74,841.00,702.40
2013-07-05,197139.75,2925.66,724.00,632.62
2013-07-06,197089.64,2925.64,602.00,584.08
2013-07-07,197114.69,2925.65,542.00,536.53
2013-07-08,197164.81,2925.67,542.00,550.43
2013-07-09,197214.94,2925.69,531.00,537.85
2013-07-10,197214.94,2925.69,521.00,503.85
2013-07-11,197015.06,2925.61,596.00,480.22
2013-07-12,196688.00,2925.48,601.00,420.47
2013-07-13,196355.31,2925.35,540.00,356.97
2013-07-14,196130.00,2925.26,515.00,386.40
2013-07-15,195854.69,2925.15,515.00,361.20
2013-07-16,195705.00,2925.09,515.00,424.48
2013-07-17,195530.00,2925.02,514.00,411.67
2013-07-18,195405.00,2924.97,514.00,436.82
2013-07-19,195155.42,2924.87,514.00,374.17
2013-07-20,194955.00,2924.79,514.00,398.75
2013-07-21,194704.94,2924.69,513.00,373.82
2013-07-22,194430.00,2924.58,513.00,361.33
2013-07-23,194205.00,2924.49,513.00,386.67
2013-07-24,193931.88,2924.38,512.00,362.30
2013-07-25,193615.00,2924.25,512.00,340.19
2013-07-26,193265.06,2924.11,512.00,323.57
2013-07-27,192865.00,2923.95,512.00,298.30
2013-07-28,192450.00,2923.78,511.00,290.77
2013-07-29,192050.13,2923.62,511.00,298.40
2013-07-30,191654.00,2923.46,511.00,300.29
2013-07-31,191310.13,2923.32,511.00,326.58
2013-08-01,190985.94,2923.19,510.00,336.56
2013-08-02,190472.00,2922.98,510.00,240.89
2013-08-03,190105.19,2922.83,510.00,315.01
2013-08-04,189683.77,2922.66,510.00,287.48
2013-08-05,189315.00,2922.51,509.00,314.08
2013-08-06,188850.13,2922.32,571.00,329.06
2013-08-07,188295.00,2922.09,610.00,320.07
2013-08-08,187680.25,2921.84,609.00,290.01
2013-08-09,187100.00,2921.60,626.00,323.67
2013-08-10,186514.36,2921.36,642.00,336.71
2013-08-11,185890.00,2921.10,636.00,315.38
2013-08-12,185256.23,2920.84,636.00,307.92
2013-08-13,184560.00,2920.55,657.00,296.73
2013-08-14,183720.00,2920.20,701.00,271.58
2013-08-15,182808.13,2919.82,750.00,284.24
2013-08-16,181775.94,2919.39,828.00,302.26
2013-08-17,180514.36,2918.86,929.00,288.70
2013-08-18,179070.00,2918.25,1007.00,274.55
2013-08-19,177471.00,2917.57,1097.00,285.18
2013-08-20,175598.00,2916.77,1211.00,263.24
2013-08-21,173436.23,2915.84,1367.00,271.64
2013-08-22,171109.17,2914.83,1472.00,312.40
2013-08-23,168842.22,2913.84,1443.00,306.23
2013-08-24,166733.00,2912.91,1353.00,285.45
2013-08-25,164864.00,2912.08,1251.00,293.57
2013-08-26,163186.16,2911.33,1147.00,280.81
2013-08-27,161604.11,2910.62,1108.00,279.32
2013-08-28,160054.00,2909.92,1106.00,300.27
2013-08-29,158437.95,2909.19,1164.00,326.08
2013-08-30,156622.33,2908.36,1253.00,318.61
2013-08-31,154603.00,2907.43,1329.00,294.80
2013-09-01,152436.00,2906.43,1432.00,325.02
2013-09-02,150054.00,2905.33,1509.00,285.81
2013-09-03,147649.00,2904.20,1545.00,313.65
2013-09-04,145077.00,2902.98,1621.00,317.00
2013-09-05,142683.00,2901.84,1688.00,474.50
2013-09-06,140888.00,2900.97,1714.00,804.35
2013-09-07,138564.00,2899.85,1711.00,536.77
2013-09-08,136000.00,2898.60,1707.00,415.00
2013-09-09,133340.00,2897.29,1704.00,367.64
2013-09-10,130550.00,2895.90,1774.00,378.86
2013-09-11,127530.00,2894.38,1885.00,369.80
2013-09-12,124440.00,2892.81,1940.00,390.72
2013-09-13,121260.00,2891.17,1974.00,380.11
2013-09-14,118023.00,2889.47,2007.00,389.37
2013-09-15,114752.00,2887.74,2052.00,407.51
2013-09-16,111472.00,2885.98,1997.00,356.12
2013-09-17,108344.00,2884.28,1921.00,350.19
2013-09-18,105436.00,2882.67,1789.00,330.05
2013-09-19,102630.00,2881.10,1705.00,293.77
2013-09-20,99912.00,2879.56,1675.00,310.72
2013-09-21,97183.00,2877.99,1655.00,283.35
2013-09-22,94562.00,2876.46,1656.00,335.87
2013-09-23,92058.00,2874.98,1596.00,338.87
2013-09-24,89624.00,2873.52,1557.00,330.41
2013-09-25,87136.00,2872.01,1558.00,300.74
2013-09-26,84632.00,2870.47,1558.00,296.00
2013-09-27,82184.00,2868.94,1509.00,280.28
2013-09-28,80955.84,2868.16,1411.00,793.08
2013-09-29,80796.00,2868.06,1169.00,1100.31
2013-09-30,81140.00,2868.28,928.00,1099.71
2013-10-01,81125.00,2868.27,655.00,643.28
2013-10-02,81186.04,2868.31,490.00,515.93
2013-10-03,81170.00,2868.30,437.00,425.00
2013-10-04,81186.04,2868.31,385.00,389.07
2013-10-05,81234.16,2868.34,357.00,377.55
2013-10-06,81170.00,2868.30,358.00,320.65
2013-10-07,81140.00,2868.28,415.00,396.69
2013-10-08,80955.84,2868.16,482.00,381.09
2013-10-09,80684.00,2867.99,507.00,362.95
2013-10-10,80396.04,2867.81,488.00,336.77
2013-10-11,80380.00,2867.80,312.00,308.61
2013-10-12,80507.92,2867.88,246.00,305.49
2013-10-13,80668.00,2867.98,210.00,289.75
2013-10-14,80860.00,2868.10,169.00,261.80
2013-10-15,81080.00,2868.24,145.00,252.96
2013-10-16,81362.00,2868.42,116.00,253.40
2013-10-17,81602.00,2868.57,116.00,232.53
2013-10-18,81840.00,2868.72,116.00,231.88
2013-10-19,82072.27,2868.87,116.00,229.05
2013-10-20,82296.00,2869.01,116.00,224.78
2013-10-21,82535.84,2869.16,116.00,232.96
2013-10-22,82776.04,2869.31,116.00,233.10
2013-10-23,83000.00,2869.45,116.00,225.02
2013-10-24,83224.00,2869.59,116.00,225.08
2013-10-25,83432.00,2869.72,110.00,211.60
2013-10-26,83656.23,2869.86,106.00,216.24
2013-10-27,83880.00,2870.00,107.00,216.31
2013-10-28,84072.08,2870.12,107.00,200.50
2013-10-29,84280.00,2870.25,107.00,208.69
2013-10-30,84472.27,2870.37,107.00,200.47
2013-10-31,84632.00,2870.47,107.00,184.14
2013-11-01,84913.77,2870.64,107.00,246.04
2013-11-02,85313.96,2870.89,107.00,305.67
2013-11-03,85771.88,2871.17,107.00,334.84
2013-11-04,86028.12,2871.33,107.00,233.27
2013-11-05,86317.00,2871.51,101.00,243.05
2013-11-06,86613.96,2871.69,96.00,242.78
2013-11-07,87280.00,2872.10,96.00,429.23
2013-11-08,87972.00,2872.52,96.00,442.17
2013-11-09,88498.16,2872.84,98.00,359.54
2013-11-10,88946.04,2873.11,98.00,320.27
2013-11-11,89437.00,2873.41,98.00,342.00
2013-11-12,89903.96,2873.69,98.00,329.93
2013-11-13,90437.00,2874.01,98.00,363.27
2013-11-14,90920.00,2874.30,98.00,338.10
2013-11-15,91437.04,2874.61,98.00,355.38
2013-11-16,91845.21,2874.85,98.00,300.47
2013-11-17,92243.00,2875.09,98.00,295.15
2013-11-18,92702.25,2875.36,98.00,326.26
2013-11-19,93355.00,2875.75,98.00,423.84
2013-11-20,93899.00,2876.07,98.00,369.16
2013-11-21,94358.16,2876.34,98.00,326.64
2013-11-22,94766.00,2876.58,99.00,301.20
2013-11-23,95123.00,2876.79,99.00,275.55
2013-11-24,95480.00,2877.00,99.00,275.56
2013-11-25,95812.96,2877.19,99.00,263.27
2013-11-26,96170.00,2877.40,99.00,275.55
2013-11-27,96510.00,2877.60,99.00,267.08
2013-11-28,96842.00,2877.79,99.00,263.27
2013-11-29,97149.00,2877.97,99.00,250.47
2013-11-30,97406.09,2878.12,99.00,225.24
2013-12-01,99579.29,2879.37,102.00,1194.54
2013-12-02,102844.00,2881.22,101.00,1743.71
2013-12-03,104410.00,2882.10,101.00,886.89
2013-12-04,105490.00,2882.70,101.00,642.08
2013-12-05,106281.73,2883.14,101.00,496.75
2013-12-06,107002.00,2883.54,101.00,460.57
2013-12-07,107570.22,2883.85,101.00,383.94
2013-12-08,108091.73,2884.14,101.00,360.31
2013-12-09,108642.00,2884.44,99.00,374.11
2013-12-10,109138.00,2884.71,99.00,346.76
2013-12-11,109717.00,2885.03,101.00,389.20
2013-12-12,110087.00,2885.24,101.00,283.99
2013-12-13,110418.00,2885.42,101.00,264.15
2013-12-14,110770.00,2885.60,101.00,274.73
2013-12-15,111102.00,2885.78,101.00,264.55
2013-12-16,111434.00,2885.96,101.00,264.95
2013-12-17,111766.00,2886.15,101.00,264.87
2013-12-18,112098.00,2886.33,101.00,264.90
2013-12-19,112430.00,2886.51,101.00,264.98
2013-12-20,112791.00,2886.69,101.00,279.42
2013-12-21,113123.00,2886.87,101.00,264.95
2013-12-22,113460.00,2887.05,101.00,267.45
2013-12-23,113797.00,2887.23,101.00,267.52
2013-12-24,114129.00,2887.42,101.00,265.06
2013-12-25,114471.00,2887.60,101.00,270.09
2013-12-26,114806.00,2887.78,101.00,266.54
2013-12-27,115164.00,2887.96,101.00,278.20
2013-12-28,115506.00,2888.14,101.00,270.20
2013-12-29,115838.00,2888.32,101.00,265.15
2013-12-30,116180.00,2888.51,101.00,270.19
2013-12-31,116522.00,2888.69,101.00,270.25
2014-01-01,116864.00,2888.87,101.00,270.43
2014-01-02,117225.00,2889.05,101.00,283.26
2014-01-03,117567.00,2889.23,89.00,262.45
2014-01-04,117909.00,2889.41,83.00,256.43
2014-01-05,118251.00,2889.59,83.00,256.43
2014-01-06,118669.00,2889.82,83.00,295.00
2014-01-07,119163.00,2890.07,82.00,333.00
2014-01-08,119667.00,2890.33,82.00,338.00
2014-01-09,120142.00,2890.59,82.00,323.00
2014-01-10,120646.00,2890.84,82.00,338.10
2014-01-11,121140.00,2891.10,73.00,324.02
2014-01-12,121644.00,2891.36,66.00,322.93
2014-01-13,122148.00,2891.62,65.00,322.73
2014-01-14,122670.95,2891.89,65.00,332.65
2014-01-15,123239.90,2892.18,66.00,356.37
2014-01-16,123660.00,2892.40,66.00,281.57
2014-01-17,124149.76,2892.65,66.00,316.72
2014-01-18,124640.00,2892.90,65.00,316.96
2014-01-19,124954.00,2893.06,65.00,228.11
2014-01-20,125401.00,2893.29,65.00,295.16
2014-01-21,125915.00,2893.55,65.00,328.94
2014-01-22,126330.00,2893.76,64.00,279.03
2014-01-23,126720.00,2893.96,64.00,266.43
2014-01-24,127038.09,2894.12,64.00,230.16
2014-01-25,127410.05,2894.31,64.00,257.33
2014-01-26,127710.00,2894.46,64.00,221.03
2014-01-27,128099.80,2894.66,64.00,262.56
2014-01-28,128440.15,2894.83,64.00,235.79
2014-01-29,129180.00,2895.20,64.00,437.19
2014-01-30,129710.00,2895.47,64.00,331.34
2014-01-31,130109.85,2895.67,64.00,265.76
2014-02-01,130470.24,2895.85,64.00,245.87
2014-02-02,130930.00,2896.08,63.00,295.98
2014-02-03,131250.00,2896.24,63.00,225.53
2014-02-04,131529.91,2896.38,63.00,205.29
2014-02-05,131833.00,2896.53,63.00,217.02
2014-02-06,132180.00,2896.70,63.00,239.18
2014-02-07,132480.25,2896.85,63.00,215.58
2014-02-08,132900.00,2897.06,63.00,275.82
2014-02-09,133320.00,2897.27,63.00,275.95
2014-02-10,133710.00,2897.46,63.00,260.83
2014-02-11,134211.00,2897.71,63.00,316.89
2014-02-12,134800.00,2898.00,63.00,361.74
2014-02-13,135390.00,2898.29,64.00,362.75
2014-02-14,136082.64,2898.63,64.00,414.76
2014-02-15,136720.00,2898.94,64.00,386.94
2014-02-16,137310.00,2899.23,64.00,362.85
2014-02-17,137820.00,2899.48,64.00,322.81
2014-02-18,138440.00,2899.78,64.00,378.30
2014-02-19,138974.00,2900.04,64.00,334.84
2014-02-20,139531.05,2900.31,63.00,346.42
2014-02-21,139920.00,2900.50,63.00,261.68
2014-02-22,140318.95,2900.69,63.00,266.74
2014-02-23,140708.41,2900.87,63.00,261.95
2014-02-24,141065.00,2901.05,63.00,244.95
2014-02-25,141480.00,2901.25,62.00,273.41
2014-02-26,141811.00,2901.41,62.00,231.08
2014-02-27,142126.00,2901.56,63.00,223.76
2014-02-28,142398.95,2901.69,64.00,204.20
2014-03-01,142808.95,2901.89,63.00,272.78
2014-03-02,143166.00,2902.06,64.00,246.42
2014-03-03,143796.31,2902.36,64.00,384.77
2014-03-04,144258.00,2902.58,64.00,300.04
2014-03-05,145350.00,2903.10,67.00,619.83
2014-03-06,148163.00,2904.43,68.00,1489.79
2014-03-07,150207.95,2905.39,68.00,1102.50
2014-03-08,151940.00,2906.20,69.00,945.56
2014-03-09,155664.00,2907.92,71.00,1951.11
2014-03-10,159076.00,2909.48,71.00,1794.73
2014-03-11,161450.00,2910.55,70.00,1270.94
2014-03-12,163450.00,2911.45,69.00,1081.14
2014-03-13,165199.00,2912.23,67.00,953.10
2014-03-14,166825.00,2912.95,66.00,889.68
2014-03-15,168612.00,2913.74,66.00,970.71
2014-03-16,170419.00,2914.53,66.00,980.79
2014-03-17,172351.39,2915.37,67.00,1045.32
2014-03-18,173971.00,2916.07,130.00,964.73
2014-03-19,175177.00,2916.59,195.00,810.21
2014-03-20,176274.00,2917.06,195.00,755.26
2014-03-21,177166.00,2917.44,195.00,652.22
2014-03-22,178082.17,2917.83,195.00,664.40
2014-03-23,178926.94,2918.19,195.00,628.83
2014-03-24,179614.00,2918.48,194.00,550.03
2014-03-25,180301.00,2918.77,194.00,549.37
2014-03-26,181204.72,2919.15,194.00,657.06
2014-03-27,181536.00,2919.29,341.00,545.75
2014-03-28,181632.17,2919.33,538.00,608.27
2014-03-29,181584.06,2919.31,581.00,575.40
2014-03-30,181512.00,2919.28,580.00,563.38
2014-03-31,181440.00,2919.25,580.00,563.64
2014-04-01,181273.89,2919.18,580.00,516.08
2014-04-02,181181.66,2919.14,579.00,553.84
2014-04-03,180898.00,2919.02,579.00,457.33
2014-04-04,180682.00,2918.93,579.00,491.21
2014-04-05,180466.23,2918.84,579.00,490.76
2014-04-06,180466.23,2918.84,578.00,599.66
2014-04-07,180442.17,2918.83,578.00,588.10
2014-04-08,180301.00,2918.77,799.00,744.90
2014-04-09,180043.77,2918.66,1003.00,869.94
2014-04-10,179684.00,2918.51,1004.00,817.77
2014-04-11,179381.88,2918.38,1005.00,846.33
2014-04-12,178974.00,2918.21,1007.00,793.83
2014-04-13,178552.00,2918.03,1008.00,787.30
2014-04-14,178058.13,2917.82,1009.00,751.00
2014-04-15,177731.88,2917.68,897.00,723.86
2014-04-16,177517.00,2917.59,814.00,694.82
2014-04-17,177471.00,2917.57,816.00,780.25
2014-04-18,177402.00,2917.54,817.00,768.83
2014-04-19,177262.00,2917.48,818.00,733.46
2014-04-20,177118.00,2917.42,819.00,731.13
2014-04-21,176863.06,2917.31,821.00,674.17
2014-04-22,176792.00,2917.28,822.00,767.67
2014-04-23,176484.72,2917.15,931.00,753.43
2014-04-24,176322.00,2917.08,1029.00,924.03
2014-04-25,175853.89,2916.88,1030.00,778.81
2014-04-26,175406.94,2916.69,1031.00,804.79
2014-04-27,174855.00,2916.45,1032.00,752.11
2014-04-28,174385.00,2916.25,1033.00,792.92
2014-04-29,173810.00,2916.00,998.00,704.67
2014-04-30,173340.00,2915.80,927.00,685.07
2014-05-01,172994.72,2915.65,928.00,746.67
2014-05-02,173248.00,2915.76,766.00,888.81
2014-05-03,174270.00,2916.20,618.00,1127.58
2014-05-04,175291.66,2916.64,619.00,1126.49
2014-05-05,176274.00,2917.06,620.00,1106.67
2014-05-06,176978.34,2917.36,621.00,966.39
2014-05-07,177659.70,2917.65,622.00,955.92
2014-05-08,178388.00,2917.96,623.00,978.96
2014-05-09,179238.13,2918.32,624.00,1040.01
2014-05-10,179948.13,2918.62,625.00,968.61
2014-05-11,180514.36,2918.86,626.00,896.76
2014-05-12,180970.00,2919.05,627.00,839.52
2014-05-13,181584.06,2919.31,628.00,920.93
2014-05-14,182232.00,2919.58,628.00,937.61
2014-05-15,183551.59,2920.13,662.00,1311.67
2014-05-16,185088.00,2920.77,801.00,1557.10
2014-05-17,186226.00,2921.24,920.00,1474.52
2014-05-18,187315.94,2921.69,927.00,1453.32
2014-05-19,187998.00,2921.97,928.00,1248.19
2014-05-20,188511.88,2922.18,929.00,1163.83
2014-05-21,189242.00,2922.48,930.00,1272.17
2014-05-22,190180.36,2922.86,931.00,1376.50
2014-05-23,191484.94,2923.39,932.00,1561.76
2014-05-24,192840.00,2923.94,933.00,1587.62
2014-05-25,193788.13,2924.32,934.00,1384.04
2014-05-26,194704.94,2924.69,935.00,1367.16
2014-05-27,195530.00,2925.02,936.00,1320.16
2014-05-28,195929.88,2925.18,979.00,1149.57
2014-05-29,196030.00,2925.22,1022.00,1040.85
2014-05-30,196080.00,2925.24,1023.00,1013.65
2014-05-31,196030.00,2925.22,1024.00,962.98
2014-06-01,196430.00,2925.38,1025.00,1190.07
2014-06-02,196765.00,2925.52,1074.00,1203.08
2014-06-03,197090.00,2925.65,1130.00,1300.55
2014-06-04,197590.00,2925.84,1132.00,1386.30
2014-06-05,197714.94,2925.89,1140.00,1202.93
2014-06-06,197690.00,2925.88,1162.00,1151.94
2014-06-07,197740.00,2925.90,1134.00,1162.05
2014-06-08,198075.00,2926.03,1096.00,1262.61
2014-06-09,197818.00,2925.93,1183.00,1056.51
2014-06-10,197870.00,2925.95,1155.00,1184.05
2014-06-11,197818.00,2925.93,1108.00,1081.44
2014-06-12,197689.88,2925.88,1120.00,1053.01
2014-06-13,197665.42,2925.87,1078.00,1065.00
2014-06-14,197390.00,2925.76,946.00,805.39
2014-06-15,197415.00,2925.77,850.00,863.98
2014-06-16,197415.00,2925.77,771.00,770.45
2014-06-17,197515.06,2925.81,682.00,733.92
2014-06-18,197640.36,2925.86,655.00,716.25
2014-06-19,197896.00,2925.96,671.00,800.30
2014-06-20,197870.00,2925.95,832.00,820.51
2014-06-21,197844.00,2925.94,892.00,880.99
2014-06-22,197540.13,2925.82,958.00,803.33
2014-06-23,197139.75,2925.66,1012.00,809.89
2014-06-24,197139.75,2925.66,1030.00,1031.84
2014-06-25,196840.00,2925.54,1012.00,858.59
2014-06-26,196840.00,2925.54,964.00,962.97
2014-06-27,197064.58,2925.63,874.00,989.72
2014-06-28,198025.00,2926.01,838.00,1325.15
2014-06-29,198200.00,2926.08,1000.00,1090.66
2014-06-30,197689.88,2925.88,1102.00,846.38
2014-07-01,197365.00,2925.75,1048.00,885.99
2014-07-02,196840.00,2925.54,1047.00,783.69
2014-07-03,196662.00,2925.47,955.00,866.76
2014-07-04,196480.00,2925.40,846.00,760.93
2014-07-05,196330.25,2925.34,804.00,736.75
2014-07-06,196330.25,2925.34,754.00,759.97
2014-07-07,196532.00,2925.42,659.00,769.49
2014-07-08,196990.00,2925.60,619.00,859.33
2014-07-09,197114.69,2925.65,618.00,691.19
2014-07-10,197214.94,2925.69,617.00,677.50
2014-07-11,197114.69,2925.65,616.00,577.01
2014-07-12,197189.88,2925.68,614.00,665.52
2014-07-13,197164.81,2925.67,613.00,614.92
2014-07-14,197390.00,2925.76,612.00,742.01
2014-07-15,197565.19,2925.83,611.00,716.91
2014-07-16,197665.42,2925.87,615.00,685.54
2014-07-17,197415.00,2925.77,663.00,556.22
2014-07-18,197290.00,2925.72,684.00,642.02
2014-07-19,196865.00,2925.55,678.00,484.90
2014-07-20,196840.00,2925.54,676.00,686.51
2014-07-21,196584.00,2925.44,675.00,569.59
2014-07-22,196230.00,2925.30,674.00,520.30
2014-07-23,196105.00,2925.25,673.00,635.43
2014-07-24,195980.00,2925.20,672.00,634.86
2014-07-25,195580.00,2925.04,670.00,497.28
2014-07-26,195305.00,2924.93,669.00,560.24
2014-07-27,194755.00,2924.71,668.00,421.71
2014-07-28,194330.00,2924.54,667.00,484.73
2014-07-29,193860.30,2924.35,666.00,461.62
2014-07-30,193490.00,2924.20,665.00,512.54
2014-07-31,192940.00,2923.98,663.00,421.85
2014-08-01,192500.00,2923.80,662.00,476.99
2014-08-02,192025.06,2923.61,661.00,459.55
2014-08-03,191558.00,2923.42,660.00,463.47
2014-08-04,191110.00,2923.24,659.00,473.13
2014-08-05,190520.00,2923.00,679.00,424.34
2014-08-06,189780.00,2922.70,739.00,362.90
2014-08-07,188825.06,2922.31,771.00,288.93
2014-08-08,188070.00,2922.00,771.00,388.75
2014-08-09,187195.64,2921.64,771.00,328.19
2014-08-10,186274.00,2921.26,771.00,304.32
2014-08-11,185496.00,2920.94,771.00,377.91
2014-08-12,184656.00,2920.59,771.00,346.60
2014-08-13,184488.00,2920.52,771.00,686.54
2014-08-14,183768.00,2920.22,771.00,407.33
2014-08-15,182951.88,2919.88,771.00,358.58
2014-08-16,182160.00,2919.55,771.00,371.15
2014-08-17,181320.00,2919.20,771.00,347.92
2014-08-18,180442.17,2918.83,771.00,328.53
2014-08-19,179381.88,2918.38,803.00,269.23
2014-08-20,178201.88,2917.88,874.00,276.58
2014-08-21,177070.00,2917.40,916.00,343.25
2014-08-22,175762.22,2916.84,952.00,289.78
2014-08-23,174454.00,2916.28,970.00,309.50
2014-08-24,173086.94,2915.69,970.00,280.58
2014-08-25,171684.00,2915.08,1054.00,353.02
2014-08-26,169798.00,2914.26,1246.00,301.67
2014-08-27,167528.00,2913.26,1403.00,262.27
2014-08-28,165176.00,2912.22,1480.00,293.99
2014-08-29,162692.05,2911.11,1550.00,294.08
2014-08-30,160098.00,2909.94,1650.00,338.52
2014-08-31,157303.84,2908.67,1700.00,293.41
2014-09-01,154495.89,2907.38,1741.00,323.58
2014-09-02,151576.00,2906.03,1752.00,275.65
2014-09-03,148666.84,2904.67,1752.00,282.38
2014-09-04,145665.00,2903.25,1785.00,276.38
2014-09-05,142500.00,2901.74,1873.00,274.79
2014-09-06,139219.80,2900.16,1950.00,292.33
2014-09-07,135840.00,2898.51,1994.00,290.02
2014-09-08,132360.00,2896.79,2027.00,276.51
2014-09-09,128800.00,2895.01,2082.00,284.93
2014-09-10,125325.00,2893.25,2082.00,327.96
2014-09-11,121606.19,2891.34,2082.00,202.40
2014-09-12,118194.00,2889.56,2049.00,327.66
2014-09-13,114716.00,2887.72,2005.00,247.84
2014-09-14,111230.22,2885.85,1972.00,220.03
2014-09-15,107894.00,2884.03,1928.00,249.08
2014-09-16,104590.00,2882.20,1928.00,258.68
2014-09-17,101125.00,2880.25,1961.00,214.92
2014-09-18,97703.00,2878.29,1983.00,255.05
2014-09-19,94290.00,2876.30,1994.00,274.37
2014-09-20,90750.00,2874.20,2016.00,227.41
2014-09-21,87330.71,2872.13,2016.00,289.36
2014-09-22,83896.00,2870.01,1961.00,227.79
2014-09-23,80780.00,2868.05,1873.00,300.18
2014-09-24,77834.89,2866.17,1752.00,268.13
2014-09-25,75094.96,2864.39,1660.00,274.76
2014-09-26,72352.00,2862.58,1510.00,122.96
2014-09-27,69985.00,2860.99,1367.00,177.28
2014-09-28,67770.00,2859.48,1276.00,160.85
2014-09-29,65606.00,2857.99,1239.00,146.42
2014-09-30,63480.00,2856.50,1239.00,166.63
2014-10-01,61786.00,2855.29,1030.00,184.00
2014-10-02,60410.00,2854.30,886.00,191.03
2014-10-03,58774.04,2853.11,989.00,163.28
2014-10-04,56935.00,2851.75,1097.00,172.98
2014-10-05,54945.00,2850.25,1157.00,151.50
2014-10-06,52969.00,2848.73,1157.00,158.16
2014-10-07,50830.00,2847.05,1206.00,125.38
2014-10-08,48457.82,2845.14,1319.00,119.16
2014-10-09,46047.82,2843.14,1353.00,130.18
2014-10-10,43707.82,2841.14,1288.00,104.40
2014-10-11,41609.00,2839.29,1194.00,132.44
2014-10-12,39960.00,2837.80,1028.00,195.49
2014-10-13,38462.00,2836.42,950.00,188.83
2014-10-14,36972.00,2835.02,951.00,192.99
2014-10-15,35855.00,2833.95,638.00,87.07
2014-10-16,35577.95,2833.68,298.00,157.41
2014-10-17,35577.95,2833.68,177.00,178.63
2014-10-18,35888.00,2833.98,114.00,270.51
2014-10-19,36331.00,2834.41,103.00,324.11
2014-10-20,36740.00,2834.80,98.00,301.76
2014-10-21,37140.00,2835.19,95.00,297.05
2014-10-22,38043.00,2836.04,94.00,546.25
2014-10-23,39410.00,2837.30,94.00,780.88
2014-10-24,40543.08,2838.33,96.00,663.52
2014-10-25,41290.00,2839.00,95.00,469.56
2014-10-26,42544.06,2840.12,95.00,725.26
2014-10-27,43272.00,2840.76,96.00,460.08
2014-10-28,44034.00,2841.42,96.00,476.64
2014-10-29,45386.00,2842.58,94.00,772.94
2014-10-30,46635.79,2843.63,95.00,721.73
2014-10-31,48912.00,2845.51,95.00,1239.52
2014-11-01,50305.79,2846.63,96.00,799.82
2014-11-02,51205.16,2847.35,96.00,550.81
2014-11-03,51970.00,2847.95,97.00,483.20
2014-11-04,53073.03,2848.81,97.00,653.87
2014-11-05,53970.00,2849.50,98.00,550.84
2014-11-06,54945.00,2850.25,99.00,586.80
2014-11-07,55912.00,2850.98,99.00,581.99
2014-11-08,56684.00,2851.56,99.00,483.74
2014-11-09,57448.78,2852.13,99.00,480.59
2014-11-10,58149.83,2852.65,101.00,448.85
2014-11-11,58607.00,2852.99,101.00,326.36
2014-11-12,59004.00,2853.28,96.00,292.40
2014-11-13,59414.00,2853.58,95.00,296.88
2014-11-14,59899.00,2853.93,95.00,334.74
2014-11-15,60227.90,2854.17,96.00,256.60
2014-11-16,60475.16,2854.35,96.00,220.15
2014-11-17,60722.00,2854.53,96.00,220.24
2014-11-18,61016.00,2854.74,96.00,244.21
2014-11-19,61338.00,2854.97,96.00,258.29
2014-11-20,61631.93,2855.18,96.00,244.19
2014-11-21,62018.00,2855.46,96.00,290.69
2014-11-22,62598.24,2855.87,96.00,388.55
2014-11-23,63088.00,2856.22,96.00,343.37
2014-11-24,63564.00,2856.56,96.00,336.21
2014-11-25,67486.00,2859.29,99.00,2076.09
2014-11-26,71324.96,2861.89,98.00,2033.44
2014-11-27,74072.00,2863.72,99.00,1484.05
2014-11-28,76860.00,2865.54,99.00,1505.44
2014-11-29,79616.04,2867.31,101.00,1490.07
2014-11-30,81330.00,2868.40,101.00,964.91
2014-12-01,82584.00,2869.19,101.00,733.03
2014-12-02,83592.00,2869.82,101.00,609.11
2014-12-03,84616.00,2870.46,93.00,608.71
2014-12-04,85490.00,2871.00,89.00,529.03
2014-12-05,86334.00,2871.52,89.00,513.95
2014-12-06,87280.00,2872.10,89.00,565.45
2014-12-07,88052.00,2872.57,89.00,477.70
2014-12-08,88760.00,2873.00,89.00,445.44
2014-12-09,90158.00,2873.84,89.00,793.31
2014-12-10,92583.00,2875.30,89.00,1311.45
2014-12-11,94970.00,2876.70,90.00,1293.16
2014-12-12,96995.00,2877.88,90.00,1110.92
2014-12-13,98500.00,2878.75,90.00,848.76
2014-12-14,99756.00,2879.47,90.00,723.33
2014-12-15,100826.00,2880.08,92.00,630.36
2014-12-16,101775.65,2880.62,92.00,569.74
2014-12-17,102719.78,2881.15,92.00,567.09
2014-12-18,103466.00,2881.57,92.00,467.46
2014-12-19,104284.00,2882.03,92.00,503.70
2014-12-20,105399.78,2882.65,92.00,654.60
2014-12-21,109425.87,2884.87,93.00,2123.09
2014-12-22,112098.09,2886.32,93.00,1440.34
2014-12-23,114038.27,2887.36,93.00,1071.77
2014-12-24,116028.00,2888.42,95.00,1097.02
2014-12-25,117433.81,2889.16,93.00,802.38
2014-12-26,118707.14,2889.83,95.00,735.94
2014-12-27,119971.00,2890.49,95.00,731.36
2014-12-28,121083.00,2891.07,95.00,654.61
2014-12-29,122072.00,2891.58,95.00,592.89
2014-12-30,122870.00,2891.99,95.00,496.71
2014-12-31,123546.19,2892.34,95.00,435.42
2015-01-01,124307.00,2892.73,95.00,478.08
2015-01-02,124992.00,2893.08,95.00,439.73
2015-01-03,125660.00,2893.42,95.00,431.28
2015-01-04,126580.95,2893.89,95.00,558.88
2015-01-05,129360.00,2895.29,95.00,1496.33
2015-01-06,131854.00,2896.54,96.00,1352.98
2015-01-07,133730.00,2897.47,96.00,1041.79
2015-01-08,135270.00,2898.23,96.00,872.42
2015-01-09,136680.00,2898.92,96.00,807.01
2015-01-10,137902.00,2899.52,96.00,712.28
2015-01-11,139037.00,2900.07,96.00,668.75
2015-01-12,140046.00,2900.56,109.00,618.88
2015-01-13,140906.00,2900.97,124.00,557.17
2015-01-14,141727.36,2901.37,124.00,537.30
2015-01-15,142540.00,2901.76,124.00,532.78
2015-01-16,143250.00,2902.10,124.00,481.24
2015-01-17,144363.16,2902.63,124.00,685.04
2015-01-18,148163.00,2904.43,124.00,2040.75
2015-01-19,150186.44,2905.38,124.00,1145.07
2015-01-20,151813.69,2906.14,126.00,945.72
2015-01-21,153152.00,2906.76,126.00,800.34
2015-01-22,154408.22,2907.34,126.00,759.14
2015-01-23,155554.38,2907.87,126.00,703.65
2015-01-24,157904.00,2908.91,126.00,1310.54
2015-01-25,159966.44,2909.88,126.00,1166.63
2015-01-26,161757.95,2910.69,128.00,1031.10
2015-01-27,163340.00,2911.40,128.00,925.66
2015-01-28,164726.00,2912.02,128.00,826.96
2015-01-29,165986.00,2912.58,128.00,763.83
2015-01-30,167116.00,2913.08,126.00,695.92
2015-01-31,168185.00,2913.55,126.00,665.42
2015-02-01,169256.00,2914.02,126.00,666.63
2015-02-02,170258.00,2914.46,126.00,631.84
2015-02-03,171178.00,2914.86,128.00,591.04
2015-02-04,171983.00,2915.21,174.00,580.93
2015-02-05,173064.00,2915.68,199.00,746.07
2015-02-06,177238.00,2917.47,201.00,2306.20
2015-02-07,180898.00,2919.02,200.00,2046.83
2015-02-08,183792.00,2920.23,197.00,1658.28
2015-02-09,186202.00,2921.23,196.00,1414.86
2015-02-10,188464.00,2922.16,196.00,1340.41
2015-02-11,190400.00,2922.95,195.00,1176.05
2015-02-12,191950.00,2923.58,244.00,1032.78
2015-02-13,193165.00,2924.07,294.00,914.38
2015-02-14,194230.00,2924.50,296.00,839.98
2015-02-15,195180.00,2924.88,296.00,782.86
2015-02-16,196030.00,2925.22,295.00,732.45
2015-02-17,196765.00,2925.51,294.00,674.56
2015-02-18,197490.00,2925.80,293.00,668.21
2015-02-19,197896.00,2925.96,385.00,616.87
2015-02-20,197896.00,2925.96,530.00,550.59
2015-02-21,197896.00,2925.96,556.00,579.58
2015-02-22,197766.00,2925.91,500.00,455.99
2015-02-23,197870.00,2925.95,405.00,478.36
2015-02-24,197922.00,2925.97,427.00,472.56
2015-02-25,197870.00,2925.95,470.00,463.89
2015-02-26,197818.00,2925.93,475.00,468.76
2015-02-27,197818.00,2925.93,441.00,460.09
2015-02-28,197818.00,2925.93,388.00,405.67
2015-03-01,197870.00,2925.95,392.00,433.44
2015-03-02,197870.00,2925.95,360.00,376.91
2015-03-03,197922.00,2925.97,329.00,369.90
2015-03-04,197922.00,2925.97,339.00,352.22
2015-03-05,198000.00,2926.00,350.00,403.12
2015-03-06,197922.00,2925.97,357.00,334.09
2015-03-07,197870.00,2925.95,360.00,349.32
2015-03-08,197870.00,2925.95,353.00,367.67
2015-03-09,197870.00,2925.95,332.00,345.35
2015-03-10,197922.00,2925.97,304.00,341.29
2015-03-11,197922.00,2925.97,313.00,312.89
2015-03-12,197922.00,2925.97,319.00,318.56
2015-03-13,198000.00,2926.00,343.00,381.91
2015-03-14,198225.00,2926.09,515.00,625.72
2015-03-15,198802.13,2926.32,1162.00,1475.93
2015-03-16,198399.75,2926.16,1540.00,1316.68
2015-03-17,198100.00,2926.04,1072.00,900.46
2015-03-18,197922.00,2925.97,856.00,744.88
2015-03-19,197922.00,2925.97,666.00,641.34
2015-03-20,197922.00,2925.97,622.00,600.89
2015-03-21,197870.00,2925.95,628.00,578.94
2015-03-22,197922.00,2925.97,589.00,592.75
2015-03-23,197922.00,2925.97,562.00,537.60
2015-03-24,197922.00,2925.97,578.00,556.78
2015-03-25,198000.00,2926.00,556.00,576.31
2015-03-26,198050.00,2926.02,617.00,621.80
2015-03-27,198100.00,2926.04,682.00,684.85
2015-03-28,198100.00,2926.04,710.00,688.74
2015-03-29,198050.00,2926.02,710.00,660.56
2015-03-30,198000.00,2926.00,677.00,629.79
2015-03-31,197870.00,2925.95,611.00,526.25
2015-04-01,197922.00,2925.97,525.00,531.88
2015-04-02,198050.00,2926.02,465.00,508.30
2015-04-03,198100.00,2926.04,455.00,461.29
2015-04-04,198100.00,2926.04,455.00,437.83
2015-04-05,198100.00,2926.04,450.00,433.16
2015-04-06,198000.00,2926.00,445.00,377.29
2015-04-07,198050.00,2926.02,436.00,443.28
2015-04-08,197922.00,2925.97,441.00,355.81
2015-04-09,197922.00,2925.97,400.00,384.31
2015-04-10,197922.00,2925.97,392.00,374.36
2015-04-11,197922.00,2925.97,396.00,381.42
2015-04-12,197870.00,2925.95,388.00,345.53
2015-04-13,197818.00,2925.93,384.00,343.43
2015-04-14,197740.00,2925.90,388.00,334.18
2015-04-15,197565.19,2925.83,427.00,324.08
2015-04-16,197290.00,2925.72,495.00,334.36
2015-04-17,197064.58,2925.63,495.00,361.51
2015-04-18,196714.00,2925.49,520.00,324.55
2015-04-19,196305.19,2925.33,589.00,361.08
2015-04-20,195904.81,2925.17,666.00,442.06
2015-04-21,195380.00,2924.96,710.00,423.64
2015-04-22,194855.00,2924.75,710.00,423.89
2015-04-23,194155.00,2924.47,710.00,335.14
2015-04-24,193715.00,2924.29,710.00,466.40
2015-04-25,193090.00,2924.04,710.00,373.24
2015-04-26,192500.00,2923.80,673.00,357.74
2015-04-27,191925.00,2923.57,646.00,341.24
2015-04-28,191434.81,2923.37,642.00,384.00
2015-04-29,191260.00,2923.30,519.00,428.36
2015-04-30,191185.00,2923.27,376.00,343.49
2015-05-01,191310.13,2923.32,313.00,375.58
2015-05-02,191484.94,2923.39,298.00,384.79
2015-05-03,191654.00,2923.46,295.00,380.52
2015-05-04,191825.00,2923.53,295.00,382.28
2015-05-05,191925.00,2923.57,376.00,439.72
2015-05-06,191654.00,2923.46,562.00,426.22
2015-05-07,191260.00,2923.30,562.00,363.43
2015-05-08,191135.00,2923.25,392.00,337.40
2015-05-09,191135.00,2923.25,339.00,337.83
2015-05-10,191260.00,2923.30,339.00,402.31
2015-05-11,191360.25,2923.34,339.00,390.82
2015-05-12,192049.52,2923.62,316.00,665.66
2015-05-13,193090.00,2924.04,256.00,782.09
2015-05-14,193836.23,2924.34,195.00,571.94
2015-05-15,194405.00,2924.57,195.00,481.83
2015-05-16,194980.00,2924.80,195.00,484.90
2015-05-17,195430.00,2924.98,273.00,497.35
2015-05-18,195730.00,2925.10,325.00,473.19
2015-05-19,196080.00,2925.24,327.00,498.46
2015-05-20,196404.81,2925.37,339.00,495.87
2015-05-21,196940.00,2925.58,344.00,605.86
2015-05-22,197689.88,2925.88,319.00,690.01
2015-05-23,198175.00,2926.07,366.00,606.05
2015-05-24,198275.06,2926.11,617.00,647.22
2015-05-25,198175.00,2926.07,677.00,605.35
2015-05-26,198000.00,2926.00,666.00,553.71
2015-05-27,197870.00,2925.95,650.00,561.83
2015-05-28,198100.00,2926.04,525.00,623.30
2015-05-29,198150.00,2926.06,556.00,559.29
2015-05-30,198150.00,2926.06,628.00,607.10
2015-05-31,198025.00,2926.01,617.00,532.22
2015-06-01,197974.00,2925.99,644.00,595.00
2015-06-02,197844.00,2925.94,628.00,539.73
2015-06-03,197792.00,2925.92,551.00,503.00
2015-06-04,197740.00,2925.90,485.00,437.97
2015-06-05,197792.00,2925.92,423.00,430.56
2015-06-06,197922.00,2925.97,418.00,467.76
2015-06-07,197974.00,2925.99,510.00,516.10
2015-06-08,197922.00,2925.97,562.00,514.17
2015-06-09,197740.00,2925.90,567.00,453.10
2015-06-10,197870.00,2925.95,545.00,590.47
2015-06-11,197640.36,2925.86,510.00,375.24
2015-06-12,197415.00,2925.77,520.00,384.56
2015-06-13,197164.81,2925.67,510.00,363.76
2015-06-14,196840.00,2925.54,510.00,326.19
2015-06-15,196480.00,2925.40,510.00,308.58
2015-06-16,196255.06,2925.31,490.00,354.24
2015-06-17,195954.94,2925.19,465.00,293.69
2015-06-18,195730.00,2925.10,465.00,331.55
2015-06-19,195380.00,2924.96,465.00,268.54
2015-06-20,195080.25,2924.84,465.00,293.83
2015-06-21,194755.00,2924.71,465.00,280.97
2015-06-22,194405.00,2924.57,465.00,288.54
2015-06-23,194055.00,2924.43,465.00,288.54
2015-06-24,193715.00,2924.29,485.00,313.11
2015-06-25,193314.58,2924.13,515.00,313.12
2015-06-26,192965.00,2923.99,515.00,338.70
2015-06-27,192668.41,2923.87,514.00,365.47
2015-06-28,192350.00,2923.74,514.00,354.47
2015-06-29,192099.64,2923.64,513.00,390.68
2015-06-30,191825.00,2923.53,513.00,376.43
2015-07-01,191435.42,2923.37,512.00,318.74
2015-07-02,191035.00,2923.21,512.00,313.07
2015-07-03,190570.00,2923.02,511.00,280.51
2015-07-04,190180.36,2922.86,510.00,318.63
2015-07-05,189731.88,2922.68,510.00,289.10
2015-07-06,189266.00,2922.49,509.00,280.17
2015-07-07,188656.00,2922.24,549.00,250.28
2015-07-08,188095.00,2922.01,592.00,317.11
2015-07-09,187460.00,2921.75,592.00,279.57
2015-07-10,186860.00,2921.50,591.00,297.59
2015-07-11,186178.00,2921.22,591.00,256.16
2015-07-12,185448.00,2920.92,590.00,232.02
2015-07-13,184799.70,2920.65,589.00,273.15
2015-07-14,184080.30,2920.35,589.00,237.36
2015-07-15,183408.00,2920.07,588.00,260.99
2015-07-16,182640.00,2919.75,587.00,212.80
2015-07-17,181920.00,2919.45,587.00,236.94
2015-07-18,181204.72,2919.15,586.00,239.38
2015-07-19,180490.30,2918.85,586.00,239.75
2015-07-20,179828.00,2918.57,585.00,266.03
2015-07-21,179118.00,2918.27,584.00,242.39
2015-07-22,178365.00,2917.95,584.00,220.59
2015-07-23,177588.13,2917.62,583.00,208.55
2015-07-24,176886.11,2917.32,582.00,245.95
2015-07-25,176084.00,2916.98,582.00,195.60
2015-07-26,175383.89,2916.68,581.00,247.03
2015-07-27,174691.88,2916.38,581.00,250.99
2015-07-28,173879.00,2916.03,580.00,189.66
2015-07-29,173133.00,2915.71,579.00,223.83
2015-07-30,172396.94,2915.39,579.00,228.62
2015-07-31,171707.00,2915.09,578.00,252.04
2015-08-01,170948.00,2914.76,578.00,197.99
2015-08-02,170166.00,2914.42,578.00,183.57
2015-08-03,169417.00,2914.09,578.00,200.44
2015-08-04,168635.00,2913.75,578.00,183.86
2015-08-05,167840.00,2913.40,578.00,177.24
2015-08-06,167072.00,2913.06,578.00,190.74
2015-08-07,166282.00,2912.71,578.00,179.59
2015-08-08,165492.33,2912.36,578.00,179.87
2015-08-09,164772.00,2912.04,578.00,214.83
2015-08-10,164010.00,2911.70,578.00,193.65
2015-08-11,163274.38,2911.37,578.00,207.06
2015-08-12,162560.00,2911.05,578.00,217.84
2015-08-13,161691.78,2910.66,611.00,174.45
2015-08-14,160824.00,2910.27,633.00,194.49
2015-08-15,160054.00,2909.92,600.00,211.73
2015-08-16,159230.00,2909.55,600.00,184.39
2015-08-17,158415.89,2909.18,600.00,189.44
2015-08-18,157458.00,2908.74,677.00,194.69
2015-08-19,156448.00,2908.28,738.00,222.96
2015-08-20,155337.00,2907.77,744.00,171.73
2015-08-21,154144.00,2907.22,751.00,130.59
2015-08-22,153152.00,2906.76,757.00,231.52
2015-08-23,152050.00,2906.25,763.00,225.48
2015-08-24,150912.00,2905.72,791.00,228.54
2015-08-25,149778.95,2905.19,819.00,254.22
2015-08-26,148603.69,2904.64,826.00,233.72
2015-08-27,147418.00,2904.08,823.00,228.18
2015-08-28,146253.00,2903.53,820.00,238.65
2015-08-29,144510.00,2902.70,1105.00,251.60
2015-08-30,142808.95,2901.89,1260.00,420.76
2015-08-31,141086.00,2901.06,1158.00,313.45
2015-09-01,139405.00,2900.25,1078.00,252.76
2015-09-02,137370.00,2899.26,1280.00,302.22
2015-09-03,134884.00,2898.04,1520.00,302.68
2015-09-04,132420.09,2896.82,1515.00,315.33
2015-09-05,130010.10,2895.62,1490.00,320.74
2015-09-06,127590.00,2894.40,1455.00,288.30
2015-09-07,125129.76,2893.15,1450.00,266.35
2015-09-08,122557.14,2891.83,1535.00,233.49
2015-09-09,119724.28,2890.36,1700.00,271.60
2015-09-10,116560.00,2888.70,1883.00,288.79
2015-09-11,113141.91,2886.88,1992.00,274.95
2015-09-12,109679.00,2885.01,2057.00,308.96
2015-09-13,105994.00,2882.98,2077.00,225.35
2015-09-14,102486.00,2881.02,2032.00,269.90
2015-09-15,98991.00,2879.03,1965.00,211.77
2015-09-16,95642.00,2877.09,1920.00,242.07
2015-09-17,92395.91,2875.18,1897.00,269.60
2015-09-18,89276.04,2873.31,1786.00,227.54
2015-09-19,86402.00,2871.56,1699.00,261.21
2015-09-20,83416.00,2869.71,1698.00,205.13
2015-09-21,80604.00,2867.94,1697.00,291.97
2015-09-22,77682.00,2866.07,1696.00,236.20
2015-09-23,74666.04,2864.11,1715.00,215.06
2015-09-24,71505.00,2862.01,1779.00,205.00
2015-09-25,68260.07,2859.82,1843.00,225.73
2015-09-26,64915.00,2857.51,1864.00,195.52
2015-09-27,61575.79,2855.14,1863.00,199.28
2015-09-28,58272.00,2852.74,1829.00,180.07
2015-09-29,54997.00,2850.29,1807.00,159.81
2015-09-30,51715.00,2847.75,1818.00,161.95
2015-10-01,48780.00,2845.40,1620.00,141.81
2015-10-02,46071.88,2843.16,1475.00,114.75
2015-10-03,43386.16,2840.86,1459.00,117.23
2015-10-04,40763.00,2838.53,1397.00,96.38
2015-10-05,38426.76,2836.39,1238.00,78.05
2015-10-06,36276.30,2834.36,1199.00,137.16
2015-10-07,34125.84,2832.26,1216.00,153.93
2015-10-08,31975.38,2830.09,1212.00,155.35
2015-10-09,29824.92,2827.85,1187.00,130.96
2015-10-10,27674.46,2825.52,1149.00,102.31
2015-10-11,25524.00,2823.08,1131.00,82.76
2015-10-12,23961.00,2821.23,880.00,134.74
2015-10-13,22748.00,2819.76,727.00,147.86
2015-10-14,21684.00,2818.42,677.00,176.23
2015-10-15,21176.00,2817.77,338.00,152.70
2015-10-16,21216.04,2817.82,119.00,144.18
2015-10-17,21287.00,2817.91,123.00,159.72
2015-10-18,21343.00,2817.99,127.00,152.22
2015-10-19,21414.00,2818.08,130.00,159.80
2015-10-20,21493.96,2818.18,112.00,146.77
2015-10-21,21630.10,2818.35,83.00,144.04
2015-10-22,21733.00,2818.49,83.00,131.16
2015-10-23,21820.00,2818.60,83.00,126.62
2015-10-24,21932.00,2818.74,83.00,139.51
2015-10-25,22060.00,2818.90,84.00,148.22
2015-10-26,22228.02,2819.11,74.00,158.76
2015-10-27,22460.00,2819.40,67.00,183.94
2015-10-28,22659.90,2819.65,67.00,167.78
2015-10-29,22905.00,2819.95,67.00,190.57
2015-10-30,23778.00,2821.01,67.00,507.80
2015-10-31,28318.00,2826.22,59.00,2347.09
2015-11-01,31610.00,2829.72,51.00,1710.72
2015-11-02,33019.88,2831.15,52.00,762.48
2015-11-03,33930.00,2832.06,57.00,515.87
2015-11-04,34590.00,2832.72,63.00,396.16
2015-11-05,35200.02,2833.31,64.00,371.51
2015-11-06,35690.00,2833.79,64.00,311.23
2015-11-07,36210.00,2834.29,64.00,326.56
2015-11-08,36762.05,2834.82,64.00,343.18
2015-11-09,37270.00,2835.30,63.00,318.91
2015-11-10,37756.00,2835.76,56.00,300.87
2015-11-11,38185.89,2836.16,52.00,268.82
2015-11-12,38594.00,2836.54,53.00,258.47
2015-11-13,39300.00,2837.20,53.00,408.44
2015-11-14,41268.00,2838.98,53.00,1045.16
2015-11-15,42532.03,2840.11,53.00,690.30
2015-11-16,43353.08,2840.83,54.00,467.74
2015-11-17,47224.06,2844.12,56.00,2007.84
2015-11-18,51994.00,2847.97,56.00,2461.21
2015-11-19,54048.00,2849.56,53.00,1089.36
2015-11-20,55436.06,2850.62,49.00,749.22
2015-11-21,56496.00,2851.42,49.00,583.79
2015-11-22,57500.91,2852.17,49.00,556.05
2015-11-23,58220.00,2852.70,49.00,411.94
2015-11-24,59004.00,2853.28,49.00,444.72
2015-11-25,59580.00,2853.70,49.00,339.81
2015-11-26,60144.04,2854.11,49.00,333.78
2015-11-27,60680.00,2854.50,49.00,319.63
2015-11-28,61114.04,2854.81,49.00,268.25
2015-11-29,61631.93,2855.18,49.00,310.58
2015-11-30,61992.00,2855.44,49.00,230.96
2015-12-01,62388.00,2855.72,49.00,249.14
2015-12-02,62948.07,2856.12,49.00,331.91
2015-12-03,63368.00,2856.42,49.00,261.25
2015-12-04,63980.17,2856.85,49.00,358.20
2015-12-05,64522.00,2857.23,49.00,322.90
2015-12-06,65035.00,2857.59,49.00,308.47
2015-12-07,66060.00,2858.30,52.00,568.56
2015-12-08,71024.96,2861.69,56.00,2558.39
2015-12-09,86875.21,2871.85,78.00,8065.25
2015-12-10,92736.34,2875.38,67.00,3015.93
2015-12-11,96204.00,2877.42,64.00,1807.33
2015-12-12,98607.04,2878.81,64.00,1269.87
2015-12-13,100600.00,2879.95,63.00,1062.19
2015-12-14,102288.00,2880.91,63.00,908.22
2015-12-15,103663.91,2881.68,63.00,750.80
2015-12-16,104842.18,2882.34,61.00,650.05
2015-12-17,106156.00,2883.07,63.00,718.96
2015-12-18,107328.00,2883.72,61.00,647.14
2015-12-19,108344.00,2884.28,61.00,568.14
2015-12-20,109318.05,2884.81,61.00,547.13
2015-12-21,110292.18,2885.34,61.00,547.22
2015-12-22,111140.00,2885.80,61.00,483.34
2015-12-23,112042.00,2886.29,61.00,510.59
2015-12-24,112658.09,2886.62,61.00,366.44
2015-12-25,113351.00,2886.99,61.00,405.26
2015-12-26,113948.05,2887.31,61.00,357.42
2015-12-27,114660.95,2887.69,63.00,416.03
2015-12-28,115259.00,2888.01,63.00,358.41
2015-12-29,115914.28,2888.36,63.00,387.26
2015-12-30,116351.00,2888.59,63.00,277.32
2015-12-31,116883.33,2888.87,63.00,325.58
2016-01-01,117320.00,2889.10,63.00,277.36
2016-01-02,117814.28,2889.36,63.00,306.41
2016-01-03,118327.14,2889.63,63.00,315.90
2016-01-04,118802.38,2889.88,63.00,296.81
2016-01-05,119420.00,2890.20,63.00,368.60
2016-01-06,119914.00,2890.46,63.00,306.27
2016-01-07,120399.00,2890.71,63.00,301.72
2016-01-08,120722.38,2890.88,63.00,220.23
2016-01-09,121259.80,2891.16,63.00,328.17
2016-01-10,121663.33,2891.37,63.00,260.72
2016-01-11,122148.09,2891.62,63.00,301.70
2016-01-12,122614.28,2891.86,64.00,293.05
2016-01-13,123042.00,2892.08,64.00,273.62
2016-01-14,123432.00,2892.28,64.00,254.63
2016-01-15,123760.00,2892.45,64.00,223.75
2016-01-16,124307.00,2892.73,64.00,334.28
2016-01-17,124780.00,2892.97,64.00,297.06
2016-01-18,125169.85,2893.17,64.00,255.12
2016-01-19,125420.00,2893.30,64.00,184.69
2016-01-20,125877.00,2893.53,64.00,288.96
2016-01-21,126486.19,2893.84,64.00,365.73
2016-01-22,127075.72,2894.14,64.00,355.82
2016-01-23,127750.00,2894.48,64.00,398.55
2016-01-24,128180.00,2894.70,64.00,275.44
2016-01-25,128800.00,2895.01,64.00,371.35
2016-01-26,129320.00,2895.27,71.00,328.39
2016-01-27,129870.00,2895.55,77.00,348.64
2016-01-28,131109.86,2896.17,78.00,697.54
2016-01-29,132820.00,2897.02,78.00,934.87
2016-01-30,134026.77,2897.62,78.00,681.06
2016-01-31,134905.00,2898.05,78.00,514.25
2016-02-01,135940.00,2898.56,78.00,594.46
2016-02-02,136740.00,2898.95,78.00,475.93
2016-02-03,137680.00,2899.41,78.00,546.52
2016-02-04,138340.00,2899.73,78.00,405.38
2016-02-05,139239.86,2900.17,78.00,526.34
2016-02-06,139941.00,2900.51,78.00,426.22
2016-02-07,140588.13,2900.82,78.00,398.99
2016-02-08,141128.00,2901.08,78.00,344.92
2016-02-09,141748.41,2901.38,78.00,385.72
2016-02-10,142480.00,2901.73,78.00,441.99
2016-02-11,143313.16,2902.13,80.00,493.93
2016-02-12,144446.84,2902.67,79.00,645.57
2016-02-13,145812.11,2903.32,79.00,762.82
2016-02-14,147334.00,2904.04,79.00,842.83
2016-02-15,151212.33,2905.86,80.00,2032.21
2016-02-16,154708.00,2907.48,81.00,1840.48
2016-02-17,159098.00,2909.49,81.00,2291.93
2016-02-18,161846.00,2910.73,80.00,1464.02
2016-02-19,164391.39,2911.87,81.00,1362.24
2016-02-20,166414.00,2912.77,79.00,1098.01
2016-02-21,168139.00,2913.53,79.00,947.95
2016-02-22,169867.00,2914.29,78.00,949.40
2016-02-23,171224.45,2914.88,91.00,775.96
2016-02-24,172259.17,2915.33,101.00,623.73
2016-02-25,173555.94,2915.89,105.00,760.77
2016-02-26,174572.17,2916.33,106.00,621.05
2016-02-27,175478.00,2916.72,106.00,565.78
2016-02-28,176863.06,2917.31,107.00,808.41
2016-02-29,177803.00,2917.71,106.00,584.49
2016-03-01,179190.00,2918.30,107.00,811.64
2016-03-02,180019.70,2918.65,194.00,630.66
2016-03-03,181227.78,2919.16,281.00,900.98
2016-03-04,181968.00,2919.47,343.00,734.83
2016-03-05,183096.00,2919.94,396.00,982.29
2016-03-06,184920.00,2920.70,396.00,1332.91
2016-03-07,186178.00,2921.22,658.00,1309.97
2016-03-08,186202.00,2921.23,1090.00,1101.11
2016-03-09,185865.00,2921.09,1190.00,1013.35
2016-03-10,185985.64,2921.14,1127.00,1184.45
2016-03-11,186057.83,2921.17,1000.00,1030.14
2016-03-12,185985.64,2921.14,999.00,957.29
2016-03-13,185865.00,2921.09,999.00,933.33
2016-03-14,185790.00,2921.06,944.00,899.69
2016-03-15,185544.00,2920.96,896.00,767.54
2016-03-16,185040.00,2920.75,895.00,637.84
2016-03-17,184775.64,2920.64,895.00,758.88
2016-03-18,184104.36,2920.36,894.00,553.66
2016-03-19,183599.70,2920.15,894.00,637.82
2016-03-20,183072.00,2919.93,893.00,626.73
2016-03-21,182544.00,2919.71,893.00,626.99
2016-03-22,181992.00,2919.48,844.00,564.17
2016-03-23,181656.23,2919.34,787.00,617.69
2016-03-24,181273.89,2919.18,776.00,583.23
2016-03-25,180874.00,2919.01,775.00,574.45
2016-03-26,180466.23,2918.84,775.00,570.36
2016-03-27,180115.94,2918.69,774.00,599.39
2016-03-28,179545.00,2918.45,774.00,488.44
2016-03-29,179238.13,2918.32,746.00,593.04
2016-03-30,178880.83,2918.17,718.00,541.49
2016-03-31,178552.00,2918.03,718.00,555.33
2016-04-01,178480.00,2918.00,717.00,684.70
2016-04-02,178624.00,2918.06,717.00,793.71
2016-04-03,179046.00,2918.24,716.00,933.76
2016-04-04,179545.00,2918.45,716.00,972.64
2016-04-05,180043.77,2918.66,716.00,972.35
2016-04-06,180442.17,2918.83,716.00,921.86
2016-04-07,180874.00,2919.01,716.00,938.83
2016-04-08,181608.13,2919.32,716.00,1091.69
2016-04-09,183096.00,2919.94,716.00,1470.79
2016-04-10,184775.64,2920.64,716.00,1567.99
2016-04-11,185616.00,2920.99,1006.00,1460.22
2016-04-12,185690.00,2921.02,1399.00,1430.65
2016-04-13,185424.00,2920.91,1412.00,1259.70
2016-04-14,185790.00,2921.06,988.00,1187.71
2016-04-15,186370.00,2921.30,718.00,996.92
2016-04-16,186932.00,2921.53,720.00,987.90
2016-04-17,187364.00,2921.71,722.00,922.36
2016-04-18,187195.64,2921.64,1015.00,937.27
2016-04-19,186785.00,2921.47,1439.00,1195.55
2016-04-20,186860.00,2921.50,1442.00,1440.77
2016-04-21,188270.00,2922.08,1004.00,1713.64
2016-04-22,190130.25,2922.84,732.00,1642.38
2016-04-23,191825.00,2923.53,734.00,1559.11
2016-04-24,193215.00,2924.09,736.00,1405.06
2016-04-25,193389.75,2924.16,1149.00,1245.29
2016-04-26,192524.06,2923.81,1615.00,1116.52
2016-04-27,191385.31,2923.35,1728.00,1085.52
2016-04-28,190961.88,2923.18,1115.00,920.71
2016-04-29,191360.25,2923.34,746.00,905.32
2016-04-30,191582.00,2923.43,748.00,816.30
2016-05-01,191875.00,2923.55,750.00,852.28
2016-05-02,191484.94,2923.39,1181.00,998.73
2016-05-03,190670.00,2923.06,1753.00,1250.13
2016-05-04,190304.00,2922.91,1757.00,1476.20
2016-05-05,190745.00,2923.09,1126.00,1352.52
2016-05-06,192199.88,2923.68,760.00,1440.41
2016-05-07,193884.36,2924.36,768.00,1558.63
2016-05-08,195705.00,2925.09,770.00,1628.05
2016-05-09,195780.13,2925.12,1334.00,1419.25
2016-05-10,193980.00,2924.40,2324.00,1283.35
2016-05-11,192400.00,2923.76,2137.00,1215.17
2016-05-12,192350.00,2923.74,1158.00,1115.78
2016-05-13,193165.00,2924.07,769.00,1110.21
2016-05-14,194180.00,2924.48,771.00,1213.28
2016-05-15,195505.00,2925.01,773.00,1367.14
2016-05-16,196865.00,2925.55,775.00,1387.36
2016-05-17,197189.88,2925.68,1164.00,1270.73
2016-05-18,196610.00,2925.45,1546.00,1107.74
2016-05-19,196255.06,2925.31,1550.00,1224.71
2016-05-20,196380.36,2925.36,1066.00,1063.11
2016-05-21,196714.00,2925.49,782.00,867.33
2016-05-22,196940.00,2925.58,782.00,814.60
2016-05-23,197040.13,2925.62,787.00,757.56
2016-05-24,197315.00,2925.73,765.00,822.60
2016-05-25,197465.00,2925.79,705.00,699.66
2016-05-26,197565.19,2925.83,727.00,692.31
2016-05-27,197740.00,2925.90,771.00,776.79
2016-05-28,197766.00,2925.91,760.00,689.16
2016-05-29,197540.13,2925.82,760.00,563.67
2016-05-30,197766.00,2925.91,732.00,765.76
2016-05-31,197792.00,2925.92,776.00,706.55
2016-06-01,197766.00,2925.91,904.00,801.46
2016-06-02,197948.00,2925.98,970.00,968.91
2016-06-03,197844.00,2925.94,1148.00,1011.05
2016-06-04,197415.00,2925.77,1332.00,1000.09
2016-06-05,197465.00,2925.79,1403.00,1301.50
2016-06-06,197615.31,2925.85,1232.00,1211.37
2016-06-07,197948.00,2925.98,1120.00,1200.42
2016-06-08,197766.00,2925.91,1141.00,957.52
2016-06-09,197844.00,2925.94,952.00,900.95
2016-06-10,197818.00,2925.93,911.00,813.62
2016-06-11,197490.00,2925.80,900.00,657.38
2016-06-12,197089.64,2925.64,889.00,612.50
2016-06-13,196636.00,2925.46,861.00,563.10
2016-06-14,196380.36,2925.36,781.00,589.79
2016-06-15,196454.94,2925.39,694.00,676.07
2016-06-16,196230.00,2925.30,657.00,490.23
2016-06-17,196005.00,2925.21,652.00,490.72
2016-06-18,195705.00,2925.09,648.00,454.14
2016-06-19,195605.00,2925.05,643.00,555.08
2016-06-20,195480.00,2925.00,645.00,545.57
2016-06-21,195105.31,2924.85,734.00,516.68
2016-06-22,195055.19,2924.83,685.00,635.23
2016-06-23,194805.00,2924.73,681.00,534.36
2016-06-24,194830.00,2924.74,660.00,656.83
2016-06-25,194780.00,2924.72,639.00,602.69
2016-06-26,194654.81,2924.67,634.00,564.50
2016-06-27,194629.75,2924.66,630.00,614.69
2016-06-28,194704.94,2924.69,625.00,665.64
2016-06-29,194730.00,2924.70,621.00,640.97
2016-06-30,194730.00,2924.70,617.00,628.24
2016-07-01,194704.94,2924.69,606.00,606.30
2016-07-02,194604.69,2924.65,595.00,554.96
2016-07-03,194579.64,2924.64,595.00,592.87
2016-07-04,194480.00,2924.60,595.00,555.26
2016-07-05,194180.00,2924.48,595.00,454.25
2016-07-06,193860.30,2924.35,595.00,444.32
2016-07-07,193690.00,2924.28,595.00,519.64
2016-07-08,193515.00,2924.21,595.00,517.27
2016-07-09,193364.69,2924.15,595.00,529.89
2016-07-10,193065.00,2924.03,595.00,454.41
2016-07-11,192596.23,2923.84,595.00,369.22
2016-07-12,192224.94,2923.69,595.00,418.30
2016-07-13,191825.00,2923.53,595.00,403.86
2016-07-14,191534.00,2923.41,595.00,459.02
2016-07-15,191060.00,2923.22,595.00,368.04
2016-07-16,190720.00,2923.08,595.00,433.65
2016-07-17,190400.00,2922.95,595.00,444.17
2016-07-18,190254.94,2922.89,595.00,532.59
2016-07-19,189955.00,2922.77,595.00,454.17
2016-07-20,189564.06,2922.61,595.00,396.90
2016-07-21,189098.00,2922.42,595.00,370.30
2016-07-22,188752.00,2922.28,595.00,431.06
2016-07-23,188439.70,2922.15,595.00,448.05
2016-07-24,187974.00,2921.96,595.00,370.71
2016-07-25,187630.13,2921.82,595.00,432.13
2016-07-26,187195.64,2921.64,600.00,384.04
2016-07-27,186735.00,2921.45,628.00,398.98
2016-07-28,186154.00,2921.21,727.00,435.70
2016-07-29,185448.00,2920.92,749.00,390.84
2016-07-30,184775.64,2920.64,721.00,382.02
2016-07-31,183984.06,2920.31,721.00,321.86
2016-08-01,183192.00,2919.98,705.00,306.34
2016-08-02,182328.13,2919.62,694.00,257.91
2016-08-03,181560.00,2919.30,694.00,306.18
2016-08-04,180850.00,2919.00,694.00,335.48
2016-08-05,180140.00,2918.70,694.00,335.54
2016-08-06,179262.17,2918.33,694.00,250.87
2016-08-07,178434.00,2917.98,694.00,276.02
2016-08-08,177588.13,2917.62,694.00,266.95
2016-08-09,176720.00,2917.25,694.00,255.59
2016-08-10,175946.00,2916.92,694.00,303.27
2016-08-11,175108.00,2916.56,694.00,270.95
2016-08-12,174246.94,2916.19,694.00,259.32
2016-08-13,173436.23,2915.84,694.00,284.83
2016-08-14,172719.00,2915.53,694.00,331.72
2016-08-15,171844.72,2915.15,710.00,267.81
2016-08-16,170717.78,2914.66,844.00,279.68
2016-08-17,169440.00,2914.10,954.00,307.53
2016-08-18,168162.00,2913.54,955.00,307.61
2016-08-19,166871.00,2912.97,957.00,301.18
2016-08-20,165580.00,2912.40,959.00,301.00
2016-08-21,164186.00,2911.78,961.00,249.13
2016-08-22,162867.95,2911.19,938.00,263.17
2016-08-23,161538.00,2910.59,916.00,233.04
2016-08-24,160340.00,2910.05,936.00,320.70
2016-08-25,158855.89,2909.38,1003.00,237.54
2016-08-26,157347.95,2908.69,1023.00,245.50
2016-08-27,155818.00,2907.99,1025.00,234.52
2016-08-28,154166.00,2907.23,1027.00,173.49
2016-08-29,152758.00,2906.58,1028.00,295.95
2016-08-30,151124.11,2905.82,1030.00,182.18
2016-08-31,149632.11,2905.12,1058.00,283.50
2016-09-01,147838.00,2904.28,1111.00,186.81
2016-09-02,146232.00,2903.52,1135.00,304.00
2016-09-03,144615.00,2902.75,1133.00,298.39
2016-09-04,142560.00,2901.77,1208.00,152.90
2016-09-05,140340.00,2900.70,1370.00,229.29
2016-09-06,137820.00,2899.48,1520.00,234.82
2016-09-07,135370.00,2898.28,1589.00,330.26
2016-09-08,132620.00,2896.92,1689.00,285.42
2016-09-09,129670.00,2895.45,1794.00,284.53
2016-09-10,126600.00,2893.90,1859.00,288.94
2016-09-11,123546.19,2892.34,1880.00,322.31
2016-09-12,120418.00,2890.72,1912.00,316.27
2016-09-13,117168.00,2889.02,1956.00,302.06
2016-09-14,113892.00,2887.28,1988.00,319.15
2016-09-15,110562.00,2885.49,1976.00,277.20
2016-09-16,107271.95,2883.69,1964.00,288.06
2016-09-17,104068.00,2881.91,1930.00,307.17
2016-09-18,101371.95,2880.39,1842.00,472.95
2016-09-19,98464.00,2878.73,1764.00,289.90
2016-09-20,95534.00,2877.03,1741.00,252.69
2016-09-21,92787.00,2875.41,1725.00,329.65
2016-09-22,89920.00,2873.70,1670.00,207.37
2016-09-23,87264.00,2872.09,1630.00,261.92
2016-09-24,84520.00,2870.40,1630.00,216.57
2016-09-25,81840.00,2868.72,1635.00,248.47
2016-09-26,79190.00,2867.04,1620.00,241.98
2016-09-27,76520.07,2865.32,1595.00,203.91
2016-09-28,73800.00,2863.54,1620.00,203.37
2016-09-29,71160.00,2861.78,1575.00,188.01
2016-09-30,68789.93,2860.18,1403.00,154.09
2016-10-01,66504.03,2858.61,1316.00,120.61
2016-10-02,64374.74,2857.13,1250.00,127.38
2016-10-03,62514.04,2855.81,1190.00,204.17
2016-10-04,60554.00,2854.41,1124.00,93.66
2016-10-05,58991.00,2853.27,1061.00,237.08
2016-10-06,57474.84,2852.15,986.00,186.79
2016-10-07,56340.00,2851.30,887.00,284.09
2016-10-08,55293.00,2850.51,842.00,286.64
2016-10-09,54659.00,2850.03,789.00,445.04
2016-10-10,54490.00,2849.90,698.00,593.89
2016-10-11,53970.00,2849.50,586.00,304.58
2016-10-12,53540.91,2849.17,445.00,220.47
2016-10-13,53840.00,2849.40,362.00,505.99
2016-10-14,56470.00,2851.40,265.00,1584.99
2016-10-15,58220.00,2852.70,185.00,1063.13
2016-10-16,60199.83,2854.15,146.00,1139.36
2016-10-17,61338.00,2854.97,146.00,715.17
2016-10-18,62514.04,2855.81,120.00,709.98
2016-10-19,63410.00,2856.45,96.00,544.73
2016-10-20,65235.00,2857.73,87.00,1004.12
2016-10-21,67284.82,2859.15,87.00,1117.40
2016-10-22,68500.00,2859.98,87.00,696.68
2016-10-23,69365.00,2860.57,87.00,520.15
2016-10-24,70120.00,2861.08,87.00,464.63
2016-10-25,70845.00,2861.57,84.00,448.87
2016-10-26,72192.00,2862.47,79.00,760.68
2016-10-27,74275.18,2863.85,79.00,1131.27
2016-10-28,75479.78,2864.64,79.00,688.40
2016-10-29,76415.00,2865.25,79.00,552.51
2016-10-30,77324.16,2865.84,78.00,539.37
2016-10-31,78334.00,2866.49,78.00,590.13
2016-11-01,79600.00,2867.30,78.00,719.23
2016-11-02,80380.00,2867.80,78.00,474.17
2016-11-03,81250.20,2868.35,78.00,519.72
2016-11-04,82008.12,2868.83,77.00,463.20
2016-11-05,82680.00,2869.25,77.00,419.74
2016-11-06,83800.00,2869.95,77.00,645.67
2016-11-07,84456.23,2870.36,77.00,411.88
2016-11-08,85266.23,2870.86,77.00,489.44
2016-11-09,85852.00,2871.22,77.00,376.37
2016-11-10,86549.80,2871.65,77.00,432.81
2016-11-11,87347.75,2872.14,77.00,483.27
2016-11-12,87972.00,2872.52,77.00,395.80
2016-11-13,88728.00,2872.98,78.00,462.15
2016-11-14,90056.00,2873.78,78.00,750.55
2016-11-15,91437.04,2874.61,78.00,777.32
2016-11-16,92668.16,2875.34,78.00,701.72
2016-11-17,93542.25,2875.86,78.00,521.69
2016-11-18,94375.21,2876.35,78.00,500.95
2016-11-19,95259.29,2876.87,78.00,526.72
2016-11-20,95812.96,2877.19,78.00,360.17
2016-11-21,96560.71,2877.63,78.00,457.99
2016-11-22,97081.00,2877.93,79.00,343.31
2016-11-23,97703.00,2878.29,79.00,394.62
2016-11-24,98172.00,2878.56,79.00,317.37
2016-11-25,98709.29,2878.87,79.00,351.95
2016-11-26,99316.00,2879.22,79.00,386.85
2016-11-27,99861.00,2879.53,79.00,355.67
2016-11-28,100438.27,2879.86,79.00,371.99
2016-11-29,101057.00,2880.21,79.00,392.96
2016-11-30,101462.00,2880.44,79.00,285.25
2016-12-01,101883.91,2880.68,80.00,293.73
2016-12-02,102504.00,2881.03,80.00,393.60
2016-12-03,102683.70,2881.13,80.00,171.73
2016-12-04,103141.95,2881.39,80.00,312.00
2016-12-05,103663.91,2881.68,80.00,344.17
2016-12-06,103888.05,2881.81,80.00,194.00
2016-12-07,104212.00,2881.99,80.00,244.36
2016-12-08,104608.00,2882.21,80.00,280.62
2016-12-09,105058.00,2882.46,81.00,307.88
2016-12-10,105292.00,2882.59,81.00,198.98
2016-12-11,106012.00,2882.99,81.00,443.97
2016-12-12,106371.95,2883.19,81.00,262.51
2016-12-13,106642.18,2883.34,81.00,217.26
2016-12-14,106876.00,2883.47,81.00,198.91
2016-12-15,107181.73,2883.64,81.00,235.14
2016-12-16,107404.00,2883.76,81.00,193.01
2016-12-17,107786.00,2883.97,81.00,273.53
2016-12-18,107966.00,2884.07,81.00,171.72
2016-12-19,108344.00,2884.28,81.00,271.51
2016-12-20,108968.09,2884.62,81.00,395.59
2016-12-21,109282.00,2884.79,81.00,239.26
2016-12-22,109480.00,2884.90,81.00,180.87
2016-12-23,109755.00,2885.05,81.00,219.56
2016-12-24,110163.00,2885.27,81.00,286.61
2016-12-25,110418.00,2885.41,81.00,209.55
2016-12-26,110675.00,2885.55,81.00,210.53
2016-12-27,111007.00,2885.73,81.00,248.33
2016-12-28,111472.00,2885.98,81.00,315.39
2016-12-29,111784.77,2886.15,81.00,238.69
2016-12-30,111952.00,2886.24,81.00,165.31
2016-12-31,112193.33,2886.37,81.00,202.66
2017-01-01,112468.00,2886.52,81.00,219.53
2017-01-02,112810.00,2886.70,81.00,253.48
2017-01-03,112936.00,2886.77,81.00,144.53
2017-01-04,113104.28,2886.86,81.00,165.84
2017-01-05,113313.00,2886.97,81.00,186.24
2017-01-06,113514.00,2887.08,81.00,182.34
2017-01-07,113797.00,2887.23,81.00,223.64
2017-01-08,114091.95,2887.39,81.00,229.71
2017-01-09,114186.00,2887.44,81.00,128.40
2017-01-10,114716.00,2887.72,81.00,348.27
2017-01-11,114917.14,2887.83,81.00,182.41
2017-01-12,114936.19,2887.84,81.00,90.57
2017-01-13,115449.05,2888.11,81.00,339.59
2017-01-14,115600.95,2888.19,81.00,157.59
2017-01-15,115876.19,2888.34,81.00,219.74
2017-01-16,115782.00,2888.29,81.00,33.56
2017-01-17,116237.00,2888.53,81.00,310.38
2017-01-18,116598.00,2888.72,81.00,263.00
2017-01-19,117490.95,2889.19,81.00,531.18
2017-01-20,118118.00,2889.52,81.00,397.12
2017-01-21,118897.00,2889.93,81.00,473.75
2017-01-22,119279.66,2890.13,81.00,273.92
2017-01-23,119705.23,2890.35,81.00,295.62
2017-01-24,120047.00,2890.53,81.00,253.31
2017-01-25,120360.00,2890.69,81.00,238.80
2017-01-26,120570.00,2890.80,81.00,186.88
2017-01-27,120912.00,2890.98,81.00,253.43
2017-01-28,121102.00,2891.08,81.00,176.79
2017-01-29,121900.00,2891.49,81.00,483.34
2017-01-30,121840.00,2891.46,81.00,50.77
2017-01-31,122110.00,2891.60,81.00,217.11
2017-02-01,122400.00,2891.75,81.00,227.27
2017-02-02,122770.00,2891.94,81.00,267.54
2017-02-03,123061.00,2892.09,81.00,227.71
2017-02-04,123394.00,2892.26,81.00,248.89
2017-02-05,123780.00,2892.46,81.00,275.73
2017-02-06,124326.00,2892.74,81.00,356.28
2017-02-07,124680.00,2892.92,81.00,259.51
2017-02-08,125189.90,2893.18,81.00,338.28
2017-02-09,126129.80,2893.66,83.00,555.71
2017-02-10,128059.70,2894.64,81.00,1054.67
2017-02-11,129260.00,2895.24,81.00,686.73
2017-02-12,130230.00,2895.73,83.00,570.88
2017-02-13,131010.10,2896.12,83.00,475.66
2017-02-14,131450.20,2896.34,81.00,303.32
2017-02-15,132720.00,2896.97,81.00,721.44
2017-02-16,135640.00,2898.41,81.00,1553.09
2017-02-17,137944.00,2899.54,81.00,1242.60
2017-02-18,139279.95,2900.19,81.00,754.73
2017-02-19,140440.00,2900.75,81.00,665.99
2017-02-20,141622.11,2901.32,81.00,676.81
2017-02-21,142851.00,2901.91,81.00,700.57
2017-02-22,143670.00,2902.30,81.00,493.91
2017-02-23,144321.05,2902.61,81.00,409.66
2017-02-24,145035.00,2902.95,81.00,441.33
2017-02-25,145896.31,2903.36,81.00,515.53
2017-02-26,146316.00,2903.56,81.00,293.14
2017-02-27,147397.00,2904.07,81.00,626.58
2017-02-28,147606.84,2904.17,81.00,187.23
2017-03-01,148457.00,2904.57,81.00,510.32
2017-03-02,149181.00,2904.91,83.00,447.02
2017-03-03,149202.00,2904.92,83.00,92.98
2017-03-04,150076.16,2905.33,83.00,523.16
2017-03-05,150616.00,2905.58,83.00,354.66
2017-03-06,151212.33,2905.86,83.00,383.02
2017-03-07,151510.00,2906.00,83.00,232.70
2017-03-08,151984.00,2906.22,83.00,321.40
2017-03-09,152653.00,2906.53,83.00,420.44
2017-03-10,153775.00,2907.05,84.00,649.68
2017-03-11,154452.33,2907.36,84.00,425.46
2017-03-12,155575.89,2907.88,84.00,650.76
2017-03-13,156534.11,2908.32,86.00,568.09
2017-03-14,158834.38,2909.37,87.00,1245.99
2017-03-15,162757.67,2911.14,84.00,2062.57
2017-03-16,166260.00,2912.70,109.00,1881.80
2017-03-17,168254.00,2913.58,280.00,1292.24
2017-03-18,171638.00,2915.06,400.00,2107.07
2017-03-19,174644.36,2916.36,401.00,1917.74
2017-03-20,176576.94,2917.19,447.00,1421.50
2017-03-21,177588.13,2917.62,652.00,1161.03
2017-03-22,177731.88,2917.68,919.00,991.20
2017-03-23,177964.00,2917.78,1052.00,1164.78
2017-03-24,177540.00,2917.60,1125.00,911.66
2017-03-25,177023.89,2917.38,1210.00,943.83
2017-03-26,176178.00,2917.02,1211.00,777.82
2017-03-27,175406.94,2916.69,1212.00,815.22
2017-03-28,174668.41,2916.37,1213.00,833.38
2017-03-29,174086.11,2916.12,1213.00,911.08
2017-03-30,173856.00,2916.02,1214.00,1087.40
2017-03-31,173086.94,2915.69,1215.00,815.83
2017-04-01,172282.22,2915.34,1216.00,797.78
2017-04-02,171638.00,2915.06,1216.00,878.40
2017-04-03,170626.11,2914.62,1217.00,694.20
2017-04-04,170189.00,2914.43,1120.00,893.01
2017-04-05,170005.28,2914.35,947.00,838.97
2017-04-06,169867.00,2914.29,911.00,828.28
2017-04-07,170557.00,2914.59,858.00,1194.22
2017-04-08,171223.89,2914.88,811.00,1134.22
2017-04-09,171661.00,2915.07,812.00,1018.38
2017-04-10,171936.94,2915.19,813.00,937.12
2017-04-11,172098.00,2915.26,813.00,879.20
2017-04-12,172282.22,2915.34,814.00,890.93
2017-04-13,172075.00,2915.25,1066.00,952.76
2017-04-14,171684.00,2915.08,1217.00,999.87
2017-04-15,170694.72,2914.65,1217.00,698.24
2017-04-16,169752.00,2914.24,1216.00,721.64
2017-04-17,169593.84,2914.17,896.00,806.96
2017-04-18,169867.00,2914.29,713.00,836.66
2017-04-19,170051.39,2914.37,712.00,791.96
2017-04-20,170143.00,2914.41,712.00,745.19
2017-04-21,170350.00,2914.50,711.00,803.36
2017-04-22,170488.00,2914.56,711.00,768.58
2017-04-23,170833.00,2914.71,710.00,872.94
2017-04-24,171132.22,2914.84,710.00,849.86
2017-04-25,171316.00,2914.92,709.00,791.77
2017-04-26,171730.00,2915.10,709.00,907.73
2017-04-27,171844.72,2915.15,708.00,756.84
2017-04-28,172075.00,2915.25,708.00,815.10
2017-04-29,172052.00,2915.24,707.00,687.40
2017-04-30,172098.00,2915.26,707.00,722.19
2017-05-01,172535.00,2915.45,706.00,919.32
2017-05-02,172581.00,2915.47,706.00,722.19
2017-05-03,173063.89,2915.68,705.00,942.46
2017-05-04,174596.23,2916.34,705.00,1473.71
2017-05-05,177872.00,2917.74,705.00,2350.91
2017-05-06,180490.30,2918.85,705.00,2019.46
2017-05-07,182328.13,2919.62,705.00,1625.97
2017-05-08,183575.64,2920.14,705.00,1326.81
2017-05-09,184992.00,2920.73,705.00,1413.31
2017-05-10,186130.00,2921.20,804.00,1377.25
2017-05-11,186932.00,2921.53,1091.00,1491.94
2017-05-12,187243.77,2921.66,1342.00,1499.64
2017-05-13,187148.13,2921.62,1414.00,1354.41
2017-05-14,186346.00,2921.29,1415.00,998.22
2017-05-15,186298.00,2921.27,1136.00,1132.88
2017-05-16,186660.00,2921.42,811.00,986.07
2017-05-17,187052.00,2921.58,811.00,1001.19
2017-05-18,186057.83,2921.17,1249.00,810.97
2017-05-19,184704.06,2920.61,1715.00,1018.52
2017-05-20,183671.88,2920.18,1715.00,1176.53
2017-05-21,182975.94,2919.89,1715.00,1346.11
2017-05-22,183671.88,2920.18,1180.00,1589.86
2017-05-23,185616.00,2920.99,807.00,1777.76
2017-05-24,188095.00,2922.01,807.00,2048.57
2017-05-25,189050.00,2922.40,1106.00,1641.47
2017-05-26,188535.94,2922.19,1717.00,1440.10
2017-05-27,188195.00,2922.05,1717.00,1529.36
2017-05-28,188415.64,2922.14,1717.00,1810.67
2017-05-29,189290.00,2922.50,1718.00,2141.45
2017-05-30,191110.00,2923.24,1258.00,2235.41
2017-05-31,193190.00,2924.08,981.00,2024.60
2017-06-01,194430.00,2924.58,1275.00,1888.54
2017-06-02,194905.00,2924.77,1429.00,1662.82
2017-06-03,195204.94,2924.89,1629.00,1757.47
2017-06-04,195055.19,2924.83,1619.00,1528.82
2017-06-05,194955.00,2924.79,1460.00,1405.37
2017-06-06,194579.64,2924.64,1376.00,1177.99
2017-06-07,194330.00,2924.54,1580.00,1434.19
2017-06-08,194930.00,2924.78,1580.00,1864.32
2017-06-09,195505.00,2925.01,1245.00,1550.23
2017-06-10,195980.00,2925.20,1083.00,1311.67
2017-06-11,196205.00,2925.29,792.00,904.26
2017-06-12,197265.00,2925.71,459.00,992.85
2017-06-13,197922.00,2925.97,474.00,805.79
2017-06-14,198175.00,2926.07,780.00,904.87
2017-06-15,198075.00,2926.03,1023.00,959.40
2017-06-16,198550.00,2926.22,1230.00,1496.86
2017-06-17,198200.00,2926.08,1557.00,1362.55
2017-06-18,198150.00,2926.06,1527.00,1487.50
2017-06-19,198075.00,2926.03,1457.00,1405.66
2017-06-20,197640.36,2925.86,1382.00,1144.73
2017-06-21,197415.00,2925.77,1257.00,1141.53
2017-06-22,197415.00,2925.77,1022.00,1011.19
2017-06-23,197615.31,2925.85,896.00,986.15
2017-06-24,197640.36,2925.86,865.00,866.00
2017-06-25,198000.00,2926.00,907.00,1079.88
2017-06-26,198225.00,2926.09,1015.00,1121.72
2017-06-27,197818.00,2925.93,1228.00,1018.69
2017-06-28,197565.19,2925.83,1087.00,954.04
2017-06-29,197114.69,2925.65,985.00,749.53
2017-06-30,196990.00,2925.60,979.00,907.45
2017-07-01,196714.00,2925.49,954.00,808.35
2017-07-02,196610.00,2925.45,882.00,821.44
2017-07-03,196454.94,2925.39,882.00,796.04
2017-07-04,196230.00,2925.30,882.00,760.13
2017-07-05,195730.00,2925.10,864.00,604.45
2017-07-06,195605.00,2925.05,822.00,749.13
2017-07-07,195280.00,2924.92,794.00,622.63
2017-07-08,195255.00,2924.91,772.00,752.28
2017-07-09,194980.00,2924.80,772.00,626.47
2017-07-10,194654.81,2924.67,771.00,601.05
2017-07-11,194380.00,2924.56,851.00,775.90
2017-07-12,194130.00,2924.46,733.00,599.14
2017-07-13,193690.00,2924.28,722.00,493.67
2017-07-14,193490.00,2924.20,721.00,614.90
2017-07-15,193190.00,2924.08,721.00,564.02
2017-07-16,192596.23,2923.84,721.00,416.43
2017-07-17,192000.00,2923.60,721.00,414.96
2017-07-18,191510.00,2923.40,710.00,458.40
2017-07-19,191285.06,2923.31,682.00,561.19
2017-07-20,190937.83,2923.17,660.00,480.80
2017-07-21,190496.00,2922.99,633.00,406.35
2017-07-22,190205.42,2922.87,627.00,475.56
2017-07-23,189830.00,2922.72,627.00,432.55
2017-07-24,189659.70,2922.65,627.00,536.03
2017-07-25,189365.00,2922.53,627.00,473.25
2017-07-26,189024.94,2922.39,610.00,436.14
2017-07-27,188632.00,2922.23,604.00,401.75
2017-07-28,188368.13,2922.12,604.00,466.85
2017-07-29,187902.00,2921.93,604.00,365.00
2017-07-30,187388.00,2921.72,604.00,340.80
2017-07-31,186660.00,2921.42,604.00,232.91
2017-08-01,186250.00,2921.25,604.00,393.12
2017-08-02,185840.00,2921.08,603.00,393.21
2017-08-03,185424.00,2920.91,614.00,399.43
2017-08-04,184944.00,2920.71,642.00,394.12
2017-08-05,184536.00,2920.54,647.00,438.16
2017-08-06,183984.06,2920.31,647.00,365.62
2017-08-07,183528.13,2920.12,619.00,385.37
2017-08-08,182975.94,2919.89,619.00,340.00
2017-08-09,182399.70,2919.65,702.00,408.74
2017-08-10,181584.06,2919.31,767.00,354.55
2017-08-11,180850.00,2919.00,745.00,372.31
2017-08-12,180140.00,2918.70,718.00,357.66
2017-08-13,179453.00,2918.41,717.00,369.22
2017-08-14,178696.00,2918.09,717.00,333.85
2017-08-15,177849.00,2917.73,717.00,289.04
2017-08-16,176955.28,2917.35,739.00,286.34
2017-08-17,175969.00,2916.93,805.00,304.10
2017-08-18,174901.00,2916.47,827.00,287.30
2017-08-19,174063.06,2916.11,827.00,403.10
2017-08-20,172880.00,2915.60,827.00,228.98
2017-08-21,171798.61,2915.13,827.00,280.55
2017-08-22,170856.00,2914.72,863.00,388.42
2017-08-23,169440.00,2914.10,947.00,232.97
2017-08-24,167932.00,2913.44,1025.00,266.62
2017-08-25,166549.17,2912.83,1042.00,343.95
2017-08-26,164910.00,2912.10,1042.00,215.65
2017-08-27,163516.00,2911.48,1042.00,338.75
2017-08-28,161890.00,2910.75,1042.00,222.29
2017-08-29,160384.00,2910.07,1077.00,328.22
2017-08-30,158371.78,2909.16,1237.00,240.91
2017-08-31,156016.00,2908.08,1427.00,273.13
2017-09-01,153516.00,2906.93,1626.00,412.22
2017-09-02,150484.00,2905.52,1823.00,351.41
2017-09-03,147564.75,2904.15,1866.00,464.17
2017-09-04,144404.75,2902.65,1886.00,378.37
2017-09-05,141460.00,2901.24,1918.00,533.02
2017-09-06,137881.00,2899.51,1950.00,255.13
2017-09-07,134680.00,2897.94,1950.00,336.16
2017-09-08,131510.34,2896.37,1950.00,351.33
2017-09-09,128220.00,2894.72,1983.00,320.91
2017-09-10,124800.00,2892.98,2049.00,324.86
2017-09-11,121492.00,2891.28,2016.00,353.72
2017-09-12,118118.00,2889.52,1952.00,241.21
2017-09-13,114788.00,2887.76,1943.00,236.86
2017-09-14,111510.00,2886.00,1956.00,264.40
2017-09-15,108181.95,2884.19,1892.00,167.44
2017-09-16,105076.00,2882.47,1872.00,236.90
2017-09-17,101992.00,2880.74,1786.00,155.88
2017-09-18,99177.75,2879.14,1673.00,171.36
2017-09-19,96842.00,2877.79,1575.00,306.71
2017-09-20,94630.00,2876.50,1486.00,274.50
2017-09-21,92515.00,2875.25,1374.00,213.33
2017-09-22,90437.00,2874.01,1324.00,177.71
2017-09-23,88350.00,2872.75,1324.00,172.29
2017-09-24,86284.00,2871.49,1292.00,255.26
2017-09-25,84487.92,2870.38,1197.00,294.43
2017-09-26,82744.00,2869.29,1155.00,272.66
2017-09-27,81080.00,2868.24,1120.00,281.44
2017-09-28,79375.84,2867.16,1090.00,231.32
2017-09-29,77774.74,2866.13,1042.00,233.12
2017-09-30,76243.77,2865.14,1018.00,246.01
2017-10-01,74745.84,2864.16,1018.00,262.00
2017-10-02,73274.96,2863.19,994.00,251.52
2017-10-03,71729.85,2862.16,976.00,196.88
2017-10-04,70120.00,2861.08,1006.00,196.77
2017-10-05,68670.00,2860.10,1036.00,305.65
2017-10-06,66950.00,2858.92,1018.00,148.08
2017-10-07,65578.00,2857.97,988.00,295.88
2017-10-08,64176.00,2856.99,988.00,281.22
2017-10-09,62682.00,2855.93,976.00,220.90
2017-10-10,61170.17,2854.85,934.00,171.13
2017-10-11,59734.04,2853.81,886.00,161.98
2017-10-12,58555.00,2852.95,856.00,261.48
2017-10-13,57487.87,2852.16,803.00,265.12
2017-10-14,56509.00,2851.43,716.00,222.10
2017-10-15,55657.00,2850.79,655.00,225.51
2017-10-16,54919.00,2850.23,567.00,198.94
2017-10-17,54399.09,2849.83,465.00,204.34
2017-10-18,54151.81,2849.64,334.00,224.53
2017-10-19,55154.00,2850.41,158.00,680.15
2017-10-20,55912.00,2850.98,86.00,468.26
2017-10-21,56766.06,2851.62,77.00,507.43
2017-10-22,63368.00,2856.42,77.00,3405.26
2017-10-23,65522.00,2857.93,77.00,1162.78
2017-10-24,66794.03,2858.81,77.00,718.10
2017-10-25,67785.00,2859.49,77.00,576.44
2017-10-26,68642.00,2860.08,80.00,511.25
2017-10-27,69395.00,2860.59,86.00,465.64
2017-10-28,70015.00,2861.01,92.00,404.02
2017-10-29,70650.00,2861.44,92.00,411.65
2017-10-30,71055.00,2861.71,92.00,295.69
2017-10-31,71610.00,2862.08,92.00,371.25
2017-11-01,71910.00,2862.28,92.00,242.48
2017-11-02,72338.00,2862.57,92.00,307.30
2017-11-03,72645.00,2862.77,87.00,242.36
2017-11-04,73080.00,2863.06,83.00,301.82
2017-11-05,73500.15,2863.34,83.00,294.36
2017-11-06,73875.00,2863.59,83.00,271.55
2017-11-07,74072.00,2863.72,83.00,181.98
2017-11-08,74350.00,2863.90,83.00,222.92
2017-11-09,74761.88,2864.17,83.00,290.52
2017-11-10,75065.26,2864.37,84.00,236.40
2017-11-11,75420.00,2864.60,84.00,262.51
2017-11-12,75690.00,2864.78,84.00,219.99
2017-11-13,76165.00,2865.09,84.00,323.34
2017-11-14,76550.15,2865.34,84.00,278.17
2017-11-15,77013.77,2865.64,84.00,317.74
2017-11-16,77185.00,2865.75,84.00,170.50
2017-11-17,77666.00,2866.06,80.00,321.83
2017-11-18,77864.96,2866.19,77.00,177.11
2017-11-19,78302.00,2866.47,77.00,297.35
2017-11-20,79145.00,2867.01,78.00,502.53
2017-11-21,80428.12,2867.83,78.00,724.97
2017-11-22,83976.00,2870.06,78.00,1867.57
2017-11-23,90622.08,2874.12,81.00,3431.90
2017-11-24,95021.00,2876.73,83.00,2300.16
2017-11-25,97531.95,2878.19,83.00,1348.49
2017-11-26,99494.09,2879.32,83.00,1071.79
2017-11-27,101587.00,2880.51,83.00,1138.16
2017-11-28,103160.00,2881.40,84.00,876.62
2017-11-29,104410.00,2882.10,84.00,713.95
2017-11-30,105616.00,2882.77,84.00,692.03
2017-12-01,106498.00,2883.26,84.00,528.68
2017-12-02,107423.00,2883.77,84.00,550.35
2017-12-03,108326.00,2884.27,84.00,539.17
2017-12-04,108894.00,2884.58,84.00,370.37
2017-12-05,109570.00,2884.95,84.00,424.82
2017-12-06,110144.00,2885.26,84.00,373.39
2017-12-07,110618.00,2885.52,84.00,322.99
2017-12-08,111301.95,2885.89,84.00,428.83
2017-12-09,111898.00,2886.21,84.00,384.51
2017-12-10,112155.23,2886.35,84.00,213.69
2017-12-11,112752.86,2886.67,84.00,385.32
2017-12-12,113199.00,2886.91,84.00,308.93
2017-12-13,113625.72,2887.14,84.00,299.18
2017-12-14,113892.00,2887.28,84.00,218.30
2017-12-15,114414.00,2887.56,84.00,347.21
2017-12-16,114752.00,2887.74,84.00,254.50
2017-12-17,115430.00,2888.10,84.00,425.97
2017-12-18,115710.00,2888.25,84.00,225.21
2017-12-19,116464.77,2888.65,84.00,465.16
2017-12-20,116901.91,2888.88,84.00,305.05
2017-12-21,117358.09,2889.12,86.00,315.01
2017-12-22,117738.09,2889.32,86.00,276.83
2017-12-23,118383.81,2889.66,86.00,410.99
2017-12-24,118764.28,2889.86,86.00,277.29
2017-12-25,119068.00,2890.02,86.00,238.59
2017-12-26,119496.00,2890.24,86.00,301.28
2017-12-27,119971.00,2890.49,86.00,324.98
2017-12-28,120437.00,2890.73,86.00,320.54
2017-12-29,122072.00,2891.58,87.00,911.65
2017-12-30,124149.76,2892.65,87.00,1134.29
2017-12-31,125440.05,2893.31,87.00,737.51
2018-01-01,126561.91,2893.88,87.00,652.60
2018-01-02,127549.90,2894.38,87.00,585.11
2018-01-03,128520.34,2894.87,87.00,576.25
2018-01-04,128940.00,2895.08,87.00,298.56
2018-01-05,129750.00,2895.49,81.00,489.98
2018-01-06,130549.95,2895.89,78.00,481.50
2018-01-07,131450.20,2896.34,78.00,532.08
2018-01-08,131833.00,2896.53,78.00,271.19
2018-01-09,132600.00,2896.91,78.00,464.90
2018-01-10,133443.16,2897.33,78.00,503.29
2018-01-11,134211.00,2897.71,80.00,466.10
2018-01-12,135050.09,2898.12,80.00,502.34
2018-01-13,135780.00,2898.48,80.00,447.52
2018-01-14,136920.00,2899.04,80.00,654.35
2018-01-15,137638.95,2899.39,80.00,442.07
2018-01-16,138501.05,2899.81,80.00,514.28
2018-01-17,139239.86,2900.17,80.00,452.62
2018-01-18,140540.00,2900.80,81.00,736.47
2018-01-19,141768.95,2901.39,81.00,700.52
2018-01-20,142460.00,2901.72,81.00,429.29
2018-01-21,143438.95,2902.19,81.00,574.54
2018-01-22,144132.00,2902.52,81.00,430.25
2018-01-23,144993.00,2902.93,81.00,515.07
2018-01-24,145854.20,2903.34,81.00,515.19
2018-01-25,146442.11,2903.62,81.00,377.36
2018-01-26,147292.00,2904.02,81.00,509.50
2018-01-27,148055.89,2904.38,81.00,466.07
2018-01-28,148582.64,2904.63,81.00,346.57
2018-01-29,149223.00,2904.93,81.00,404.21
2018-01-30,150528.00,2905.54,81.00,739.20
2018-01-31,151342.00,2905.92,81.00,492.06
2018-02-01,152244.20,2906.34,83.00,537.04
2018-02-02,152653.00,2906.53,83.00,288.51
2018-02-03,154816.00,2907.53,83.00,1173.00
2018-02-04,157436.00,2908.73,83.00,1403.40
2018-02-05,160186.00,2909.98,84.00,1469.78
2018-02-06,162110.27,2910.85,84.00,1054.15
2018-02-07,164032.00,2911.71,84.00,1052.70
2018-02-08,165580.00,2912.40,84.00,864.39
2018-02-09,167228.61,2913.13,84.00,915.03
2018-02-10,168543.00,2913.71,84.00,746.63
2018-02-11,169821.00,2914.27,84.00,728.28
2018-02-12,170879.00,2914.73,96.00,630.04
2018-02-13,171730.00,2915.10,106.00,534.60
2018-02-14,172926.11,2915.62,106.00,708.47
2018-02-15,173436.23,2915.84,106.00,362.72
2018-02-16,174200.83,2916.17,107.00,492.28
2018-02-17,175550.00,2916.75,107.00,787.00
2018-02-18,176346.00,2917.09,112.00,513.85
2018-02-19,176909.17,2917.33,154.00,436.01
2018-02-20,177517.00,2917.59,174.00,476.59
2018-02-21,178010.00,2917.80,163.00,406.97
2018-02-22,178434.00,2917.98,178.00,388.41
2018-02-23,178201.88,2917.88,368.00,250.95
2018-02-24,178130.30,2917.85,464.00,428.83
2018-02-25,178082.17,2917.83,458.00,437.98
2018-02-26,178250.00,2917.90,458.00,543.39
2018-02-27,178058.13,2917.82,452.00,357.46
2018-02-28,177895.00,2917.75,446.00,366.21
2018-03-01,177425.00,2917.55,441.00,206.23
2018-03-02,177402.00,2917.54,399.00,392.51
2018-03-03,177707.83,2917.67,375.00,535.48
2018-03-04,177611.59,2917.63,370.00,327.32
2018-03-05,177494.00,2917.58,366.00,311.03
2018-03-06,177190.00,2917.45,361.00,213.44
2018-03-07,177238.00,2917.47,357.00,388.31
2018-03-08,177118.00,2917.42,353.00,301.21
2018-03-09,177001.00,2917.37,349.00,296.65
2018-03-10,176886.00,2917.32,345.00,295.59
2018-03-11,176816.00,2917.29,341.00,314.59
2018-03-12,176768.00,2917.27,333.00,319.98
2018-03-13,176909.17,2917.33,329.00,411.80
2018-03-14,177238.00,2917.47,313.00,489.85
2018-03-15,177262.00,2917.48,297.00,320.51
2018-03-16,177286.00,2917.49,297.00,319.10
2018-03-17,177333.00,2917.51,296.00,330.70
2018-03-18,177356.00,2917.52,296.00,318.60
2018-03-19,177333.00,2917.51,295.00,295.40
2018-03-20,177310.00,2917.50,295.00,295.40
2018-03-21,177356.00,2917.52,295.00,330.19
2018-03-22,177402.00,2917.54,295.00,330.19
2018-03-23,177517.00,2917.59,295.00,364.98
2018-03-24,177494.00,2917.58,295.00,295.40
2018-03-25,177494.00,2917.58,295.00,307.00
2018-03-26,177001.39,2917.37,295.00,58.64
2018-03-27,177024.50,2917.38,295.00,318.65
2018-03-28,177046.94,2917.39,295.00,318.25
2018-03-29,177094.00,2917.41,295.00,330.57
2018-03-30,177166.00,2917.44,295.00,343.05
2018-03-31,177214.00,2917.46,295.00,331.20
2018-04-01,177356.00,2917.52,295.00,378.53
2018-04-02,177356.00,2917.52,295.00,307.00
2018-04-03,177448.00,2917.56,295.00,353.38
2018-04-04,177046.94,2917.39,527.00,363.15
2018-04-05,176250.00,2917.05,785.00,402.00
2018-04-06,175502.00,2916.73,787.00,426.27
2018-04-07,175314.72,2916.65,789.00,709.19
2018-04-08,175291.66,2916.64,791.00,791.13
2018-04-09,175177.00,2916.59,727.00,681.07
2018-04-10,175291.66,2916.64,607.00,674.31
2018-04-11,175454.00,2916.71,609.00,698.35
2018-04-12,175622.00,2916.78,556.00,647.29
2018-04-13,175785.28,2916.85,507.00,592.27
2018-04-14,175900.00,2916.90,508.00,567.99
2018-04-15,176038.00,2916.96,510.00,579.68
2018-04-16,176202.00,2917.03,512.00,592.74
2018-04-17,176250.00,2917.05,513.00,534.20
2018-04-18,176250.00,2917.05,515.00,509.90
2018-04-19,176202.00,2917.03,515.00,485.88
2018-04-20,176202.00,2917.03,516.00,509.95
2018-04-21,176107.00,2916.99,516.00,462.31
2018-04-22,175992.00,2916.94,516.00,452.07
2018-04-23,175670.00,2916.80,657.00,488.28
2018-04-24,174924.00,2916.48,901.00,521.42
2018-04-25,174017.00,2916.09,1027.00,560.66
2018-04-26,173436.23,2915.84,950.00,645.05
2018-04-27,173508.41,2915.87,824.00,850.66
2018-04-28,173741.00,2915.97,824.00,931.94
2018-04-29,173902.00,2916.04,825.00,895.56
2018-04-30,174017.00,2916.09,825.00,872.48
2018-05-01,174200.83,2916.17,704.00,788.70
2018-05-02,174524.06,2916.31,639.00,790.23
2018-05-03,174901.00,2916.47,694.00,871.36
2018-05-04,174970.00,2916.50,1025.00,1059.67
2018-05-05,174947.00,2916.49,1241.00,1213.33
2018-05-06,175337.78,2916.66,1241.00,1421.80
2018-05-07,176130.00,2917.00,1242.00,1624.56
2018-05-08,177166.00,2917.44,1242.00,1747.90
2018-05-09,179190.00,2918.30,949.00,1958.43
2018-05-10,180922.00,2919.03,818.00,1676.86
2018-05-11,181584.06,2919.31,1046.00,1370.88
2018-05-12,181368.00,2919.22,1374.00,1257.31
2018-05-13,180994.00,2919.06,1659.00,1442.17
2018-05-14,181250.83,2919.17,1429.00,1552.28
2018-05-15,182064.00,2919.51,1246.00,1635.19
2018-05-16,183144.00,2919.96,1245.00,1769.68
2018-05-17,184008.13,2920.32,1244.00,1660.44
2018-05-18,184392.00,2920.48,1362.00,1538.62
2018-05-19,184416.00,2920.49,1443.00,1434.13
2018-05-20,184536.00,2920.54,1285.00,1334.18
2018-05-21,184704.06,2920.61,1218.00,1288.84
2018-05-22,184823.77,2920.66,1216.00,1263.95
2018-05-23,185160.00,2920.80,1215.00,1373.70
2018-05-24,185520.00,2920.95,997.00,1179.72
2018-05-25,186860.00,2921.50,711.00,1380.14
2018-05-26,187755.42,2921.87,710.00,1156.00
2018-05-27,188415.64,2922.14,710.00,1037.42
2018-05-28,189098.00,2922.42,709.00,1048.64
2018-05-29,189880.00,2922.74,653.00,1044.59
2018-05-30,190376.00,2922.94,602.00,851.53
2018-05-31,190720.00,2923.08,601.00,775.32
2018-06-01,191085.00,2923.23,540.00,726.56
2018-06-02,191385.31,2923.35,499.00,651.10
2018-06-03,191875.00,2923.55,498.00,746.52
2018-06-04,192375.00,2923.75,478.00,732.40
2018-06-05,192740.00,2923.90,477.00,665.03
2018-06-06,193215.00,2924.09,419.00,662.52
2018-06-07,194205.00,2924.49,400.00,903.72
2018-06-08,194555.19,2924.63,495.00,689.21
2018-06-09,194629.75,2924.66,683.00,741.98
2018-06-10,194579.64,2924.64,674.00,679.18
2018-06-11,194330.00,2924.54,666.00,578.52
2018-06-12,194205.00,2924.49,573.00,550.26
2018-06-13,194355.00,2924.55,419.00,528.99
2018-06-14,194679.88,2924.68,373.00,564.12
2018-06-15,194980.00,2924.80,386.00,563.60
2018-06-16,195305.00,2924.93,425.00,619.31
2018-06-17,195580.00,2925.04,439.00,608.85
2018-06-18,196005.00,2925.21,431.00,674.01
2018-06-19,196430.48,2925.38,422.00,664.57
2018-06-20,196765.00,2925.51,423.00,618.76
2018-06-21,197240.00,2925.70,446.00,713.59
2018-06-22,197590.25,2925.84,541.00,749.44
2018-06-23,197665.42,2925.87,586.00,654.66
2018-06-24,197665.42,2925.87,625.00,656.38
2018-06-25,197615.31,2925.85,669.00,671.02
2018-06-26,197365.00,2925.75,681.00,581.94
2018-06-27,196990.00,2925.60,682.00,521.05
2018-06-28,196584.00,2925.44,776.00,601.32
2018-06-29,195980.00,2925.20,788.00,511.23
2018-06-30,195630.00,2925.06,689.00,540.87
2018-07-01,195330.00,2924.94,668.00,542.25
2018-07-02,194980.00,2924.80,646.00,493.18
2018-07-03,194579.64,2924.64,631.00,452.81
2018-07-04,193980.00,2924.40,697.00,417.74
2018-07-05,193515.00,2924.21,698.00,484.64
2018-07-06,193165.00,2924.07,676.00,522.48
2018-07-07,192740.00,2923.90,677.00,484.61
2018-07-08,192275.00,2923.71,678.00,464.45
2018-07-09,191775.00,2923.51,678.00,446.86
2018-07-10,191285.06,2923.31,679.00,451.99
2018-07-11,190818.13,2923.12,680.00,463.64
2018-07-12,190328.00,2922.92,680.00,451.90
2018-07-13,189930.00,2922.76,681.00,498.06
2018-07-14,189390.00,2922.54,682.00,426.61
2018-07-15,188900.25,2922.34,682.00,452.14
2018-07-16,188415.64,2922.14,683.00,454.85
2018-07-17,188022.00,2921.98,684.00,500.54
2018-07-18,187484.00,2921.76,684.00,427.93
2018-07-19,186956.00,2921.54,685.00,432.80
2018-07-20,186250.00,2921.25,685.00,342.94
2018-07-21,185520.00,2920.95,686.00,330.61
2018-07-22,184799.70,2920.65,687.00,335.79
2018-07-23,184032.17,2920.33,687.00,312.21
2018-07-24,183312.00,2920.03,716.00,362.75
2018-07-25,182352.17,2919.63,832.00,360.53
2018-07-26,181344.00,2919.21,849.00,353.37
2018-07-27,180442.17,2918.83,803.00,362.28
2018-07-28,179660.00,2918.50,764.00,383.60
2018-07-29,178880.83,2918.17,747.00,366.55
2018-07-30,178106.23,2917.84,736.00,357.23
2018-07-31,177448.00,2917.56,724.00,405.47
2018-08-01,176648.00,2917.22,724.00,334.17
2018-08-02,175831.39,2916.87,724.00,325.94
2018-08-03,175016.00,2916.52,723.00,326.12
2018-08-04,174154.72,2916.15,723.00,303.27
2018-08-05,173364.06,2915.81,723.00,338.25
2018-08-06,172558.00,2915.46,722.00,330.94
2018-08-07,171730.00,2915.10,722.00,319.42
2018-08-08,170833.00,2914.71,760.00,321.81
2018-08-09,169936.11,2914.32,776.00,340.26
2018-08-10,169049.00,2913.93,776.00,345.19
2018-08-11,168139.00,2913.53,776.00,333.65
2018-08-12,167206.11,2913.12,764.00,313.00
2018-08-13,166348.00,2912.74,698.00,281.38
2018-08-14,165492.33,2912.36,615.00,203.89
2018-08-15,164726.00,2912.02,637.00,269.50
2018-08-16,163849.17,2911.63,708.00,285.52
2018-08-17,162913.00,2911.21,730.00,276.57
2018-08-18,161956.00,2910.78,729.00,266.01
2018-08-19,161000.27,2910.35,729.00,266.65
2018-08-20,160076.00,2909.93,712.00,266.67
2018-08-21,159208.00,2909.54,701.00,283.27
2018-08-22,158284.11,2909.12,701.00,255.20
2018-08-23,157392.00,2908.71,695.00,266.29
2018-08-24,156192.00,2908.20,793.00,214.50
2018-08-25,154603.00,2907.87,947.00,168.75
2018-08-26,153020.00,2907.87,946.00,171.90
2018-08-27,151468.00,2906.23,946.00,187.28
2018-08-28,149905.00,2905.87,980.00,215.39
2018-08-29,148373.00,2904.53,997.00,251.80
2018-08-30,146694.00,2903.74,1049.00,229.37
2018-08-31,144867.36,2902.87,1161.00,275.05
2018-09-01,142851.00,2901.91,1201.00,225.24
2018-09-02,140906.00,2900.97,1234.00,294.27
2018-09-03,138627.36,2899.87,1300.00,202.20
2018-09-04,136577.36,2898.87,1382.00,407.51
2018-09-05,134050.14,2897.63,1504.00,293.31
2018-09-06,131410.09,2896.32,1631.00,367.47
2018-09-07,128380.00,2894.94,1739.00,288.51
2018-09-08,125210.00,2893.19,1879.00,367.49
2018-09-09,122053.00,2891.57,1942.00,437.35
2018-09-10,118688.00,2889.82,1961.00,353.71
2018-09-11,115746.00,2888.27,1975.00,489.43
2018-09-12,112394.00,2886.48,2001.00,305.18
2018-09-13,109138.00,2884.71,1971.00,316.34
2018-09-14,105904.00,2882.93,1897.00,258.74
2018-09-15,102791.95,2881.19,1856.00,270.78
2018-09-16,99720.00,2879.45,1838.00,267.05
2018-09-17,96698.00,2877.71,1731.00,185.44
2018-09-18,93746.00,2875.98,1627.03,190.16
2018-09-19,91073.00,2874.39,1567.89,182.90
2018-09-20,88400.00,2872.24,1540.00,153.47
2018-09-21,85803.96,2871.19,1493.00,146.81
2018-09-22,83335.84,2869.66,1476.00,195.60
2018-09-23,80860.00,2868.10,1449.00,163.68
2018-09-24,78595.84,2866.66,1342.00,163.64
2018-09-25,76415.00,2865.25,1288.00,155.04
2018-09-26,74275.18,2863.85,1245.00,131.66
2018-09-27,72160.00,2862.45,1247.00,143.87
2018-09-28,70015.00,2861.01,1249.00,129.34
2018-09-29,67912.00,2859.58,1230.00,129.85
2018-09-30,65955.00,2858.23,1183.00,154.25
2018-10-01,64050.00,2856.90,1141.00,140.00
2018-10-02,62234.04,2855.61,1106.00,148.73
2018-10-03,60382.00,2854.28,1116.00,135.80
2018-10-04,58462.27,2852.88,1148.00,128.07
2018-10-05,56684.00,2851.56,1115.00,216.22
2018-10-06,54958.00,2850.26,1069.00,195.93
2018-10-07,53385.00,2849.05,998.00,203.45
2018-10-08,51958.00,2847.94,934.00,208.52
2018-10-09,50806.00,2847.03,851.00,265.97
2018-10-10,49756.97,2846.19,789.00,253.36
2018-10-11,48684.06,2845.32,757.00,207.52
2018-10-12,47620.00,2844.45,731.00,183.62
2018-10-13,46612.03,2843.61,705.00,185.03
2018-10-14,45614.00,2842.77,706.00,190.27
2018-10-15,44743.00,2842.03,625.00,172.50
2018-10-16,44058.00,2841.44,519.00,161.40
2018-10-17,43550.00,2841.00,418.00,151.50
2018-10-18,43308.00,2840.79,288.00,160.83
2018-10-19,43272.00,2840.76,176.00,153.27
2018-10-20,43308.00,2840.79,137.00,150.26
2018-10-21,43331.03,2840.81,136.00,143.73
2018-10-22,43375.13,2840.85,127.00,146.28
2018-10-23,43442.00,2840.91,103.00,134.37
2018-10-24,43550.00,2841.00,97.00,150.52
2018-10-25,43649.00,2841.09,97.00,145.94
2018-10-26,43944.11,2841.34,96.00,244.87
2018-10-27,44276.09,2841.63,96.00,263.35
2018-10-28,45386.00,2842.58,95.00,655.54
2018-10-29,45916.00,2843.03,95.00,355.68
2018-10-30,46252.03,2843.31,85.00,249.65
2018-10-31,46636.09,2843.63,76.00,264.83
2018-11-01,47560.00,2844.40,76.00,537.00
2018-11-02,48595.00,2845.25,77.00,593.75
2018-11-03,49322.13,2845.84,76.00,439.04
2018-11-04,50153.00,2846.51,76.00,491.64
2018-11-05,50744.00,2846.98,75.00,370.58
2018-11-06,51205.16,2847.35,75.00,305.42
2018-11-07,51584.84,2847.65,77.00,264.98
2018-11-08,51884.25,2847.88,77.00,224.90
2018-11-09,52173.03,2848.11,77.00,219.37
2018-11-10,52444.06,2848.32,77.00,210.64
2018-11-11,52670.00,2848.50,77.00,187.91
2018-11-12,52903.94,2848.68,77.00,191.94
2018-11-13,53164.25,2848.88,77.00,205.24
2018-11-14,53385.00,2849.05,77.00,185.32
2018-11-15,53645.00,2849.25,77.00,205.14
2018-11-16,53866.00,2849.42,77.00,185.51
2018-11-17,54087.00,2849.59,77.00,185.87
2018-11-18,54295.00,2849.75,77.00,179.55
2018-11-19,54476.97,2849.89,78.00,166.57
2018-11-20,54659.00,2850.03,78.00,166.80
2018-11-21,54866.97,2850.19,78.00,180.23
2018-11-22,55049.09,2850.33,78.00,167.22
2018-11-23,55319.00,2850.53,78.00,211.48
2018-11-24,55500.91,2850.67,78.00,167.11
2018-11-25,55657.00,2850.79,78.00,154.13
2018-11-26,55828.00,2850.92,78.00,161.71
2018-11-27,56587.00,2851.49,78.00,458.19
2018-11-28,57231.00,2851.97,78.00,400.21
2018-11-29,57693.03,2852.31,78.00,308.66
2018-11-30,58041.00,2852.57,78.00,251.25
2018-12-01,58350.00,2852.80,80.00,232.05
2018-12-02,58620.00,2853.00,80.00,212.72
2018-12-03,58871.93,2853.18,80.00,203.77
2018-12-04,59100.17,2853.35,80.00,191.87
2018-12-05,59296.00,2853.49,80.00,175.53
2018-12-06,59454.04,2853.61,83.00,159.91
2018-12-07,59622.00,2853.73,87.00,168.46
2018-12-08,59776.14,2853.84,87.00,161.33
2018-12-09,59977.00,2853.99,87.00,185.05
2018-12-10,60144.04,2854.11,87.00,167.89
2018-12-11,60514.25,2854.38,87.00,270.71
2018-12-12,60806.00,2854.59,87.00,230.85
2018-12-13,61114.04,2854.81,87.00,239.24
2018-12-14,61324.00,2854.96,86.00,188.06
2018-12-15,61548.07,2855.12,84.00,193.94
2018-12-16,61842.10,2855.33,84.00,229.24
2018-12-17,62145.00,2855.55,84.00,233.78
2018-12-18,62948.07,2856.12,86.00,487.62
2018-12-19,63606.00,2856.59,86.00,413.71
2018-12-20,64232.00,2857.03,86.00,397.68
2018-12-21,64732.27,2857.38,86.00,334.60
2018-12-22,65205.00,2857.71,86.00,320.83
2018-12-23,65635.00,2858.01,86.00,299.29
2018-12-24,65970.00,2858.24,86.00,251.40
2018-12-25,66256.00,2858.44,86.00,226.69
2018-12-26,66573.86,2858.66,86.00,242.75
2018-12-27,66836.14,2858.84,86.00,214.78
2018-12-28,67098.00,2859.02,86.00,214.61
2018-12-29,67545.11,2859.33,86.00,308.18
2018-12-30,68090.00,2859.70,86.00,357.60
2018-12-31,68530.00,2860.00,87.00,305.34
2019-01-01,68910.00,2860.26,87.00,274.90
2019-01-02,69260.00,2860.50,87.00,259.93
2019-01-03,69588.00,2860.72,87.00,248.77
2019-01-04,70120.00,2861.08,87.00,351.61
2019-01-05,70530.22,2861.36,87.00,290.64
2019-01-06,70994.89,2861.67,87.00,318.13
2019-01-07,71310.30,2861.88,84.00,239.67
2019-01-08,71640.00,2862.10,80.00,243.04
2019-01-09,71996.14,2862.34,81.00,257.67
2019-01-10,72324.00,2862.56,84.00,245.60
2019-01-11,72675.00,2862.79,84.00,257.96
2019-01-12,72960.00,2862.98,84.00,224.69
2019-01-13,73214.82,2863.15,84.00,209.47
2019-01-14,73440.00,2863.30,84.00,194.53
2019-01-15,73680.00,2863.46,84.00,202.00
2019-01-16,73964.82,2863.65,84.00,224.60
2019-01-17,74260.15,2863.84,84.00,229.89
2019-01-18,74620.00,2864.08,84.00,262.52
2019-01-19,74915.00,2864.27,84.00,229.76
2019-01-20,75245.00,2864.49,84.00,247.45
2019-01-21,75450.07,2864.62,84.00,184.44
2019-01-22,75784.16,2864.84,84.00,249.58
2019-01-23,76228.12,2865.13,86.00,305.60
2019-01-24,76610.30,2865.38,80.00,269.40
2019-01-25,76982.08,2865.62,78.00,262.26
2019-01-26,77308.12,2865.83,78.00,239.81
2019-01-27,77666.00,2866.06,78.00,255.78
2019-01-28,78040.00,2866.30,78.00,263.94
2019-01-29,78395.00,2866.53,78.00,254.39
2019-01-30,78756.00,2866.76,78.00,257.44
2019-01-31,79098.00,2866.98,78.00,247.85
2019-02-01,79504.00,2867.24,78.00,280.08
2019-02-02,79895.00,2867.49,78.00,272.65
2019-02-03,80290.00,2867.74,78.00,274.50
2019-02-04,80732.00,2868.02,78.00,298.24
2019-02-05,81110.00,2868.26,78.00,265.98
2019-02-06,81394.00,2868.44,78.00,218.57
2019-02-07,81650.00,2868.60,78.00,204.42
2019-02-08,82008.12,2868.83,78.00,255.95
2019-02-09,82360.00,2869.05,78.00,252.81
2019-02-10,82744.00,2869.29,78.00,269.00
2019-02-11,83112.00,2869.52,78.00,260.98
2019-02-12,83464.00,2869.74,78.00,252.87
2019-02-13,83768.00,2869.93,78.00,228.67
2019-02-14,84103.77,2870.14,78.00,244.73
2019-02-15,84392.08,2870.32,78.00,220.76
2019-02-16,84664.00,2870.49,78.00,212.51
2019-02-17,84929.80,2870.65,78.00,209.44
2019-02-18,85170.00,2870.80,78.00,196.50
2019-02-19,85426.00,2870.96,78.00,204.49
2019-02-20,85676.04,2871.11,78.00,201.51
2019-02-21,85868.00,2871.23,89.00,182.46
2019-02-22,86092.27,2871.37,106.00,215.32
2019-02-23,86204.00,2871.44,106.00,158.68
2019-02-24,86419.00,2871.57,106.00,210.80
2019-02-25,86597.92,2871.68,106.00,192.62
2019-02-26,86710.00,2871.75,106.00,158.91
2019-02-27,86909.29,2871.87,106.00,202.92
2019-02-28,87024.00,2871.94,106.00,160.23
2019-03-01,87168.00,2872.03,106.00,175.05
2019-03-02,87264.00,2872.09,106.00,150.82
2019-03-03,87398.88,2872.17,106.00,170.39
2019-03-04,87482.00,2872.22,102.00,140.65
2019-03-05,87610.00,2872.30,96.00,157.47
2019-03-06,87780.00,2872.40,96.00,178.68
2019-03-07,87940.00,2872.50,95.00,171.43
2019-03-08,88068.00,2872.58,95.00,156.34
2019-03-09,88235.00,2872.68,96.00,177.16
2019-03-10,88334.00,2872.74,96.00,142.83
2019-03-11,88414.00,2872.79,96.00,133.18
2019-03-12,88582.96,2872.89,96.00,177.70
2019-03-13,88696.00,2872.96,96.00,149.41
2019-03-14,88811.00,2873.03,96.00,150.87
2019-03-15,88930.00,2873.10,96.00,152.83
2019-03-16,89073.96,2873.19,96.00,165.55
2019-03-17,89209.00,2873.27,96.00,161.54
2019-03-18,89388.31,2873.38,86.00,173.43
2019-03-19,89607.00,2873.51,75.00,182.86
2019-03-20,89871.88,2873.67,75.00,206.20
2019-03-21,90158.16,2873.84,75.00,217.02
2019-03-22,90226.34,2873.88,193.00,239.04
2019-03-23,90175.21,2873.85,292.00,260.22
2019-03-24,90141.13,2873.83,292.00,268.82
2019-03-25,90107.04,2873.81,292.00,269.22
2019-03-26,90192.25,2873.86,241.00,277.02
2019-03-27,90471.00,2874.03,113.00,260.85
2019-03-28,90784.00,2874.22,77.00,233.23
2019-03-29,91141.00,2874.43,76.00,255.40
2019-03-30,91487.75,2874.64,75.00,250.25
2019-03-31,91862.25,2874.86,75.00,264.23
2019-04-01,92260.00,2875.10,74.00,275.99
2019-04-02,92719.29,2875.37,74.00,306.97
2019-04-03,93270.00,2875.70,74.00,353.18
2019-04-04,93899.00,2876.07,74.00,392.72
2019-04-05,94579.00,2876.47,74.00,418.81
2019-04-06,95310.00,2876.90,74.00,444.49
2019-04-07,96204.00,2877.42,74.00,526.11
2019-04-08,97149.00,2877.97,74.00,551.97
2019-04-09,98206.00,2878.58,74.00,608.55
2019-04-10,99144.09,2879.12,74.00,548.90
2019-04-11,100105.87,2879.67,75.00,561.20
2019-04-12,101057.00,2880.21,75.00,556.04
2019-04-13,102010.00,2880.75,75.00,556.97
2019-04-14,102844.00,2881.22,75.00,497.11
2019-04-15,103609.78,2881.65,75.00,462.85
2019-04-16,104356.00,2882.07,75.00,452.96
2019-04-17,105076.00,2882.47,75.00,439.20
2019-04-18,105634.00,2882.78,163.00,470.16
2019-04-19,105670.00,2882.80,624.00,661.39
2019-04-20,105580.00,2882.75,836.00,791.28
2019-04-21,105490.00,2882.70,837.00,789.81
2019-04-22,105364.13,2882.63,838.00,774.67
2019-04-23,105598.00,2882.76,765.00,886.42
2019-04-24,106642.18,2883.34,380.00,943.99
2019-04-25,108074.13,2884.13,120.00,856.23
2019-04-26,109444.35,2884.88,92.00,783.13
2019-04-27,110580.00,2885.50,107.00,680.14
2019-04-28,111747.14,2886.13,130.00,718.89
2019-04-29,112677.14,2886.63,142.00,610.12
2019-04-30,113496.00,2887.07,149.00,561.91
2019-05-01,114205.00,2887.45,166.00,522.79
2019-05-02,114842.00,2887.79,186.00,507.38
2019-05-03,115411.00,2888.09,206.00,493.70
2019-05-04,116066.00,2888.44,215.00,544.23
2019-05-05,116845.23,2888.85,215.00,606.93
2019-05-06,117852.38,2889.38,215.00,721.99
2019-05-07,119087.00,2890.03,216.00,836.44
2019-05-08,120589.05,2890.81,216.00,971.44
2019-05-09,122110.00,2891.60,216.00,980.88
2019-05-10,123023.00,2892.07,565.00,1071.75
2019-05-11,123527.14,2892.33,914.00,1163.92
2019-05-12,124307.00,2892.73,914.00,1303.77
2019-05-13,125620.00,2893.40,514.00,1203.80
2019-05-14,127250.00,2894.23,252.00,1071.53
2019-05-15,128700.00,2894.96,249.00,977.85
2019-05-16,130170.00,2895.70,265.00,1003.13
2019-05-17,131730.00,2896.48,265.00,1048.00
2019-05-18,133139.91,2897.18,265.00,972.80
2019-05-19,134760.00,2897.98,265.00,1078.92
2019-05-20,136514.20,2898.84,232.00,1112.94
2019-05-21,138710.00,2899.91,183.00,1287.28
2019-05-22,140540.00,2900.80,149.00,1069.00
2019-05-23,142042.00,2901.52,182.00,936.31
2019-05-24,142851.00,2901.91,557.00,1006.93
2019-05-25,143019.00,2901.99,888.00,958.33
2019-05-26,143124.00,2902.04,890.00,927.00
2019-05-27,143985.00,2902.45,485.00,949.19
2019-05-28,145454.75,2903.15,260.00,991.00
2019-05-29,147017.95,2903.89,272.00,1050.30
2019-05-30,148520.00,2904.60,291.00,1037.28
2019-05-31,150120.27,2905.35,301.00,1096.22
2019-06-01,151813.69,2906.14,308.00,1148.74
2019-06-02,153387.36,2906.87,309.00,1088.39
2019-06-03,154816.00,2907.53,331.00,1037.07
2019-06-04,155818.00,2907.99,357.00,845.45
2019-06-05,156687.95,2908.39,365.00,784.60
2019-06-06,157502.00,2908.76,355.00,745.74
2019-06-07,158072.00,2909.02,339.00,606.34
2019-06-08,158548.00,2909.24,340.00,558.98
2019-06-09,158922.00,2909.41,341.00,507.56
2019-06-10,159208.00,2909.54,363.00,483.44
2019-06-11,159698.00,2909.76,396.00,616.70
2019-06-12,160362.00,2910.06,409.00,714.98
2019-06-13,161225.00,2910.45,409.00,844.29
2019-06-14,162022.05,2910.81,399.00,802.78
2019-06-15,162472.00,2911.01,395.00,622.66
2019-06-16,162936.00,2911.22,395.00,629.93
2019-06-17,163450.00,2911.45,395.00,655.10
2019-06-18,163963.89,2911.68,387.00,647.32
2019-06-19,164345.28,2911.85,383.00,576.37
2019-06-20,164436.94,2911.89,379.00,425.54
2019-06-21,164504.00,2911.92,382.00,417.89
2019-06-22,164614.00,2911.97,382.00,439.38
2019-06-23,164680.00,2912.00,382.00,417.28
2019-06-24,164818.00,2912.06,366.00,437.94
2019-06-25,165041.78,2912.16,351.00,465.82
2019-06-26,165107.95,2912.19,358.00,393.58
2019-06-27,165107.95,2912.19,369.00,372.04
2019-06-28,165107.95,2912.19,358.00,362.47
2019-06-29,165130.00,2912.20,343.00,357.33
2019-06-30,165603.00,2912.41,336.00,577.98
2019-07-01,165695.00,2912.45,336.00,385.60
2019-07-02,165741.00,2912.47,361.00,390.08
2019-07-03,165695.00,2912.45,388.00,369.18
2019-07-04,165672.00,2912.44,396.00,388.40
2019-07-05,165580.00,2912.40,405.00,364.80
2019-07-06,165426.16,2912.33,418.00,344.89
2019-07-07,165291.00,2912.27,418.00,354.36
2019-07-08,165130.00,2912.20,418.00,341.33
2019-07-09,164954.11,2912.12,417.00,333.82
2019-07-10,164864.00,2912.08,417.00,377.07
2019-07-11,164818.00,2912.06,417.00,399.31
2019-07-12,164703.00,2912.01,417.00,364.52
2019-07-13,164526.00,2911.93,417.00,333.40
2019-07-14,164276.11,2911.82,416.00,296.51
2019-07-15,164076.00,2911.73,416.00,321.85
2019-07-16,163963.89,2911.68,416.00,365.98
2019-07-17,163780.00,2911.60,416.00,329.79
2019-07-18,163714.00,2911.57,416.00,389.22
2019-07-19,163450.00,2911.45,429.00,305.13
2019-07-20,163186.16,2911.33,467.00,339.56
2019-07-21,162626.00,2911.08,497.00,222.59
2019-07-22,162175.89,2910.88,497.00,278.07
2019-07-23,161780.00,2910.70,536.00,348.76
2019-07-24,161087.95,2910.39,552.00,214.97
2019-07-25,160625.89,2910.18,511.00,286.99
2019-07-26,160098.00,2909.94,511.00,253.83
2019-07-27,159583.00,2909.71,526.00,276.54
2019-07-28,158966.00,2909.43,595.00,296.89
2019-07-29,158240.00,2909.10,622.00,268.03
2019-07-30,157546.00,2908.78,611.00,272.11
2019-07-31,156710.00,2908.40,671.00,258.81
2019-08-01,155796.00,2907.98,749.00,300.23
2019-08-02,154687.00,2907.47,832.00,287.60
2019-08-03,153560.00,2906.95,856.00,299.52
2019-08-04,152458.00,2906.44,856.00,312.41
2019-08-05,151300.00,2905.90,844.00,273.39
2019-08-06,150230.00,2905.40,826.00,298.29
2019-08-07,149160.00,2904.90,856.00,331.17
2019-08-08,147990.27,2904.35,910.00,335.04
2019-08-09,146952.33,2903.86,844.00,333.03
2019-08-10,146169.00,2903.49,743.00,359.02
2019-08-11,145433.69,2903.14,677.00,314.90
2019-08-12,144678.00,2902.78,617.00,246.79
2019-08-13,144048.00,2902.48,562.00,256.42
2019-08-14,143396.84,2902.17,540.00,222.27
2019-08-15,142767.36,2901.87,540.00,233.02
2019-08-16,142126.00,2901.56,556.00,241.07
2019-08-17,141380.00,2901.20,578.00,210.54
2019-08-18,140660.30,2900.85,584.00,231.71
2019-08-19,139920.00,2900.50,584.00,221.15
2019-08-20,139159.66,2900.13,600.00,225.11
2019-08-21,138360.00,2899.74,650.00,255.99
2019-08-22,137471.05,2899.31,671.00,234.26
2019-08-23,136618.95,2898.89,671.00,252.79
2019-08-24,135720.00,2898.45,671.00,229.33
2019-08-25,134720.00,2897.96,688.00,196.90
2019-08-26,133830.00,2897.52,666.00,225.83
2019-08-27,133020.09,2897.12,611.00,216.08
2019-08-28,132260.00,2896.74,595.00,222.17
2019-08-29,131450.20,2896.34,622.00,227.25
2019-08-30,130630.00,2895.93,650.00,246.92
2019-08-31,129770.00,2895.50,650.00,226.86
2019-09-01,128900.00,2895.06,671.00,243.30
2019-09-02,127847.00,2894.53,743.00,221.93
2019-09-03,126448.09,2893.82,934.00,242.91
2019-09-04,124520.20,2892.84,1183.00,230.44
2019-09-05,122148.09,2891.62,1412.00,242.76
2019-09-06,119743.33,2890.37,1510.00,313.38
2019-09-07,117433.81,2889.16,1570.00,427.29
2019-09-08,115183.00,2887.97,1570.00,465.21
2019-09-09,112864.00,2886.73,1480.00,326.64
2019-09-10,110599.00,2885.51,1430.00,304.99
2019-09-11,108308.00,2884.26,1430.00,294.02
2019-09-12,105904.00,2882.93,1460.00,264.86
2019-09-13,103484.00,2881.58,1480.00,281.63
2019-09-14,100985.87,2880.17,1500.00,258.65
2019-09-15,98572.00,2878.79,1490.00,289.47
2019-09-16,96289.00,2877.47,1385.00,256.63
2019-09-17,94205.00,2876.25,1268.00,236.93
2019-09-18,92583.00,2875.29,1162.00,355.77
2019-09-19,91022.25,2874.36,1060.00,284.06
2019-09-20,89573.00,2873.49,970.00,250.15
2019-09-21,88068.00,2872.58,964.00,219.67
2019-09-22,86402.00,2871.56,1054.00,228.18
2019-09-23,84765.00,2870.55,1054.00,238.12
2019-09-24,83256.04,2869.61,988.00,239.79
2019-09-25,81793.96,2868.69,946.00,219.40
2019-09-26,80070.00,2867.60,1072.00,214.37
2019-09-27,78318.00,2866.48,1127.00,256.42
2019-09-28,76460.00,2865.28,1141.00,217.86
2019-09-29,74777.92,2864.18,1060.00,224.09
2019-09-30,73335.00,2863.23,928.00,211.65
2019-10-01,72051.93,2862.38,868.00,232.93
2019-10-02,70695.00,2861.47,856.00,183.19
2019-10-03,69350.00,2860.56,844.00,155.21
2019-10-04,67999.78,2859.64,880.00,175.00
2019-10-05,66531.76,2858.63,904.00,182.00
2019-10-06,65091.76,2857.63,904.00,190.00
2019-10-07,63770.00,2856.70,904.00,235.88
2019-10-08,62738.00,2855.97,904.00,379.06
2019-10-09,61492.00,2855.08,880.00,283.46
2019-10-10,60171.76,2854.13,874.00,418.08
2019-10-11,58815.79,2853.14,874.00,201.93
2019-10-12,57526.97,2852.19,850.00,212.78
2019-10-13,56366.06,2851.32,780.00,197.55
2019-10-14,55397.00,2850.59,691.00,192.70
2019-10-15,54646.00,2850.02,574.00,177.32
2019-10-16,54230.00,2849.70,423.00,197.25
2019-10-17,54295.00,2849.75,262.00,289.87
2019-10-18,54659.00,2850.03,130.00,321.59
2019-10-19,55154.00,2850.41,82.00,333.67
2019-10-20,55487.87,2850.66,72.00,242.37
2019-10-21,55842.00,2850.93,71.00,252.51
2019-10-22,56948.00,2851.76,71.00,631.42
2019-10-23,57666.00,2852.29,70.00,436.59
2019-10-24,58350.00,2852.80,71.00,420.25
2019-10-25,58581.00,2852.97,70.00,191.78
2019-10-26,59030.00,2853.30,70.00,302.04
2019-10-27,59414.00,2853.58,71.00,261.46
2019-10-28,59790.17,2853.85,70.00,257.72
2019-10-29,59990.00,2854.00,70.00,169.15
2019-10-30,60213.86,2854.16,69.00,181.26
2019-10-31,60475.16,2854.35,69.00,200.14
2019-11-01,60792.00,2854.58,66.00,225.08
2019-11-02,61030.00,2854.75,63.00,182.79
2019-11-03,61268.00,2854.92,63.00,182.79
2019-11-04,61492.00,2855.08,63.00,175.73
2019-11-05,61730.00,2855.25,63.00,182.41
2019-11-06,61966.00,2855.42,65.00,182.55
2019-11-07,62160.00,2855.56,68.00,164.14
2019-11-08,62402.00,2855.73,68.00,188.83
2019-11-09,62584.21,2855.86,68.00,158.59
2019-11-10,62808.00,2856.02,68.00,179.80
2019-11-11,63060.00,2856.20,68.00,194.04
2019-11-12,63284.21,2856.36,69.00,179.95
2019-11-13,63694.82,2856.65,66.00,271.62
2019-11-14,63798.00,2856.72,65.00,114.82
2019-11-15,63966.14,2856.84,65.00,147.51
2019-11-16,64260.00,2857.05,65.00,210.96
2019-11-17,64536.00,2857.24,65.00,201.86
2019-11-18,64648.07,2857.32,65.00,119.32
2019-11-19,64960.00,2857.54,65.00,220.06
2019-11-20,65161.93,2857.68,66.00,164.61
2019-11-21,65396.14,2857.84,66.00,180.88
2019-11-22,65564.00,2857.96,66.00,147.43
2019-11-23,65839.83,2858.15,66.00,201.81
2019-11-24,65970.00,2858.24,66.00,128.32
2019-11-25,66158.24,2858.37,66.00,157.71
2019-11-26,66355.00,2858.51,66.00,162.28
2019-11-27,66545.80,2858.64,67.00,159.40
2019-11-28,66735.00,2858.77,67.00,158.23
2019-11-29,66836.14,2858.84,67.00,113.81
2019-11-30,66980.00,2858.94,67.00,135.42
2019-12-01,67154.00,2859.06,67.00,150.55
2019-12-02,67430.00,2859.25,67.00,201.96
2019-12-03,67620.30,2859.38,68.00,158.74
2019-12-04,67725.00,2859.45,68.00,115.59
2019-12-05,67940.00,2859.60,68.00,171.20
2019-12-06,68118.00,2859.72,68.00,152.54
2019-12-07,68320.22,2859.86,68.00,164.81
2019-12-08,68515.00,2859.99,68.00,161.03
2019-12-09,68685.04,2860.11,68.00,148.62
2019-12-10,68865.00,2860.23,68.00,153.68
2019-12-11,69075.26,2860.37,68.00,169.10
2019-12-12,69350.00,2860.56,68.00,201.93
2019-12-13,69574.00,2860.71,68.00,176.37
2019-12-14,69745.11,2860.83,68.00,149.54
2019-12-15,69895.00,2860.93,68.00,138.81
2019-12-16,70015.00,2861.01,68.00,123.97
2019-12-17,70165.04,2861.11,68.00,138.98
2019-12-18,70342.00,2861.23,68.00,152.53
2019-12-19,70620.00,2861.42,68.00,202.54
2019-12-20,71835.00,2862.23,64.00,671.31
2019-12-21,73815.00,2863.55,61.00,1054.14
2019-12-22,74945.00,2864.29,61.00,625.57
2019-12-23,75705.00,2864.79,61.00,439.16
2019-12-24,76355.00,2865.21,61.00,383.77
2019-12-25,76905.00,2865.57,61.00,333.41
2019-12-26,77465.00,2865.93,61.00,337.86
2019-12-27,77819.85,2866.16,60.00,233.30
2019-12-28,78254.00,2866.44,60.00,273.28
2019-12-29,78643.96,2866.69,60.00,251.01
2019-12-30,79018.00,2866.93,60.00,242.98
2019-12-31,79632.08,2867.32,61.00,364.71
2020-01-01,80876.04,2868.11,60.00,682.26
2020-01-02,81570.00,2868.55,60.00,404.94
2020-01-03,82232.00,2868.97,60.00,388.70
2020-01-04,83032.00,2869.47,61.00,458.69
2020-01-05,83576.04,2869.81,61.00,329.63
2020-01-06,84472.27,2870.37,61.00,507.70
2020-01-07,85282.27,2870.87,60.00,462.98
2020-01-08,86012.08,2871.32,58.00,420.78
2020-01-09,86662.00,2871.72,58.00,380.62
2020-01-10,87331.13,2872.13,58.00,390.35
2020-01-11,88004.00,2872.54,58.00,392.17
2020-01-12,88664.00,2872.94,58.00,385.74
2020-01-13,89073.96,2873.19,58.00,259.68
2020-01-14,89556.00,2873.48,58.00,296.04
2020-01-15,90005.00,2873.75,58.00,279.41
2020-01-16,90404.00,2873.99,58.00,254.16
2020-01-17,90767.00,2874.21,57.00,235.06
2020-01-18,91209.00,2874.47,57.00,274.27
2020-01-19,91538.88,2874.67,57.00,217.74
2020-01-20,92226.00,2875.08,57.00,398.01
2020-01-21,92175.00,2875.05,57.00,26.02
2020-01-22,92600.00,2875.30,57.00,266.06
2020-01-23,93252.96,2875.69,57.00,381.00
2020-01-24,93967.04,2876.11,57.00,412.27
2020-01-25,94664.00,2876.52,58.00,404.35
2020-01-26,95344.00,2876.92,58.00,395.83
2020-01-27,96068.16,2877.34,58.00,418.12
2020-01-28,96824.00,2877.78,58.00,434.11
2020-01-29,97477.82,2878.16,58.00,382.66
2020-01-30,98223.00,2878.59,58.00,428.71
2020-01-31,99059.00,2879.07,59.00,475.88
2020-02-01,101444.00,2880.43,61.00,1258.09
2020-02-02,103645.87,2881.67,61.00,1165.62
2020-02-03,105328.05,2882.61,61.00,903.64
2020-02-04,106750.00,2883.40,61.00,772.01
2020-02-05,108513.33,2884.37,59.00,944.01
2020-02-06,111709.05,2886.11,61.00,1667.04
2020-02-07,116693.00,2888.77,62.00,2570.03
2020-02-08,120319.85,2890.67,63.00,1886.72
2020-02-09,122870.00,2891.99,62.00,1343.40
2020-02-10,124760.00,2892.96,62.00,1010.08
2020-02-11,126410.00,2893.80,62.00,888.77
2020-02-12,127809.00,2894.51,62.00,762.51
2020-02-13,129059.70,2895.14,62.00,687.29
2020-02-14,130149.95,2895.69,60.00,605.93
2020-02-15,131190.00,2896.21,60.00,580.49
2020-02-16,132119.86,2896.67,60.00,524.86
2020-02-17,132960.00,2897.09,60.00,479.55
2020-02-18,133710.00,2897.46,60.00,434.19
2020-02-19,134400.00,2897.80,62.00,404.42
2020-02-20,135070.14,2898.13,60.00,393.30
2020-02-21,135720.00,2898.45,60.00,382.87
2020-02-22,136310.00,2898.74,59.00,352.51
2020-02-23,137000.00,2899.08,60.00,403.12
2020-02-24,137555.25,2899.35,59.00,335.02
2020-02-25,138070.00,2899.60,60.00,315.22
2020-02-26,138564.20,2899.84,60.00,304.67
2020-02-27,139120.05,2900.11,60.00,335.86
2020-02-28,139657.36,2900.37,60.00,326.34
2020-02-29,140151.05,2900.61,60.00,304.25
2020-03-01,140888.00,2900.96,60.00,426.99
2020-03-02,141128.00,2901.08,59.00,176.09
2020-03-03,141643.16,2901.33,60.00,314.96
2020-03-04,142126.00,2901.56,60.00,298.92
2020-03-05,142662.11,2901.82,60.00,325.72
2020-03-06,143082.00,2902.02,60.00,267.39
2020-03-07,143586.00,2902.26,60.00,309.78
2020-03-08,144006.00,2902.46,60.00,267.46
2020-03-09,144425.80,2902.66,60.00,267.30
2020-03-10,144908.95,2902.89,60.00,299.29
2020-03-11,145329.00,2903.09,57.00,264.77
2020-03-12,145686.00,2903.26,65.00,240.93
2020-03-13,146106.00,2903.46,71.00,279.95
2020-03-14,146715.00,2903.75,71.00,375.41
2020-03-15,146842.05,2903.81,70.00,132.41
2020-03-16,147187.00,2903.97,90.00,262.78
2020-03-17,147502.11,2904.12,89.00,247.63
2020-03-18,147838.00,2904.28,83.00,251.77
2020-03-19,148163.00,2904.43,83.00,246.27
2020-03-20,148541.05,2904.61,83.00,272.72
2020-03-21,148862.00,2904.76,83.00,244.05
2020-03-22,149244.00,2904.94,83.00,274.95
2020-03-23,149611.05,2905.11,83.00,267.29
2020-03-24,150010.00,2905.30,77.00,277.91
2020-03-25,150398.00,2905.48,73.00,267.97
2020-03-26,150723.16,2905.63,74.00,237.45
2020-03-27,151102.05,2905.81,75.00,265.94
2020-03-28,151468.00,2905.98,75.00,259.70
2020-03-29,151793.16,2906.13,75.00,239.20
2020-03-30,152348.95,2906.39,75.00,355.51
2020-03-31,152737.00,2906.57,102.00,296.85
2020-04-01,152953.84,2906.67,157.00,263.37
2020-04-02,153086.00,2906.73,210.00,272.54
2020-04-03,153042.00,2906.71,276.00,242.74
2020-04-04,153020.00,2906.70,287.00,262.28
2020-04-05,153042.00,2906.71,239.00,237.19
2020-04-06,153174.00,2906.77,203.00,254.23
2020-04-07,153174.00,2906.77,265.00,246.52
2020-04-08,153108.00,2906.74,307.00,273.72
2020-04-09,153064.00,2906.72,307.00,284.82
2020-04-10,153196.00,2906.78,307.00,373.55
2020-04-11,153324.20,2906.84,307.00,371.64
2020-04-12,153366.31,2906.86,392.00,430.82
2020-04-13,152006.00,2906.23,1072.00,465.53
2020-04-14,149590.00,2905.10,1720.00,499.96
2020-04-15,148352.00,2904.52,1048.00,481.81
2020-04-16,148352.00,2904.52,455.00,470.76
2020-04-17,148730.00,2904.70,283.00,473.22
2020-04-18,149244.00,2904.94,250.00,509.14
2020-04-19,149842.00,2905.22,226.00,526.85
2020-04-20,150594.00,2905.57,195.00,573.50
2020-04-21,151489.00,2905.99,170.00,621.27
2020-04-22,152590.00,2906.50,160.00,715.19
2020-04-23,153324.20,2906.84,380.00,798.32
2020-04-24,153152.00,2906.76,928.00,845.89
2020-04-25,152758.00,2906.58,1102.00,902.80
2020-04-26,153152.00,2906.76,798.00,1006.75
2020-04-27,154298.00,2907.29,322.00,931.60
2020-04-28,155906.00,2908.03,180.00,990.37
2020-04-29,157480.00,2908.75,160.00,953.56
2020-04-30,159252.00,2909.56,160.00,1053.38
2020-05-01,160890.00,2910.30,170.00,994.94
2020-05-02,162494.00,2911.02,180.00,988.71
2020-05-03,163894.72,2911.65,180.00,886.20
2020-05-04,165130.00,2912.20,198.00,820.93
2020-05-05,166260.00,2912.70,211.00,780.80
2020-05-06,167413.00,2913.21,211.00,792.30
2020-05-07,168497.95,2913.69,211.00,758.03
2020-05-08,169506.16,2914.13,211.00,719.30
2020-05-09,170603.06,2914.61,211.00,764.02
2020-05-10,171477.00,2914.99,436.00,914.30
2020-05-11,172006.00,2915.22,826.00,1095.89
2020-05-12,172396.94,2915.39,940.00,1135.24
2020-05-13,173156.00,2915.72,666.00,1051.21
2020-05-14,174524.06,2916.31,298.00,1006.04
2020-05-15,175992.00,2916.94,195.00,935.19
2020-05-16,177471.00,2917.57,195.00,940.66
2020-05-17,178857.78,2918.16,265.00,964.27
2020-05-18,180255.00,2918.75,301.00,1005.53
2020-05-19,181752.47,2919.38,220.00,977.67
2020-05-20,183120.00,2919.95,183.00,871.96
2020-05-21,184680.00,2920.60,183.00,969.00
2020-05-22,185865.00,2921.09,195.00,793.22
2020-05-23,186860.00,2921.50,217.00,719.01
2020-05-24,187830.00,2921.90,238.00,727.71
2020-05-25,188900.25,2922.34,262.00,802.23
2020-05-26,190280.00,2922.90,329.00,1025.81
2020-05-27,191085.00,2923.23,688.00,1110.15
2020-05-28,190985.94,2923.19,1148.00,1104.39
2020-05-29,190889.70,2923.15,1260.00,1212.60
2020-05-30,192075.19,2923.63,1012.00,1619.10
2020-05-31,193764.06,2924.31,820.00,1672.37
2020-06-01,194905.00,2924.77,595.00,1171.63
2020-06-02,195705.00,2925.09,545.00,948.45
2020-06-03,196355.31,2925.35,606.00,933.60
2020-06-04,196714.00,2925.49,700.00,880.47
2020-06-05,197089.64,2925.64,701.00,888.47
2020-06-06,197766.00,2925.91,675.00,1014.93
2020-06-07,197896.00,2925.96,715.00,773.19
2020-06-08,197340.00,2925.74,1084.00,837.12
2020-06-09,195755.06,2925.11,1463.00,649.36
2020-06-10,194755.00,2924.71,1465.00,947.36
2020-06-11,193812.17,2924.33,1467.00,975.71
2020-06-12,193464.94,2924.19,1217.00,1061.05
2020-06-13,194105.00,2924.45,623.00,936.59
2020-06-14,194654.81,2924.67,462.00,727.20
2020-06-15,195030.13,2924.82,463.00,639.22
2020-06-16,195480.00,2925.00,464.00,676.71
2020-06-17,195854.69,2925.15,465.00,638.85
2020-06-18,196080.00,2925.24,579.00,677.61
2020-06-19,196480.00,2925.40,569.00,752.22
2020-06-20,197040.13,2925.62,631.00,894.60
2020-06-21,197565.19,2925.83,681.00,926.08
2020-06-22,197818.00,2925.93,880.00,989.44
2020-06-23,197714.94,2925.89,1009.00,938.76
2020-06-24,197870.00,2925.95,935.00,994.81
2020-06-25,197818.00,2925.93,986.00,943.13
2020-06-26,197515.06,2925.81,1061.00,898.18
2020-06-27,197114.69,2925.65,1065.00,851.33
2020-06-28,196584.00,2925.44,1026.00,752.73
2020-06-29,195904.81,2925.17,939.00,593.79
2020-06-30,195680.00,2925.08,789.00,674.72
2020-07-01,195430.00,2924.98,693.00,568.15
2020-07-02,195280.00,2924.92,606.00,530.71
2020-07-03,195455.00,2924.99,545.00,637.37
2020-07-04,195230.00,2924.90,515.00,401.56
2020-07-05,195155.42,2924.87,515.00,477.40
2020-07-06,195055.19,2924.83,495.00,445.35
2020-07-07,195055.19,2924.83,475.00,475.00
2020-07-08,195080.25,2924.84,475.00,487.64
2020-07-09,195130.36,2924.86,475.00,500.26
2020-07-10,195030.13,2924.82,475.00,424.47
2020-07-11,194980.00,2924.80,475.00,449.73
2020-07-12,194880.00,2924.76,475.00,424.48
2020-07-13,194654.81,2924.67,545.00,436.96
2020-07-14,192990.00,2924.00,1284.00,444.01
2020-07-15,191335.19,2923.33,1294.00,457.86
2020-07-16,189683.77,2922.66,1295.00,458.91
2020-07-17,188560.00,2922.20,1063.00,506.48
2020-07-18,188120.00,2922.02,659.00,435.75
2020-07-19,187902.00,2921.93,520.00,405.94
2020-07-20,187755.42,2921.87,506.00,426.10
2020-07-21,187655.19,2921.83,507.00,449.47
2020-07-22,187508.00,2921.77,508.00,425.90
2020-07-23,187243.77,2921.66,509.00,366.78
2020-07-24,186932.00,2921.53,510.00,342.82
2020-07-25,186514.36,2921.36,525.00,305.79
2020-07-26,186105.94,2921.19,541.00,323.98
2020-07-27,185690.00,2921.02,542.00,320.30
2020-07-28,185375.94,2920.89,543.00,371.66
2020-07-29,185064.00,2920.76,544.00,372.73
2020-07-30,184752.17,2920.63,545.00,372.68
2020-07-31,184560.00,2920.55,546.00,433.01
2020-08-01,184104.36,2920.36,547.00,300.33
2020-08-02,183671.88,2920.18,548.00,311.90
2020-08-03,183216.00,2919.99,549.00,300.06
2020-08-04,182784.06,2919.81,551.00,312.23
2020-08-05,182352.17,2919.63,556.00,315.72
2020-08-06,181800.00,2919.40,567.00,267.08
2020-08-07,181320.00,2919.20,567.00,303.00
2020-08-08,180778.00,2918.97,567.00,271.59
2020-08-09,180186.00,2918.72,567.00,246.53
2020-08-10,179591.00,2918.47,567.00,245.08
2020-08-11,179046.00,2918.24,567.00,270.18
2020-08-12,178342.00,2917.94,598.00,221.81
2020-08-13,177612.17,2917.63,618.00,231.82
2020-08-14,176863.06,2917.31,649.00,254.64
2020-08-15,176015.00,2916.95,702.00,261.70
2020-08-16,175131.00,2916.57,755.00,298.06
2020-08-17,174270.00,2916.20,775.00,330.57
2020-08-18,173317.00,2915.79,789.00,300.46
2020-08-19,172351.39,2915.37,771.00,278.11
2020-08-20,171339.00,2914.93,799.00,281.69
2020-08-21,170327.00,2914.49,828.00,309.64
2020-08-22,169279.00,2914.03,829.00,291.35
2020-08-23,168409.73,2913.65,720.00,269.71
2020-08-24,167708.22,2913.34,611.00,246.20
2020-08-25,166962.00,2913.01,612.00,223.84
2020-08-26,166099.17,2912.63,662.00,212.31
2020-08-27,165199.00,2912.23,691.00,224.17
2020-08-28,164322.22,2911.84,692.00,236.45
2020-08-29,163384.00,2911.42,715.00,226.38
2020-08-30,162381.00,2910.97,727.00,203.69
2020-08-31,161362.00,2910.51,728.00,196.25
2020-09-01,160252.00,2910.01,853.00,275.14
2020-09-02,158636.00,2909.28,1082.00,249.09
2020-09-03,156622.33,2908.36,1266.00,226.97
2020-09-04,154364.11,2907.32,1440.00,272.91
2020-09-05,151686.00,2906.08,1658.00,266.66
2020-09-06,148730.00,2904.70,1836.00,305.76
2020-09-07,145602.00,2903.22,1945.00,331.14
2020-09-08,142147.00,2901.57,2009.00,227.12
2020-09-09,138770.00,2899.94,2051.00,311.08
2020-09-10,135330.00,2898.26,2060.00,295.42
2020-09-11,131750.00,2896.49,2123.00,290.77
2020-09-12,128159.95,2894.69,2170.00,330.57
2020-09-13,124440.00,2892.80,2195.00,289.19
2020-09-14,120893.00,2890.97,2137.00,331.02
2020-09-15,117471.91,2889.18,2046.00,301.51
2020-09-16,114243.00,2887.47,1934.00,293.56
2020-09-17,111176.09,2885.82,1854.00,294.79
2020-09-18,108308.00,2884.26,1752.00,298.65
2020-09-19,105706.09,2882.82,1588.00,264.35
2020-09-20,103214.00,2881.43,1530.00,261.85
2020-09-21,100758.00,2880.04,1492.00,250.31
2020-09-22,98324.79,2878.65,1450.00,224.21
2020-09-23,96119.29,2877.37,1410.00,298.46
2020-09-24,94409.29,2876.37,1328.00,468.58
2020-09-25,92549.00,2875.27,1255.00,326.17
2020-09-26,90801.00,2874.23,1218.00,345.54
2020-09-27,89124.00,2873.22,1160.00,325.12
2020-09-28,87398.88,2872.17,1123.00,261.77
2020-09-29,85692.08,2871.12,1097.00,247.73
2020-09-30,84119.80,2870.15,1018.00,236.81
2020-10-01,82776.04,2869.31,910.00,243.77
2020-10-02,81426.00,2868.46,904.00,236.39
2020-10-03,79974.00,2867.54,946.00,225.39
2020-10-04,78455.00,2866.57,982.00,225.61
2020-10-05,76875.00,2865.55,1006.00,222.51
2020-10-06,75215.00,2864.47,1054.00,226.65
2020-10-07,73455.04,2863.31,1084.00,210.19
2020-10-08,71595.00,2862.07,1120.00,194.71
2020-10-09,69588.00,2860.72,1204.00,204.40
2020-10-10,67650.00,2859.40,1239.00,275.67
2020-10-11,65895.97,2858.19,1239.00,367.69
2020-10-12,65396.14,2857.84,1134.00,898.64
2020-10-13,65494.00,2857.91,903.00,963.75
2020-10-14,65853.86,2858.16,653.00,847.72
2020-10-15,65867.90,2858.17,503.00,525.35
2020-10-16,66045.00,2858.29,398.00,499.49
2020-10-17,66630.00,2858.70,290.00,596.43
2020-10-18,67098.00,2859.02,253.00,497.86
2020-10-19,67650.00,2859.40,155.00,447.90
2020-10-20,68118.00,2859.72,98.00,333.57
2020-10-21,68455.00,2859.95,88.00,259.17
2020-10-22,68820.00,2860.20,81.00,264.77
2020-10-23,69148.00,2860.42,81.00,246.34
2020-10-24,69865.00,2860.91,81.00,442.55
2020-10-25,70342.00,2861.23,81.00,321.60
2020-10-26,70725.00,2861.49,81.00,274.14
2020-10-27,71100.00,2861.74,82.00,271.45
2020-10-28,71400.00,2861.94,83.00,235.83
2020-10-29,71744.89,2862.17,85.00,258.79
2020-10-30,72052.27,2862.38,85.00,239.75
2020-10-31,72352.00,2862.58,85.00,236.27
2020-11-01,72630.00,2862.76,85.00,225.34
2020-11-02,72885.00,2862.93,85.00,214.02
2020-11-03,73155.04,2863.11,85.00,221.17
2020-11-04,73574.96,2863.39,82.00,294.81
2020-11-05,74365.00,2863.91,83.00,482.83
2020-11-06,75080.30,2864.38,87.00,449.13
2020-11-07,75570.00,2864.70,87.00,335.38
2020-11-08,75985.00,2864.97,87.00,297.74
2020-11-09,76340.00,2865.20,87.00,267.67
2020-11-10,76752.00,2865.47,87.00,296.44
2020-11-11,77093.96,2865.69,87.00,261.37
2020-11-12,77356.23,2865.86,87.00,221.37
2020-11-13,77730.00,2866.10,88.00,277.81
2020-11-14,78160.30,2866.38,88.00,306.33
2020-11-15,78548.12,2866.63,88.00,285.17
2020-11-16,78940.30,2866.88,88.00,287.71
2020-11-17,79472.00,2867.22,88.00,358.05
2020-11-18,80149.80,2867.65,88.00,431.73
2020-11-19,80716.00,2868.01,90.00,376.43
2020-11-20,81155.00,2868.29,91.00,314.33
2020-11-21,81538.00,2868.53,91.00,286.10
2020-11-22,81930.00,2868.78,91.00,290.65
2020-11-23,82296.00,2869.01,91.00,277.48
2020-11-24,82680.00,2869.25,91.00,286.72
2020-11-25,82984.00,2869.44,91.00,246.53
2020-11-26,83272.08,2869.62,91.00,238.33
2020-11-27,83576.04,2869.81,91.00,246.36
2020-11-28,83848.00,2869.98,91.00,230.21
2020-11-29,84119.80,2870.15,91.00,230.28
2020-11-30,84456.23,2870.36,91.00,263.04
2020-12-01,84616.00,2870.46,92.00,175.06
2020-12-02,84816.00,2870.58,95.00,197.85
2020-12-03,85026.00,2870.71,97.00,204.83
2020-12-04,85250.20,2870.85,97.00,212.12
2020-12-05,85442.00,2870.97,97.00,195.78
2020-12-06,85643.00,2871.09,97.00,200.34
2020-12-07,85884.00,2871.24,97.00,220.60
2020-12-08,86123.96,2871.39,97.00,220.08
2020-12-09,86502.08,2871.62,97.00,289.54
2020-12-10,86892.25,2871.86,97.00,295.93
2020-12-11,87200.00,2872.05,97.00,254.35
2020-12-12,87398.88,2872.17,96.00,199.57
2020-12-13,87746.34,2872.38,96.00,274.48
2020-12-14,88036.00,2872.56,96.00,245.34
2020-12-15,88366.00,2872.76,96.00,265.61
2020-12-16,88632.00,2872.92,96.00,233.73
2020-12-17,88879.00,2873.07,96.00,224.14
2020-12-18,89226.00,2873.28,96.00,274.50
2020-12-19,89522.00,2873.46,96.00,249.08
2020-12-20,90372.00,2873.97,98.00,529.35
2020-12-21,91521.84,2874.66,98.00,680.55
2020-12-22,92889.00,2875.47,98.00,790.34
2020-12-23,93865.00,2876.05,98.00,593.50
2020-12-24,94698.00,2876.54,99.00,521.70
2020-12-25,95292.96,2876.89,99.00,401.83
2020-12-26,95830.00,2877.20,98.00,372.28
2020-12-27,96374.00,2877.52,99.00,375.98
2020-12-28,96962.25,2877.86,99.00,398.22
2020-12-29,97217.00,2878.01,99.00,230.21
2020-12-30,97737.04,2878.31,99.00,364.22
2020-12-31,98155.00,2878.55,99.00,312.80
2021-01-01,98641.13,2878.83,99.00,347.40
2021-01-02,99110.00,2879.10,99.00,338.66
2021-01-03,99738.00,2879.46,99.00,419.20
2021-01-04,100474.35,2879.88,99.00,474.10
2021-01-05,100878.05,2880.11,100.00,306.75
2021-01-06,101534.00,2880.48,100.00,434.16
2021-01-07,102028.00,2880.76,94.00,347.11
2021-01-08,102504.00,2881.03,89.00,332.73
2021-01-09,102912.00,2881.26,88.00,297.37
2021-01-10,103358.00,2881.51,88.00,316.51
2021-01-11,103836.00,2881.78,88.00,333.05
2021-01-12,105184.00,2882.53,89.00,772.72
2021-01-13,109660.00,2885.00,91.00,2350.75
2021-01-14,112212.38,2886.38,91.00,1381.10
2021-01-15,114038.27,2887.36,91.00,1015.07
2021-01-16,115505.72,2888.14,91.00,834.42
2021-01-17,116674.00,2888.76,91.00,683.57
2021-01-18,117738.09,2889.32,91.00,631.07
2021-01-19,118669.05,2889.81,91.00,563.98
2021-01-20,119458.00,2890.22,91.00,492.40
2021-01-21,120240.15,2890.63,89.00,486.87
2021-01-22,120931.00,2890.99,86.00,438.53
2021-01-23,121549.05,2891.31,86.00,401.97
2021-01-24,122185.72,2891.64,86.00,411.38
2021-01-25,122730.00,2891.92,86.00,364.86
2021-01-26,123259.95,2892.19,86.00,357.91
2021-01-27,123820.00,2892.48,86.00,373.04
2021-01-28,124326.00,2892.74,86.00,345.66
2021-01-29,124760.00,2892.96,86.00,309.54
2021-01-30,125306.00,2893.24,87.00,366.39
2021-01-31,125660.00,2893.42,87.00,269.80
2021-02-01,126189.95,2893.69,87.00,358.55
2021-02-02,126780.00,2893.99,87.00,388.94
2021-02-03,127210.00,2894.21,87.00,308.21
2021-02-04,127750.00,2894.48,87.00,363.52
2021-02-05,128040.15,2894.63,87.00,237.60
2021-02-06,128620.00,2894.92,87.00,383.45
2021-02-07,128820.00,2895.02,87.00,192.36
2021-02-08,129220.00,2895.22,87.00,293.23
2021-02-09,129550.95,2895.39,88.00,258.40
2021-02-10,129870.00,2895.55,88.00,252.46
2021-02-11,130190.00,2895.71,88.00,253.20
2021-02-12,130510.34,2895.87,88.00,253.51
2021-02-13,130910.00,2896.07,88.00,293.35
2021-02-14,131250.00,2896.24,90.00,263.79
2021-02-15,131710.00,2896.47,90.00,324.60
2021-02-16,132099.80,2896.66,93.00,291.94
2021-02-17,132400.05,2896.81,93.00,248.06
2021-02-18,132720.00,2896.97,94.00,256.71
2021-02-19,133059.70,2897.14,94.00,266.55
2021-02-20,133380.00,2897.30,92.00,256.64
2021-02-21,133850.00,2897.53,94.00,332.40
2021-02-22,134400.00,2897.80,96.00,374.14
2021-02-23,135010.00,2898.10,93.00,402.66
2021-02-24,135370.00,2898.28,93.00,275.51
2021-02-25,135880.00,2898.53,92.00,350.83
2021-02-26,136310.00,2898.74,93.00,310.89
2021-02-27,136660.00,2898.91,93.00,270.47
2021-02-28,137000.00,2899.08,94.00,265.26
2021-03-01,137370.00,2899.26,94.00,280.87
2021-03-02,137700.00,2899.42,94.00,260.78
2021-03-03,138049.00,2899.59,94.00,270.38
2021-03-04,138360.00,2899.74,94.00,251.20
2021-03-05,138710.00,2899.91,94.00,270.90
2021-03-06,139100.00,2900.10,94.00,291.05
2021-03-07,139384.00,2900.24,95.00,237.64
2021-03-08,139800.00,2900.44,95.00,304.22
2021-03-09,140067.00,2900.57,95.00,229.08
2021-03-10,140340.00,2900.70,95.00,232.12
2021-03-11,140612.17,2900.83,95.00,231.58
2021-03-12,141023.00,2901.03,95.00,301.56
2021-03-13,141337.89,2901.18,96.00,253.23
2021-03-14,141520.00,2901.27,96.00,186.28
2021-03-15,141811.00,2901.41,96.00,241.10
2021-03-16,142084.00,2901.54,96.00,232.65
2021-03-17,142356.84,2901.67,95.00,230.53
2021-03-18,142662.11,2901.82,95.00,246.90
2021-03-19,143019.00,2901.99,95.00,272.95
2021-03-20,143375.80,2902.16,95.00,272.78
2021-03-21,143649.00,2902.29,95.00,230.69
2021-03-22,144027.00,2902.47,95.00,283.53
2021-03-23,144321.05,2902.61,95.00,241.22
2021-03-24,144636.00,2902.76,95.00,251.76
2021-03-25,144972.00,2902.92,95.00,262.37
2021-03-26,145308.00,2903.08,95.00,262.31
2021-03-27,145581.00,2903.21,95.00,230.72
2021-03-28,146043.00,2903.43,95.00,326.34
2021-03-29,146421.05,2903.61,95.00,284.05
2021-03-30,146799.00,2903.79,95.00,284.12
2021-03-31,147187.00,2903.97,95.00,289.25
2021-04-01,147543.69,2904.14,95.00,273.46
2021-04-02,148012.33,2904.36,95.00,329.98
2021-04-03,148205.00,2904.45,211.00,345.97
2021-04-04,147543.69,2904.14,526.00,184.48
2021-04-05,147376.00,2904.06,521.00,430.95
2021-04-06,147754.00,2904.24,333.00,550.84
2021-04-07,147502.00,2904.27,166.00,36.61
2021-04-08,148163.00,2904.43,167.00,496.35
2021-04-09,148289.00,2904.49,249.00,309.90
2021-04-10,148373.00,2904.53,349.00,385.45
2021-04-11,148415.00,2904.55,372.00,385.18
2021-04-12,148499.00,2904.59,361.00,396.04
2021-04-13,148478.00,2904.58,340.00,321.34
2021-04-14,148499.00,2904.59,340.00,342.59
2021-04-15,148583.16,2904.63,312.00,345.93
2021-04-16,149265.00,2904.95,273.00,607.45
2021-04-17,149138.95,2904.89,494.00,448.38
2021-04-18,148774.00,2904.72,715.00,514.95
2021-04-19,148752.00,2904.71,716.00,687.97
2021-04-20,148862.00,2904.76,640.00,677.59
2021-04-21,149265.00,2904.95,532.00,718.13
2021-04-22,149800.00,2905.20,532.00,784.73
2021-04-23,150293.00,2905.43,533.00,763.66
2021-04-24,150827.89,2905.68,534.00,784.73
2021-04-25,151146.16,2905.83,534.00,675.46
2021-04-26,151321.00,2905.91,633.00,702.05
2021-04-27,151234.38,2905.87,788.00,720.98
2021-04-28,150848.95,2905.69,788.00,570.97
2021-04-29,151321.00,2905.91,467.00,716.02
2021-04-30,153494.00,2906.92,255.00,1336.41
2021-05-01,155211.00,2907.71,213.00,1065.65
2021-05-02,156732.00,2908.41,213.00,966.84
2021-05-03,157932.00,2908.93,214.00,804.95
2021-05-04,159208.00,2909.54,316.00,971.89
2021-05-05,159675.00,2909.75,771.00,978.73
2021-05-06,160054.00,2909.92,834.00,996.57
2021-05-07,160890.00,2910.30,613.00,1007.01
2021-05-08,161912.00,2910.76,493.00,980.21
2021-05-09,162358.00,2910.96,493.00,689.91
2021-05-10,163274.38,2911.37,328.00,785.08
2021-05-11,164526.00,2911.93,280.00,893.43
2021-05-12,165603.00,2912.06,304.00,829.72
2021-05-13,166414.00,2912.77,317.00,706.91
2021-05-14,167955.00,2913.45,317.00,1075.02
2021-05-15,169683.00,2914.21,317.00,1168.98
2021-05-16,171592.00,2915.04,318.00,1260.45
2021-05-17,173764.00,2915.98,318.00,1394.52
2021-05-18,175992.00,2916.94,322.00,1423.71
2021-05-19,177731.88,2917.68,322.00,1177.02
2021-05-20,179022.00,2918.23,319.00,948.67
2021-05-21,179545.00,2918.45,601.00,849.23
2021-05-22,179637.00,2918.49,783.00,788.93
2021-05-23,179732.00,2918.53,784.00,790.72
2021-05-24,179852.00,2918.58,785.00,804.53
2021-05-25,179804.00,2918.56,968.00,899.09
2021-05-26,179684.00,2918.51,1059.00,954.19
2021-05-27,179568.00,2918.46,1155.00,1050.95
2021-05-28,179382.47,2918.38,1162.00,1018.08
2021-05-29,179499.00,2918.43,946.00,954.25
2021-05-30,179900.00,2918.60,782.00,940.45
2021-05-31,180706.00,2918.94,677.00,1039.90
2021-06-01,182352.17,2919.63,551.00,1342.75
2021-06-02,184944.00,2920.71,436.00,1706.71
2021-06-03,187730.36,2921.86,436.00,1804.84
2021-06-04,190105.19,2922.83,436.00,1597.97
2021-06-05,191900.00,2923.56,436.00,1305.43
2021-06-06,193315.19,2924.13,436.00,1113.68
2021-06-07,194255.00,2924.51,436.00,873.70
2021-06-08,194980.00,2924.80,436.00,765.34
2021-06-09,195230.00,2924.90,650.00,734.64
2021-06-10,194280.00,2924.52,1169.00,670.90
2021-06-11,192865.00,2923.95,1500.00,705.87
2021-06-12,191435.42,2923.37,1500.00,701.24
2021-06-13,190645.00,2923.05,1340.00,881.35
2021-06-14,191654.00,2923.46,868.00,1345.35
2021-06-15,192596.23,2923.84,666.00,1094.29
2021-06-16,193265.06,2924.11,666.00,958.28
2021-06-17,193836.23,2924.34,666.00,908.05
2021-06-18,194480.00,2924.60,661.00,941.07
2021-06-19,195204.94,2924.89,661.00,981.87
2021-06-20,195929.88,2925.18,661.00,983.28
2021-06-21,196558.00,2925.43,765.00,1038.51
2021-06-22,197164.81,2925.67,868.00,1126.05
2021-06-23,197590.25,2925.84,916.00,1083.40
2021-06-24,197690.48,2925.88,958.00,963.32
2021-06-25,197690.48,2925.88,1054.00,1004.69
2021-06-26,197615.31,2925.85,1141.00,1050.26
2021-06-27,197490.00,2925.80,1153.00,1038.82
2021-06-28,197465.00,2925.79,1123.00,1066.99
2021-06-29,197390.00,2925.76,1066.00,986.53
2021-06-30,197390.00,2925.76,999.00,957.31
2021-07-01,197214.94,2925.69,931.00,802.33
2021-07-02,196865.00,2925.55,863.00,651.20
2021-07-03,196558.00,2925.43,825.00,635.34
2021-07-04,196155.00,2925.27,823.00,587.43
2021-07-05,195705.00,2925.09,805.00,549.30
2021-07-06,195280.00,2924.92,764.00,522.83
2021-07-07,194855.00,2924.75,730.00,488.88
2021-07-08,194530.13,2924.62,678.00,489.06
2021-07-09,194130.00,2924.46,644.00,422.48
2021-07-10,193836.23,2924.34,620.00,451.89
2021-07-11,193464.94,2924.19,618.00,412.92
2021-07-12,193115.00,2924.05,617.00,423.63
2021-07-13,192790.00,2923.92,617.00,436.20
2021-07-14,192500.00,2923.80,617.00,453.85
2021-07-15,192025.06,2923.61,617.00,360.55
2021-07-16,191558.00,2923.42,617.00,364.47
2021-07-17,191035.00,2923.21,617.00,336.38
2021-07-18,190520.00,2923.00,617.00,340.30
2021-07-19,190030.00,2922.80,617.00,352.90
2021-07-20,189515.00,2922.59,617.00,340.35
2021-07-21,188950.36,2922.36,617.00,315.33
2021-07-22,188344.06,2922.11,617.00,294.15
2021-07-23,187705.31,2921.85,617.00,278.08
2021-07-24,187148.13,2921.62,617.00,318.97
2021-07-25,186562.47,2921.38,617.00,304.62
2021-07-26,186009.70,2921.15,617.00,321.26
2021-07-27,185424.00,2920.91,617.00,304.71
2021-07-28,184799.70,2920.65,617.00,285.59
2021-07-29,184152.47,2920.38,633.00,290.36
2021-07-30,183552.17,2920.13,639.00,319.41
2021-07-31,182928.41,2919.87,639.00,307.52
2021-08-01,182352.17,2919.63,639.00,331.31
2021-08-02,181752.47,2919.38,639.00,319.91
2021-08-03,181204.72,2919.15,639.00,345.90
2021-08-04,180585.94,2918.89,639.00,309.92
2021-08-05,179948.13,2918.62,639.00,300.49
2021-08-06,179262.17,2918.33,639.00,276.05
2021-08-07,178648.00,2918.07,639.00,312.35
2021-08-08,177918.00,2917.76,644.00,262.12
2021-08-09,177190.00,2917.45,666.00,282.35
2021-08-10,176393.06,2917.11,688.00,268.08
2021-08-11,175246.11,2916.62,875.00,283.03
2021-08-12,173718.00,2915.96,1080.00,286.80
2021-08-13,172190.00,2915.30,1086.00,297.57
2021-08-14,170671.66,2914.64,1069.00,282.44
2021-08-15,169164.00,2913.98,1070.00,287.51
2021-08-16,167597.00,2913.29,1071.00,257.69
2021-08-17,165964.00,2912.57,1072.00,224.51
2021-08-18,164391.39,2911.87,1073.00,255.08
2021-08-19,162779.73,2911.15,1073.00,235.83
2021-08-20,161202.00,2910.44,1074.00,252.06
2021-08-21,159606.00,2909.72,1075.00,243.16
2021-08-22,158002.00,2908.98,1076.00,240.07
2021-08-23,156322.00,2908.22,1089.00,212.81
2021-08-24,154408.22,2907.34,1126.00,130.88
2021-08-25,152632.00,2906.52,1127.00,200.18
2021-08-26,150848.95,2905.69,1128.00,197.11
2021-08-27,149097.36,2904.87,1129.00,212.90
2021-08-28,147313.00,2904.03,1158.00,226.50
2021-08-29,145350.00,2903.10,1236.00,206.81
2021-08-30,143333.69,2902.14,1237.00,180.59
2021-08-31,141358.95,2901.19,1252.00,218.76
2021-09-01,139239.86,2900.17,1316.00,202.24
2021-09-02,137000.00,2899.08,1394.00,209.46
2021-09-03,134660.00,2897.93,1480.00,237.67
2021-09-04,132200.00,2896.71,1560.00,258.81
2021-09-05,129610.00,2895.42,1620.00,255.20
2021-09-06,127094.77,2894.15,1620.00,291.33
2021-09-07,124440.00,2892.80,1680.00,278.69
2021-09-08,121625.23,2891.35,1785.00,304.29
2021-09-09,118536.00,2889.74,1917.00,294.37
2021-09-10,115411.00,2888.09,1950.00,308.25
2021-09-11,112250.00,2886.40,1950.00,289.58
2021-09-12,109138.00,2884.71,1927.00,297.56
2021-09-13,106048.00,2883.01,1849.00,231.54
2021-09-14,103196.00,2881.42,1782.00,283.32
2021-09-15,100366.09,2879.82,1706.00,223.41
2021-09-16,97737.04,2878.31,1615.00,230.20
2021-09-17,95378.00,2876.94,1514.00,275.74
2021-09-18,93052.00,2875.57,1423.00,205.21
2021-09-19,91056.34,2874.38,1333.00,286.45
2021-09-20,89158.00,2873.24,1246.00,256.27
2021-09-21,87347.75,2872.14,1197.00,247.22
2021-09-22,85507.00,2871.01,1175.00,213.98
2021-09-23,83656.23,2869.86,1188.00,224.97
2021-09-24,81698.12,2868.63,1222.00,204.68
2021-09-25,79728.31,2867.38,1222.00,195.87
2021-09-26,77819.85,2866.16,1200.00,204.55
2021-09-27,76150.00,2865.08,1086.00,219.65
2021-09-28,74855.00,2864.23,983.00,307.01
2021-09-29,73574.96,2863.39,905.00,234.65
2021-09-30,72443.77,2862.64,910.00,312.81
2021-10-01,71235.11,2861.83,952.00,320.20
2021-10-02,69850.00,2860.90,976.00,253.49
2021-10-03,68425.00,2859.93,976.00,232.97
2021-10-04,67025.00,2858.97,958.00,229.17
2021-10-05,65620.00,2858.00,928.00,195.40
2021-10-06,64176.00,2856.99,952.00,198.64
2021-10-07,62682.00,2855.93,988.00,210.06
2021-10-08,61156.14,2854.84,1000.00,206.59
2021-10-09,59706.00,2853.79,964.00,208.05
2021-10-10,58364.04,2852.81,908.00,209.11
2021-10-11,56987.00,2851.79,905.00,191.74
2021-10-12,55709.09,2850.83,885.00,221.50
2021-10-13,54568.00,2849.96,773.00,187.11
2021-10-14,53619.00,2849.23,688.00,199.58
2021-10-15,53229.00,2848.93,358.00,181.15
2021-10-16,53099.09,2848.83,251.00,181.51
2021-10-17,52982.00,2848.74,228.00,166.80
2021-10-18,52943.00,2848.71,173.00,153.97
2021-10-19,52943.00,2848.71,153.00,152.82
2021-10-20,53008.00,2848.76,118.00,152.79
2021-10-21,53190.00,2848.90,101.00,192.76
2021-10-22,53463.03,2849.11,100.00,239.01
2021-10-23,53749.09,2849.33,102.00,245.90
2021-10-24,54022.00,2849.54,102.00,239.87
2021-10-25,54282.00,2849.74,95.00,227.51
2021-10-26,54607.00,2849.99,91.00,255.11
2021-10-27,54919.00,2850.23,91.00,248.60
2021-10-28,55856.00,2850.94,91.00,563.87
2021-10-29,58857.90,2853.17,90.00,1605.61
2021-10-30,59912.00,2853.94,92.00,624.46
2021-10-31,60526.97,2854.39,92.00,403.05
2021-11-01,61044.00,2854.76,92.00,353.70
2021-11-02,61478.00,2855.07,92.00,312.04
2021-11-03,61856.14,2855.34,91.00,283.91
2021-11-04,62388.00,2855.72,91.00,361.87
2021-11-05,63270.17,2856.35,93.00,538.72
2021-11-06,63924.04,2856.81,93.00,454.88
2021-11-07,64419.85,2857.16,93.00,371.05
2021-11-08,64802.00,2857.43,93.00,287.21
2021-11-09,65205.00,2857.71,93.00,297.81
2021-11-10,65550.00,2857.95,93.00,268.53
2021-11-11,66690.00,2858.74,94.00,670.96
2021-11-12,73830.00,2863.56,96.00,3697.12
2021-11-13,78145.26,2866.37,96.00,2273.49
2021-11-14,82824.16,2869.34,97.00,2457.49
2021-11-15,86236.00,2871.46,97.00,1819.89
2021-11-16,88235.91,2872.68,99.00,1108.55
2021-11-17,89709.00,2873.57,99.00,843.91
2021-11-18,90835.00,2874.25,94.00,664.66
2021-11-19,91930.00,2874.90,86.00,640.52
2021-11-20,92736.34,2875.38,86.00,495.06
2021-11-21,93474.09,2875.82,86.00,460.51
2021-11-22,94205.00,2876.25,83.00,453.54
2021-11-23,94867.75,2876.64,76.00,412.63
2021-11-24,95429.00,2876.97,76.00,361.52
2021-11-25,96068.16,2877.34,76.00,400.95
2021-11-26,96698.00,2877.71,76.00,396.30
2021-11-27,97441.73,2878.14,77.00,454.26
2021-11-28,99093.00,2879.09,77.00,911.95
2021-11-29,100510.00,2879.90,77.00,793.83
2021-11-30,101706.00,2880.58,77.00,682.46
2021-12-01,102946.00,2881.28,77.00,704.66
2021-12-02,103942.18,2881.84,77.00,581.96
2021-12-03,104752.00,2882.29,77.00,488.21
2021-12-04,105580.00,2882.75,77.00,497.60
2021-12-05,106192.00,2883.09,78.00,388.99
2021-12-06,106840.00,2883.45,78.00,407.50
2021-12-07,107534.13,2883.83,78.00,430.83
2021-12-08,108091.73,2884.14,78.00,361.81
2021-12-09,108678.00,2884.46,78.00,376.24
2021-12-10,109228.00,2884.76,78.00,358.28
2021-12-11,109904.13,2885.13,78.00,422.20
2021-12-12,110490.00,2885.45,78.00,376.39
2021-12-13,111045.00,2885.75,78.00,360.94
2021-12-14,111491.00,2885.99,78.00,306.03
2021-12-15,111898.00,2886.21,78.00,286.51
2021-12-16,112412.00,2886.49,78.00,349.58
2021-12-17,112990.00,2886.80,78.00,341.00
2021-12-18,113588.00,2887.12,79.00,375.00
2021-12-19,114167.00,2887.43,79.00,381.00
2021-12-20,114770.00,2887.75,79.00,375.00
2021-12-21,115354.00,2888.06,79.00,384.00
2021-12-22,115952.00,2888.38,79.00,381.00
2021-12-23,116541.00,2888.69,79.00,381.00
2021-12-24,117149.00,2889.01,79.00,389.03
2021-12-25,117738.00,2889.32,79.00,379.44
2021-12-26,118232.00,2889.58,79.00,331.65
2021-12-27,118593.00,2889.77,79.00,264.70
2021-12-28,118954.00,2889.96,79.00,264.72
2021-12-29,119340.00,2890.16,79.00,267.32
2021-12-30,119686.00,2890.34,79.00,257.69
2021-12-31,120028.00,2890.52,79.00,255.63
2022-01-01,120380.00,2890.70,80.00,260.83
2022-01-02,120722.00,2890.88,80.00,255.99
2022-01-03,121064.00,2891.06,80.00,256.24
2022-01-04,121473.00,2891.27,80.00,290.09
2022-01-05,121860.00,2891.47,80.00,278.80
2022-01-06,122614.00,2891.86,80.00,464.16
2022-01-07,123660.00,2892.40,80.00,611.45
2022-01-08,124580.00,2892.87,80.00,547.88
2022-01-09,124740.00,2892.95,80.00,164.68
2022-01-10,125130.00,2893.15,83.00,283.68
2022-01-11,125740.00,2893.46,90.00,402.41
2022-01-12,126640.00,2893.92,93.00,551.38
2022-01-13,127630.00,2894.42,93.00,597.14
2022-01-14,128520.34,2894.87,93.00,547.21
2022-01-15,129320.00,2895.27,95.00,501.84
2022-01-16,129910.00,2895.57,95.00,396.45
2022-01-17,130450.00,2895.84,95.00,371.34
2022-01-18,131590.00,2896.41,95.00,674.10
2022-01-19,132260.00,2896.74,95.00,437.37
2022-01-20,133020.09,2897.12,96.00,483.85
2022-01-21,134130.00,2897.67,96.00,660.46
2022-01-22,135190.00,2898.19,96.00,635.26
2022-01-23,136041.00,2898.61,96.00,529.81
2022-01-24,136230.00,2898.70,96.00,196.19
2022-01-25,137020.00,2899.09,96.00,499.26
2022-01-26,137944.00,2899.54,95.00,566.77
2022-01-27,138380.00,2899.75,95.00,320.75
2022-01-28,139300.00,2900.20,95.00,564.67
2022-01-29,139699.00,2900.39,95.00,423.99
2022-01-30,140588.13,2900.82,95.00,427.06
2022-01-31,141004.00,2901.04,95.00,310.49
2022-02-01,141520.00,2901.27,95.00,360.93
2022-02-02,142147.00,2901.57,95.00,417.03
2022-02-03,142620.00,2901.80,95.00,339.53
2022-02-04,143124.00,2902.04,94.00,355.25
2022-02-05,143502.00,2902.22,94.00,291.89
2022-02-06,143943.00,2902.43,96.00,324.07
2022-02-07,144342.00,2902.62,96.00,303.04
2022-02-08,144783.00,2902.82,95.00,324.35
2022-02-09,145224.00,2903.04,95.00,324.84
2022-02-10,145686.00,2903.26,102.63,335.55
2022-02-11,146211.00,2903.51,95.00,367.72
2022-02-12,146757.00,2903.77,95.00,378.43
2022-02-13,147271.00,2904.01,96.00,362.60
2022-02-14,147754.00,2904.24,96.00,346.85
2022-02-15,148310.00,2904.50,96.00,383.80
2022-02-16,148730.00,2904.70,96.00,315.39
2022-02-17,149244.00,2904.94,96.00,362.81
2022-02-18,149758.00,2905.18,96.00,363.09
2022-02-19,150230.00,2905.40,96.00,341.80
2022-02-20,150723.00,2905.63,96.00,352.50
2022-02-21,151168.00,2905.84,95.00,328.44
2022-02-22,151532.00,2906.01,95.00,287.70
2022-02-23,151856.00,2906.16,95.00,267.60
2022-02-24,152223.16,2906.33,95.00,289.29
2022-02-25,152611.00,2906.51,95.00,299.52
2022-02-26,153108.00,2906.74,95.00,354.55
2022-02-27,153733.00,2907.03,95.00,419.16
2022-02-28,155884.00,2908.02,96.00,1190.23
2022-03-01,160230.00,2910.00,96.00,2296.83
2022-03-02,163826.11,2911.62,98.00,1919.98
2022-03-03,166282.00,2912.71,98.00,1345.40
2022-03-04,168208.00,2913.56,97.00,1078.53
2022-03-05,169821.00,2914.27,97.00,920.77
2022-03-06,171178.34,2914.86,97.00,791.97
2022-03-07,172396.94,2915.39,97.00,721.97
2022-03-08,173412.17,2915.83,102.00,623.71
2022-03-09,174408.00,2916.26,105.00,618.84
2022-03-10,175269.17,2916.63,105.00,550.59
2022-03-11,176107.00,2916.99,105.00,538.30
2022-03-12,176909.17,2917.33,104.00,520.35
2022-03-13,177635.64,2917.64,104.00,482.47
2022-03-14,178388.00,2917.96,106.00,496.70
2022-03-15,179286.23,2918.34,106.00,571.30
2022-03-16,180019.70,2918.65,107.00,490.49
2022-03-17,180754.00,2918.96,104.00,486.62
2022-03-18,181440.00,2919.25,97.00,455.10
2022-03-19,182208.00,2919.57,97.00,496.19
2022-03-20,182760.00,2919.80,97.00,386.87
2022-03-21,183456.00,2920.09,97.00,459.73
2022-03-22,184080.30,2920.35,98.00,424.38
2022-03-23,184847.83,2920.67,98.00,496.91
2022-03-24,185640.00,2921.00,98.00,509.55
2022-03-25,186490.30,2921.35,98.00,539.16
2022-03-26,187291.88,2921.68,98.00,514.76
2022-03-27,188170.00,2922.04,99.00,554.18
2022-03-28,189122.00,2922.43,99.00,591.67
2022-03-29,190155.31,2922.85,99.00,632.81
2022-03-30,191010.00,2923.20,210.00,670.40
2022-03-31,191510.00,2923.40,336.00,616.66
2022-04-01,191630.00,2923.45,509.00,606.28
2022-04-02,191582.00,2923.43,586.00,592.41
2022-04-03,191558.00,2923.42,590.00,604.51
2022-04-04,191360.25,2923.34,786.00,714.32
2022-04-05,190595.00,2923.03,978.00,614.06
2022-04-06,189731.88,2922.68,982.00,564.84
2022-04-07,189024.94,2922.39,868.00,530.73
2022-04-08,188752.00,2922.28,671.00,552.37
2022-04-09,188535.94,2922.19,600.00,507.63
2022-04-10,188344.06,2922.11,600.00,519.82
2022-04-11,188195.00,2922.05,600.00,542.12
2022-04-12,187950.00,2921.95,600.00,493.39
2022-04-13,187655.19,2921.83,600.00,467.98
2022-04-14,187291.88,2921.68,600.00,433.33
2022-04-15,186932.00,2921.53,600.00,435.06
2022-04-16,186585.94,2921.39,600.00,441.85
2022-04-17,186154.00,2921.21,600.00,398.56
2022-04-18,185520.00,2920.95,749.00,451.61
2022-04-19,184080.30,2920.35,1102.00,412.51
2022-04-20,182328.13,2919.62,1276.00,416.07
2022-04-21,180585.94,2918.89,1276.00,420.56
2022-04-22,179756.00,2918.54,765.00,393.35
2022-04-23,179684.00,2918.51,396.00,372.70
2022-04-24,179614.00,2918.48,396.00,373.71
2022-04-25,179614.00,2918.48,396.00,409.00
2022-04-26,178811.66,2918.14,803.00,438.13
2022-04-27,177310.00,2917.50,1183.00,446.33
2022-04-28,175923.00,2916.91,1120.00,450.35
2022-04-29,174408.00,2916.26,1183.00,439.60
2022-04-30,173017.78,2915.66,1148.00,503.24
2022-05-01,172581.00,2915.47,688.00,482.56
2022-05-02,173040.83,2915.67,368.00,588.33
2022-05-03,173412.17,2915.83,368.00,543.76
2022-05-04,173925.00,2916.05,368.00,615.09
2022-05-05,173879.00,2916.03,820.00,811.87
2022-05-06,173603.00,2915.91,1225.00,1064.85
2022-05-07,173603.00,2915.91,1225.00,1204.51
2022-05-08,173179.00,2915.73,1225.00,989.98
2022-05-09,172489.00,2915.43,1225.00,855.83
2022-05-10,171592.00,2915.04,1225.00,751.62
2022-05-11,170603.06,2914.61,1225.00,704.54
2022-05-12,170074.45,2914.38,970.00,700.16
2022-05-13,170511.00,2914.57,387.00,614.01
2022-05-14,171270.00,2914.90,311.00,686.43
2022-05-15,172213.06,2915.31,310.00,778.45
2022-05-16,173532.47,2915.88,310.00,967.81
2022-05-17,174809.00,2916.43,309.00,946.88
2022-05-18,175550.00,2916.75,613.00,997.92
2022-05-19,175969.00,2916.93,814.00,1018.87
2022-05-20,176298.00,2917.07,736.00,900.22
2022-05-21,176576.94,2917.19,701.00,839.29
2022-05-22,176816.00,2917.29,700.00,819.67
2022-05-23,177070.00,2917.40,698.00,826.94
2022-05-24,177517.00,2917.59,697.00,924.42
2022-05-25,178154.36,2917.86,695.00,1021.02
2022-05-26,179118.00,2918.27,694.00,1184.69
2022-05-27,180706.00,2918.94,694.00,1499.96
2022-05-28,182160.00,2919.55,694.00,1431.97
2022-05-29,183168.00,2919.97,694.00,1206.86
2022-05-30,183864.00,2920.26,694.00,1049.84
2022-05-31,184344.00,2920.46,756.00,1005.85
2022-06-01,184416.00,2920.49,1029.00,1066.68
2022-06-02,184704.06,2920.61,1156.00,1300.30
2022-06-03,185568.00,2920.97,1158.00,1590.68
2022-06-04,186274.00,2921.26,1161.00,1510.43
2022-06-05,187532.00,2921.78,1164.00,1789.31
2022-06-06,188752.00,2922.28,1166.00,1769.65
2022-06-07,189440.00,2922.56,1169.00,1501.58
2022-06-08,189805.00,2922.71,1242.00,1420.72
2022-06-09,189683.77,2922.66,1579.00,1488.51
2022-06-10,191800.00,2923.52,1544.00,2572.98
2022-06-11,193764.06,2924.31,1375.00,2333.99
2022-06-12,195055.19,2924.83,1220.00,1842.42
2022-06-13,195655.00,2925.07,1041.00,1312.41
2022-06-14,196130.00,2925.26,906.00,1112.14
2022-06-15,196480.00,2925.40,838.00,1014.46
2022-06-16,196815.00,2925.53,875.00,1007.02
2022-06-17,197315.00,2925.73,848.00,1063.26
2022-06-18,197714.94,2925.89,833.00,994.59
2022-06-19,197870.00,2925.95,920.00,951.37
2022-06-20,197792.00,2925.92,1030.00,944.14
2022-06-21,197640.36,2925.86,1145.00,1017.11
2022-06-22,197640.36,2925.86,1218.00,1155.44
2022-06-23,197640.36,2925.86,1276.00,1208.34
2022-06-24,197114.69,2925.65,1340.00,1002.47
2022-06-25,196430.48,2925.38,1394.00,969.85
2022-06-26,196005.00,2925.21,1340.00,1057.16
2022-06-27,196155.00,2925.27,1120.00,1146.09
2022-06-28,196840.00,2925.54,934.00,1231.82
2022-06-29,197665.42,2925.87,718.00,1095.79
2022-06-30,198100.00,2926.04,815.00,1001.26
2022-07-01,198050.00,2926.02,1021.00,957.48
2022-07-02,198025.00,2926.01,1042.00,994.65
2022-07-03,197844.00,2925.94,1039.00,916.96
2022-07-04,197615.31,2925.85,1006.00,863.67
2022-07-05,197390.00,2925.76,901.00,759.39
2022-07-06,197565.19,2925.83,699.00,767.76
2022-07-07,197844.00,2925.94,702.00,825.70
2022-07-08,197515.06,2925.81,928.00,751.88
2022-07-09,195805.19,2925.13,1633.00,761.56
2022-07-10,193764.06,2924.31,1825.00,776.33
2022-07-11,191750.00,2923.50,1818.00,788.83
2022-07-12,189830.00,2922.72,1808.00,828.00
2022-07-13,188560.00,2922.20,1378.00,760.09
2022-07-14,187998.00,2921.97,972.00,684.25
2022-07-15,187680.25,2921.84,778.00,610.56
2022-07-16,187605.06,2921.81,619.00,571.89
2022-07-17,187755.42,2921.87,538.00,605.81
2022-07-18,187730.36,2921.86,538.00,517.36
2022-07-19,187730.36,2921.86,566.00,554.92
2022-07-20,187655.19,2921.83,621.00,572.70
2022-07-21,187460.00,2921.75,693.00,583.06
2022-07-22,187124.06,2921.61,716.00,534.90
2022-07-23,186835.00,2921.49,672.00,512.16
2022-07-24,186538.41,2921.37,651.00,489.14
2022-07-25,186274.00,2921.26,651.00,505.08
2022-07-26,185962.17,2921.13,723.00,551.13
2022-07-27,185520.00,2920.95,773.00,536.69
2022-07-28,185208.13,2920.82,719.00,548.01
2022-07-29,184992.00,2920.73,615.00,492.84
2022-07-30,184823.77,2920.66,582.00,482.12
2022-07-31,184560.00,2920.55,583.00,434.13
2022-08-01,184320.00,2920.45,583.00,446.06
2022-08-02,183936.00,2920.29,584.00,373.34
2022-08-03,183528.13,2920.12,583.00,361.53
2022-08-04,183096.00,2919.94,583.00,349.14
2022-08-05,182688.00,2919.77,582.00,361.30
2022-08-06,182208.00,2919.57,582.00,324.94
2022-08-07,181752.47,2919.38,582.00,337.34
2022-08-08,181273.89,2919.18,581.00,325.72
2022-08-09,180850.00,2919.00,592.00,365.00
2022-08-10,180442.17,2918.83,608.00,388.94
2022-08-11,179948.13,2918.62,608.00,345.13
2022-08-12,179545.00,2918.45,607.00,391.14
2022-08-13,178926.94,2918.19,607.00,282.89
2022-08-14,178388.00,2917.96,607.00,322.79
2022-08-15,177803.00,2917.71,606.00,299.62
2022-08-16,177214.00,2917.46,606.00,297.49
2022-08-17,176696.00,2917.24,606.00,333.23
2022-08-18,176107.00,2916.99,623.00,313.85
2022-08-19,175550.00,2916.75,634.00,341.12
2022-08-20,174970.00,2916.50,635.00,329.58
2022-08-21,174362.00,2916.24,635.00,315.47
2022-08-22,173718.00,2915.96,636.00,297.32
2022-08-23,172949.17,2915.63,691.00,289.41
2022-08-24,172144.00,2915.28,719.00,298.56
2022-08-25,171362.00,2914.94,720.00,310.24
2022-08-26,170580.00,2914.60,720.00,310.07
2022-08-27,169637.95,2914.19,754.00,264.59
2022-08-28,168658.00,2913.76,782.00,270.83
2022-08-29,167708.22,2913.34,783.00,286.09
2022-08-30,166641.39,2912.87,834.00,277.39
2022-08-31,165404.11,2912.32,948.00,304.58
2022-09-01,163986.94,2911.69,1033.00,298.67
2022-09-02,162220.00,2910.90,1180.00,266.79
2022-09-03,160252.00,2910.01,1266.00,247.27
2022-09-04,158198.00,2909.08,1322.00,256.57
2022-09-05,155972.00,2908.06,1384.00,231.32
2022-09-06,153538.00,2906.94,1540.00,278.32
2022-09-07,150870.00,2905.70,1700.00,313.42
2022-09-08,147946.16,2904.33,1807.00,289.83
2022-09-09,144888.41,2902.88,1884.00,299.13
2022-09-10,141706.31,2901.36,1961.00,316.76
2022-09-11,138501.05,2899.81,1983.00,326.33
2022-09-12,135370.00,2898.28,1939.00,333.16
2022-09-13,132420.09,2896.82,1829.00,340.38
2022-09-14,129590.00,2895.41,1710.00,302.75
2022-09-15,126920.00,2894.06,1640.00,335.38
2022-09-16,124189.85,2892.67,1630.00,291.73
2022-09-17,121511.00,2891.29,1610.00,300.82
2022-09-18,119011.00,2889.99,1540.00,317.34
2022-09-19,116598.00,2888.72,1450.00,276.67
2022-09-20,114224.00,2887.46,1403.00,240.92
2022-09-21,111880.00,2886.20,1403.00,259.22
2022-09-22,109461.95,2884.89,1403.00,224.75
2022-09-23,107002.00,2883.54,1430.00,234.41
2022-09-24,104517.82,2882.16,1450.00,239.64
2022-09-25,102064.00,2880.78,1450.00,249.79
2022-09-26,99612.96,2879.39,1450.00,251.25
2022-09-27,97183.00,2877.99,1421.00,239.42
2022-09-28,94918.88,2876.67,1332.00,224.03
2022-09-29,92906.00,2875.48,1197.00,211.09
2022-09-30,91107.00,2874.41,1120.00,240.20
2022-10-01,89090.00,2873.20,1120.00,103.10
2022-10-02,87104.00,2871.99,1120.00,118.72
2022-10-03,85250.20,2870.85,1108.00,173.38
2022-10-04,83464.00,2869.74,1096.00,195.46
2022-10-05,81666.04,2868.61,1096.00,189.53
2022-10-06,79865.00,2867.47,1096.00,187.98
2022-10-07,78085.11,2866.33,1096.00,198.64
2022-10-08,76291.88,2865.17,1096.00,191.91
2022-10-09,74500.00,2864.00,1096.00,192.59
2022-10-10,72690.00,2862.80,1078.00,165.46
2022-10-11,71175.00,2861.79,958.00,194.19
2022-10-12,69819.93,2860.88,862.00,178.82
2022-10-13,68530.00,2860.00,844.00,193.66
2022-10-14,67314.89,2859.17,748.50,135.88
2022-10-15,66284.00,2858.46,699.00,179.26
2022-10-16,65310.00,2857.78,655.00,163.94
2022-10-17,64550.00,2857.25,545.00,161.83
2022-10-18,64176.00,2856.99,342.50,153.94
2022-10-19,64190.00,2857.00,138.90,145.96
2022-10-20,64288.00,2857.07,99.20,148.61
2022-10-21,64374.74,2857.13,99.20,142.93
2022-10-22,64464.96,2857.19,99.28,144.77
2022-10-23,64550.00,2857.25,99.49,142.36
2022-10-24,64676.14,2857.34,99.66,163.25
2022-10-25,64760.00,2857.40,99.81,142.09
2022-10-26,64858.00,2857.47,99.88,149.29
2022-10-27,64915.00,2857.51,99.51,128.25
2022-10-28,65020.00,2857.58,99.20,152.14
2022-10-29,65119.83,2857.65,100.65,150.98
2022-10-30,65235.00,2857.73,100.63,158.70
2022-10-31,65494.00,2857.91,100.68,231.26
2022-11-01,65770.00,2858.10,100.85,240.00
2022-11-02,65925.00,2858.21,100.88,179.03
2022-11-03,66074.03,2858.31,101.04,176.18
2022-11-04,67898.00,2859.57,103.18,1022.76
2022-11-05,71996.14,2862.34,93.63,2159.78
2022-11-06,73274.96,2863.19,82.53,727.27
2022-11-07,73964.82,2863.65,83.02,430.30
2022-11-08,74500.00,2864.00,83.30,353.57
2022-11-09,74960.00,2864.30,83.37,315.28
2022-11-10,75340.00,2864.55,83.80,275.38
2022-11-11,75675.00,2864.77,83.95,252.84
2022-11-12,76030.00,2865.00,83.95,262.93
2022-11-13,76340.00,2865.20,83.92,240.21
2022-11-14,76595.26,2865.37,84.00,212.69
2022-11-15,76860.00,2865.54,84.00,217.47
2022-11-16,77125.00,2865.71,84.00,217.60
2022-11-17,77340.20,2865.85,83.97,192.46
2022-11-18,77540.00,2865.98,84.00,184.73
2022-11-19,77730.00,2866.10,83.88,179.78
2022-11-20,77912.00,2866.22,83.89,175.76
2022-11-21,78145.26,2866.37,83.94,201.60
2022-11-22,78532.08,2866.62,83.94,279.02
2022-11-23,78895.18,2866.85,83.95,267.01
2022-11-24,79160.00,2867.02,84.00,217.51
2022-11-25,79456.00,2867.21,82.50,231.73
2022-11-26,79743.96,2867.39,82.50,227.68
2022-11-27,79990.00,2867.55,82.50,206.55
2022-11-28,80245.00,2867.71,82.50,211.06
2022-11-29,80556.00,2867.91,82.50,239.30
2022-11-30,80844.00,2868.09,82.50,227.70
2022-12-01,81140.00,2868.28,82.50,231.73
2022-12-02,81346.00,2868.41,84.00,187.86
2022-12-03,81538.00,2868.53,84.00,180.80
2022-12-04,81713.00,2868.64,84.00,172.23
2022-12-05,81930.00,2868.78,84.00,193.40
2022-12-06,82136.00,2868.91,84.00,187.86
2022-12-07,82312.00,2869.02,84.00,172.73
2022-12-08,82472.00,2869.12,84.00,164.67
2022-12-09,82616.00,2869.21,84.00,156.60
2022-12-10,82760.00,2869.30,84.00,156.60
2022-12-11,83192.00,2869.57,84.00,301.80
2022-12-12,83064.00,2869.49,84.00,19.47
2022-12-13,83608.00,2869.83,84.00,358.27
2022-12-14,83800.00,2869.95,84.00,180.80
2022-12-15,83976.00,2870.06,84.00,172.73
2022-12-16,84119.80,2870.15,84.00,156.50
2022-12-17,84264.00,2870.24,84.00,156.70
2022-12-18,84472.27,2870.37,84.00,189.00
2022-12-19,84632.00,2870.47,84.00,164.53
2022-12-20,84913.77,2870.64,84.00,226.06
2022-12-21,85026.00,2870.71,84.00,140.58
2022-12-22,85138.00,2870.78,85.50,141.97
2022-12-23,85298.31,2870.88,84.00,164.82
2022-12-24,85558.00,2871.04,84.00,214.93
2022-12-25,86108.31,2871.38,85.50,362.95
2022-12-26,87398.88,2872.17,85.50,736.16
2022-12-27,91504.79,2874.65,87.00,2157.06
2022-12-28,93695.00,2875.95,87.00,1191.23
2022-12-29,95140.00,2876.80,87.00,815.52
2022-12-30,96289.00,2877.47,88.50,667.79
2022-12-31,97200.00,2878.00,88.50,547.80
2023-01-01,97944.00,2878.43,87.00,462.10
2023-01-02,98607.04,2878.81,87.00,421.28
2023-01-03,99228.88,2879.17,87.00,400.51
2023-01-04,99810.00,2879.50,87.00,379.98
2023-01-05,100348.05,2879.81,87.00,358.27
2023-01-06,100843.00,2880.09,87.00,336.54
2023-01-07,101300.22,2880.35,87.00,317.52
2023-01-08,101848.00,2880.66,87.00,363.17
2023-01-09,102396.00,2880.97,87.00,363.28
2023-01-10,102810.00,2881.20,81.00,289.73
2023-01-11,103160.00,2881.40,76.80,253.26
2023-01-12,103609.78,2881.65,75.40,302.16
2023-01-13,104302.00,2882.04,74.00,422.99
2023-01-14,104986.00,2882.42,74.00,418.85
2023-01-15,105616.00,2882.77,74.00,391.63
2023-01-16,106174.00,2883.08,74.00,355.33
2023-01-17,106678.27,2883.36,74.00,328.24
2023-01-18,107199.78,2883.65,75.40,338.33
2023-01-19,107660.00,2883.90,74.00,306.03
2023-01-20,108056.09,2884.12,72.60,272.30
2023-01-21,108570.00,2884.40,72.60,331.70
2023-01-22,108968.09,2884.62,72.60,273.30
2023-01-23,109372.18,2884.84,72.60,276.33
2023-01-24,109755.00,2885.05,72.60,265.61
2023-01-25,110106.00,2885.24,72.60,249.56
2023-01-26,110472.00,2885.44,72.60,257.13
2023-01-27,110877.82,2885.66,72.60,277.20
2023-01-28,111266.30,2885.87,74.00,269.86
2023-01-29,111564.00,2886.03,74.00,224.09
2023-01-30,111841.91,2886.18,74.00,214.11
2023-01-31,112174.28,2886.36,74.00,241.57
2023-02-01,112525.00,2886.55,74.00,250.82
2023-02-02,112828.00,2886.71,74.00,226.76
2023-02-03,113160.95,2886.89,74.00,241.86
2023-02-04,113514.00,2887.08,74.00,252.00
2023-02-05,113930.00,2887.30,74.00,283.73
2023-02-06,114205.00,2887.45,72.60,211.25
2023-02-07,114603.81,2887.66,74.00,275.07
2023-02-08,114898.09,2887.82,74.00,222.37
2023-02-09,115202.00,2887.98,74.00,227.22
2023-02-10,115505.72,2888.14,74.00,227.13
2023-02-11,115782.00,2888.29,74.00,213.29
2023-02-12,116085.00,2888.45,74.00,226.76
2023-02-13,116408.09,2888.62,74.00,236.89
2023-02-14,116674.00,2888.76,74.00,208.06
2023-02-15,116940.00,2888.90,74.00,208.11
2023-02-16,117225.00,2889.05,74.00,217.69
2023-02-17,117490.95,2889.19,74.00,208.08
2023-02-18,117776.19,2889.34,74.00,217.81
2023-02-19,118061.00,2889.49,74.00,217.59
2023-02-20,118383.80,2889.67,74.00,236.75
2023-02-21,118726.19,2889.84,74.00,246.62
2023-02-22,118992.00,2889.98,75.40,209.41
2023-02-23,119260.10,2890.12,75.40,210.57
2023-02-24,119477.00,2890.23,74.00,183.35
2023-02-25,119724.28,2890.36,74.00,198.67
2023-02-26,120028.00,2890.52,74.00,227.13
2023-02-27,120339.90,2890.68,74.00,231.25
2023-02-28,120627.14,2890.83,74.00,218.82
2023-03-01,120893.00,2890.97,72.60,206.64
2023-03-02,121239.76,2891.15,72.60,247.42
2023-03-03,121435.00,2891.25,72.60,171.03
2023-03-04,121682.38,2891.38,72.60,197.32
2023-03-05,121977.00,2891.53,72.60,221.14
2023-03-06,122204.77,2891.65,76.80,191.63
2023-03-07,122440.00,2891.77,79.60,198.20
2023-03-08,122690.00,2891.90,79.60,205.64
2023-03-09,122928.00,2892.02,81.00,200.99
2023-03-10,123199.80,2892.16,81.00,218.03
2023-03-11,123413.00,2892.27,81.00,188.49
2023-03-12,123603.33,2892.37,81.00,176.96
2023-03-13,123860.00,2892.50,82.50,211.90
2023-03-14,124070.05,2892.61,99.20,205.10
2023-03-15,124229.95,2892.69,99.20,179.82
2023-03-16,124383.00,2892.77,99.20,176.36
2023-03-17,124580.34,2892.87,96.00,195.49
2023-03-18,124760.00,2892.96,94.50,185.08
2023-03-19,124935.00,2893.05,93.00,181.23
2023-03-20,125189.90,2893.18,87.00,215.51
2023-03-21,125401.00,2893.29,78.20,184.63
2023-03-22,125660.00,2893.42,75.40,205.98
2023-03-23,125934.00,2893.56,74.00,212.14
2023-03-24,126149.85,2893.67,74.00,182.82
2023-03-25,126429.05,2893.81,75.40,216.16
2023-03-26,126640.00,2893.92,78.20,184.55
2023-03-27,126840.00,2894.02,76.80,177.63
2023-03-28,127113.81,2894.16,76.80,214.85
2023-03-29,127370.00,2894.29,75.40,204.56
2023-03-30,127630.00,2894.42,74.00,205.08
2023-03-31,127885.00,2894.55,74.00,202.56
2023-04-01,128200.00,2894.71,75.40,234.21
2023-04-02,128420.10,2894.82,74.00,184.97
2023-04-03,128620.00,2894.92,74.00,174.78
2023-04-04,128840.00,2895.03,75.40,186.32
2023-04-05,129059.70,2895.14,75.40,186.17
2023-04-06,129340.00,2895.28,75.40,216.72
2023-04-07,129630.00,2895.43,75.40,221.61
2023-04-08,129870.00,2895.55,116.00,237.00
2023-04-09,129770.00,2895.50,292.00,241.58
2023-04-10,129730.00,2895.48,530.00,509.83
2023-04-11,129730.00,2895.48,611.00,611.00
2023-04-12,129590.00,2895.41,627.50,556.92
2023-04-13,129475.23,2895.35,465.00,407.14
2023-04-14,129890.00,2895.56,162.50,371.61
2023-04-15,130410.10,2895.82,72.60,334.82
2023-04-16,131109.86,2896.17,72.60,425.40
2023-04-17,131650.00,2896.44,72.60,344.92
2023-04-18,132159.95,2896.69,74.00,331.10
2023-04-19,132660.00,2896.94,74.00,326.11
2023-04-20,133180.00,2897.20,74.00,336.17
2023-04-21,133630.00,2897.42,88.50,315.38
2023-04-22,134030.09,2897.62,100.80,302.51
2023-04-23,134420.05,2897.81,238.00,434.60
2023-04-24,134460.14,2897.83,520.00,540.21
2023-04-25,134358.00,2897.78,633.00,581.50
2023-04-26,134400.00,2897.80,644.00,665.17
2023-04-27,135169.91,2898.18,450.00,838.16
2023-04-28,136860.00,2899.01,208.00,1060.09
2023-04-29,139342.00,2900.22,96.00,1347.34
2023-04-30,142460.00,2901.72,72.60,1644.59
2023-05-01,145433.69,2903.14,72.60,1571.84
2023-05-02,148142.00,2904.42,72.60,1438.04
2023-05-03,151405.00,2905.95,72.60,1717.70
2023-05-04,155253.00,2907.73,72.60,2012.63
2023-05-05,158812.33,2909.36,74.00,1868.50
2023-05-06,161691.78,2910.66,72.60,1524.32
2023-05-07,164142.00,2911.76,72.60,1307.92
2023-05-08,166213.89,2912.68,122.00,1166.58
2023-05-09,167840.00,2913.40,268.00,1087.83
2023-05-10,168497.95,2913.69,759.50,1091.22
2023-05-11,168865.28,2913.85,916.00,1101.20
2023-05-12,169187.00,2913.99,976.00,1138.20
2023-05-13,169798.00,2914.26,1024.00,1332.05
2023-05-14,171454.00,2914.98,934.00,1768.90
2023-05-15,174246.94,2916.19,699.00,2107.11
2023-05-16,177494.00,2917.58,540.00,2177.06
2023-05-17,180538.41,2918.87,545.00,2079.89
2023-05-18,183960.00,2920.30,547.24,2272.29
2023-05-19,187028.00,2921.57,548.20,2094.99
2023-05-20,190328.00,2922.92,545.49,2209.25
2023-05-21,193389.75,2924.16,541.43,2085.07
2023-05-22,195505.00,2925.01,504.95,1571.39
2023-05-23,197015.06,2925.61,453.41,1214.74
2023-05-24,197590.25,2925.84,808.79,1098.78
2023-05-25,197465.00,2925.79,1102.00,1038.85
2023-05-26,197340.00,2925.74,1102.00,1038.98
2023-05-27,197465.00,2925.79,1096.00,1159.02
2023-05-28,197565.19,2925.83,1096.00,1146.51
2023-05-29,197640.36,2925.86,1096.00,1133.90
2023-05-30,197590.25,2925.84,1096.00,1070.74
2023-05-31,197315.00,2925.73,1030.00,891.23
2023-06-01,197189.88,2925.68,850.00,786.92
2023-06-02,197089.64,2925.64,838.00,787.46
2023-06-03,196965.00,2925.59,880.00,817.16
2023-06-04,196790.00,2925.52,868.00,779.77
2023-06-05,196454.94,2925.39,934.00,765.07
2023-06-06,194830.00,2924.74,1580.00,760.76
2023-06-07,192275.00,2923.71,2170.00,881.85
2023-06-08,189635.64,2922.64,2214.00,883.32
2023-06-09,187974.00,2921.96,1829.00,991.26
2023-06-10,186735.00,2921.45,1430.00,805.34
2023-06-11,185865.00,2921.09,1169.00,730.37
2023-06-12,185040.00,2920.75,1148.00,732.06
2023-06-13,183888.00,2920.27,1349.00,768.20
2023-06-14,182136.00,2919.54,1610.00,726.70
2023-06-15,180019.70,2918.65,1680.00,613.03
2023-06-16,177941.00,2917.77,1680.00,631.99
2023-06-17,175923.00,2916.91,1690.00,672.59
2023-06-18,173787.00,2915.99,1690.00,613.10
2023-06-19,171615.00,2915.05,1590.00,494.95
2023-06-20,169867.00,2914.29,1308.00,426.72
2023-06-21,168796.11,2913.82,958.00,418.09
2023-06-22,168277.00,2913.59,726.50,464.78
2023-06-23,168070.00,2913.50,594.50,490.14
2023-06-24,167886.00,2913.42,556.00,463.23
2023-06-25,167708.22,2913.34,556.00,466.37
2023-06-26,167664.11,2913.32,540.00,517.76
2023-06-27,167840.00,2913.40,470.00,558.68
2023-06-28,168001.00,2913.47,460.00,541.17
2023-06-29,168254.00,2913.58,460.00,587.55
2023-06-30,168300.00,2913.60,460.00,483.19
2023-07-01,168116.00,2913.52,460.00,367.23
2023-07-02,168024.00,2913.48,460.00,413.62
2023-07-03,167909.00,2913.43,460.00,402.02
2023-07-04,167774.38,2913.37,460.00,392.13
2023-07-05,167597.00,2913.29,460.00,370.57
2023-07-06,167459.00,2913.23,460.00,390.42
2023-07-07,167320.83,2913.17,460.00,390.34
2023-07-08,167206.11,2913.12,460.00,402.16
2023-07-09,167138.00,2913.09,465.00,430.66
2023-07-10,167006.00,2913.03,470.00,403.45
2023-07-11,166802.00,2912.94,470.00,367.15
2023-07-12,166549.17,2912.83,470.00,342.53
2023-07-13,166260.00,2700.14,470.00,324.21
2023-07-14,165964.00,2912.57,480.00,330.77
2023-07-15,165649.00,2912.43,485.00,326.19
2023-07-16,165337.00,2912.29,485.00,327.70
2023-07-17,164932.05,2912.11,485.00,280.84
2023-07-18,164592.00,2911.96,495.00,323.56
2023-07-19,164164.00,2911.77,505.00,289.22
2023-07-20,163758.00,2911.59,510.00,305.31
2023-07-21,163317.95,2911.39,510.00,288.14
2023-07-22,162890.00,2911.20,510.00,294.24
2023-07-23,162494.00,2911.02,510.00,310.35
2023-07-24,161978.00,2910.79,525.00,264.85
2023-07-25,161516.00,2910.58,535.00,302.07
2023-07-26,160978.22,2910.34,535.00,263.87
2023-07-27,160450.00,2910.10,535.00,268.69
2023-07-28,159900.27,2909.85,535.00,257.84
2023-07-29,159296.00,2909.58,578.00,273.35
2023-07-30,158570.00,2909.25,616.50,250.47
2023-07-31,157932.00,2908.93,594.50,272.84
2023-08-01,157260.00,2908.65,550.50,211.70
2023-08-02,156556.16,2908.33,605.50,250.65
2023-08-03,155796.00,2907.98,627.50,244.25
2023-08-04,155190.00,2907.70,611.00,305.47
2023-08-05,154430.27,2907.35,611.00,227.97
2023-08-06,153796.00,2907.06,578.00,258.22
2023-08-07,153366.31,2906.86,561.50,344.86
2023-08-08,152716.00,2906.56,561.50,233.64
2023-08-09,151940.00,2906.20,578.00,186.77
2023-08-10,151168.22,2905.84,600.00,210.89
2023-08-11,150314.00,2905.44,688.00,257.33
2023-08-12,149370.00,2905.00,726.50,250.57
2023-08-13,148394.00,2904.54,748.50,256.43
2023-08-14,147481.05,2904.11,748.50,288.22
2023-08-15,146295.00,2903.55,862.00,264.03
2023-08-16,145014.00,2902.94,940.00,294.16
2023-08-17,143649.00,2902.29,958.00,269.81
2023-08-18,142273.00,2901.63,928.00,234.27
2023-08-19,141065.00,2901.05,850.00,240.97
2023-08-20,139983.00,2900.53,787.00,241.49
2023-08-21,138974.00,2900.04,732.00,223.30
2023-08-22,138049.00,2899.59,699.00,232.65
2023-08-23,137124.00,2899.14,688.00,221.65
2023-08-24,136124.75,2898.65,721.00,217.21
2023-08-25,134989.00,2898.09,820.00,247.39
2023-08-26,133770.00,2897.49,868.00,253.42
2023-08-27,132340.00,2896.78,982.00,261.04
2023-08-28,130549.95,2895.89,1169.00,266.52
2023-08-29,128580.00,2894.90,1239.00,245.82
2023-08-30,126429.05,2893.81,1308.00,223.56
2023-08-31,124402.00,2892.78,1300.00,278.03
2023-09-01,122380.00,2891.74,1300.00,280.57
2023-09-02,120319.85,2890.67,1300.00,261.34
2023-09-03,118118.00,2889.52,1376.00,265.90
2023-09-04,115764.00,2888.28,1430.00,243.19
2023-09-05,113275.00,2886.95,1530.00,275.13
2023-09-06,110562.00,2885.49,1670.00,302.20
2023-09-07,107552.18,2883.84,1818.00,300.55
2023-09-08,104428.00,2882.11,1862.00,286.89
2023-09-09,101282.18,2880.34,1862.00,275.98
2023-09-10,98155.00,2878.55,1851.00,274.38
2023-09-11,95021.00,2876.73,1829.00,248.94
2023-09-12,91946.00,2874.91,1807.00,256.69
2023-09-13,88879.00,2873.07,1796.00,249.72
2023-09-14,85836.00,2871.21,1763.00,228.82
2023-09-15,82856.23,2869.36,1741.00,238.70
2023-09-16,79835.00,2867.45,1763.00,239.80
2023-09-17,76720.00,2865.45,1785.00,214.52
2023-09-18,73710.00,2863.48,1730.00,212.46
2023-09-19,70740.00,2861.50,1690.00,192.62
2023-09-20,67926.00,2859.59,1610.00,191.27
2023-09-21,65220.00,2857.72,1510.00,145.72
2023-09-22,62724.00,2855.96,1403.00,144.60
2023-09-23,60382.00,2854.28,1308.00,127.24
2023-09-24,58177.90,2852.67,1211.00,99.77
2023-09-25,56298.00,2851.27,1141.00,193.22
2023-09-26,54607.00,2849.99,1060.00,207.45
2023-09-27,53163.94,2848.88,970.00,242.46
2023-09-28,51832.13,2847.84,922.00,250.55
2023-09-29,50507.00,2846.79,874.00,205.91
2023-09-30,49123.94,2845.68,880.00,182.71
2023-10-01,47656.00,2844.48,910.00,169.91
2023-10-02,46132.00,2843.21,940.00,171.65
2023-10-03,44626.00,2841.93,970.00,210.72
2023-10-04,42908.00,2840.44,1012.00,145.84
2023-10-05,41224.00,2838.94,1054.00,204.98
2023-10-06,39927.00,2837.77,1048.00,394.10
2023-10-07,38065.00,2836.05,862.00,-76.76
2023-10-08,36530.00,2834.60,737.50,-36.40
2023-10-09,35501.00,2833.61,655.00,136.21
2023-10-10,34703.00,2832.83,583.50,181.17
2023-10-11,34070.00,2832.20,480.00,160.86
2023-10-12,33580.00,2831.72,440.50,193.46
2023-10-13,33160.00,2831.29,396.00,184.25
2023-10-14,32710.00,2830.84,376.00,149.12
2023-10-15,32270.00,2830.39,376.00,154.17
2023-10-16,32210.00,2830.33,298.00,267.75
2023-10-17,32343.00,2830.47,202.50,269.55
2023-10-18,32499.00,2830.63,116.00,194.65
2023-10-19,32750.00,2830.88,82.50,209.05
2023-10-20,32920.00,2831.05,74.00,159.71
2023-10-21,33080.00,2831.21,71.20,151.87
2023-10-22,33215.00,2831.35,72.60,140.66
2023-10-23,33380.00,2831.52,72.60,155.79
2023-10-24,33540.00,2831.68,72.60,153.27
2023-10-25,33693.00,2831.83,72.60,149.74
2023-10-26,33880.00,2832.01,72.60,166.88
2023-10-27,34070.00,2832.20,73.11,168.90
2023-10-28,34180.02,2832.31,73.05,128.52
2023-10-29,34249.95,2832.38,73.31,108.57
2023-10-30,34320.00,2832.45,73.20,108.52
2023-10-31,34420.00,2832.55,73.29,123.71
2023-11-01,34620.00,2832.75,73.35,174.18
2023-11-02,34810.00,2832.93,73.30,169.09
2023-11-03,35811.00,2833.91,70.69,575.36
2023-11-04,37425.00,2835.45,65.88,879.61
2023-11-05,38561.00,2836.51,61.75,634.48
2023-11-06,39259.90,2837.16,60.56,412.92
2023-11-07,39949.00,2837.79,60.74,408.16
2023-11-08,40477.00,2838.27,60.55,326.75
2023-11-09,40916.92,2838.67,60.67,282.46
2023-11-10,41312.00,2839.02,60.70,259.89
2023-11-11,41742.00,2839.41,60.79,277.58
2023-11-12,42158.00,2839.78,60.66,270.39
2023-11-13,42567.82,2840.14,60.70,267.32
2023-11-14,42908.00,2840.44,60.70,232.21
2023-11-15,43248.00,2840.74,60.70,232.12
2023-11-16,43616.00,2841.06,60.67,246.20
2023-11-17,43955.14,2841.35,60.70,231.68
2023-11-18,44275.79,2841.63,60.76,222.42
2023-11-19,44602.00,2841.91,60.67,225.13
2023-11-20,44879.85,2842.15,60.76,200.84
2023-11-21,45191.00,2842.41,63.62,220.49
2023-11-22,45422.03,2842.61,66.27,182.75
2023-11-23,45683.08,2842.83,66.27,197.88
2023-11-24,45904.00,2843.02,66.31,177.69
2023-11-25,46107.97,2843.19,66.33,169.16
2023-11-26,46300.15,2843.35,66.36,163.25
2023-11-27,46504.00,2843.52,66.31,169.08
2023-11-28,46707.97,2843.69,66.15,168.98
2023-11-29,46876.09,2843.83,66.27,151.03
2023-11-30,47068.00,2843.99,66.29,163.04
2023-12-01,47344.00,2844.22,66.28,205.43
2023-12-02,47656.00,2844.48,66.33,223.63
2023-12-03,47944.00,2844.72,66.29,211.49
2023-12-04,48338.00,2845.04,66.30,264.94
2023-12-05,50967.87,2847.16,66.34,1392.23
2023-12-06,55126.97,2850.39,51.80,2148.68
2023-12-07,57368.00,2852.07,51.88,1181.73
2023-12-08,58676.00,2853.04,52.83,712.28
2023-12-09,59776.14,2853.84,53.00,607.65
2023-12-10,61100.00,2854.80,53.12,720.57
2023-12-11,62416.00,2855.74,53.99,717.47
2023-12-12,63452.00,2856.48,54.39,576.71
2023-12-13,64302.00,2857.08,54.40,482.94
2023-12-14,65091.76,2857.63,54.40,452.57
2023-12-15,65740.00,2858.08,54.40,381.22
2023-12-16,66430.00,2858.56,54.40,402.28
2023-12-17,67126.00,2859.04,54.40,405.30
2023-12-18,67560.15,2859.34,54.40,273.28
2023-12-19,68044.89,2859.67,54.40,298.79
2023-12-20,68558.00,2860.02,54.40,313.09
2023-12-21,69045.18,2860.35,54.40,300.02
2023-12-22,69499.85,2860.66,53.83,283.06
2023-12-23,69925.00,2860.95,53.00,267.35
2023-12-24,70342.00,2861.23,53.00,263.24
2023-12-25,70725.00,2861.49,53.00,246.10
2023-12-26,71130.00,2861.76,53.04,257.23
2023-12-27,71535.00,2862.03,53.01,257.20
2023-12-28,71954.03,2862.31,57.24,268.50
2023-12-29,72310.00,2862.55,60.00,239.47
2023-12-30,72690.00,2862.80,60.00,251.58
2023-12-31,73035.00,2863.03,60.07,234.01
2024-01-01,73350.00,2863.24,60.18,218.99
2024-01-02,73665.00,2863.45,60.83,219.64
2024-01-03,74009.93,2863.68,59.20,233.10
2024-01-04,74365.00,2863.91,56.85,235.86
2024-01-05,74666.04,2864.11,56.43,208.20
2024-01-06,74975.04,2864.31,56.82,212.61
2024-01-07,75245.00,2864.49,57.01,193.11
2024-01-08,75570.00,2864.70,57.17,221.02
2024-01-09,76150.00,2865.08,57.35,349.77
2024-01-10,76445.00,2865.27,57.20,205.93
2024-01-11,76800.00,2865.50,57.21,236.19
2024-01-12,77029.80,2865.65,57.64,173.50
2024-01-13,77230.00,2865.78,58.18,159.11
2024-01-14,77435.00,2865.91,58.13,161.48
2024-01-15,77666.00,2866.06,57.97,174.43
2024-01-16,77928.00,2866.23,57.61,189.70
2024-01-17,78254.00,2866.44,57.73,222.09
2024-01-18,78579.80,2866.65,58.06,222.32
2024-01-19,78895.18,2866.85,57.70,216.70
2024-01-20,79175.00,2867.03,57.93,199.01
2024-01-21,79552.00,2867.27,57.93,248.00
2024-01-22,79805.00,2867.43,58.02,185.57
2024-01-23,80197.92,2867.68,58.06,256.16
2024-01-24,80668.00,2867.98,58.31,295.31
2024-01-25,81330.00,2868.40,58.45,392.21
2024-01-26,82216.00,2868.96,58.57,505.26
2024-01-27,83272.08,2869.62,58.60,591.04
2024-01-28,84648.00,2870.48,58.83,752.52
2024-01-29,86351.00,2871.53,59.96,918.56
2024-01-30,88036.00,2872.56,60.50,910.02
2024-01-31,90005.00,2873.75,55.80,1048.50
2024-02-01,92175.00,2875.05,55.80,1149.84
2024-02-02,93899.00,2876.07,55.80,924.98
2024-02-03,95259.29,2876.87,55.80,741.61
2024-02-04,96425.00,2877.55,55.80,643.51
2024-02-05,97531.96,2878.19,54.10,612.19
2024-02-06,98464.00,2878.73,51.80,521.70
2024-02-07,99316.00,2879.22,51.58,481.13
2024-02-08,100105.87,2879.67,51.10,449.33
2024-02-09,100809.00,2880.07,51.03,405.52
2024-02-10,101480.00,2880.45,51.04,389.34
2024-02-11,102134.08,2880.82,51.21,380.98
2024-02-12,102737.82,2881.16,51.26,355.65
2024-02-13,103304.00,2881.48,51.55,337.00
2024-02-14,103888.04,2881.81,51.76,346.21
2024-02-15,104446.09,2882.12,51.80,333.15
2024-02-16,104913.91,2882.38,51.76,287.62
2024-02-17,105399.78,2882.65,51.78,296.74
2024-02-18,105922.00,2882.94,51.78,315.07
2024-02-19,106408.00,2883.21,51.80,296.83
2024-02-20,106876.00,2883.47,51.80,287.75
2024-02-21,107328.00,2883.72,51.80,279.68
2024-02-22,107786.00,2883.97,51.81,282.72
2024-02-23,108218.00,2884.21,51.86,269.66
2024-02-24,108642.00,2884.44,51.95,265.72
2024-02-25,109192.00,2884.74,52.49,329.78
2024-02-26,109736.00,2885.04,52.71,326.98
2024-02-27,110182.00,2885.28,52.91,277.77
2024-02-28,110694.00,2885.56,52.98,311.11
2024-02-29,111320.00,2885.90,51.71,367.32
2024-03-01,111860.96,2886.19,51.03,323.76
2024-03-02,112376.00,2886.47,51.13,310.80
2024-03-03,112846.00,2886.72,51.35,288.31
2024-03-04,113313.00,2886.97,51.16,286.61
2024-03-05,113740.00,2887.20,51.18,266.46
2024-03-06,114148.00,2887.42,51.16,256.86
2024-03-07,114565.72,2887.64,51.14,261.74
2024-03-08,114974.28,2887.86,51.35,257.33
2024-03-09,115430.00,2888.10,51.43,281.19
2024-03-10,115800.00,2888.30,51.64,238.18
2024-03-11,116237.00,2888.53,51.75,272.07
2024-03-12,116712.00,2888.78,51.63,291.11
2024-03-13,117073.00,2888.97,51.64,233.64
2024-03-14,117452.86,2889.17,52.79,244.30
2024-03-15,117833.33,2889.37,53.98,245.80
2024-03-16,118232.00,2889.58,54.09,255.09
2024-03-17,118669.04,2889.81,54.25,274.59
2024-03-18,119182.00,2890.08,54.40,313.02
2024-03-19,119819.00,2890.41,54.40,375.55
2024-03-20,120665.23,2890.85,54.40,481.04
2024-03-21,121473.00,2891.27,54.40,461.65
2024-03-22,122380.00,2891.74,54.52,511.80
2024-03-23,123489.04,2892.31,55.09,614.23
2024-03-24,124560.30,2892.86,54.91,595.00
2024-03-25,125540.30,2893.36,55.25,549.33
2024-03-26,126448.09,2893.82,55.36,513.04
2024-03-27,127370.00,2894.29,53.73,518.53
2024-03-28,128200.00,2894.71,52.44,470.90
2024-03-29,129000.04,2895.11,52.41,455.76
2024-03-30,129750.00,2895.49,52.49,430.60
2024-03-31,130430.15,2895.83,52.29,395.20
2024-04-01,131149.95,2896.19,52.37,415.27
2024-04-02,131980.00,2896.60,52.16,470.64
2024-04-03,132880.00,2897.05,52.24,505.99
2024-04-04,133890.00,2897.55,52.75,561.96
2024-04-05,134780.00,2897.99,52.23,500.94
2024-04-06,135494.21,2898.34,52.31,412.39
2024-04-07,136290.00,2898.73,52.45,453.66
2024-04-08,137040.00,2899.10,61.34,439.47
2024-04-09,137800.00,2899.47,69.79,452.96
2024-04-10,138543.15,2899.83,79.51,454.18
2024-04-11,139300.00,2900.20,91.66,473.24
2024-04-12,140067.00,2900.57,94.56,481.26
2024-04-13,140755.95,2900.89,246.12,593.47
2024-04-14,140906.00,2900.97,519.48,595.13
2024-04-15,140942.00,2900.99,540.68,558.83
2024-04-16,141253.69,2901.14,418.00,575.14
2024-04-17,141790.00,2901.40,216.88,487.27
2024-04-18,142540.00,2901.76,123.35,501.48
2024-04-19,143124.00,2902.04,162.94,457.37
2024-04-20,143733.15,2902.33,195.76,502.87
2024-04-21,144174.00,2902.54,200.00,422.26
2024-04-22,144573.00,2902.73,209.72,410.88
2024-04-23,145035.00,2902.95,214.03,446.96
2024-04-24,145496.85,2903.17,214.16,447.01
2024-04-25,145538.95,2903.19,410.17,431.40
2024-04-26,144825.26,2902.85,860.37,500.55
2024-04-27,143858.95,2902.39,1017.25,530.07
2024-04-28,143438.95,2902.19,753.03,541.28
2024-04-29,143733.15,2902.33,343.19,491.52
2024-04-30,144258.00,2902.58,215.50,480.11
2024-05-01,144720.00,2902.80,204.61,437.54
2024-05-02,145140.00,2903.00,205.00,416.75
2024-05-03,145538.95,2903.19,205.00,406.14
2024-05-04,146148.00,2903.48,205.00,512.06
2024-05-05,146930.27,2903.85,205.19,599.58
2024-05-06,147670.00,2904.20,204.97,577.92
2024-05-07,148289.00,2904.49,205.00,517.08
2024-05-08,148884.00,2904.77,205.03,505.01
2024-05-09,149458.00,2905.04,205.00,494.39
2024-05-10,150251.00,2905.41,205.00,604.80
2024-05-11,150891.00,2905.71,431.92,754.59
2024-05-12,151686.00,2906.08,688.06,1088.87
2024-05-13,152737.00,2906.57,687.94,1217.82
2024-05-14,154122.00,2907.21,406.33,1104.60
2024-05-15,155730.00,2907.95,261.43,1072.13
2024-05-16,157650.15,2908.82,271.00,1239.08
2024-05-17,159362.05,2909.61,271.00,1134.08
2024-05-18,160647.95,2910.19,274.00,922.31
2024-05-19,161625.62,2910.63,274.00,766.91
2024-05-20,162450.00,2911.00,274.06,689.69
2024-05-21,163074.00,2911.28,300.87,615.47
2024-05-22,163406.00,2911.43,521.15,688.53
2024-05-23,163028.00,2911.26,826.62,636.04
2024-05-24,162648.00,2911.09,826.06,634.48
2024-05-25,162801.78,2911.16,497.76,575.29
2024-05-26,163252.32,2911.36,322.13,549.28
2024-05-27,163692.00,2911.56,322.00,543.67
2024-05-28,164276.11,2911.82,308.59,603.08
2024-05-29,164954.10,2912.12,306.00,647.82
2024-05-30,165199.00,2912.23,436.09,559.56
2024-05-31,165360.00,2912.30,473.65,554.82
2024-06-01,165535.90,2912.38,489.95,578.63
2024-06-02,165942.00,2912.56,489.95,694.69
2024-06-03,167159.99,2913.10,808.08,1422.15
2024-06-04,167343.89,2913.18,1090.06,1182.78
2024-06-05,167620.00,2913.30,1005.88,1145.09
2024-06-06,168277.00,2913.59,614.04,945.28
2024-06-07,169394.00,2914.08,350.67,913.82
2024-06-08,170694.72,2914.65,313.00,968.78
2024-06-09,172029.00,2915.23,313.09,985.79
2024-06-10,173294.00,2915.78,305.09,942.86
2024-06-11,174270.00,2916.20,341.81,833.88
2024-06-12,174715.95,2916.39,545.86,770.69
2024-06-13,174878.00,2916.46,605.56,687.26
2024-06-14,174901.00,2916.47,611.00,622.60
2024-06-15,174832.00,2916.44,643.48,608.69
2024-06-16,174620.29,2916.35,671.33,564.59
2024-06-17,174316.00,2916.22,623.26,469.85
2024-06-18,174063.05,2916.11,589.17,461.64
2024-06-19,173460.29,2915.85,812.32,508.43
2024-06-20,172765.00,2915.55,885.44,534.90
2024-06-21,172259.17,2915.33,819.43,564.41
2024-06-22,172075.00,2915.25,721.97,629.12
2024-06-23,172075.00,2915.25,622.92,622.92
2024-06-24,172167.00,2915.29,534.79,581.17
2024-06-25,172282.23,2915.34,473.80,531.90
2024-06-26,172512.00,2915.44,455.00,570.84
2024-06-27,172811.00,2915.57,449.01,599.76
2024-06-28,173086.95,2915.69,431.50,570.62
2024-06-29,173317.00,2915.79,431.50,547.48
2024-06-30,173555.95,2915.89,431.50,551.97
2024-07-01,173787.00,2915.99,401.03,517.52
2024-07-02,174063.05,2916.11,372.25,511.43
2024-07-03,174177.77,2916.16,405.63,463.47
2024-07-04,174177.77,2916.16,427.00,427.00
2024-07-05,174223.89,2916.18,427.05,450.30
2024-07-06,174270.00,2916.20,427.00,450.25
2024-07-07,174339.00,2916.23,427.00,461.79
2024-07-08,174431.00,2916.27,427.05,473.43
2024-07-09,174500.00,2916.30,427.09,461.88
2024-07-10,174572.18,2916.33,444.16,480.55
2024-07-11,174500.00,2916.30,455.10,418.71
2024-07-12,174385.00,2916.25,455.00,397.02
2024-07-13,174223.89,2916.18,454.90,373.67
2024-07-14,174108.60,2916.13,455.00,396.87
2024-07-15,173856.00,2916.02,455.00,327.65
2024-07-16,173649.00,2915.93,455.00,350.64
2024-07-17,173412.18,2915.83,469.13,349.73
2024-07-18,173202.00,2915.74,479.95,373.98
2024-07-19,172903.05,2915.61,480.00,329.28
2024-07-20,172604.00,2915.48,493.33,342.56
2024-07-21,172213.05,2915.31,499.84,302.74
2024-07-22,171867.77,2915.16,500.05,325.97
2024-07-23,171500.00,2915.00,471.15,285.73
2024-07-24,171109.17,2914.83,498.75,301.71
2024-07-25,170626.11,2914.62,558.29,314.75
2024-07-26,170189.00,2914.43,558.95,338.57
2024-07-27,169637.95,2914.19,558.46,280.64
2024-07-28,169026.00,2913.92,559.95,251.43
2024-07-29,168566.00,2913.72,499.74,267.82
2024-07-30,168589.00,2913.73,299.72,311.32
2024-07-31,168704.00,2913.78,238.06,296.04
2024-08-01,168431.78,2913.66,364.50,227.26
2024-08-02,167909.00,2913.43,591.98,328.41
2024-08-03,167183.05,2913.11,664.34,298.34
2024-08-04,166348.00,2912.74,695.22,274.22
2024-08-05,165492.32,2912.36,707.82,276.41
2024-08-06,164504.00,2911.92,746.04,247.76
2024-08-07,163428.00,2911.44,810.20,267.72
2024-08-08,162220.01,2910.90,870.94,261.91
2024-08-09,160956.16,2910.33,935.69,298.50
2024-08-10,159583.00,2909.71,960.56,268.26
2024-08-11,158198.00,2909.08,973.56,275.29
2024-08-12,156687.95,2908.39,1006.00,244.68
2024-08-13,155123.84,2907.67,1003.12,214.55
2024-08-14,153560.00,2906.95,1027.75,239.31
2024-08-15,151984.00,2906.22,1041.00,246.43
2024-08-16,150335.00,2905.45,1055.63,224.26
2024-08-17,148752.00,2904.71,1050.94,252.84
2024-08-18,147439.00,2904.09,1047.63,385.66
2024-08-19,145917.36,2903.37,1031.31,264.15
2024-08-20,144362.64,2902.63,1030.38,246.54
2024-08-21,142767.36,2901.87,1032.19,227.90
2024-08-22,141232.64,2901.13,1029.25,255.49
2024-08-23,139657.36,2900.37,1031.00,236.80
2024-08-24,138132.64,2899.63,1017.06,248.35
2024-08-25,136577.36,2898.87,1022.69,238.57
2024-08-26,134800.00,2898.00,1110.50,214.41
2024-08-27,132520.34,2896.87,1339.25,189.92
2024-08-28,130270.00,2895.75,1364.00,229.45
2024-08-29,128079.75,2894.65,1304.08,199.83
2024-08-30,125800.00,2893.49,1372.16,222.79
2024-08-31,123375.00,2892.25,1482.71,260.11
2024-09-01,120836.00,2890.94,1567.81,287.73
2024-09-02,118080.00,2889.50,1691.25,301.77
2024-09-03,115183.00,2887.97,1785.46,324.89
2024-09-04,112211.91,2886.38,1825.68,327.75
2024-09-05,109138.00,2884.71,1884.23,334.47
2024-09-06,105868.00,2882.91,1980.14,331.51
2024-09-07,102468.00,2881.01,2050.26,336.09
2024-09-08,99127.04,2879.11,2040.06,355.66
2024-09-09,95847.00,2877.21,1992.97,339.28
2024-09-10,92651.12,2875.33,1928.11,316.85
2024-09-11,89556.00,2873.48,1904.40,343.94
2024-09-12,86517.72,2871.63,1864.75,332.95
2024-09-13,83528.00,2869.78,1825.33,318.01
2024-09-14,80476.24,2867.86,1837.59,298.99
2024-09-15,77420.00,2865.90,1871.85,330.99
2024-09-16,74334.97,2863.89,1855.58,300.21
2024-09-17,71085.00,2861.73,1930.52,291.99
2024-09-18,67814.00,2859.51,1947.82,298.69
2024-09-19,64578.00,2857.27,1913.68,282.20
2024-09-20,61352.00,2854.98,1891.22,264.78
2024-09-21,58149.83,2852.65,1882.40,267.97
2024-09-22,54932.00,2850.24,1883.43,261.11
2024-09-23,51767.00,2847.79,1844.24,248.55
2024-09-24,48720.15,2845.35,1794.40,258.28
2024-09-25,45705.14,2842.85,1783.17,263.10
2024-09-26,42761.03,2840.31,1769.19,284.87
2024-09-27,39794.86,2837.65,1728.02,232.58
2024-09-28,36650.00,2834.71,1721.04,135.51
2024-09-29,33780.00,2831.91,1700.00,253.04
2024-09-30,31427.00,2829.53,1543.08,356.78
2024-10-01,29169.88,2827.15,1334.06,196.09
2024-10-02,26608.04,2824.32,1155.66,-135.94
2024-10-03,24422.00,2821.78,1095.94,-6.19
2024-10-04,22404.06,2819.33,1082.50,65.12
2024-10-05,20479.12,2816.87,1039.00,68.51
2024-10-06,18954.03,2814.82,986.69,217.79
2024-10-07,17384.03,2812.62,953.25,161.71
2024-10-08,15926.00,2810.48,904.12,169.03
2024-10-09,14688.00,2808.58,861.25,237.09
2024-10-10,13472.03,2806.62,821.00,207.95
2024-10-11,12490.00,2804.98,761.28,266.17
2024-10-12,11706.01,2803.61,439.98,44.72
2024-10-13,11390.00,2803.05,171.20,11.88
2024-10-14,11455.94,2803.16,105.48,138.72
2024-10-15,11515.00,2803.27,81.00,110.78
2024-10-16,11635.00,2803.49,74.03,134.53
2024-10-17,11882.00,2803.92,74.00,198.53
2024-10-18,12100.00,2804.30,74.00,183.91
2024-10-19,12264.00,2804.59,74.00,156.68
2024-10-20,12437.97,2804.88,74.16,161.87
2024-10-21,12650.00,2805.25,74.60,181.50
2024-10-22,12872.03,2805.62,75.30,187.24
2024-10-23,13046.00,2805.91,75.33,163.04
2024-10-24,13189.93,2806.15,75.40,147.96
2024-10-25,13358.00,2806.43,75.41,160.15
2024-10-26,13592.03,2806.82,75.40,193.39
2024-10-27,14045.00,2807.55,76.06,304.43
2024-10-28,14592.00,2808.42,76.62,352.40
2024-10-29,14770.00,2808.70,76.80,166.54
2024-10-30,14996.00,2809.06,76.80,190.74
2024-10-31,15226.00,2809.41,76.80,192.76
2024-11-01,15466.00,2809.78,76.89,197.89
2024-11-02,15645.00,2810.05,76.92,167.17
2024-11-03,15727.97,2810.18,77.02,118.85
2024-11-04,15803.00,2810.29,77.31,115.14
2024-11-05,15863.99,2810.39,77.62,108.37
2024-11-06,16010.00,2810.60,77.98,151.59
2024-11-07,16182.10,2810.86,78.04,164.81
2024-11-08,16319.00,2811.07,78.13,147.15
2024-11-09,16533.99,2811.39,78.20,186.59
2024-11-10,16757.00,2811.71,78.20,190.63
2024-11-11,16978.00,2812.04,78.19,189.61
2024-11-12,17230.00,2812.40,78.20,205.25
2024-11-13,17580.00,2812.90,75.59,252.05
2024-11-14,17951.00,2813.43,70.21,257.26
2024-11-15,18311.00,2813.93,69.16,250.66
2024-11-16,18564.00,2814.28,69.58,197.13
2024-11-17,18924.00,2814.78,69.67,251.17
2024-11-18,19265.00,2815.25,67.12,239.04
2024-11-19,19585.97,2815.68,65.61,227.43
2024-11-20,19907.02,2816.11,65.60,227.46
2024-11-21,20224.00,2816.53,65.60,225.41
2024-11-22,20548.00,2816.96,65.60,228.95
2024-11-23,20850.10,2817.35,65.60,217.91
2024-11-24,21111.98,2817.69,65.61,197.64
2024-11-25,21366.00,2818.02,65.60,193.67
2024-11-26,21622.08,2818.34,65.63,194.74
2024-11-27,21828.02,2818.61,65.89,169.72
2024-11-28,22004.06,2818.83,66.24,154.99
2024-11-29,22172.00,2819.04,66.68,151.35
2024-11-30,22348.00,2819.26,66.97,155.70
2024-12-01,22516.00,2819.47,66.99,151.69
2024-12-02,22700.00,2819.70,67.00,159.77
2024-12-03,22869.00,2819.91,67.00,152.20
2024-12-04,23030.00,2820.10,67.00,148.17
2024-12-05,23158.00,2820.26,67.00,131.53
2024-12-06,23261.98,2820.39,67.00,119.42
2024-12-07,23440.00,2820.60,67.06,156.81
2024-12-08,23930.00,2821.20,65.98,313.02
2024-12-09,24243.00,2821.57,64.16,221.96
2024-12-10,24520.00,2821.90,64.20,203.85
2024-12-11,24788.00,2822.22,64.20,199.32
2024-12-12,25012.00,2822.48,64.20,177.13
2024-12-13,25208.00,2822.71,64.20,163.02
2024-12-14,25232.00,2822.74,64.20,76.30
2024-12-15,25508.00,2823.06,64.20,203.35
2024-12-16,25890.00,2823.50,64.29,256.88
2024-12-17,26159.02,2823.81,64.62,200.25
2024-12-18,26590.00,2824.30,65.10,282.39
2024-12-19,27138.00,2824.92,65.53,341.81
2024-12-20,27696.00,2825.54,65.60,346.93
2024-12-21,28259.90,2826.16,65.60,349.90
2024-12-22,28840.00,2826.79,65.63,358.10
2024-12-23,29490.00,2827.49,65.75,393.46
2024-12-24,29900.00,2827.93,66.34,273.05
2024-12-25,30400.00,2828.46,66.80,318.88
2024-12-26,30799.95,2828.88,67.04,268.68
2024-12-27,31300.00,2829.40,67.00,319.11
2024-12-28,31750.15,2829.86,67.06,294.01
2024-12-29,32200.05,2830.32,67.17,293.99
2024-12-30,32600.00,2830.73,67.03,268.67
2024-12-31,32999.83,2831.13,67.12,268.70
2025-01-01,33350.00,2831.49,67.16,243.70
2025-01-02,33704.11,2831.84,67.47,246.00
2025-01-03,34140.00,2832.27,68.11,287.87
2025-01-04,34499.83,2832.63,68.14,249.55
2025-01-05,34900.00,2833.02,68.33,270.08
2025-01-06,35190.00,2833.30,59.94,206.15
2025-01-07,35460.00,2833.57,55.51,191.64
2025-01-08,35770.17,2833.87,60.00,216.38
2025-01-09,36108.97,2834.19,60.00,230.81
2025-01-10,36470.00,2834.54,60.10,242.12
2025-01-11,36827.95,2834.88,60.09,240.56
2025-01-12,37049.00,2835.09,60.06,171.51
2025-01-13,37290.05,2835.32,63.79,185.32
2025-01-14,37579.00,2835.59,67.19,212.87
2025-01-15,37844.11,2835.84,65.94,199.60
2025-01-16,38076.00,2836.06,60.41,177.32
2025-01-17,38290.00,2836.26,57.86,165.75
2025-01-18,38616.00,2836.56,57.20,221.56
2025-01-19,38870.00,2836.80,57.20,185.26
2025-01-20,39101.00,2837.01,56.41,172.87
2025-01-21,39333.00,2837.23,55.83,172.80
2025-01-22,39586.00,2837.46,55.80,183.35
2025-01-23,39794.86,2837.65,55.46,160.76
2025-01-24,40081.00,2837.91,54.44,198.70
2025-01-25,40355.89,2838.16,54.36,192.95
2025-01-26,40587.19,2838.37,53.42,170.03
2025-01-27,40807.00,2838.57,53.00,163.82
2025-01-28,41038.00,2838.78,52.94,169.40
2025-01-29,41290.00,2839.00,52.06,179.11
2025-01-30,41532.00,2839.22,51.80,173.81
2025-01-31,41894.00,2839.54,51.00,233.51
2025-02-01,42103.00,2839.73,50.60,155.97
2025-02-02,42333.00,2839.93,50.41,166.37
2025-02-03,42555.79,2840.13,49.46,161.78
2025-02-04,42816.16,2840.36,49.88,181.15
2025-02-05,43079.00,2840.59,50.60,183.12
2025-02-06,43296.00,2840.78,58.79,168.19
2025-02-07,43502.00,2840.96,65.48,169.34
2025-02-08,43707.82,2841.14,64.62,168.39
2025-02-09,43911.03,2841.31,64.20,166.65
2025-02-10,44118.00,2841.49,64.84,169.19
2025-02-11,44311.88,2841.66,65.60,163.35
2025-02-12,44518.12,2841.84,65.60,169.58
2025-02-13,44732.00,2842.02,65.60,173.43
2025-02-14,44903.91,2842.17,64.49,151.16
2025-02-15,45084.06,2842.32,64.20,155.03
2025-02-16,45246.00,2842.46,64.16,145.80
2025-02-17,45410.00,2842.60,63.00,145.68
2025-02-18,45578.00,2842.74,62.80,147.50
2025-02-19,45737.95,2842.88,62.54,143.18
2025-02-20,45868.00,2842.99,61.47,127.04
2025-02-21,45988.00,2843.09,61.40,121.90
2025-02-22,46168.00,2843.24,61.39,152.14
2025-02-23,46900.15,2843.85,61.79,430.92
2025-02-24,48755.94,2845.38,61.47,997.10
2025-02-25,49993.94,2846.38,56.54,680.70
2025-02-26,50941.81,2847.14,49.35,527.23
2025-02-27,51780.00,2847.80,49.19,471.78
2025-02-28,52566.00,2848.42,48.29,444.57
2025-03-01,53372.00,2849.04,48.20,454.56
2025-03-02,54177.87,2849.66,48.20,454.49
2025-03-03,55023.03,2850.31,47.65,473.75
2025-03-04,55884.00,2850.96,47.26,481.33
2025-03-05,56670.00,2851.55,47.03,443.31
2025-03-06,57423.03,2852.11,47.00,426.65
2025-03-07,58094.03,2852.61,46.99,385.29
2025-03-08,58760.00,2853.10,46.56,382.32
2025-03-09,59414.00,2853.58,45.79,375.52
2025-03-10,60046.00,2854.04,45.49,364.12
2025-03-11,60666.00,2854.49,44.61,357.19
2025-03-12,61324.00,2854.96,46.63,378.37
2025-03-13,61953.00,2855.41,49.38,366.50
2025-03-14,62486.00,2855.79,49.40,318.12
2025-03-15,63088.00,2856.22,50.60,354.11
2025-03-16,63635.03,2856.61,50.20,325.99
2025-03-17,64120.00,2856.95,49.46,293.97
2025-03-18,64578.00,2857.27,50.60,281.51
2025-03-19,65050.00,2857.60,50.60,288.57
2025-03-20,65522.00,2857.93,49.94,287.91
2025-03-21,66060.00,2858.30,49.53,320.77
2025-03-22,66531.76,2858.63,50.61,288.46
2025-03-23,67168.00,2859.07,50.33,371.10
2025-03-24,68470.00,2859.96,49.59,706.02
2025-03-25,70770.00,2861.52,50.60,1210.18
2025-03-26,73290.00,2863.20,50.51,1321.01
2025-03-27,76656.00,2865.41,50.64,1747.67
2025-03-28,79472.00,2867.22,53.42,1473.15
2025-03-29,81634.00,2868.59,55.01,1145.02
2025-03-30,83480.00,2869.75,55.23,985.92
2025-03-31,85154.00,2870.79,55.20,899.18
2025-04-01,86742.00,2871.77,50.13,850.75
2025-04-02,88068.00,2872.58,45.80,714.33
2025-04-03,89141.00,2873.23,54.95,595.92
2025-04-04,90124.08,2873.82,60.10,555.74
2025-04-05,91072.96,2874.39,54.40,532.79
2025-04-06,92042.00,2874.97,53.00,541.56
2025-04-07,93457.04,2875.81,51.80,765.22
2025-04-08,95021.00,2876.73,51.80,840.30
2025-04-09,96408.00,2877.54,72.60,771.88
2025-04-10,97720.00,2878.30,70.95,732.42
2025-04-11,99160.71,2879.13,68.52,794.88
2025-04-12,100528.00,2879.91,66.99,756.33
2025-04-13,101793.69,2880.63,65.60,703.72
2025-04-14,102963.00,2881.29,73.99,663.52
2025-04-15,104140.00,2881.95,82.66,676.06
2025-04-16,105381.73,2882.64,76.74,702.78
2025-04-17,106713.91,2883.38,69.80,741.44
2025-04-18,108038.04,2884.11,70.97,738.55
2025-04-19,109372.18,2884.84,71.39,744.02
2025-04-20,110732.00,2885.58,70.05,755.63
2025-04-21,111952.00,2886.24,77.78,692.86
2025-04-22,113104.28,2886.86,91.98,672.92
2025-04-23,114110.00,2887.40,96.17,603.22
2025-04-24,114936.19,2887.84,177.06,593.60
2025-04-25,115674.00,2888.23,259.00,630.98
2025-04-26,116502.86,2888.67,262.06,679.94
2025-04-27,117548.00,2889.22,262.09,789.02
2025-04-28,118688.09,2889.82,218.41,793.21
2025-04-29,120047.00,2890.53,159.35,844.47
2025-04-30,121416.00,2891.24,136.94,827.14
2025-05-01,122830.00,2891.97,136.98,849.87
2025-05-02,124269.00,2892.71,206.12,931.62
2025-05-03,125780.00,2893.48,280.00,1041.80
2025-05-04,127075.72,2894.14,280.06,933.32
2025-05-05,128280.00,2894.75,231.38,838.54
2025-05-06,129456.19,2895.34,216.56,809.56
2025-05-07,130570.00,2895.90,241.00,802.55
2025-05-08,131833.00,2896.53,238.00,874.76
2025-05-09,133039.66,2897.13,238.00,846.36
2025-05-10,134232.00,2897.72,238.00,839.14
2025-05-11,135431.05,2898.31,237.84,842.36
2025-05-12,136618.95,2898.89,238.00,836.90
2025-05-13,137020.00,2899.09,512.50,714.70
2025-05-14,136800.00,2898.98,915.94,805.02
2025-05-15,136514.21,2898.84,875.12,731.03
2025-05-16,136660.00,2898.91,608.88,682.38
2025-05-17,137330.00,2899.24,349.14,686.93
2025-05-18,138070.00,2899.60,308.84,681.92
2025-05-19,138770.00,2899.94,295.22,648.14
2025-05-20,139079.00,2900.09,459.27,615.06
2025-05-21,138460.00,2899.79,953.50,641.42
2025-05-22,138300.00,2899.71,699.57,618.90
2025-05-23,138850.00,2899.98,328.28,605.57
2025-05-24,139657.36,2900.37,265.00,672.04
2025-05-25,140636.24,2900.84,265.00,758.52
2025-05-26,141916.00,2901.46,265.09,910.30
2025-05-27,143124.00,2902.04,265.00,874.03
2025-05-28,144404.74,2902.65,289.09,934.80
2025-05-29,145896.31,2903.36,307.09,1059.09
2025-05-30,146715.00,2903.75,587.11,999.87
2025-05-31,146908.22,2903.84,904.00,1001.42
2025-06-01,146974.38,2903.87,904.00,937.36
2025-06-02,147397.00,2904.07,560.01,773.08
2025-06-03,148012.32,2904.36,373.33,683.55
2025-06-04,148436.00,2904.56,475.52,689.13
2025-06-05,148928.00,2904.79,525.16,773.21
2025-06-06,149778.95,2905.19,394.25,823.27
2025-06-07,150891.00,2905.71,325.04,885.70
2025-06-08,152181.05,2906.31,325.04,975.44
2025-06-09,153648.00,2906.99,325.00,1064.59
2025-06-10,154948.00,2907.59,339.07,994.49
2025-06-11,155972.00,2908.06,361.71,877.98
2025-06-12,156490.00,2908.30,447.92,709.08
2025-06-13,156820.00,2908.45,459.22,625.60
2025-06-14,157128.00,2908.59,409.56,564.84
2025-06-15,157414.00,2908.72,374.17,518.36
2025-06-16,157740.37,2908.85,360.00,524.54
2025-06-17,157988.00,2908.97,360.00,484.85
2025-06-18,158135.00,2909.05,419.88,493.99
2025-06-19,158262.05,2909.11,429.20,493.25
2025-06-20,158393.84,2909.17,378.46,444.90
2025-06-21,158482.00,2909.21,356.50,400.95
2025-06-22,158548.00,2909.24,356.50,389.78
2025-06-23,158570.00,2909.25,356.50,367.59
2025-06-24,158614.00,2909.27,400.33,422.51
2025-06-25,158746.16,2909.33,410.92,477.55
2025-06-26,158988.00,2909.44,384.00,505.93
2025-06-27,159142.00,2909.51,373.42,451.06
2025-06-28,159296.00,2909.58,360.00,437.64
2025-06-29,159471.78,2909.66,360.00,448.62
2025-06-30,159606.00,2909.72,360.00,427.67
2025-07-01,159767.00,2909.79,370.62,451.79
2025-07-02,159944.38,2909.87,380.00,469.43
2025-07-03,159987.95,2909.89,380.00,401.97
2025-07-04,160010.01,2909.90,380.00,391.12
2025-07-05,159834.11,2909.82,380.08,291.40
2025-07-06,159744.00,2909.78,380.00,334.57
2025-07-07,159698.00,2909.76,380.00,356.81
2025-07-08,159675.00,2909.75,380.37,368.77
2025-07-09,159583.00,2909.71,389.58,343.20
2025-07-10,159515.89,2909.68,396.00,362.17
2025-07-11,159449.73,2909.65,396.00,362.64
2025-07-12,159318.00,2909.59,396.00,329.59
2025-07-13,159230.00,2909.55,396.00,351.63
2025-07-14,159120.00,2909.50,396.00,340.54
2025-07-15,158966.00,2909.43,396.00,318.36
2025-07-16,158812.32,2909.36,396.00,318.52
2025-07-17,158570.00,2909.25,396.00,273.83
2025-07-18,158305.62,2909.13,396.00,262.71
2025-07-19,158030.00,2909.00,403.94,264.98
2025-07-20,157740.37,2908.85,409.00,262.98
2025-07-21,157347.95,2908.68,413.50,215.65
2025-07-22,157106.00,2908.58,406.19,284.21
2025-07-23,156710.01,2908.40,454.90,255.25
2025-07-24,156280.00,2908.20,490.00,273.20
2025-07-25,155818.00,2907.99,490.00,257.07
2025-07-26,155358.00,2907.78,489.79,257.87
2025-07-27,154860.00,2907.55,485.00,233.92
2025-07-28,154452.32,2907.36,444.48,238.94
2025-07-29,154011.78,2907.16,432.58,210.47
2025-07-30,153428.95,2906.89,535.94,242.10
2025-07-31,152822.05,2906.61,571.01,265.03
2025-08-01,152181.05,2906.31,550.33,227.16
2025-08-02,151510.00,2906.00,549.98,211.66
2025-08-03,150806.85,2905.67,592.04,237.54
2025-08-04,150010.00,2905.30,605.50,203.75
2025-08-05,149202.00,2904.92,605.33,197.96
2025-08-06,148499.00,2904.59,610.94,256.51
2025-08-07,147775.00,2904.25,622.00,256.98
2025-08-08,146995.90,2903.88,622.00,229.20
2025-08-09,146022.00,2903.42,712.58,221.57
2025-08-10,145014.00,2902.94,754.00,245.80
2025-08-11,143985.00,2902.45,753.77,234.98
2025-08-12,142851.00,2901.91,807.62,235.89
2025-08-13,141400.00,2901.21,960.81,229.26
2025-08-14,139962.00,2900.52,960.62,235.63
2025-08-15,138750.00,2899.93,842.06,231.01
2025-08-16,137800.00,2899.47,773.19,294.23
2025-08-17,136840.00,2899.00,754.00,270.00
2025-08-18,135780.00,2898.48,748.50,214.08
2025-08-19,134480.20,2897.84,851.31,195.99
2025-08-20,132860.00,2897.04,1004.88,188.03
2025-08-21,131129.90,2896.18,1074.94,202.68
2025-08-22,129220.00,2895.22,1155.22,192.31
2025-08-23,127230.00,2894.22,1196.85,193.56
2025-08-24,125268.00,2893.22,1196.71,207.53
2025-08-25,123280.00,2892.20,1189.56,187.28
2025-08-26,121064.00,2891.06,1305.08,187.85
2025-08-27,118517.00,2889.73,1550.31,266.20
2025-08-28,115819.04,2888.31,1673.02,312.80
2025-08-29,113066.19,2886.84,1686.77,298.87
2025-08-30,110238.04,2885.31,1719.06,293.20
2025-08-31,107309.00,2883.71,1751.66,274.93
2025-09-01,104356.00,2882.07,1728.85,240.05
2025-09-02,101498.00,2880.46,1692.19,251.28
2025-09-03,98590.00,2878.80,1693.23,227.11
2025-09-04,95677.04,2877.11,1700.21,231.59
2025-09-05,92719.29,2875.37,1721.67,230.47
2025-09-06,89692.00,2873.56,1754.52,228.26
2025-09-07,86646.00,2871.71,1749.02,213.33
2025-09-08,83832.00,2869.97,1642.08,223.35
2025-09-09,81155.00,2868.29,1578.96,229.31
2025-09-10,78516.04,2866.61,1532.60,202.12
2025-09-11,75895.00,2864.91,1507.19,185.75
2025-09-12,73214.82,2863.15,1533.02,181.76
2025-09-13,70500.15,2861.34,1534.17,165.52
2025-09-14,67842.00,2859.53,1511.87,171.72
2025-09-15,65205.00,2857.71,1449.48,119.99
2025-09-16,62682.00,2855.93,1400.00,127.99
2025-09-17,60102.00,2854.08,1425.59,124.84
2025-09-18,57487.87,2852.16,1443.13,125.17
2025-09-19,54840.90,2850.17,1452.19,117.68
2025-09-20,52121.00,2848.07,1499.06,127.78
2025-09-21,49386.97,2845.89,1498.44,120.03
2025-09-22,46720.00,2843.70,1466.25,121.65
2025-09-23,44118.00,2841.49,1423.06,111.22
2025-09-24,41686.16,2839.36,1319.17,93.12
2025-09-25,39542.00,2837.42,1246.07,165.06
2025-09-26,37182.00,2835.22,1238.85,49.02
2025-09-27,34249.95,2832.38,1235.43,-242.81
2025-09-28,32019.85,2830.14,1225.80,101.46
2025-09-29,30051.00,2828.09,1215.81,223.18
2025-09-30,27741.00,2825.59,1210.05,45.42
2025-10-01,25845.00,2823.45,1090.94,135.04
2025-10-02,24156.00,2821.47,1001.38,149.84
2025-10-03,22500.00,2819.45,978.44,143.54
2025-10-04,20918.00,2817.44,941.69,144.10
2025-10-05,19694.03,2815.82,761.68,144.59
2025-10-06,18947.02,2814.81,492.86,116.24
2025-10-07,18762.00,2814.56,199.77,106.49
2025-10-08,18838.95,2814.67,83.20,122.00
2025-10-09,18940.00,2814.80,82.36,133.31
2025-10-10,19031.00,2814.93,83.44,129.32
2025-10-11,19120.00,2815.05,83.39,128.26
2025-10-12,19222.98,2815.19,83.61,135.53
2025-10-13,19408.00,2815.44,84.00,177.28
2025-10-14,19522.00,2815.59,84.00,141.47
2025-10-15,19624.00,2815.73,81.75,133.18
2025-10-16,19722.10,2815.86,77.41,126.87
2025-10-17,19820.00,2816.00,75.40,124.76
2025-10-18,20010.00,2816.25,75.68,171.47
2025-10-19,20596.00,2817.02,73.62,369.06
2025-10-20,21016.00,2817.57,69.73,281.48
2025-10-21,21280.00,2817.90,69.14,202.25
2025-10-22,21461.88,2818.14,69.74,161.44
2025-10-23,21614.06,2818.33,69.80,146.52
2025-10-24,21828.02,2818.61,69.80,177.67
2025-10-25,22300.00,2819.20,69.90,307.86
2025-10-26,22683.96,2819.68,69.95,263.53
2025-10-27,22974.00,2820.03,69.90,216.13
2025-10-28,23206.04,2820.32,67.09,184.07
2025-10-29,23698.00,2820.92,63.22,311.25
2025-10-30,24132.00,2821.44,60.80,279.61
2025-10-31,24472.08,2821.84,60.01,231.47
2025-11-01,26035.94,2823.67,60.76,849.21
2025-11-02,27642.00,2825.48,59.68,869.40
2025-11-03,28480.00,2826.40,55.41,477.90
2025-11-04,29120.00,2827.10,53.26,375.93
2025-11-05,30069.02,2828.11,52.15,530.62
2025-11-06,32220.10,2830.34,51.35,1135.85
2025-11-07,34910.00,2833.03,51.81,1407.97
2025-11-08,36364.00,2834.44,51.89,784.95
2025-11-09,37392.00,2835.42,52.38,570.66
2025-11-10,38374.11,2836.34,52.80,547.95
2025-11-11,39344.00,2837.24,52.99,541.98
2025-11-12,40213.00,2838.03,53.00,491.12
2025-11-13,41132.18,2838.86,52.35,515.77
2025-11-14,42487.00,2840.07,51.73,734.78
2025-11-15,44163.00,2841.53,51.79,896.77
2025-11-16,45457.82,2842.64,51.80,704.61
2025-11-17,46480.00,2843.50,51.90,567.25
2025-11-18,47283.91,2844.17,52.06,457.37
2025-11-19,47956.00,2844.73,52.68,391.52
2025-11-20,48608.00,2845.26,51.54,380.25
2025-11-21,49150.00,,50.60,323.86
2025-11-22,49666.06,2846.12,50.61,310.79
2025-11-23,50192.00,2846.54,50.64,315.80
2025-11-24,50604.21,2846.87,50.70,258.52
2025-11-25,51092.00,2847.26,51.21,297.14
2025-11-26,51533.03,2847.61,51.54,273.89
2025-11-27,52043.00,2848.01,51.65,308.76
2025-11-28,52553.00,2848.41,51.76,308.89
2025-11-29,52995.00,2848.75,51.79,274.63
2025-11-30,53385.00,2849.05,51.78,248.40
2025-12-01,54061.00,2849.57,51.79,392.60
2025-12-02,54412.13,2849.84,51.76,228.79
2025-12-03,54776.06,2850.12,51.80,235.28
2025-12-04,55154.00,2850.41,51.78,242.32
2025-12-05,55748.19,2850.86,51.90,351.47
2025-12-06,56817.87,2851.66,51.91,591.21
2025-12-07,57989.00,2852.53,52.71,643.16
2025-12-08,61548.07,2855.12,54.94,1849.30
2025-12-09,72024.21,2862.36,58.54,5340.27
2025-12-10,83351.88,2869.67,58.72,5769.76
2025-12-11,91641.00,2874.73,52.13,4231.22
2025-12-12,97030.00,2877.90,49.40,2766.36
2025-12-13,100546.00,2879.92,49.40,1822.05
2025-12-14,102486.00,2881.02,49.40,1027.48
2025-12-15,105363.69,2882.63,49.21,1500.05
2025-12-16,108732.00,2884.49,49.41,1747.60
2025-12-17,114603.81,2887.66,50.55,3010.92
2025-12-18,119163.00,2890.07,51.81,2350.40
2025-12-19,124897.00,2893.03,53.22,2944.11
2025-12-20,128620.00,2894.92,53.15,1930.16
2025-12-21,131490.30,2896.36,53.00,1500.11
2025-12-22,133850.00,2897.53,52.98,1242.66
2025-12-23,135780.00,2898.48,52.81,1025.86
2025-12-24,137680.00,2899.41,52.80,1010.72
2025-12-25,139321.00,2900.21,52.63,879.96
2025-12-26,140906.00,2900.97,52.63,851.73
2025-12-27,142063.00,2901.53,52.45,635.77
2025-12-28,143250.00,2902.10,52.34,650.78
2025-12-29,144300.00,2902.60,52.34,581.71
2025-12-30,145308.00,2903.08,52.39,560.59
2025-12-31,146232.00,2903.52,52.15,518.00
2026-01-01,147187.00,2903.97,52.20,533.68
2026-01-02,148331.00,2904.51,52.41,629.18
2026-01-03,149673.69,2905.14,52.80,729.74
2026-01-04,151038.00,2905.78,52.86,740.70
2026-01-05,152244.21,2906.34,52.98,661.10
2026-01-06,153494.00,2906.92,53.23,683.34
2026-01-07,154495.90,2907.38,53.32,558.44
2026-01-08,155466.16,2907.83,53.45,542.62
2026-01-09,156469.00,2908.29,53.85,559.45
2026-01-10,157480.00,2908.75,53.69,563.40
2026-01-11,158460.00,2909.20,53.61,547.69
2026-01-12,159471.78,2909.66,53.63,563.74
2026-01-13,160472.05,2910.11,54.12,558.42
2026-01-14,161494.00,2910.57,54.65,569.88
2026-01-15,162494.00,2911.02,81.97,586.14
2026-01-16,163406.00,2911.43,116.74,576.54
2026-01-17,164436.95,2911.89,129.56,649.33
2026-01-18,165268.00,2912.26,195.81,614.80
2026-01-19,165695.00,2912.45,294.81,510.09
2026-01-20,165942.00,2912.56,358.10,482.63
2026-01-21,166076.11,2912.62,394.58,462.19
2026-01-22,166260.00,2912.70,352.53,445.24
2026-01-23,166480.00,2912.80,328.97,439.89
2026-01-24,166595.28,2912.85,329.63,387.75
2026-01-25,166733.00,2912.91,329.23,398.66
2026-01-26,166848.00,2912.96,329.99,387.97
2026-01-27,166962.00,2913.01,329.85,387.32
2026-01-28,167094.00,2913.07,318.25,384.80
2026-01-29,167297.77,2913.16,310.72,413.46
2026-01-30,167505.00,2913.25,311.16,415.63
2026-01-31,167708.22,2913.34,312.28,414.74
2026-02-01,167955.00,2913.45,312.03,436.45
2026-02-02,168185.00,2913.55,354.93,470.89
2026-02-03,168254.00,2913.58,433.14,467.93
2026-02-04,168254.00,2913.58,454.74,454.74
2026-02-05,168254.00,2913.58,491.61,491.61
2026-02-06,168185.00,2913.55,520.05,485.27
2026-02-07,168277.00,2913.59,520.10,566.49
2026-02-08,168365.62,2913.63,519.69,564.37
2026-02-09,168453.84,2913.67,519.90,564.37
2026-02-10,168589.00,2913.73,480.78,548.93
2026-02-11,168727.00,2913.79,430.56,500.14
2026-02-12,168888.34,2913.86,409.00,490.34
2026-02-13,169049.00,2913.93,390.96,471.96
2026-02-14,169210.00,2914.00,376.00,457.17
2026-02-15,169348.00,2914.06,376.00,445.57
2026-02-16,169439.99,2914.10,376.00,422.38
2026-02-17,169505.62,2914.13,376.62,409.71
2026-02-18,169505.62,2914.13,376.04,376.04
2026-02-19,169549.73,2914.15,362.00,384.24
2026-02-20,169571.78,2914.16,349.50,360.62
2026-02-21,169571.78,2914.16,349.54,349.54
2026-02-22,169615.89,2914.18,349.50,371.74
2026-02-23,169821.00,2914.27,333.68,437.08
2026-02-24,170051.40,2914.37,312.12,428.28
2026-02-25,170166.00,2914.42,294.03,351.81
2026-02-26,170327.00,2914.49,262.69,343.86
2026-02-27,170488.00,2914.56,251.81,332.98
2026-02-28,170626.11,2914.62,252.19,321.82
2026-03-01,170763.89,2914.68,252.09,321.56
2026-03-02,170902.00,2914.74,252.09,321.73
2026-03-03,171086.11,2914.82,252.38,345.20
2026-03-04,171316.00,2914.92,228.13,344.03
2026-03-05,171546.00,2915.02,200.00,315.96
2026-03-06,172006.00,2915.22,118.81,350.73
2026-03-07,172581.00,2915.47,66.31,356.21
2026-03-08,173225.00,2915.75,67.35,392.03
2026-03-09,173925.00,2916.05,68.88,421.80
2026-03-10,174644.35,2916.36,69.45,432.13
2026-03-11,175670.00,2916.80,70.66,587.76
2026-03-12,177190.00,2917.45,72.31,838.64
2026-03-13,180394.06,2918.81,90.50,1705.88
2026-03-14,183888.00,2920.27,136.17,1897.70
2026-03-15,186298.00,2921.27,82.52,1297.56
2026-03-16,188022.00,2921.98,225.66,1094.84
2026-03-17,188511.88,2922.18,955.69,1202.67
2026-03-18,189074.01,2922.41,1245.71,1529.11
2026-03-19,190030.00,2922.80,1245.12,1727.10
2026-03-20,192025.06,2923.61,1218.29,2224.13
2026-03-21,193715.00,2924.29,1199.62,2051.64
2026-03-22,194355.00,2924.55,1197.15,1519.81
2026-03-23,194130.00,2924.46,1321.33,1207.90
2026-03-24,193788.12,2924.32,1479.69,1307.32
2026-03-25,193515.00,2924.21,1479.27,1341.58
2026-03-26,193065.00,2924.03,1350.13,1123.25
2026-03-27,192691.89,2923.88,1141.73,953.62
2026-03-28,192548.12,2923.82,990.75,918.27
2026-03-29,192572.18,2923.83,814.61,826.74
2026-03-30,192668.41,2923.87,681.07,729.59
2026-03-31,192890.00,2923.96,560.47,672.19
2026-04-01,193214.99,2924.09,530.00,693.85
2026-04-02,193389.75,2924.16,530.05,618.16
2026-04-03,193414.82,2924.17,530.00,542.64
2026-04-04,193464.94,2924.19,530.00,555.27
2026-04-05,193490.00,2924.20,530.00,542.64
2026-04-06,193565.00,2924.23,529.84,567.66
2026-04-07,193515.00,2924.21,582.98,557.78
2026-04-08,193439.88,2924.18,638.61,600.74
2026-04-09,193364.69,2924.15,638.04,600.14
2026-04-10,193414.82,2924.17,580.58,605.85
2026-04-11,193515.00,2924.21,530.00,580.51
2026-04-12,193690.00,2924.28,530.05,618.28
2026-04-13,193836.24,2924.34,529.95,603.68
2026-04-14,193955.95,2924.39,530.00,590.35
2026-04-15,194155.00,2924.47,529.84,630.20
2026-04-16,194230.00,2924.50,500.83,538.64
2026-04-17,194330.00,2924.54,446.04,496.46
2026-04-18,194330.00,2924.54,495.83,495.83
2026-04-19,194205.00,2924.49,540.00,476.98
2026-04-20,193860.29,2924.35,674.94,501.15
2026-04-21,193090.00,2924.04,943.81,555.45
2026-04-22,192572.18,2923.83,976.12,715.06
2026-04-23,192124.69,2923.65,858.62,633.02
2026-04-24,192275.00,2923.71,507.29,583.07
2026-04-25,192572.18,2923.83,400.00,549.83
2026-04-26,192890.00,2923.96,368.54,528.78
2026-04-27,193190.00,2924.08,346.26,497.50
2026-04-28,193464.94,2924.19,346.80,485.42
2026-04-29,193740.00,2924.30,346.15,484.82
2026-04-30,193836.24,2924.34,463.85,512.37
2026-05-01,193860.29,2924.35,550.50,562.63
2026-05-02,193955.95,2924.39,550.61,598.84
2026-05-03,194305.00,2924.53,550.50,726.48
2026-05-04,194855.00,2924.75,550.50,827.79
2026-05-05,194780.00,2924.72,926.38,888.56
2026-05-06,194105.00,2924.45,1358.66,1018.34
2026-05-07,193290.12,2924.12,1330.92,920.08
2026-05-08,193290.12,2924.12,789.92,789.92
2026-05-09,193836.24,2924.34,394.46,669.79
2026-05-10,194454.99,2924.59,352.34,664.30
2026-05-11,195030.12,2924.82,352.53,642.49
2026-05-12,195605.00,2925.05,353.11,642.94
2026-05-13,195704.99,2925.09,768.90,819.31
2026-05-14,194780.00,2924.72,1348.44,882.09
2026-05-15,193931.89,2924.38,1083.56,655.97
2026-05-16,194130.00,2924.46,522.71,622.59
2026-05-17,194454.99,2924.59,352.96,516.81
2026-05-18,194730.00,2924.70,337.61,476.26
2026-05-19,194830.00,2924.74,401.97,452.38
2026-05-20,194505.06,2924.61,622.80,458.98
2026-05-21,194105.00,2924.45,708.34,506.65
2026-05-22,194180.00,2924.48,473.80,511.61
2026-05-23,194579.63,2924.64,376.00,577.48
2026-05-24,193812.18,2924.33,905.44,518.51
2026-05-25,191435.43,2923.37,1878.27,679.99
2026-05-26,188925.31,2922.35,1875.64,610.11
2026-05-27,187171.59,2921.63,1385.84,501.68
2026-05-28,186860.00,2921.50,739.96,582.87
2026-05-29,187460.00,2921.75,410.64,713.14
2026-05-30,187804.94,2921.89,383.58,557.49
2026-05-31,188046.00,2921.99,340.24,461.77
2026-06-01,188022.00,2921.98,418.42,406.32
2026-06-02,187950.00,2921.95,495.05,458.75
2026-06-03,187998.00,2921.97,465.78,489.98
2026-06-04,188145.00,2922.03,381.71,455.82
2026-06-05,187219.71,2921.65,857.75,391.25
2026-06-06,185815.00,2921.07,1161.27,453.06
2026-06-07,185328.41,2920.87,602.58,357.26
2026-06-08,185328.41,2920.87,349.50,349.50
2026-06-09,185815.00,2921.07,337.18,582.50
2026-06-10,186105.94,2921.19,325.47,472.16
2026-06-11,186274.00,2921.26,325.22,409.95
2026-06-12,186418.12,2921.32,324.66,397.32
2026-06-13,186585.95,2921.39,324.88,409.49
2026-06-14,186860.00,2921.50,325.40,463.57
2026-06-15,187148.11,2921.62,332.22,477.48
2026-06-16,187508.00,2921.77,351.58,533.02
2026-06-17,187755.43,2921.87,372.50,497.25
2026-06-18,187878.00,2921.92,380.00,441.80
2026-06-19,187974.00,2921.96,379.79,428.19
2026-06-20,188070.00,2922.00,380.00,428.40
2026-06-21,188120.00,2922.02,380.04,405.25
2026-06-22,188120.00,2922.02,380.04,380.04
2026-06-23,188095.00,2922.01,380.00,367.40
2026-06-24,188095.00,2922.01,380.00,380.00
2026-06-25,188120.00,2922.02,380.00,392.60
2026-06-26,187950.00,2921.95,380.12,294.42
2026-06-27,187902.00,2921.93,380.04,355.84
2026-06-28,187779.88,2921.88,380.08,318.51
2026-06-29,187532.00,2921.78,380.46,255.48
2026-06-30,187388.00,2921.72,379.12,306.52
2026-07-01,187148.11,2921.62,380.83,259.89
2026-07-02,186980.00,2921.55,381.71,296.95
2026-07-03,186810.00,2921.48,380.04,294.34
2026-07-04,186710.00,2921.44,380.08,329.67
2026-07-05,186466.24,2921.34,380.00,257.10
2026-07-06,186274.00,2921.26,380.00,283.08
2026-07-07,186105.94,2921.19,390.21,305.48
2026-07-08,185914.05,2921.11,403.94,307.19
2026-07-09,185640.00,2921.00,409.19,271.02
2026-07-10,185424.01,2920.91,409.05,300.15
2026-07-11,185136.00,2920.79,409.00,263.80
2026-07-12,184895.94,,409.00,287.97
2026-07-13,184584.00,2920.56,417.63,260.35
2026-07-14,184200.01,2920.40,427.00,233.40
2026-07-15,183792.00,2920.23,427.00,221.30
2026-07-16,183599.71,2920.15,426.91,329.96
2026-07-17,183168.00,2919.97,437.13,219.47
2026-07-18,182760.00,2919.80,445.00,239.30
2026-07-19,182328.11,2919.62,445.00,227.26
2026-07-20,181920.00,2919.45,445.00,239.24
2026-07-21,181488.00,2919.27,445.00,227.20
2026-07-22,181158.60,2919.13,444.91,278.84
2026-07-23,180874.00,,445.16,301.67
2026-07-24,180490.29,2918.85,445.47,252.02
2026-07-25,180091.88,2918.68,444.81,243.95
2026-07-26,179637.00,2918.49,444.91,215.57
2026-07-27,179214.06,2918.31,445.00,231.77
2026-07-28,178719.99,2918.10,456.98,207.89
2026-07-29,178201.89,2917.88,465.68,204.46
2026-07-30,177635.65,2917.64,464.84,179.36
2026-07-31,177118.00,2917.42,465.10,204.13
2026-08-01,176530.83,2917.17,464.90,168.86
2026-08-02,176015.00,2916.95,465.10,205.04
2026-08-03,175406.95,2916.69,465.00,158.44
2026-08-04,174878.00,2916.46,465.00,198.32
2026-08-05,174339.00,2916.23,465.00,193.25
2026-08-06,173764.00,,464.90,175.00
2026-08-07,173225.00,2915.75,464.95,193.20
2026-08-08,172627.00,2915.49,465.00,163.51
2026-08-09,172029.00,2915.23,472.97,171.48
2026-08-10,171408.00,,479.95,166.86
2026-08-11,170786.95,2914.69,489.17,176.05
2026-08-12,170096.95,,509.53,161.66
2026-08-13,169462.05,,532.14,212.04
2026-08-14,168842.23,2913.84,540.00,227.51
2026-08-15,168254.00,2913.58,524.90,228.33
2026-08-16,167708.22,2913.34,474.17,199.00
2026-08-17,167159.99,2913.10,455.10,178.71
2026-08-18,166458.00,2912.79,549.12,195.20
2026-08-19,165382.05,2912.31,744.72,202.26
2026-08-20,164120.00,2911.75,833.62,197.34
2026-08-21,162801.78,2911.16,867.75,203.15
2026-08-22,161516.00,2910.58,867.94,219.69
2026-08-23,160142.00,2909.96,867.56,174.84
2026-08-24,158855.90,2909.38,867.94,219.53
2026-08-25,157458.00,2908.74,911.94,207.16
2026-08-26,155884.00,2908.02,990.44,196.88
2026-08-27,154122.00,2907.21,1074.06,185.72
2026-08-28,152370.01,2906.40,1079.19,195.89
2026-08-29,150659.99,2905.60,1054.50,192.37
2026-08-30,148971.05,2904.81,1035.50,183.99
2026-08-31,147355.00,2904.05,1015.19,200.43
2026-09-01,145791.05,2903.31,1010.62,222.13
2026-09-02,143775.26,2902.35,1176.15,159.85
2026-09-03,141560.00,2901.29,1300.33,183.47
2026-09-04,139447.00,2900.27,1269.58,204.28
2026-09-05,137597.36,2899.37,1217.56,285.04
2026-09-06,135780.00,2898.48,1151.35,235.10
2026-09-07,133950.00,2897.58,1095.94,173.31
2026-09-08,132200.00,2896.71,1095.75,213.46
2026-09-09,130410.10,2895.82,1115.25,212.84
2026-09-10,,,,
2026-09-11,,,,
